condition,depth,resistance,slope
WS23_L1_T1_P_0_trial_2_Tue_Mar__7_13_00_12_2023,0.0,0.2097610980272293,129.59581562360498
WS23_L1_T1_P_0_trial_2_Tue_Mar__7_13_00_12_2023,0.0,0.2097610980272293,129.59581562360498
WS23_L1_T1_P_0_trial_2_Tue_Mar__7_13_00_12_2023,0.0,0.2097610980272293,129.59581562360498
WS23_L1_T1_P_0_trial_2_Tue_Mar__7_13_00_12_2023,0.0,0.2097610980272293,129.59581562360498
WS23_L1_T1_P_0_trial_2_Tue_Mar__7_13_00_12_2023,0.0,0.2097610980272293,129.59581562360498
WS23_L1_T1_P_0_trial_2_Tue_Mar__7_13_00_12_2023,0.0,0.2097610980272293,129.59581562360498
WS23_L1_T1_P_0_trial_2_Tue_Mar__7_13_00_12_2023,0.0001585483551025113,0.1027705147862434,129.59581562360498
WS23_L1_T1_P_0_trial_2_Tue_Mar__7_13_00_12_2023,0.0001585483551025113,0.1027705147862434,129.59581562360498
WS23_L1_T1_P_0_trial_2_Tue_Mar__7_13_00_12_2023,0.0001585483551025113,0.1027705147862434,129.59581562360498
WS23_L1_T1_P_0_trial_2_Tue_Mar__7_13_00_12_2023,0.0001585483551025113,0.1027705147862434,129.59581562360498
WS23_L1_T1_P_0_trial_2_Tue_Mar__7_13_00_12_2023,0.0001585483551025113,0.1027705147862434,129.59581562360498
WS23_L1_T1_P_0_trial_2_Tue_Mar__7_13_00_12_2023,0.0001585483551025113,0.1027705147862434,129.59581562360498
WS23_L1_T1_P_0_trial_2_Tue_Mar__7_13_00_12_2023,0.00027805566787719727,0.1315730214118957,129.59581562360498
WS23_L1_T1_P_0_trial_2_Tue_Mar__7_13_00_12_2023,0.00027805566787719727,0.1315730214118957,129.59581562360498
WS23_L1_T1_P_0_trial_2_Tue_Mar__7_13_00_12_2023,0.00027805566787719727,0.1315730214118957,129.59581562360498
WS23_L1_T1_P_0_trial_2_Tue_Mar__7_13_00_12_2023,0.00027805566787719727,0.1315730214118957,129.59581562360498
WS23_L1_T1_P_0_trial_2_Tue_Mar__7_13_00_12_2023,0.00027805566787719727,0.1315730214118957,129.59581562360498
WS23_L1_T1_P_0_trial_2_Tue_Mar__7_13_00_12_2023,0.00027805566787719727,0.1315730214118957,129.59581562360498
WS23_L1_T1_P_0_trial_2_Tue_Mar__7_13_00_12_2023,0.0003816038370131891,0.0901563540101051,129.59581562360498
WS23_L1_T1_P_0_trial_2_Tue_Mar__7_13_00_12_2023,0.0003816038370131891,0.0901563540101051,129.59581562360498
WS23_L1_T1_P_0_trial_2_Tue_Mar__7_13_00_12_2023,0.0003816038370131891,0.0901563540101051,129.59581562360498
WS23_L1_T1_P_0_trial_2_Tue_Mar__7_13_00_12_2023,0.0003816038370131891,0.0901563540101051,129.59581562360498
WS23_L1_T1_P_0_trial_2_Tue_Mar__7_13_00_12_2023,0.0003816038370131891,0.0901563540101051,129.59581562360498
WS23_L1_T1_P_0_trial_2_Tue_Mar__7_13_00_12_2023,0.0003816038370131891,0.0901563540101051,129.59581562360498
WS23_L1_T1_P_0_trial_2_Tue_Mar__7_13_00_12_2023,0.0003816038370131891,0.0901563540101051,129.59581562360498
WS23_L1_T1_P_0_trial_2_Tue_Mar__7_13_00_12_2023,0.0005486309528349997,0.0264011453837156,129.59581562360498
WS23_L1_T1_P_0_trial_2_Tue_Mar__7_13_00_12_2023,0.0005486309528349997,0.0264011453837156,129.59581562360498
WS23_L1_T1_P_0_trial_2_Tue_Mar__7_13_00_12_2023,0.0005486309528349997,0.0264011453837156,129.59581562360498
WS23_L1_T1_P_0_trial_2_Tue_Mar__7_13_00_12_2023,0.0005486309528349997,0.0264011453837156,129.59581562360498
WS23_L1_T1_P_0_trial_2_Tue_Mar__7_13_00_12_2023,0.0005486309528349997,0.0264011453837156,129.59581562360498
WS23_L1_T1_P_0_trial_2_Tue_Mar__7_13_00_12_2023,0.0005486309528349997,0.0264011453837156,129.59581562360498
WS23_L1_T1_P_0_trial_2_Tue_Mar__7_13_00_12_2023,0.0005486309528349997,0.0264011453837156,129.59581562360498
WS23_L1_T1_P_0_trial_2_Tue_Mar__7_13_00_12_2023,0.000704467296600314,0.0073513458482921,129.59581562360498
WS23_L1_T1_P_0_trial_2_Tue_Mar__7_13_00_12_2023,0.000704467296600314,0.0073513458482921,129.59581562360498
WS23_L1_T1_P_0_trial_2_Tue_Mar__7_13_00_12_2023,0.000704467296600314,0.0073513458482921,129.59581562360498
WS23_L1_T1_P_0_trial_2_Tue_Mar__7_13_00_12_2023,0.000704467296600314,0.0073513458482921,129.59581562360498
WS23_L1_T1_P_0_trial_2_Tue_Mar__7_13_00_12_2023,0.000704467296600314,0.0073513458482921,129.59581562360498
WS23_L1_T1_P_0_trial_2_Tue_Mar__7_13_00_12_2023,0.000704467296600314,0.0073513458482921,129.59581562360498
WS23_L1_T1_P_0_trial_2_Tue_Mar__7_13_00_12_2023,0.000704467296600314,0.0073513458482921,129.59581562360498
WS23_L1_T1_P_0_trial_2_Tue_Mar__7_13_00_12_2023,0.000704467296600314,0.0073513458482921,129.59581562360498
WS23_L1_T1_P_0_trial_2_Tue_Mar__7_13_00_12_2023,0.0007705986499786099,0.041240569204092,129.59581562360498
WS23_L1_T1_P_0_trial_2_Tue_Mar__7_13_00_12_2023,0.0007705986499786099,0.041240569204092,129.59581562360498
WS23_L1_T1_P_0_trial_2_Tue_Mar__7_13_00_12_2023,0.0007705986499786099,0.041240569204092,129.59581562360498
WS23_L1_T1_P_0_trial_2_Tue_Mar__7_13_00_12_2023,0.0007705986499786099,0.041240569204092,129.59581562360498
WS23_L1_T1_P_0_trial_2_Tue_Mar__7_13_00_12_2023,0.0007705986499786099,0.041240569204092,129.59581562360498
WS23_L1_T1_P_0_trial_2_Tue_Mar__7_13_00_12_2023,0.0007705986499786099,0.041240569204092,129.59581562360498
WS23_L1_T1_P_0_trial_2_Tue_Mar__7_13_00_12_2023,0.0007705986499786099,0.041240569204092,129.59581562360498
WS23_L1_T1_P_0_trial_2_Tue_Mar__7_13_00_12_2023,0.00083324313163749,0.0972638800740242,129.59581562360498
WS23_L1_T1_P_0_trial_2_Tue_Mar__7_13_00_12_2023,0.00083324313163749,0.0972638800740242,129.59581562360498
WS23_L1_T1_P_0_trial_2_Tue_Mar__7_13_00_12_2023,0.00083324313163749,0.0972638800740242,129.59581562360498
WS23_L1_T1_P_0_trial_2_Tue_Mar__7_13_00_12_2023,0.00083324313163749,0.0972638800740242,129.59581562360498
WS23_L1_T1_P_0_trial_2_Tue_Mar__7_13_00_12_2023,0.00083324313163749,0.0972638800740242,129.59581562360498
WS23_L1_T1_P_0_trial_2_Tue_Mar__7_13_00_12_2023,0.000827327370643588,0.2181917577981948,129.59581562360498
WS23_L1_T1_P_0_trial_2_Tue_Mar__7_13_00_12_2023,0.000827327370643588,0.2181917577981948,129.59581562360498
WS23_L1_T1_P_0_trial_2_Tue_Mar__7_13_00_12_2023,0.000827327370643588,0.2181917577981948,129.59581562360498
WS23_L1_T1_P_0_trial_2_Tue_Mar__7_13_00_12_2023,0.000827327370643588,0.2181917577981948,129.59581562360498
WS23_L1_T1_P_0_trial_2_Tue_Mar__7_13_00_12_2023,0.000827327370643588,0.2181917577981948,129.59581562360498
WS23_L1_T1_P_0_trial_2_Tue_Mar__7_13_00_12_2023,0.000827327370643588,0.2181917577981948,129.59581562360498
WS23_L1_T1_P_0_trial_2_Tue_Mar__7_13_00_12_2023,0.0008880198001861017,0.2386942058801651,129.59581562360498
WS23_L1_T1_P_0_trial_2_Tue_Mar__7_13_00_12_2023,0.0008880198001861017,0.2386942058801651,129.59581562360498
WS23_L1_T1_P_0_trial_2_Tue_Mar__7_13_00_12_2023,0.0008880198001861017,0.2386942058801651,129.59581562360498
WS23_L1_T1_P_0_trial_2_Tue_Mar__7_13_00_12_2023,0.0008880198001861017,0.2386942058801651,129.59581562360498
WS23_L1_T1_P_0_trial_2_Tue_Mar__7_13_00_12_2023,0.0008880198001861017,0.2386942058801651,129.59581562360498
WS23_L1_T1_P_0_trial_2_Tue_Mar__7_13_00_12_2023,0.0008880198001861017,0.2386942058801651,129.59581562360498
WS23_L1_T1_P_0_trial_2_Tue_Mar__7_13_00_12_2023,0.0008880198001861017,0.2386942058801651,129.59581562360498
WS23_L1_T1_P_0_trial_2_Tue_Mar__7_13_00_12_2023,0.0009119957685470026,0.3318214416503906,129.59581562360498
WS23_L1_T1_P_0_trial_2_Tue_Mar__7_13_00_12_2023,0.0009119957685470026,0.3318214416503906,129.59581562360498
WS23_L1_T1_P_0_trial_2_Tue_Mar__7_13_00_12_2023,0.0009119957685470026,0.3318214416503906,129.59581562360498
WS23_L1_T1_P_0_trial_2_Tue_Mar__7_13_00_12_2023,0.0009119957685470026,0.3318214416503906,129.59581562360498
WS23_L1_T1_P_0_trial_2_Tue_Mar__7_13_00_12_2023,0.0009119957685470026,0.3318214416503906,129.59581562360498
WS23_L1_T1_P_0_trial_2_Tue_Mar__7_13_00_12_2023,0.0009119957685470026,0.3318214416503906,129.59581562360498
WS23_L1_T1_P_0_trial_2_Tue_Mar__7_13_00_12_2023,0.0009554028511047086,0.3681266605854034,129.59581562360498
WS23_L1_T1_P_0_trial_2_Tue_Mar__7_13_00_12_2023,0.0009554028511047086,0.3681266605854034,129.59581562360498
WS23_L1_T1_P_0_trial_2_Tue_Mar__7_13_00_12_2023,0.0009554028511047086,0.3681266605854034,129.59581562360498
WS23_L1_T1_P_0_trial_2_Tue_Mar__7_13_00_12_2023,0.0009554028511047086,0.3681266605854034,129.59581562360498
WS23_L1_T1_P_0_trial_2_Tue_Mar__7_13_00_12_2023,0.0009554028511047086,0.3681266605854034,129.59581562360498
WS23_L1_T1_P_0_trial_2_Tue_Mar__7_13_00_12_2023,0.0009554028511047086,0.3681266605854034,129.59581562360498
WS23_L1_T1_P_0_trial_2_Tue_Mar__7_13_00_12_2023,0.0010217875242232999,0.3821706771850586,129.59581562360498
WS23_L1_T1_P_0_trial_2_Tue_Mar__7_13_00_12_2023,0.0010217875242232999,0.3821706771850586,129.59581562360498
WS23_L1_T1_P_0_trial_2_Tue_Mar__7_13_00_12_2023,0.0010217875242232999,0.3821706771850586,129.59581562360498
WS23_L1_T1_P_0_trial_2_Tue_Mar__7_13_00_12_2023,0.0010217875242232999,0.3821706771850586,129.59581562360498
WS23_L1_T1_P_0_trial_2_Tue_Mar__7_13_00_12_2023,0.0010217875242232999,0.3821706771850586,129.59581562360498
WS23_L1_T1_P_0_trial_2_Tue_Mar__7_13_00_12_2023,0.0010217875242232999,0.3821706771850586,129.59581562360498
WS23_L1_T1_P_0_trial_2_Tue_Mar__7_13_00_12_2023,0.0010217875242232999,0.3821706771850586,129.59581562360498
WS23_L1_T1_P_0_trial_2_Tue_Mar__7_13_00_12_2023,0.0010734200477600098,0.447371631860733,129.59581562360498
WS23_L1_T1_P_0_trial_2_Tue_Mar__7_13_00_12_2023,0.0010734200477600098,0.447371631860733,129.59581562360498
WS23_L1_T1_P_0_trial_2_Tue_Mar__7_13_00_12_2023,0.0010734200477600098,0.447371631860733,129.59581562360498
WS23_L1_T1_P_0_trial_2_Tue_Mar__7_13_00_12_2023,0.0010734200477600098,0.447371631860733,129.59581562360498
WS23_L1_T1_P_0_trial_2_Tue_Mar__7_13_00_12_2023,0.0010734200477600098,0.447371631860733,129.59581562360498
WS23_L1_T1_P_0_trial_2_Tue_Mar__7_13_00_12_2023,0.001081421971321106,0.4590265452861786,129.59581562360498
WS23_L1_T1_P_0_trial_2_Tue_Mar__7_13_00_12_2023,0.001081421971321106,0.4590265452861786,129.59581562360498
WS23_L1_T1_P_0_trial_2_Tue_Mar__7_13_00_12_2023,0.001081421971321106,0.4590265452861786,129.59581562360498
WS23_L1_T1_P_0_trial_2_Tue_Mar__7_13_00_12_2023,0.001081421971321106,0.4590265452861786,129.59581562360498
WS23_L1_T1_P_0_trial_2_Tue_Mar__7_13_00_12_2023,0.001081421971321106,0.4590265452861786,129.59581562360498
WS23_L1_T1_P_0_trial_2_Tue_Mar__7_13_00_12_2023,0.001081421971321106,0.4590265452861786,129.59581562360498
WS23_L1_T1_P_0_trial_2_Tue_Mar__7_13_00_12_2023,0.0011235326528548917,0.6125831604003906,129.59581562360498
WS23_L1_T1_P_0_trial_2_Tue_Mar__7_13_00_12_2023,0.0011235326528548917,0.6125831604003906,129.59581562360498
WS23_L1_T1_P_0_trial_2_Tue_Mar__7_13_00_12_2023,0.0011235326528548917,0.6125831604003906,129.59581562360498
WS23_L1_T1_P_0_trial_2_Tue_Mar__7_13_00_12_2023,0.0011235326528548917,0.6125831604003906,129.59581562360498
WS23_L1_T1_P_0_trial_2_Tue_Mar__7_13_00_12_2023,0.0011235326528548917,0.6125831604003906,129.59581562360498
WS23_L1_T1_P_0_trial_2_Tue_Mar__7_13_00_12_2023,0.0011235326528548917,0.6125831604003906,129.59581562360498
WS23_L1_T1_P_0_trial_2_Tue_Mar__7_13_00_12_2023,0.0011235326528548917,0.6125831604003906,129.59581562360498
WS23_L1_T1_P_0_trial_2_Tue_Mar__7_13_00_12_2023,0.0012076199054718018,0.599086582660675,129.59581562360498
WS23_L1_T1_P_0_trial_2_Tue_Mar__7_13_00_12_2023,0.0012076199054718018,0.599086582660675,129.59581562360498
WS23_L1_T1_P_0_trial_2_Tue_Mar__7_13_00_12_2023,0.0012076199054718018,0.599086582660675,129.59581562360498
WS23_L1_T1_P_0_trial_2_Tue_Mar__7_13_00_12_2023,0.0012076199054718018,0.599086582660675,129.59581562360498
WS23_L1_T1_P_0_trial_2_Tue_Mar__7_13_00_12_2023,0.0012076199054718018,0.599086582660675,129.59581562360498
WS23_L1_T1_P_0_trial_2_Tue_Mar__7_13_00_12_2023,0.0012076199054718018,0.599086582660675,129.59581562360498
WS23_L1_T1_P_0_trial_2_Tue_Mar__7_13_00_12_2023,0.0012076199054718018,0.599086582660675,129.59581562360498
WS23_L1_T1_P_0_trial_2_Tue_Mar__7_13_00_12_2023,0.001287803053855896,0.5121497511863708,129.59581562360498
WS23_L1_T1_P_0_trial_2_Tue_Mar__7_13_00_12_2023,0.001287803053855896,0.5121497511863708,129.59581562360498
WS23_L1_T1_P_0_trial_2_Tue_Mar__7_13_00_12_2023,0.001287803053855896,0.5121497511863708,129.59581562360498
WS23_L1_T1_P_0_trial_2_Tue_Mar__7_13_00_12_2023,0.001287803053855896,0.5121497511863708,129.59581562360498
WS23_L1_T1_P_0_trial_2_Tue_Mar__7_13_00_12_2023,0.001287803053855896,0.5121497511863708,129.59581562360498
WS23_L1_T1_P_0_trial_2_Tue_Mar__7_13_00_12_2023,0.001287803053855896,0.5121497511863708,129.59581562360498
WS23_L1_T1_P_0_trial_2_Tue_Mar__7_13_00_12_2023,0.0013395249843597135,0.6884859204292297,129.59581562360498
WS23_L1_T1_P_0_trial_2_Tue_Mar__7_13_00_12_2023,0.0013395249843597135,0.6884859204292297,129.59581562360498
WS23_L1_T1_P_0_trial_2_Tue_Mar__7_13_00_12_2023,0.0013395249843597135,0.6884859204292297,129.59581562360498
WS23_L1_T1_P_0_trial_2_Tue_Mar__7_13_00_12_2023,0.0013395249843597135,0.6884859204292297,129.59581562360498
WS23_L1_T1_P_0_trial_2_Tue_Mar__7_13_00_12_2023,0.0013395249843597135,0.6884859204292297,129.59581562360498
WS23_L1_T1_P_0_trial_2_Tue_Mar__7_13_00_12_2023,0.0013395249843597135,0.6884859204292297,129.59581562360498
WS23_L1_T1_P_0_trial_2_Tue_Mar__7_13_00_12_2023,0.0013395249843597135,0.6884859204292297,129.59581562360498
WS23_L1_T1_P_0_trial_2_Tue_Mar__7_13_00_12_2023,0.0014248490333557129,0.6711723208427429,129.59581562360498
WS23_L1_T1_P_0_trial_2_Tue_Mar__7_13_00_12_2023,0.0014248490333557129,0.6711723208427429,129.59581562360498
WS23_L1_T1_P_0_trial_2_Tue_Mar__7_13_00_12_2023,0.0014248490333557129,0.6711723208427429,129.59581562360498
WS23_L1_T1_P_0_trial_2_Tue_Mar__7_13_00_12_2023,0.0014248490333557129,0.6711723208427429,129.59581562360498
WS23_L1_T1_P_0_trial_2_Tue_Mar__7_13_00_12_2023,0.0014248490333557129,0.6711723208427429,129.59581562360498
WS23_L1_T1_P_0_trial_2_Tue_Mar__7_13_00_12_2023,0.0014248490333557129,0.6711723208427429,129.59581562360498
WS23_L1_T1_P_0_trial_2_Tue_Mar__7_13_00_12_2023,0.0014819055795669,0.6367297768592834,129.59581562360498
WS23_L1_T1_P_0_trial_2_Tue_Mar__7_13_00_12_2023,0.0014819055795669,0.6367297768592834,129.59581562360498
WS23_L1_T1_P_0_trial_2_Tue_Mar__7_13_00_12_2023,0.0014819055795669,0.6367297768592834,129.59581562360498
WS23_L1_T1_P_0_trial_2_Tue_Mar__7_13_00_12_2023,0.0014819055795669,0.6367297768592834,129.59581562360498
WS23_L1_T1_P_0_trial_2_Tue_Mar__7_13_00_12_2023,0.0014819055795669,0.6367297768592834,129.59581562360498
WS23_L1_T1_P_0_trial_2_Tue_Mar__7_13_00_12_2023,0.001559376716613714,0.7832031846046448,129.59581562360498
WS23_L1_T1_P_0_trial_2_Tue_Mar__7_13_00_12_2023,0.001559376716613714,0.7832031846046448,129.59581562360498
WS23_L1_T1_P_0_trial_2_Tue_Mar__7_13_00_12_2023,0.001559376716613714,0.7832031846046448,129.59581562360498
WS23_L1_T1_P_0_trial_2_Tue_Mar__7_13_00_12_2023,0.001559376716613714,0.7832031846046448,129.59581562360498
WS23_L1_T1_P_0_trial_2_Tue_Mar__7_13_00_12_2023,0.0016555190086363913,0.7275320291519165,129.59581562360498
WS23_L1_T1_P_0_trial_2_Tue_Mar__7_13_00_12_2023,0.0016555190086363913,0.7275320291519165,129.59581562360498
WS23_L1_T1_P_0_trial_2_Tue_Mar__7_13_00_12_2023,0.0016555190086363913,0.7275320291519165,129.59581562360498
WS23_L1_T1_P_0_trial_2_Tue_Mar__7_13_00_12_2023,0.0016555190086363913,0.7275320291519165,129.59581562360498
WS23_L1_T1_P_0_trial_2_Tue_Mar__7_13_00_12_2023,0.0016555190086363913,0.7275320291519165,129.59581562360498
WS23_L1_T1_P_0_trial_2_Tue_Mar__7_13_00_12_2023,0.0016555190086363913,0.7275320291519165,129.59581562360498
WS23_L1_T1_P_0_trial_2_Tue_Mar__7_13_00_12_2023,0.0017966479063034058,0.5831877589225769,129.59581562360498
WS23_L1_T1_P_0_trial_2_Tue_Mar__7_13_00_12_2023,0.0017966479063034058,0.5831877589225769,129.59581562360498
WS23_L1_T1_P_0_trial_2_Tue_Mar__7_13_00_12_2023,0.0017966479063034058,0.5831877589225769,129.59581562360498
WS23_L1_T1_P_0_trial_2_Tue_Mar__7_13_00_12_2023,0.0017966479063034058,0.5831877589225769,129.59581562360498
WS23_L1_T1_P_0_trial_2_Tue_Mar__7_13_00_12_2023,0.0017966479063034058,0.5831877589225769,129.59581562360498
WS23_L1_T1_P_0_trial_2_Tue_Mar__7_13_00_12_2023,0.001920714974403298,0.693221390247345,129.59581562360498
WS23_L1_T1_P_0_trial_2_Tue_Mar__7_13_00_12_2023,0.001920714974403298,0.693221390247345,129.59581562360498
WS23_L1_T1_P_0_trial_2_Tue_Mar__7_13_00_12_2023,0.001920714974403298,0.693221390247345,129.59581562360498
WS23_L1_T1_P_0_trial_2_Tue_Mar__7_13_00_12_2023,0.001920714974403298,0.693221390247345,129.59581562360498
WS23_L1_T1_P_0_trial_2_Tue_Mar__7_13_00_12_2023,0.001920714974403298,0.693221390247345,129.59581562360498
WS23_L1_T1_P_0_trial_2_Tue_Mar__7_13_00_12_2023,0.0021384358406066895,0.4091666638851166,129.59581562360498
WS23_L1_T1_P_0_trial_2_Tue_Mar__7_13_00_12_2023,0.0021384358406066895,0.4091666638851166,129.59581562360498
WS23_L1_T1_P_0_trial_2_Tue_Mar__7_13_00_12_2023,0.0021384358406066895,0.4091666638851166,129.59581562360498
WS23_L1_T1_P_0_trial_2_Tue_Mar__7_13_00_12_2023,0.0021384358406066895,0.4091666638851166,129.59581562360498
WS23_L1_T1_P_0_trial_2_Tue_Mar__7_13_00_12_2023,0.0021384358406066895,0.4091666638851166,129.59581562360498
WS23_L1_T1_P_0_trial_2_Tue_Mar__7_13_00_12_2023,0.0021384358406066895,0.4091666638851166,129.59581562360498
WS23_L1_T1_P_0_trial_2_Tue_Mar__7_13_00_12_2023,0.002292305231094305,0.3731096386909485,129.59581562360498
WS23_L1_T1_P_0_trial_2_Tue_Mar__7_13_00_12_2023,0.002292305231094305,0.3731096386909485,129.59581562360498
WS23_L1_T1_P_0_trial_2_Tue_Mar__7_13_00_12_2023,0.002292305231094305,0.3731096386909485,129.59581562360498
WS23_L1_T1_P_0_trial_2_Tue_Mar__7_13_00_12_2023,0.002292305231094305,0.3731096386909485,129.59581562360498
WS23_L1_T1_P_0_trial_2_Tue_Mar__7_13_00_12_2023,0.002292305231094305,0.3731096386909485,129.59581562360498
WS23_L1_T1_P_0_trial_2_Tue_Mar__7_13_00_12_2023,0.002292305231094305,0.3731096386909485,129.59581562360498
WS23_L1_T1_P_0_trial_2_Tue_Mar__7_13_00_12_2023,0.002292305231094305,0.3731096386909485,129.59581562360498
WS23_L1_T1_P_0_trial_2_Tue_Mar__7_13_00_12_2023,0.0025240033864974976,0.2468193173408508,129.59581562360498
WS23_L1_T1_P_0_trial_2_Tue_Mar__7_13_00_12_2023,0.0025240033864974976,0.2468193173408508,129.59581562360498
WS23_L1_T1_P_0_trial_2_Tue_Mar__7_13_00_12_2023,0.0025240033864974976,0.2468193173408508,129.59581562360498
WS23_L1_T1_P_0_trial_2_Tue_Mar__7_13_00_12_2023,0.0025240033864974976,0.2468193173408508,129.59581562360498
WS23_L1_T1_P_0_trial_2_Tue_Mar__7_13_00_12_2023,0.0025240033864974976,0.2468193173408508,129.59581562360498
WS23_L1_T1_P_0_trial_2_Tue_Mar__7_13_00_12_2023,0.0025240033864974976,0.2468193173408508,129.59581562360498
WS23_L1_T1_P_0_trial_2_Tue_Mar__7_13_00_12_2023,0.0028459578752517145,0.0752719789743423,129.59581562360498
WS23_L1_T1_P_0_trial_2_Tue_Mar__7_13_00_12_2023,0.0028459578752517145,0.0752719789743423,129.59581562360498
WS23_L1_T1_P_0_trial_2_Tue_Mar__7_13_00_12_2023,0.0028459578752517145,0.0752719789743423,129.59581562360498
WS23_L1_T1_P_0_trial_2_Tue_Mar__7_13_00_12_2023,0.0028459578752517145,0.0752719789743423,129.59581562360498
WS23_L1_T1_P_0_trial_2_Tue_Mar__7_13_00_12_2023,0.0028459578752517145,0.0752719789743423,129.59581562360498
WS23_L1_T1_P_0_trial_2_Tue_Mar__7_13_00_12_2023,0.0028459578752517145,0.0752719789743423,129.59581562360498
WS23_L1_T1_P_0_trial_2_Tue_Mar__7_13_00_12_2023,0.0031055063009262085,-0.062815211713314,129.59581562360498
WS23_L1_T1_P_0_trial_2_Tue_Mar__7_13_00_12_2023,0.0031055063009262085,-0.062815211713314,129.59581562360498
WS23_L1_T1_P_0_trial_2_Tue_Mar__7_13_00_12_2023,0.0031055063009262085,-0.062815211713314,129.59581562360498
WS23_L1_T1_P_0_trial_2_Tue_Mar__7_13_00_12_2023,0.0031055063009262085,-0.062815211713314,129.59581562360498
WS23_L1_T1_P_0_trial_2_Tue_Mar__7_13_00_12_2023,0.0031055063009262085,-0.062815211713314,129.59581562360498
WS23_L1_T1_P_0_trial_2_Tue_Mar__7_13_00_12_2023,0.0031055063009262085,-0.062815211713314,129.59581562360498
WS23_L1_T1_P_0_trial_2_Tue_Mar__7_13_00_12_2023,0.0031055063009262085,-0.062815211713314,129.59581562360498
WS23_L1_T1_P_0_trial_2_Tue_Mar__7_13_00_12_2023,0.0033124983310698908,-0.1152214333415031,129.59581562360498
WS23_L1_T1_P_0_trial_2_Tue_Mar__7_13_00_12_2023,0.0033124983310698908,-0.1152214333415031,129.59581562360498
WS23_L1_T1_P_0_trial_2_Tue_Mar__7_13_00_12_2023,0.0033124983310698908,-0.1152214333415031,129.59581562360498
WS23_L1_T1_P_0_trial_2_Tue_Mar__7_13_00_12_2023,0.0033124983310698908,-0.1152214333415031,129.59581562360498
WS23_L1_T1_P_0_trial_2_Tue_Mar__7_13_00_12_2023,0.0033124983310698908,-0.1152214333415031,129.59581562360498
WS23_L1_T1_P_0_trial_2_Tue_Mar__7_13_00_12_2023,0.0033124983310698908,-0.1152214333415031,129.59581562360498
WS23_L1_T1_P_0_trial_2_Tue_Mar__7_13_00_12_2023,0.0033124983310698908,-0.1152214333415031,129.59581562360498
WS23_L1_T1_P_0_trial_2_Tue_Mar__7_13_00_12_2023,0.0033736079931258878,-0.0226957350969314,129.59581562360498
WS23_L1_T1_P_0_trial_2_Tue_Mar__7_13_00_12_2023,0.0033736079931258878,-0.0226957350969314,129.59581562360498
WS23_L1_T1_P_0_trial_2_Tue_Mar__7_13_00_12_2023,0.0033736079931258878,-0.0226957350969314,129.59581562360498
WS23_L1_T1_P_0_trial_2_Tue_Mar__7_13_00_12_2023,0.0033736079931258878,-0.0226957350969314,129.59581562360498
WS23_L1_T1_P_0_trial_2_Tue_Mar__7_13_00_12_2023,0.0033736079931258878,-0.0226957350969314,129.59581562360498
WS23_L1_T1_P_0_trial_2_Tue_Mar__7_13_00_12_2023,0.0033736079931258878,-0.0226957350969314,129.59581562360498
WS23_L1_T1_P_0_trial_2_Tue_Mar__7_13_00_12_2023,0.0034191161394118985,0.0122120315209031,129.59581562360498
WS23_L1_T1_P_0_trial_2_Tue_Mar__7_13_00_12_2023,0.0034191161394118985,0.0122120315209031,129.59581562360498
WS23_L1_T1_P_0_trial_2_Tue_Mar__7_13_00_12_2023,0.0034191161394118985,0.0122120315209031,129.59581562360498
WS23_L1_T1_P_0_trial_2_Tue_Mar__7_13_00_12_2023,0.0034191161394118985,0.0122120315209031,129.59581562360498
WS23_L1_T1_P_0_trial_2_Tue_Mar__7_13_00_12_2023,0.0034191161394118985,0.0122120315209031,129.59581562360498
WS23_L1_T1_P_0_trial_2_Tue_Mar__7_13_00_12_2023,0.0034191161394118985,0.0122120315209031,129.59581562360498
WS23_L1_T1_P_0_trial_2_Tue_Mar__7_13_00_12_2023,0.0034191161394118985,0.0122120315209031,129.59581562360498
WS23_L1_T1_P_0_trial_2_Tue_Mar__7_13_00_12_2023,0.0034191161394118985,0.0122120315209031,129.59581562360498
WS23_L1_T1_P_0_trial_2_Tue_Mar__7_13_00_12_2023,0.0034519881010054987,0.0765127167105674,129.59581562360498
WS23_L1_T1_P_0_trial_2_Tue_Mar__7_13_00_12_2023,0.0034519881010054987,0.0765127167105674,129.59581562360498
WS23_L1_T1_P_0_trial_2_Tue_Mar__7_13_00_12_2023,0.0034519881010054987,0.0765127167105674,129.59581562360498
WS23_L1_T1_P_0_trial_2_Tue_Mar__7_13_00_12_2023,0.0034519881010054987,0.0765127167105674,129.59581562360498
WS23_L1_T1_P_0_trial_2_Tue_Mar__7_13_00_12_2023,0.0034519881010054987,0.0765127167105674,129.59581562360498
WS23_L1_T1_P_0_trial_2_Tue_Mar__7_13_00_12_2023,0.0034519881010054987,0.0765127167105674,129.59581562360498
WS23_L1_T1_P_0_trial_2_Tue_Mar__7_13_00_12_2023,0.0034586936235427024,0.1852740049362182,129.59581562360498
WS23_L1_T1_P_0_trial_2_Tue_Mar__7_13_00_12_2023,0.0034586936235427024,0.1852740049362182,129.59581562360498
WS23_L1_T1_P_0_trial_2_Tue_Mar__7_13_00_12_2023,0.0034586936235427024,0.1852740049362182,129.59581562360498
WS23_L1_T1_P_0_trial_2_Tue_Mar__7_13_00_12_2023,0.0034586936235427024,0.1852740049362182,129.59581562360498
WS23_L1_T1_P_0_trial_2_Tue_Mar__7_13_00_12_2023,0.0034586936235427024,0.1852740049362182,129.59581562360498
WS23_L1_T1_P_0_trial_2_Tue_Mar__7_13_00_12_2023,0.0034586936235427024,0.1852740049362182,129.59581562360498
WS23_L1_T1_P_0_trial_2_Tue_Mar__7_13_00_12_2023,0.0034586936235427024,0.1852740049362182,129.59581562360498
WS23_L1_T1_P_0_trial_2_Tue_Mar__7_13_00_12_2023,0.003470569849014199,0.2820952832698822,129.59581562360498
WS23_L1_T1_P_0_trial_2_Tue_Mar__7_13_00_12_2023,0.003470569849014199,0.2820952832698822,129.59581562360498
WS23_L1_T1_P_0_trial_2_Tue_Mar__7_13_00_12_2023,0.003470569849014199,0.2820952832698822,129.59581562360498
WS23_L1_T1_P_0_trial_2_Tue_Mar__7_13_00_12_2023,0.003470569849014199,0.2820952832698822,129.59581562360498
WS23_L1_T1_P_0_trial_2_Tue_Mar__7_13_00_12_2023,0.003470569849014199,0.2820952832698822,129.59581562360498
WS23_L1_T1_P_0_trial_2_Tue_Mar__7_13_00_12_2023,0.003470569849014199,0.2820952832698822,129.59581562360498
WS23_L1_T1_P_0_trial_2_Tue_Mar__7_13_00_12_2023,0.003470569849014199,0.2820952832698822,129.59581562360498
WS23_L1_T1_P_0_trial_2_Tue_Mar__7_13_00_12_2023,0.003470569849014199,0.2820952832698822,129.59581562360498
WS23_L1_T1_P_0_trial_2_Tue_Mar__7_13_00_12_2023,0.0035384595394133966,0.2827988564968109,129.59581562360498
WS23_L1_T1_P_0_trial_2_Tue_Mar__7_13_00_12_2023,0.0035384595394133966,0.2827988564968109,129.59581562360498
WS23_L1_T1_P_0_trial_2_Tue_Mar__7_13_00_12_2023,0.0035384595394133966,0.2827988564968109,129.59581562360498
WS23_L1_T1_P_0_trial_2_Tue_Mar__7_13_00_12_2023,0.0035384595394133966,0.2827988564968109,129.59581562360498
WS23_L1_T1_P_0_trial_2_Tue_Mar__7_13_00_12_2023,0.0035384595394133966,0.2827988564968109,129.59581562360498
WS23_L1_T1_P_0_trial_2_Tue_Mar__7_13_00_12_2023,0.0035384595394133966,0.2827988564968109,129.59581562360498
WS23_L1_T1_P_0_trial_2_Tue_Mar__7_13_00_12_2023,0.0035384595394133966,0.2827988564968109,129.59581562360498
WS23_L1_T1_P_0_trial_2_Tue_Mar__7_13_00_12_2023,0.003620088100433294,0.2838128805160522,129.59581562360498
WS23_L1_T1_P_0_trial_2_Tue_Mar__7_13_00_12_2023,0.003620088100433294,0.2838128805160522,129.59581562360498
WS23_L1_T1_P_0_trial_2_Tue_Mar__7_13_00_12_2023,0.003620088100433294,0.2838128805160522,129.59581562360498
WS23_L1_T1_P_0_trial_2_Tue_Mar__7_13_00_12_2023,0.003620088100433294,0.2838128805160522,129.59581562360498
WS23_L1_T1_P_0_trial_2_Tue_Mar__7_13_00_12_2023,0.003620088100433294,0.2838128805160522,129.59581562360498
WS23_L1_T1_P_0_trial_2_Tue_Mar__7_13_00_12_2023,0.003620088100433294,0.2838128805160522,129.59581562360498
WS23_L1_T1_P_0_trial_2_Tue_Mar__7_13_00_12_2023,0.003620088100433294,0.2838128805160522,129.59581562360498
WS23_L1_T1_P_0_trial_2_Tue_Mar__7_13_00_12_2023,0.0036658942699432095,0.3539108335971832,129.59581562360498
WS23_L1_T1_P_0_trial_2_Tue_Mar__7_13_00_12_2023,0.0036658942699432095,0.3539108335971832,129.59581562360498
WS23_L1_T1_P_0_trial_2_Tue_Mar__7_13_00_12_2023,0.0036658942699432095,0.3539108335971832,129.59581562360498
WS23_L1_T1_P_0_trial_2_Tue_Mar__7_13_00_12_2023,0.0036658942699432095,0.3539108335971832,129.59581562360498
WS23_L1_T1_P_0_trial_2_Tue_Mar__7_13_00_12_2023,0.0036658942699432095,0.3539108335971832,129.59581562360498
WS23_L1_T1_P_0_trial_2_Tue_Mar__7_13_00_12_2023,0.0036658942699432095,0.3539108335971832,129.59581562360498
WS23_L1_T1_P_0_trial_2_Tue_Mar__7_13_00_12_2023,0.0037391930818556907,0.3787360787391662,129.59581562360498
WS23_L1_T1_P_0_trial_2_Tue_Mar__7_13_00_12_2023,0.0037391930818556907,0.3787360787391662,129.59581562360498
WS23_L1_T1_P_0_trial_2_Tue_Mar__7_13_00_12_2023,0.0037391930818556907,0.3787360787391662,129.59581562360498
WS23_L1_T1_P_0_trial_2_Tue_Mar__7_13_00_12_2023,0.0037391930818556907,0.3787360787391662,129.59581562360498
WS23_L1_T1_P_0_trial_2_Tue_Mar__7_13_00_12_2023,0.0037391930818556907,0.3787360787391662,129.59581562360498
WS23_L1_T1_P_0_trial_2_Tue_Mar__7_13_00_12_2023,0.0037391930818556907,0.3787360787391662,129.59581562360498
WS23_L1_T1_P_0_trial_2_Tue_Mar__7_13_00_12_2023,0.0037391930818556907,0.3787360787391662,129.59581562360498
WS23_L1_T1_P_0_trial_2_Tue_Mar__7_13_00_12_2023,0.0037391930818556907,0.3787360787391662,129.59581562360498
WS23_L1_T1_P_0_trial_2_Tue_Mar__7_13_00_12_2023,0.0037563443183898926,0.4775274097919464,129.59581562360498
WS23_L1_T1_P_0_trial_2_Tue_Mar__7_13_00_12_2023,0.0037563443183898926,0.4775274097919464,129.59581562360498
WS23_L1_T1_P_0_trial_2_Tue_Mar__7_13_00_12_2023,0.0037563443183898926,0.4775274097919464,129.59581562360498
WS23_L1_T1_P_0_trial_2_Tue_Mar__7_13_00_12_2023,0.0037563443183898926,0.4775274097919464,129.59581562360498
WS23_L1_T1_P_0_trial_2_Tue_Mar__7_13_00_12_2023,0.0037563443183898926,0.4775274097919464,129.59581562360498
WS23_L1_T1_P_0_trial_2_Tue_Mar__7_13_00_12_2023,0.0037563443183898926,0.4775274097919464,129.59581562360498
WS23_L1_T1_P_0_trial_2_Tue_Mar__7_13_00_12_2023,0.0037748068571090143,0.538075864315033,129.59581562360498
WS23_L1_T1_P_0_trial_2_Tue_Mar__7_13_00_12_2023,0.0037748068571090143,0.538075864315033,129.59581562360498
WS23_L1_T1_P_0_trial_2_Tue_Mar__7_13_00_12_2023,0.0037748068571090143,0.538075864315033,129.59581562360498
WS23_L1_T1_P_0_trial_2_Tue_Mar__7_13_00_12_2023,0.0037748068571090143,0.538075864315033,129.59581562360498
WS23_L1_T1_P_0_trial_2_Tue_Mar__7_13_00_12_2023,0.0037748068571090143,0.538075864315033,129.59581562360498
WS23_L1_T1_P_0_trial_2_Tue_Mar__7_13_00_12_2023,0.0037748068571090143,0.538075864315033,129.59581562360498
WS23_L1_T1_P_0_trial_2_Tue_Mar__7_13_00_12_2023,0.0038508623838424128,0.4643591046333313,129.59581562360498
WS23_L1_T1_P_0_trial_2_Tue_Mar__7_13_00_12_2023,0.0038508623838424128,0.4643591046333313,129.59581562360498
WS23_L1_T1_P_0_trial_2_Tue_Mar__7_13_00_12_2023,0.0038508623838424128,0.4643591046333313,129.59581562360498
WS23_L1_T1_P_0_trial_2_Tue_Mar__7_13_00_12_2023,0.0038508623838424128,0.4643591046333313,129.59581562360498
WS23_L1_T1_P_0_trial_2_Tue_Mar__7_13_00_12_2023,0.0038508623838424128,0.4643591046333313,129.59581562360498
WS23_L1_T1_P_0_trial_2_Tue_Mar__7_13_00_12_2023,0.0038508623838424128,0.4643591046333313,129.59581562360498
WS23_L1_T1_P_0_trial_2_Tue_Mar__7_13_00_12_2023,0.003925994038581793,0.5753052234649658,129.59581562360498
WS23_L1_T1_P_0_trial_2_Tue_Mar__7_13_00_12_2023,0.003925994038581793,0.5753052234649658,129.59581562360498
WS23_L1_T1_P_0_trial_2_Tue_Mar__7_13_00_12_2023,0.003925994038581793,0.5753052234649658,129.59581562360498
WS23_L1_T1_P_0_trial_2_Tue_Mar__7_13_00_12_2023,0.003925994038581793,0.5753052234649658,129.59581562360498
WS23_L1_T1_P_0_trial_2_Tue_Mar__7_13_00_12_2023,0.003925994038581793,0.5753052234649658,129.59581562360498
WS23_L1_T1_P_0_trial_2_Tue_Mar__7_13_00_12_2023,0.003925994038581793,0.5753052234649658,129.59581562360498
WS23_L1_T1_P_0_trial_2_Tue_Mar__7_13_00_12_2023,0.003999963402748108,0.6109938025474548,129.59581562360498
WS23_L1_T1_P_0_trial_2_Tue_Mar__7_13_00_12_2023,0.003999963402748108,0.6109938025474548,129.59581562360498
WS23_L1_T1_P_0_trial_2_Tue_Mar__7_13_00_12_2023,0.003999963402748108,0.6109938025474548,129.59581562360498
WS23_L1_T1_P_0_trial_2_Tue_Mar__7_13_00_12_2023,0.003999963402748108,0.6109938025474548,129.59581562360498
WS23_L1_T1_P_0_trial_2_Tue_Mar__7_13_00_12_2023,0.003999963402748108,0.6109938025474548,129.59581562360498
WS23_L1_T1_P_0_trial_2_Tue_Mar__7_13_00_12_2023,0.0040339976549148004,0.577350914478302,129.59581562360498
WS23_L1_T1_P_0_trial_2_Tue_Mar__7_13_00_12_2023,0.0040339976549148004,0.577350914478302,129.59581562360498
WS23_L1_T1_P_0_trial_2_Tue_Mar__7_13_00_12_2023,0.0040339976549148004,0.577350914478302,129.59581562360498
WS23_L1_T1_P_0_trial_2_Tue_Mar__7_13_00_12_2023,0.0040339976549148004,0.577350914478302,129.59581562360498
WS23_L1_T1_P_0_trial_2_Tue_Mar__7_13_00_12_2023,0.0040339976549148004,0.577350914478302,129.59581562360498
WS23_L1_T1_P_0_trial_2_Tue_Mar__7_13_00_12_2023,0.0040339976549148004,0.577350914478302,129.59581562360498
WS23_L1_T1_P_0_trial_2_Tue_Mar__7_13_00_12_2023,0.0040339976549148004,0.577350914478302,129.59581562360498
WS23_L1_T1_P_0_trial_2_Tue_Mar__7_13_00_12_2023,0.0041131526231764914,0.694445013999939,129.59581562360498
WS23_L1_T1_P_0_trial_2_Tue_Mar__7_13_00_12_2023,0.0041131526231764914,0.694445013999939,129.59581562360498
WS23_L1_T1_P_0_trial_2_Tue_Mar__7_13_00_12_2023,0.0041131526231764914,0.694445013999939,129.59581562360498
WS23_L1_T1_P_0_trial_2_Tue_Mar__7_13_00_12_2023,0.0041131526231764914,0.694445013999939,129.59581562360498
WS23_L1_T1_P_0_trial_2_Tue_Mar__7_13_00_12_2023,0.0041131526231764914,0.694445013999939,129.59581562360498
WS23_L1_T1_P_0_trial_2_Tue_Mar__7_13_00_12_2023,0.0041131526231764914,0.694445013999939,129.59581562360498
WS23_L1_T1_P_0_trial_2_Tue_Mar__7_13_00_12_2023,0.0042238533496856134,0.5397411584854126,129.59581562360498
WS23_L1_T1_P_0_trial_2_Tue_Mar__7_13_00_12_2023,0.0042238533496856134,0.5397411584854126,129.59581562360498
WS23_L1_T1_P_0_trial_2_Tue_Mar__7_13_00_12_2023,0.0042238533496856134,0.5397411584854126,129.59581562360498
WS23_L1_T1_P_0_trial_2_Tue_Mar__7_13_00_12_2023,0.0042238533496856134,0.5397411584854126,129.59581562360498
WS23_L1_T1_P_0_trial_2_Tue_Mar__7_13_00_12_2023,0.0042238533496856134,0.5397411584854126,129.59581562360498
WS23_L1_T1_P_0_trial_2_Tue_Mar__7_13_00_12_2023,0.0042238533496856134,0.5397411584854126,129.59581562360498
WS23_L1_T1_P_0_trial_2_Tue_Mar__7_13_00_12_2023,0.004317000508308411,0.5749058723449707,129.59581562360498
WS23_L1_T1_P_0_trial_2_Tue_Mar__7_13_00_12_2023,0.004317000508308411,0.5749058723449707,129.59581562360498
WS23_L1_T1_P_0_trial_2_Tue_Mar__7_13_00_12_2023,0.004317000508308411,0.5749058723449707,129.59581562360498
WS23_L1_T1_P_0_trial_2_Tue_Mar__7_13_00_12_2023,0.004317000508308411,0.5749058723449707,129.59581562360498
WS23_L1_T1_P_0_trial_2_Tue_Mar__7_13_00_12_2023,0.004317000508308411,0.5749058723449707,129.59581562360498
WS23_L1_T1_P_0_trial_2_Tue_Mar__7_13_00_12_2023,0.004317000508308411,0.5749058723449707,129.59581562360498
WS23_L1_T1_P_0_trial_2_Tue_Mar__7_13_00_12_2023,0.004317000508308411,0.5749058723449707,129.59581562360498
WS23_L1_T1_P_0_trial_2_Tue_Mar__7_13_00_12_2023,0.004406303167343112,0.6812189221382141,129.59581562360498
WS23_L1_T1_P_0_trial_2_Tue_Mar__7_13_00_12_2023,0.004406303167343112,0.6812189221382141,129.59581562360498
WS23_L1_T1_P_0_trial_2_Tue_Mar__7_13_00_12_2023,0.004406303167343112,0.6812189221382141,129.59581562360498
WS23_L1_T1_P_0_trial_2_Tue_Mar__7_13_00_12_2023,0.004406303167343112,0.6812189221382141,129.59581562360498
WS23_L1_T1_P_0_trial_2_Tue_Mar__7_13_00_12_2023,0.004406303167343112,0.6812189221382141,129.59581562360498
WS23_L1_T1_P_0_trial_2_Tue_Mar__7_13_00_12_2023,0.004406303167343112,0.6812189221382141,129.59581562360498
WS23_L1_T1_P_0_trial_2_Tue_Mar__7_13_00_12_2023,0.004406303167343112,0.6812189221382141,129.59581562360498
WS23_L1_T1_P_0_trial_2_Tue_Mar__7_13_00_12_2023,0.00452296435832969,0.599519670009613,129.59581562360498
WS23_L1_T1_P_0_trial_2_Tue_Mar__7_13_00_12_2023,0.00452296435832969,0.599519670009613,129.59581562360498
WS23_L1_T1_P_0_trial_2_Tue_Mar__7_13_00_12_2023,0.00452296435832969,0.599519670009613,129.59581562360498
WS23_L1_T1_P_0_trial_2_Tue_Mar__7_13_00_12_2023,0.00452296435832969,0.599519670009613,129.59581562360498
WS23_L1_T1_P_0_trial_2_Tue_Mar__7_13_00_12_2023,0.00452296435832969,0.599519670009613,129.59581562360498
WS23_L1_T1_P_0_trial_2_Tue_Mar__7_13_00_12_2023,0.004705682396888705,0.5672433972358704,129.59581562360498
WS23_L1_T1_P_0_trial_2_Tue_Mar__7_13_00_12_2023,0.004705682396888705,0.5672433972358704,129.59581562360498
WS23_L1_T1_P_0_trial_2_Tue_Mar__7_13_00_12_2023,0.004705682396888705,0.5672433972358704,129.59581562360498
WS23_L1_T1_P_0_trial_2_Tue_Mar__7_13_00_12_2023,0.004705682396888705,0.5672433972358704,129.59581562360498
WS23_L1_T1_P_0_trial_2_Tue_Mar__7_13_00_12_2023,0.004705682396888705,0.5672433972358704,129.59581562360498
WS23_L1_T1_P_0_trial_2_Tue_Mar__7_13_00_12_2023,0.004705682396888705,0.5672433972358704,129.59581562360498
WS23_L1_T1_P_0_trial_2_Tue_Mar__7_13_00_12_2023,0.004705682396888705,0.5672433972358704,129.59581562360498
WS23_L1_T1_P_0_trial_2_Tue_Mar__7_13_00_12_2023,0.004860877990722601,0.368522971868515,129.59581562360498
WS23_L1_T1_P_0_trial_2_Tue_Mar__7_13_00_12_2023,0.004860877990722601,0.368522971868515,129.59581562360498
WS23_L1_T1_P_0_trial_2_Tue_Mar__7_13_00_12_2023,0.004860877990722601,0.368522971868515,129.59581562360498
WS23_L1_T1_P_0_trial_2_Tue_Mar__7_13_00_12_2023,0.004860877990722601,0.368522971868515,129.59581562360498
WS23_L1_T1_P_0_trial_2_Tue_Mar__7_13_00_12_2023,0.004860877990722601,0.368522971868515,129.59581562360498
WS23_L1_T1_P_0_trial_2_Tue_Mar__7_13_00_12_2023,0.004860877990722601,0.368522971868515,129.59581562360498
WS23_L1_T1_P_0_trial_2_Tue_Mar__7_13_00_12_2023,0.005167856812477112,0.1800616979598999,129.59581562360498
WS23_L1_T1_P_0_trial_2_Tue_Mar__7_13_00_12_2023,0.005167856812477112,0.1800616979598999,129.59581562360498
WS23_L1_T1_P_0_trial_2_Tue_Mar__7_13_00_12_2023,0.005167856812477112,0.1800616979598999,129.59581562360498
WS23_L1_T1_P_0_trial_2_Tue_Mar__7_13_00_12_2023,0.005167856812477112,0.1800616979598999,129.59581562360498
WS23_L1_T1_P_0_trial_2_Tue_Mar__7_13_00_12_2023,0.005167856812477112,0.1800616979598999,129.59581562360498
WS23_L1_T1_P_0_trial_2_Tue_Mar__7_13_00_12_2023,0.0054360628128050925,0.1319810897111892,129.59581562360498
WS23_L1_T1_P_0_trial_2_Tue_Mar__7_13_00_12_2023,0.0054360628128050925,0.1319810897111892,129.59581562360498
WS23_L1_T1_P_0_trial_2_Tue_Mar__7_13_00_12_2023,0.0054360628128050925,0.1319810897111892,129.59581562360498
WS23_L1_T1_P_0_trial_2_Tue_Mar__7_13_00_12_2023,0.0054360628128050925,0.1319810897111892,129.59581562360498
WS23_L1_T1_P_0_trial_2_Tue_Mar__7_13_00_12_2023,0.0054360628128050925,0.1319810897111892,129.59581562360498
WS23_L1_T1_P_0_trial_2_Tue_Mar__7_13_00_12_2023,0.00560611486434931,0.0828772187232971,129.59581562360498
WS23_L1_T1_P_0_trial_2_Tue_Mar__7_13_00_12_2023,0.00560611486434931,0.0828772187232971,129.59581562360498
WS23_L1_T1_P_0_trial_2_Tue_Mar__7_13_00_12_2023,0.00560611486434931,0.0828772187232971,129.59581562360498
WS23_L1_T1_P_0_trial_2_Tue_Mar__7_13_00_12_2023,0.00560611486434931,0.0828772187232971,129.59581562360498
WS23_L1_T1_P_0_trial_2_Tue_Mar__7_13_00_12_2023,0.00560611486434931,0.0828772187232971,129.59581562360498
WS23_L1_T1_P_0_trial_2_Tue_Mar__7_13_00_12_2023,0.00560611486434931,0.0828772187232971,129.59581562360498
WS23_L1_T1_P_0_trial_2_Tue_Mar__7_13_00_12_2023,0.005676195025444003,0.1670713722705841,129.59581562360498
WS23_L1_T1_P_0_trial_2_Tue_Mar__7_13_00_12_2023,0.005676195025444003,0.1670713722705841,129.59581562360498
WS23_L1_T1_P_0_trial_2_Tue_Mar__7_13_00_12_2023,0.005676195025444003,0.1670713722705841,129.59581562360498
WS23_L1_T1_P_0_trial_2_Tue_Mar__7_13_00_12_2023,0.005676195025444003,0.1670713722705841,129.59581562360498
WS23_L1_T1_P_0_trial_2_Tue_Mar__7_13_00_12_2023,0.005676195025444003,0.1670713722705841,129.59581562360498
WS23_L1_T1_P_0_trial_2_Tue_Mar__7_13_00_12_2023,0.005676195025444003,0.1670713722705841,129.59581562360498
WS23_L1_T1_P_0_trial_2_Tue_Mar__7_13_00_12_2023,0.005676195025444003,0.1670713722705841,129.59581562360498
WS23_L1_T1_P_0_trial_2_Tue_Mar__7_13_00_12_2023,0.005722761154174805,0.1151726096868515,129.59581562360498
WS23_L1_T1_P_0_trial_2_Tue_Mar__7_13_00_12_2023,0.005722761154174805,0.1151726096868515,129.59581562360498
WS23_L1_T1_P_0_trial_2_Tue_Mar__7_13_00_12_2023,0.005722761154174805,0.1151726096868515,129.59581562360498
WS23_L1_T1_P_0_trial_2_Tue_Mar__7_13_00_12_2023,0.005722761154174805,0.1151726096868515,129.59581562360498
WS23_L1_T1_P_0_trial_2_Tue_Mar__7_13_00_12_2023,0.005722761154174805,0.1151726096868515,129.59581562360498
WS23_L1_T1_P_0_trial_2_Tue_Mar__7_13_00_12_2023,0.005722761154174805,0.1151726096868515,129.59581562360498
WS23_L1_T1_P_0_trial_2_Tue_Mar__7_13_00_12_2023,0.005761593580245888,0.2780712246894836,129.59581562360498
WS23_L1_T1_P_0_trial_2_Tue_Mar__7_13_00_12_2023,0.005761593580245888,0.2780712246894836,129.59581562360498
WS23_L1_T1_P_0_trial_2_Tue_Mar__7_13_00_12_2023,0.005761593580245888,0.2780712246894836,129.59581562360498
WS23_L1_T1_P_0_trial_2_Tue_Mar__7_13_00_12_2023,0.005761593580245888,0.2780712246894836,129.59581562360498
WS23_L1_T1_P_0_trial_2_Tue_Mar__7_13_00_12_2023,0.005761593580245888,0.2780712246894836,129.59581562360498
WS23_L1_T1_P_0_trial_2_Tue_Mar__7_13_00_12_2023,0.005761593580245888,0.2780712246894836,129.59581562360498
WS23_L1_T1_P_0_trial_2_Tue_Mar__7_13_00_12_2023,0.005815640091896002,0.284248799085617,129.59581562360498
WS23_L1_T1_P_0_trial_2_Tue_Mar__7_13_00_12_2023,0.005815640091896002,0.284248799085617,129.59581562360498
WS23_L1_T1_P_0_trial_2_Tue_Mar__7_13_00_12_2023,0.005815640091896002,0.284248799085617,129.59581562360498
WS23_L1_T1_P_0_trial_2_Tue_Mar__7_13_00_12_2023,0.005815640091896002,0.284248799085617,129.59581562360498
WS23_L1_T1_P_0_trial_2_Tue_Mar__7_13_00_12_2023,0.005815640091896002,0.284248799085617,129.59581562360498
WS23_L1_T1_P_0_trial_2_Tue_Mar__7_13_00_12_2023,0.005815640091896002,0.284248799085617,129.59581562360498
WS23_L1_T1_P_0_trial_2_Tue_Mar__7_13_00_12_2023,0.005815640091896002,0.284248799085617,129.59581562360498
WS23_L1_T1_P_0_trial_2_Tue_Mar__7_13_00_12_2023,0.005815640091896002,0.284248799085617,129.59581562360498
WS23_L1_T1_P_0_trial_2_Tue_Mar__7_13_00_12_2023,0.00591829419136039,0.2826852798461914,129.59581562360498
WS23_L1_T1_P_0_trial_2_Tue_Mar__7_13_00_12_2023,0.00591829419136039,0.2826852798461914,129.59581562360498
WS23_L1_T1_P_0_trial_2_Tue_Mar__7_13_00_12_2023,0.00591829419136039,0.2826852798461914,129.59581562360498
WS23_L1_T1_P_0_trial_2_Tue_Mar__7_13_00_12_2023,0.00591829419136039,0.2826852798461914,129.59581562360498
WS23_L1_T1_P_0_trial_2_Tue_Mar__7_13_00_12_2023,0.00591829419136039,0.2826852798461914,129.59581562360498
WS23_L1_T1_P_0_trial_2_Tue_Mar__7_13_00_12_2023,0.005998402833938599,0.3016012609004974,129.59581562360498
WS23_L1_T1_P_0_trial_2_Tue_Mar__7_13_00_12_2023,0.005998402833938599,0.3016012609004974,129.59581562360498
WS23_L1_T1_P_0_trial_2_Tue_Mar__7_13_00_12_2023,0.005998402833938599,0.3016012609004974,129.59581562360498
WS23_L1_T1_P_0_trial_2_Tue_Mar__7_13_00_12_2023,0.005998402833938599,0.3016012609004974,129.59581562360498
WS23_L1_T1_P_0_trial_2_Tue_Mar__7_13_00_12_2023,0.005998402833938599,0.3016012609004974,129.59581562360498
WS23_L1_T1_P_0_trial_2_Tue_Mar__7_13_00_12_2023,0.005998402833938599,0.3016012609004974,129.59581562360498
WS23_L1_T1_P_0_trial_2_Tue_Mar__7_13_00_12_2023,0.005998402833938599,0.3016012609004974,129.59581562360498
WS23_L1_T1_P_0_trial_2_Tue_Mar__7_13_00_12_2023,0.006044477224349892,0.3716618716716766,129.59581562360498
WS23_L1_T1_P_0_trial_2_Tue_Mar__7_13_00_12_2023,0.006044477224349892,0.3716618716716766,129.59581562360498
WS23_L1_T1_P_0_trial_2_Tue_Mar__7_13_00_12_2023,0.006044477224349892,0.3716618716716766,129.59581562360498
WS23_L1_T1_P_0_trial_2_Tue_Mar__7_13_00_12_2023,0.006044477224349892,0.3716618716716766,129.59581562360498
WS23_L1_T1_P_0_trial_2_Tue_Mar__7_13_00_12_2023,0.006044477224349892,0.3716618716716766,129.59581562360498
WS23_L1_T1_P_0_trial_2_Tue_Mar__7_13_00_12_2023,0.006044477224349892,0.3716618716716766,129.59581562360498
WS23_L1_T1_P_0_trial_2_Tue_Mar__7_13_00_12_2023,0.006091982126235906,0.4219858050346374,129.59581562360498
WS23_L1_T1_P_0_trial_2_Tue_Mar__7_13_00_12_2023,0.006091982126235906,0.4219858050346374,129.59581562360498
WS23_L1_T1_P_0_trial_2_Tue_Mar__7_13_00_12_2023,0.006091982126235906,0.4219858050346374,129.59581562360498
WS23_L1_T1_P_0_trial_2_Tue_Mar__7_13_00_12_2023,0.006091982126235906,0.4219858050346374,129.59581562360498
WS23_L1_T1_P_0_trial_2_Tue_Mar__7_13_00_12_2023,0.006091982126235906,0.4219858050346374,129.59581562360498
WS23_L1_T1_P_0_trial_2_Tue_Mar__7_13_00_12_2023,0.006167396903037997,0.4272363781929016,129.59581562360498
WS23_L1_T1_P_0_trial_2_Tue_Mar__7_13_00_12_2023,0.006167396903037997,0.4272363781929016,129.59581562360498
WS23_L1_T1_P_0_trial_2_Tue_Mar__7_13_00_12_2023,0.006167396903037997,0.4272363781929016,129.59581562360498
WS23_L1_T1_P_0_trial_2_Tue_Mar__7_13_00_12_2023,0.006167396903037997,0.4272363781929016,129.59581562360498
WS23_L1_T1_P_0_trial_2_Tue_Mar__7_13_00_12_2023,0.006167396903037997,0.4272363781929016,129.59581562360498
WS23_L1_T1_P_0_trial_2_Tue_Mar__7_13_00_12_2023,0.006167396903037997,0.4272363781929016,129.59581562360498
WS23_L1_T1_P_0_trial_2_Tue_Mar__7_13_00_12_2023,0.006167396903037997,0.4272363781929016,129.59581562360498
WS23_L1_T1_P_0_trial_2_Tue_Mar__7_13_00_12_2023,0.006223410367965698,0.4873078167438507,129.59581562360498
WS23_L1_T1_P_0_trial_2_Tue_Mar__7_13_00_12_2023,0.006223410367965698,0.4873078167438507,129.59581562360498
WS23_L1_T1_P_0_trial_2_Tue_Mar__7_13_00_12_2023,0.006223410367965698,0.4873078167438507,129.59581562360498
WS23_L1_T1_P_0_trial_2_Tue_Mar__7_13_00_12_2023,0.006223410367965698,0.4873078167438507,129.59581562360498
WS23_L1_T1_P_0_trial_2_Tue_Mar__7_13_00_12_2023,0.006223410367965698,0.4873078167438507,129.59581562360498
WS23_L1_T1_P_0_trial_2_Tue_Mar__7_13_00_12_2023,0.006223410367965698,0.4873078167438507,129.59581562360498
WS23_L1_T1_P_0_trial_2_Tue_Mar__7_13_00_12_2023,0.006223410367965698,0.4873078167438507,129.59581562360498
WS23_L1_T1_P_0_trial_2_Tue_Mar__7_13_00_12_2023,0.006270304322242709,0.4421833455562591,129.59581562360498
WS23_L1_T1_P_0_trial_2_Tue_Mar__7_13_00_12_2023,0.006270304322242709,0.4421833455562591,129.59581562360498
WS23_L1_T1_P_0_trial_2_Tue_Mar__7_13_00_12_2023,0.006270304322242709,0.4421833455562591,129.59581562360498
WS23_L1_T1_P_0_trial_2_Tue_Mar__7_13_00_12_2023,0.006270304322242709,0.4421833455562591,129.59581562360498
WS23_L1_T1_P_0_trial_2_Tue_Mar__7_13_00_12_2023,0.006270304322242709,0.4421833455562591,129.59581562360498
WS23_L1_T1_P_0_trial_2_Tue_Mar__7_13_00_12_2023,0.006270304322242709,0.4421833455562591,129.59581562360498
WS23_L1_T1_P_0_trial_2_Tue_Mar__7_13_00_12_2023,0.006270304322242709,0.4421833455562591,129.59581562360498
WS23_L1_T1_P_0_trial_2_Tue_Mar__7_13_00_12_2023,0.006316855549812289,0.5784321427345276,129.59581562360498
WS23_L1_T1_P_0_trial_2_Tue_Mar__7_13_00_12_2023,0.006316855549812289,0.5784321427345276,129.59581562360498
WS23_L1_T1_P_0_trial_2_Tue_Mar__7_13_00_12_2023,0.006316855549812289,0.5784321427345276,129.59581562360498
WS23_L1_T1_P_0_trial_2_Tue_Mar__7_13_00_12_2023,0.006316855549812289,0.5784321427345276,129.59581562360498
WS23_L1_T1_P_0_trial_2_Tue_Mar__7_13_00_12_2023,0.006316855549812289,0.5784321427345276,129.59581562360498
WS23_L1_T1_P_0_trial_2_Tue_Mar__7_13_00_12_2023,0.006316855549812289,0.5784321427345276,129.59581562360498
WS23_L1_T1_P_0_trial_2_Tue_Mar__7_13_00_12_2023,0.006316855549812289,0.5784321427345276,129.59581562360498
WS23_L1_T1_P_0_trial_2_Tue_Mar__7_13_00_12_2023,0.006316855549812289,0.5784321427345276,129.59581562360498
WS23_L1_T1_P_0_trial_2_Tue_Mar__7_13_00_12_2023,0.006391733884811401,0.614016592502594,129.59581562360498
WS23_L1_T1_P_0_trial_2_Tue_Mar__7_13_00_12_2023,0.006391733884811401,0.614016592502594,129.59581562360498
WS23_L1_T1_P_0_trial_2_Tue_Mar__7_13_00_12_2023,0.006391733884811401,0.614016592502594,129.59581562360498
WS23_L1_T1_P_0_trial_2_Tue_Mar__7_13_00_12_2023,0.006391733884811401,0.614016592502594,129.59581562360498
WS23_L1_T1_P_0_trial_2_Tue_Mar__7_13_00_12_2023,0.006391733884811401,0.614016592502594,129.59581562360498
WS23_L1_T1_P_0_trial_2_Tue_Mar__7_13_00_12_2023,0.006391733884811401,0.614016592502594,129.59581562360498
WS23_L1_T1_P_0_trial_2_Tue_Mar__7_13_00_12_2023,0.006391733884811401,0.614016592502594,129.59581562360498
WS23_L1_T1_P_0_trial_2_Tue_Mar__7_13_00_12_2023,0.006391733884811401,0.614016592502594,129.59581562360498
WS23_L1_T1_P_0_trial_2_Tue_Mar__7_13_00_12_2023,0.006420478224754306,0.6816224455833435,129.59581562360498
WS23_L1_T1_P_0_trial_2_Tue_Mar__7_13_00_12_2023,0.006420478224754306,0.6816224455833435,129.59581562360498
WS23_L1_T1_P_0_trial_2_Tue_Mar__7_13_00_12_2023,0.006420478224754306,0.6816224455833435,129.59581562360498
WS23_L1_T1_P_0_trial_2_Tue_Mar__7_13_00_12_2023,0.006420478224754306,0.6816224455833435,129.59581562360498
WS23_L1_T1_P_0_trial_2_Tue_Mar__7_13_00_12_2023,0.006420478224754306,0.6816224455833435,129.59581562360498
WS23_L1_T1_P_0_trial_2_Tue_Mar__7_13_00_12_2023,0.006420478224754306,0.6816224455833435,129.59581562360498
WS23_L1_T1_P_0_trial_2_Tue_Mar__7_13_00_12_2023,0.006420478224754306,0.6816224455833435,129.59581562360498
WS23_L1_T1_P_0_trial_2_Tue_Mar__7_13_00_12_2023,0.006486520171165411,0.714203417301178,129.59581562360498
WS23_L1_T1_P_0_trial_2_Tue_Mar__7_13_00_12_2023,0.006486520171165411,0.714203417301178,129.59581562360498
WS23_L1_T1_P_0_trial_2_Tue_Mar__7_13_00_12_2023,0.006486520171165411,0.714203417301178,129.59581562360498
WS23_L1_T1_P_0_trial_2_Tue_Mar__7_13_00_12_2023,0.006486520171165411,0.714203417301178,129.59581562360498
WS23_L1_T1_P_0_trial_2_Tue_Mar__7_13_00_12_2023,0.006486520171165411,0.714203417301178,129.59581562360498
WS23_L1_T1_P_0_trial_2_Tue_Mar__7_13_00_12_2023,0.006486520171165411,0.714203417301178,129.59581562360498
WS23_L1_T1_P_0_trial_2_Tue_Mar__7_13_00_12_2023,0.006536915898323004,0.7628333568572998,129.59581562360498
WS23_L1_T1_P_0_trial_2_Tue_Mar__7_13_00_12_2023,0.006536915898323004,0.7628333568572998,129.59581562360498
WS23_L1_T1_P_0_trial_2_Tue_Mar__7_13_00_12_2023,0.006536915898323004,0.7628333568572998,129.59581562360498
WS23_L1_T1_P_0_trial_2_Tue_Mar__7_13_00_12_2023,0.006536915898323004,0.7628333568572998,129.59581562360498
WS23_L1_T1_P_0_trial_2_Tue_Mar__7_13_00_12_2023,0.006536915898323004,0.7628333568572998,129.59581562360498
WS23_L1_T1_P_0_trial_2_Tue_Mar__7_13_00_12_2023,0.006536915898323004,0.7628333568572998,129.59581562360498
WS23_L1_T1_P_0_trial_2_Tue_Mar__7_13_00_12_2023,0.006536915898323004,0.7628333568572998,129.59581562360498
WS23_L1_T1_P_0_trial_2_Tue_Mar__7_13_00_12_2023,0.0065962225198744895,0.783241331577301,129.59581562360498
WS23_L1_T1_P_0_trial_2_Tue_Mar__7_13_00_12_2023,0.0065962225198744895,0.783241331577301,129.59581562360498
WS23_L1_T1_P_0_trial_2_Tue_Mar__7_13_00_12_2023,0.0065962225198744895,0.783241331577301,129.59581562360498
WS23_L1_T1_P_0_trial_2_Tue_Mar__7_13_00_12_2023,0.0065962225198744895,0.783241331577301,129.59581562360498
WS23_L1_T1_P_0_trial_2_Tue_Mar__7_13_00_12_2023,0.0065962225198744895,0.783241331577301,129.59581562360498
WS23_L1_T1_P_0_trial_2_Tue_Mar__7_13_00_12_2023,0.0065962225198744895,0.783241331577301,129.59581562360498
WS23_L1_T1_P_0_trial_2_Tue_Mar__7_13_00_12_2023,0.006677702069282504,0.8000372648239136,129.59581562360498
WS23_L1_T1_P_0_trial_2_Tue_Mar__7_13_00_12_2023,0.006677702069282504,0.8000372648239136,129.59581562360498
WS23_L1_T1_P_0_trial_2_Tue_Mar__7_13_00_12_2023,0.006677702069282504,0.8000372648239136,129.59581562360498
WS23_L1_T1_P_0_trial_2_Tue_Mar__7_13_00_12_2023,0.006677702069282504,0.8000372648239136,129.59581562360498
WS23_L1_T1_P_0_trial_2_Tue_Mar__7_13_00_12_2023,0.006677702069282504,0.8000372648239136,129.59581562360498
WS23_L1_T1_P_0_trial_2_Tue_Mar__7_13_00_12_2023,0.006677702069282504,0.8000372648239136,129.59581562360498
WS23_L1_T1_P_0_trial_2_Tue_Mar__7_13_00_12_2023,0.006677702069282504,0.8000372648239136,129.59581562360498
WS23_L1_T1_P_0_trial_2_Tue_Mar__7_13_00_12_2023,0.006715878844261114,0.7826618552207947,129.59581562360498
WS23_L1_T1_P_0_trial_2_Tue_Mar__7_13_00_12_2023,0.006715878844261114,0.7826618552207947,129.59581562360498
WS23_L1_T1_P_0_trial_2_Tue_Mar__7_13_00_12_2023,0.006715878844261114,0.7826618552207947,129.59581562360498
WS23_L1_T1_P_0_trial_2_Tue_Mar__7_13_00_12_2023,0.006715878844261114,0.7826618552207947,129.59581562360498
WS23_L1_T1_P_0_trial_2_Tue_Mar__7_13_00_12_2023,0.006715878844261114,0.7826618552207947,129.59581562360498
WS23_L1_T1_P_0_trial_2_Tue_Mar__7_13_00_12_2023,0.006715878844261114,0.7826618552207947,129.59581562360498
WS23_L1_T1_P_0_trial_2_Tue_Mar__7_13_00_12_2023,0.006791502237319891,0.9004837870597839,129.59581562360498
WS23_L1_T1_P_0_trial_2_Tue_Mar__7_13_00_12_2023,0.006791502237319891,0.9004837870597839,129.59581562360498
WS23_L1_T1_P_0_trial_2_Tue_Mar__7_13_00_12_2023,0.006791502237319891,0.9004837870597839,129.59581562360498
WS23_L1_T1_P_0_trial_2_Tue_Mar__7_13_00_12_2023,0.006791502237319891,0.9004837870597839,129.59581562360498
WS23_L1_T1_P_0_trial_2_Tue_Mar__7_13_00_12_2023,0.006791502237319891,0.9004837870597839,129.59581562360498
WS23_L1_T1_P_0_trial_2_Tue_Mar__7_13_00_12_2023,0.006791502237319891,0.9004837870597839,129.59581562360498
WS23_L1_T1_P_0_trial_2_Tue_Mar__7_13_00_12_2023,0.006791502237319891,0.9004837870597839,129.59581562360498
WS23_L1_T1_P_0_trial_2_Tue_Mar__7_13_00_12_2023,0.006867662072181702,0.9051275849342346,129.59581562360498
WS23_L1_T1_P_0_trial_2_Tue_Mar__7_13_00_12_2023,0.006867662072181702,0.9051275849342346,129.59581562360498
WS23_L1_T1_P_0_trial_2_Tue_Mar__7_13_00_12_2023,0.006867662072181702,0.9051275849342346,129.59581562360498
WS23_L1_T1_P_0_trial_2_Tue_Mar__7_13_00_12_2023,0.006867662072181702,0.9051275849342346,129.59581562360498
WS23_L1_T1_P_0_trial_2_Tue_Mar__7_13_00_12_2023,0.006867662072181702,0.9051275849342346,129.59581562360498
WS23_L1_T1_P_0_trial_2_Tue_Mar__7_13_00_12_2023,0.006867662072181702,0.9051275849342346,129.59581562360498
WS23_L1_T1_P_0_trial_2_Tue_Mar__7_13_00_12_2023,0.006867662072181702,0.9051275849342346,129.59581562360498
WS23_L1_T1_P_0_trial_2_Tue_Mar__7_13_00_12_2023,0.0069439709186553955,0.9460824131965636,129.59581562360498
WS23_L1_T1_P_0_trial_2_Tue_Mar__7_13_00_12_2023,0.0069439709186553955,0.9460824131965636,129.59581562360498
WS23_L1_T1_P_0_trial_2_Tue_Mar__7_13_00_12_2023,0.0069439709186553955,0.9460824131965636,129.59581562360498
WS23_L1_T1_P_0_trial_2_Tue_Mar__7_13_00_12_2023,0.0069439709186553955,0.9460824131965636,129.59581562360498
WS23_L1_T1_P_0_trial_2_Tue_Mar__7_13_00_12_2023,0.0069439709186553955,0.9460824131965636,129.59581562360498
WS23_L1_T1_P_0_trial_2_Tue_Mar__7_13_00_12_2023,0.0069439709186553955,0.9460824131965636,129.59581562360498
WS23_L1_T1_P_0_trial_2_Tue_Mar__7_13_00_12_2023,0.006982132792472812,1.0041824579238892,129.59581562360498
WS23_L1_T1_P_0_trial_2_Tue_Mar__7_13_00_12_2023,0.006982132792472812,1.0041824579238892,129.59581562360498
WS23_L1_T1_P_0_trial_2_Tue_Mar__7_13_00_12_2023,0.006982132792472812,1.0041824579238892,129.59581562360498
WS23_L1_T1_P_0_trial_2_Tue_Mar__7_13_00_12_2023,0.006982132792472812,1.0041824579238892,129.59581562360498
WS23_L1_T1_P_0_trial_2_Tue_Mar__7_13_00_12_2023,0.006982132792472812,1.0041824579238892,129.59581562360498
WS23_L1_T1_P_0_trial_2_Tue_Mar__7_13_00_12_2023,0.006982132792472812,1.0041824579238892,129.59581562360498
WS23_L1_T1_P_0_trial_2_Tue_Mar__7_13_00_12_2023,0.006982132792472812,1.0041824579238892,129.59581562360498
WS23_L1_T1_P_0_trial_2_Tue_Mar__7_13_00_12_2023,0.007090359926223699,0.9801824688911438,129.59581562360498
WS23_L1_T1_P_0_trial_2_Tue_Mar__7_13_00_12_2023,0.007090359926223699,0.9801824688911438,129.59581562360498
WS23_L1_T1_P_0_trial_2_Tue_Mar__7_13_00_12_2023,0.007090359926223699,0.9801824688911438,129.59581562360498
WS23_L1_T1_P_0_trial_2_Tue_Mar__7_13_00_12_2023,0.007090359926223699,0.9801824688911438,129.59581562360498
WS23_L1_T1_P_0_trial_2_Tue_Mar__7_13_00_12_2023,0.007090359926223699,0.9801824688911438,129.59581562360498
WS23_L1_T1_P_0_trial_2_Tue_Mar__7_13_00_12_2023,0.0072163045406341,0.8866595029830933,129.59581562360498
WS23_L1_T1_P_0_trial_2_Tue_Mar__7_13_00_12_2023,0.0072163045406341,0.8866595029830933,129.59581562360498
WS23_L1_T1_P_0_trial_2_Tue_Mar__7_13_00_12_2023,0.0072163045406341,0.8866595029830933,129.59581562360498
WS23_L1_T1_P_0_trial_2_Tue_Mar__7_13_00_12_2023,0.0072163045406341,0.8866595029830933,129.59581562360498
WS23_L1_T1_P_0_trial_2_Tue_Mar__7_13_00_12_2023,0.0072163045406341,0.8866595029830933,129.59581562360498
WS23_L1_T1_P_0_trial_2_Tue_Mar__7_13_00_12_2023,0.0072163045406341,0.8866595029830933,129.59581562360498
WS23_L1_T1_P_0_trial_2_Tue_Mar__7_13_00_12_2023,0.00736455619335169,0.8891304731369019,129.59581562360498
WS23_L1_T1_P_0_trial_2_Tue_Mar__7_13_00_12_2023,0.00736455619335169,0.8891304731369019,129.59581562360498
WS23_L1_T1_P_0_trial_2_Tue_Mar__7_13_00_12_2023,0.00736455619335169,0.8891304731369019,129.59581562360498
WS23_L1_T1_P_0_trial_2_Tue_Mar__7_13_00_12_2023,0.00736455619335169,0.8891304731369019,129.59581562360498
WS23_L1_T1_P_0_trial_2_Tue_Mar__7_13_00_12_2023,0.00736455619335169,0.8891304731369019,129.59581562360498
WS23_L1_T1_P_0_trial_2_Tue_Mar__7_13_00_12_2023,0.00736455619335169,0.8891304731369019,129.59581562360498
WS23_L1_T1_P_0_trial_2_Tue_Mar__7_13_00_12_2023,0.00736455619335169,0.8891304731369019,129.59581562360498
WS23_L1_T1_P_0_trial_2_Tue_Mar__7_13_00_12_2023,0.00736455619335169,0.8891304731369019,129.59581562360498
WS23_L1_T1_P_0_trial_2_Tue_Mar__7_13_00_12_2023,0.007558986544609014,0.7977573275566101,129.59581562360498
WS23_L1_T1_P_0_trial_2_Tue_Mar__7_13_00_12_2023,0.007558986544609014,0.7977573275566101,129.59581562360498
WS23_L1_T1_P_0_trial_2_Tue_Mar__7_13_00_12_2023,0.007558986544609014,0.7977573275566101,129.59581562360498
WS23_L1_T1_P_0_trial_2_Tue_Mar__7_13_00_12_2023,0.007558986544609014,0.7977573275566101,129.59581562360498
WS23_L1_T1_P_0_trial_2_Tue_Mar__7_13_00_12_2023,0.007558986544609014,0.7977573275566101,129.59581562360498
WS23_L1_T1_P_0_trial_2_Tue_Mar__7_13_00_12_2023,0.007558986544609014,0.7977573275566101,129.59581562360498
WS23_L1_T1_P_0_trial_2_Tue_Mar__7_13_00_12_2023,0.007558986544609014,0.7977573275566101,129.59581562360498
WS23_L1_T1_P_0_trial_2_Tue_Mar__7_13_00_12_2023,0.007732868194579995,0.6023094654083252,129.59581562360498
WS23_L1_T1_P_0_trial_2_Tue_Mar__7_13_00_12_2023,0.007732868194579995,0.6023094654083252,129.59581562360498
WS23_L1_T1_P_0_trial_2_Tue_Mar__7_13_00_12_2023,0.007732868194579995,0.6023094654083252,129.59581562360498
WS23_L1_T1_P_0_trial_2_Tue_Mar__7_13_00_12_2023,0.007732868194579995,0.6023094654083252,129.59581562360498
WS23_L1_T1_P_0_trial_2_Tue_Mar__7_13_00_12_2023,0.007732868194579995,0.6023094654083252,129.59581562360498
WS23_L1_T1_P_0_trial_2_Tue_Mar__7_13_00_12_2023,0.007732868194579995,0.6023094654083252,129.59581562360498
WS23_L1_T1_P_0_trial_2_Tue_Mar__7_13_00_12_2023,0.007732868194579995,0.6023094654083252,129.59581562360498
WS23_L1_T1_P_0_trial_2_Tue_Mar__7_13_00_12_2023,0.00790558755397791,0.6591551899909973,129.59581562360498
WS23_L1_T1_P_0_trial_2_Tue_Mar__7_13_00_12_2023,0.00790558755397791,0.6591551899909973,129.59581562360498
WS23_L1_T1_P_0_trial_2_Tue_Mar__7_13_00_12_2023,0.00790558755397791,0.6591551899909973,129.59581562360498
WS23_L1_T1_P_0_trial_2_Tue_Mar__7_13_00_12_2023,0.00790558755397791,0.6591551899909973,129.59581562360498
WS23_L1_T1_P_0_trial_2_Tue_Mar__7_13_00_12_2023,0.00790558755397791,0.6591551899909973,129.59581562360498
WS23_L1_T1_P_0_trial_2_Tue_Mar__7_13_00_12_2023,0.00790558755397791,0.6591551899909973,129.59581562360498
WS23_L1_T1_P_0_trial_2_Tue_Mar__7_13_00_12_2023,0.00790558755397791,0.6591551899909973,129.59581562360498
WS23_L1_T1_P_0_trial_2_Tue_Mar__7_13_00_12_2023,0.008014157414436313,0.6487637758255005,129.59581562360498
WS23_L1_T1_P_0_trial_2_Tue_Mar__7_13_00_12_2023,0.008014157414436313,0.6487637758255005,129.59581562360498
WS23_L1_T1_P_0_trial_2_Tue_Mar__7_13_00_12_2023,0.008014157414436313,0.6487637758255005,129.59581562360498
WS23_L1_T1_P_0_trial_2_Tue_Mar__7_13_00_12_2023,0.008014157414436313,0.6487637758255005,129.59581562360498
WS23_L1_T1_P_0_trial_2_Tue_Mar__7_13_00_12_2023,0.008014157414436313,0.6487637758255005,129.59581562360498
WS23_L1_T1_P_0_trial_2_Tue_Mar__7_13_00_12_2023,0.008014157414436313,0.6487637758255005,129.59581562360498
WS23_L1_T1_P_0_trial_2_Tue_Mar__7_13_00_12_2023,0.008014157414436313,0.6487637758255005,129.59581562360498
WS23_L1_T1_P_0_trial_2_Tue_Mar__7_13_00_12_2023,0.008014157414436313,0.6487637758255005,129.59581562360498
WS23_L1_T1_P_0_trial_2_Tue_Mar__7_13_00_12_2023,0.00812394917011261,0.5801683068275452,129.59581562360498
WS23_L1_T1_P_0_trial_2_Tue_Mar__7_13_00_12_2023,0.00812394917011261,0.5801683068275452,129.59581562360498
WS23_L1_T1_P_0_trial_2_Tue_Mar__7_13_00_12_2023,0.00812394917011261,0.5801683068275452,129.59581562360498
WS23_L1_T1_P_0_trial_2_Tue_Mar__7_13_00_12_2023,0.00812394917011261,0.5801683068275452,129.59581562360498
WS23_L1_T1_P_0_trial_2_Tue_Mar__7_13_00_12_2023,0.00812394917011261,0.5801683068275452,129.59581562360498
WS23_L1_T1_P_0_trial_2_Tue_Mar__7_13_00_12_2023,0.00812394917011261,0.5801683068275452,129.59581562360498
WS23_L1_T1_P_0_trial_2_Tue_Mar__7_13_00_12_2023,0.00812394917011261,0.5801683068275452,129.59581562360498
WS23_L1_T1_P_0_trial_2_Tue_Mar__7_13_00_12_2023,0.008200928568839999,0.6861231923103333,129.59581562360498
WS23_L1_T1_P_0_trial_2_Tue_Mar__7_13_00_12_2023,0.008200928568839999,0.6861231923103333,129.59581562360498
WS23_L1_T1_P_0_trial_2_Tue_Mar__7_13_00_12_2023,0.008200928568839999,0.6861231923103333,129.59581562360498
WS23_L1_T1_P_0_trial_2_Tue_Mar__7_13_00_12_2023,0.008200928568839999,0.6861231923103333,129.59581562360498
WS23_L1_T1_P_0_trial_2_Tue_Mar__7_13_00_12_2023,0.008200928568839999,0.6861231923103333,129.59581562360498
WS23_L1_T1_P_0_trial_2_Tue_Mar__7_13_00_12_2023,0.008200928568839999,0.6861231923103333,129.59581562360498
WS23_L1_T1_P_0_trial_2_Tue_Mar__7_13_00_12_2023,0.008200928568839999,0.6861231923103333,129.59581562360498
WS23_L1_T1_P_0_trial_2_Tue_Mar__7_13_00_12_2023,0.008287295699119512,0.6810719966888428,129.59581562360498
WS23_L1_T1_P_0_trial_2_Tue_Mar__7_13_00_12_2023,0.008287295699119512,0.6810719966888428,129.59581562360498
WS23_L1_T1_P_0_trial_2_Tue_Mar__7_13_00_12_2023,0.008287295699119512,0.6810719966888428,129.59581562360498
WS23_L1_T1_P_0_trial_2_Tue_Mar__7_13_00_12_2023,0.008287295699119512,0.6810719966888428,129.59581562360498
WS23_L1_T1_P_0_trial_2_Tue_Mar__7_13_00_12_2023,0.008287295699119512,0.6810719966888428,129.59581562360498
WS23_L1_T1_P_0_trial_2_Tue_Mar__7_13_00_12_2023,0.008287295699119512,0.6810719966888428,129.59581562360498
WS23_L1_T1_P_0_trial_2_Tue_Mar__7_13_00_12_2023,0.008287295699119512,0.6810719966888428,129.59581562360498
WS23_L1_T1_P_0_trial_2_Tue_Mar__7_13_00_12_2023,0.008374243974685613,0.6202439665794373,129.59581562360498
WS23_L1_T1_P_0_trial_2_Tue_Mar__7_13_00_12_2023,0.008374243974685613,0.6202439665794373,129.59581562360498
WS23_L1_T1_P_0_trial_2_Tue_Mar__7_13_00_12_2023,0.008374243974685613,0.6202439665794373,129.59581562360498
WS23_L1_T1_P_0_trial_2_Tue_Mar__7_13_00_12_2023,0.008374243974685613,0.6202439665794373,129.59581562360498
WS23_L1_T1_P_0_trial_2_Tue_Mar__7_13_00_12_2023,0.008374243974685613,0.6202439665794373,129.59581562360498
WS23_L1_T1_P_0_trial_2_Tue_Mar__7_13_00_12_2023,0.008374243974685613,0.6202439665794373,129.59581562360498
WS23_L1_T1_P_0_trial_2_Tue_Mar__7_13_00_12_2023,0.008374243974685613,0.6202439665794373,129.59581562360498
WS23_L1_T1_P_0_trial_2_Tue_Mar__7_13_00_12_2023,0.008516222238540594,0.6637269258499146,129.59581562360498
WS23_L1_T1_P_0_trial_2_Tue_Mar__7_13_00_12_2023,0.008516222238540594,0.6637269258499146,129.59581562360498
WS23_L1_T1_P_0_trial_2_Tue_Mar__7_13_00_12_2023,0.008516222238540594,0.6637269258499146,129.59581562360498
WS23_L1_T1_P_0_trial_2_Tue_Mar__7_13_00_12_2023,0.008516222238540594,0.6637269258499146,129.59581562360498
WS23_L1_T1_P_0_trial_2_Tue_Mar__7_13_00_12_2023,0.008516222238540594,0.6637269258499146,129.59581562360498
WS23_L1_T1_P_0_trial_2_Tue_Mar__7_13_00_12_2023,0.008516222238540594,0.6637269258499146,129.59581562360498
WS23_L1_T1_P_0_trial_2_Tue_Mar__7_13_00_12_2023,0.008516222238540594,0.6637269258499146,129.59581562360498
WS23_L1_T1_P_0_trial_2_Tue_Mar__7_13_00_12_2023,0.00858448445796961,0.7127305269241333,129.59581562360498
WS23_L1_T1_P_0_trial_2_Tue_Mar__7_13_00_12_2023,0.00858448445796961,0.7127305269241333,129.59581562360498
WS23_L1_T1_P_0_trial_2_Tue_Mar__7_13_00_12_2023,0.00858448445796961,0.7127305269241333,129.59581562360498
WS23_L1_T1_P_0_trial_2_Tue_Mar__7_13_00_12_2023,0.00858448445796961,0.7127305269241333,129.59581562360498
WS23_L1_T1_P_0_trial_2_Tue_Mar__7_13_00_12_2023,0.00858448445796961,0.7127305269241333,129.59581562360498
WS23_L1_T1_P_0_trial_2_Tue_Mar__7_13_00_12_2023,0.00858448445796961,0.7127305269241333,129.59581562360498
WS23_L1_T1_P_0_trial_2_Tue_Mar__7_13_00_12_2023,0.00858448445796961,0.7127305269241333,129.59581562360498
WS23_L1_T1_P_0_trial_2_Tue_Mar__7_13_00_12_2023,0.008660927414894104,0.6217561364173889,129.59581562360498
WS23_L1_T1_P_0_trial_2_Tue_Mar__7_13_00_12_2023,0.008660927414894104,0.6217561364173889,129.59581562360498
WS23_L1_T1_P_0_trial_2_Tue_Mar__7_13_00_12_2023,0.008660927414894104,0.6217561364173889,129.59581562360498
WS23_L1_T1_P_0_trial_2_Tue_Mar__7_13_00_12_2023,0.008660927414894104,0.6217561364173889,129.59581562360498
WS23_L1_T1_P_0_trial_2_Tue_Mar__7_13_00_12_2023,0.008660927414894104,0.6217561364173889,129.59581562360498
WS23_L1_T1_P_0_trial_2_Tue_Mar__7_13_00_12_2023,0.008660927414894104,0.6217561364173889,129.59581562360498
WS23_L1_T1_P_0_trial_2_Tue_Mar__7_13_00_12_2023,0.008759304881095803,0.7376194596290588,129.59581562360498
WS23_L1_T1_P_0_trial_2_Tue_Mar__7_13_00_12_2023,0.008759304881095803,0.7376194596290588,129.59581562360498
WS23_L1_T1_P_0_trial_2_Tue_Mar__7_13_00_12_2023,0.008759304881095803,0.7376194596290588,129.59581562360498
WS23_L1_T1_P_0_trial_2_Tue_Mar__7_13_00_12_2023,0.008759304881095803,0.7376194596290588,129.59581562360498
WS23_L1_T1_P_0_trial_2_Tue_Mar__7_13_00_12_2023,0.008759304881095803,0.7376194596290588,129.59581562360498
WS23_L1_T1_P_0_trial_2_Tue_Mar__7_13_00_12_2023,0.008843749761581393,0.7695907950401306,129.59581562360498
WS23_L1_T1_P_0_trial_2_Tue_Mar__7_13_00_12_2023,0.008843749761581393,0.7695907950401306,129.59581562360498
WS23_L1_T1_P_0_trial_2_Tue_Mar__7_13_00_12_2023,0.008843749761581393,0.7695907950401306,129.59581562360498
WS23_L1_T1_P_0_trial_2_Tue_Mar__7_13_00_12_2023,0.008843749761581393,0.7695907950401306,129.59581562360498
WS23_L1_T1_P_0_trial_2_Tue_Mar__7_13_00_12_2023,0.008843749761581393,0.7695907950401306,129.59581562360498
WS23_L1_T1_P_0_trial_2_Tue_Mar__7_13_00_12_2023,0.008843749761581393,0.7695907950401306,129.59581562360498
WS23_L1_T1_P_0_trial_2_Tue_Mar__7_13_00_12_2023,0.008935481309890692,0.7423210144042969,129.59581562360498
WS23_L1_T1_P_0_trial_2_Tue_Mar__7_13_00_12_2023,0.008935481309890692,0.7423210144042969,129.59581562360498
WS23_L1_T1_P_0_trial_2_Tue_Mar__7_13_00_12_2023,0.008935481309890692,0.7423210144042969,129.59581562360498
WS23_L1_T1_P_0_trial_2_Tue_Mar__7_13_00_12_2023,0.008935481309890692,0.7423210144042969,129.59581562360498
WS23_L1_T1_P_0_trial_2_Tue_Mar__7_13_00_12_2023,0.008935481309890692,0.7423210144042969,129.59581562360498
WS23_L1_T1_P_0_trial_2_Tue_Mar__7_13_00_12_2023,0.008935481309890692,0.7423210144042969,129.59581562360498
WS23_L1_T1_P_0_trial_2_Tue_Mar__7_13_00_12_2023,0.008935481309890692,0.7423210144042969,129.59581562360498
WS23_L1_T1_P_0_trial_2_Tue_Mar__7_13_00_12_2023,0.008975505828857394,0.8168410658836365,129.59581562360498
WS23_L1_T1_P_0_trial_2_Tue_Mar__7_13_00_12_2023,0.008975505828857394,0.8168410658836365,129.59581562360498
WS23_L1_T1_P_0_trial_2_Tue_Mar__7_13_00_12_2023,0.008975505828857394,0.8168410658836365,129.59581562360498
WS23_L1_T1_P_0_trial_2_Tue_Mar__7_13_00_12_2023,0.008975505828857394,0.8168410658836365,129.59581562360498
WS23_L1_T1_P_0_trial_2_Tue_Mar__7_13_00_12_2023,0.008975505828857394,0.8168410658836365,129.59581562360498
WS23_L1_T1_P_0_trial_2_Tue_Mar__7_13_00_12_2023,0.008975505828857394,0.8168410658836365,129.59581562360498
WS23_L1_T1_P_0_trial_2_Tue_Mar__7_13_00_12_2023,0.008975505828857394,0.8168410658836365,129.59581562360498
WS23_L1_T1_P_0_trial_2_Tue_Mar__7_13_00_12_2023,0.009056031703948891,0.7213890552520752,129.59581562360498
WS23_L1_T1_P_0_trial_2_Tue_Mar__7_13_00_12_2023,0.009056031703948891,0.7213890552520752,129.59581562360498
WS23_L1_T1_P_0_trial_2_Tue_Mar__7_13_00_12_2023,0.009056031703948891,0.7213890552520752,129.59581562360498
WS23_L1_T1_P_0_trial_2_Tue_Mar__7_13_00_12_2023,0.009056031703948891,0.7213890552520752,129.59581562360498
WS23_L1_T1_P_0_trial_2_Tue_Mar__7_13_00_12_2023,0.009056031703948891,0.7213890552520752,129.59581562360498
WS23_L1_T1_P_0_trial_2_Tue_Mar__7_13_00_12_2023,0.009056031703948891,0.7213890552520752,129.59581562360498
WS23_L1_T1_P_0_trial_2_Tue_Mar__7_13_00_12_2023,0.009056031703948891,0.7213890552520752,129.59581562360498
WS23_L1_T1_P_0_trial_2_Tue_Mar__7_13_00_12_2023,0.009056031703948891,0.7213890552520752,129.59581562360498
WS23_L1_T1_P_0_trial_2_Tue_Mar__7_13_00_12_2023,0.009057983756065313,0.946683406829834,129.59581562360498
WS23_L1_T1_P_0_trial_2_Tue_Mar__7_13_00_12_2023,0.009057983756065313,0.946683406829834,129.59581562360498
WS23_L1_T1_P_0_trial_2_Tue_Mar__7_13_00_12_2023,0.009057983756065313,0.946683406829834,129.59581562360498
WS23_L1_T1_P_0_trial_2_Tue_Mar__7_13_00_12_2023,0.009057983756065313,0.946683406829834,129.59581562360498
WS23_L1_T1_P_0_trial_2_Tue_Mar__7_13_00_12_2023,0.009057983756065313,0.946683406829834,129.59581562360498
WS23_L1_T1_P_0_trial_2_Tue_Mar__7_13_00_12_2023,0.009057983756065313,0.946683406829834,129.59581562360498
WS23_L1_T1_P_0_trial_2_Tue_Mar__7_13_00_12_2023,0.009057983756065313,0.946683406829834,129.59581562360498
WS23_L1_T1_P_0_trial_2_Tue_Mar__7_13_00_12_2023,0.009147793054580688,0.9379960894584656,129.59581562360498
WS23_L1_T1_P_0_trial_2_Tue_Mar__7_13_00_12_2023,0.009147793054580688,0.9379960894584656,129.59581562360498
WS23_L1_T1_P_0_trial_2_Tue_Mar__7_13_00_12_2023,0.009147793054580688,0.9379960894584656,129.59581562360498
WS23_L1_T1_P_0_trial_2_Tue_Mar__7_13_00_12_2023,0.009147793054580688,0.9379960894584656,129.59581562360498
WS23_L1_T1_P_0_trial_2_Tue_Mar__7_13_00_12_2023,0.009147793054580688,0.9379960894584656,129.59581562360498
WS23_L1_T1_P_0_trial_2_Tue_Mar__7_13_00_12_2023,0.009147793054580688,0.9379960894584656,129.59581562360498
WS23_L1_T1_P_0_trial_2_Tue_Mar__7_13_00_12_2023,0.009147793054580688,0.9379960894584656,129.59581562360498
WS23_L1_T1_P_0_trial_2_Tue_Mar__7_13_00_12_2023,0.009147793054580688,0.9379960894584656,129.59581562360498
WS23_L1_T1_P_0_trial_2_Tue_Mar__7_13_00_12_2023,0.00917722284793851,0.891983687877655,129.59581562360498
WS23_L1_T1_P_0_trial_2_Tue_Mar__7_13_00_12_2023,0.00917722284793851,0.891983687877655,129.59581562360498
WS23_L1_T1_P_0_trial_2_Tue_Mar__7_13_00_12_2023,0.00917722284793851,0.891983687877655,129.59581562360498
WS23_L1_T1_P_0_trial_2_Tue_Mar__7_13_00_12_2023,0.00917722284793851,0.891983687877655,129.59581562360498
WS23_L1_T1_P_0_trial_2_Tue_Mar__7_13_00_12_2023,0.00917722284793851,0.891983687877655,129.59581562360498
WS23_L1_T1_P_0_trial_2_Tue_Mar__7_13_00_12_2023,0.00917722284793851,0.891983687877655,129.59581562360498
WS23_L1_T1_P_0_trial_2_Tue_Mar__7_13_00_12_2023,0.00917722284793851,0.891983687877655,129.59581562360498
WS23_L1_T1_P_0_trial_2_Tue_Mar__7_13_00_12_2023,0.009229540824890109,1.0688685178756714,129.59581562360498
WS23_L1_T1_P_0_trial_2_Tue_Mar__7_13_00_12_2023,0.009229540824890109,1.0688685178756714,129.59581562360498
WS23_L1_T1_P_0_trial_2_Tue_Mar__7_13_00_12_2023,0.009229540824890109,1.0688685178756714,129.59581562360498
WS23_L1_T1_P_0_trial_2_Tue_Mar__7_13_00_12_2023,0.009229540824890109,1.0688685178756714,129.59581562360498
WS23_L1_T1_P_0_trial_2_Tue_Mar__7_13_00_12_2023,0.009229540824890109,1.0688685178756714,129.59581562360498
WS23_L1_T1_P_0_trial_2_Tue_Mar__7_13_00_12_2023,0.009229540824890109,1.0688685178756714,129.59581562360498
WS23_L1_T1_P_0_trial_2_Tue_Mar__7_13_00_12_2023,0.009326756000518799,1.0348182916641235,129.59581562360498
WS23_L1_T1_P_0_trial_2_Tue_Mar__7_13_00_12_2023,0.009326756000518799,1.0348182916641235,129.59581562360498
WS23_L1_T1_P_0_trial_2_Tue_Mar__7_13_00_12_2023,0.009326756000518799,1.0348182916641235,129.59581562360498
WS23_L1_T1_P_0_trial_2_Tue_Mar__7_13_00_12_2023,0.009326756000518799,1.0348182916641235,129.59581562360498
WS23_L1_T1_P_0_trial_2_Tue_Mar__7_13_00_12_2023,0.009326756000518799,1.0348182916641235,129.59581562360498
WS23_L1_T1_P_0_trial_2_Tue_Mar__7_13_00_12_2023,0.009326756000518799,1.0348182916641235,129.59581562360498
WS23_L1_T1_P_0_trial_2_Tue_Mar__7_13_00_12_2023,0.009326756000518799,1.0348182916641235,129.59581562360498
WS23_L1_T1_P_0_trial_2_Tue_Mar__7_13_00_12_2023,0.009367600083351107,1.0423009395599363,129.59581562360498
WS23_L1_T1_P_0_trial_2_Tue_Mar__7_13_00_12_2023,0.009367600083351107,1.0423009395599363,129.59581562360498
WS23_L1_T1_P_0_trial_2_Tue_Mar__7_13_00_12_2023,0.009367600083351107,1.0423009395599363,129.59581562360498
WS23_L1_T1_P_0_trial_2_Tue_Mar__7_13_00_12_2023,0.009367600083351107,1.0423009395599363,129.59581562360498
WS23_L1_T1_P_0_trial_2_Tue_Mar__7_13_00_12_2023,0.009367600083351107,1.0423009395599363,129.59581562360498
WS23_L1_T1_P_0_trial_2_Tue_Mar__7_13_00_12_2023,0.009367600083351107,1.0423009395599363,129.59581562360498
WS23_L1_T1_P_0_trial_2_Tue_Mar__7_13_00_12_2023,0.009453326463699313,1.104276418685913,129.59581562360498
WS23_L1_T1_P_0_trial_2_Tue_Mar__7_13_00_12_2023,0.009453326463699313,1.104276418685913,129.59581562360498
WS23_L1_T1_P_0_trial_2_Tue_Mar__7_13_00_12_2023,0.009453326463699313,1.104276418685913,129.59581562360498
WS23_L1_T1_P_0_trial_2_Tue_Mar__7_13_00_12_2023,0.009453326463699313,1.104276418685913,129.59581562360498
WS23_L1_T1_P_0_trial_2_Tue_Mar__7_13_00_12_2023,0.009453326463699313,1.104276418685913,129.59581562360498
WS23_L1_T1_P_0_trial_2_Tue_Mar__7_13_00_12_2023,0.009453326463699313,1.104276418685913,129.59581562360498
WS23_L1_T1_P_0_trial_2_Tue_Mar__7_13_00_12_2023,0.009453326463699313,1.104276418685913,129.59581562360498
WS23_L1_T1_P_0_trial_2_Tue_Mar__7_13_00_12_2023,0.009486973285674993,1.2035804986953735,129.59581562360498
WS23_L1_T1_P_0_trial_2_Tue_Mar__7_13_00_12_2023,0.009486973285674993,1.2035804986953735,129.59581562360498
WS23_L1_T1_P_0_trial_2_Tue_Mar__7_13_00_12_2023,0.009486973285674993,1.2035804986953735,129.59581562360498
WS23_L1_T1_P_0_trial_2_Tue_Mar__7_13_00_12_2023,0.009486973285674993,1.2035804986953735,129.59581562360498
WS23_L1_T1_P_0_trial_2_Tue_Mar__7_13_00_12_2023,0.009486973285674993,1.2035804986953735,129.59581562360498
WS23_L1_T1_P_0_trial_2_Tue_Mar__7_13_00_12_2023,0.009486973285674993,1.2035804986953735,129.59581562360498
WS23_L1_T1_P_0_trial_2_Tue_Mar__7_13_00_12_2023,0.009486973285674993,1.2035804986953735,129.59581562360498
WS23_L1_T1_P_0_trial_2_Tue_Mar__7_13_00_12_2023,0.00958018004894251,1.1916027069091797,129.59581562360498
WS23_L1_T1_P_0_trial_2_Tue_Mar__7_13_00_12_2023,0.00958018004894251,1.1916027069091797,129.59581562360498
WS23_L1_T1_P_0_trial_2_Tue_Mar__7_13_00_12_2023,0.00958018004894251,1.1916027069091797,129.59581562360498
WS23_L1_T1_P_0_trial_2_Tue_Mar__7_13_00_12_2023,0.00958018004894251,1.1916027069091797,129.59581562360498
WS23_L1_T1_P_0_trial_2_Tue_Mar__7_13_00_12_2023,0.00958018004894251,1.1916027069091797,129.59581562360498
WS23_L1_T1_P_0_trial_2_Tue_Mar__7_13_00_12_2023,0.00958018004894251,1.1916027069091797,129.59581562360498
WS23_L1_T1_P_0_trial_2_Tue_Mar__7_13_00_12_2023,0.00958018004894251,1.1916027069091797,129.59581562360498
WS23_L1_T1_P_0_trial_2_Tue_Mar__7_13_00_12_2023,0.00957278907299039,1.3125604391098022,129.59581562360498
WS23_L1_T1_P_0_trial_2_Tue_Mar__7_13_00_12_2023,0.00957278907299039,1.3125604391098022,129.59581562360498
WS23_L1_T1_P_0_trial_2_Tue_Mar__7_13_00_12_2023,0.00957278907299039,1.3125604391098022,129.59581562360498
WS23_L1_T1_P_0_trial_2_Tue_Mar__7_13_00_12_2023,0.00957278907299039,1.3125604391098022,129.59581562360498
WS23_L1_T1_P_0_trial_2_Tue_Mar__7_13_00_12_2023,0.00957278907299039,1.3125604391098022,129.59581562360498
WS23_L1_T1_P_0_trial_2_Tue_Mar__7_13_00_12_2023,0.00957278907299039,1.3125604391098022,129.59581562360498
WS23_L1_T1_P_0_trial_2_Tue_Mar__7_13_00_12_2023,0.009718134999275208,1.2130513191223145,129.59581562360498
WS23_L1_T1_P_0_trial_2_Tue_Mar__7_13_00_12_2023,0.009718134999275208,1.2130513191223145,129.59581562360498
WS23_L1_T1_P_0_trial_2_Tue_Mar__7_13_00_12_2023,0.009718134999275208,1.2130513191223145,129.59581562360498
WS23_L1_T1_P_0_trial_2_Tue_Mar__7_13_00_12_2023,0.009718134999275208,1.2130513191223145,129.59581562360498
WS23_L1_T1_P_0_trial_2_Tue_Mar__7_13_00_12_2023,0.009718134999275208,1.2130513191223145,129.59581562360498
WS23_L1_T1_P_0_trial_2_Tue_Mar__7_13_00_12_2023,0.009718134999275208,1.2130513191223145,129.59581562360498
WS23_L1_T1_P_0_trial_2_Tue_Mar__7_13_00_12_2023,0.009718134999275208,1.2130513191223145,129.59581562360498
WS23_L1_T1_P_0_trial_2_Tue_Mar__7_13_00_12_2023,0.009808763861656189,1.2399481534957886,129.59581562360498
WS23_L1_T1_P_0_trial_2_Tue_Mar__7_13_00_12_2023,0.009808763861656189,1.2399481534957886,129.59581562360498
WS23_L1_T1_P_0_trial_2_Tue_Mar__7_13_00_12_2023,0.009808763861656189,1.2399481534957886,129.59581562360498
WS23_L1_T1_P_0_trial_2_Tue_Mar__7_13_00_12_2023,0.009808763861656189,1.2399481534957886,129.59581562360498
WS23_L1_T1_P_0_trial_2_Tue_Mar__7_13_00_12_2023,0.009808763861656189,1.2399481534957886,129.59581562360498
WS23_L1_T1_P_0_trial_2_Tue_Mar__7_13_00_12_2023,0.009808763861656189,1.2399481534957886,129.59581562360498
WS23_L1_T1_P_0_trial_2_Tue_Mar__7_13_00_12_2023,0.009955212473869296,1.1677852869033811,129.59581562360498
WS23_L1_T1_P_0_trial_2_Tue_Mar__7_13_00_12_2023,0.009955212473869296,1.1677852869033811,129.59581562360498
WS23_L1_T1_P_0_trial_2_Tue_Mar__7_13_00_12_2023,0.009955212473869296,1.1677852869033811,129.59581562360498
WS23_L1_T1_P_0_trial_2_Tue_Mar__7_13_00_12_2023,0.009955212473869296,1.1677852869033811,129.59581562360498
WS23_L1_T1_P_0_trial_2_Tue_Mar__7_13_00_12_2023,0.009955212473869296,1.1677852869033811,129.59581562360498
WS23_L1_T1_P_0_trial_2_Tue_Mar__7_13_00_12_2023,0.009955212473869296,1.1677852869033811,129.59581562360498
WS23_L1_T1_P_0_trial_2_Tue_Mar__7_13_00_12_2023,0.01008462905883789,1.163199782371521,129.59581562360498
WS23_L1_T1_P_0_trial_2_Tue_Mar__7_13_00_12_2023,0.01008462905883789,1.163199782371521,129.59581562360498
WS23_L1_T1_P_0_trial_2_Tue_Mar__7_13_00_12_2023,0.01008462905883789,1.163199782371521,129.59581562360498
WS23_L1_T1_P_0_trial_2_Tue_Mar__7_13_00_12_2023,0.01008462905883789,1.163199782371521,129.59581562360498
WS23_L1_T1_P_0_trial_2_Tue_Mar__7_13_00_12_2023,0.01008462905883789,1.163199782371521,129.59581562360498
WS23_L1_T1_P_0_trial_2_Tue_Mar__7_13_00_12_2023,0.01008462905883789,1.163199782371521,129.59581562360498
WS23_L1_T1_P_0_trial_2_Tue_Mar__7_13_00_12_2023,0.0102787166833877,1.0733433961868286,129.59581562360498
WS23_L1_T1_P_0_trial_2_Tue_Mar__7_13_00_12_2023,0.0102787166833877,1.0733433961868286,129.59581562360498
WS23_L1_T1_P_0_trial_2_Tue_Mar__7_13_00_12_2023,0.0102787166833877,1.0733433961868286,129.59581562360498
WS23_L1_T1_P_0_trial_2_Tue_Mar__7_13_00_12_2023,0.0102787166833877,1.0733433961868286,129.59581562360498
WS23_L1_T1_P_0_trial_2_Tue_Mar__7_13_00_12_2023,0.0102787166833877,1.0733433961868286,129.59581562360498
WS23_L1_T1_P_0_trial_2_Tue_Mar__7_13_00_12_2023,0.0102787166833877,1.0733433961868286,129.59581562360498
WS23_L1_T1_P_0_trial_2_Tue_Mar__7_13_00_12_2023,0.0102787166833877,1.0733433961868286,129.59581562360498
WS23_L1_T1_P_0_trial_2_Tue_Mar__7_13_00_12_2023,0.010361880064010592,1.0949236154556274,129.59581562360498
WS23_L1_T1_P_0_trial_2_Tue_Mar__7_13_00_12_2023,0.010361880064010592,1.0949236154556274,129.59581562360498
WS23_L1_T1_P_0_trial_2_Tue_Mar__7_13_00_12_2023,0.010361880064010592,1.0949236154556274,129.59581562360498
WS23_L1_T1_P_0_trial_2_Tue_Mar__7_13_00_12_2023,0.010361880064010592,1.0949236154556274,129.59581562360498
WS23_L1_T1_P_0_trial_2_Tue_Mar__7_13_00_12_2023,0.010361880064010592,1.0949236154556274,129.59581562360498
WS23_L1_T1_P_0_trial_2_Tue_Mar__7_13_00_12_2023,0.010361880064010592,1.0949236154556274,129.59581562360498
WS23_L1_T1_P_0_trial_2_Tue_Mar__7_13_00_12_2023,0.010584741830825806,0.9420472979545592,129.59581562360498
WS23_L1_T1_P_0_trial_2_Tue_Mar__7_13_00_12_2023,0.010584741830825806,0.9420472979545592,129.59581562360498
WS23_L1_T1_P_0_trial_2_Tue_Mar__7_13_00_12_2023,0.010584741830825806,0.9420472979545592,129.59581562360498
WS23_L1_T1_P_0_trial_2_Tue_Mar__7_13_00_12_2023,0.010584741830825806,0.9420472979545592,129.59581562360498
WS23_L1_T1_P_0_trial_2_Tue_Mar__7_13_00_12_2023,0.010584741830825806,0.9420472979545592,129.59581562360498
WS23_L1_T1_P_0_trial_2_Tue_Mar__7_13_00_12_2023,0.010653227567672702,0.9113209247589112,129.59581562360498
WS23_L1_T1_P_0_trial_2_Tue_Mar__7_13_00_12_2023,0.010653227567672702,0.9113209247589112,129.59581562360498
WS23_L1_T1_P_0_trial_2_Tue_Mar__7_13_00_12_2023,0.010653227567672702,0.9113209247589112,129.59581562360498
WS23_L1_T1_P_0_trial_2_Tue_Mar__7_13_00_12_2023,0.010653227567672702,0.9113209247589112,129.59581562360498
WS23_L1_T1_P_0_trial_2_Tue_Mar__7_13_00_12_2023,0.010653227567672702,0.9113209247589112,129.59581562360498
WS23_L1_T1_P_0_trial_2_Tue_Mar__7_13_00_12_2023,0.010653227567672702,0.9113209247589112,129.59581562360498
WS23_L1_T1_P_0_trial_2_Tue_Mar__7_13_00_12_2023,0.010653227567672702,0.9113209247589112,129.59581562360498
WS23_L1_T1_P_0_trial_2_Tue_Mar__7_13_00_12_2023,0.010859996080398504,0.8695655465126038,129.59581562360498
WS23_L1_T1_P_0_trial_2_Tue_Mar__7_13_00_12_2023,0.010859996080398504,0.8695655465126038,129.59581562360498
WS23_L1_T1_P_0_trial_2_Tue_Mar__7_13_00_12_2023,0.010859996080398504,0.8695655465126038,129.59581562360498
WS23_L1_T1_P_0_trial_2_Tue_Mar__7_13_00_12_2023,0.010859996080398504,0.8695655465126038,129.59581562360498
WS23_L1_T1_P_0_trial_2_Tue_Mar__7_13_00_12_2023,0.010859996080398504,0.8695655465126038,129.59581562360498
WS23_L1_T1_P_0_trial_2_Tue_Mar__7_13_00_12_2023,0.010859996080398504,0.8695655465126038,129.59581562360498
WS23_L1_T1_P_0_trial_2_Tue_Mar__7_13_00_12_2023,0.010982885956764193,0.8839723467826843,129.59581562360498
WS23_L1_T1_P_0_trial_2_Tue_Mar__7_13_00_12_2023,0.010982885956764193,0.8839723467826843,129.59581562360498
WS23_L1_T1_P_0_trial_2_Tue_Mar__7_13_00_12_2023,0.010982885956764193,0.8839723467826843,129.59581562360498
WS23_L1_T1_P_0_trial_2_Tue_Mar__7_13_00_12_2023,0.010982885956764193,0.8839723467826843,129.59581562360498
WS23_L1_T1_P_0_trial_2_Tue_Mar__7_13_00_12_2023,0.010982885956764193,0.8839723467826843,129.59581562360498
WS23_L1_T1_P_0_trial_2_Tue_Mar__7_13_00_12_2023,0.010982885956764193,0.8839723467826843,129.59581562360498
WS23_L1_T1_P_0_trial_2_Tue_Mar__7_13_00_12_2023,0.011071503162384005,0.9225879311561584,129.59581562360498
WS23_L1_T1_P_0_trial_2_Tue_Mar__7_13_00_12_2023,0.011071503162384005,0.9225879311561584,129.59581562360498
WS23_L1_T1_P_0_trial_2_Tue_Mar__7_13_00_12_2023,0.011071503162384005,0.9225879311561584,129.59581562360498
WS23_L1_T1_P_0_trial_2_Tue_Mar__7_13_00_12_2023,0.011071503162384005,0.9225879311561584,129.59581562360498
WS23_L1_T1_P_0_trial_2_Tue_Mar__7_13_00_12_2023,0.011071503162384005,0.9225879311561584,129.59581562360498
WS23_L1_T1_P_0_trial_2_Tue_Mar__7_13_00_12_2023,0.011071503162384005,0.9225879311561584,129.59581562360498
WS23_L1_T1_P_0_trial_2_Tue_Mar__7_13_00_12_2023,0.011071503162384005,0.9225879311561584,129.59581562360498
WS23_L1_T1_P_0_trial_2_Tue_Mar__7_13_00_12_2023,0.011119112372398293,0.950193464756012,129.59581562360498
WS23_L1_T1_P_0_trial_2_Tue_Mar__7_13_00_12_2023,0.011119112372398293,0.950193464756012,129.59581562360498
WS23_L1_T1_P_0_trial_2_Tue_Mar__7_13_00_12_2023,0.011119112372398293,0.950193464756012,129.59581562360498
WS23_L1_T1_P_0_trial_2_Tue_Mar__7_13_00_12_2023,0.011119112372398293,0.950193464756012,129.59581562360498
WS23_L1_T1_P_0_trial_2_Tue_Mar__7_13_00_12_2023,0.011119112372398293,0.950193464756012,129.59581562360498
WS23_L1_T1_P_0_trial_2_Tue_Mar__7_13_00_12_2023,0.011301040649414007,0.8194357752799988,129.59581562360498
WS23_L1_T1_P_0_trial_2_Tue_Mar__7_13_00_12_2023,0.011301040649414007,0.8194357752799988,129.59581562360498
WS23_L1_T1_P_0_trial_2_Tue_Mar__7_13_00_12_2023,0.011301040649414007,0.8194357752799988,129.59581562360498
WS23_L1_T1_P_0_trial_2_Tue_Mar__7_13_00_12_2023,0.011301040649414007,0.8194357752799988,129.59581562360498
WS23_L1_T1_P_0_trial_2_Tue_Mar__7_13_00_12_2023,0.011301040649414007,0.8194357752799988,129.59581562360498
WS23_L1_T1_P_0_trial_2_Tue_Mar__7_13_00_12_2023,0.011301040649414007,0.8194357752799988,129.59581562360498
WS23_L1_T1_P_0_trial_2_Tue_Mar__7_13_00_12_2023,0.011332616209983798,0.8341103792190552,129.59581562360498
WS23_L1_T1_P_0_trial_2_Tue_Mar__7_13_00_12_2023,0.011332616209983798,0.8341103792190552,129.59581562360498
WS23_L1_T1_P_0_trial_2_Tue_Mar__7_13_00_12_2023,0.011332616209983798,0.8341103792190552,129.59581562360498
WS23_L1_T1_P_0_trial_2_Tue_Mar__7_13_00_12_2023,0.011332616209983798,0.8341103792190552,129.59581562360498
WS23_L1_T1_P_0_trial_2_Tue_Mar__7_13_00_12_2023,0.011332616209983798,0.8341103792190552,129.59581562360498
WS23_L1_T1_P_0_trial_2_Tue_Mar__7_13_00_12_2023,0.011332616209983798,0.8341103792190552,129.59581562360498
WS23_L1_T1_P_0_trial_2_Tue_Mar__7_13_00_12_2023,0.011447429656982394,0.9164178967475892,129.59581562360498
WS23_L1_T1_P_0_trial_2_Tue_Mar__7_13_00_12_2023,0.011447429656982394,0.9164178967475892,129.59581562360498
WS23_L1_T1_P_0_trial_2_Tue_Mar__7_13_00_12_2023,0.011447429656982394,0.9164178967475892,129.59581562360498
WS23_L1_T1_P_0_trial_2_Tue_Mar__7_13_00_12_2023,0.011447429656982394,0.9164178967475892,129.59581562360498
WS23_L1_T1_P_0_trial_2_Tue_Mar__7_13_00_12_2023,0.011447429656982394,0.9164178967475892,129.59581562360498
WS23_L1_T1_P_0_trial_2_Tue_Mar__7_13_00_12_2023,0.011447429656982394,0.9164178967475892,129.59581562360498
WS23_L1_T1_P_0_trial_2_Tue_Mar__7_13_00_12_2023,0.011447429656982394,0.9164178967475892,129.59581562360498
WS23_L1_T1_P_0_trial_2_Tue_Mar__7_13_00_12_2023,0.011562943458557101,0.9195302724838256,129.59581562360498
WS23_L1_T1_P_0_trial_2_Tue_Mar__7_13_00_12_2023,0.011562943458557101,0.9195302724838256,129.59581562360498
WS23_L1_T1_P_0_trial_2_Tue_Mar__7_13_00_12_2023,0.011562943458557101,0.9195302724838256,129.59581562360498
WS23_L1_T1_P_0_trial_2_Tue_Mar__7_13_00_12_2023,0.011562943458557101,0.9195302724838256,129.59581562360498
WS23_L1_T1_P_0_trial_2_Tue_Mar__7_13_00_12_2023,0.011562943458557101,0.9195302724838256,129.59581562360498
WS23_L1_T1_P_0_trial_2_Tue_Mar__7_13_00_12_2023,0.011562943458557101,0.9195302724838256,129.59581562360498
WS23_L1_T1_P_0_trial_2_Tue_Mar__7_13_00_12_2023,0.011626109480857794,0.9555006623268129,129.59581562360498
WS23_L1_T1_P_0_trial_2_Tue_Mar__7_13_00_12_2023,0.011626109480857794,0.9555006623268129,129.59581562360498
WS23_L1_T1_P_0_trial_2_Tue_Mar__7_13_00_12_2023,0.011626109480857794,0.9555006623268129,129.59581562360498
WS23_L1_T1_P_0_trial_2_Tue_Mar__7_13_00_12_2023,0.011626109480857794,0.9555006623268129,129.59581562360498
WS23_L1_T1_P_0_trial_2_Tue_Mar__7_13_00_12_2023,0.011626109480857794,0.9555006623268129,129.59581562360498
WS23_L1_T1_P_0_trial_2_Tue_Mar__7_13_00_12_2023,0.011626109480857794,0.9555006623268129,129.59581562360498
WS23_L1_T1_P_0_trial_2_Tue_Mar__7_13_00_12_2023,0.011687144637107794,1.0011173486709597,129.59581562360498
WS23_L1_T1_P_0_trial_2_Tue_Mar__7_13_00_12_2023,0.011687144637107794,1.0011173486709597,129.59581562360498
WS23_L1_T1_P_0_trial_2_Tue_Mar__7_13_00_12_2023,0.011687144637107794,1.0011173486709597,129.59581562360498
WS23_L1_T1_P_0_trial_2_Tue_Mar__7_13_00_12_2023,0.011687144637107794,1.0011173486709597,129.59581562360498
WS23_L1_T1_P_0_trial_2_Tue_Mar__7_13_00_12_2023,0.011687144637107794,1.0011173486709597,129.59581562360498
WS23_L1_T1_P_0_trial_2_Tue_Mar__7_13_00_12_2023,0.011687144637107794,1.0011173486709597,129.59581562360498
WS23_L1_T1_P_0_trial_2_Tue_Mar__7_13_00_12_2023,0.011764332652091897,1.0131454467773438,129.59581562360498
WS23_L1_T1_P_0_trial_2_Tue_Mar__7_13_00_12_2023,0.011764332652091897,1.0131454467773438,129.59581562360498
WS23_L1_T1_P_0_trial_2_Tue_Mar__7_13_00_12_2023,0.011764332652091897,1.0131454467773438,129.59581562360498
WS23_L1_T1_P_0_trial_2_Tue_Mar__7_13_00_12_2023,0.011764332652091897,1.0131454467773438,129.59581562360498
WS23_L1_T1_P_0_trial_2_Tue_Mar__7_13_00_12_2023,0.011764332652091897,1.0131454467773438,129.59581562360498
WS23_L1_T1_P_0_trial_2_Tue_Mar__7_13_00_12_2023,0.011764332652091897,1.0131454467773438,129.59581562360498
WS23_L1_T1_P_0_trial_2_Tue_Mar__7_13_00_12_2023,0.011764332652091897,1.0131454467773438,129.59581562360498
WS23_L1_T1_P_0_trial_2_Tue_Mar__7_13_00_12_2023,0.011867761611938393,0.926262617111206,129.59581562360498
WS23_L1_T1_P_0_trial_2_Tue_Mar__7_13_00_12_2023,0.011867761611938393,0.926262617111206,129.59581562360498
WS23_L1_T1_P_0_trial_2_Tue_Mar__7_13_00_12_2023,0.011867761611938393,0.926262617111206,129.59581562360498
WS23_L1_T1_P_0_trial_2_Tue_Mar__7_13_00_12_2023,0.011867761611938393,0.926262617111206,129.59581562360498
WS23_L1_T1_P_0_trial_2_Tue_Mar__7_13_00_12_2023,0.011867761611938393,0.926262617111206,129.59581562360498
WS23_L1_T1_P_0_trial_2_Tue_Mar__7_13_00_12_2023,0.011867761611938393,0.926262617111206,129.59581562360498
WS23_L1_T1_P_0_trial_2_Tue_Mar__7_13_00_12_2023,0.011867761611938393,0.926262617111206,129.59581562360498
WS23_L1_T1_P_0_trial_2_Tue_Mar__7_13_00_12_2023,0.011935636401176397,1.058000922203064,129.59581562360498
WS23_L1_T1_P_0_trial_2_Tue_Mar__7_13_00_12_2023,0.011935636401176397,1.058000922203064,129.59581562360498
WS23_L1_T1_P_0_trial_2_Tue_Mar__7_13_00_12_2023,0.011935636401176397,1.058000922203064,129.59581562360498
WS23_L1_T1_P_0_trial_2_Tue_Mar__7_13_00_12_2023,0.011935636401176397,1.058000922203064,129.59581562360498
WS23_L1_T1_P_0_trial_2_Tue_Mar__7_13_00_12_2023,0.011935636401176397,1.058000922203064,129.59581562360498
WS23_L1_T1_P_0_trial_2_Tue_Mar__7_13_00_12_2023,0.011935636401176397,1.058000922203064,129.59581562360498
WS23_L1_T1_P_0_trial_2_Tue_Mar__7_13_00_12_2023,0.011935636401176397,1.058000922203064,129.59581562360498
WS23_L1_T1_P_0_trial_2_Tue_Mar__7_13_00_12_2023,0.011983394622802707,0.9762858748435974,129.59581562360498
WS23_L1_T1_P_0_trial_2_Tue_Mar__7_13_00_12_2023,0.011983394622802707,0.9762858748435974,129.59581562360498
WS23_L1_T1_P_0_trial_2_Tue_Mar__7_13_00_12_2023,0.011983394622802707,0.9762858748435974,129.59581562360498
WS23_L1_T1_P_0_trial_2_Tue_Mar__7_13_00_12_2023,0.011983394622802707,0.9762858748435974,129.59581562360498
WS23_L1_T1_P_0_trial_2_Tue_Mar__7_13_00_12_2023,0.011983394622802707,0.9762858748435974,129.59581562360498
WS23_L1_T1_P_0_trial_2_Tue_Mar__7_13_00_12_2023,0.011983394622802707,0.9762858748435974,129.59581562360498
WS23_L1_T1_P_0_trial_2_Tue_Mar__7_13_00_12_2023,0.011983394622802707,0.9762858748435974,129.59581562360498
WS23_L1_T1_P_0_trial_2_Tue_Mar__7_13_00_12_2023,0.012021645903587314,1.1662870645523071,129.59581562360498
WS23_L1_T1_P_0_trial_2_Tue_Mar__7_13_00_12_2023,0.012021645903587314,1.1662870645523071,129.59581562360498
WS23_L1_T1_P_0_trial_2_Tue_Mar__7_13_00_12_2023,0.012021645903587314,1.1662870645523071,129.59581562360498
WS23_L1_T1_P_0_trial_2_Tue_Mar__7_13_00_12_2023,0.012021645903587314,1.1662870645523071,129.59581562360498
WS23_L1_T1_P_0_trial_2_Tue_Mar__7_13_00_12_2023,0.012021645903587314,1.1662870645523071,129.59581562360498
WS23_L1_T1_P_0_trial_2_Tue_Mar__7_13_00_12_2023,0.012021645903587314,1.1662870645523071,129.59581562360498
WS23_L1_T1_P_0_trial_2_Tue_Mar__7_13_00_12_2023,0.0121163129806518,1.1250234842300415,129.59581562360498
WS23_L1_T1_P_0_trial_2_Tue_Mar__7_13_00_12_2023,0.0121163129806518,1.1250234842300415,129.59581562360498
WS23_L1_T1_P_0_trial_2_Tue_Mar__7_13_00_12_2023,0.0121163129806518,1.1250234842300415,129.59581562360498
WS23_L1_T1_P_0_trial_2_Tue_Mar__7_13_00_12_2023,0.0121163129806518,1.1250234842300415,129.59581562360498
WS23_L1_T1_P_0_trial_2_Tue_Mar__7_13_00_12_2023,0.0121163129806518,1.1250234842300415,129.59581562360498
WS23_L1_T1_P_0_trial_2_Tue_Mar__7_13_00_12_2023,0.0121163129806518,1.1250234842300415,129.59581562360498
WS23_L1_T1_P_0_trial_2_Tue_Mar__7_13_00_12_2023,0.0121163129806518,1.1250234842300415,129.59581562360498
WS23_L1_T1_P_0_trial_2_Tue_Mar__7_13_00_12_2023,0.012142419815063393,1.127662181854248,129.59581562360498
WS23_L1_T1_P_0_trial_2_Tue_Mar__7_13_00_12_2023,0.012142419815063393,1.127662181854248,129.59581562360498
WS23_L1_T1_P_0_trial_2_Tue_Mar__7_13_00_12_2023,0.012142419815063393,1.127662181854248,129.59581562360498
WS23_L1_T1_P_0_trial_2_Tue_Mar__7_13_00_12_2023,0.012142419815063393,1.127662181854248,129.59581562360498
WS23_L1_T1_P_0_trial_2_Tue_Mar__7_13_00_12_2023,0.012142419815063393,1.127662181854248,129.59581562360498
WS23_L1_T1_P_0_trial_2_Tue_Mar__7_13_00_12_2023,0.012142419815063393,1.127662181854248,129.59581562360498
WS23_L1_T1_P_0_trial_2_Tue_Mar__7_13_00_12_2023,0.012224420905113192,1.2394970655441284,129.59581562360498
WS23_L1_T1_P_0_trial_2_Tue_Mar__7_13_00_12_2023,0.012224420905113192,1.2394970655441284,129.59581562360498
WS23_L1_T1_P_0_trial_2_Tue_Mar__7_13_00_12_2023,0.012224420905113192,1.2394970655441284,129.59581562360498
WS23_L1_T1_P_0_trial_2_Tue_Mar__7_13_00_12_2023,0.012224420905113192,1.2394970655441284,129.59581562360498
WS23_L1_T1_P_0_trial_2_Tue_Mar__7_13_00_12_2023,0.012224420905113192,1.2394970655441284,129.59581562360498
WS23_L1_T1_P_0_trial_2_Tue_Mar__7_13_00_12_2023,0.012224420905113192,1.2394970655441284,129.59581562360498
WS23_L1_T1_P_0_trial_2_Tue_Mar__7_13_00_12_2023,0.012279644608497592,1.2710310220718384,129.59581562360498
WS23_L1_T1_P_0_trial_2_Tue_Mar__7_13_00_12_2023,0.012279644608497592,1.2710310220718384,129.59581562360498
WS23_L1_T1_P_0_trial_2_Tue_Mar__7_13_00_12_2023,0.012279644608497592,1.2710310220718384,129.59581562360498
WS23_L1_T1_P_0_trial_2_Tue_Mar__7_13_00_12_2023,0.012279644608497592,1.2710310220718384,129.59581562360498
WS23_L1_T1_P_0_trial_2_Tue_Mar__7_13_00_12_2023,0.012279644608497592,1.2710310220718384,129.59581562360498
WS23_L1_T1_P_0_trial_2_Tue_Mar__7_13_00_12_2023,0.012365683913230896,1.285517692565918,129.59581562360498
WS23_L1_T1_P_0_trial_2_Tue_Mar__7_13_00_12_2023,0.012365683913230896,1.285517692565918,129.59581562360498
WS23_L1_T1_P_0_trial_2_Tue_Mar__7_13_00_12_2023,0.012365683913230896,1.285517692565918,129.59581562360498
WS23_L1_T1_P_0_trial_2_Tue_Mar__7_13_00_12_2023,0.012365683913230896,1.285517692565918,129.59581562360498
WS23_L1_T1_P_0_trial_2_Tue_Mar__7_13_00_12_2023,0.012365683913230896,1.285517692565918,129.59581562360498
WS23_L1_T1_P_0_trial_2_Tue_Mar__7_13_00_12_2023,0.012365683913230896,1.285517692565918,129.59581562360498
WS23_L1_T1_P_0_trial_2_Tue_Mar__7_13_00_12_2023,0.012408643960952703,1.3311823606491089,129.59581562360498
WS23_L1_T1_P_0_trial_2_Tue_Mar__7_13_00_12_2023,0.012408643960952703,1.3311823606491089,129.59581562360498
WS23_L1_T1_P_0_trial_2_Tue_Mar__7_13_00_12_2023,0.012408643960952703,1.3311823606491089,129.59581562360498
WS23_L1_T1_P_0_trial_2_Tue_Mar__7_13_00_12_2023,0.012408643960952703,1.3311823606491089,129.59581562360498
WS23_L1_T1_P_0_trial_2_Tue_Mar__7_13_00_12_2023,0.012520849704742404,1.3369879722595217,129.59581562360498
WS23_L1_T1_P_0_trial_2_Tue_Mar__7_13_00_12_2023,0.012520849704742404,1.3369879722595217,129.59581562360498
WS23_L1_T1_P_0_trial_2_Tue_Mar__7_13_00_12_2023,0.012520849704742404,1.3369879722595217,129.59581562360498
WS23_L1_T1_P_0_trial_2_Tue_Mar__7_13_00_12_2023,0.012520849704742404,1.3369879722595217,129.59581562360498
WS23_L1_T1_P_0_trial_2_Tue_Mar__7_13_00_12_2023,0.012520849704742404,1.3369879722595217,129.59581562360498
WS23_L1_T1_P_0_trial_2_Tue_Mar__7_13_00_12_2023,0.012520849704742404,1.3369879722595217,129.59581562360498
WS23_L1_T1_P_0_trial_2_Tue_Mar__7_13_00_12_2023,0.01261238753795621,1.203560709953308,129.59581562360498
WS23_L1_T1_P_0_trial_2_Tue_Mar__7_13_00_12_2023,0.01261238753795621,1.203560709953308,129.59581562360498
WS23_L1_T1_P_0_trial_2_Tue_Mar__7_13_00_12_2023,0.01261238753795621,1.203560709953308,129.59581562360498
WS23_L1_T1_P_0_trial_2_Tue_Mar__7_13_00_12_2023,0.01261238753795621,1.203560709953308,129.59581562360498
WS23_L1_T1_P_0_trial_2_Tue_Mar__7_13_00_12_2023,0.01261238753795621,1.203560709953308,129.59581562360498
WS23_L1_T1_P_0_trial_2_Tue_Mar__7_13_00_12_2023,0.01261238753795621,1.203560709953308,129.59581562360498
WS23_L1_T1_P_0_trial_2_Tue_Mar__7_13_00_12_2023,0.01266549527645111,1.40108060836792,129.59581562360498
WS23_L1_T1_P_0_trial_2_Tue_Mar__7_13_00_12_2023,0.01266549527645111,1.40108060836792,129.59581562360498
WS23_L1_T1_P_0_trial_2_Tue_Mar__7_13_00_12_2023,0.01266549527645111,1.40108060836792,129.59581562360498
WS23_L1_T1_P_0_trial_2_Tue_Mar__7_13_00_12_2023,0.01266549527645111,1.40108060836792,129.59581562360498
WS23_L1_T1_P_0_trial_2_Tue_Mar__7_13_00_12_2023,0.01266549527645111,1.40108060836792,129.59581562360498
WS23_L1_T1_P_0_trial_2_Tue_Mar__7_13_00_12_2023,0.01266549527645111,1.40108060836792,129.59581562360498
WS23_L1_T1_P_0_trial_2_Tue_Mar__7_13_00_12_2023,0.012733414769172613,1.3257875442504885,129.59581562360498
WS23_L1_T1_P_0_trial_2_Tue_Mar__7_13_00_12_2023,0.012733414769172613,1.3257875442504885,129.59581562360498
WS23_L1_T1_P_0_trial_2_Tue_Mar__7_13_00_12_2023,0.012733414769172613,1.3257875442504885,129.59581562360498
WS23_L1_T1_P_0_trial_2_Tue_Mar__7_13_00_12_2023,0.012733414769172613,1.3257875442504885,129.59581562360498
WS23_L1_T1_P_0_trial_2_Tue_Mar__7_13_00_12_2023,0.012733414769172613,1.3257875442504885,129.59581562360498
WS23_L1_T1_P_0_trial_2_Tue_Mar__7_13_00_12_2023,0.012733414769172613,1.3257875442504885,129.59581562360498
WS23_L1_T1_P_0_trial_2_Tue_Mar__7_13_00_12_2023,0.012896731495857211,1.314358472824097,129.59581562360498
WS23_L1_T1_P_0_trial_2_Tue_Mar__7_13_00_12_2023,0.012896731495857211,1.314358472824097,129.59581562360498
WS23_L1_T1_P_0_trial_2_Tue_Mar__7_13_00_12_2023,0.012896731495857211,1.314358472824097,129.59581562360498
WS23_L1_T1_P_0_trial_2_Tue_Mar__7_13_00_12_2023,0.012896731495857211,1.314358472824097,129.59581562360498
WS23_L1_T1_P_0_trial_2_Tue_Mar__7_13_00_12_2023,0.012896731495857211,1.314358472824097,129.59581562360498
WS23_L1_T1_P_0_trial_2_Tue_Mar__7_13_00_12_2023,0.012896731495857211,1.314358472824097,129.59581562360498
WS23_L1_T1_P_0_trial_2_Tue_Mar__7_13_00_12_2023,0.013012498617172213,1.232559323310852,129.59581562360498
WS23_L1_T1_P_0_trial_2_Tue_Mar__7_13_00_12_2023,0.013012498617172213,1.232559323310852,129.59581562360498
WS23_L1_T1_P_0_trial_2_Tue_Mar__7_13_00_12_2023,0.013012498617172213,1.232559323310852,129.59581562360498
WS23_L1_T1_P_0_trial_2_Tue_Mar__7_13_00_12_2023,0.013012498617172213,1.232559323310852,129.59581562360498
WS23_L1_T1_P_0_trial_2_Tue_Mar__7_13_00_12_2023,0.013012498617172213,1.232559323310852,129.59581562360498
WS23_L1_T1_P_0_trial_2_Tue_Mar__7_13_00_12_2023,0.013012498617172213,1.232559323310852,129.59581562360498
WS23_L1_T1_P_0_trial_2_Tue_Mar__7_13_00_12_2023,0.013208925724029513,1.2178906202316284,129.59581562360498
WS23_L1_T1_P_0_trial_2_Tue_Mar__7_13_00_12_2023,0.013208925724029513,1.2178906202316284,129.59581562360498
WS23_L1_T1_P_0_trial_2_Tue_Mar__7_13_00_12_2023,0.013208925724029513,1.2178906202316284,129.59581562360498
WS23_L1_T1_P_0_trial_2_Tue_Mar__7_13_00_12_2023,0.013208925724029513,1.2178906202316284,129.59581562360498
WS23_L1_T1_P_0_trial_2_Tue_Mar__7_13_00_12_2023,0.013208925724029513,1.2178906202316284,129.59581562360498
WS23_L1_T1_P_0_trial_2_Tue_Mar__7_13_00_12_2023,0.013405278325080788,1.1615469455718994,129.59581562360498
WS23_L1_T1_P_0_trial_2_Tue_Mar__7_13_00_12_2023,0.013405278325080788,1.1615469455718994,129.59581562360498
WS23_L1_T1_P_0_trial_2_Tue_Mar__7_13_00_12_2023,0.013405278325080788,1.1615469455718994,129.59581562360498
WS23_L1_T1_P_0_trial_2_Tue_Mar__7_13_00_12_2023,0.013405278325080788,1.1615469455718994,129.59581562360498
WS23_L1_T1_P_0_trial_2_Tue_Mar__7_13_00_12_2023,0.013405278325080788,1.1615469455718994,129.59581562360498
WS23_L1_T1_P_0_trial_2_Tue_Mar__7_13_00_12_2023,0.013405278325080788,1.1615469455718994,129.59581562360498
WS23_L1_T1_P_0_trial_2_Tue_Mar__7_13_00_12_2023,0.013527601957321111,0.9900573492050172,129.59581562360498
WS23_L1_T1_P_0_trial_2_Tue_Mar__7_13_00_12_2023,0.013527601957321111,0.9900573492050172,129.59581562360498
WS23_L1_T1_P_0_trial_2_Tue_Mar__7_13_00_12_2023,0.013527601957321111,0.9900573492050172,129.59581562360498
WS23_L1_T1_P_0_trial_2_Tue_Mar__7_13_00_12_2023,0.013527601957321111,0.9900573492050172,129.59581562360498
WS23_L1_T1_P_0_trial_2_Tue_Mar__7_13_00_12_2023,0.013527601957321111,0.9900573492050172,129.59581562360498
WS23_L1_T1_P_0_trial_2_Tue_Mar__7_13_00_12_2023,0.013527601957321111,0.9900573492050172,129.59581562360498
WS23_L1_T1_P_0_trial_2_Tue_Mar__7_13_00_12_2023,0.013527601957321111,0.9900573492050172,129.59581562360498
WS23_L1_T1_P_0_trial_2_Tue_Mar__7_13_00_12_2023,0.013648703694343511,1.1207619905471802,129.59581562360498
WS23_L1_T1_P_0_trial_2_Tue_Mar__7_13_00_12_2023,0.013648703694343511,1.1207619905471802,129.59581562360498
WS23_L1_T1_P_0_trial_2_Tue_Mar__7_13_00_12_2023,0.013648703694343511,1.1207619905471802,129.59581562360498
WS23_L1_T1_P_0_trial_2_Tue_Mar__7_13_00_12_2023,0.013648703694343511,1.1207619905471802,129.59581562360498
WS23_L1_T1_P_0_trial_2_Tue_Mar__7_13_00_12_2023,0.013648703694343511,1.1207619905471802,129.59581562360498
WS23_L1_T1_P_0_trial_2_Tue_Mar__7_13_00_12_2023,0.013648703694343511,1.1207619905471802,129.59581562360498
WS23_L1_T1_P_0_trial_2_Tue_Mar__7_13_00_12_2023,0.013648703694343511,1.1207619905471802,129.59581562360498
WS23_L1_T1_P_0_trial_2_Tue_Mar__7_13_00_12_2023,0.013648703694343511,1.1207619905471802,129.59581562360498
WS23_L1_T1_P_0_trial_2_Tue_Mar__7_13_00_12_2023,0.013745516538619995,1.009182333946228,129.59581562360498
WS23_L1_T1_P_0_trial_2_Tue_Mar__7_13_00_12_2023,0.013745516538619995,1.009182333946228,129.59581562360498
WS23_L1_T1_P_0_trial_2_Tue_Mar__7_13_00_12_2023,0.013745516538619995,1.009182333946228,129.59581562360498
WS23_L1_T1_P_0_trial_2_Tue_Mar__7_13_00_12_2023,0.013745516538619995,1.009182333946228,129.59581562360498
WS23_L1_T1_P_0_trial_2_Tue_Mar__7_13_00_12_2023,0.013745516538619995,1.009182333946228,129.59581562360498
WS23_L1_T1_P_0_trial_2_Tue_Mar__7_13_00_12_2023,0.013745516538619995,1.009182333946228,129.59581562360498
WS23_L1_T1_P_0_trial_2_Tue_Mar__7_13_00_12_2023,0.013888776302337591,0.954537034034729,129.59581562360498
WS23_L1_T1_P_0_trial_2_Tue_Mar__7_13_00_12_2023,0.013888776302337591,0.954537034034729,129.59581562360498
WS23_L1_T1_P_0_trial_2_Tue_Mar__7_13_00_12_2023,0.013888776302337591,0.954537034034729,129.59581562360498
WS23_L1_T1_P_0_trial_2_Tue_Mar__7_13_00_12_2023,0.013888776302337591,0.954537034034729,129.59581562360498
WS23_L1_T1_P_0_trial_2_Tue_Mar__7_13_00_12_2023,0.013888776302337591,0.954537034034729,129.59581562360498
WS23_L1_T1_P_0_trial_2_Tue_Mar__7_13_00_12_2023,0.013888776302337591,0.954537034034729,129.59581562360498
WS23_L1_T1_P_0_trial_2_Tue_Mar__7_13_00_12_2023,0.014000430703163091,1.0707608461380005,129.59581562360498
WS23_L1_T1_P_0_trial_2_Tue_Mar__7_13_00_12_2023,0.014000430703163091,1.0707608461380005,129.59581562360498
WS23_L1_T1_P_0_trial_2_Tue_Mar__7_13_00_12_2023,0.014000430703163091,1.0707608461380005,129.59581562360498
WS23_L1_T1_P_0_trial_2_Tue_Mar__7_13_00_12_2023,0.014000430703163091,1.0707608461380005,129.59581562360498
WS23_L1_T1_P_0_trial_2_Tue_Mar__7_13_00_12_2023,0.014000430703163091,1.0707608461380005,129.59581562360498
WS23_L1_T1_P_0_trial_2_Tue_Mar__7_13_00_12_2023,0.014000430703163091,1.0707608461380005,129.59581562360498
WS23_L1_T1_P_0_trial_2_Tue_Mar__7_13_00_12_2023,0.014000430703163091,1.0707608461380005,129.59581562360498
WS23_L1_T1_P_0_trial_2_Tue_Mar__7_13_00_12_2023,0.014083832502365112,1.0699387788772583,129.59581562360498
WS23_L1_T1_P_0_trial_2_Tue_Mar__7_13_00_12_2023,0.014083832502365112,1.0699387788772583,129.59581562360498
WS23_L1_T1_P_0_trial_2_Tue_Mar__7_13_00_12_2023,0.014083832502365112,1.0699387788772583,129.59581562360498
WS23_L1_T1_P_0_trial_2_Tue_Mar__7_13_00_12_2023,0.014083832502365112,1.0699387788772583,129.59581562360498
WS23_L1_T1_P_0_trial_2_Tue_Mar__7_13_00_12_2023,0.014083832502365112,1.0699387788772583,129.59581562360498
WS23_L1_T1_P_0_trial_2_Tue_Mar__7_13_00_12_2023,0.014083832502365112,1.0699387788772583,129.59581562360498
WS23_L1_T1_P_0_trial_2_Tue_Mar__7_13_00_12_2023,0.014143720269203103,1.107325315475464,129.59581562360498
WS23_L1_T1_P_0_trial_2_Tue_Mar__7_13_00_12_2023,0.014143720269203103,1.107325315475464,129.59581562360498
WS23_L1_T1_P_0_trial_2_Tue_Mar__7_13_00_12_2023,0.014143720269203103,1.107325315475464,129.59581562360498
WS23_L1_T1_P_0_trial_2_Tue_Mar__7_13_00_12_2023,0.014143720269203103,1.107325315475464,129.59581562360498
WS23_L1_T1_P_0_trial_2_Tue_Mar__7_13_00_12_2023,0.014143720269203103,1.107325315475464,129.59581562360498
WS23_L1_T1_P_0_trial_2_Tue_Mar__7_13_00_12_2023,0.014143720269203103,1.107325315475464,129.59581562360498
WS23_L1_T1_P_0_trial_2_Tue_Mar__7_13_00_12_2023,0.014143720269203103,1.107325315475464,129.59581562360498
WS23_L1_T1_P_0_trial_2_Tue_Mar__7_13_00_12_2023,0.014275580644607488,1.0750800371170044,129.59581562360498
WS23_L1_T1_P_0_trial_2_Tue_Mar__7_13_00_12_2023,0.014275580644607488,1.0750800371170044,129.59581562360498
WS23_L1_T1_P_0_trial_2_Tue_Mar__7_13_00_12_2023,0.014275580644607488,1.0750800371170044,129.59581562360498
WS23_L1_T1_P_0_trial_2_Tue_Mar__7_13_00_12_2023,0.014275580644607488,1.0750800371170044,129.59581562360498
WS23_L1_T1_P_0_trial_2_Tue_Mar__7_13_00_12_2023,0.014275580644607488,1.0750800371170044,129.59581562360498
WS23_L1_T1_P_0_trial_2_Tue_Mar__7_13_00_12_2023,0.014275580644607488,1.0750800371170044,129.59581562360498
WS23_L1_T1_P_0_trial_2_Tue_Mar__7_13_00_12_2023,0.014349505305290194,1.0247613191604614,129.59581562360498
WS23_L1_T1_P_0_trial_2_Tue_Mar__7_13_00_12_2023,0.014349505305290194,1.0247613191604614,129.59581562360498
WS23_L1_T1_P_0_trial_2_Tue_Mar__7_13_00_12_2023,0.014349505305290194,1.0247613191604614,129.59581562360498
WS23_L1_T1_P_0_trial_2_Tue_Mar__7_13_00_12_2023,0.014349505305290194,1.0247613191604614,129.59581562360498
WS23_L1_T1_P_0_trial_2_Tue_Mar__7_13_00_12_2023,0.014349505305290194,1.0247613191604614,129.59581562360498
WS23_L1_T1_P_0_trial_2_Tue_Mar__7_13_00_12_2023,0.014349505305290194,1.0247613191604614,129.59581562360498
WS23_L1_T1_P_0_trial_2_Tue_Mar__7_13_00_12_2023,0.014349505305290194,1.0247613191604614,129.59581562360498
WS23_L1_T1_P_0_trial_2_Tue_Mar__7_13_00_12_2023,0.014431565999984713,1.1540780067443848,129.59581562360498
WS23_L1_T1_P_0_trial_2_Tue_Mar__7_13_00_12_2023,0.014431565999984713,1.1540780067443848,129.59581562360498
WS23_L1_T1_P_0_trial_2_Tue_Mar__7_13_00_12_2023,0.014431565999984713,1.1540780067443848,129.59581562360498
WS23_L1_T1_P_0_trial_2_Tue_Mar__7_13_00_12_2023,0.014431565999984713,1.1540780067443848,129.59581562360498
WS23_L1_T1_P_0_trial_2_Tue_Mar__7_13_00_12_2023,0.014431565999984713,1.1540780067443848,129.59581562360498
WS23_L1_T1_P_0_trial_2_Tue_Mar__7_13_00_12_2023,0.014494180679321289,1.0597444772720337,129.59581562360498
WS23_L1_T1_P_0_trial_2_Tue_Mar__7_13_00_12_2023,0.014494180679321289,1.0597444772720337,129.59581562360498
WS23_L1_T1_P_0_trial_2_Tue_Mar__7_13_00_12_2023,0.014494180679321289,1.0597444772720337,129.59581562360498
WS23_L1_T1_P_0_trial_2_Tue_Mar__7_13_00_12_2023,0.014494180679321289,1.0597444772720337,129.59581562360498
WS23_L1_T1_P_0_trial_2_Tue_Mar__7_13_00_12_2023,0.014494180679321289,1.0597444772720337,129.59581562360498
WS23_L1_T1_P_0_trial_2_Tue_Mar__7_13_00_12_2023,0.014494180679321289,1.0597444772720337,129.59581562360498
WS23_L1_T1_P_0_trial_2_Tue_Mar__7_13_00_12_2023,0.014550730586051913,1.2125887870788574,129.59581562360498
WS23_L1_T1_P_0_trial_2_Tue_Mar__7_13_00_12_2023,0.014550730586051913,1.2125887870788574,129.59581562360498
WS23_L1_T1_P_0_trial_2_Tue_Mar__7_13_00_12_2023,0.014550730586051913,1.2125887870788574,129.59581562360498
WS23_L1_T1_P_0_trial_2_Tue_Mar__7_13_00_12_2023,0.014550730586051913,1.2125887870788574,129.59581562360498
WS23_L1_T1_P_0_trial_2_Tue_Mar__7_13_00_12_2023,0.014550730586051913,1.2125887870788574,129.59581562360498
WS23_L1_T1_P_0_trial_2_Tue_Mar__7_13_00_12_2023,0.014550730586051913,1.2125887870788574,129.59581562360498
WS23_L1_T1_P_0_trial_2_Tue_Mar__7_13_00_12_2023,0.014550730586051913,1.2125887870788574,129.59581562360498
WS23_L1_T1_P_0_trial_2_Tue_Mar__7_13_00_12_2023,0.014550730586051913,1.2125887870788574,129.59581562360498
WS23_L1_T1_P_0_trial_2_Tue_Mar__7_13_00_12_2023,0.014616638422012301,1.2750244140625,129.59581562360498
WS23_L1_T1_P_0_trial_2_Tue_Mar__7_13_00_12_2023,0.014616638422012301,1.2750244140625,129.59581562360498
WS23_L1_T1_P_0_trial_2_Tue_Mar__7_13_00_12_2023,0.014616638422012301,1.2750244140625,129.59581562360498
WS23_L1_T1_P_0_trial_2_Tue_Mar__7_13_00_12_2023,0.014616638422012301,1.2750244140625,129.59581562360498
WS23_L1_T1_P_0_trial_2_Tue_Mar__7_13_00_12_2023,0.014616638422012301,1.2750244140625,129.59581562360498
WS23_L1_T1_P_0_trial_2_Tue_Mar__7_13_00_12_2023,0.014689922332763589,1.270685791969299,129.59581562360498
WS23_L1_T1_P_0_trial_2_Tue_Mar__7_13_00_12_2023,0.014689922332763589,1.270685791969299,129.59581562360498
WS23_L1_T1_P_0_trial_2_Tue_Mar__7_13_00_12_2023,0.014689922332763589,1.270685791969299,129.59581562360498
WS23_L1_T1_P_0_trial_2_Tue_Mar__7_13_00_12_2023,0.014689922332763589,1.270685791969299,129.59581562360498
WS23_L1_T1_P_0_trial_2_Tue_Mar__7_13_00_12_2023,0.014689922332763589,1.270685791969299,129.59581562360498
WS23_L1_T1_P_0_trial_2_Tue_Mar__7_13_00_12_2023,0.014689922332763589,1.270685791969299,129.59581562360498
WS23_L1_T1_P_0_trial_2_Tue_Mar__7_13_00_12_2023,0.014689922332763589,1.270685791969299,129.59581562360498
WS23_L1_T1_P_0_trial_2_Tue_Mar__7_13_00_12_2023,0.014784127473831093,1.2756670713424685,129.59581562360498
WS23_L1_T1_P_0_trial_2_Tue_Mar__7_13_00_12_2023,0.014784127473831093,1.2756670713424685,129.59581562360498
WS23_L1_T1_P_0_trial_2_Tue_Mar__7_13_00_12_2023,0.014784127473831093,1.2756670713424685,129.59581562360498
WS23_L1_T1_P_0_trial_2_Tue_Mar__7_13_00_12_2023,0.014784127473831093,1.2756670713424685,129.59581562360498
WS23_L1_T1_P_0_trial_2_Tue_Mar__7_13_00_12_2023,0.014784127473831093,1.2756670713424685,129.59581562360498
WS23_L1_T1_P_0_trial_2_Tue_Mar__7_13_00_12_2023,0.01483458280563349,1.304745078086853,129.59581562360498
WS23_L1_T1_P_0_trial_2_Tue_Mar__7_13_00_12_2023,0.01483458280563349,1.304745078086853,129.59581562360498
WS23_L1_T1_P_0_trial_2_Tue_Mar__7_13_00_12_2023,0.01483458280563349,1.304745078086853,129.59581562360498
WS23_L1_T1_P_0_trial_2_Tue_Mar__7_13_00_12_2023,0.01483458280563349,1.304745078086853,129.59581562360498
WS23_L1_T1_P_0_trial_2_Tue_Mar__7_13_00_12_2023,0.01483458280563349,1.304745078086853,129.59581562360498
WS23_L1_T1_P_0_trial_2_Tue_Mar__7_13_00_12_2023,0.01483458280563349,1.304745078086853,129.59581562360498
WS23_L1_T1_P_0_trial_2_Tue_Mar__7_13_00_12_2023,0.014907300472259494,1.359174370765686,129.59581562360498
WS23_L1_T1_P_0_trial_2_Tue_Mar__7_13_00_12_2023,0.014907300472259494,1.359174370765686,129.59581562360498
WS23_L1_T1_P_0_trial_2_Tue_Mar__7_13_00_12_2023,0.014907300472259494,1.359174370765686,129.59581562360498
WS23_L1_T1_P_0_trial_2_Tue_Mar__7_13_00_12_2023,0.014907300472259494,1.359174370765686,129.59581562360498
WS23_L1_T1_P_0_trial_2_Tue_Mar__7_13_00_12_2023,0.014907300472259494,1.359174370765686,129.59581562360498
WS23_L1_T1_P_0_trial_2_Tue_Mar__7_13_00_12_2023,0.014907300472259494,1.359174370765686,129.59581562360498
WS23_L1_T1_P_0_trial_2_Tue_Mar__7_13_00_12_2023,0.014907300472259494,1.359174370765686,129.59581562360498
WS23_L1_T1_P_0_trial_2_Tue_Mar__7_13_00_12_2023,0.015002176165580694,1.3528753519058228,129.59581562360498
WS23_L1_T1_P_0_trial_2_Tue_Mar__7_13_00_12_2023,0.015002176165580694,1.3528753519058228,129.59581562360498
WS23_L1_T1_P_0_trial_2_Tue_Mar__7_13_00_12_2023,0.015002176165580694,1.3528753519058228,129.59581562360498
WS23_L1_T1_P_0_trial_2_Tue_Mar__7_13_00_12_2023,0.015002176165580694,1.3528753519058228,129.59581562360498
WS23_L1_T1_P_0_trial_2_Tue_Mar__7_13_00_12_2023,0.015002176165580694,1.3528753519058228,129.59581562360498
WS23_L1_T1_P_0_trial_2_Tue_Mar__7_13_00_12_2023,0.015002176165580694,1.3528753519058228,129.59581562360498
WS23_L1_T1_P_0_trial_2_Tue_Mar__7_13_00_12_2023,0.015002176165580694,1.3528753519058228,129.59581562360498
WS23_L1_T1_P_0_trial_2_Tue_Mar__7_13_00_12_2023,0.015054643154144287,1.2758302688598633,129.59581562360498
WS23_L1_T1_P_0_trial_2_Tue_Mar__7_13_00_12_2023,0.015054643154144287,1.2758302688598633,129.59581562360498
WS23_L1_T1_P_0_trial_2_Tue_Mar__7_13_00_12_2023,0.015054643154144287,1.2758302688598633,129.59581562360498
WS23_L1_T1_P_0_trial_2_Tue_Mar__7_13_00_12_2023,0.015054643154144287,1.2758302688598633,129.59581562360498
WS23_L1_T1_P_0_trial_2_Tue_Mar__7_13_00_12_2023,0.015054643154144287,1.2758302688598633,129.59581562360498
WS23_L1_T1_P_0_trial_2_Tue_Mar__7_13_00_12_2023,0.015054643154144287,1.2758302688598633,129.59581562360498
WS23_L1_T1_P_0_trial_2_Tue_Mar__7_13_00_12_2023,0.015127211809158297,1.3284319639205933,129.59581562360498
WS23_L1_T1_P_0_trial_2_Tue_Mar__7_13_00_12_2023,0.015127211809158297,1.3284319639205933,129.59581562360498
WS23_L1_T1_P_0_trial_2_Tue_Mar__7_13_00_12_2023,0.015127211809158297,1.3284319639205933,129.59581562360498
WS23_L1_T1_P_0_trial_2_Tue_Mar__7_13_00_12_2023,0.015127211809158297,1.3284319639205933,129.59581562360498
WS23_L1_T1_P_0_trial_2_Tue_Mar__7_13_00_12_2023,0.015177115797996493,1.4713314771652222,129.59581562360498
WS23_L1_T1_P_0_trial_2_Tue_Mar__7_13_00_12_2023,0.015177115797996493,1.4713314771652222,129.59581562360498
WS23_L1_T1_P_0_trial_2_Tue_Mar__7_13_00_12_2023,0.015177115797996493,1.4713314771652222,129.59581562360498
WS23_L1_T1_P_0_trial_2_Tue_Mar__7_13_00_12_2023,0.015177115797996493,1.4713314771652222,129.59581562360498
WS23_L1_T1_P_0_trial_2_Tue_Mar__7_13_00_12_2023,0.015177115797996493,1.4713314771652222,129.59581562360498
WS23_L1_T1_P_0_trial_2_Tue_Mar__7_13_00_12_2023,0.015177115797996493,1.4713314771652222,129.59581562360498
WS23_L1_T1_P_0_trial_2_Tue_Mar__7_13_00_12_2023,0.015177115797996493,1.4713314771652222,129.59581562360498
WS23_L1_T1_P_0_trial_2_Tue_Mar__7_13_00_12_2023,0.015253856778144809,1.3980071544647217,129.59581562360498
WS23_L1_T1_P_0_trial_2_Tue_Mar__7_13_00_12_2023,0.015253856778144809,1.3980071544647217,129.59581562360498
WS23_L1_T1_P_0_trial_2_Tue_Mar__7_13_00_12_2023,0.015253856778144809,1.3980071544647217,129.59581562360498
WS23_L1_T1_P_0_trial_2_Tue_Mar__7_13_00_12_2023,0.015253856778144809,1.3980071544647217,129.59581562360498
WS23_L1_T1_P_0_trial_2_Tue_Mar__7_13_00_12_2023,0.015253856778144809,1.3980071544647217,129.59581562360498
WS23_L1_T1_P_0_trial_2_Tue_Mar__7_13_00_12_2023,0.015372350811958313,1.438988447189331,129.59581562360498
WS23_L1_T1_P_0_trial_2_Tue_Mar__7_13_00_12_2023,0.015372350811958313,1.438988447189331,129.59581562360498
WS23_L1_T1_P_0_trial_2_Tue_Mar__7_13_00_12_2023,0.015372350811958313,1.438988447189331,129.59581562360498
WS23_L1_T1_P_0_trial_2_Tue_Mar__7_13_00_12_2023,0.015372350811958313,1.438988447189331,129.59581562360498
WS23_L1_T1_P_0_trial_2_Tue_Mar__7_13_00_12_2023,0.015372350811958313,1.438988447189331,129.59581562360498
WS23_L1_T1_P_0_trial_2_Tue_Mar__7_13_00_12_2023,0.015372350811958313,1.438988447189331,129.59581562360498
WS23_L1_T1_P_0_trial_2_Tue_Mar__7_13_00_12_2023,0.015372350811958313,1.438988447189331,129.59581562360498
WS23_L1_T1_P_0_trial_2_Tue_Mar__7_13_00_12_2023,0.015522420406341497,1.37485933303833,129.59581562360498
WS23_L1_T1_P_0_trial_2_Tue_Mar__7_13_00_12_2023,0.015522420406341497,1.37485933303833,129.59581562360498
WS23_L1_T1_P_0_trial_2_Tue_Mar__7_13_00_12_2023,0.015522420406341497,1.37485933303833,129.59581562360498
WS23_L1_T1_P_0_trial_2_Tue_Mar__7_13_00_12_2023,0.015522420406341497,1.37485933303833,129.59581562360498
WS23_L1_T1_P_0_trial_2_Tue_Mar__7_13_00_12_2023,0.015522420406341497,1.37485933303833,129.59581562360498
WS23_L1_T1_P_0_trial_2_Tue_Mar__7_13_00_12_2023,0.015522420406341497,1.37485933303833,129.59581562360498
WS23_L1_T1_P_0_trial_2_Tue_Mar__7_13_00_12_2023,0.015522420406341497,1.37485933303833,129.59581562360498
WS23_L1_T1_P_0_trial_2_Tue_Mar__7_13_00_12_2023,0.015623301267623901,1.3162789344787598,129.59581562360498
WS23_L1_T1_P_0_trial_2_Tue_Mar__7_13_00_12_2023,0.015623301267623901,1.3162789344787598,129.59581562360498
WS23_L1_T1_P_0_trial_2_Tue_Mar__7_13_00_12_2023,0.015623301267623901,1.3162789344787598,129.59581562360498
WS23_L1_T1_P_0_trial_2_Tue_Mar__7_13_00_12_2023,0.015623301267623901,1.3162789344787598,129.59581562360498
WS23_L1_T1_P_0_trial_2_Tue_Mar__7_13_00_12_2023,0.015623301267623901,1.3162789344787598,129.59581562360498
WS23_L1_T1_P_0_trial_2_Tue_Mar__7_13_00_12_2023,0.015623301267623901,1.3162789344787598,129.59581562360498
WS23_L1_T1_P_0_trial_2_Tue_Mar__7_13_00_12_2023,0.015623301267623901,1.3162789344787598,129.59581562360498
WS23_L1_T1_P_0_trial_2_Tue_Mar__7_13_00_12_2023,0.015861615538597107,1.2239540815353394,129.59581562360498
WS23_L1_T1_P_0_trial_2_Tue_Mar__7_13_00_12_2023,0.015861615538597107,1.2239540815353394,129.59581562360498
WS23_L1_T1_P_0_trial_2_Tue_Mar__7_13_00_12_2023,0.015861615538597107,1.2239540815353394,129.59581562360498
WS23_L1_T1_P_0_trial_2_Tue_Mar__7_13_00_12_2023,0.015861615538597107,1.2239540815353394,129.59581562360498
WS23_L1_T1_P_0_trial_2_Tue_Mar__7_13_00_12_2023,0.015861615538597107,1.2239540815353394,129.59581562360498
WS23_L1_T1_P_0_trial_2_Tue_Mar__7_13_00_12_2023,0.015861615538597107,1.2239540815353394,129.59581562360498
WS23_L1_T1_P_0_trial_2_Tue_Mar__7_13_00_12_2023,0.0160271674394607,1.2166050672531128,129.59581562360498
WS23_L1_T1_P_0_trial_2_Tue_Mar__7_13_00_12_2023,0.0160271674394607,1.2166050672531128,129.59581562360498
WS23_L1_T1_P_0_trial_2_Tue_Mar__7_13_00_12_2023,0.0160271674394607,1.2166050672531128,129.59581562360498
WS23_L1_T1_P_0_trial_2_Tue_Mar__7_13_00_12_2023,0.0160271674394607,1.2166050672531128,129.59581562360498
WS23_L1_T1_P_0_trial_2_Tue_Mar__7_13_00_12_2023,0.0160271674394607,1.2166050672531128,129.59581562360498
WS23_L1_T1_P_0_trial_2_Tue_Mar__7_13_00_12_2023,0.0160271674394607,1.2166050672531128,129.59581562360498
WS23_L1_T1_P_0_trial_2_Tue_Mar__7_13_00_12_2023,0.01612946391105649,1.2317466735839844,129.59581562360498
WS23_L1_T1_P_0_trial_2_Tue_Mar__7_13_00_12_2023,0.01612946391105649,1.2317466735839844,129.59581562360498
WS23_L1_T1_P_0_trial_2_Tue_Mar__7_13_00_12_2023,0.01612946391105649,1.2317466735839844,129.59581562360498
WS23_L1_T1_P_0_trial_2_Tue_Mar__7_13_00_12_2023,0.01612946391105649,1.2317466735839844,129.59581562360498
WS23_L1_T1_P_0_trial_2_Tue_Mar__7_13_00_12_2023,0.01612946391105649,1.2317466735839844,129.59581562360498
WS23_L1_T1_P_0_trial_2_Tue_Mar__7_13_00_12_2023,0.01612946391105649,1.2317466735839844,129.59581562360498
WS23_L1_T1_P_0_trial_2_Tue_Mar__7_13_00_12_2023,0.01612946391105649,1.2317466735839844,129.59581562360498
WS23_L1_T1_P_0_trial_2_Tue_Mar__7_13_00_12_2023,0.01622036099433899,1.2222895622253418,129.59581562360498
WS23_L1_T1_P_0_trial_2_Tue_Mar__7_13_00_12_2023,0.01622036099433899,1.2222895622253418,129.59581562360498
WS23_L1_T1_P_0_trial_2_Tue_Mar__7_13_00_12_2023,0.01622036099433899,1.2222895622253418,129.59581562360498
WS23_L1_T1_P_0_trial_2_Tue_Mar__7_13_00_12_2023,0.01622036099433899,1.2222895622253418,129.59581562360498
WS23_L1_T1_P_0_trial_2_Tue_Mar__7_13_00_12_2023,0.01622036099433899,1.2222895622253418,129.59581562360498
WS23_L1_T1_P_0_trial_2_Tue_Mar__7_13_00_12_2023,0.01622036099433899,1.2222895622253418,129.59581562360498
WS23_L1_T1_P_0_trial_2_Tue_Mar__7_13_00_12_2023,0.016240552067756597,1.334487795829773,129.59581562360498
WS23_L1_T1_P_0_trial_2_Tue_Mar__7_13_00_12_2023,0.016240552067756597,1.334487795829773,129.59581562360498
WS23_L1_T1_P_0_trial_2_Tue_Mar__7_13_00_12_2023,0.016240552067756597,1.334487795829773,129.59581562360498
WS23_L1_T1_P_0_trial_2_Tue_Mar__7_13_00_12_2023,0.016240552067756597,1.334487795829773,129.59581562360498
WS23_L1_T1_P_0_trial_2_Tue_Mar__7_13_00_12_2023,0.016240552067756597,1.334487795829773,129.59581562360498
WS23_L1_T1_P_0_trial_2_Tue_Mar__7_13_00_12_2023,0.016240552067756597,1.334487795829773,129.59581562360498
WS23_L1_T1_P_0_trial_2_Tue_Mar__7_13_00_12_2023,0.016280233860015814,1.3727514743804932,129.59581562360498
WS23_L1_T1_P_0_trial_2_Tue_Mar__7_13_00_12_2023,0.016280233860015814,1.3727514743804932,129.59581562360498
WS23_L1_T1_P_0_trial_2_Tue_Mar__7_13_00_12_2023,0.016280233860015814,1.3727514743804932,129.59581562360498
WS23_L1_T1_P_0_trial_2_Tue_Mar__7_13_00_12_2023,0.016280233860015814,1.3727514743804932,129.59581562360498
WS23_L1_T1_P_0_trial_2_Tue_Mar__7_13_00_12_2023,0.016280233860015814,1.3727514743804932,129.59581562360498
WS23_L1_T1_P_0_trial_2_Tue_Mar__7_13_00_12_2023,0.016280233860015814,1.3727514743804932,129.59581562360498
WS23_L1_T1_P_0_trial_2_Tue_Mar__7_13_00_12_2023,0.016280233860015814,1.3727514743804932,129.59581562360498
WS23_L1_T1_P_0_trial_2_Tue_Mar__7_13_00_12_2023,0.0163266658782959,1.4421378374099731,129.59581562360498
WS23_L1_T1_P_0_trial_2_Tue_Mar__7_13_00_12_2023,0.0163266658782959,1.4421378374099731,129.59581562360498
WS23_L1_T1_P_0_trial_2_Tue_Mar__7_13_00_12_2023,0.0163266658782959,1.4421378374099731,129.59581562360498
WS23_L1_T1_P_0_trial_2_Tue_Mar__7_13_00_12_2023,0.0163266658782959,1.4421378374099731,129.59581562360498
WS23_L1_T1_P_0_trial_2_Tue_Mar__7_13_00_12_2023,0.0163266658782959,1.4421378374099731,129.59581562360498
WS23_L1_T1_P_0_trial_2_Tue_Mar__7_13_00_12_2023,0.01640678942203519,1.4219576120376587,129.59581562360498
WS23_L1_T1_P_0_trial_2_Tue_Mar__7_13_00_12_2023,0.01640678942203519,1.4219576120376587,129.59581562360498
WS23_L1_T1_P_0_trial_2_Tue_Mar__7_13_00_12_2023,0.01640678942203519,1.4219576120376587,129.59581562360498
WS23_L1_T1_P_0_trial_2_Tue_Mar__7_13_00_12_2023,0.01640678942203519,1.4219576120376587,129.59581562360498
WS23_L1_T1_P_0_trial_2_Tue_Mar__7_13_00_12_2023,0.01640678942203519,1.4219576120376587,129.59581562360498
WS23_L1_T1_P_0_trial_2_Tue_Mar__7_13_00_12_2023,0.01640678942203519,1.4219576120376587,129.59581562360498
WS23_L1_T1_P_0_trial_2_Tue_Mar__7_13_00_12_2023,0.016490891575813293,1.3627207279205322,129.59581562360498
WS23_L1_T1_P_0_trial_2_Tue_Mar__7_13_00_12_2023,0.016490891575813293,1.3627207279205322,129.59581562360498
WS23_L1_T1_P_0_trial_2_Tue_Mar__7_13_00_12_2023,0.016490891575813293,1.3627207279205322,129.59581562360498
WS23_L1_T1_P_0_trial_2_Tue_Mar__7_13_00_12_2023,0.016490891575813293,1.3627207279205322,129.59581562360498
WS23_L1_T1_P_0_trial_2_Tue_Mar__7_13_00_12_2023,0.016490891575813293,1.3627207279205322,129.59581562360498
WS23_L1_T1_P_0_trial_2_Tue_Mar__7_13_00_12_2023,0.016490891575813293,1.3627207279205322,129.59581562360498
WS23_L1_T1_P_0_trial_2_Tue_Mar__7_13_00_12_2023,0.016490891575813293,1.3627207279205322,129.59581562360498
WS23_L1_T1_P_0_trial_2_Tue_Mar__7_13_00_12_2023,0.016585126519203103,1.4811036586761477,129.59581562360498
WS23_L1_T1_P_0_trial_2_Tue_Mar__7_13_00_12_2023,0.016585126519203103,1.4811036586761477,129.59581562360498
WS23_L1_T1_P_0_trial_2_Tue_Mar__7_13_00_12_2023,0.016585126519203103,1.4811036586761477,129.59581562360498
WS23_L1_T1_P_0_trial_2_Tue_Mar__7_13_00_12_2023,0.016585126519203103,1.4811036586761477,129.59581562360498
WS23_L1_T1_P_0_trial_2_Tue_Mar__7_13_00_12_2023,0.016585126519203103,1.4811036586761477,129.59581562360498
WS23_L1_T1_P_0_trial_2_Tue_Mar__7_13_00_12_2023,0.016585126519203103,1.4811036586761477,129.59581562360498
WS23_L1_T1_P_0_trial_2_Tue_Mar__7_13_00_12_2023,0.016585126519203103,1.4811036586761477,129.59581562360498
WS23_L1_T1_P_0_trial_2_Tue_Mar__7_13_00_12_2023,0.016657143831252996,1.472191333770752,129.59581562360498
WS23_L1_T1_P_0_trial_2_Tue_Mar__7_13_00_12_2023,0.016657143831252996,1.472191333770752,129.59581562360498
WS23_L1_T1_P_0_trial_2_Tue_Mar__7_13_00_12_2023,0.016657143831252996,1.472191333770752,129.59581562360498
WS23_L1_T1_P_0_trial_2_Tue_Mar__7_13_00_12_2023,0.016657143831252996,1.472191333770752,129.59581562360498
WS23_L1_T1_P_0_trial_2_Tue_Mar__7_13_00_12_2023,0.016657143831252996,1.472191333770752,129.59581562360498
WS23_L1_T1_P_0_trial_2_Tue_Mar__7_13_00_12_2023,0.016657143831252996,1.472191333770752,129.59581562360498
WS23_L1_T1_P_0_trial_2_Tue_Mar__7_13_00_12_2023,0.016657143831252996,1.472191333770752,129.59581562360498
WS23_L1_T1_P_0_trial_2_Tue_Mar__7_13_00_12_2023,0.016671255230903598,1.588963747024536,129.59581562360498
WS23_L1_T1_P_0_trial_2_Tue_Mar__7_13_00_12_2023,0.016671255230903598,1.588963747024536,129.59581562360498
WS23_L1_T1_P_0_trial_2_Tue_Mar__7_13_00_12_2023,0.016671255230903598,1.588963747024536,129.59581562360498
WS23_L1_T1_P_0_trial_2_Tue_Mar__7_13_00_12_2023,0.016671255230903598,1.588963747024536,129.59581562360498
WS23_L1_T1_P_0_trial_2_Tue_Mar__7_13_00_12_2023,0.016671255230903598,1.588963747024536,129.59581562360498
WS23_L1_T1_P_0_trial_2_Tue_Mar__7_13_00_12_2023,0.016671255230903598,1.588963747024536,129.59581562360498
WS23_L1_T1_P_0_trial_2_Tue_Mar__7_13_00_12_2023,0.016671255230903598,1.588963747024536,129.59581562360498
WS23_L1_T1_P_0_trial_2_Tue_Mar__7_13_00_12_2023,0.0168098956346511,1.5168858766555786,129.59581562360498
WS23_L1_T1_P_0_trial_2_Tue_Mar__7_13_00_12_2023,0.0168098956346511,1.5168858766555786,129.59581562360498
WS23_L1_T1_P_0_trial_2_Tue_Mar__7_13_00_12_2023,0.0168098956346511,1.5168858766555786,129.59581562360498
WS23_L1_T1_P_0_trial_2_Tue_Mar__7_13_00_12_2023,0.0168098956346511,1.5168858766555786,129.59581562360498
WS23_L1_T1_P_0_trial_2_Tue_Mar__7_13_00_12_2023,0.0168098956346511,1.5168858766555786,129.59581562360498
WS23_L1_T1_P_0_trial_2_Tue_Mar__7_13_00_12_2023,0.0168098956346511,1.5168858766555786,129.59581562360498
WS23_L1_T1_P_0_trial_2_Tue_Mar__7_13_00_12_2023,0.0168098956346511,1.5168858766555786,129.59581562360498
WS23_L1_T1_P_0_trial_2_Tue_Mar__7_13_00_12_2023,0.0168098956346511,1.5168858766555786,129.59581562360498
WS23_L1_T1_P_0_trial_2_Tue_Mar__7_13_00_12_2023,0.0169297456741333,1.4788655042648315,129.59581562360498
WS23_L1_T1_P_0_trial_2_Tue_Mar__7_13_00_12_2023,0.0169297456741333,1.4788655042648315,129.59581562360498
WS23_L1_T1_P_0_trial_2_Tue_Mar__7_13_00_12_2023,0.0169297456741333,1.4788655042648315,129.59581562360498
WS23_L1_T1_P_0_trial_2_Tue_Mar__7_13_00_12_2023,0.0169297456741333,1.4788655042648315,129.59581562360498
WS23_L1_T1_P_0_trial_2_Tue_Mar__7_13_00_12_2023,0.0169297456741333,1.4788655042648315,129.59581562360498
WS23_L1_T1_P_0_trial_2_Tue_Mar__7_13_00_12_2023,0.0169297456741333,1.4788655042648315,129.59581562360498
WS23_L1_T1_P_0_trial_2_Tue_Mar__7_13_00_12_2023,0.0169297456741333,1.4788655042648315,129.59581562360498
WS23_L1_T1_P_0_trial_2_Tue_Mar__7_13_00_12_2023,0.016988262534141513,1.4419293403625488,129.59581562360498
WS23_L1_T1_P_0_trial_2_Tue_Mar__7_13_00_12_2023,0.016988262534141513,1.4419293403625488,129.59581562360498
WS23_L1_T1_P_0_trial_2_Tue_Mar__7_13_00_12_2023,0.016988262534141513,1.4419293403625488,129.59581562360498
WS23_L1_T1_P_0_trial_2_Tue_Mar__7_13_00_12_2023,0.016988262534141513,1.4419293403625488,129.59581562360498
WS23_L1_T1_P_0_trial_2_Tue_Mar__7_13_00_12_2023,0.016988262534141513,1.4419293403625488,129.59581562360498
WS23_L1_T1_P_0_trial_2_Tue_Mar__7_13_00_12_2023,0.017083838582038796,1.5304179191589355,129.59581562360498
WS23_L1_T1_P_0_trial_2_Tue_Mar__7_13_00_12_2023,0.017083838582038796,1.5304179191589355,129.59581562360498
WS23_L1_T1_P_0_trial_2_Tue_Mar__7_13_00_12_2023,0.017083838582038796,1.5304179191589355,129.59581562360498
WS23_L1_T1_P_0_trial_2_Tue_Mar__7_13_00_12_2023,0.017083838582038796,1.5304179191589355,129.59581562360498
WS23_L1_T1_P_0_trial_2_Tue_Mar__7_13_00_12_2023,0.017083838582038796,1.5304179191589355,129.59581562360498
WS23_L1_T1_P_0_trial_2_Tue_Mar__7_13_00_12_2023,0.017083838582038796,1.5304179191589355,129.59581562360498
WS23_L1_T1_P_0_trial_2_Tue_Mar__7_13_00_12_2023,0.017150446772575295,1.496039628982544,129.59581562360498
WS23_L1_T1_P_0_trial_2_Tue_Mar__7_13_00_12_2023,0.017150446772575295,1.496039628982544,129.59581562360498
WS23_L1_T1_P_0_trial_2_Tue_Mar__7_13_00_12_2023,0.017150446772575295,1.496039628982544,129.59581562360498
WS23_L1_T1_P_0_trial_2_Tue_Mar__7_13_00_12_2023,0.017150446772575295,1.496039628982544,129.59581562360498
WS23_L1_T1_P_0_trial_2_Tue_Mar__7_13_00_12_2023,0.017150446772575295,1.496039628982544,129.59581562360498
WS23_L1_T1_P_0_trial_2_Tue_Mar__7_13_00_12_2023,0.017150446772575295,1.496039628982544,129.59581562360498
WS23_L1_T1_P_0_trial_2_Tue_Mar__7_13_00_12_2023,0.01725141704082489,1.5887703895568848,129.59581562360498
WS23_L1_T1_P_0_trial_2_Tue_Mar__7_13_00_12_2023,0.01725141704082489,1.5887703895568848,129.59581562360498
WS23_L1_T1_P_0_trial_2_Tue_Mar__7_13_00_12_2023,0.01725141704082489,1.5887703895568848,129.59581562360498
WS23_L1_T1_P_0_trial_2_Tue_Mar__7_13_00_12_2023,0.01725141704082489,1.5887703895568848,129.59581562360498
WS23_L1_T1_P_0_trial_2_Tue_Mar__7_13_00_12_2023,0.01725141704082489,1.5887703895568848,129.59581562360498
WS23_L1_T1_P_0_trial_2_Tue_Mar__7_13_00_12_2023,0.01725141704082489,1.5887703895568848,129.59581562360498
WS23_L1_T1_P_0_trial_2_Tue_Mar__7_13_00_12_2023,0.01725141704082489,1.5887703895568848,129.59581562360498
WS23_L1_T1_P_0_trial_2_Tue_Mar__7_13_00_12_2023,0.0173469930887222,1.5763258934020996,129.59581562360498
WS23_L1_T1_P_0_trial_2_Tue_Mar__7_13_00_12_2023,0.0173469930887222,1.5763258934020996,129.59581562360498
WS23_L1_T1_P_0_trial_2_Tue_Mar__7_13_00_12_2023,0.0173469930887222,1.5763258934020996,129.59581562360498
WS23_L1_T1_P_0_trial_2_Tue_Mar__7_13_00_12_2023,0.0173469930887222,1.5763258934020996,129.59581562360498
WS23_L1_T1_P_0_trial_2_Tue_Mar__7_13_00_12_2023,0.0173469930887222,1.5763258934020996,129.59581562360498
WS23_L1_T1_P_0_trial_2_Tue_Mar__7_13_00_12_2023,0.0173469930887222,1.5763258934020996,129.59581562360498
WS23_L1_T1_P_0_trial_2_Tue_Mar__7_13_00_12_2023,0.0173469930887222,1.5763258934020996,129.59581562360498
WS23_L1_T1_P_0_trial_2_Tue_Mar__7_13_00_12_2023,0.01738129556179041,1.5610451698303225,129.59581562360498
WS23_L1_T1_P_0_trial_2_Tue_Mar__7_13_00_12_2023,0.01738129556179041,1.5610451698303225,129.59581562360498
WS23_L1_T1_P_0_trial_2_Tue_Mar__7_13_00_12_2023,0.01738129556179041,1.5610451698303225,129.59581562360498
WS23_L1_T1_P_0_trial_2_Tue_Mar__7_13_00_12_2023,0.01738129556179041,1.5610451698303225,129.59581562360498
WS23_L1_T1_P_0_trial_2_Tue_Mar__7_13_00_12_2023,0.01738129556179041,1.5610451698303225,129.59581562360498
WS23_L1_T1_P_0_trial_2_Tue_Mar__7_13_00_12_2023,0.01738129556179041,1.5610451698303225,129.59581562360498
WS23_L1_T1_P_0_trial_2_Tue_Mar__7_13_00_12_2023,0.017484948039054787,1.6336512565612793,129.59581562360498
WS23_L1_T1_P_0_trial_2_Tue_Mar__7_13_00_12_2023,0.017484948039054787,1.6336512565612793,129.59581562360498
WS23_L1_T1_P_0_trial_2_Tue_Mar__7_13_00_12_2023,0.017484948039054787,1.6336512565612793,129.59581562360498
WS23_L1_T1_P_0_trial_2_Tue_Mar__7_13_00_12_2023,0.017484948039054787,1.6336512565612793,129.59581562360498
WS23_L1_T1_P_0_trial_2_Tue_Mar__7_13_00_12_2023,0.017484948039054787,1.6336512565612793,129.59581562360498
WS23_L1_T1_P_0_trial_2_Tue_Mar__7_13_00_12_2023,0.017484948039054787,1.6336512565612793,129.59581562360498
WS23_L1_T1_P_0_trial_2_Tue_Mar__7_13_00_12_2023,0.017484948039054787,1.6336512565612793,129.59581562360498
WS23_L1_T1_P_0_trial_2_Tue_Mar__7_13_00_12_2023,0.0175993740558624,1.603009581565857,129.59581562360498
WS23_L1_T1_P_0_trial_2_Tue_Mar__7_13_00_12_2023,0.0175993740558624,1.603009581565857,129.59581562360498
WS23_L1_T1_P_0_trial_2_Tue_Mar__7_13_00_12_2023,0.0175993740558624,1.603009581565857,129.59581562360498
WS23_L1_T1_P_0_trial_2_Tue_Mar__7_13_00_12_2023,0.0175993740558624,1.603009581565857,129.59581562360498
WS23_L1_T1_P_0_trial_2_Tue_Mar__7_13_00_12_2023,0.0175993740558624,1.603009581565857,129.59581562360498
WS23_L1_T1_P_0_trial_2_Tue_Mar__7_13_00_12_2023,0.0175993740558624,1.603009581565857,129.59581562360498
WS23_L1_T1_P_0_trial_2_Tue_Mar__7_13_00_12_2023,0.0175993740558624,1.603009581565857,129.59581562360498
WS23_L1_T1_P_0_trial_2_Tue_Mar__7_13_00_12_2023,0.017736002802848788,1.5669907331466677,129.59581562360498
WS23_L1_T1_P_0_trial_2_Tue_Mar__7_13_00_12_2023,0.017736002802848788,1.5669907331466677,129.59581562360498
WS23_L1_T1_P_0_trial_2_Tue_Mar__7_13_00_12_2023,0.017736002802848788,1.5669907331466677,129.59581562360498
WS23_L1_T1_P_0_trial_2_Tue_Mar__7_13_00_12_2023,0.017736002802848788,1.5669907331466677,129.59581562360498
WS23_L1_T1_P_0_trial_2_Tue_Mar__7_13_00_12_2023,0.017736002802848788,1.5669907331466677,129.59581562360498
WS23_L1_T1_P_0_trial_2_Tue_Mar__7_13_00_12_2023,0.017736002802848788,1.5669907331466677,129.59581562360498
WS23_L1_T1_P_0_trial_2_Tue_Mar__7_13_00_12_2023,0.017736002802848788,1.5669907331466677,129.59581562360498
WS23_L1_T1_P_0_trial_2_Tue_Mar__7_13_00_12_2023,0.0178093612194061,1.6103893518447876,129.59581562360498
WS23_L1_T1_P_0_trial_2_Tue_Mar__7_13_00_12_2023,0.0178093612194061,1.6103893518447876,129.59581562360498
WS23_L1_T1_P_0_trial_2_Tue_Mar__7_13_00_12_2023,0.0178093612194061,1.6103893518447876,129.59581562360498
WS23_L1_T1_P_0_trial_2_Tue_Mar__7_13_00_12_2023,0.0178093612194061,1.6103893518447876,129.59581562360498
WS23_L1_T1_P_0_trial_2_Tue_Mar__7_13_00_12_2023,0.0178093612194061,1.6103893518447876,129.59581562360498
WS23_L1_T1_P_0_trial_2_Tue_Mar__7_13_00_12_2023,0.017938569188117898,1.6137940883636477,129.59581562360498
WS23_L1_T1_P_0_trial_2_Tue_Mar__7_13_00_12_2023,0.017938569188117898,1.6137940883636477,129.59581562360498
WS23_L1_T1_P_0_trial_2_Tue_Mar__7_13_00_12_2023,0.017938569188117898,1.6137940883636477,129.59581562360498
WS23_L1_T1_P_0_trial_2_Tue_Mar__7_13_00_12_2023,0.017938569188117898,1.6137940883636477,129.59581562360498
WS23_L1_T1_P_0_trial_2_Tue_Mar__7_13_00_12_2023,0.017938569188117898,1.6137940883636477,129.59581562360498
WS23_L1_T1_P_0_trial_2_Tue_Mar__7_13_00_12_2023,0.017938569188117898,1.6137940883636477,129.59581562360498
WS23_L1_T1_P_0_trial_2_Tue_Mar__7_13_00_12_2023,0.018006548285484314,1.650416374206543,129.59581562360498
WS23_L1_T1_P_0_trial_2_Tue_Mar__7_13_00_12_2023,0.018006548285484314,1.650416374206543,129.59581562360498
WS23_L1_T1_P_0_trial_2_Tue_Mar__7_13_00_12_2023,0.018006548285484314,1.650416374206543,129.59581562360498
WS23_L1_T1_P_0_trial_2_Tue_Mar__7_13_00_12_2023,0.018006548285484314,1.650416374206543,129.59581562360498
WS23_L1_T1_P_0_trial_2_Tue_Mar__7_13_00_12_2023,0.018006548285484314,1.650416374206543,129.59581562360498
WS23_L1_T1_P_0_trial_2_Tue_Mar__7_13_00_12_2023,0.018006548285484314,1.650416374206543,129.59581562360498
WS23_L1_T1_P_0_trial_2_Tue_Mar__7_13_00_12_2023,0.018006548285484314,1.650416374206543,129.59581562360498
WS23_L1_T1_P_0_trial_2_Tue_Mar__7_13_00_12_2023,0.018101409077644293,1.5141525268554688,129.59581562360498
WS23_L1_T1_P_0_trial_2_Tue_Mar__7_13_00_12_2023,0.018101409077644293,1.5141525268554688,129.59581562360498
WS23_L1_T1_P_0_trial_2_Tue_Mar__7_13_00_12_2023,0.018101409077644293,1.5141525268554688,129.59581562360498
WS23_L1_T1_P_0_trial_2_Tue_Mar__7_13_00_12_2023,0.018101409077644293,1.5141525268554688,129.59581562360498
WS23_L1_T1_P_0_trial_2_Tue_Mar__7_13_00_12_2023,0.018101409077644293,1.5141525268554688,129.59581562360498
WS23_L1_T1_P_0_trial_2_Tue_Mar__7_13_00_12_2023,0.018101409077644293,1.5141525268554688,129.59581562360498
WS23_L1_T1_P_0_trial_2_Tue_Mar__7_13_00_12_2023,0.018188923597335788,1.6614750623703003,129.59581562360498
WS23_L1_T1_P_0_trial_2_Tue_Mar__7_13_00_12_2023,0.018188923597335788,1.6614750623703003,129.59581562360498
WS23_L1_T1_P_0_trial_2_Tue_Mar__7_13_00_12_2023,0.018188923597335788,1.6614750623703003,129.59581562360498
WS23_L1_T1_P_0_trial_2_Tue_Mar__7_13_00_12_2023,0.018188923597335788,1.6614750623703003,129.59581562360498
WS23_L1_T1_P_0_trial_2_Tue_Mar__7_13_00_12_2023,0.018188923597335788,1.6614750623703003,129.59581562360498
WS23_L1_T1_P_0_trial_2_Tue_Mar__7_13_00_12_2023,0.018188923597335788,1.6614750623703003,129.59581562360498
WS23_L1_T1_P_0_trial_2_Tue_Mar__7_13_00_12_2023,0.018188923597335788,1.6614750623703003,129.59581562360498
WS23_L1_T1_P_0_trial_2_Tue_Mar__7_13_00_12_2023,0.018260225653648293,1.5640692710876465,129.59581562360498
WS23_L1_T1_P_0_trial_2_Tue_Mar__7_13_00_12_2023,0.018260225653648293,1.5640692710876465,129.59581562360498
WS23_L1_T1_P_0_trial_2_Tue_Mar__7_13_00_12_2023,0.018260225653648293,1.5640692710876465,129.59581562360498
WS23_L1_T1_P_0_trial_2_Tue_Mar__7_13_00_12_2023,0.018260225653648293,1.5640692710876465,129.59581562360498
WS23_L1_T1_P_0_trial_2_Tue_Mar__7_13_00_12_2023,0.018260225653648293,1.5640692710876465,129.59581562360498
WS23_L1_T1_P_0_trial_2_Tue_Mar__7_13_00_12_2023,0.018260225653648293,1.5640692710876465,129.59581562360498
WS23_L1_T1_P_0_trial_2_Tue_Mar__7_13_00_12_2023,0.018401563167571994,1.6376535892486572,129.59581562360498
WS23_L1_T1_P_0_trial_2_Tue_Mar__7_13_00_12_2023,0.018401563167571994,1.6376535892486572,129.59581562360498
WS23_L1_T1_P_0_trial_2_Tue_Mar__7_13_00_12_2023,0.018401563167571994,1.6376535892486572,129.59581562360498
WS23_L1_T1_P_0_trial_2_Tue_Mar__7_13_00_12_2023,0.018401563167571994,1.6376535892486572,129.59581562360498
WS23_L1_T1_P_0_trial_2_Tue_Mar__7_13_00_12_2023,0.018401563167571994,1.6376535892486572,129.59581562360498
WS23_L1_T1_P_0_trial_2_Tue_Mar__7_13_00_12_2023,0.018401563167571994,1.6376535892486572,129.59581562360498
WS23_L1_T1_P_0_trial_2_Tue_Mar__7_13_00_12_2023,0.01853205263614649,1.5985654592514038,129.59581562360498
WS23_L1_T1_P_0_trial_2_Tue_Mar__7_13_00_12_2023,0.01853205263614649,1.5985654592514038,129.59581562360498
WS23_L1_T1_P_0_trial_2_Tue_Mar__7_13_00_12_2023,0.01853205263614649,1.5985654592514038,129.59581562360498
WS23_L1_T1_P_0_trial_2_Tue_Mar__7_13_00_12_2023,0.01853205263614649,1.5985654592514038,129.59581562360498
WS23_L1_T1_P_0_trial_2_Tue_Mar__7_13_00_12_2023,0.01853205263614649,1.5985654592514038,129.59581562360498
WS23_L1_T1_P_0_trial_2_Tue_Mar__7_13_00_12_2023,0.01853205263614649,1.5985654592514038,129.59581562360498
WS23_L1_T1_P_0_trial_2_Tue_Mar__7_13_00_12_2023,0.0185946524143219,1.6437441110610962,129.59581562360498
WS23_L1_T1_P_0_trial_2_Tue_Mar__7_13_00_12_2023,0.0185946524143219,1.6437441110610962,129.59581562360498
WS23_L1_T1_P_0_trial_2_Tue_Mar__7_13_00_12_2023,0.0185946524143219,1.6437441110610962,129.59581562360498
WS23_L1_T1_P_0_trial_2_Tue_Mar__7_13_00_12_2023,0.0185946524143219,1.6437441110610962,129.59581562360498
WS23_L1_T1_P_0_trial_2_Tue_Mar__7_13_00_12_2023,0.0185946524143219,1.6437441110610962,129.59581562360498
WS23_L1_T1_P_0_trial_2_Tue_Mar__7_13_00_12_2023,0.0185946524143219,1.6437441110610962,129.59581562360498
WS23_L1_T1_P_0_trial_2_Tue_Mar__7_13_00_12_2023,0.01869086921215049,1.6471928358078003,129.59581562360498
WS23_L1_T1_P_0_trial_2_Tue_Mar__7_13_00_12_2023,0.01869086921215049,1.6471928358078003,129.59581562360498
WS23_L1_T1_P_0_trial_2_Tue_Mar__7_13_00_12_2023,0.01869086921215049,1.6471928358078003,129.59581562360498
WS23_L1_T1_P_0_trial_2_Tue_Mar__7_13_00_12_2023,0.01869086921215049,1.6471928358078003,129.59581562360498
WS23_L1_T1_P_0_trial_2_Tue_Mar__7_13_00_12_2023,0.01869086921215049,1.6471928358078003,129.59581562360498
WS23_L1_T1_P_0_trial_2_Tue_Mar__7_13_00_12_2023,0.01869086921215049,1.6471928358078003,129.59581562360498
WS23_L1_T1_P_0_trial_2_Tue_Mar__7_13_00_12_2023,0.018782377243041992,1.6553990840911863,129.59581562360498
WS23_L1_T1_P_0_trial_2_Tue_Mar__7_13_00_12_2023,0.018782377243041992,1.6553990840911863,129.59581562360498
WS23_L1_T1_P_0_trial_2_Tue_Mar__7_13_00_12_2023,0.018782377243041992,1.6553990840911863,129.59581562360498
WS23_L1_T1_P_0_trial_2_Tue_Mar__7_13_00_12_2023,0.018782377243041992,1.6553990840911863,129.59581562360498
WS23_L1_T1_P_0_trial_2_Tue_Mar__7_13_00_12_2023,0.018782377243041992,1.6553990840911863,129.59581562360498
WS23_L1_T1_P_0_trial_2_Tue_Mar__7_13_00_12_2023,0.018867120146751404,1.6526353359222412,129.59581562360498
WS23_L1_T1_P_0_trial_2_Tue_Mar__7_13_00_12_2023,0.018867120146751404,1.6526353359222412,129.59581562360498
WS23_L1_T1_P_0_trial_2_Tue_Mar__7_13_00_12_2023,0.018867120146751404,1.6526353359222412,129.59581562360498
WS23_L1_T1_P_0_trial_2_Tue_Mar__7_13_00_12_2023,0.018867120146751404,1.6526353359222412,129.59581562360498
WS23_L1_T1_P_0_trial_2_Tue_Mar__7_13_00_12_2023,0.018867120146751404,1.6526353359222412,129.59581562360498
WS23_L1_T1_P_0_trial_2_Tue_Mar__7_13_00_12_2023,0.018867120146751404,1.6526353359222412,129.59581562360498
WS23_L1_T1_P_0_trial_2_Tue_Mar__7_13_00_12_2023,0.01886783540248871,1.782439112663269,129.59581562360498
WS23_L1_T1_P_0_trial_2_Tue_Mar__7_13_00_12_2023,0.01886783540248871,1.782439112663269,129.59581562360498
WS23_L1_T1_P_0_trial_2_Tue_Mar__7_13_00_12_2023,0.01886783540248871,1.782439112663269,129.59581562360498
WS23_L1_T1_P_0_trial_2_Tue_Mar__7_13_00_12_2023,0.01886783540248871,1.782439112663269,129.59581562360498
WS23_L1_T1_P_0_trial_2_Tue_Mar__7_13_00_12_2023,0.01886783540248871,1.782439112663269,129.59581562360498
WS23_L1_T1_P_0_trial_2_Tue_Mar__7_13_00_12_2023,0.01886783540248871,1.782439112663269,129.59581562360498
WS23_L1_T1_P_0_trial_2_Tue_Mar__7_13_00_12_2023,0.01886783540248871,1.782439112663269,129.59581562360498
WS23_L1_T1_P_0_trial_2_Tue_Mar__7_13_00_12_2023,0.01896002888679499,1.771928310394287,129.59581562360498
WS23_L1_T1_P_0_trial_2_Tue_Mar__7_13_00_12_2023,0.01896002888679499,1.771928310394287,129.59581562360498
WS23_L1_T1_P_0_trial_2_Tue_Mar__7_13_00_12_2023,0.01896002888679499,1.771928310394287,129.59581562360498
WS23_L1_T1_P_0_trial_2_Tue_Mar__7_13_00_12_2023,0.01896002888679499,1.771928310394287,129.59581562360498
WS23_L1_T1_P_0_trial_2_Tue_Mar__7_13_00_12_2023,0.01896002888679499,1.771928310394287,129.59581562360498
WS23_L1_T1_P_0_trial_2_Tue_Mar__7_13_00_12_2023,0.01896002888679499,1.771928310394287,129.59581562360498
WS23_L1_T1_P_0_trial_2_Tue_Mar__7_13_00_12_2023,0.01896002888679499,1.771928310394287,129.59581562360498
WS23_L1_T1_P_0_trial_2_Tue_Mar__7_13_00_12_2023,0.019044741988182012,1.7686153650283811,129.59581562360498
WS23_L1_T1_P_0_trial_2_Tue_Mar__7_13_00_12_2023,0.019044741988182012,1.7686153650283811,129.59581562360498
WS23_L1_T1_P_0_trial_2_Tue_Mar__7_13_00_12_2023,0.019044741988182012,1.7686153650283811,129.59581562360498
WS23_L1_T1_P_0_trial_2_Tue_Mar__7_13_00_12_2023,0.019044741988182012,1.7686153650283811,129.59581562360498
WS23_L1_T1_P_0_trial_2_Tue_Mar__7_13_00_12_2023,0.019044741988182012,1.7686153650283811,129.59581562360498
WS23_L1_T1_P_0_trial_2_Tue_Mar__7_13_00_12_2023,0.019044741988182012,1.7686153650283811,129.59581562360498
WS23_L1_T1_P_0_trial_2_Tue_Mar__7_13_00_12_2023,0.019044741988182012,1.7686153650283811,129.59581562360498
WS23_L1_T1_P_0_trial_2_Tue_Mar__7_13_00_12_2023,0.019130870699882507,1.7823323011398315,129.59581562360498
WS23_L1_T1_P_0_trial_2_Tue_Mar__7_13_00_12_2023,0.019130870699882507,1.7823323011398315,129.59581562360498
WS23_L1_T1_P_0_trial_2_Tue_Mar__7_13_00_12_2023,0.019130870699882507,1.7823323011398315,129.59581562360498
WS23_L1_T1_P_0_trial_2_Tue_Mar__7_13_00_12_2023,0.019130870699882507,1.7823323011398315,129.59581562360498
WS23_L1_T1_P_0_trial_2_Tue_Mar__7_13_00_12_2023,0.019130870699882507,1.7823323011398315,129.59581562360498
WS23_L1_T1_P_0_trial_2_Tue_Mar__7_13_00_12_2023,0.019130870699882507,1.7823323011398315,129.59581562360498
WS23_L1_T1_P_0_trial_2_Tue_Mar__7_13_00_12_2023,0.019130870699882507,1.7823323011398315,129.59581562360498
WS23_L1_T1_P_0_trial_2_Tue_Mar__7_13_00_12_2023,0.019169196486473,1.8761948347091677,129.59581562360498
WS23_L1_T1_P_0_trial_2_Tue_Mar__7_13_00_12_2023,0.019169196486473,1.8761948347091677,129.59581562360498
WS23_L1_T1_P_0_trial_2_Tue_Mar__7_13_00_12_2023,0.019169196486473,1.8761948347091677,129.59581562360498
WS23_L1_T1_P_0_trial_2_Tue_Mar__7_13_00_12_2023,0.019169196486473,1.8761948347091677,129.59581562360498
WS23_L1_T1_P_0_trial_2_Tue_Mar__7_13_00_12_2023,0.019169196486473,1.8761948347091677,129.59581562360498
WS23_L1_T1_P_0_trial_2_Tue_Mar__7_13_00_12_2023,0.019169196486473,1.8761948347091677,129.59581562360498
WS23_L1_T1_P_0_trial_2_Tue_Mar__7_13_00_12_2023,0.019169196486473,1.8761948347091677,129.59581562360498
WS23_L1_T1_P_0_trial_2_Tue_Mar__7_13_00_12_2023,0.019169196486473,1.8761948347091677,129.59581562360498
WS23_L1_T1_P_0_trial_2_Tue_Mar__7_13_00_12_2023,0.01924861967563629,1.85982346534729,129.59581562360498
WS23_L1_T1_P_0_trial_2_Tue_Mar__7_13_00_12_2023,0.01924861967563629,1.85982346534729,129.59581562360498
WS23_L1_T1_P_0_trial_2_Tue_Mar__7_13_00_12_2023,0.01924861967563629,1.85982346534729,129.59581562360498
WS23_L1_T1_P_0_trial_2_Tue_Mar__7_13_00_12_2023,0.01924861967563629,1.85982346534729,129.59581562360498
WS23_L1_T1_P_0_trial_2_Tue_Mar__7_13_00_12_2023,0.01924861967563629,1.85982346534729,129.59581562360498
WS23_L1_T1_P_0_trial_2_Tue_Mar__7_13_00_12_2023,0.01924861967563629,1.85982346534729,129.59581562360498
WS23_L1_T1_P_0_trial_2_Tue_Mar__7_13_00_12_2023,0.01924861967563629,1.85982346534729,129.59581562360498
WS23_L1_T1_P_0_trial_2_Tue_Mar__7_13_00_12_2023,0.019255295395851107,1.8891509771347048,129.59581562360498
WS23_L1_T1_P_0_trial_2_Tue_Mar__7_13_00_12_2023,0.019255295395851107,1.8891509771347048,129.59581562360498
WS23_L1_T1_P_0_trial_2_Tue_Mar__7_13_00_12_2023,0.019255295395851107,1.8891509771347048,129.59581562360498
WS23_L1_T1_P_0_trial_2_Tue_Mar__7_13_00_12_2023,0.019255295395851107,1.8891509771347048,129.59581562360498
WS23_L1_T1_P_0_trial_2_Tue_Mar__7_13_00_12_2023,0.019255295395851107,1.8891509771347048,129.59581562360498
WS23_L1_T1_P_0_trial_2_Tue_Mar__7_13_00_12_2023,0.019255295395851107,1.8891509771347048,129.59581562360498
WS23_L1_T1_P_0_trial_2_Tue_Mar__7_13_00_12_2023,0.019255295395851107,1.8891509771347048,129.59581562360498
WS23_L1_T1_P_0_trial_2_Tue_Mar__7_13_00_12_2023,0.01934948563575739,1.9714072942733765,129.59581562360498
WS23_L1_T1_P_0_trial_2_Tue_Mar__7_13_00_12_2023,0.01934948563575739,1.9714072942733765,129.59581562360498
WS23_L1_T1_P_0_trial_2_Tue_Mar__7_13_00_12_2023,0.01934948563575739,1.9714072942733765,129.59581562360498
WS23_L1_T1_P_0_trial_2_Tue_Mar__7_13_00_12_2023,0.01934948563575739,1.9714072942733765,129.59581562360498
WS23_L1_T1_P_0_trial_2_Tue_Mar__7_13_00_12_2023,0.01934948563575739,1.9714072942733765,129.59581562360498
WS23_L1_T1_P_0_trial_2_Tue_Mar__7_13_00_12_2023,0.01934948563575739,1.9714072942733765,129.59581562360498
WS23_L1_T1_P_0_trial_2_Tue_Mar__7_13_00_12_2023,0.01934948563575739,1.9714072942733765,129.59581562360498
WS23_L1_T1_P_0_trial_2_Tue_Mar__7_13_00_12_2023,0.01934948563575739,1.9714072942733765,129.59581562360498
WS23_L1_T1_P_0_trial_2_Tue_Mar__7_13_00_12_2023,0.019518360495567294,1.8520454168319704,129.59581562360498
WS23_L1_T1_P_0_trial_2_Tue_Mar__7_13_00_12_2023,0.019518360495567294,1.8520454168319704,129.59581562360498
WS23_L1_T1_P_0_trial_2_Tue_Mar__7_13_00_12_2023,0.019518360495567294,1.8520454168319704,129.59581562360498
WS23_L1_T1_P_0_trial_2_Tue_Mar__7_13_00_12_2023,0.019518360495567294,1.8520454168319704,129.59581562360498
WS23_L1_T1_P_0_trial_2_Tue_Mar__7_13_00_12_2023,0.019518360495567294,1.8520454168319704,129.59581562360498
WS23_L1_T1_P_0_trial_2_Tue_Mar__7_13_00_12_2023,0.019518360495567294,1.8520454168319704,129.59581562360498
WS23_L1_T1_P_0_trial_2_Tue_Mar__7_13_00_12_2023,0.019518360495567294,1.8520454168319704,129.59581562360498
WS23_L1_T1_P_0_trial_2_Tue_Mar__7_13_00_12_2023,0.019583642482757513,1.826587438583374,129.59581562360498
WS23_L1_T1_P_0_trial_2_Tue_Mar__7_13_00_12_2023,0.019583642482757513,1.826587438583374,129.59581562360498
WS23_L1_T1_P_0_trial_2_Tue_Mar__7_13_00_12_2023,0.019583642482757513,1.826587438583374,129.59581562360498
WS23_L1_T1_P_0_trial_2_Tue_Mar__7_13_00_12_2023,0.019583642482757513,1.826587438583374,129.59581562360498
WS23_L1_T1_P_0_trial_2_Tue_Mar__7_13_00_12_2023,0.019583642482757513,1.826587438583374,129.59581562360498
WS23_L1_T1_P_0_trial_2_Tue_Mar__7_13_00_12_2023,0.019583642482757513,1.826587438583374,129.59581562360498
WS23_L1_T1_P_0_trial_2_Tue_Mar__7_13_00_12_2023,0.019704744219779913,1.9302890300750728,129.59581562360498
WS23_L1_T1_P_0_trial_2_Tue_Mar__7_13_00_12_2023,0.019704744219779913,1.9302890300750728,129.59581562360498
WS23_L1_T1_P_0_trial_2_Tue_Mar__7_13_00_12_2023,0.019704744219779913,1.9302890300750728,129.59581562360498
WS23_L1_T1_P_0_trial_2_Tue_Mar__7_13_00_12_2023,0.019704744219779913,1.9302890300750728,129.59581562360498
WS23_L1_T1_P_0_trial_2_Tue_Mar__7_13_00_12_2023,0.019704744219779913,1.9302890300750728,129.59581562360498
WS23_L1_T1_P_0_trial_2_Tue_Mar__7_13_00_12_2023,0.019704744219779913,1.9302890300750728,129.59581562360498
WS23_L1_T1_P_0_trial_2_Tue_Mar__7_13_00_12_2023,0.019704744219779913,1.9302890300750728,129.59581562360498
WS23_L1_T1_P_0_trial_2_Tue_Mar__7_13_00_12_2023,0.019841894507408114,1.8577818870544436,129.59581562360498
WS23_L1_T1_P_0_trial_2_Tue_Mar__7_13_00_12_2023,0.019841894507408114,1.8577818870544436,129.59581562360498
WS23_L1_T1_P_0_trial_2_Tue_Mar__7_13_00_12_2023,0.019841894507408114,1.8577818870544436,129.59581562360498
WS23_L1_T1_P_0_trial_2_Tue_Mar__7_13_00_12_2023,0.019841894507408114,1.8577818870544436,129.59581562360498
WS23_L1_T1_P_0_trial_2_Tue_Mar__7_13_00_12_2023,0.019841894507408114,1.8577818870544436,129.59581562360498
WS23_L1_T1_P_0_trial_2_Tue_Mar__7_13_00_12_2023,0.019841894507408114,1.8577818870544436,129.59581562360498
WS23_L1_T1_P_0_trial_2_Tue_Mar__7_13_00_12_2023,0.019858121871948214,1.8876641988754272,129.59581562360498
WS23_L1_T1_P_0_trial_2_Tue_Mar__7_13_00_12_2023,0.019858121871948214,1.8876641988754272,129.59581562360498
WS23_L1_T1_P_0_trial_2_Tue_Mar__7_13_00_12_2023,0.019858121871948214,1.8876641988754272,129.59581562360498
WS23_L1_T1_P_0_trial_2_Tue_Mar__7_13_00_12_2023,0.019858121871948214,1.8876641988754272,129.59581562360498
WS23_L1_T1_P_0_trial_2_Tue_Mar__7_13_00_12_2023,0.019858121871948214,1.8876641988754272,129.59581562360498
WS23_L1_T1_P_0_trial_2_Tue_Mar__7_13_00_12_2023,0.019858121871948214,1.8876641988754272,129.59581562360498
WS23_L1_T1_P_0_trial_2_Tue_Mar__7_13_00_12_2023,0.019858121871948214,1.8876641988754272,129.59581562360498
WS23_L1_T1_P_0_trial_2_Tue_Mar__7_13_00_12_2023,0.0199434757232666,1.9602513313293457,129.59581562360498
WS23_L1_T1_P_0_trial_2_Tue_Mar__7_13_00_12_2023,0.0199434757232666,1.9602513313293457,129.59581562360498
WS23_L1_T1_P_0_trial_2_Tue_Mar__7_13_00_12_2023,0.0199434757232666,1.9602513313293457,129.59581562360498
WS23_L1_T1_P_0_trial_2_Tue_Mar__7_13_00_12_2023,0.0199434757232666,1.9602513313293457,129.59581562360498
WS23_L1_T1_P_0_trial_2_Tue_Mar__7_13_00_12_2023,0.0199434757232666,1.9602513313293457,129.59581562360498
WS23_L1_T1_P_0_trial_2_Tue_Mar__7_13_00_12_2023,0.0199434757232666,1.9602513313293457,129.59581562360498
WS23_L1_T1_P_0_trial_2_Tue_Mar__7_13_00_12_2023,0.0199434757232666,1.9602513313293457,129.59581562360498
WS23_L1_T1_P_0_trial_2_Tue_Mar__7_13_00_12_2023,0.0199434757232666,1.9602513313293457,129.59581562360498
WS23_L1_T1_P_0_trial_2_Tue_Mar__7_13_00_12_2023,0.020168095827102606,1.8046454191207888,129.59581562360498
WS23_L1_T1_P_0_trial_2_Tue_Mar__7_13_00_12_2023,0.020168095827102606,1.8046454191207888,129.59581562360498
WS23_L1_T1_P_0_trial_2_Tue_Mar__7_13_00_12_2023,0.020168095827102606,1.8046454191207888,129.59581562360498
WS23_L1_T1_P_0_trial_2_Tue_Mar__7_13_00_12_2023,0.020168095827102606,1.8046454191207888,129.59581562360498
WS23_L1_T1_P_0_trial_2_Tue_Mar__7_13_00_12_2023,0.020168095827102606,1.8046454191207888,129.59581562360498
WS23_L1_T1_P_0_trial_2_Tue_Mar__7_13_00_12_2023,0.020168095827102606,1.8046454191207888,129.59581562360498
WS23_L1_T1_P_0_trial_2_Tue_Mar__7_13_00_12_2023,0.020168095827102606,1.8046454191207888,129.59581562360498
WS23_L1_T1_P_0_trial_2_Tue_Mar__7_13_00_12_2023,0.020328268408775302,1.7849560976028442,129.59581562360498
WS23_L1_T1_P_0_trial_2_Tue_Mar__7_13_00_12_2023,0.020328268408775302,1.7849560976028442,129.59581562360498
WS23_L1_T1_P_0_trial_2_Tue_Mar__7_13_00_12_2023,0.020328268408775302,1.7849560976028442,129.59581562360498
WS23_L1_T1_P_0_trial_2_Tue_Mar__7_13_00_12_2023,0.020328268408775302,1.7849560976028442,129.59581562360498
WS23_L1_T1_P_0_trial_2_Tue_Mar__7_13_00_12_2023,0.020328268408775302,1.7849560976028442,129.59581562360498
WS23_L1_T1_P_0_trial_2_Tue_Mar__7_13_00_12_2023,0.020328268408775302,1.7849560976028442,129.59581562360498
WS23_L1_T1_P_0_trial_2_Tue_Mar__7_13_00_12_2023,0.020328268408775302,1.7849560976028442,129.59581562360498
WS23_L1_T1_P_0_trial_2_Tue_Mar__7_13_00_12_2023,0.0205165296792984,1.7021102905273438,129.59581562360498
WS23_L1_T1_P_0_trial_2_Tue_Mar__7_13_00_12_2023,0.0205165296792984,1.7021102905273438,129.59581562360498
WS23_L1_T1_P_0_trial_2_Tue_Mar__7_13_00_12_2023,0.0205165296792984,1.7021102905273438,129.59581562360498
WS23_L1_T1_P_0_trial_2_Tue_Mar__7_13_00_12_2023,0.0205165296792984,1.7021102905273438,129.59581562360498
WS23_L1_T1_P_0_trial_2_Tue_Mar__7_13_00_12_2023,0.0205165296792984,1.7021102905273438,129.59581562360498
WS23_L1_T1_P_0_trial_2_Tue_Mar__7_13_00_12_2023,0.0205165296792984,1.7021102905273438,129.59581562360498
WS23_L1_T1_P_0_trial_2_Tue_Mar__7_13_00_12_2023,0.0205165296792984,1.7021102905273438,129.59581562360498
WS23_L1_T1_P_0_trial_2_Tue_Mar__7_13_00_12_2023,0.020616754889488192,1.7115001678466797,129.59581562360498
WS23_L1_T1_P_0_trial_2_Tue_Mar__7_13_00_12_2023,0.020616754889488192,1.7115001678466797,129.59581562360498
WS23_L1_T1_P_0_trial_2_Tue_Mar__7_13_00_12_2023,0.020616754889488192,1.7115001678466797,129.59581562360498
WS23_L1_T1_P_0_trial_2_Tue_Mar__7_13_00_12_2023,0.020616754889488192,1.7115001678466797,129.59581562360498
WS23_L1_T1_P_0_trial_2_Tue_Mar__7_13_00_12_2023,0.020616754889488192,1.7115001678466797,129.59581562360498
WS23_L1_T1_P_0_trial_2_Tue_Mar__7_13_00_12_2023,0.020616754889488192,1.7115001678466797,129.59581562360498
WS23_L1_T1_P_0_trial_2_Tue_Mar__7_13_00_12_2023,0.020766019821166992,1.6449836492538452,129.59581562360498
WS23_L1_T1_P_0_trial_2_Tue_Mar__7_13_00_12_2023,0.020766019821166992,1.6449836492538452,129.59581562360498
WS23_L1_T1_P_0_trial_2_Tue_Mar__7_13_00_12_2023,0.020766019821166992,1.6449836492538452,129.59581562360498
WS23_L1_T1_P_0_trial_2_Tue_Mar__7_13_00_12_2023,0.020766019821166992,1.6449836492538452,129.59581562360498
WS23_L1_T1_P_0_trial_2_Tue_Mar__7_13_00_12_2023,0.020766019821166992,1.6449836492538452,129.59581562360498
WS23_L1_T1_P_0_trial_2_Tue_Mar__7_13_00_12_2023,0.020766019821166992,1.6449836492538452,129.59581562360498
WS23_L1_T1_P_0_trial_2_Tue_Mar__7_13_00_12_2023,0.020766019821166992,1.6449836492538452,129.59581562360498
WS23_L1_T1_P_0_trial_2_Tue_Mar__7_13_00_12_2023,0.020894944667816107,1.611547589302063,129.59581562360498
WS23_L1_T1_P_0_trial_2_Tue_Mar__7_13_00_12_2023,0.020894944667816107,1.611547589302063,129.59581562360498
WS23_L1_T1_P_0_trial_2_Tue_Mar__7_13_00_12_2023,0.020894944667816107,1.611547589302063,129.59581562360498
WS23_L1_T1_P_0_trial_2_Tue_Mar__7_13_00_12_2023,0.020894944667816107,1.611547589302063,129.59581562360498
WS23_L1_T1_P_0_trial_2_Tue_Mar__7_13_00_12_2023,0.020894944667816107,1.611547589302063,129.59581562360498
WS23_L1_T1_P_0_trial_2_Tue_Mar__7_13_00_12_2023,0.020894944667816107,1.611547589302063,129.59581562360498
WS23_L1_T1_P_0_trial_2_Tue_Mar__7_13_00_12_2023,0.020956233143806402,1.5885984897613523,129.59581562360498
WS23_L1_T1_P_0_trial_2_Tue_Mar__7_13_00_12_2023,0.020956233143806402,1.5885984897613523,129.59581562360498
WS23_L1_T1_P_0_trial_2_Tue_Mar__7_13_00_12_2023,0.020956233143806402,1.5885984897613523,129.59581562360498
WS23_L1_T1_P_0_trial_2_Tue_Mar__7_13_00_12_2023,0.020956233143806402,1.5885984897613523,129.59581562360498
WS23_L1_T1_P_0_trial_2_Tue_Mar__7_13_00_12_2023,0.020956233143806402,1.5885984897613523,129.59581562360498
WS23_L1_T1_P_0_trial_2_Tue_Mar__7_13_00_12_2023,0.020956233143806402,1.5885984897613523,129.59581562360498
WS23_L1_T1_P_0_trial_2_Tue_Mar__7_13_00_12_2023,0.020956233143806402,1.5885984897613523,129.59581562360498
WS23_L1_T1_P_0_trial_2_Tue_Mar__7_13_00_12_2023,0.021063059568405096,1.6950514316558838,129.59581562360498
WS23_L1_T1_P_0_trial_2_Tue_Mar__7_13_00_12_2023,0.021063059568405096,1.6950514316558838,129.59581562360498
WS23_L1_T1_P_0_trial_2_Tue_Mar__7_13_00_12_2023,0.021063059568405096,1.6950514316558838,129.59581562360498
WS23_L1_T1_P_0_trial_2_Tue_Mar__7_13_00_12_2023,0.021063059568405096,1.6950514316558838,129.59581562360498
WS23_L1_T1_P_0_trial_2_Tue_Mar__7_13_00_12_2023,0.021063059568405096,1.6950514316558838,129.59581562360498
WS23_L1_T1_P_0_trial_2_Tue_Mar__7_13_00_12_2023,0.021063059568405096,1.6950514316558838,129.59581562360498
WS23_L1_T1_P_0_trial_2_Tue_Mar__7_13_00_12_2023,0.021063059568405096,1.6950514316558838,129.59581562360498
WS23_L1_T1_P_0_trial_2_Tue_Mar__7_13_00_12_2023,0.021183356642723,1.6688601970672607,129.59581562360498
WS23_L1_T1_P_0_trial_2_Tue_Mar__7_13_00_12_2023,0.021183356642723,1.6688601970672607,129.59581562360498
WS23_L1_T1_P_0_trial_2_Tue_Mar__7_13_00_12_2023,0.021183356642723,1.6688601970672607,129.59581562360498
WS23_L1_T1_P_0_trial_2_Tue_Mar__7_13_00_12_2023,0.021183356642723,1.6688601970672607,129.59581562360498
WS23_L1_T1_P_0_trial_2_Tue_Mar__7_13_00_12_2023,0.021183356642723,1.6688601970672607,129.59581562360498
WS23_L1_T1_P_0_trial_2_Tue_Mar__7_13_00_12_2023,0.021183356642723,1.6688601970672607,129.59581562360498
WS23_L1_T1_P_0_trial_2_Tue_Mar__7_13_00_12_2023,0.021183356642723,1.6688601970672607,129.59581562360498
WS23_L1_T1_P_0_trial_2_Tue_Mar__7_13_00_12_2023,0.021295636892318698,1.6282782554626465,129.59581562360498
WS23_L1_T1_P_0_trial_2_Tue_Mar__7_13_00_12_2023,0.021295636892318698,1.6282782554626465,129.59581562360498
WS23_L1_T1_P_0_trial_2_Tue_Mar__7_13_00_12_2023,0.021295636892318698,1.6282782554626465,129.59581562360498
WS23_L1_T1_P_0_trial_2_Tue_Mar__7_13_00_12_2023,0.021295636892318698,1.6282782554626465,129.59581562360498
WS23_L1_T1_P_0_trial_2_Tue_Mar__7_13_00_12_2023,0.021295636892318698,1.6282782554626465,129.59581562360498
WS23_L1_T1_P_0_trial_2_Tue_Mar__7_13_00_12_2023,0.021295636892318698,1.6282782554626465,129.59581562360498
WS23_L1_T1_P_0_trial_2_Tue_Mar__7_13_00_12_2023,0.021295636892318698,1.6282782554626465,129.59581562360498
WS23_L1_T1_P_0_trial_2_Tue_Mar__7_13_00_12_2023,0.021421328186988803,1.574735164642334,129.59581562360498
WS23_L1_T1_P_0_trial_2_Tue_Mar__7_13_00_12_2023,0.021421328186988803,1.574735164642334,129.59581562360498
WS23_L1_T1_P_0_trial_2_Tue_Mar__7_13_00_12_2023,0.021421328186988803,1.574735164642334,129.59581562360498
WS23_L1_T1_P_0_trial_2_Tue_Mar__7_13_00_12_2023,0.021421328186988803,1.574735164642334,129.59581562360498
WS23_L1_T1_P_0_trial_2_Tue_Mar__7_13_00_12_2023,0.021421328186988803,1.574735164642334,129.59581562360498
WS23_L1_T1_P_0_trial_2_Tue_Mar__7_13_00_12_2023,0.021421328186988803,1.574735164642334,129.59581562360498
WS23_L1_T1_P_0_trial_2_Tue_Mar__7_13_00_12_2023,0.021421328186988803,1.574735164642334,129.59581562360498
WS23_L1_T1_P_0_trial_2_Tue_Mar__7_13_00_12_2023,0.021466284990310613,1.6740305423736572,129.59581562360498
WS23_L1_T1_P_0_trial_2_Tue_Mar__7_13_00_12_2023,0.021466284990310613,1.6740305423736572,129.59581562360498
WS23_L1_T1_P_0_trial_2_Tue_Mar__7_13_00_12_2023,0.021466284990310613,1.6740305423736572,129.59581562360498
WS23_L1_T1_P_0_trial_2_Tue_Mar__7_13_00_12_2023,0.021466284990310613,1.6740305423736572,129.59581562360498
WS23_L1_T1_P_0_trial_2_Tue_Mar__7_13_00_12_2023,0.021466284990310613,1.6740305423736572,129.59581562360498
WS23_L1_T1_P_0_trial_2_Tue_Mar__7_13_00_12_2023,0.021466284990310613,1.6740305423736572,129.59581562360498
WS23_L1_T1_P_0_trial_2_Tue_Mar__7_13_00_12_2023,0.021466284990310613,1.6740305423736572,129.59581562360498
WS23_L1_T1_P_0_trial_2_Tue_Mar__7_13_00_12_2023,0.021466284990310613,1.6740305423736572,129.59581562360498
WS23_L1_T1_P_0_trial_2_Tue_Mar__7_13_00_12_2023,0.021538808941841098,1.6046987771987915,129.59581562360498
WS23_L1_T1_P_0_trial_2_Tue_Mar__7_13_00_12_2023,0.021538808941841098,1.6046987771987915,129.59581562360498
WS23_L1_T1_P_0_trial_2_Tue_Mar__7_13_00_12_2023,0.021538808941841098,1.6046987771987915,129.59581562360498
WS23_L1_T1_P_0_trial_2_Tue_Mar__7_13_00_12_2023,0.021538808941841098,1.6046987771987915,129.59581562360498
WS23_L1_T1_P_0_trial_2_Tue_Mar__7_13_00_12_2023,0.021538808941841098,1.6046987771987915,129.59581562360498
WS23_L1_T1_P_0_trial_2_Tue_Mar__7_13_00_12_2023,0.021538808941841098,1.6046987771987915,129.59581562360498
WS23_L1_T1_P_0_trial_2_Tue_Mar__7_13_00_12_2023,0.021538808941841098,1.6046987771987915,129.59581562360498
WS23_L1_T1_P_0_trial_2_Tue_Mar__7_13_00_12_2023,0.021600008010864202,1.7201049327850342,129.59581562360498
WS23_L1_T1_P_0_trial_2_Tue_Mar__7_13_00_12_2023,0.021600008010864202,1.7201049327850342,129.59581562360498
WS23_L1_T1_P_0_trial_2_Tue_Mar__7_13_00_12_2023,0.021600008010864202,1.7201049327850342,129.59581562360498
WS23_L1_T1_P_0_trial_2_Tue_Mar__7_13_00_12_2023,0.021600008010864202,1.7201049327850342,129.59581562360498
WS23_L1_T1_P_0_trial_2_Tue_Mar__7_13_00_12_2023,0.021600008010864202,1.7201049327850342,129.59581562360498
WS23_L1_T1_P_0_trial_2_Tue_Mar__7_13_00_12_2023,0.021600008010864202,1.7201049327850342,129.59581562360498
WS23_L1_T1_P_0_trial_2_Tue_Mar__7_13_00_12_2023,0.021600008010864202,1.7201049327850342,129.59581562360498
WS23_L1_T1_P_0_trial_2_Tue_Mar__7_13_00_12_2023,0.021600008010864202,1.7201049327850342,129.59581562360498
WS23_L1_T1_P_0_trial_2_Tue_Mar__7_13_00_12_2023,0.021702080965042114,1.7178670167922974,129.59581562360498
WS23_L1_T1_P_0_trial_2_Tue_Mar__7_13_00_12_2023,0.021702080965042114,1.7178670167922974,129.59581562360498
WS23_L1_T1_P_0_trial_2_Tue_Mar__7_13_00_12_2023,0.021702080965042114,1.7178670167922974,129.59581562360498
WS23_L1_T1_P_0_trial_2_Tue_Mar__7_13_00_12_2023,0.021702080965042114,1.7178670167922974,129.59581562360498
WS23_L1_T1_P_0_trial_2_Tue_Mar__7_13_00_12_2023,0.021702080965042114,1.7178670167922974,129.59581562360498
WS23_L1_T1_P_0_trial_2_Tue_Mar__7_13_00_12_2023,0.02175167202949521,1.6893260478973389,129.59581562360498
WS23_L1_T1_P_0_trial_2_Tue_Mar__7_13_00_12_2023,0.02175167202949521,1.6893260478973389,129.59581562360498
WS23_L1_T1_P_0_trial_2_Tue_Mar__7_13_00_12_2023,0.02175167202949521,1.6893260478973389,129.59581562360498
WS23_L1_T1_P_0_trial_2_Tue_Mar__7_13_00_12_2023,0.02175167202949521,1.6893260478973389,129.59581562360498
WS23_L1_T1_P_0_trial_2_Tue_Mar__7_13_00_12_2023,0.02175167202949521,1.6893260478973389,129.59581562360498
WS23_L1_T1_P_0_trial_2_Tue_Mar__7_13_00_12_2023,0.02175167202949521,1.6893260478973389,129.59581562360498
WS23_L1_T1_P_0_trial_2_Tue_Mar__7_13_00_12_2023,0.021824985742568914,1.810547947883606,129.59581562360498
WS23_L1_T1_P_0_trial_2_Tue_Mar__7_13_00_12_2023,0.021824985742568914,1.810547947883606,129.59581562360498
WS23_L1_T1_P_0_trial_2_Tue_Mar__7_13_00_12_2023,0.021824985742568914,1.810547947883606,129.59581562360498
WS23_L1_T1_P_0_trial_2_Tue_Mar__7_13_00_12_2023,0.021824985742568914,1.810547947883606,129.59581562360498
WS23_L1_T1_P_0_trial_2_Tue_Mar__7_13_00_12_2023,0.021824985742568914,1.810547947883606,129.59581562360498
WS23_L1_T1_P_0_trial_2_Tue_Mar__7_13_00_12_2023,0.021824985742568914,1.810547947883606,129.59581562360498
WS23_L1_T1_P_0_trial_2_Tue_Mar__7_13_00_12_2023,0.021824985742568914,1.810547947883606,129.59581562360498
WS23_L1_T1_P_0_trial_2_Tue_Mar__7_13_00_12_2023,0.02190102636814109,1.8149586915969849,129.59581562360498
WS23_L1_T1_P_0_trial_2_Tue_Mar__7_13_00_12_2023,0.02190102636814109,1.8149586915969849,129.59581562360498
WS23_L1_T1_P_0_trial_2_Tue_Mar__7_13_00_12_2023,0.02190102636814109,1.8149586915969849,129.59581562360498
WS23_L1_T1_P_0_trial_2_Tue_Mar__7_13_00_12_2023,0.02190102636814109,1.8149586915969849,129.59581562360498
WS23_L1_T1_P_0_trial_2_Tue_Mar__7_13_00_12_2023,0.02190102636814109,1.8149586915969849,129.59581562360498
WS23_L1_T1_P_0_trial_2_Tue_Mar__7_13_00_12_2023,0.02190102636814109,1.8149586915969849,129.59581562360498
WS23_L1_T1_P_0_trial_2_Tue_Mar__7_13_00_12_2023,0.021923050284385598,1.9249303340911863,129.59581562360498
WS23_L1_T1_P_0_trial_2_Tue_Mar__7_13_00_12_2023,0.021923050284385598,1.9249303340911863,129.59581562360498
WS23_L1_T1_P_0_trial_2_Tue_Mar__7_13_00_12_2023,0.021923050284385598,1.9249303340911863,129.59581562360498
WS23_L1_T1_P_0_trial_2_Tue_Mar__7_13_00_12_2023,0.021923050284385598,1.9249303340911863,129.59581562360498
WS23_L1_T1_P_0_trial_2_Tue_Mar__7_13_00_12_2023,0.021923050284385598,1.9249303340911863,129.59581562360498
WS23_L1_T1_P_0_trial_2_Tue_Mar__7_13_00_12_2023,0.022009089589118902,1.9190995693206787,129.59581562360498
WS23_L1_T1_P_0_trial_2_Tue_Mar__7_13_00_12_2023,0.022009089589118902,1.9190995693206787,129.59581562360498
WS23_L1_T1_P_0_trial_2_Tue_Mar__7_13_00_12_2023,0.022009089589118902,1.9190995693206787,129.59581562360498
WS23_L1_T1_P_0_trial_2_Tue_Mar__7_13_00_12_2023,0.022009089589118902,1.9190995693206787,129.59581562360498
WS23_L1_T1_P_0_trial_2_Tue_Mar__7_13_00_12_2023,0.022009089589118902,1.9190995693206787,129.59581562360498
WS23_L1_T1_P_0_trial_2_Tue_Mar__7_13_00_12_2023,0.022009089589118902,1.9190995693206787,129.59581562360498
WS23_L1_T1_P_0_trial_2_Tue_Mar__7_13_00_12_2023,0.02208758890628809,1.828711032867432,129.59581562360498
WS23_L1_T1_P_0_trial_2_Tue_Mar__7_13_00_12_2023,0.02208758890628809,1.828711032867432,129.59581562360498
WS23_L1_T1_P_0_trial_2_Tue_Mar__7_13_00_12_2023,0.02208758890628809,1.828711032867432,129.59581562360498
WS23_L1_T1_P_0_trial_2_Tue_Mar__7_13_00_12_2023,0.02208758890628809,1.828711032867432,129.59581562360498
WS23_L1_T1_P_0_trial_2_Tue_Mar__7_13_00_12_2023,0.02208758890628809,1.828711032867432,129.59581562360498
WS23_L1_T1_P_0_trial_2_Tue_Mar__7_13_00_12_2023,0.02208758890628809,1.828711032867432,129.59581562360498
WS23_L1_T1_P_0_trial_2_Tue_Mar__7_13_00_12_2023,0.02208758890628809,1.828711032867432,129.59581562360498
WS23_L1_T1_P_0_trial_2_Tue_Mar__7_13_00_12_2023,0.022176384925842202,1.8395934104919436,129.59581562360498
WS23_L1_T1_P_0_trial_2_Tue_Mar__7_13_00_12_2023,0.022176384925842202,1.8395934104919436,129.59581562360498
WS23_L1_T1_P_0_trial_2_Tue_Mar__7_13_00_12_2023,0.022176384925842202,1.8395934104919436,129.59581562360498
WS23_L1_T1_P_0_trial_2_Tue_Mar__7_13_00_12_2023,0.022176384925842202,1.8395934104919436,129.59581562360498
WS23_L1_T1_P_0_trial_2_Tue_Mar__7_13_00_12_2023,0.022176384925842202,1.8395934104919436,129.59581562360498
WS23_L1_T1_P_0_trial_2_Tue_Mar__7_13_00_12_2023,0.022176384925842202,1.8395934104919436,129.59581562360498
WS23_L1_T1_P_0_trial_2_Tue_Mar__7_13_00_12_2023,0.022258311510086004,1.952290177345276,129.59581562360498
WS23_L1_T1_P_0_trial_2_Tue_Mar__7_13_00_12_2023,0.022258311510086004,1.952290177345276,129.59581562360498
WS23_L1_T1_P_0_trial_2_Tue_Mar__7_13_00_12_2023,0.022258311510086004,1.952290177345276,129.59581562360498
WS23_L1_T1_P_0_trial_2_Tue_Mar__7_13_00_12_2023,0.022258311510086004,1.952290177345276,129.59581562360498
WS23_L1_T1_P_0_trial_2_Tue_Mar__7_13_00_12_2023,0.022258311510086004,1.952290177345276,129.59581562360498
WS23_L1_T1_P_0_trial_2_Tue_Mar__7_13_00_12_2023,0.022258311510086004,1.952290177345276,129.59581562360498
WS23_L1_T1_P_0_trial_2_Tue_Mar__7_13_00_12_2023,0.022346973419189398,1.961453199386597,129.59581562360498
WS23_L1_T1_P_0_trial_2_Tue_Mar__7_13_00_12_2023,0.022346973419189398,1.961453199386597,129.59581562360498
WS23_L1_T1_P_0_trial_2_Tue_Mar__7_13_00_12_2023,0.022346973419189398,1.961453199386597,129.59581562360498
WS23_L1_T1_P_0_trial_2_Tue_Mar__7_13_00_12_2023,0.022346973419189398,1.961453199386597,129.59581562360498
WS23_L1_T1_P_0_trial_2_Tue_Mar__7_13_00_12_2023,0.022346973419189398,1.961453199386597,129.59581562360498
WS23_L1_T1_P_0_trial_2_Tue_Mar__7_13_00_12_2023,0.022346973419189398,1.961453199386597,129.59581562360498
WS23_L1_T1_P_0_trial_2_Tue_Mar__7_13_00_12_2023,0.022346973419189398,1.961453199386597,129.59581562360498
WS23_L1_T1_P_0_trial_2_Tue_Mar__7_13_00_12_2023,0.022410720586776706,1.9194356203079224,129.59581562360498
WS23_L1_T1_P_0_trial_2_Tue_Mar__7_13_00_12_2023,0.022410720586776706,1.9194356203079224,129.59581562360498
WS23_L1_T1_P_0_trial_2_Tue_Mar__7_13_00_12_2023,0.022410720586776706,1.9194356203079224,129.59581562360498
WS23_L1_T1_P_0_trial_2_Tue_Mar__7_13_00_12_2023,0.022410720586776706,1.9194356203079224,129.59581562360498
WS23_L1_T1_P_0_trial_2_Tue_Mar__7_13_00_12_2023,0.022410720586776706,1.9194356203079224,129.59581562360498
WS23_L1_T1_P_0_trial_2_Tue_Mar__7_13_00_12_2023,0.022410720586776706,1.9194356203079224,129.59581562360498
WS23_L1_T1_P_0_trial_2_Tue_Mar__7_13_00_12_2023,0.022510245442390414,1.997395634651184,129.59581562360498
WS23_L1_T1_P_0_trial_2_Tue_Mar__7_13_00_12_2023,0.022510245442390414,1.997395634651184,129.59581562360498
WS23_L1_T1_P_0_trial_2_Tue_Mar__7_13_00_12_2023,0.022510245442390414,1.997395634651184,129.59581562360498
WS23_L1_T1_P_0_trial_2_Tue_Mar__7_13_00_12_2023,0.022510245442390414,1.997395634651184,129.59581562360498
WS23_L1_T1_P_0_trial_2_Tue_Mar__7_13_00_12_2023,0.022510245442390414,1.997395634651184,129.59581562360498
WS23_L1_T1_P_0_trial_2_Tue_Mar__7_13_00_12_2023,0.022510245442390414,1.997395634651184,129.59581562360498
WS23_L1_T1_P_0_trial_2_Tue_Mar__7_13_00_12_2023,0.022510245442390414,1.997395634651184,129.59581562360498
WS23_L1_T1_P_0_trial_2_Tue_Mar__7_13_00_12_2023,0.022674649953842108,1.9660340547561648,129.59581562360498
WS23_L1_T1_P_0_trial_2_Tue_Mar__7_13_00_12_2023,0.022674649953842108,1.9660340547561648,129.59581562360498
WS23_L1_T1_P_0_trial_2_Tue_Mar__7_13_00_12_2023,0.022674649953842108,1.9660340547561648,129.59581562360498
WS23_L1_T1_P_0_trial_2_Tue_Mar__7_13_00_12_2023,0.022674649953842108,1.9660340547561648,129.59581562360498
WS23_L1_T1_P_0_trial_2_Tue_Mar__7_13_00_12_2023,0.022674649953842108,1.9660340547561648,129.59581562360498
WS23_L1_T1_P_0_trial_2_Tue_Mar__7_13_00_12_2023,0.022674649953842108,1.9660340547561648,129.59581562360498
WS23_L1_T1_P_0_trial_2_Tue_Mar__7_13_00_12_2023,0.022674649953842108,1.9660340547561648,129.59581562360498
WS23_L1_T1_P_0_trial_2_Tue_Mar__7_13_00_12_2023,0.022837489843368503,1.859666347503662,129.59581562360498
WS23_L1_T1_P_0_trial_2_Tue_Mar__7_13_00_12_2023,0.022837489843368503,1.859666347503662,129.59581562360498
WS23_L1_T1_P_0_trial_2_Tue_Mar__7_13_00_12_2023,0.022837489843368503,1.859666347503662,129.59581562360498
WS23_L1_T1_P_0_trial_2_Tue_Mar__7_13_00_12_2023,0.022837489843368503,1.859666347503662,129.59581562360498
WS23_L1_T1_P_0_trial_2_Tue_Mar__7_13_00_12_2023,0.022837489843368503,1.859666347503662,129.59581562360498
WS23_L1_T1_P_0_trial_2_Tue_Mar__7_13_00_12_2023,0.022837489843368503,1.859666347503662,129.59581562360498
WS23_L1_T1_P_0_trial_2_Tue_Mar__7_13_00_12_2023,0.02293603122234339,1.7553058862686155,129.59581562360498
WS23_L1_T1_P_0_trial_2_Tue_Mar__7_13_00_12_2023,0.02293603122234339,1.7553058862686155,129.59581562360498
WS23_L1_T1_P_0_trial_2_Tue_Mar__7_13_00_12_2023,0.02293603122234339,1.7553058862686155,129.59581562360498
WS23_L1_T1_P_0_trial_2_Tue_Mar__7_13_00_12_2023,0.02293603122234339,1.7553058862686155,129.59581562360498
WS23_L1_T1_P_0_trial_2_Tue_Mar__7_13_00_12_2023,0.02293603122234339,1.7553058862686155,129.59581562360498
WS23_L1_T1_P_0_trial_2_Tue_Mar__7_13_00_12_2023,0.023106724023818914,1.7935597896575928,129.59581562360498
WS23_L1_T1_P_0_trial_2_Tue_Mar__7_13_00_12_2023,0.023106724023818914,1.7935597896575928,129.59581562360498
WS23_L1_T1_P_0_trial_2_Tue_Mar__7_13_00_12_2023,0.023106724023818914,1.7935597896575928,129.59581562360498
WS23_L1_T1_P_0_trial_2_Tue_Mar__7_13_00_12_2023,0.023106724023818914,1.7935597896575928,129.59581562360498
WS23_L1_T1_P_0_trial_2_Tue_Mar__7_13_00_12_2023,0.023106724023818914,1.7935597896575928,129.59581562360498
WS23_L1_T1_P_0_trial_2_Tue_Mar__7_13_00_12_2023,0.023106724023818914,1.7935597896575928,129.59581562360498
WS23_L1_T1_P_0_trial_2_Tue_Mar__7_13_00_12_2023,0.023106724023818914,1.7935597896575928,129.59581562360498
WS23_L1_T1_P_0_trial_2_Tue_Mar__7_13_00_12_2023,0.023307159543037415,1.7008743286132812,129.59581562360498
WS23_L1_T1_P_0_trial_2_Tue_Mar__7_13_00_12_2023,0.023307159543037415,1.7008743286132812,129.59581562360498
WS23_L1_T1_P_0_trial_2_Tue_Mar__7_13_00_12_2023,0.023307159543037415,1.7008743286132812,129.59581562360498
WS23_L1_T1_P_0_trial_2_Tue_Mar__7_13_00_12_2023,0.023307159543037415,1.7008743286132812,129.59581562360498
WS23_L1_T1_P_0_trial_2_Tue_Mar__7_13_00_12_2023,0.023307159543037415,1.7008743286132812,129.59581562360498
WS23_L1_T1_P_0_trial_2_Tue_Mar__7_13_00_12_2023,0.023307159543037415,1.7008743286132812,129.59581562360498
WS23_L1_T1_P_0_trial_2_Tue_Mar__7_13_00_12_2023,0.0234931409358978,1.6031864881515503,129.59581562360498
WS23_L1_T1_P_0_trial_2_Tue_Mar__7_13_00_12_2023,0.0234931409358978,1.6031864881515503,129.59581562360498
WS23_L1_T1_P_0_trial_2_Tue_Mar__7_13_00_12_2023,0.0234931409358978,1.6031864881515503,129.59581562360498
WS23_L1_T1_P_0_trial_2_Tue_Mar__7_13_00_12_2023,0.0234931409358978,1.6031864881515503,129.59581562360498
WS23_L1_T1_P_0_trial_2_Tue_Mar__7_13_00_12_2023,0.0234931409358978,1.6031864881515503,129.59581562360498
WS23_L1_T1_P_0_trial_2_Tue_Mar__7_13_00_12_2023,0.0234931409358978,1.6031864881515503,129.59581562360498
WS23_L1_T1_P_0_trial_2_Tue_Mar__7_13_00_12_2023,0.023733198642730713,1.4499174356460571,129.59581562360498
WS23_L1_T1_P_0_trial_2_Tue_Mar__7_13_00_12_2023,0.023733198642730713,1.4499174356460571,129.59581562360498
WS23_L1_T1_P_0_trial_2_Tue_Mar__7_13_00_12_2023,0.023733198642730713,1.4499174356460571,129.59581562360498
WS23_L1_T1_P_0_trial_2_Tue_Mar__7_13_00_12_2023,0.023733198642730713,1.4499174356460571,129.59581562360498
WS23_L1_T1_P_0_trial_2_Tue_Mar__7_13_00_12_2023,0.023733198642730713,1.4499174356460571,129.59581562360498
WS23_L1_T1_P_0_trial_2_Tue_Mar__7_13_00_12_2023,0.023733198642730713,1.4499174356460571,129.59581562360498
WS23_L1_T1_P_0_trial_2_Tue_Mar__7_13_00_12_2023,0.023733198642730713,1.4499174356460571,129.59581562360498
WS23_L1_T1_P_0_trial_2_Tue_Mar__7_13_00_12_2023,0.0238265842199325,1.519473433494568,129.59581562360498
WS23_L1_T1_P_0_trial_2_Tue_Mar__7_13_00_12_2023,0.0238265842199325,1.519473433494568,129.59581562360498
WS23_L1_T1_P_0_trial_2_Tue_Mar__7_13_00_12_2023,0.0238265842199325,1.519473433494568,129.59581562360498
WS23_L1_T1_P_0_trial_2_Tue_Mar__7_13_00_12_2023,0.0238265842199325,1.519473433494568,129.59581562360498
WS23_L1_T1_P_0_trial_2_Tue_Mar__7_13_00_12_2023,0.0238265842199325,1.519473433494568,129.59581562360498
WS23_L1_T1_P_0_trial_2_Tue_Mar__7_13_00_12_2023,0.0238265842199325,1.519473433494568,129.59581562360498
WS23_L1_T1_P_0_trial_2_Tue_Mar__7_13_00_12_2023,0.0238265842199325,1.519473433494568,129.59581562360498
WS23_L1_T1_P_0_trial_2_Tue_Mar__7_13_00_12_2023,0.02389959990978241,1.5718823671340942,129.59581562360498
WS23_L1_T1_P_0_trial_2_Tue_Mar__7_13_00_12_2023,0.02389959990978241,1.5718823671340942,129.59581562360498
WS23_L1_T1_P_0_trial_2_Tue_Mar__7_13_00_12_2023,0.02389959990978241,1.5718823671340942,129.59581562360498
WS23_L1_T1_P_0_trial_2_Tue_Mar__7_13_00_12_2023,0.02389959990978241,1.5718823671340942,129.59581562360498
WS23_L1_T1_P_0_trial_2_Tue_Mar__7_13_00_12_2023,0.02389959990978241,1.5718823671340942,129.59581562360498
WS23_L1_T1_P_0_trial_2_Tue_Mar__7_13_00_12_2023,0.02389959990978241,1.5718823671340942,129.59581562360498
WS23_L1_T1_P_0_trial_2_Tue_Mar__7_13_00_12_2023,0.023985505104064914,1.5580332279205322,129.59581562360498
WS23_L1_T1_P_0_trial_2_Tue_Mar__7_13_00_12_2023,0.023985505104064914,1.5580332279205322,129.59581562360498
WS23_L1_T1_P_0_trial_2_Tue_Mar__7_13_00_12_2023,0.023985505104064914,1.5580332279205322,129.59581562360498
WS23_L1_T1_P_0_trial_2_Tue_Mar__7_13_00_12_2023,0.023985505104064914,1.5580332279205322,129.59581562360498
WS23_L1_T1_P_0_trial_2_Tue_Mar__7_13_00_12_2023,0.023985505104064914,1.5580332279205322,129.59581562360498
WS23_L1_T1_P_0_trial_2_Tue_Mar__7_13_00_12_2023,0.023985505104064914,1.5580332279205322,129.59581562360498
WS23_L1_T1_P_0_trial_2_Tue_Mar__7_13_00_12_2023,0.023985505104064914,1.6805988550186155,129.59581562360498
WS23_L1_T1_P_0_trial_2_Tue_Mar__7_13_00_12_2023,0.023985505104064914,1.6805988550186155,129.59581562360498
WS23_L1_T1_P_0_trial_2_Tue_Mar__7_13_00_12_2023,0.023985505104064914,1.6805988550186155,129.59581562360498
WS23_L1_T1_P_0_trial_2_Tue_Mar__7_13_00_12_2023,0.023985505104064914,1.6805988550186155,129.59581562360498
WS23_L1_T1_P_0_trial_2_Tue_Mar__7_13_00_12_2023,0.023985505104064914,1.6805988550186155,129.59581562360498
WS23_L1_T1_P_0_trial_2_Tue_Mar__7_13_00_12_2023,0.023985505104064914,1.6805988550186155,129.59581562360498
WS23_L1_T1_P_0_trial_2_Tue_Mar__7_13_00_12_2023,0.024067997932434,1.6797090768814087,129.59581562360498
WS23_L1_T1_P_0_trial_2_Tue_Mar__7_13_00_12_2023,0.024067997932434,1.6797090768814087,129.59581562360498
WS23_L1_T1_P_0_trial_2_Tue_Mar__7_13_00_12_2023,0.024067997932434,1.6797090768814087,129.59581562360498
WS23_L1_T1_P_0_trial_2_Tue_Mar__7_13_00_12_2023,0.024067997932434,1.6797090768814087,129.59581562360498
WS23_L1_T1_P_0_trial_2_Tue_Mar__7_13_00_12_2023,0.024067997932434,1.6797090768814087,129.59581562360498
WS23_L1_T1_P_0_trial_2_Tue_Mar__7_13_00_12_2023,0.024171635508537292,1.639030933380127,129.59581562360498
WS23_L1_T1_P_0_trial_2_Tue_Mar__7_13_00_12_2023,0.024171635508537292,1.639030933380127,129.59581562360498
WS23_L1_T1_P_0_trial_2_Tue_Mar__7_13_00_12_2023,0.024171635508537292,1.639030933380127,129.59581562360498
WS23_L1_T1_P_0_trial_2_Tue_Mar__7_13_00_12_2023,0.024171635508537292,1.639030933380127,129.59581562360498
WS23_L1_T1_P_0_trial_2_Tue_Mar__7_13_00_12_2023,0.024171635508537292,1.639030933380127,129.59581562360498
WS23_L1_T1_P_0_trial_2_Tue_Mar__7_13_00_12_2023,0.024171635508537292,1.639030933380127,129.59581562360498
WS23_L1_T1_P_0_trial_2_Tue_Mar__7_13_00_12_2023,0.02422049641609189,1.7260785102844238,129.59581562360498
WS23_L1_T1_P_0_trial_2_Tue_Mar__7_13_00_12_2023,0.02422049641609189,1.7260785102844238,129.59581562360498
WS23_L1_T1_P_0_trial_2_Tue_Mar__7_13_00_12_2023,0.02422049641609189,1.7260785102844238,129.59581562360498
WS23_L1_T1_P_0_trial_2_Tue_Mar__7_13_00_12_2023,0.02422049641609189,1.7260785102844238,129.59581562360498
WS23_L1_T1_P_0_trial_2_Tue_Mar__7_13_00_12_2023,0.02422049641609189,1.7260785102844238,129.59581562360498
WS23_L1_T1_P_0_trial_2_Tue_Mar__7_13_00_12_2023,0.02422049641609189,1.7260785102844238,129.59581562360498
WS23_L1_T1_P_0_trial_2_Tue_Mar__7_13_00_12_2023,0.024289131164550698,1.7552411556243896,129.59581562360498
WS23_L1_T1_P_0_trial_2_Tue_Mar__7_13_00_12_2023,0.024289131164550698,1.7552411556243896,129.59581562360498
WS23_L1_T1_P_0_trial_2_Tue_Mar__7_13_00_12_2023,0.024289131164550698,1.7552411556243896,129.59581562360498
WS23_L1_T1_P_0_trial_2_Tue_Mar__7_13_00_12_2023,0.024289131164550698,1.7552411556243896,129.59581562360498
WS23_L1_T1_P_0_trial_2_Tue_Mar__7_13_00_12_2023,0.024289131164550698,1.7552411556243896,129.59581562360498
WS23_L1_T1_P_0_trial_2_Tue_Mar__7_13_00_12_2023,0.024289131164550698,1.7552411556243896,129.59581562360498
WS23_L1_T1_P_0_trial_2_Tue_Mar__7_13_00_12_2023,0.024315670132636996,1.8252876996994016,129.59581562360498
WS23_L1_T1_P_0_trial_2_Tue_Mar__7_13_00_12_2023,0.024315670132636996,1.8252876996994016,129.59581562360498
WS23_L1_T1_P_0_trial_2_Tue_Mar__7_13_00_12_2023,0.024315670132636996,1.8252876996994016,129.59581562360498
WS23_L1_T1_P_0_trial_2_Tue_Mar__7_13_00_12_2023,0.024315670132636996,1.8252876996994016,129.59581562360498
WS23_L1_T1_P_0_trial_2_Tue_Mar__7_13_00_12_2023,0.024315670132636996,1.8252876996994016,129.59581562360498
WS23_L1_T1_P_0_trial_2_Tue_Mar__7_13_00_12_2023,0.024315670132636996,1.8252876996994016,129.59581562360498
WS23_L1_T1_P_0_trial_2_Tue_Mar__7_13_00_12_2023,0.0243445485830307,1.8932032585144043,129.59581562360498
WS23_L1_T1_P_0_trial_2_Tue_Mar__7_13_00_12_2023,0.0243445485830307,1.8932032585144043,129.59581562360498
WS23_L1_T1_P_0_trial_2_Tue_Mar__7_13_00_12_2023,0.0243445485830307,1.8932032585144043,129.59581562360498
WS23_L1_T1_P_0_trial_2_Tue_Mar__7_13_00_12_2023,0.0243445485830307,1.8932032585144043,129.59581562360498
WS23_L1_T1_P_0_trial_2_Tue_Mar__7_13_00_12_2023,0.0243445485830307,1.8932032585144043,129.59581562360498
WS23_L1_T1_P_0_trial_2_Tue_Mar__7_13_00_12_2023,0.0243445485830307,1.8932032585144043,129.59581562360498
WS23_L1_T1_P_0_trial_2_Tue_Mar__7_13_00_12_2023,0.024371594190597506,1.981594800949097,129.59581562360498
WS23_L1_T1_P_0_trial_2_Tue_Mar__7_13_00_12_2023,0.024371594190597506,1.981594800949097,129.59581562360498
WS23_L1_T1_P_0_trial_2_Tue_Mar__7_13_00_12_2023,0.024371594190597506,1.981594800949097,129.59581562360498
WS23_L1_T1_P_0_trial_2_Tue_Mar__7_13_00_12_2023,0.024371594190597506,1.981594800949097,129.59581562360498
WS23_L1_T1_P_0_trial_2_Tue_Mar__7_13_00_12_2023,0.024371594190597506,1.981594800949097,129.59581562360498
WS23_L1_T1_P_0_trial_2_Tue_Mar__7_13_00_12_2023,0.024371594190597506,1.981594800949097,129.59581562360498
WS23_L1_T1_P_0_trial_2_Tue_Mar__7_13_00_12_2023,0.024371594190597506,1.981594800949097,129.59581562360498
WS23_L1_T1_P_0_trial_2_Tue_Mar__7_13_00_12_2023,0.024371594190597506,1.981594800949097,129.59581562360498
WS23_L1_T1_P_0_trial_2_Tue_Mar__7_13_00_12_2023,0.024411499500274603,2.0211780071258545,129.59581562360498
WS23_L1_T1_P_0_trial_2_Tue_Mar__7_13_00_12_2023,0.024411499500274603,2.0211780071258545,129.59581562360498
WS23_L1_T1_P_0_trial_2_Tue_Mar__7_13_00_12_2023,0.024411499500274603,2.0211780071258545,129.59581562360498
WS23_L1_T1_P_0_trial_2_Tue_Mar__7_13_00_12_2023,0.024411499500274603,2.0211780071258545,129.59581562360498
WS23_L1_T1_P_0_trial_2_Tue_Mar__7_13_00_12_2023,0.024411499500274603,2.0211780071258545,129.59581562360498
WS23_L1_T1_P_0_trial_2_Tue_Mar__7_13_00_12_2023,0.024411499500274603,2.0211780071258545,129.59581562360498
WS23_L1_T1_P_0_trial_2_Tue_Mar__7_13_00_12_2023,0.024411499500274603,2.0211780071258545,129.59581562360498
WS23_L1_T1_P_0_trial_2_Tue_Mar__7_13_00_12_2023,0.024484723806381198,2.0470213890075684,129.59581562360498
WS23_L1_T1_P_0_trial_2_Tue_Mar__7_13_00_12_2023,0.024484723806381198,2.0470213890075684,129.59581562360498
WS23_L1_T1_P_0_trial_2_Tue_Mar__7_13_00_12_2023,0.024484723806381198,2.0470213890075684,129.59581562360498
WS23_L1_T1_P_0_trial_2_Tue_Mar__7_13_00_12_2023,0.024484723806381198,2.0470213890075684,129.59581562360498
WS23_L1_T1_P_0_trial_2_Tue_Mar__7_13_00_12_2023,0.024484723806381198,2.0470213890075684,129.59581562360498
WS23_L1_T1_P_0_trial_2_Tue_Mar__7_13_00_12_2023,0.024484723806381198,2.0470213890075684,129.59581562360498
WS23_L1_T1_P_0_trial_2_Tue_Mar__7_13_00_12_2023,0.024484723806381198,2.0470213890075684,129.59581562360498
WS23_L1_T1_P_0_trial_2_Tue_Mar__7_13_00_12_2023,0.0245591402053833,2.053808689117432,129.59581562360498
WS23_L1_T1_P_0_trial_2_Tue_Mar__7_13_00_12_2023,0.0245591402053833,2.053808689117432,129.59581562360498
WS23_L1_T1_P_0_trial_2_Tue_Mar__7_13_00_12_2023,0.0245591402053833,2.053808689117432,129.59581562360498
WS23_L1_T1_P_0_trial_2_Tue_Mar__7_13_00_12_2023,0.0245591402053833,2.053808689117432,129.59581562360498
WS23_L1_T1_P_0_trial_2_Tue_Mar__7_13_00_12_2023,0.0245591402053833,2.053808689117432,129.59581562360498
WS23_L1_T1_P_0_trial_2_Tue_Mar__7_13_00_12_2023,0.0245591402053833,2.053808689117432,129.59581562360498
WS23_L1_T1_P_0_trial_2_Tue_Mar__7_13_00_12_2023,0.024585857987403814,2.0641391277313232,129.59581562360498
WS23_L1_T1_P_0_trial_2_Tue_Mar__7_13_00_12_2023,0.024585857987403814,2.0641391277313232,129.59581562360498
WS23_L1_T1_P_0_trial_2_Tue_Mar__7_13_00_12_2023,0.024585857987403814,2.0641391277313232,129.59581562360498
WS23_L1_T1_P_0_trial_2_Tue_Mar__7_13_00_12_2023,0.024585857987403814,2.0641391277313232,129.59581562360498
WS23_L1_T1_P_0_trial_2_Tue_Mar__7_13_00_12_2023,0.024585857987403814,2.0641391277313232,129.59581562360498
WS23_L1_T1_P_0_trial_2_Tue_Mar__7_13_00_12_2023,0.024585857987403814,2.0641391277313232,129.59581562360498
WS23_L1_T1_P_0_trial_2_Tue_Mar__7_13_00_12_2023,0.024585857987403814,2.0641391277313232,129.59581562360498
WS23_L1_T1_P_0_trial_2_Tue_Mar__7_13_00_12_2023,0.024655550718307495,2.1513688564300537,129.59581562360498
WS23_L1_T1_P_0_trial_2_Tue_Mar__7_13_00_12_2023,0.024655550718307495,2.1513688564300537,129.59581562360498
WS23_L1_T1_P_0_trial_2_Tue_Mar__7_13_00_12_2023,0.024655550718307495,2.1513688564300537,129.59581562360498
WS23_L1_T1_P_0_trial_2_Tue_Mar__7_13_00_12_2023,0.024655550718307495,2.1513688564300537,129.59581562360498
WS23_L1_T1_P_0_trial_2_Tue_Mar__7_13_00_12_2023,0.024655550718307495,2.1513688564300537,129.59581562360498
WS23_L1_T1_P_0_trial_2_Tue_Mar__7_13_00_12_2023,0.024655550718307495,2.1513688564300537,129.59581562360498
WS23_L1_T1_P_0_trial_2_Tue_Mar__7_13_00_12_2023,0.02467167377471921,2.1737542152404785,129.59581562360498
WS23_L1_T1_P_0_trial_2_Tue_Mar__7_13_00_12_2023,0.02467167377471921,2.1737542152404785,129.59581562360498
WS23_L1_T1_P_0_trial_2_Tue_Mar__7_13_00_12_2023,0.02467167377471921,2.1737542152404785,129.59581562360498
WS23_L1_T1_P_0_trial_2_Tue_Mar__7_13_00_12_2023,0.02467167377471921,2.1737542152404785,129.59581562360498
WS23_L1_T1_P_0_trial_2_Tue_Mar__7_13_00_12_2023,0.02467167377471921,2.1737542152404785,129.59581562360498
WS23_L1_T1_P_0_trial_2_Tue_Mar__7_13_00_12_2023,0.02467167377471921,2.1737542152404785,129.59581562360498
WS23_L1_T1_P_0_trial_2_Tue_Mar__7_13_00_12_2023,0.024726077914237893,2.2772622108459477,129.59581562360498
WS23_L1_T1_P_0_trial_2_Tue_Mar__7_13_00_12_2023,0.024726077914237893,2.2772622108459477,129.59581562360498
WS23_L1_T1_P_0_trial_2_Tue_Mar__7_13_00_12_2023,0.024726077914237893,2.2772622108459477,129.59581562360498
WS23_L1_T1_P_0_trial_2_Tue_Mar__7_13_00_12_2023,0.024726077914237893,2.2772622108459477,129.59581562360498
WS23_L1_T1_P_0_trial_2_Tue_Mar__7_13_00_12_2023,0.024726077914237893,2.2772622108459477,129.59581562360498
WS23_L1_T1_P_0_trial_2_Tue_Mar__7_13_00_12_2023,0.024726077914237893,2.2772622108459477,129.59581562360498
WS23_L1_T1_P_0_trial_2_Tue_Mar__7_13_00_12_2023,0.0247683376073837,2.378716468811035,129.59581562360498
WS23_L1_T1_P_0_trial_2_Tue_Mar__7_13_00_12_2023,0.0247683376073837,2.378716468811035,129.59581562360498
WS23_L1_T1_P_0_trial_2_Tue_Mar__7_13_00_12_2023,0.0247683376073837,2.378716468811035,129.59581562360498
WS23_L1_T1_P_0_trial_2_Tue_Mar__7_13_00_12_2023,0.0247683376073837,2.378716468811035,129.59581562360498
WS23_L1_T1_P_0_trial_2_Tue_Mar__7_13_00_12_2023,0.0247683376073837,2.378716468811035,129.59581562360498
WS23_L1_T1_P_0_trial_2_Tue_Mar__7_13_00_12_2023,0.0247683376073837,2.378716468811035,129.59581562360498
WS23_L1_T1_P_0_trial_2_Tue_Mar__7_13_00_12_2023,0.0247683376073837,2.378716468811035,129.59581562360498
WS23_L1_T1_P_0_trial_2_Tue_Mar__7_13_00_12_2023,0.024843335151672308,2.392833709716797,129.59581562360498
WS23_L1_T1_P_0_trial_2_Tue_Mar__7_13_00_12_2023,0.024843335151672308,2.392833709716797,129.59581562360498
WS23_L1_T1_P_0_trial_2_Tue_Mar__7_13_00_12_2023,0.024843335151672308,2.392833709716797,129.59581562360498
WS23_L1_T1_P_0_trial_2_Tue_Mar__7_13_00_12_2023,0.024843335151672308,2.392833709716797,129.59581562360498
WS23_L1_T1_P_0_trial_2_Tue_Mar__7_13_00_12_2023,0.024843335151672308,2.392833709716797,129.59581562360498
WS23_L1_T1_P_0_trial_2_Tue_Mar__7_13_00_12_2023,0.024843335151672308,2.392833709716797,129.59581562360498
WS23_L1_T1_P_0_trial_2_Tue_Mar__7_13_00_12_2023,0.024843335151672308,2.392833709716797,129.59581562360498
WS23_L1_T1_P_0_trial_2_Tue_Mar__7_13_00_12_2023,0.024843335151672308,2.392833709716797,129.59581562360498
WS23_L1_T1_P_0_trial_2_Tue_Mar__7_13_00_12_2023,0.02487851679325101,2.4370152950286865,129.59581562360498
WS23_L1_T1_P_0_trial_2_Tue_Mar__7_13_00_12_2023,0.02487851679325101,2.4370152950286865,129.59581562360498
WS23_L1_T1_P_0_trial_2_Tue_Mar__7_13_00_12_2023,0.02487851679325101,2.4370152950286865,129.59581562360498
WS23_L1_T1_P_0_trial_2_Tue_Mar__7_13_00_12_2023,0.02487851679325101,2.4370152950286865,129.59581562360498
WS23_L1_T1_P_0_trial_2_Tue_Mar__7_13_00_12_2023,0.02487851679325101,2.4370152950286865,129.59581562360498
WS23_L1_T1_P_0_trial_2_Tue_Mar__7_13_00_12_2023,0.02487851679325101,2.4370152950286865,129.59581562360498
WS23_L1_T1_P_0_trial_2_Tue_Mar__7_13_00_12_2023,0.02487851679325101,2.4370152950286865,129.59581562360498
WS23_L1_T1_P_0_trial_2_Tue_Mar__7_13_00_12_2023,0.024932533502578708,2.4812440872192383,129.59581562360498
WS23_L1_T1_P_0_trial_2_Tue_Mar__7_13_00_12_2023,0.024932533502578708,2.4812440872192383,129.59581562360498
WS23_L1_T1_P_0_trial_2_Tue_Mar__7_13_00_12_2023,0.024932533502578708,2.4812440872192383,129.59581562360498
WS23_L1_T1_P_0_trial_2_Tue_Mar__7_13_00_12_2023,0.024932533502578708,2.4812440872192383,129.59581562360498
WS23_L1_T1_P_0_trial_2_Tue_Mar__7_13_00_12_2023,0.024932533502578708,2.4812440872192383,129.59581562360498
WS23_L1_T1_P_0_trial_2_Tue_Mar__7_13_00_12_2023,0.02497163414955139,2.5575339794158936,129.59581562360498
WS23_L1_T1_P_0_trial_2_Tue_Mar__7_13_00_12_2023,0.02497163414955139,2.5575339794158936,129.59581562360498
WS23_L1_T1_P_0_trial_2_Tue_Mar__7_13_00_12_2023,0.02497163414955139,2.5575339794158936,129.59581562360498
WS23_L1_T1_P_0_trial_2_Tue_Mar__7_13_00_12_2023,0.02497163414955139,2.5575339794158936,129.59581562360498
WS23_L1_T1_P_0_trial_2_Tue_Mar__7_13_00_12_2023,0.02497163414955139,2.5575339794158936,129.59581562360498
WS23_L1_T1_P_0_trial_2_Tue_Mar__7_13_00_12_2023,0.02497163414955139,2.5575339794158936,129.59581562360498
WS23_L1_T1_P_0_trial_2_Tue_Mar__7_13_00_12_2023,0.025023058056831304,2.586010456085205,129.59581562360498
WS23_L1_T1_P_0_trial_2_Tue_Mar__7_13_00_12_2023,0.025023058056831304,2.586010456085205,129.59581562360498
WS23_L1_T1_P_0_trial_2_Tue_Mar__7_13_00_12_2023,0.025023058056831304,2.586010456085205,129.59581562360498
WS23_L1_T1_P_0_trial_2_Tue_Mar__7_13_00_12_2023,0.025023058056831304,2.586010456085205,129.59581562360498
WS23_L1_T1_P_0_trial_2_Tue_Mar__7_13_00_12_2023,0.025023058056831304,2.586010456085205,129.59581562360498
WS23_L1_T1_P_0_trial_2_Tue_Mar__7_13_00_12_2023,0.025023058056831304,2.586010456085205,129.59581562360498
WS23_L1_T1_P_0_trial_2_Tue_Mar__7_13_00_12_2023,0.02511528134346,2.576740264892578,129.59581562360498
WS23_L1_T1_P_0_trial_2_Tue_Mar__7_13_00_12_2023,0.02511528134346,2.576740264892578,129.59581562360498
WS23_L1_T1_P_0_trial_2_Tue_Mar__7_13_00_12_2023,0.02511528134346,2.576740264892578,129.59581562360498
WS23_L1_T1_P_0_trial_2_Tue_Mar__7_13_00_12_2023,0.02511528134346,2.576740264892578,129.59581562360498
WS23_L1_T1_P_0_trial_2_Tue_Mar__7_13_00_12_2023,0.02511528134346,2.576740264892578,129.59581562360498
WS23_L1_T1_P_0_trial_2_Tue_Mar__7_13_00_12_2023,0.02511528134346,2.576740264892578,129.59581562360498
WS23_L1_T1_P_0_trial_2_Tue_Mar__7_13_00_12_2023,0.025215670466423007,2.5753982067108154,129.59581562360498
WS23_L1_T1_P_0_trial_2_Tue_Mar__7_13_00_12_2023,0.025215670466423007,2.5753982067108154,129.59581562360498
WS23_L1_T1_P_0_trial_2_Tue_Mar__7_13_00_12_2023,0.025215670466423007,2.5753982067108154,129.59581562360498
WS23_L1_T1_P_0_trial_2_Tue_Mar__7_13_00_12_2023,0.025215670466423007,2.5753982067108154,129.59581562360498
WS23_L1_T1_P_0_trial_2_Tue_Mar__7_13_00_12_2023,0.025215670466423007,2.5753982067108154,129.59581562360498
WS23_L1_T1_P_0_trial_2_Tue_Mar__7_13_00_12_2023,0.025215670466423007,2.5753982067108154,129.59581562360498
WS23_L1_T1_P_0_trial_2_Tue_Mar__7_13_00_12_2023,0.0253126770257949,2.579583644866944,129.59581562360498
WS23_L1_T1_P_0_trial_2_Tue_Mar__7_13_00_12_2023,0.0253126770257949,2.579583644866944,129.59581562360498
WS23_L1_T1_P_0_trial_2_Tue_Mar__7_13_00_12_2023,0.0253126770257949,2.579583644866944,129.59581562360498
WS23_L1_T1_P_0_trial_2_Tue_Mar__7_13_00_12_2023,0.0253126770257949,2.579583644866944,129.59581562360498
WS23_L1_T1_P_0_trial_2_Tue_Mar__7_13_00_12_2023,0.0253126770257949,2.579583644866944,129.59581562360498
WS23_L1_T1_P_0_trial_2_Tue_Mar__7_13_00_12_2023,0.0253126770257949,2.579583644866944,129.59581562360498
WS23_L1_T1_P_0_trial_2_Tue_Mar__7_13_00_12_2023,0.02540861070156089,2.5839836597442627,129.59581562360498
WS23_L1_T1_P_0_trial_2_Tue_Mar__7_13_00_12_2023,0.02540861070156089,2.5839836597442627,129.59581562360498
WS23_L1_T1_P_0_trial_2_Tue_Mar__7_13_00_12_2023,0.02540861070156089,2.5839836597442627,129.59581562360498
WS23_L1_T1_P_0_trial_2_Tue_Mar__7_13_00_12_2023,0.02540861070156089,2.5839836597442627,129.59581562360498
WS23_L1_T1_P_0_trial_2_Tue_Mar__7_13_00_12_2023,0.02540861070156089,2.5839836597442627,129.59581562360498
WS23_L1_T1_P_0_trial_2_Tue_Mar__7_13_00_12_2023,0.02540861070156089,2.5839836597442627,129.59581562360498
WS23_L1_T1_P_0_trial_2_Tue_Mar__7_13_00_12_2023,0.02550223469734189,2.619922399520874,129.59581562360498
WS23_L1_T1_P_0_trial_2_Tue_Mar__7_13_00_12_2023,0.02550223469734189,2.619922399520874,129.59581562360498
WS23_L1_T1_P_0_trial_2_Tue_Mar__7_13_00_12_2023,0.02550223469734189,2.619922399520874,129.59581562360498
WS23_L1_T1_P_0_trial_2_Tue_Mar__7_13_00_12_2023,0.02550223469734189,2.619922399520874,129.59581562360498
WS23_L1_T1_P_0_trial_2_Tue_Mar__7_13_00_12_2023,0.02550223469734189,2.619922399520874,129.59581562360498
WS23_L1_T1_P_0_trial_2_Tue_Mar__7_13_00_12_2023,0.025600761175155612,2.5913844108581543,129.59581562360498
WS23_L1_T1_P_0_trial_2_Tue_Mar__7_13_00_12_2023,0.025600761175155612,2.5913844108581543,129.59581562360498
WS23_L1_T1_P_0_trial_2_Tue_Mar__7_13_00_12_2023,0.025600761175155612,2.5913844108581543,129.59581562360498
WS23_L1_T1_P_0_trial_2_Tue_Mar__7_13_00_12_2023,0.025600761175155612,2.5913844108581543,129.59581562360498
WS23_L1_T1_P_0_trial_2_Tue_Mar__7_13_00_12_2023,0.025600761175155612,2.5913844108581543,129.59581562360498
WS23_L1_T1_P_0_trial_2_Tue_Mar__7_13_00_12_2023,0.025600761175155612,2.5913844108581543,129.59581562360498
WS23_L1_T1_P_0_trial_2_Tue_Mar__7_13_00_12_2023,0.025600761175155612,2.5913844108581543,129.59581562360498
WS23_L1_T1_P_0_trial_2_Tue_Mar__7_13_00_12_2023,0.0257516801357269,2.516254186630249,129.59581562360498
WS23_L1_T1_P_0_trial_2_Tue_Mar__7_13_00_12_2023,0.0257516801357269,2.516254186630249,129.59581562360498
WS23_L1_T1_P_0_trial_2_Tue_Mar__7_13_00_12_2023,0.0257516801357269,2.516254186630249,129.59581562360498
WS23_L1_T1_P_0_trial_2_Tue_Mar__7_13_00_12_2023,0.0257516801357269,2.516254186630249,129.59581562360498
WS23_L1_T1_P_0_trial_2_Tue_Mar__7_13_00_12_2023,0.0257516801357269,2.516254186630249,129.59581562360498
WS23_L1_T1_P_0_trial_2_Tue_Mar__7_13_00_12_2023,0.0257516801357269,2.516254186630249,129.59581562360498
WS23_L1_T1_P_0_trial_2_Tue_Mar__7_13_00_12_2023,0.0257516801357269,2.516254186630249,129.59581562360498
WS23_L1_T1_P_0_trial_2_Tue_Mar__7_13_00_12_2023,0.0257516801357269,2.516254186630249,129.59581562360498
WS23_L1_T1_P_0_trial_2_Tue_Mar__7_13_00_12_2023,0.025876343250274603,2.425480365753174,129.59581562360498
WS23_L1_T1_P_0_trial_2_Tue_Mar__7_13_00_12_2023,0.025876343250274603,2.425480365753174,129.59581562360498
WS23_L1_T1_P_0_trial_2_Tue_Mar__7_13_00_12_2023,0.025876343250274603,2.425480365753174,129.59581562360498
WS23_L1_T1_P_0_trial_2_Tue_Mar__7_13_00_12_2023,0.025876343250274603,2.425480365753174,129.59581562360498
WS23_L1_T1_P_0_trial_2_Tue_Mar__7_13_00_12_2023,0.025876343250274603,2.425480365753174,129.59581562360498
WS23_L1_T1_P_0_trial_2_Tue_Mar__7_13_00_12_2023,0.025876343250274603,2.425480365753174,129.59581562360498
WS23_L1_T1_P_0_trial_2_Tue_Mar__7_13_00_12_2023,0.0260733962059021,2.442225933074951,129.59581562360498
WS23_L1_T1_P_0_trial_2_Tue_Mar__7_13_00_12_2023,0.0260733962059021,2.442225933074951,129.59581562360498
WS23_L1_T1_P_0_trial_2_Tue_Mar__7_13_00_12_2023,0.0260733962059021,2.442225933074951,129.59581562360498
WS23_L1_T1_P_0_trial_2_Tue_Mar__7_13_00_12_2023,0.0260733962059021,2.442225933074951,129.59581562360498
WS23_L1_T1_P_0_trial_2_Tue_Mar__7_13_00_12_2023,0.0260733962059021,2.442225933074951,129.59581562360498
WS23_L1_T1_P_0_trial_2_Tue_Mar__7_13_00_12_2023,0.0260733962059021,2.442225933074951,129.59581562360498
WS23_L1_T1_P_0_trial_2_Tue_Mar__7_13_00_12_2023,0.026298940181732094,2.2758336067199707,129.59581562360498
WS23_L1_T1_P_0_trial_2_Tue_Mar__7_13_00_12_2023,0.026298940181732094,2.2758336067199707,129.59581562360498
WS23_L1_T1_P_0_trial_2_Tue_Mar__7_13_00_12_2023,0.026298940181732094,2.2758336067199707,129.59581562360498
WS23_L1_T1_P_0_trial_2_Tue_Mar__7_13_00_12_2023,0.026298940181732094,2.2758336067199707,129.59581562360498
WS23_L1_T1_P_0_trial_2_Tue_Mar__7_13_00_12_2023,0.026298940181732094,2.2758336067199707,129.59581562360498
WS23_L1_T1_P_0_trial_2_Tue_Mar__7_13_00_12_2023,0.026298940181732094,2.2758336067199707,129.59581562360498
WS23_L1_T1_P_0_trial_2_Tue_Mar__7_13_00_12_2023,0.026298940181732094,2.2758336067199707,129.59581562360498
WS23_L1_T1_P_0_trial_2_Tue_Mar__7_13_00_12_2023,0.026298940181732094,2.2758336067199707,129.59581562360498
WS23_L1_T1_P_0_trial_2_Tue_Mar__7_13_00_12_2023,0.02659246325492859,2.053730726242065,129.59581562360498
WS23_L1_T1_P_0_trial_2_Tue_Mar__7_13_00_12_2023,0.02659246325492859,2.053730726242065,129.59581562360498
WS23_L1_T1_P_0_trial_2_Tue_Mar__7_13_00_12_2023,0.02659246325492859,2.053730726242065,129.59581562360498
WS23_L1_T1_P_0_trial_2_Tue_Mar__7_13_00_12_2023,0.02659246325492859,2.053730726242065,129.59581562360498
WS23_L1_T1_P_0_trial_2_Tue_Mar__7_13_00_12_2023,0.02659246325492859,2.053730726242065,129.59581562360498
WS23_L1_T1_P_0_trial_2_Tue_Mar__7_13_00_12_2023,0.02659246325492859,2.053730726242065,129.59581562360498
WS23_L1_T1_P_0_trial_2_Tue_Mar__7_13_00_12_2023,0.02659246325492859,2.053730726242065,129.59581562360498
WS23_L1_T1_P_0_trial_2_Tue_Mar__7_13_00_12_2023,0.0266816765069961,2.1379759311676025,129.59581562360498
WS23_L1_T1_P_0_trial_2_Tue_Mar__7_13_00_12_2023,0.0266816765069961,2.1379759311676025,129.59581562360498
WS23_L1_T1_P_0_trial_2_Tue_Mar__7_13_00_12_2023,0.0266816765069961,2.1379759311676025,129.59581562360498
WS23_L1_T1_P_0_trial_2_Tue_Mar__7_13_00_12_2023,0.0266816765069961,2.1379759311676025,129.59581562360498
WS23_L1_T1_P_0_trial_2_Tue_Mar__7_13_00_12_2023,0.0266816765069961,2.1379759311676025,129.59581562360498
WS23_L1_T1_P_0_trial_2_Tue_Mar__7_13_00_12_2023,0.0266816765069961,2.1379759311676025,129.59581562360498
WS23_L1_T1_P_0_trial_2_Tue_Mar__7_13_00_12_2023,0.026834011077880804,2.0891988277435303,129.59581562360498
WS23_L1_T1_P_0_trial_2_Tue_Mar__7_13_00_12_2023,0.026834011077880804,2.0891988277435303,129.59581562360498
WS23_L1_T1_P_0_trial_2_Tue_Mar__7_13_00_12_2023,0.026834011077880804,2.0891988277435303,129.59581562360498
WS23_L1_T1_P_0_trial_2_Tue_Mar__7_13_00_12_2023,0.026834011077880804,2.0891988277435303,129.59581562360498
WS23_L1_T1_P_0_trial_2_Tue_Mar__7_13_00_12_2023,0.026834011077880804,2.0891988277435303,129.59581562360498
WS23_L1_T1_P_0_trial_2_Tue_Mar__7_13_00_12_2023,0.0268894881010055,2.05354380607605,129.59581562360498
WS23_L1_T1_P_0_trial_2_Tue_Mar__7_13_00_12_2023,0.0268894881010055,2.05354380607605,129.59581562360498
WS23_L1_T1_P_0_trial_2_Tue_Mar__7_13_00_12_2023,0.0268894881010055,2.05354380607605,129.59581562360498
WS23_L1_T1_P_0_trial_2_Tue_Mar__7_13_00_12_2023,0.0268894881010055,2.05354380607605,129.59581562360498
WS23_L1_T1_P_0_trial_2_Tue_Mar__7_13_00_12_2023,0.0268894881010055,2.05354380607605,129.59581562360498
WS23_L1_T1_P_0_trial_2_Tue_Mar__7_13_00_12_2023,0.0268894881010055,2.05354380607605,129.59581562360498
WS23_L1_T1_P_0_trial_2_Tue_Mar__7_13_00_12_2023,0.0268894881010055,2.05354380607605,129.59581562360498
WS23_L1_T1_P_0_trial_2_Tue_Mar__7_13_00_12_2023,0.02694407105445859,2.193685293197632,129.59581562360498
WS23_L1_T1_P_0_trial_2_Tue_Mar__7_13_00_12_2023,0.02694407105445859,2.193685293197632,129.59581562360498
WS23_L1_T1_P_0_trial_2_Tue_Mar__7_13_00_12_2023,0.02694407105445859,2.193685293197632,129.59581562360498
WS23_L1_T1_P_0_trial_2_Tue_Mar__7_13_00_12_2023,0.02694407105445859,2.193685293197632,129.59581562360498
WS23_L1_T1_P_0_trial_2_Tue_Mar__7_13_00_12_2023,0.02694407105445859,2.193685293197632,129.59581562360498
WS23_L1_T1_P_0_trial_2_Tue_Mar__7_13_00_12_2023,0.02694407105445859,2.193685293197632,129.59581562360498
WS23_L1_T1_P_0_trial_2_Tue_Mar__7_13_00_12_2023,0.0269420444965362,2.2136058807373047,129.59581562360498
WS23_L1_T1_P_0_trial_2_Tue_Mar__7_13_00_12_2023,0.0269420444965362,2.2136058807373047,129.59581562360498
WS23_L1_T1_P_0_trial_2_Tue_Mar__7_13_00_12_2023,0.0269420444965362,2.2136058807373047,129.59581562360498
WS23_L1_T1_P_0_trial_2_Tue_Mar__7_13_00_12_2023,0.0269420444965362,2.2136058807373047,129.59581562360498
WS23_L1_T1_P_0_trial_2_Tue_Mar__7_13_00_12_2023,0.0269420444965362,2.2136058807373047,129.59581562360498
WS23_L1_T1_P_0_trial_2_Tue_Mar__7_13_00_12_2023,0.0269420444965362,2.2136058807373047,129.59581562360498
WS23_L1_T1_P_0_trial_2_Tue_Mar__7_13_00_12_2023,0.027002587914466802,2.3306705951690674,129.59581562360498
WS23_L1_T1_P_0_trial_2_Tue_Mar__7_13_00_12_2023,0.027002587914466802,2.3306705951690674,129.59581562360498
WS23_L1_T1_P_0_trial_2_Tue_Mar__7_13_00_12_2023,0.027002587914466802,2.3306705951690674,129.59581562360498
WS23_L1_T1_P_0_trial_2_Tue_Mar__7_13_00_12_2023,0.027002587914466802,2.3306705951690674,129.59581562360498
WS23_L1_T1_P_0_trial_2_Tue_Mar__7_13_00_12_2023,0.027002587914466802,2.3306705951690674,129.59581562360498
WS23_L1_T1_P_0_trial_2_Tue_Mar__7_13_00_12_2023,0.027002587914466802,2.3306705951690674,129.59581562360498
WS23_L1_T1_P_0_trial_2_Tue_Mar__7_13_00_12_2023,0.027002587914466802,2.3306705951690674,129.59581562360498
WS23_L1_T1_P_0_trial_2_Tue_Mar__7_13_00_12_2023,0.027002587914466802,2.3306705951690674,129.59581562360498
WS23_L1_T1_P_0_trial_2_Tue_Mar__7_13_00_12_2023,0.02705143392086029,2.37955641746521,129.59581562360498
WS23_L1_T1_P_0_trial_2_Tue_Mar__7_13_00_12_2023,0.02705143392086029,2.37955641746521,129.59581562360498
WS23_L1_T1_P_0_trial_2_Tue_Mar__7_13_00_12_2023,0.02705143392086029,2.37955641746521,129.59581562360498
WS23_L1_T1_P_0_trial_2_Tue_Mar__7_13_00_12_2023,0.02705143392086029,2.37955641746521,129.59581562360498
WS23_L1_T1_P_0_trial_2_Tue_Mar__7_13_00_12_2023,0.027160316705703708,2.3551185131073,129.59581562360498
WS23_L1_T1_P_0_trial_2_Tue_Mar__7_13_00_12_2023,0.027160316705703708,2.3551185131073,129.59581562360498
WS23_L1_T1_P_0_trial_2_Tue_Mar__7_13_00_12_2023,0.027160316705703708,2.3551185131073,129.59581562360498
WS23_L1_T1_P_0_trial_2_Tue_Mar__7_13_00_12_2023,0.027160316705703708,2.3551185131073,129.59581562360498
WS23_L1_T1_P_0_trial_2_Tue_Mar__7_13_00_12_2023,0.027160316705703708,2.3551185131073,129.59581562360498
WS23_L1_T1_P_0_trial_2_Tue_Mar__7_13_00_12_2023,0.027160316705703708,2.3551185131073,129.59581562360498
WS23_L1_T1_P_0_trial_2_Tue_Mar__7_13_00_12_2023,0.02725307643413541,2.36002779006958,129.59581562360498
WS23_L1_T1_P_0_trial_2_Tue_Mar__7_13_00_12_2023,0.02725307643413541,2.36002779006958,129.59581562360498
WS23_L1_T1_P_0_trial_2_Tue_Mar__7_13_00_12_2023,0.02725307643413541,2.36002779006958,129.59581562360498
WS23_L1_T1_P_0_trial_2_Tue_Mar__7_13_00_12_2023,0.02725307643413541,2.36002779006958,129.59581562360498
WS23_L1_T1_P_0_trial_2_Tue_Mar__7_13_00_12_2023,0.02725307643413541,2.36002779006958,129.59581562360498
WS23_L1_T1_P_0_trial_2_Tue_Mar__7_13_00_12_2023,0.02725307643413541,2.36002779006958,129.59581562360498
WS23_L1_T1_P_0_trial_2_Tue_Mar__7_13_00_12_2023,0.0272410959005355,2.5049548149108887,129.59581562360498
WS23_L1_T1_P_0_trial_2_Tue_Mar__7_13_00_12_2023,0.0272410959005355,2.5049548149108887,129.59581562360498
WS23_L1_T1_P_0_trial_2_Tue_Mar__7_13_00_12_2023,0.0272410959005355,2.5049548149108887,129.59581562360498
WS23_L1_T1_P_0_trial_2_Tue_Mar__7_13_00_12_2023,0.0272410959005355,2.5049548149108887,129.59581562360498
WS23_L1_T1_P_0_trial_2_Tue_Mar__7_13_00_12_2023,0.0272410959005355,2.5049548149108887,129.59581562360498
WS23_L1_T1_P_0_trial_2_Tue_Mar__7_13_00_12_2023,0.027329474687576294,2.480548858642578,129.59581562360498
WS23_L1_T1_P_0_trial_2_Tue_Mar__7_13_00_12_2023,0.027329474687576294,2.480548858642578,129.59581562360498
WS23_L1_T1_P_0_trial_2_Tue_Mar__7_13_00_12_2023,0.027329474687576294,2.480548858642578,129.59581562360498
WS23_L1_T1_P_0_trial_2_Tue_Mar__7_13_00_12_2023,0.027329474687576294,2.480548858642578,129.59581562360498
WS23_L1_T1_P_0_trial_2_Tue_Mar__7_13_00_12_2023,0.027329474687576294,2.480548858642578,129.59581562360498
WS23_L1_T1_P_0_trial_2_Tue_Mar__7_13_00_12_2023,0.027329474687576294,2.480548858642578,129.59581562360498
WS23_L1_T1_P_0_trial_2_Tue_Mar__7_13_00_12_2023,0.027329474687576294,2.480548858642578,129.59581562360498
WS23_L1_T1_P_0_trial_2_Tue_Mar__7_13_00_12_2023,0.027339860796928406,2.584446430206299,129.59581562360498
WS23_L1_T1_P_0_trial_2_Tue_Mar__7_13_00_12_2023,0.027339860796928406,2.584446430206299,129.59581562360498
WS23_L1_T1_P_0_trial_2_Tue_Mar__7_13_00_12_2023,0.027339860796928406,2.584446430206299,129.59581562360498
WS23_L1_T1_P_0_trial_2_Tue_Mar__7_13_00_12_2023,0.027339860796928406,2.584446430206299,129.59581562360498
WS23_L1_T1_P_0_trial_2_Tue_Mar__7_13_00_12_2023,0.027339860796928406,2.584446430206299,129.59581562360498
WS23_L1_T1_P_0_trial_2_Tue_Mar__7_13_00_12_2023,0.027339860796928406,2.584446430206299,129.59581562360498
WS23_L1_T1_P_0_trial_2_Tue_Mar__7_13_00_12_2023,0.027339860796928406,2.584446430206299,129.59581562360498
WS23_L1_T1_P_0_trial_2_Tue_Mar__7_13_00_12_2023,0.027339860796928406,2.584446430206299,129.59581562360498
WS23_L1_T1_P_0_trial_2_Tue_Mar__7_13_00_12_2023,0.02741220593452451,2.630400419235229,129.59581562360498
WS23_L1_T1_P_0_trial_2_Tue_Mar__7_13_00_12_2023,0.02741220593452451,2.630400419235229,129.59581562360498
WS23_L1_T1_P_0_trial_2_Tue_Mar__7_13_00_12_2023,0.02741220593452451,2.630400419235229,129.59581562360498
WS23_L1_T1_P_0_trial_2_Tue_Mar__7_13_00_12_2023,0.02741220593452451,2.630400419235229,129.59581562360498
WS23_L1_T1_P_0_trial_2_Tue_Mar__7_13_00_12_2023,0.02741220593452451,2.630400419235229,129.59581562360498
WS23_L1_T1_P_0_trial_2_Tue_Mar__7_13_00_12_2023,0.02741220593452451,2.630400419235229,129.59581562360498
WS23_L1_T1_P_0_trial_2_Tue_Mar__7_13_00_12_2023,0.02741220593452451,2.630400419235229,129.59581562360498
WS23_L1_T1_P_0_trial_2_Tue_Mar__7_13_00_12_2023,0.027443870902061407,2.678353309631348,129.59581562360498
WS23_L1_T1_P_0_trial_2_Tue_Mar__7_13_00_12_2023,0.027443870902061407,2.678353309631348,129.59581562360498
WS23_L1_T1_P_0_trial_2_Tue_Mar__7_13_00_12_2023,0.027443870902061407,2.678353309631348,129.59581562360498
WS23_L1_T1_P_0_trial_2_Tue_Mar__7_13_00_12_2023,0.027443870902061407,2.678353309631348,129.59581562360498
WS23_L1_T1_P_0_trial_2_Tue_Mar__7_13_00_12_2023,0.027443870902061407,2.678353309631348,129.59581562360498
WS23_L1_T1_P_0_trial_2_Tue_Mar__7_13_00_12_2023,0.027443870902061407,2.678353309631348,129.59581562360498
WS23_L1_T1_P_0_trial_2_Tue_Mar__7_13_00_12_2023,0.02752947807312009,2.674922227859497,129.59581562360498
WS23_L1_T1_P_0_trial_2_Tue_Mar__7_13_00_12_2023,0.02752947807312009,2.674922227859497,129.59581562360498
WS23_L1_T1_P_0_trial_2_Tue_Mar__7_13_00_12_2023,0.02752947807312009,2.674922227859497,129.59581562360498
WS23_L1_T1_P_0_trial_2_Tue_Mar__7_13_00_12_2023,0.02752947807312009,2.674922227859497,129.59581562360498
WS23_L1_T1_P_0_trial_2_Tue_Mar__7_13_00_12_2023,0.02752947807312009,2.674922227859497,129.59581562360498
WS23_L1_T1_P_0_trial_2_Tue_Mar__7_13_00_12_2023,0.02752947807312009,2.674922227859497,129.59581562360498
WS23_L1_T1_P_0_trial_2_Tue_Mar__7_13_00_12_2023,0.02756097912788391,2.758415460586548,129.59581562360498
WS23_L1_T1_P_0_trial_2_Tue_Mar__7_13_00_12_2023,0.02756097912788391,2.758415460586548,129.59581562360498
WS23_L1_T1_P_0_trial_2_Tue_Mar__7_13_00_12_2023,0.02756097912788391,2.758415460586548,129.59581562360498
WS23_L1_T1_P_0_trial_2_Tue_Mar__7_13_00_12_2023,0.02756097912788391,2.758415460586548,129.59581562360498
WS23_L1_T1_P_0_trial_2_Tue_Mar__7_13_00_12_2023,0.02756097912788391,2.758415460586548,129.59581562360498
WS23_L1_T1_P_0_trial_2_Tue_Mar__7_13_00_12_2023,0.02756097912788391,2.758415460586548,129.59581562360498
WS23_L1_T1_P_0_trial_2_Tue_Mar__7_13_00_12_2023,0.02756097912788391,2.758415460586548,129.59581562360498
WS23_L1_T1_P_0_trial_2_Tue_Mar__7_13_00_12_2023,0.027629464864730807,2.789935111999512,129.59581562360498
WS23_L1_T1_P_0_trial_2_Tue_Mar__7_13_00_12_2023,0.027629464864730807,2.789935111999512,129.59581562360498
WS23_L1_T1_P_0_trial_2_Tue_Mar__7_13_00_12_2023,0.027629464864730807,2.789935111999512,129.59581562360498
WS23_L1_T1_P_0_trial_2_Tue_Mar__7_13_00_12_2023,0.027629464864730807,2.789935111999512,129.59581562360498
WS23_L1_T1_P_0_trial_2_Tue_Mar__7_13_00_12_2023,0.027629464864730807,2.789935111999512,129.59581562360498
WS23_L1_T1_P_0_trial_2_Tue_Mar__7_13_00_12_2023,0.027629464864730807,2.789935111999512,129.59581562360498
WS23_L1_T1_P_0_trial_2_Tue_Mar__7_13_00_12_2023,0.027697354555130005,2.8032703399658203,129.59581562360498
WS23_L1_T1_P_0_trial_2_Tue_Mar__7_13_00_12_2023,0.027697354555130005,2.8032703399658203,129.59581562360498
WS23_L1_T1_P_0_trial_2_Tue_Mar__7_13_00_12_2023,0.027697354555130005,2.8032703399658203,129.59581562360498
WS23_L1_T1_P_0_trial_2_Tue_Mar__7_13_00_12_2023,0.027697354555130005,2.8032703399658203,129.59581562360498
WS23_L1_T1_P_0_trial_2_Tue_Mar__7_13_00_12_2023,0.027697354555130005,2.8032703399658203,129.59581562360498
WS23_L1_T1_P_0_trial_2_Tue_Mar__7_13_00_12_2023,0.027697354555130005,2.8032703399658203,129.59581562360498
WS23_L1_T1_P_0_trial_2_Tue_Mar__7_13_00_12_2023,0.027791813015937805,2.7982866764068604,129.59581562360498
WS23_L1_T1_P_0_trial_2_Tue_Mar__7_13_00_12_2023,0.027791813015937805,2.7982866764068604,129.59581562360498
WS23_L1_T1_P_0_trial_2_Tue_Mar__7_13_00_12_2023,0.027791813015937805,2.7982866764068604,129.59581562360498
WS23_L1_T1_P_0_trial_2_Tue_Mar__7_13_00_12_2023,0.027791813015937805,2.7982866764068604,129.59581562360498
WS23_L1_T1_P_0_trial_2_Tue_Mar__7_13_00_12_2023,0.027791813015937805,2.7982866764068604,129.59581562360498
WS23_L1_T1_P_0_trial_2_Tue_Mar__7_13_00_12_2023,0.027791813015937805,2.7982866764068604,129.59581562360498
WS23_L1_T1_P_0_trial_2_Tue_Mar__7_13_00_12_2023,0.027791813015937805,2.7982866764068604,129.59581562360498
WS23_L1_T1_P_0_trial_2_Tue_Mar__7_13_00_12_2023,0.027857080101966802,2.841705322265625,129.59581562360498
WS23_L1_T1_P_0_trial_2_Tue_Mar__7_13_00_12_2023,0.027857080101966802,2.841705322265625,129.59581562360498
WS23_L1_T1_P_0_trial_2_Tue_Mar__7_13_00_12_2023,0.027857080101966802,2.841705322265625,129.59581562360498
WS23_L1_T1_P_0_trial_2_Tue_Mar__7_13_00_12_2023,0.027857080101966802,2.841705322265625,129.59581562360498
WS23_L1_T1_P_0_trial_2_Tue_Mar__7_13_00_12_2023,0.027857080101966802,2.841705322265625,129.59581562360498
WS23_L1_T1_P_0_trial_2_Tue_Mar__7_13_00_12_2023,0.027953997254371588,2.8471174240112305,129.59581562360498
WS23_L1_T1_P_0_trial_2_Tue_Mar__7_13_00_12_2023,0.027953997254371588,2.8471174240112305,129.59581562360498
WS23_L1_T1_P_0_trial_2_Tue_Mar__7_13_00_12_2023,0.027953997254371588,2.8471174240112305,129.59581562360498
WS23_L1_T1_P_0_trial_2_Tue_Mar__7_13_00_12_2023,0.027953997254371588,2.8471174240112305,129.59581562360498
WS23_L1_T1_P_0_trial_2_Tue_Mar__7_13_00_12_2023,0.027953997254371588,2.8471174240112305,129.59581562360498
WS23_L1_T1_P_0_trial_2_Tue_Mar__7_13_00_12_2023,0.028028935194015503,2.7761363983154297,129.59581562360498
WS23_L1_T1_P_0_trial_2_Tue_Mar__7_13_00_12_2023,0.028028935194015503,2.7761363983154297,129.59581562360498
WS23_L1_T1_P_0_trial_2_Tue_Mar__7_13_00_12_2023,0.028028935194015503,2.7761363983154297,129.59581562360498
WS23_L1_T1_P_0_trial_2_Tue_Mar__7_13_00_12_2023,0.028028935194015503,2.7761363983154297,129.59581562360498
WS23_L1_T1_P_0_trial_2_Tue_Mar__7_13_00_12_2023,0.028028935194015503,2.7761363983154297,129.59581562360498
WS23_L1_T1_P_0_trial_2_Tue_Mar__7_13_00_12_2023,0.028028935194015503,2.7761363983154297,129.59581562360498
WS23_L1_T1_P_0_trial_2_Tue_Mar__7_13_00_12_2023,0.028028935194015503,2.7761363983154297,129.59581562360498
WS23_L1_T1_P_0_trial_2_Tue_Mar__7_13_00_12_2023,0.028166085481643593,2.8368797302246094,129.59581562360498
WS23_L1_T1_P_0_trial_2_Tue_Mar__7_13_00_12_2023,0.028166085481643593,2.8368797302246094,129.59581562360498
WS23_L1_T1_P_0_trial_2_Tue_Mar__7_13_00_12_2023,0.028166085481643593,2.8368797302246094,129.59581562360498
WS23_L1_T1_P_0_trial_2_Tue_Mar__7_13_00_12_2023,0.028166085481643593,2.8368797302246094,129.59581562360498
WS23_L1_T1_P_0_trial_2_Tue_Mar__7_13_00_12_2023,0.028166085481643593,2.8368797302246094,129.59581562360498
WS23_L1_T1_P_0_trial_2_Tue_Mar__7_13_00_12_2023,0.028353765606880188,2.6830954551696777,129.59581562360498
WS23_L1_T1_P_0_trial_2_Tue_Mar__7_13_00_12_2023,0.028353765606880188,2.6830954551696777,129.59581562360498
WS23_L1_T1_P_0_trial_2_Tue_Mar__7_13_00_12_2023,0.028353765606880188,2.6830954551696777,129.59581562360498
WS23_L1_T1_P_0_trial_2_Tue_Mar__7_13_00_12_2023,0.028353765606880188,2.6830954551696777,129.59581562360498
WS23_L1_T1_P_0_trial_2_Tue_Mar__7_13_00_12_2023,0.028353765606880188,2.6830954551696777,129.59581562360498
WS23_L1_T1_P_0_trial_2_Tue_Mar__7_13_00_12_2023,0.028353765606880188,2.6830954551696777,129.59581562360498
WS23_L1_T1_P_0_trial_2_Tue_Mar__7_13_00_12_2023,0.0285474956035614,2.627635955810547,129.59581562360498
WS23_L1_T1_P_0_trial_2_Tue_Mar__7_13_00_12_2023,0.0285474956035614,2.627635955810547,129.59581562360498
WS23_L1_T1_P_0_trial_2_Tue_Mar__7_13_00_12_2023,0.0285474956035614,2.627635955810547,129.59581562360498
WS23_L1_T1_P_0_trial_2_Tue_Mar__7_13_00_12_2023,0.0285474956035614,2.627635955810547,129.59581562360498
WS23_L1_T1_P_0_trial_2_Tue_Mar__7_13_00_12_2023,0.0285474956035614,2.627635955810547,129.59581562360498
WS23_L1_T1_P_0_trial_2_Tue_Mar__7_13_00_12_2023,0.0285474956035614,2.627635955810547,129.59581562360498
WS23_L1_T1_P_0_trial_2_Tue_Mar__7_13_00_12_2023,0.0285474956035614,2.627635955810547,129.59581562360498
WS23_L1_T1_P_0_trial_2_Tue_Mar__7_13_00_12_2023,0.028780996799468994,2.489233016967773,129.59581562360498
WS23_L1_T1_P_0_trial_2_Tue_Mar__7_13_00_12_2023,0.028780996799468994,2.489233016967773,129.59581562360498
WS23_L1_T1_P_0_trial_2_Tue_Mar__7_13_00_12_2023,0.028780996799468994,2.489233016967773,129.59581562360498
WS23_L1_T1_P_0_trial_2_Tue_Mar__7_13_00_12_2023,0.028780996799468994,2.489233016967773,129.59581562360498
WS23_L1_T1_P_0_trial_2_Tue_Mar__7_13_00_12_2023,0.028780996799468994,2.489233016967773,129.59581562360498
WS23_L1_T1_P_0_trial_2_Tue_Mar__7_13_00_12_2023,0.028780996799468994,2.489233016967773,129.59581562360498
WS23_L1_T1_P_0_trial_2_Tue_Mar__7_13_00_12_2023,0.029080569744110107,2.2568798065185547,129.59581562360498
WS23_L1_T1_P_0_trial_2_Tue_Mar__7_13_00_12_2023,0.029080569744110107,2.2568798065185547,129.59581562360498
WS23_L1_T1_P_0_trial_2_Tue_Mar__7_13_00_12_2023,0.029080569744110107,2.2568798065185547,129.59581562360498
WS23_L1_T1_P_0_trial_2_Tue_Mar__7_13_00_12_2023,0.029080569744110107,2.2568798065185547,129.59581562360498
WS23_L1_T1_P_0_trial_2_Tue_Mar__7_13_00_12_2023,0.029080569744110107,2.2568798065185547,129.59581562360498
WS23_L1_T1_P_0_trial_2_Tue_Mar__7_13_00_12_2023,0.029373601078987094,2.0700392723083496,129.59581562360498
WS23_L1_T1_P_0_trial_2_Tue_Mar__7_13_00_12_2023,0.029373601078987094,2.0700392723083496,129.59581562360498
WS23_L1_T1_P_0_trial_2_Tue_Mar__7_13_00_12_2023,0.029373601078987094,2.0700392723083496,129.59581562360498
WS23_L1_T1_P_0_trial_2_Tue_Mar__7_13_00_12_2023,0.029373601078987094,2.0700392723083496,129.59581562360498
WS23_L1_T1_P_0_trial_2_Tue_Mar__7_13_00_12_2023,0.029373601078987094,2.0700392723083496,129.59581562360498
WS23_L1_T1_P_0_trial_2_Tue_Mar__7_13_00_12_2023,0.029373601078987094,2.0700392723083496,129.59581562360498
WS23_L1_T1_P_0_trial_2_Tue_Mar__7_13_00_12_2023,0.029646277427673312,1.977444410324097,129.59581562360498
WS23_L1_T1_P_0_trial_2_Tue_Mar__7_13_00_12_2023,0.029646277427673312,1.977444410324097,129.59581562360498
WS23_L1_T1_P_0_trial_2_Tue_Mar__7_13_00_12_2023,0.029646277427673312,1.977444410324097,129.59581562360498
WS23_L1_T1_P_0_trial_2_Tue_Mar__7_13_00_12_2023,0.029646277427673312,1.977444410324097,129.59581562360498
WS23_L1_T1_P_0_trial_2_Tue_Mar__7_13_00_12_2023,0.029646277427673312,1.977444410324097,129.59581562360498
WS23_L1_T1_P_0_trial_2_Tue_Mar__7_13_00_12_2023,0.029646277427673312,1.977444410324097,129.59581562360498
WS23_L1_T1_P_0_trial_2_Tue_Mar__7_13_00_12_2023,0.029646277427673312,1.977444410324097,129.59581562360498
WS23_L1_T1_P_0_trial_2_Tue_Mar__7_13_00_12_2023,0.0297260582447052,1.9200193881988523,129.59581562360498
WS23_L1_T1_P_0_trial_2_Tue_Mar__7_13_00_12_2023,0.0297260582447052,1.9200193881988523,129.59581562360498
WS23_L1_T1_P_0_trial_2_Tue_Mar__7_13_00_12_2023,0.0297260582447052,1.9200193881988523,129.59581562360498
WS23_L1_T1_P_0_trial_2_Tue_Mar__7_13_00_12_2023,0.0297260582447052,1.9200193881988523,129.59581562360498
WS23_L1_T1_P_0_trial_2_Tue_Mar__7_13_00_12_2023,0.0297260582447052,1.9200193881988523,129.59581562360498
WS23_L1_T1_P_0_trial_2_Tue_Mar__7_13_00_12_2023,0.0297260582447052,1.9200193881988523,129.59581562360498
WS23_L1_T1_P_0_trial_2_Tue_Mar__7_13_00_12_2023,0.0297577232122421,2.1201987266540527,129.59581562360498
WS23_L1_T1_P_0_trial_2_Tue_Mar__7_13_00_12_2023,0.0297577232122421,2.1201987266540527,129.59581562360498
WS23_L1_T1_P_0_trial_2_Tue_Mar__7_13_00_12_2023,0.0297577232122421,2.1201987266540527,129.59581562360498
WS23_L1_T1_P_0_trial_2_Tue_Mar__7_13_00_12_2023,0.0297577232122421,2.1201987266540527,129.59581562360498
WS23_L1_T1_P_0_trial_2_Tue_Mar__7_13_00_12_2023,0.029805734753608704,2.056247472763061,129.59581562360498
WS23_L1_T1_P_0_trial_2_Tue_Mar__7_13_00_12_2023,0.029805734753608704,2.056247472763061,129.59581562360498
WS23_L1_T1_P_0_trial_2_Tue_Mar__7_13_00_12_2023,0.029805734753608704,2.056247472763061,129.59581562360498
WS23_L1_T1_P_0_trial_2_Tue_Mar__7_13_00_12_2023,0.029805734753608704,2.056247472763061,129.59581562360498
WS23_L1_T1_P_0_trial_2_Tue_Mar__7_13_00_12_2023,0.029805734753608704,2.056247472763061,129.59581562360498
WS23_L1_T1_P_0_trial_2_Tue_Mar__7_13_00_12_2023,0.029805734753608704,2.056247472763061,129.59581562360498
WS23_L1_T1_P_0_trial_2_Tue_Mar__7_13_00_12_2023,0.029805734753608704,2.056247472763061,129.59581562360498
WS23_L1_T1_P_0_trial_2_Tue_Mar__7_13_00_12_2023,0.029800996184349005,2.2721071243286133,129.59581562360498
WS23_L1_T1_P_0_trial_2_Tue_Mar__7_13_00_12_2023,0.029800996184349005,2.2721071243286133,129.59581562360498
WS23_L1_T1_P_0_trial_2_Tue_Mar__7_13_00_12_2023,0.029800996184349005,2.2721071243286133,129.59581562360498
WS23_L1_T1_P_0_trial_2_Tue_Mar__7_13_00_12_2023,0.029800996184349005,2.2721071243286133,129.59581562360498
WS23_L1_T1_P_0_trial_2_Tue_Mar__7_13_00_12_2023,0.029800996184349005,2.2721071243286133,129.59581562360498
WS23_L1_T1_P_0_trial_2_Tue_Mar__7_13_00_12_2023,0.02988556027412409,2.269843339920044,129.59581562360498
WS23_L1_T1_P_0_trial_2_Tue_Mar__7_13_00_12_2023,0.02988556027412409,2.269843339920044,129.59581562360498
WS23_L1_T1_P_0_trial_2_Tue_Mar__7_13_00_12_2023,0.02988556027412409,2.269843339920044,129.59581562360498
WS23_L1_T1_P_0_trial_2_Tue_Mar__7_13_00_12_2023,0.02988556027412409,2.269843339920044,129.59581562360498
WS23_L1_T1_P_0_trial_2_Tue_Mar__7_13_00_12_2023,0.02988556027412409,2.269843339920044,129.59581562360498
WS23_L1_T1_P_0_trial_2_Tue_Mar__7_13_00_12_2023,0.02988556027412409,2.269843339920044,129.59581562360498
WS23_L1_T1_P_0_trial_2_Tue_Mar__7_13_00_12_2023,0.02988556027412409,2.269843339920044,129.59581562360498
WS23_L1_T1_P_0_trial_2_Tue_Mar__7_13_00_12_2023,0.02988556027412409,2.269843339920044,129.59581562360498
WS23_L1_T1_P_0_trial_2_Tue_Mar__7_13_00_12_2023,0.029886230826377813,2.3844919204711914,129.59581562360498
WS23_L1_T1_P_0_trial_2_Tue_Mar__7_13_00_12_2023,0.029886230826377813,2.3844919204711914,129.59581562360498
WS23_L1_T1_P_0_trial_2_Tue_Mar__7_13_00_12_2023,0.029886230826377813,2.3844919204711914,129.59581562360498
WS23_L1_T1_P_0_trial_2_Tue_Mar__7_13_00_12_2023,0.029886230826377813,2.3844919204711914,129.59581562360498
WS23_L1_T1_P_0_trial_2_Tue_Mar__7_13_00_12_2023,0.029886230826377813,2.3844919204711914,129.59581562360498
WS23_L1_T1_P_0_trial_2_Tue_Mar__7_13_00_12_2023,0.029886230826377813,2.3844919204711914,129.59581562360498
WS23_L1_T1_P_0_trial_2_Tue_Mar__7_13_00_12_2023,0.029886230826377813,2.3844919204711914,129.59581562360498
WS23_L1_T1_P_0_trial_2_Tue_Mar__7_13_00_12_2023,0.0299714505672454,2.3705430030822754,129.59581562360498
WS23_L1_T1_P_0_trial_2_Tue_Mar__7_13_00_12_2023,0.0299714505672454,2.3705430030822754,129.59581562360498
WS23_L1_T1_P_0_trial_2_Tue_Mar__7_13_00_12_2023,0.0299714505672454,2.3705430030822754,129.59581562360498
WS23_L1_T1_P_0_trial_2_Tue_Mar__7_13_00_12_2023,0.0299714505672454,2.3705430030822754,129.59581562360498
WS23_L1_T1_P_0_trial_2_Tue_Mar__7_13_00_12_2023,0.0299714505672454,2.3705430030822754,129.59581562360498
WS23_L1_T1_P_0_trial_2_Tue_Mar__7_13_00_12_2023,0.0299714505672454,2.3705430030822754,129.59581562360498
WS23_L1_T1_P_0_trial_2_Tue_Mar__7_13_00_12_2023,0.0299714505672454,2.3705430030822754,129.59581562360498
WS23_L1_T1_P_0_trial_2_Tue_Mar__7_13_00_12_2023,0.0299714505672454,2.3705430030822754,129.59581562360498
WS23_L1_T1_P_0_trial_2_Tue_Mar__7_13_00_12_2023,0.03001011908054349,2.441072463989258,129.59581562360498
WS23_L1_T1_P_0_trial_2_Tue_Mar__7_13_00_12_2023,0.03001011908054349,2.441072463989258,129.59581562360498
WS23_L1_T1_P_0_trial_2_Tue_Mar__7_13_00_12_2023,0.03001011908054349,2.441072463989258,129.59581562360498
WS23_L1_T1_P_0_trial_2_Tue_Mar__7_13_00_12_2023,0.03001011908054349,2.441072463989258,129.59581562360498
WS23_L1_T1_P_0_trial_2_Tue_Mar__7_13_00_12_2023,0.03001011908054349,2.441072463989258,129.59581562360498
WS23_L1_T1_P_0_trial_2_Tue_Mar__7_13_00_12_2023,0.03001011908054349,2.441072463989258,129.59581562360498
WS23_L1_T1_P_0_trial_2_Tue_Mar__7_13_00_12_2023,0.030080854892730713,2.441333055496216,129.59581562360498
WS23_L1_T1_P_0_trial_2_Tue_Mar__7_13_00_12_2023,0.030080854892730713,2.441333055496216,129.59581562360498
WS23_L1_T1_P_0_trial_2_Tue_Mar__7_13_00_12_2023,0.030080854892730713,2.441333055496216,129.59581562360498
WS23_L1_T1_P_0_trial_2_Tue_Mar__7_13_00_12_2023,0.030080854892730713,2.441333055496216,129.59581562360498
WS23_L1_T1_P_0_trial_2_Tue_Mar__7_13_00_12_2023,0.030080854892730713,2.441333055496216,129.59581562360498
WS23_L1_T1_P_0_trial_2_Tue_Mar__7_13_00_12_2023,0.030080854892730713,2.441333055496216,129.59581562360498
WS23_L1_T1_P_0_trial_2_Tue_Mar__7_13_00_12_2023,0.03011210262775421,2.5365841388702397,129.59581562360498
WS23_L1_T1_P_0_trial_2_Tue_Mar__7_13_00_12_2023,0.03011210262775421,2.5365841388702397,129.59581562360498
WS23_L1_T1_P_0_trial_2_Tue_Mar__7_13_00_12_2023,0.03011210262775421,2.5365841388702397,129.59581562360498
WS23_L1_T1_P_0_trial_2_Tue_Mar__7_13_00_12_2023,0.03011210262775421,2.5365841388702397,129.59581562360498
WS23_L1_T1_P_0_trial_2_Tue_Mar__7_13_00_12_2023,0.03011210262775421,2.5365841388702397,129.59581562360498
WS23_L1_T1_P_0_trial_2_Tue_Mar__7_13_00_12_2023,0.03011210262775421,2.5365841388702397,129.59581562360498
WS23_L1_T1_P_0_trial_2_Tue_Mar__7_13_00_12_2023,0.03011210262775421,2.5365841388702397,129.59581562360498
WS23_L1_T1_P_0_trial_2_Tue_Mar__7_13_00_12_2023,0.03018243610858909,2.566879272460937,129.59581562360498
WS23_L1_T1_P_0_trial_2_Tue_Mar__7_13_00_12_2023,0.03018243610858909,2.566879272460937,129.59581562360498
WS23_L1_T1_P_0_trial_2_Tue_Mar__7_13_00_12_2023,0.03018243610858909,2.566879272460937,129.59581562360498
WS23_L1_T1_P_0_trial_2_Tue_Mar__7_13_00_12_2023,0.03018243610858909,2.566879272460937,129.59581562360498
WS23_L1_T1_P_0_trial_2_Tue_Mar__7_13_00_12_2023,0.03018243610858909,2.566879272460937,129.59581562360498
WS23_L1_T1_P_0_trial_2_Tue_Mar__7_13_00_12_2023,0.0302168726921081,2.6304562091827397,129.59581562360498
WS23_L1_T1_P_0_trial_2_Tue_Mar__7_13_00_12_2023,0.0302168726921081,2.6304562091827397,129.59581562360498
WS23_L1_T1_P_0_trial_2_Tue_Mar__7_13_00_12_2023,0.0302168726921081,2.6304562091827397,129.59581562360498
WS23_L1_T1_P_0_trial_2_Tue_Mar__7_13_00_12_2023,0.0302168726921081,2.6304562091827397,129.59581562360498
WS23_L1_T1_P_0_trial_2_Tue_Mar__7_13_00_12_2023,0.0302168726921081,2.6304562091827397,129.59581562360498
WS23_L1_T1_P_0_trial_2_Tue_Mar__7_13_00_12_2023,0.03025910258293149,2.589736223220825,129.59581562360498
WS23_L1_T1_P_0_trial_2_Tue_Mar__7_13_00_12_2023,0.03025910258293149,2.589736223220825,129.59581562360498
WS23_L1_T1_P_0_trial_2_Tue_Mar__7_13_00_12_2023,0.03025910258293149,2.589736223220825,129.59581562360498
WS23_L1_T1_P_0_trial_2_Tue_Mar__7_13_00_12_2023,0.03025910258293149,2.589736223220825,129.59581562360498
WS23_L1_T1_P_0_trial_2_Tue_Mar__7_13_00_12_2023,0.03025910258293149,2.589736223220825,129.59581562360498
WS23_L1_T1_P_0_trial_2_Tue_Mar__7_13_00_12_2023,0.03025910258293149,2.589736223220825,129.59581562360498
WS23_L1_T1_P_0_trial_2_Tue_Mar__7_13_00_12_2023,0.03025910258293149,2.589736223220825,129.59581562360498
WS23_L1_T1_P_0_trial_2_Tue_Mar__7_13_00_12_2023,0.030356764793395996,2.59344744682312,129.59581562360498
WS23_L1_T1_P_0_trial_2_Tue_Mar__7_13_00_12_2023,0.030356764793395996,2.59344744682312,129.59581562360498
WS23_L1_T1_P_0_trial_2_Tue_Mar__7_13_00_12_2023,0.030356764793395996,2.59344744682312,129.59581562360498
WS23_L1_T1_P_0_trial_2_Tue_Mar__7_13_00_12_2023,0.030356764793395996,2.59344744682312,129.59581562360498
WS23_L1_T1_P_0_trial_2_Tue_Mar__7_13_00_12_2023,0.030356764793395996,2.59344744682312,129.59581562360498
WS23_L1_T1_P_0_trial_2_Tue_Mar__7_13_00_12_2023,0.030356764793395996,2.59344744682312,129.59581562360498
WS23_L1_T1_P_0_trial_2_Tue_Mar__7_13_00_12_2023,0.030384838581085205,2.761603116989136,129.59581562360498
WS23_L1_T1_P_0_trial_2_Tue_Mar__7_13_00_12_2023,0.030384838581085205,2.761603116989136,129.59581562360498
WS23_L1_T1_P_0_trial_2_Tue_Mar__7_13_00_12_2023,0.030384838581085205,2.761603116989136,129.59581562360498
WS23_L1_T1_P_0_trial_2_Tue_Mar__7_13_00_12_2023,0.030384838581085205,2.761603116989136,129.59581562360498
WS23_L1_T1_P_0_trial_2_Tue_Mar__7_13_00_12_2023,0.030384838581085205,2.761603116989136,129.59581562360498
WS23_L1_T1_P_0_trial_2_Tue_Mar__7_13_00_12_2023,0.030384838581085205,2.761603116989136,129.59581562360498
WS23_L1_T1_P_0_trial_2_Tue_Mar__7_13_00_12_2023,0.030384838581085205,2.761603116989136,129.59581562360498
WS23_L1_T1_P_0_trial_2_Tue_Mar__7_13_00_12_2023,0.030438557267188998,2.7965753078460693,129.59581562360498
WS23_L1_T1_P_0_trial_2_Tue_Mar__7_13_00_12_2023,0.030438557267188998,2.7965753078460693,129.59581562360498
WS23_L1_T1_P_0_trial_2_Tue_Mar__7_13_00_12_2023,0.030438557267188998,2.7965753078460693,129.59581562360498
WS23_L1_T1_P_0_trial_2_Tue_Mar__7_13_00_12_2023,0.030438557267188998,2.7965753078460693,129.59581562360498
WS23_L1_T1_P_0_trial_2_Tue_Mar__7_13_00_12_2023,0.030438557267188998,2.7965753078460693,129.59581562360498
WS23_L1_T1_P_0_trial_2_Tue_Mar__7_13_00_12_2023,0.030438557267188998,2.7965753078460693,129.59581562360498
WS23_L1_T1_P_0_trial_2_Tue_Mar__7_13_00_12_2023,0.030518934130668612,2.8096630573272705,129.59581562360498
WS23_L1_T1_P_0_trial_2_Tue_Mar__7_13_00_12_2023,0.030518934130668612,2.8096630573272705,129.59581562360498
WS23_L1_T1_P_0_trial_2_Tue_Mar__7_13_00_12_2023,0.030518934130668612,2.8096630573272705,129.59581562360498
WS23_L1_T1_P_0_trial_2_Tue_Mar__7_13_00_12_2023,0.030518934130668612,2.8096630573272705,129.59581562360498
WS23_L1_T1_P_0_trial_2_Tue_Mar__7_13_00_12_2023,0.030518934130668612,2.8096630573272705,129.59581562360498
WS23_L1_T1_P_0_trial_2_Tue_Mar__7_13_00_12_2023,0.030518934130668612,2.8096630573272705,129.59581562360498
WS23_L1_T1_P_0_trial_2_Tue_Mar__7_13_00_12_2023,0.030518934130668612,2.8096630573272705,129.59581562360498
WS23_L1_T1_P_0_trial_2_Tue_Mar__7_13_00_12_2023,0.0305894464254379,2.838433265686035,129.59581562360498
WS23_L1_T1_P_0_trial_2_Tue_Mar__7_13_00_12_2023,0.0305894464254379,2.838433265686035,129.59581562360498
WS23_L1_T1_P_0_trial_2_Tue_Mar__7_13_00_12_2023,0.0305894464254379,2.838433265686035,129.59581562360498
WS23_L1_T1_P_0_trial_2_Tue_Mar__7_13_00_12_2023,0.0305894464254379,2.838433265686035,129.59581562360498
WS23_L1_T1_P_0_trial_2_Tue_Mar__7_13_00_12_2023,0.0305894464254379,2.838433265686035,129.59581562360498
WS23_L1_T1_P_0_trial_2_Tue_Mar__7_13_00_12_2023,0.0305894464254379,2.838433265686035,129.59581562360498
WS23_L1_T1_P_0_trial_2_Tue_Mar__7_13_00_12_2023,0.030631691217422402,2.913156032562256,129.59581562360498
WS23_L1_T1_P_0_trial_2_Tue_Mar__7_13_00_12_2023,0.030631691217422402,2.913156032562256,129.59581562360498
WS23_L1_T1_P_0_trial_2_Tue_Mar__7_13_00_12_2023,0.030631691217422402,2.913156032562256,129.59581562360498
WS23_L1_T1_P_0_trial_2_Tue_Mar__7_13_00_12_2023,0.030631691217422402,2.913156032562256,129.59581562360498
WS23_L1_T1_P_0_trial_2_Tue_Mar__7_13_00_12_2023,0.030631691217422402,2.913156032562256,129.59581562360498
WS23_L1_T1_P_0_trial_2_Tue_Mar__7_13_00_12_2023,0.030631691217422402,2.913156032562256,129.59581562360498
WS23_L1_T1_P_0_trial_2_Tue_Mar__7_13_00_12_2023,0.030631691217422402,2.913156032562256,129.59581562360498
WS23_L1_T1_P_0_trial_2_Tue_Mar__7_13_00_12_2023,0.03065130114555359,3.00945782661438,129.59581562360498
WS23_L1_T1_P_0_trial_2_Tue_Mar__7_13_00_12_2023,0.03065130114555359,3.00945782661438,129.59581562360498
WS23_L1_T1_P_0_trial_2_Tue_Mar__7_13_00_12_2023,0.03065130114555359,3.00945782661438,129.59581562360498
WS23_L1_T1_P_0_trial_2_Tue_Mar__7_13_00_12_2023,0.03065130114555359,3.00945782661438,129.59581562360498
WS23_L1_T1_P_0_trial_2_Tue_Mar__7_13_00_12_2023,0.03065130114555359,3.00945782661438,129.59581562360498
WS23_L1_T1_P_0_trial_2_Tue_Mar__7_13_00_12_2023,0.03065130114555359,3.00945782661438,129.59581562360498
WS23_L1_T1_P_0_trial_2_Tue_Mar__7_13_00_12_2023,0.03073965013027191,3.004666805267334,129.59581562360498
WS23_L1_T1_P_0_trial_2_Tue_Mar__7_13_00_12_2023,0.03073965013027191,3.004666805267334,129.59581562360498
WS23_L1_T1_P_0_trial_2_Tue_Mar__7_13_00_12_2023,0.03073965013027191,3.004666805267334,129.59581562360498
WS23_L1_T1_P_0_trial_2_Tue_Mar__7_13_00_12_2023,0.03073965013027191,3.004666805267334,129.59581562360498
WS23_L1_T1_P_0_trial_2_Tue_Mar__7_13_00_12_2023,0.03073965013027191,3.004666805267334,129.59581562360498
WS23_L1_T1_P_0_trial_2_Tue_Mar__7_13_00_12_2023,0.03073965013027191,3.004666805267334,129.59581562360498
WS23_L1_T1_P_0_trial_2_Tue_Mar__7_13_00_12_2023,0.0308083295822143,2.9191367626190186,129.59581562360498
WS23_L1_T1_P_0_trial_2_Tue_Mar__7_13_00_12_2023,0.0308083295822143,2.9191367626190186,129.59581562360498
WS23_L1_T1_P_0_trial_2_Tue_Mar__7_13_00_12_2023,0.0308083295822143,2.9191367626190186,129.59581562360498
WS23_L1_T1_P_0_trial_2_Tue_Mar__7_13_00_12_2023,0.0308083295822143,2.9191367626190186,129.59581562360498
WS23_L1_T1_P_0_trial_2_Tue_Mar__7_13_00_12_2023,0.0308083295822143,2.9191367626190186,129.59581562360498
WS23_L1_T1_P_0_trial_2_Tue_Mar__7_13_00_12_2023,0.030981346964836093,2.945913314819336,129.59581562360498
WS23_L1_T1_P_0_trial_2_Tue_Mar__7_13_00_12_2023,0.030981346964836093,2.945913314819336,129.59581562360498
WS23_L1_T1_P_0_trial_2_Tue_Mar__7_13_00_12_2023,0.030981346964836093,2.945913314819336,129.59581562360498
WS23_L1_T1_P_0_trial_2_Tue_Mar__7_13_00_12_2023,0.030981346964836093,2.945913314819336,129.59581562360498
WS23_L1_T1_P_0_trial_2_Tue_Mar__7_13_00_12_2023,0.030981346964836093,2.945913314819336,129.59581562360498
WS23_L1_T1_P_0_trial_2_Tue_Mar__7_13_00_12_2023,0.030981346964836093,2.945913314819336,129.59581562360498
WS23_L1_T1_P_0_trial_2_Tue_Mar__7_13_00_12_2023,0.030981346964836093,2.945913314819336,129.59581562360498
WS23_L1_T1_P_0_trial_2_Tue_Mar__7_13_00_12_2023,0.031113728880882208,2.89756441116333,129.59581562360498
WS23_L1_T1_P_0_trial_2_Tue_Mar__7_13_00_12_2023,0.031113728880882208,2.89756441116333,129.59581562360498
WS23_L1_T1_P_0_trial_2_Tue_Mar__7_13_00_12_2023,0.031113728880882208,2.89756441116333,129.59581562360498
WS23_L1_T1_P_0_trial_2_Tue_Mar__7_13_00_12_2023,0.031113728880882208,2.89756441116333,129.59581562360498
WS23_L1_T1_P_0_trial_2_Tue_Mar__7_13_00_12_2023,0.031113728880882208,2.89756441116333,129.59581562360498
WS23_L1_T1_P_0_trial_2_Tue_Mar__7_13_00_12_2023,0.031113728880882208,2.89756441116333,129.59581562360498
WS23_L1_T1_P_0_trial_2_Tue_Mar__7_13_00_12_2023,0.03121727705001831,2.797696828842163,129.59581562360498
WS23_L1_T1_P_0_trial_2_Tue_Mar__7_13_00_12_2023,0.03121727705001831,2.797696828842163,129.59581562360498
WS23_L1_T1_P_0_trial_2_Tue_Mar__7_13_00_12_2023,0.03121727705001831,2.797696828842163,129.59581562360498
WS23_L1_T1_P_0_trial_2_Tue_Mar__7_13_00_12_2023,0.03121727705001831,2.797696828842163,129.59581562360498
WS23_L1_T1_P_0_trial_2_Tue_Mar__7_13_00_12_2023,0.03121727705001831,2.797696828842163,129.59581562360498
WS23_L1_T1_P_0_trial_2_Tue_Mar__7_13_00_12_2023,0.03140272200107569,2.815187692642212,129.59581562360498
WS23_L1_T1_P_0_trial_2_Tue_Mar__7_13_00_12_2023,0.03140272200107569,2.815187692642212,129.59581562360498
WS23_L1_T1_P_0_trial_2_Tue_Mar__7_13_00_12_2023,0.03140272200107569,2.815187692642212,129.59581562360498
WS23_L1_T1_P_0_trial_2_Tue_Mar__7_13_00_12_2023,0.03140272200107569,2.815187692642212,129.59581562360498
WS23_L1_T1_P_0_trial_2_Tue_Mar__7_13_00_12_2023,0.03140272200107569,2.815187692642212,129.59581562360498
WS23_L1_T1_P_0_trial_2_Tue_Mar__7_13_00_12_2023,0.03140272200107569,2.815187692642212,129.59581562360498
WS23_L1_T1_P_0_trial_2_Tue_Mar__7_13_00_12_2023,0.03140272200107569,2.815187692642212,129.59581562360498
WS23_L1_T1_P_0_trial_2_Tue_Mar__7_13_00_12_2023,0.031647950410842896,2.64448356628418,129.59581562360498
WS23_L1_T1_P_0_trial_2_Tue_Mar__7_13_00_12_2023,0.031647950410842896,2.64448356628418,129.59581562360498
WS23_L1_T1_P_0_trial_2_Tue_Mar__7_13_00_12_2023,0.031647950410842896,2.64448356628418,129.59581562360498
WS23_L1_T1_P_0_trial_2_Tue_Mar__7_13_00_12_2023,0.031647950410842896,2.64448356628418,129.59581562360498
WS23_L1_T1_P_0_trial_2_Tue_Mar__7_13_00_12_2023,0.031647950410842896,2.64448356628418,129.59581562360498
WS23_L1_T1_P_0_trial_2_Tue_Mar__7_13_00_12_2023,0.031647950410842896,2.64448356628418,129.59581562360498
WS23_L1_T1_P_0_trial_2_Tue_Mar__7_13_00_12_2023,0.031647950410842896,2.64448356628418,129.59581562360498
WS23_L1_T1_P_0_trial_2_Tue_Mar__7_13_00_12_2023,0.0317799746990203,2.6823086738586426,129.59581562360498
WS23_L1_T1_P_0_trial_2_Tue_Mar__7_13_00_12_2023,0.0317799746990203,2.6823086738586426,129.59581562360498
WS23_L1_T1_P_0_trial_2_Tue_Mar__7_13_00_12_2023,0.0317799746990203,2.6823086738586426,129.59581562360498
WS23_L1_T1_P_0_trial_2_Tue_Mar__7_13_00_12_2023,0.0317799746990203,2.6823086738586426,129.59581562360498
WS23_L1_T1_P_0_trial_2_Tue_Mar__7_13_00_12_2023,0.0317799746990203,2.6823086738586426,129.59581562360498
WS23_L1_T1_P_0_trial_2_Tue_Mar__7_13_00_12_2023,0.0317799746990203,2.6823086738586426,129.59581562360498
WS23_L1_T1_P_0_trial_2_Tue_Mar__7_13_00_12_2023,0.0317799746990203,2.6823086738586426,129.59581562360498
WS23_L1_T1_P_0_trial_2_Tue_Mar__7_13_00_12_2023,0.03192576766014099,2.6203012466430664,129.59581562360498
WS23_L1_T1_P_0_trial_2_Tue_Mar__7_13_00_12_2023,0.03192576766014099,2.6203012466430664,129.59581562360498
WS23_L1_T1_P_0_trial_2_Tue_Mar__7_13_00_12_2023,0.03192576766014099,2.6203012466430664,129.59581562360498
WS23_L1_T1_P_0_trial_2_Tue_Mar__7_13_00_12_2023,0.03192576766014099,2.6203012466430664,129.59581562360498
WS23_L1_T1_P_0_trial_2_Tue_Mar__7_13_00_12_2023,0.03192576766014099,2.6203012466430664,129.59581562360498
WS23_L1_T1_P_0_trial_2_Tue_Mar__7_13_00_12_2023,0.03192576766014099,2.6203012466430664,129.59581562360498
WS23_L1_T1_P_0_trial_2_Tue_Mar__7_13_00_12_2023,0.03192576766014099,2.6203012466430664,129.59581562360498
WS23_L1_T1_P_0_trial_2_Tue_Mar__7_13_00_12_2023,0.03200967609882349,2.6739821434021,129.59581562360498
WS23_L1_T1_P_0_trial_2_Tue_Mar__7_13_00_12_2023,0.03200967609882349,2.6739821434021,129.59581562360498
WS23_L1_T1_P_0_trial_2_Tue_Mar__7_13_00_12_2023,0.03200967609882349,2.6739821434021,129.59581562360498
WS23_L1_T1_P_0_trial_2_Tue_Mar__7_13_00_12_2023,0.03200967609882349,2.6739821434021,129.59581562360498
WS23_L1_T1_P_0_trial_2_Tue_Mar__7_13_00_12_2023,0.03200967609882349,2.6739821434021,129.59581562360498
WS23_L1_T1_P_0_trial_2_Tue_Mar__7_13_00_12_2023,0.03200967609882349,2.6739821434021,129.59581562360498
WS23_L1_T1_P_0_trial_2_Tue_Mar__7_13_00_12_2023,0.03209453821182251,2.6605982780456543,129.59581562360498
WS23_L1_T1_P_0_trial_2_Tue_Mar__7_13_00_12_2023,0.03209453821182251,2.6605982780456543,129.59581562360498
WS23_L1_T1_P_0_trial_2_Tue_Mar__7_13_00_12_2023,0.03209453821182251,2.6605982780456543,129.59581562360498
WS23_L1_T1_P_0_trial_2_Tue_Mar__7_13_00_12_2023,0.03209453821182251,2.6605982780456543,129.59581562360498
WS23_L1_T1_P_0_trial_2_Tue_Mar__7_13_00_12_2023,0.03209453821182251,2.6605982780456543,129.59581562360498
WS23_L1_T1_P_0_trial_2_Tue_Mar__7_13_00_12_2023,0.03209453821182251,2.6605982780456543,129.59581562360498
WS23_L1_T1_P_0_trial_2_Tue_Mar__7_13_00_12_2023,0.03209453821182251,2.6605982780456543,129.59581562360498
WS23_L1_T1_P_0_trial_2_Tue_Mar__7_13_00_12_2023,0.03218884766101829,2.6771721839904785,129.59581562360498
WS23_L1_T1_P_0_trial_2_Tue_Mar__7_13_00_12_2023,0.03218884766101829,2.6771721839904785,129.59581562360498
WS23_L1_T1_P_0_trial_2_Tue_Mar__7_13_00_12_2023,0.03218884766101829,2.6771721839904785,129.59581562360498
WS23_L1_T1_P_0_trial_2_Tue_Mar__7_13_00_12_2023,0.03218884766101829,2.6771721839904785,129.59581562360498
WS23_L1_T1_P_0_trial_2_Tue_Mar__7_13_00_12_2023,0.03218884766101829,2.6771721839904785,129.59581562360498
WS23_L1_T1_P_0_trial_2_Tue_Mar__7_13_00_12_2023,0.03218884766101829,2.6771721839904785,129.59581562360498
WS23_L1_T1_P_0_trial_2_Tue_Mar__7_13_00_12_2023,0.03218884766101829,2.6771721839904785,129.59581562360498
WS23_L1_T1_P_0_trial_2_Tue_Mar__7_13_00_12_2023,0.03228859603404999,2.66028380393982,129.59581562360498
WS23_L1_T1_P_0_trial_2_Tue_Mar__7_13_00_12_2023,0.03228859603404999,2.66028380393982,129.59581562360498
WS23_L1_T1_P_0_trial_2_Tue_Mar__7_13_00_12_2023,0.03228859603404999,2.66028380393982,129.59581562360498
WS23_L1_T1_P_0_trial_2_Tue_Mar__7_13_00_12_2023,0.03228859603404999,2.66028380393982,129.59581562360498
WS23_L1_T1_P_0_trial_2_Tue_Mar__7_13_00_12_2023,0.03228859603404999,2.66028380393982,129.59581562360498
WS23_L1_T1_P_0_trial_2_Tue_Mar__7_13_00_12_2023,0.03228859603404999,2.66028380393982,129.59581562360498
WS23_L1_T1_P_0_trial_2_Tue_Mar__7_13_00_12_2023,0.03235447406768799,2.713538646697998,129.59581562360498
WS23_L1_T1_P_0_trial_2_Tue_Mar__7_13_00_12_2023,0.03235447406768799,2.713538646697998,129.59581562360498
WS23_L1_T1_P_0_trial_2_Tue_Mar__7_13_00_12_2023,0.03235447406768799,2.713538646697998,129.59581562360498
WS23_L1_T1_P_0_trial_2_Tue_Mar__7_13_00_12_2023,0.03235447406768799,2.713538646697998,129.59581562360498
WS23_L1_T1_P_0_trial_2_Tue_Mar__7_13_00_12_2023,0.03235447406768799,2.713538646697998,129.59581562360498
WS23_L1_T1_P_0_trial_2_Tue_Mar__7_13_00_12_2023,0.03235447406768799,2.713538646697998,129.59581562360498
WS23_L1_T1_P_0_trial_2_Tue_Mar__7_13_00_12_2023,0.0324385911226272,2.7301888465881348,129.59581562360498
WS23_L1_T1_P_0_trial_2_Tue_Mar__7_13_00_12_2023,0.0324385911226272,2.7301888465881348,129.59581562360498
WS23_L1_T1_P_0_trial_2_Tue_Mar__7_13_00_12_2023,0.0324385911226272,2.7301888465881348,129.59581562360498
WS23_L1_T1_P_0_trial_2_Tue_Mar__7_13_00_12_2023,0.0324385911226272,2.7301888465881348,129.59581562360498
WS23_L1_T1_P_0_trial_2_Tue_Mar__7_13_00_12_2023,0.0324385911226272,2.7301888465881348,129.59581562360498
WS23_L1_T1_P_0_trial_2_Tue_Mar__7_13_00_12_2023,0.0324385911226272,2.7301888465881348,129.59581562360498
WS23_L1_T1_P_0_trial_2_Tue_Mar__7_13_00_12_2023,0.03244428336620331,2.8517708778381348,129.59581562360498
WS23_L1_T1_P_0_trial_2_Tue_Mar__7_13_00_12_2023,0.03244428336620331,2.8517708778381348,129.59581562360498
WS23_L1_T1_P_0_trial_2_Tue_Mar__7_13_00_12_2023,0.03244428336620331,2.8517708778381348,129.59581562360498
WS23_L1_T1_P_0_trial_2_Tue_Mar__7_13_00_12_2023,0.03244428336620331,2.8517708778381348,129.59581562360498
WS23_L1_T1_P_0_trial_2_Tue_Mar__7_13_00_12_2023,0.03244428336620331,2.8517708778381348,129.59581562360498
WS23_L1_T1_P_0_trial_2_Tue_Mar__7_13_00_12_2023,0.03244428336620331,2.8517708778381348,129.59581562360498
WS23_L1_T1_P_0_trial_2_Tue_Mar__7_13_00_12_2023,0.03244428336620331,2.8517708778381348,129.59581562360498
WS23_L1_T1_P_0_trial_2_Tue_Mar__7_13_00_12_2023,0.03251868486404419,2.8678157329559326,129.59581562360498
WS23_L1_T1_P_0_trial_2_Tue_Mar__7_13_00_12_2023,0.03251868486404419,2.8678157329559326,129.59581562360498
WS23_L1_T1_P_0_trial_2_Tue_Mar__7_13_00_12_2023,0.03251868486404419,2.8678157329559326,129.59581562360498
WS23_L1_T1_P_0_trial_2_Tue_Mar__7_13_00_12_2023,0.03251868486404419,2.8678157329559326,129.59581562360498
WS23_L1_T1_P_0_trial_2_Tue_Mar__7_13_00_12_2023,0.03251868486404419,2.8678157329559326,129.59581562360498
WS23_L1_T1_P_0_trial_2_Tue_Mar__7_13_00_12_2023,0.03251868486404419,2.8678157329559326,129.59581562360498
WS23_L1_T1_P_0_trial_2_Tue_Mar__7_13_00_12_2023,0.0325647890567779,2.9026782512664795,129.59581562360498
WS23_L1_T1_P_0_trial_2_Tue_Mar__7_13_00_12_2023,0.0325647890567779,2.9026782512664795,129.59581562360498
WS23_L1_T1_P_0_trial_2_Tue_Mar__7_13_00_12_2023,0.0325647890567779,2.9026782512664795,129.59581562360498
WS23_L1_T1_P_0_trial_2_Tue_Mar__7_13_00_12_2023,0.0325647890567779,2.9026782512664795,129.59581562360498
WS23_L1_T1_P_0_trial_2_Tue_Mar__7_13_00_12_2023,0.0325647890567779,2.9026782512664795,129.59581562360498
WS23_L1_T1_P_0_trial_2_Tue_Mar__7_13_00_12_2023,0.0326306670904159,2.9184792041778564,129.59581562360498
WS23_L1_T1_P_0_trial_2_Tue_Mar__7_13_00_12_2023,0.0326306670904159,2.9184792041778564,129.59581562360498
WS23_L1_T1_P_0_trial_2_Tue_Mar__7_13_00_12_2023,0.0326306670904159,2.9184792041778564,129.59581562360498
WS23_L1_T1_P_0_trial_2_Tue_Mar__7_13_00_12_2023,0.0326306670904159,2.9184792041778564,129.59581562360498
WS23_L1_T1_P_0_trial_2_Tue_Mar__7_13_00_12_2023,0.0326306670904159,2.9184792041778564,129.59581562360498
WS23_L1_T1_P_0_trial_2_Tue_Mar__7_13_00_12_2023,0.0326306670904159,2.9184792041778564,129.59581562360498
WS23_L1_T1_P_0_trial_2_Tue_Mar__7_13_00_12_2023,0.0326306670904159,2.9184792041778564,129.59581562360498
WS23_L1_T1_P_0_trial_2_Tue_Mar__7_13_00_12_2023,0.03266865015029899,2.998985528945923,129.59581562360498
WS23_L1_T1_P_0_trial_2_Tue_Mar__7_13_00_12_2023,0.03266865015029899,2.998985528945923,129.59581562360498
WS23_L1_T1_P_0_trial_2_Tue_Mar__7_13_00_12_2023,0.03266865015029899,2.998985528945923,129.59581562360498
WS23_L1_T1_P_0_trial_2_Tue_Mar__7_13_00_12_2023,0.03266865015029899,2.998985528945923,129.59581562360498
WS23_L1_T1_P_0_trial_2_Tue_Mar__7_13_00_12_2023,0.03266865015029899,2.998985528945923,129.59581562360498
WS23_L1_T1_P_0_trial_2_Tue_Mar__7_13_00_12_2023,0.03266865015029899,2.998985528945923,129.59581562360498
WS23_L1_T1_P_0_trial_2_Tue_Mar__7_13_00_12_2023,0.03266865015029899,2.998985528945923,129.59581562360498
WS23_L1_T1_P_0_trial_2_Tue_Mar__7_13_00_12_2023,0.032688215374946594,2.9983816146850586,129.59581562360498
WS23_L1_T1_P_0_trial_2_Tue_Mar__7_13_00_12_2023,0.032688215374946594,2.9983816146850586,129.59581562360498
WS23_L1_T1_P_0_trial_2_Tue_Mar__7_13_00_12_2023,0.032688215374946594,2.9983816146850586,129.59581562360498
WS23_L1_T1_P_0_trial_2_Tue_Mar__7_13_00_12_2023,0.032688215374946594,2.9983816146850586,129.59581562360498
WS23_L1_T1_P_0_trial_2_Tue_Mar__7_13_00_12_2023,0.032688215374946594,2.9983816146850586,129.59581562360498
WS23_L1_T1_P_0_trial_2_Tue_Mar__7_13_00_12_2023,0.03276148438453669,3.1058695316314697,129.59581562360498
WS23_L1_T1_P_0_trial_2_Tue_Mar__7_13_00_12_2023,0.03276148438453669,3.1058695316314697,129.59581562360498
WS23_L1_T1_P_0_trial_2_Tue_Mar__7_13_00_12_2023,0.03276148438453669,3.1058695316314697,129.59581562360498
WS23_L1_T1_P_0_trial_2_Tue_Mar__7_13_00_12_2023,0.03276148438453669,3.1058695316314697,129.59581562360498
WS23_L1_T1_P_0_trial_2_Tue_Mar__7_13_00_12_2023,0.03276148438453669,3.1058695316314697,129.59581562360498
WS23_L1_T1_P_0_trial_2_Tue_Mar__7_13_00_12_2023,0.03276148438453669,3.1058695316314697,129.59581562360498
WS23_L1_T1_P_0_trial_2_Tue_Mar__7_13_00_12_2023,0.03276148438453669,3.1058695316314697,129.59581562360498
WS23_L1_T1_P_0_trial_2_Tue_Mar__7_13_00_12_2023,0.032838284969329806,3.1109659671783447,129.59581562360498
WS23_L1_T1_P_0_trial_2_Tue_Mar__7_13_00_12_2023,0.032838284969329806,3.1109659671783447,129.59581562360498
WS23_L1_T1_P_0_trial_2_Tue_Mar__7_13_00_12_2023,0.032838284969329806,3.1109659671783447,129.59581562360498
WS23_L1_T1_P_0_trial_2_Tue_Mar__7_13_00_12_2023,0.032838284969329806,3.1109659671783447,129.59581562360498
WS23_L1_T1_P_0_trial_2_Tue_Mar__7_13_00_12_2023,0.032838284969329806,3.1109659671783447,129.59581562360498
WS23_L1_T1_P_0_trial_2_Tue_Mar__7_13_00_12_2023,0.032838284969329806,3.1109659671783447,129.59581562360498
WS23_L1_T1_P_0_trial_2_Tue_Mar__7_13_00_12_2023,0.0329257994890213,3.152771472930908,129.59581562360498
WS23_L1_T1_P_0_trial_2_Tue_Mar__7_13_00_12_2023,0.0329257994890213,3.152771472930908,129.59581562360498
WS23_L1_T1_P_0_trial_2_Tue_Mar__7_13_00_12_2023,0.0329257994890213,3.152771472930908,129.59581562360498
WS23_L1_T1_P_0_trial_2_Tue_Mar__7_13_00_12_2023,0.0329257994890213,3.152771472930908,129.59581562360498
WS23_L1_T1_P_0_trial_2_Tue_Mar__7_13_00_12_2023,0.0329257994890213,3.152771472930908,129.59581562360498
WS23_L1_T1_P_0_trial_2_Tue_Mar__7_13_00_12_2023,0.0329257994890213,3.152771472930908,129.59581562360498
WS23_L1_T1_P_0_trial_2_Tue_Mar__7_13_00_12_2023,0.0329257994890213,3.152771472930908,129.59581562360498
WS23_L1_T1_P_0_trial_2_Tue_Mar__7_13_00_12_2023,0.03298395872116089,3.20357084274292,129.59581562360498
WS23_L1_T1_P_0_trial_2_Tue_Mar__7_13_00_12_2023,0.03298395872116089,3.20357084274292,129.59581562360498
WS23_L1_T1_P_0_trial_2_Tue_Mar__7_13_00_12_2023,0.03298395872116089,3.20357084274292,129.59581562360498
WS23_L1_T1_P_0_trial_2_Tue_Mar__7_13_00_12_2023,0.03298395872116089,3.20357084274292,129.59581562360498
WS23_L1_T1_P_0_trial_2_Tue_Mar__7_13_00_12_2023,0.03298395872116089,3.20357084274292,129.59581562360498
WS23_L1_T1_P_0_trial_2_Tue_Mar__7_13_00_12_2023,0.03298395872116089,3.20357084274292,129.59581562360498
WS23_L1_T1_P_0_trial_2_Tue_Mar__7_13_00_12_2023,0.0330715477466583,3.181341648101806,129.59581562360498
WS23_L1_T1_P_0_trial_2_Tue_Mar__7_13_00_12_2023,0.0330715477466583,3.181341648101806,129.59581562360498
WS23_L1_T1_P_0_trial_2_Tue_Mar__7_13_00_12_2023,0.0330715477466583,3.181341648101806,129.59581562360498
WS23_L1_T1_P_0_trial_2_Tue_Mar__7_13_00_12_2023,0.0330715477466583,3.181341648101806,129.59581562360498
WS23_L1_T1_P_0_trial_2_Tue_Mar__7_13_00_12_2023,0.0330715477466583,3.181341648101806,129.59581562360498
WS23_L1_T1_P_0_trial_2_Tue_Mar__7_13_00_12_2023,0.0330715477466583,3.181341648101806,129.59581562360498
WS23_L1_T1_P_0_trial_2_Tue_Mar__7_13_00_12_2023,0.0330715477466583,3.181341648101806,129.59581562360498
WS23_L1_T1_P_0_trial_2_Tue_Mar__7_13_00_12_2023,0.0330686420202255,3.318880319595337,129.59581562360498
WS23_L1_T1_P_0_trial_2_Tue_Mar__7_13_00_12_2023,0.0330686420202255,3.318880319595337,129.59581562360498
WS23_L1_T1_P_0_trial_2_Tue_Mar__7_13_00_12_2023,0.0330686420202255,3.318880319595337,129.59581562360498
WS23_L1_T1_P_0_trial_2_Tue_Mar__7_13_00_12_2023,0.0330686420202255,3.318880319595337,129.59581562360498
WS23_L1_T1_P_0_trial_2_Tue_Mar__7_13_00_12_2023,0.0330686420202255,3.318880319595337,129.59581562360498
WS23_L1_T1_P_0_trial_2_Tue_Mar__7_13_00_12_2023,0.0330686420202255,3.318880319595337,129.59581562360498
WS23_L1_T1_P_0_trial_2_Tue_Mar__7_13_00_12_2023,0.0331371128559112,3.3019731044769287,129.59581562360498
WS23_L1_T1_P_0_trial_2_Tue_Mar__7_13_00_12_2023,0.0331371128559112,3.3019731044769287,129.59581562360498
WS23_L1_T1_P_0_trial_2_Tue_Mar__7_13_00_12_2023,0.0331371128559112,3.3019731044769287,129.59581562360498
WS23_L1_T1_P_0_trial_2_Tue_Mar__7_13_00_12_2023,0.0331371128559112,3.3019731044769287,129.59581562360498
WS23_L1_T1_P_0_trial_2_Tue_Mar__7_13_00_12_2023,0.0331371128559112,3.3019731044769287,129.59581562360498
WS23_L1_T1_P_0_trial_2_Tue_Mar__7_13_00_12_2023,0.0331371128559112,3.3019731044769287,129.59581562360498
WS23_L1_T1_P_0_trial_2_Tue_Mar__7_13_00_12_2023,0.0331371128559112,3.3019731044769287,129.59581562360498
WS23_L1_T1_P_0_trial_2_Tue_Mar__7_13_00_12_2023,0.03316500782966611,3.3348093032836914,129.59581562360498
WS23_L1_T1_P_0_trial_2_Tue_Mar__7_13_00_12_2023,0.03316500782966611,3.3348093032836914,129.59581562360498
WS23_L1_T1_P_0_trial_2_Tue_Mar__7_13_00_12_2023,0.03316500782966611,3.3348093032836914,129.59581562360498
WS23_L1_T1_P_0_trial_2_Tue_Mar__7_13_00_12_2023,0.03316500782966611,3.3348093032836914,129.59581562360498
WS23_L1_T1_P_0_trial_2_Tue_Mar__7_13_00_12_2023,0.03316500782966611,3.3348093032836914,129.59581562360498
WS23_L1_T1_P_0_trial_2_Tue_Mar__7_13_00_12_2023,0.03316500782966611,3.3348093032836914,129.59581562360498
WS23_L1_T1_P_0_trial_2_Tue_Mar__7_13_00_12_2023,0.03316500782966611,3.3348093032836914,129.59581562360498
WS23_L1_T1_P_0_trial_2_Tue_Mar__7_13_00_12_2023,0.0332433730363845,3.3272948265075684,129.59581562360498
WS23_L1_T1_P_0_trial_2_Tue_Mar__7_13_00_12_2023,0.0332433730363845,3.3272948265075684,129.59581562360498
WS23_L1_T1_P_0_trial_2_Tue_Mar__7_13_00_12_2023,0.0332433730363845,3.3272948265075684,129.59581562360498
WS23_L1_T1_P_0_trial_2_Tue_Mar__7_13_00_12_2023,0.0332433730363845,3.3272948265075684,129.59581562360498
WS23_L1_T1_P_0_trial_2_Tue_Mar__7_13_00_12_2023,0.0332433730363845,3.3272948265075684,129.59581562360498
WS23_L1_T1_P_0_trial_2_Tue_Mar__7_13_00_12_2023,0.0332433730363845,3.3272948265075684,129.59581562360498
WS23_L1_T1_P_0_trial_2_Tue_Mar__7_13_00_12_2023,0.0332433730363845,3.3272948265075684,129.59581562360498
WS23_L1_T1_P_0_trial_2_Tue_Mar__7_13_00_12_2023,0.0332781374454498,3.4905776977539062,129.59581562360498
WS23_L1_T1_P_0_trial_2_Tue_Mar__7_13_00_12_2023,0.0332781374454498,3.4905776977539062,129.59581562360498
WS23_L1_T1_P_0_trial_2_Tue_Mar__7_13_00_12_2023,0.0332781374454498,3.4905776977539062,129.59581562360498
WS23_L1_T1_P_0_trial_2_Tue_Mar__7_13_00_12_2023,0.0332781374454498,3.4905776977539062,129.59581562360498
WS23_L1_T1_P_0_trial_2_Tue_Mar__7_13_00_12_2023,0.0332781374454498,3.4905776977539062,129.59581562360498
WS23_L1_T1_P_0_trial_2_Tue_Mar__7_13_00_12_2023,0.0332781374454498,3.4905776977539062,129.59581562360498
WS23_L1_T1_P_0_trial_2_Tue_Mar__7_13_00_12_2023,0.0332781374454498,3.4905776977539062,129.59581562360498
WS23_L1_T1_P_0_trial_2_Tue_Mar__7_13_00_12_2023,0.0332781374454498,3.4905776977539062,129.59581562360498
WS23_L1_T1_P_0_trial_2_Tue_Mar__7_13_00_12_2023,0.03331117331981659,3.458636999130249,129.59581562360498
WS23_L1_T1_P_0_trial_2_Tue_Mar__7_13_00_12_2023,0.03331117331981659,3.458636999130249,129.59581562360498
WS23_L1_T1_P_0_trial_2_Tue_Mar__7_13_00_12_2023,0.03331117331981659,3.458636999130249,129.59581562360498
WS23_L1_T1_P_0_trial_2_Tue_Mar__7_13_00_12_2023,0.03331117331981659,3.458636999130249,129.59581562360498
WS23_L1_T1_P_0_trial_2_Tue_Mar__7_13_00_12_2023,0.03331117331981659,3.458636999130249,129.59581562360498
WS23_L1_T1_P_0_trial_2_Tue_Mar__7_13_00_12_2023,0.03331117331981659,3.458636999130249,129.59581562360498
WS23_L1_T1_P_0_trial_2_Tue_Mar__7_13_00_12_2023,0.03331117331981659,3.458636999130249,129.59581562360498
WS23_L1_T1_P_0_trial_2_Tue_Mar__7_13_00_12_2023,0.03339780867099759,3.573089122772217,129.59581562360498
WS23_L1_T1_P_0_trial_2_Tue_Mar__7_13_00_12_2023,0.03339780867099759,3.573089122772217,129.59581562360498
WS23_L1_T1_P_0_trial_2_Tue_Mar__7_13_00_12_2023,0.03339780867099759,3.573089122772217,129.59581562360498
WS23_L1_T1_P_0_trial_2_Tue_Mar__7_13_00_12_2023,0.03339780867099759,3.573089122772217,129.59581562360498
WS23_L1_T1_P_0_trial_2_Tue_Mar__7_13_00_12_2023,0.03339780867099759,3.573089122772217,129.59581562360498
WS23_L1_T1_P_0_trial_2_Tue_Mar__7_13_00_12_2023,0.03339780867099759,3.573089122772217,129.59581562360498
WS23_L1_T1_P_0_trial_2_Tue_Mar__7_13_00_12_2023,0.03349967300891871,3.43625283241272,129.59581562360498
WS23_L1_T1_P_0_trial_2_Tue_Mar__7_13_00_12_2023,0.03349967300891871,3.43625283241272,129.59581562360498
WS23_L1_T1_P_0_trial_2_Tue_Mar__7_13_00_12_2023,0.03349967300891871,3.43625283241272,129.59581562360498
WS23_L1_T1_P_0_trial_2_Tue_Mar__7_13_00_12_2023,0.03349967300891871,3.43625283241272,129.59581562360498
WS23_L1_T1_P_0_trial_2_Tue_Mar__7_13_00_12_2023,0.03349967300891871,3.43625283241272,129.59581562360498
WS23_L1_T1_P_0_trial_2_Tue_Mar__7_13_00_12_2023,0.03349967300891871,3.43625283241272,129.59581562360498
WS23_L1_T1_P_0_trial_2_Tue_Mar__7_13_00_12_2023,0.03349967300891871,3.43625283241272,129.59581562360498
WS23_L1_T1_P_0_trial_2_Tue_Mar__7_13_00_12_2023,0.03362637758254999,3.43106746673584,129.59581562360498
WS23_L1_T1_P_0_trial_2_Tue_Mar__7_13_00_12_2023,0.03362637758254999,3.43106746673584,129.59581562360498
WS23_L1_T1_P_0_trial_2_Tue_Mar__7_13_00_12_2023,0.03362637758254999,3.43106746673584,129.59581562360498
WS23_L1_T1_P_0_trial_2_Tue_Mar__7_13_00_12_2023,0.03362637758254999,3.43106746673584,129.59581562360498
WS23_L1_T1_P_0_trial_2_Tue_Mar__7_13_00_12_2023,0.03362637758254999,3.43106746673584,129.59581562360498
WS23_L1_T1_P_0_trial_2_Tue_Mar__7_13_00_12_2023,0.03362637758254999,3.43106746673584,129.59581562360498
WS23_L1_T1_P_0_trial_2_Tue_Mar__7_13_00_12_2023,0.033699780702590915,3.476633787155152,129.59581562360498
WS23_L1_T1_P_0_trial_2_Tue_Mar__7_13_00_12_2023,0.033699780702590915,3.476633787155152,129.59581562360498
WS23_L1_T1_P_0_trial_2_Tue_Mar__7_13_00_12_2023,0.033699780702590915,3.476633787155152,129.59581562360498
WS23_L1_T1_P_0_trial_2_Tue_Mar__7_13_00_12_2023,0.033699780702590915,3.476633787155152,129.59581562360498
WS23_L1_T1_P_0_trial_2_Tue_Mar__7_13_00_12_2023,0.033699780702590915,3.476633787155152,129.59581562360498
WS23_L1_T1_P_0_trial_2_Tue_Mar__7_13_00_12_2023,0.033699780702590915,3.476633787155152,129.59581562360498
WS23_L1_T1_P_0_trial_2_Tue_Mar__7_13_00_12_2023,0.033834204077720614,3.523383378982544,129.59581562360498
WS23_L1_T1_P_0_trial_2_Tue_Mar__7_13_00_12_2023,0.033834204077720614,3.523383378982544,129.59581562360498
WS23_L1_T1_P_0_trial_2_Tue_Mar__7_13_00_12_2023,0.033834204077720614,3.523383378982544,129.59581562360498
WS23_L1_T1_P_0_trial_2_Tue_Mar__7_13_00_12_2023,0.033834204077720614,3.523383378982544,129.59581562360498
WS23_L1_T1_P_0_trial_2_Tue_Mar__7_13_00_12_2023,0.033834204077720614,3.523383378982544,129.59581562360498
WS23_L1_T1_P_0_trial_2_Tue_Mar__7_13_00_12_2023,0.033834204077720614,3.523383378982544,129.59581562360498
WS23_L1_T1_P_0_trial_2_Tue_Mar__7_13_00_12_2023,0.033834204077720614,3.523383378982544,129.59581562360498
WS23_L1_T1_P_0_trial_2_Tue_Mar__7_13_00_12_2023,0.033908650279045105,3.453059434890747,129.59581562360498
WS23_L1_T1_P_0_trial_2_Tue_Mar__7_13_00_12_2023,0.033908650279045105,3.453059434890747,129.59581562360498
WS23_L1_T1_P_0_trial_2_Tue_Mar__7_13_00_12_2023,0.033908650279045105,3.453059434890747,129.59581562360498
WS23_L1_T1_P_0_trial_2_Tue_Mar__7_13_00_12_2023,0.033908650279045105,3.453059434890747,129.59581562360498
WS23_L1_T1_P_0_trial_2_Tue_Mar__7_13_00_12_2023,0.033908650279045105,3.453059434890747,129.59581562360498
WS23_L1_T1_P_0_trial_2_Tue_Mar__7_13_00_12_2023,0.0339703559875488,3.590064764022827,129.59581562360498
WS23_L1_T1_P_0_trial_2_Tue_Mar__7_13_00_12_2023,0.0339703559875488,3.590064764022827,129.59581562360498
WS23_L1_T1_P_0_trial_2_Tue_Mar__7_13_00_12_2023,0.0339703559875488,3.590064764022827,129.59581562360498
WS23_L1_T1_P_0_trial_2_Tue_Mar__7_13_00_12_2023,0.0339703559875488,3.590064764022827,129.59581562360498
WS23_L1_T1_P_0_trial_2_Tue_Mar__7_13_00_12_2023,0.0339703559875488,3.590064764022827,129.59581562360498
WS23_L1_T1_P_0_trial_2_Tue_Mar__7_13_00_12_2023,0.0339703559875488,3.590064764022827,129.59581562360498
WS23_L1_T1_P_0_trial_2_Tue_Mar__7_13_00_12_2023,0.0340669304132461,3.595705270767212,129.59581562360498
WS23_L1_T1_P_0_trial_2_Tue_Mar__7_13_00_12_2023,0.0340669304132461,3.595705270767212,129.59581562360498
WS23_L1_T1_P_0_trial_2_Tue_Mar__7_13_00_12_2023,0.0340669304132461,3.595705270767212,129.59581562360498
WS23_L1_T1_P_0_trial_2_Tue_Mar__7_13_00_12_2023,0.0340669304132461,3.595705270767212,129.59581562360498
WS23_L1_T1_P_0_trial_2_Tue_Mar__7_13_00_12_2023,0.0340669304132461,3.595705270767212,129.59581562360498
WS23_L1_T1_P_0_trial_2_Tue_Mar__7_13_00_12_2023,0.0340669304132461,3.595705270767212,129.59581562360498
WS23_L1_T1_P_0_trial_2_Tue_Mar__7_13_00_12_2023,0.0340669304132461,3.595705270767212,129.59581562360498
WS23_L1_T1_P_0_trial_2_Tue_Mar__7_13_00_12_2023,0.034200638532638494,3.563652515411377,129.59581562360498
WS23_L1_T1_P_0_trial_2_Tue_Mar__7_13_00_12_2023,0.034200638532638494,3.563652515411377,129.59581562360498
WS23_L1_T1_P_0_trial_2_Tue_Mar__7_13_00_12_2023,0.034200638532638494,3.563652515411377,129.59581562360498
WS23_L1_T1_P_0_trial_2_Tue_Mar__7_13_00_12_2023,0.034200638532638494,3.563652515411377,129.59581562360498
WS23_L1_T1_P_0_trial_2_Tue_Mar__7_13_00_12_2023,0.034200638532638494,3.563652515411377,129.59581562360498
WS23_L1_T1_P_0_trial_2_Tue_Mar__7_13_00_12_2023,0.034200638532638494,3.563652515411377,129.59581562360498
WS23_L1_T1_P_0_trial_2_Tue_Mar__7_13_00_12_2023,0.03429543972015381,3.591076374053955,129.59581562360498
WS23_L1_T1_P_0_trial_2_Tue_Mar__7_13_00_12_2023,0.03429543972015381,3.591076374053955,129.59581562360498
WS23_L1_T1_P_0_trial_2_Tue_Mar__7_13_00_12_2023,0.03429543972015381,3.591076374053955,129.59581562360498
WS23_L1_T1_P_0_trial_2_Tue_Mar__7_13_00_12_2023,0.03429543972015381,3.591076374053955,129.59581562360498
WS23_L1_T1_P_0_trial_2_Tue_Mar__7_13_00_12_2023,0.03429543972015381,3.591076374053955,129.59581562360498
WS23_L1_T1_P_0_trial_2_Tue_Mar__7_13_00_12_2023,0.03429543972015381,3.591076374053955,129.59581562360498
WS23_L1_T1_P_0_trial_2_Tue_Mar__7_13_00_12_2023,0.034398168325424194,3.5538084506988525,129.59581562360498
WS23_L1_T1_P_0_trial_2_Tue_Mar__7_13_00_12_2023,0.034398168325424194,3.5538084506988525,129.59581562360498
WS23_L1_T1_P_0_trial_2_Tue_Mar__7_13_00_12_2023,0.034398168325424194,3.5538084506988525,129.59581562360498
WS23_L1_T1_P_0_trial_2_Tue_Mar__7_13_00_12_2023,0.034398168325424194,3.5538084506988525,129.59581562360498
WS23_L1_T1_P_0_trial_2_Tue_Mar__7_13_00_12_2023,0.034398168325424194,3.5538084506988525,129.59581562360498
WS23_L1_T1_P_0_trial_2_Tue_Mar__7_13_00_12_2023,0.034398168325424194,3.5538084506988525,129.59581562360498
WS23_L1_T1_P_0_trial_2_Tue_Mar__7_13_00_12_2023,0.034398168325424194,3.5538084506988525,129.59581562360498
WS23_L1_T1_P_0_trial_2_Tue_Mar__7_13_00_12_2023,0.034398168325424194,3.5538084506988525,129.59581562360498
WS23_L1_T1_P_0_trial_2_Tue_Mar__7_13_00_12_2023,0.03449356555938721,3.576395034790039,129.59581562360498
WS23_L1_T1_P_0_trial_2_Tue_Mar__7_13_00_12_2023,0.03449356555938721,3.576395034790039,129.59581562360498
WS23_L1_T1_P_0_trial_2_Tue_Mar__7_13_00_12_2023,0.03449356555938721,3.576395034790039,129.59581562360498
WS23_L1_T1_P_0_trial_2_Tue_Mar__7_13_00_12_2023,0.03449356555938721,3.576395034790039,129.59581562360498
WS23_L1_T1_P_0_trial_2_Tue_Mar__7_13_00_12_2023,0.03449356555938721,3.576395034790039,129.59581562360498
WS23_L1_T1_P_0_trial_2_Tue_Mar__7_13_00_12_2023,0.03449356555938721,3.576395034790039,129.59581562360498
WS23_L1_T1_P_0_trial_2_Tue_Mar__7_13_00_12_2023,0.03449356555938721,3.576395034790039,129.59581562360498
WS23_L1_T1_P_0_trial_2_Tue_Mar__7_13_00_12_2023,0.034563809633255005,3.638693571090698,129.59581562360498
WS23_L1_T1_P_0_trial_2_Tue_Mar__7_13_00_12_2023,0.034563809633255005,3.638693571090698,129.59581562360498
WS23_L1_T1_P_0_trial_2_Tue_Mar__7_13_00_12_2023,0.034563809633255005,3.638693571090698,129.59581562360498
WS23_L1_T1_P_0_trial_2_Tue_Mar__7_13_00_12_2023,0.034563809633255005,3.638693571090698,129.59581562360498
WS23_L1_T1_P_0_trial_2_Tue_Mar__7_13_00_12_2023,0.034563809633255005,3.638693571090698,129.59581562360498
WS23_L1_T1_P_0_trial_2_Tue_Mar__7_13_00_12_2023,0.034563809633255005,3.638693571090698,129.59581562360498
WS23_L1_T1_P_0_trial_2_Tue_Mar__7_13_00_12_2023,0.03461839258670801,3.5723307132720947,129.59581562360498
WS23_L1_T1_P_0_trial_2_Tue_Mar__7_13_00_12_2023,0.03461839258670801,3.5723307132720947,129.59581562360498
WS23_L1_T1_P_0_trial_2_Tue_Mar__7_13_00_12_2023,0.03461839258670801,3.5723307132720947,129.59581562360498
WS23_L1_T1_P_0_trial_2_Tue_Mar__7_13_00_12_2023,0.03461839258670801,3.5723307132720947,129.59581562360498
WS23_L1_T1_P_0_trial_2_Tue_Mar__7_13_00_12_2023,0.03461839258670801,3.5723307132720947,129.59581562360498
WS23_L1_T1_P_0_trial_2_Tue_Mar__7_13_00_12_2023,0.03461839258670801,3.5723307132720947,129.59581562360498
WS23_L1_T1_P_0_trial_2_Tue_Mar__7_13_00_12_2023,0.03461839258670801,3.5723307132720947,129.59581562360498
WS23_L1_T1_P_0_trial_2_Tue_Mar__7_13_00_12_2023,0.03468857705593109,3.6841676235198975,129.59581562360498
WS23_L1_T1_P_0_trial_2_Tue_Mar__7_13_00_12_2023,0.03468857705593109,3.6841676235198975,129.59581562360498
WS23_L1_T1_P_0_trial_2_Tue_Mar__7_13_00_12_2023,0.03468857705593109,3.6841676235198975,129.59581562360498
WS23_L1_T1_P_0_trial_2_Tue_Mar__7_13_00_12_2023,0.03468857705593109,3.6841676235198975,129.59581562360498
WS23_L1_T1_P_0_trial_2_Tue_Mar__7_13_00_12_2023,0.03468857705593109,3.6841676235198975,129.59581562360498
WS23_L1_T1_P_0_trial_2_Tue_Mar__7_13_00_12_2023,0.03468857705593109,3.6841676235198975,129.59581562360498
WS23_L1_T1_P_0_trial_2_Tue_Mar__7_13_00_12_2023,0.03481768071651459,3.640258312225342,129.59581562360498
WS23_L1_T1_P_0_trial_2_Tue_Mar__7_13_00_12_2023,0.03481768071651459,3.640258312225342,129.59581562360498
WS23_L1_T1_P_0_trial_2_Tue_Mar__7_13_00_12_2023,0.03481768071651459,3.640258312225342,129.59581562360498
WS23_L1_T1_P_0_trial_2_Tue_Mar__7_13_00_12_2023,0.03481768071651459,3.640258312225342,129.59581562360498
WS23_L1_T1_P_0_trial_2_Tue_Mar__7_13_00_12_2023,0.03481768071651459,3.640258312225342,129.59581562360498
WS23_L1_T1_P_0_trial_2_Tue_Mar__7_13_00_12_2023,0.03481768071651459,3.640258312225342,129.59581562360498
WS23_L1_T1_P_0_trial_2_Tue_Mar__7_13_00_12_2023,0.0348519086837768,3.773508071899414,129.59581562360498
WS23_L1_T1_P_0_trial_2_Tue_Mar__7_13_00_12_2023,0.0348519086837768,3.773508071899414,129.59581562360498
WS23_L1_T1_P_0_trial_2_Tue_Mar__7_13_00_12_2023,0.0348519086837768,3.773508071899414,129.59581562360498
WS23_L1_T1_P_0_trial_2_Tue_Mar__7_13_00_12_2023,0.0348519086837768,3.773508071899414,129.59581562360498
WS23_L1_T1_P_0_trial_2_Tue_Mar__7_13_00_12_2023,0.0348519086837768,3.773508071899414,129.59581562360498
WS23_L1_T1_P_0_trial_2_Tue_Mar__7_13_00_12_2023,0.0348519086837768,3.773508071899414,129.59581562360498
WS23_L1_T1_P_0_trial_2_Tue_Mar__7_13_00_12_2023,0.0348519086837768,3.773508071899414,129.59581562360498
WS23_L1_T1_P_0_trial_2_Tue_Mar__7_13_00_12_2023,0.034930527210235596,3.745649576187134,129.59581562360498
WS23_L1_T1_P_0_trial_2_Tue_Mar__7_13_00_12_2023,0.034930527210235596,3.745649576187134,129.59581562360498
WS23_L1_T1_P_0_trial_2_Tue_Mar__7_13_00_12_2023,0.034930527210235596,3.745649576187134,129.59581562360498
WS23_L1_T1_P_0_trial_2_Tue_Mar__7_13_00_12_2023,0.034930527210235596,3.745649576187134,129.59581562360498
WS23_L1_T1_P_0_trial_2_Tue_Mar__7_13_00_12_2023,0.034930527210235596,3.745649576187134,129.59581562360498
WS23_L1_T1_P_0_trial_2_Tue_Mar__7_13_00_12_2023,0.034930527210235596,3.745649576187134,129.59581562360498
WS23_L1_T1_P_0_trial_2_Tue_Mar__7_13_00_12_2023,0.034930527210235596,3.745649576187134,129.59581562360498
WS23_L1_T1_P_0_trial_2_Tue_Mar__7_13_00_12_2023,0.034930527210235596,3.745649576187134,129.59581562360498
WS23_L1_T1_P_0_trial_2_Tue_Mar__7_13_00_12_2023,0.035004332661628695,3.776100635528565,129.59581562360498
WS23_L1_T1_P_0_trial_2_Tue_Mar__7_13_00_12_2023,0.035004332661628695,3.776100635528565,129.59581562360498
WS23_L1_T1_P_0_trial_2_Tue_Mar__7_13_00_12_2023,0.035004332661628695,3.776100635528565,129.59581562360498
WS23_L1_T1_P_0_trial_2_Tue_Mar__7_13_00_12_2023,0.035004332661628695,3.776100635528565,129.59581562360498
WS23_L1_T1_P_0_trial_2_Tue_Mar__7_13_00_12_2023,0.035004332661628695,3.776100635528565,129.59581562360498
WS23_L1_T1_P_0_trial_2_Tue_Mar__7_13_00_12_2023,0.035004332661628695,3.776100635528565,129.59581562360498
WS23_L1_T1_P_0_trial_2_Tue_Mar__7_13_00_12_2023,0.035004332661628695,3.776100635528565,129.59581562360498
WS23_L1_T1_P_0_trial_2_Tue_Mar__7_13_00_12_2023,0.035069793462753296,3.811256885528565,129.59581562360498
WS23_L1_T1_P_0_trial_2_Tue_Mar__7_13_00_12_2023,0.035069793462753296,3.811256885528565,129.59581562360498
WS23_L1_T1_P_0_trial_2_Tue_Mar__7_13_00_12_2023,0.035069793462753296,3.811256885528565,129.59581562360498
WS23_L1_T1_P_0_trial_2_Tue_Mar__7_13_00_12_2023,0.035069793462753296,3.811256885528565,129.59581562360498
WS23_L1_T1_P_0_trial_2_Tue_Mar__7_13_00_12_2023,0.035069793462753296,3.811256885528565,129.59581562360498
WS23_L1_T1_P_0_trial_2_Tue_Mar__7_13_00_12_2023,0.035069793462753296,3.811256885528565,129.59581562360498
WS23_L1_T1_P_0_trial_2_Tue_Mar__7_13_00_12_2023,0.035069793462753296,3.811256885528565,129.59581562360498
WS23_L1_T1_P_0_trial_2_Tue_Mar__7_13_00_12_2023,0.03511776030063629,3.881357431411743,129.59581562360498
WS23_L1_T1_P_0_trial_2_Tue_Mar__7_13_00_12_2023,0.03511776030063629,3.881357431411743,129.59581562360498
WS23_L1_T1_P_0_trial_2_Tue_Mar__7_13_00_12_2023,0.03511776030063629,3.881357431411743,129.59581562360498
WS23_L1_T1_P_0_trial_2_Tue_Mar__7_13_00_12_2023,0.03511776030063629,3.881357431411743,129.59581562360498
WS23_L1_T1_P_0_trial_2_Tue_Mar__7_13_00_12_2023,0.03511776030063629,3.881357431411743,129.59581562360498
WS23_L1_T1_P_0_trial_2_Tue_Mar__7_13_00_12_2023,0.03511776030063629,3.881357431411743,129.59581562360498
WS23_L1_T1_P_0_trial_2_Tue_Mar__7_13_00_12_2023,0.03511776030063629,3.881357431411743,129.59581562360498
WS23_L1_T1_P_0_trial_2_Tue_Mar__7_13_00_12_2023,0.035258993506431496,3.8061695098876953,129.59581562360498
WS23_L1_T1_P_0_trial_2_Tue_Mar__7_13_00_12_2023,0.035258993506431496,3.8061695098876953,129.59581562360498
WS23_L1_T1_P_0_trial_2_Tue_Mar__7_13_00_12_2023,0.035258993506431496,3.8061695098876953,129.59581562360498
WS23_L1_T1_P_0_trial_2_Tue_Mar__7_13_00_12_2023,0.035258993506431496,3.8061695098876953,129.59581562360498
WS23_L1_T1_P_0_trial_2_Tue_Mar__7_13_00_12_2023,0.035258993506431496,3.8061695098876953,129.59581562360498
WS23_L1_T1_P_0_trial_2_Tue_Mar__7_13_00_12_2023,0.035258993506431496,3.8061695098876953,129.59581562360498
WS23_L1_T1_P_0_trial_2_Tue_Mar__7_13_00_12_2023,0.035258993506431496,3.8061695098876953,129.59581562360498
WS23_L1_T1_P_0_trial_2_Tue_Mar__7_13_00_12_2023,0.03533828258514399,3.847497940063477,129.59581562360498
WS23_L1_T1_P_0_trial_2_Tue_Mar__7_13_00_12_2023,0.03533828258514399,3.847497940063477,129.59581562360498
WS23_L1_T1_P_0_trial_2_Tue_Mar__7_13_00_12_2023,0.03533828258514399,3.847497940063477,129.59581562360498
WS23_L1_T1_P_0_trial_2_Tue_Mar__7_13_00_12_2023,0.03533828258514399,3.847497940063477,129.59581562360498
WS23_L1_T1_P_0_trial_2_Tue_Mar__7_13_00_12_2023,0.03533828258514399,3.847497940063477,129.59581562360498
WS23_L1_T1_P_0_trial_2_Tue_Mar__7_13_00_12_2023,0.03533828258514399,3.847497940063477,129.59581562360498
WS23_L1_T1_P_0_trial_2_Tue_Mar__7_13_00_12_2023,0.03543268144130701,3.855080127716065,129.59581562360498
WS23_L1_T1_P_0_trial_2_Tue_Mar__7_13_00_12_2023,0.03543268144130701,3.855080127716065,129.59581562360498
WS23_L1_T1_P_0_trial_2_Tue_Mar__7_13_00_12_2023,0.03543268144130701,3.855080127716065,129.59581562360498
WS23_L1_T1_P_0_trial_2_Tue_Mar__7_13_00_12_2023,0.03543268144130701,3.855080127716065,129.59581562360498
WS23_L1_T1_P_0_trial_2_Tue_Mar__7_13_00_12_2023,0.03543268144130701,3.855080127716065,129.59581562360498
WS23_L1_T1_P_0_trial_2_Tue_Mar__7_13_00_12_2023,0.03543268144130701,3.855080127716065,129.59581562360498
WS23_L1_T1_P_0_trial_2_Tue_Mar__7_13_00_12_2023,0.03547270596027369,3.934437274932861,129.59581562360498
WS23_L1_T1_P_0_trial_2_Tue_Mar__7_13_00_12_2023,0.03547270596027369,3.934437274932861,129.59581562360498
WS23_L1_T1_P_0_trial_2_Tue_Mar__7_13_00_12_2023,0.03547270596027369,3.934437274932861,129.59581562360498
WS23_L1_T1_P_0_trial_2_Tue_Mar__7_13_00_12_2023,0.03547270596027369,3.934437274932861,129.59581562360498
WS23_L1_T1_P_0_trial_2_Tue_Mar__7_13_00_12_2023,0.03547270596027369,3.934437274932861,129.59581562360498
WS23_L1_T1_P_0_trial_2_Tue_Mar__7_13_00_12_2023,0.03547270596027369,3.934437274932861,129.59581562360498
WS23_L1_T1_P_0_trial_2_Tue_Mar__7_13_00_12_2023,0.03547270596027369,3.934437274932861,129.59581562360498
WS23_L1_T1_P_0_trial_2_Tue_Mar__7_13_00_12_2023,0.0355091392993927,3.998561143875122,129.59581562360498
WS23_L1_T1_P_0_trial_2_Tue_Mar__7_13_00_12_2023,0.0355091392993927,3.998561143875122,129.59581562360498
WS23_L1_T1_P_0_trial_2_Tue_Mar__7_13_00_12_2023,0.0355091392993927,3.998561143875122,129.59581562360498
WS23_L1_T1_P_0_trial_2_Tue_Mar__7_13_00_12_2023,0.0355091392993927,3.998561143875122,129.59581562360498
WS23_L1_T1_P_0_trial_2_Tue_Mar__7_13_00_12_2023,0.0355091392993927,3.998561143875122,129.59581562360498
WS23_L1_T1_P_0_trial_2_Tue_Mar__7_13_00_12_2023,0.03554725646972651,4.0613508224487305,129.59581562360498
WS23_L1_T1_P_0_trial_2_Tue_Mar__7_13_00_12_2023,0.03554725646972651,4.0613508224487305,129.59581562360498
WS23_L1_T1_P_0_trial_2_Tue_Mar__7_13_00_12_2023,0.03554725646972651,4.0613508224487305,129.59581562360498
WS23_L1_T1_P_0_trial_2_Tue_Mar__7_13_00_12_2023,0.03554725646972651,4.0613508224487305,129.59581562360498
WS23_L1_T1_P_0_trial_2_Tue_Mar__7_13_00_12_2023,0.03554725646972651,4.0613508224487305,129.59581562360498
WS23_L1_T1_P_0_trial_2_Tue_Mar__7_13_00_12_2023,0.03554725646972651,4.0613508224487305,129.59581562360498
WS23_L1_T1_P_0_trial_2_Tue_Mar__7_13_00_12_2023,0.03554725646972651,4.0613508224487305,129.59581562360498
WS23_L1_T1_P_0_trial_2_Tue_Mar__7_13_00_12_2023,0.03554725646972651,4.0613508224487305,129.59581562360498
WS23_L1_T1_P_0_trial_2_Tue_Mar__7_13_00_12_2023,0.035604074597358704,4.106346130371094,129.59581562360498
WS23_L1_T1_P_0_trial_2_Tue_Mar__7_13_00_12_2023,0.035604074597358704,4.106346130371094,129.59581562360498
WS23_L1_T1_P_0_trial_2_Tue_Mar__7_13_00_12_2023,0.035604074597358704,4.106346130371094,129.59581562360498
WS23_L1_T1_P_0_trial_2_Tue_Mar__7_13_00_12_2023,0.035604074597358704,4.106346130371094,129.59581562360498
WS23_L1_T1_P_0_trial_2_Tue_Mar__7_13_00_12_2023,0.035604074597358704,4.106346130371094,129.59581562360498
WS23_L1_T1_P_0_trial_2_Tue_Mar__7_13_00_12_2023,0.035604074597358704,4.106346130371094,129.59581562360498
WS23_L1_T1_P_0_trial_2_Tue_Mar__7_13_00_12_2023,0.035604074597358704,4.106346130371094,129.59581562360498
WS23_L1_T1_P_0_trial_2_Tue_Mar__7_13_00_12_2023,0.035604074597358704,4.106346130371094,129.59581562360498
WS23_L1_T1_P_0_trial_2_Tue_Mar__7_13_00_12_2023,0.0356623232364654,4.031578540802002,129.59581562360498
WS23_L1_T1_P_0_trial_2_Tue_Mar__7_13_00_12_2023,0.0356623232364654,4.031578540802002,129.59581562360498
WS23_L1_T1_P_0_trial_2_Tue_Mar__7_13_00_12_2023,0.0356623232364654,4.031578540802002,129.59581562360498
WS23_L1_T1_P_0_trial_2_Tue_Mar__7_13_00_12_2023,0.0356623232364654,4.031578540802002,129.59581562360498
WS23_L1_T1_P_0_trial_2_Tue_Mar__7_13_00_12_2023,0.0356623232364654,4.031578540802002,129.59581562360498
WS23_L1_T1_P_0_trial_2_Tue_Mar__7_13_00_12_2023,0.0356623232364654,4.031578540802002,129.59581562360498
WS23_L1_T1_P_0_trial_2_Tue_Mar__7_13_00_12_2023,0.0356623232364654,4.031578540802002,129.59581562360498
WS23_L1_T1_P_0_trial_2_Tue_Mar__7_13_00_12_2023,0.0357239097356796,4.189890384674072,129.59581562360498
WS23_L1_T1_P_0_trial_2_Tue_Mar__7_13_00_12_2023,0.0357239097356796,4.189890384674072,129.59581562360498
WS23_L1_T1_P_0_trial_2_Tue_Mar__7_13_00_12_2023,0.0357239097356796,4.189890384674072,129.59581562360498
WS23_L1_T1_P_0_trial_2_Tue_Mar__7_13_00_12_2023,0.0357239097356796,4.189890384674072,129.59581562360498
WS23_L1_T1_P_0_trial_2_Tue_Mar__7_13_00_12_2023,0.0357239097356796,4.189890384674072,129.59581562360498
WS23_L1_T1_P_0_trial_2_Tue_Mar__7_13_00_12_2023,0.0358074009418487,4.1956071853637695,129.59581562360498
WS23_L1_T1_P_0_trial_2_Tue_Mar__7_13_00_12_2023,0.0358074009418487,4.1956071853637695,129.59581562360498
WS23_L1_T1_P_0_trial_2_Tue_Mar__7_13_00_12_2023,0.0358074009418487,4.1956071853637695,129.59581562360498
WS23_L1_T1_P_0_trial_2_Tue_Mar__7_13_00_12_2023,0.0358074009418487,4.1956071853637695,129.59581562360498
WS23_L1_T1_P_0_trial_2_Tue_Mar__7_13_00_12_2023,0.0358074009418487,4.1956071853637695,129.59581562360498
WS23_L1_T1_P_0_trial_2_Tue_Mar__7_13_00_12_2023,0.03581832349300379,4.226267814636231,129.59581562360498
WS23_L1_T1_P_0_trial_2_Tue_Mar__7_13_00_12_2023,0.03581832349300379,4.226267814636231,129.59581562360498
WS23_L1_T1_P_0_trial_2_Tue_Mar__7_13_00_12_2023,0.03581832349300379,4.226267814636231,129.59581562360498
WS23_L1_T1_P_0_trial_2_Tue_Mar__7_13_00_12_2023,0.03581832349300379,4.226267814636231,129.59581562360498
WS23_L1_T1_P_0_trial_2_Tue_Mar__7_13_00_12_2023,0.03581832349300379,4.226267814636231,129.59581562360498
WS23_L1_T1_P_0_trial_2_Tue_Mar__7_13_00_12_2023,0.03581832349300379,4.226267814636231,129.59581562360498
WS23_L1_T1_P_0_trial_2_Tue_Mar__7_13_00_12_2023,0.03589153289794919,4.345638275146484,129.59581562360498
WS23_L1_T1_P_0_trial_2_Tue_Mar__7_13_00_12_2023,0.03589153289794919,4.345638275146484,129.59581562360498
WS23_L1_T1_P_0_trial_2_Tue_Mar__7_13_00_12_2023,0.03589153289794919,4.345638275146484,129.59581562360498
WS23_L1_T1_P_0_trial_2_Tue_Mar__7_13_00_12_2023,0.03589153289794919,4.345638275146484,129.59581562360498
WS23_L1_T1_P_0_trial_2_Tue_Mar__7_13_00_12_2023,0.03589153289794919,4.345638275146484,129.59581562360498
WS23_L1_T1_P_0_trial_2_Tue_Mar__7_13_00_12_2023,0.03589153289794919,4.345638275146484,129.59581562360498
WS23_L1_T1_P_0_trial_2_Tue_Mar__7_13_00_12_2023,0.03589153289794919,4.345638275146484,129.59581562360498
WS23_L1_T1_P_0_trial_2_Tue_Mar__7_13_00_12_2023,0.03595806658267969,4.243917942047119,129.59581562360498
WS23_L1_T1_P_0_trial_2_Tue_Mar__7_13_00_12_2023,0.03595806658267969,4.243917942047119,129.59581562360498
WS23_L1_T1_P_0_trial_2_Tue_Mar__7_13_00_12_2023,0.03595806658267969,4.243917942047119,129.59581562360498
WS23_L1_T1_P_0_trial_2_Tue_Mar__7_13_00_12_2023,0.03595806658267969,4.243917942047119,129.59581562360498
WS23_L1_T1_P_0_trial_2_Tue_Mar__7_13_00_12_2023,0.03595806658267969,4.243917942047119,129.59581562360498
WS23_L1_T1_P_0_trial_2_Tue_Mar__7_13_00_12_2023,0.03595806658267969,4.243917942047119,129.59581562360498
WS23_L1_T1_P_0_trial_2_Tue_Mar__7_13_00_12_2023,0.03595806658267969,4.243917942047119,129.59581562360498
WS23_L1_T1_P_0_trial_2_Tue_Mar__7_13_00_12_2023,0.03595806658267969,4.243917942047119,129.59581562360498
WS23_L1_T1_P_0_trial_2_Tue_Mar__7_13_00_12_2023,0.03603044152259821,4.372946262359619,129.59581562360498
WS23_L1_T1_P_0_trial_2_Tue_Mar__7_13_00_12_2023,0.03603044152259821,4.372946262359619,129.59581562360498
WS23_L1_T1_P_0_trial_2_Tue_Mar__7_13_00_12_2023,0.03603044152259821,4.372946262359619,129.59581562360498
WS23_L1_T1_P_0_trial_2_Tue_Mar__7_13_00_12_2023,0.03603044152259821,4.372946262359619,129.59581562360498
WS23_L1_T1_P_0_trial_2_Tue_Mar__7_13_00_12_2023,0.03603044152259821,4.372946262359619,129.59581562360498
WS23_L1_T1_P_0_trial_2_Tue_Mar__7_13_00_12_2023,0.03603044152259821,4.372946262359619,129.59581562360498
WS23_L1_T1_P_0_trial_2_Tue_Mar__7_13_00_12_2023,0.03603044152259821,4.372946262359619,129.59581562360498
WS23_L1_T1_P_0_trial_2_Tue_Mar__7_13_00_12_2023,0.03609363734722129,4.428977012634277,129.59581562360498
WS23_L1_T1_P_0_trial_2_Tue_Mar__7_13_00_12_2023,0.03609363734722129,4.428977012634277,129.59581562360498
WS23_L1_T1_P_0_trial_2_Tue_Mar__7_13_00_12_2023,0.03609363734722129,4.428977012634277,129.59581562360498
WS23_L1_T1_P_0_trial_2_Tue_Mar__7_13_00_12_2023,0.03609363734722129,4.428977012634277,129.59581562360498
WS23_L1_T1_P_0_trial_2_Tue_Mar__7_13_00_12_2023,0.03609363734722129,4.428977012634277,129.59581562360498
WS23_L1_T1_P_0_trial_2_Tue_Mar__7_13_00_12_2023,0.03609363734722129,4.428977012634277,129.59581562360498
WS23_L1_T1_P_0_trial_2_Tue_Mar__7_13_00_12_2023,0.036181926727294894,4.426375865936279,129.59581562360498
WS23_L1_T1_P_0_trial_2_Tue_Mar__7_13_00_12_2023,0.036181926727294894,4.426375865936279,129.59581562360498
WS23_L1_T1_P_0_trial_2_Tue_Mar__7_13_00_12_2023,0.036181926727294894,4.426375865936279,129.59581562360498
WS23_L1_T1_P_0_trial_2_Tue_Mar__7_13_00_12_2023,0.036181926727294894,4.426375865936279,129.59581562360498
WS23_L1_T1_P_0_trial_2_Tue_Mar__7_13_00_12_2023,0.036181926727294894,4.426375865936279,129.59581562360498
WS23_L1_T1_P_0_trial_2_Tue_Mar__7_13_00_12_2023,0.036181926727294894,4.426375865936279,129.59581562360498
WS23_L1_T1_P_0_trial_2_Tue_Mar__7_13_00_12_2023,0.0362700819969177,4.438815593719482,129.59581562360498
WS23_L1_T1_P_0_trial_2_Tue_Mar__7_13_00_12_2023,0.0362700819969177,4.438815593719482,129.59581562360498
WS23_L1_T1_P_0_trial_2_Tue_Mar__7_13_00_12_2023,0.0362700819969177,4.438815593719482,129.59581562360498
WS23_L1_T1_P_0_trial_2_Tue_Mar__7_13_00_12_2023,0.0362700819969177,4.438815593719482,129.59581562360498
WS23_L1_T1_P_0_trial_2_Tue_Mar__7_13_00_12_2023,0.0362700819969177,4.438815593719482,129.59581562360498
WS23_L1_T1_P_0_trial_2_Tue_Mar__7_13_00_12_2023,0.0362700819969177,4.438815593719482,129.59581562360498
WS23_L1_T1_P_0_trial_2_Tue_Mar__7_13_00_12_2023,0.0362700819969177,4.438815593719482,129.59581562360498
WS23_L1_T1_P_0_trial_2_Tue_Mar__7_13_00_12_2023,0.03637136518955231,4.441771507263184,129.59581562360498
WS23_L1_T1_P_0_trial_2_Tue_Mar__7_13_00_12_2023,0.03637136518955231,4.441771507263184,129.59581562360498
WS23_L1_T1_P_0_trial_2_Tue_Mar__7_13_00_12_2023,0.03637136518955231,4.441771507263184,129.59581562360498
WS23_L1_T1_P_0_trial_2_Tue_Mar__7_13_00_12_2023,0.03637136518955231,4.441771507263184,129.59581562360498
WS23_L1_T1_P_0_trial_2_Tue_Mar__7_13_00_12_2023,0.03637136518955231,4.441771507263184,129.59581562360498
WS23_L1_T1_P_0_trial_2_Tue_Mar__7_13_00_12_2023,0.03650055825710291,4.403987884521484,129.59581562360498
WS23_L1_T1_P_0_trial_2_Tue_Mar__7_13_00_12_2023,0.03650055825710291,4.403987884521484,129.59581562360498
WS23_L1_T1_P_0_trial_2_Tue_Mar__7_13_00_12_2023,0.03650055825710291,4.403987884521484,129.59581562360498
WS23_L1_T1_P_0_trial_2_Tue_Mar__7_13_00_12_2023,0.03650055825710291,4.403987884521484,129.59581562360498
WS23_L1_T1_P_0_trial_2_Tue_Mar__7_13_00_12_2023,0.03650055825710291,4.403987884521484,129.59581562360498
WS23_L1_T1_P_0_trial_2_Tue_Mar__7_13_00_12_2023,0.036628723144531194,4.358142852783203,129.59581562360498
WS23_L1_T1_P_0_trial_2_Tue_Mar__7_13_00_12_2023,0.036628723144531194,4.358142852783203,129.59581562360498
WS23_L1_T1_P_0_trial_2_Tue_Mar__7_13_00_12_2023,0.036628723144531194,4.358142852783203,129.59581562360498
WS23_L1_T1_P_0_trial_2_Tue_Mar__7_13_00_12_2023,0.036628723144531194,4.358142852783203,129.59581562360498
WS23_L1_T1_P_0_trial_2_Tue_Mar__7_13_00_12_2023,0.036628723144531194,4.358142852783203,129.59581562360498
WS23_L1_T1_P_0_trial_2_Tue_Mar__7_13_00_12_2023,0.036628723144531194,4.358142852783203,129.59581562360498
WS23_L1_T1_P_0_trial_2_Tue_Mar__7_13_00_12_2023,0.03677025437355039,4.359912395477295,129.59581562360498
WS23_L1_T1_P_0_trial_2_Tue_Mar__7_13_00_12_2023,0.03677025437355039,4.359912395477295,129.59581562360498
WS23_L1_T1_P_0_trial_2_Tue_Mar__7_13_00_12_2023,0.03677025437355039,4.359912395477295,129.59581562360498
WS23_L1_T1_P_0_trial_2_Tue_Mar__7_13_00_12_2023,0.03677025437355039,4.359912395477295,129.59581562360498
WS23_L1_T1_P_0_trial_2_Tue_Mar__7_13_00_12_2023,0.03677025437355039,4.359912395477295,129.59581562360498
WS23_L1_T1_P_0_trial_2_Tue_Mar__7_13_00_12_2023,0.03677025437355039,4.359912395477295,129.59581562360498
WS23_L1_T1_P_0_trial_2_Tue_Mar__7_13_00_12_2023,0.03677025437355039,4.359912395477295,129.59581562360498
WS23_L1_T1_P_0_trial_2_Tue_Mar__7_13_00_12_2023,0.03683890402317039,4.3730058670043945,129.59581562360498
WS23_L1_T1_P_0_trial_2_Tue_Mar__7_13_00_12_2023,0.03683890402317039,4.3730058670043945,129.59581562360498
WS23_L1_T1_P_0_trial_2_Tue_Mar__7_13_00_12_2023,0.03683890402317039,4.3730058670043945,129.59581562360498
WS23_L1_T1_P_0_trial_2_Tue_Mar__7_13_00_12_2023,0.03683890402317039,4.3730058670043945,129.59581562360498
WS23_L1_T1_P_0_trial_2_Tue_Mar__7_13_00_12_2023,0.03683890402317039,4.3730058670043945,129.59581562360498
WS23_L1_T1_P_0_trial_2_Tue_Mar__7_13_00_12_2023,0.03693811595439911,4.423484325408936,129.59581562360498
WS23_L1_T1_P_0_trial_2_Tue_Mar__7_13_00_12_2023,0.03693811595439911,4.423484325408936,129.59581562360498
WS23_L1_T1_P_0_trial_2_Tue_Mar__7_13_00_12_2023,0.03693811595439911,4.423484325408936,129.59581562360498
WS23_L1_T1_P_0_trial_2_Tue_Mar__7_13_00_12_2023,0.03693811595439911,4.423484325408936,129.59581562360498
WS23_L1_T1_P_0_trial_2_Tue_Mar__7_13_00_12_2023,0.03693811595439911,4.423484325408936,129.59581562360498
WS23_L1_T1_P_0_trial_2_Tue_Mar__7_13_00_12_2023,0.03693811595439911,4.423484325408936,129.59581562360498
WS23_L1_T1_P_0_trial_2_Tue_Mar__7_13_00_12_2023,0.03693811595439911,4.423484325408936,129.59581562360498
WS23_L1_T1_P_0_trial_2_Tue_Mar__7_13_00_12_2023,0.03701281547546381,4.414172649383545,129.59581562360498
WS23_L1_T1_P_0_trial_2_Tue_Mar__7_13_00_12_2023,0.03701281547546381,4.414172649383545,129.59581562360498
WS23_L1_T1_P_0_trial_2_Tue_Mar__7_13_00_12_2023,0.03701281547546381,4.414172649383545,129.59581562360498
WS23_L1_T1_P_0_trial_2_Tue_Mar__7_13_00_12_2023,0.03701281547546381,4.414172649383545,129.59581562360498
WS23_L1_T1_P_0_trial_2_Tue_Mar__7_13_00_12_2023,0.03701281547546381,4.414172649383545,129.59581562360498
WS23_L1_T1_P_0_trial_2_Tue_Mar__7_13_00_12_2023,0.03701281547546381,4.414172649383545,129.59581562360498
WS23_L1_T1_P_0_trial_2_Tue_Mar__7_13_00_12_2023,0.03701281547546381,4.414172649383545,129.59581562360498
WS23_L1_T1_P_0_trial_2_Tue_Mar__7_13_00_12_2023,0.03704041242599479,4.506735801696777,129.59581562360498
WS23_L1_T1_P_0_trial_2_Tue_Mar__7_13_00_12_2023,0.03704041242599479,4.506735801696777,129.59581562360498
WS23_L1_T1_P_0_trial_2_Tue_Mar__7_13_00_12_2023,0.03704041242599479,4.506735801696777,129.59581562360498
WS23_L1_T1_P_0_trial_2_Tue_Mar__7_13_00_12_2023,0.03704041242599479,4.506735801696777,129.59581562360498
WS23_L1_T1_P_0_trial_2_Tue_Mar__7_13_00_12_2023,0.03704041242599479,4.506735801696777,129.59581562360498
WS23_L1_T1_P_0_trial_2_Tue_Mar__7_13_00_12_2023,0.03711047768592829,4.538365840911865,129.59581562360498
WS23_L1_T1_P_0_trial_2_Tue_Mar__7_13_00_12_2023,0.03711047768592829,4.538365840911865,129.59581562360498
WS23_L1_T1_P_0_trial_2_Tue_Mar__7_13_00_12_2023,0.03711047768592829,4.538365840911865,129.59581562360498
WS23_L1_T1_P_0_trial_2_Tue_Mar__7_13_00_12_2023,0.03711047768592829,4.538365840911865,129.59581562360498
WS23_L1_T1_P_0_trial_2_Tue_Mar__7_13_00_12_2023,0.03711047768592829,4.538365840911865,129.59581562360498
WS23_L1_T1_P_0_trial_2_Tue_Mar__7_13_00_12_2023,0.03711047768592829,4.538365840911865,129.59581562360498
WS23_L1_T1_P_0_trial_2_Tue_Mar__7_13_00_12_2023,0.03711047768592829,4.538365840911865,129.59581562360498
WS23_L1_T1_P_0_trial_2_Tue_Mar__7_13_00_12_2023,0.03720095753669739,4.542544841766357,129.59581562360498
WS23_L1_T1_P_0_trial_2_Tue_Mar__7_13_00_12_2023,0.03720095753669739,4.542544841766357,129.59581562360498
WS23_L1_T1_P_0_trial_2_Tue_Mar__7_13_00_12_2023,0.03720095753669739,4.542544841766357,129.59581562360498
WS23_L1_T1_P_0_trial_2_Tue_Mar__7_13_00_12_2023,0.03720095753669739,4.542544841766357,129.59581562360498
WS23_L1_T1_P_0_trial_2_Tue_Mar__7_13_00_12_2023,0.03720095753669739,4.542544841766357,129.59581562360498
WS23_L1_T1_P_0_trial_2_Tue_Mar__7_13_00_12_2023,0.03720095753669739,4.542544841766357,129.59581562360498
WS23_L1_T1_P_0_trial_2_Tue_Mar__7_13_00_12_2023,0.03720095753669739,4.542544841766357,129.59581562360498
WS23_L1_T1_P_0_trial_2_Tue_Mar__7_13_00_12_2023,0.03720095753669739,4.542544841766357,129.59581562360498
WS23_L1_T1_P_0_trial_2_Tue_Mar__7_13_00_12_2023,0.03729963302612299,4.536013126373291,129.59581562360498
WS23_L1_T1_P_0_trial_2_Tue_Mar__7_13_00_12_2023,0.03729963302612299,4.536013126373291,129.59581562360498
WS23_L1_T1_P_0_trial_2_Tue_Mar__7_13_00_12_2023,0.03729963302612299,4.536013126373291,129.59581562360498
WS23_L1_T1_P_0_trial_2_Tue_Mar__7_13_00_12_2023,0.03729963302612299,4.536013126373291,129.59581562360498
WS23_L1_T1_P_0_trial_2_Tue_Mar__7_13_00_12_2023,0.03729963302612299,4.536013126373291,129.59581562360498
WS23_L1_T1_P_0_trial_2_Tue_Mar__7_13_00_12_2023,0.03729963302612299,4.536013126373291,129.59581562360498
WS23_L1_T1_P_0_trial_2_Tue_Mar__7_13_00_12_2023,0.03731411695480341,4.660287857055664,129.59581562360498
WS23_L1_T1_P_0_trial_2_Tue_Mar__7_13_00_12_2023,0.03731411695480341,4.660287857055664,129.59581562360498
WS23_L1_T1_P_0_trial_2_Tue_Mar__7_13_00_12_2023,0.03731411695480341,4.660287857055664,129.59581562360498
WS23_L1_T1_P_0_trial_2_Tue_Mar__7_13_00_12_2023,0.03731411695480341,4.660287857055664,129.59581562360498
WS23_L1_T1_P_0_trial_2_Tue_Mar__7_13_00_12_2023,0.03731411695480341,4.660287857055664,129.59581562360498
WS23_L1_T1_P_0_trial_2_Tue_Mar__7_13_00_12_2023,0.03731411695480341,4.660287857055664,129.59581562360498
WS23_L1_T1_P_0_trial_2_Tue_Mar__7_13_00_12_2023,0.03731411695480341,4.660287857055664,129.59581562360498
WS23_L1_T1_P_0_trial_2_Tue_Mar__7_13_00_12_2023,0.03731411695480341,4.660287857055664,129.59581562360498
WS23_L1_T1_P_0_trial_2_Tue_Mar__7_13_00_12_2023,0.03739827871322629,4.540766716003418,129.59581562360498
WS23_L1_T1_P_0_trial_2_Tue_Mar__7_13_00_12_2023,0.03739827871322629,4.540766716003418,129.59581562360498
WS23_L1_T1_P_0_trial_2_Tue_Mar__7_13_00_12_2023,0.03739827871322629,4.540766716003418,129.59581562360498
WS23_L1_T1_P_0_trial_2_Tue_Mar__7_13_00_12_2023,0.03739827871322629,4.540766716003418,129.59581562360498
WS23_L1_T1_P_0_trial_2_Tue_Mar__7_13_00_12_2023,0.03739827871322629,4.540766716003418,129.59581562360498
WS23_L1_T1_P_0_trial_2_Tue_Mar__7_13_00_12_2023,0.03739827871322629,4.540766716003418,129.59581562360498
WS23_L1_T1_P_0_trial_2_Tue_Mar__7_13_00_12_2023,0.037438228726386996,4.620957374572754,129.59581562360498
WS23_L1_T1_P_0_trial_2_Tue_Mar__7_13_00_12_2023,0.037438228726386996,4.620957374572754,129.59581562360498
WS23_L1_T1_P_0_trial_2_Tue_Mar__7_13_00_12_2023,0.037438228726386996,4.620957374572754,129.59581562360498
WS23_L1_T1_P_0_trial_2_Tue_Mar__7_13_00_12_2023,0.037438228726386996,4.620957374572754,129.59581562360498
WS23_L1_T1_P_0_trial_2_Tue_Mar__7_13_00_12_2023,0.037438228726386996,4.620957374572754,129.59581562360498
WS23_L1_T1_P_0_trial_2_Tue_Mar__7_13_00_12_2023,0.037438228726386996,4.620957374572754,129.59581562360498
WS23_L1_T1_P_0_trial_2_Tue_Mar__7_13_00_12_2023,0.03748607635498041,4.67545747756958,129.59581562360498
WS23_L1_T1_P_0_trial_2_Tue_Mar__7_13_00_12_2023,0.03748607635498041,4.67545747756958,129.59581562360498
WS23_L1_T1_P_0_trial_2_Tue_Mar__7_13_00_12_2023,0.03748607635498041,4.67545747756958,129.59581562360498
WS23_L1_T1_P_0_trial_2_Tue_Mar__7_13_00_12_2023,0.03748607635498041,4.67545747756958,129.59581562360498
WS23_L1_T1_P_0_trial_2_Tue_Mar__7_13_00_12_2023,0.03748607635498041,4.67545747756958,129.59581562360498
WS23_L1_T1_P_0_trial_2_Tue_Mar__7_13_00_12_2023,0.03748607635498041,4.67545747756958,129.59581562360498
WS23_L1_T1_P_0_trial_2_Tue_Mar__7_13_00_12_2023,0.03756026923656461,4.705142021179199,129.59581562360498
WS23_L1_T1_P_0_trial_2_Tue_Mar__7_13_00_12_2023,0.03756026923656461,4.705142021179199,129.59581562360498
WS23_L1_T1_P_0_trial_2_Tue_Mar__7_13_00_12_2023,0.03756026923656461,4.705142021179199,129.59581562360498
WS23_L1_T1_P_0_trial_2_Tue_Mar__7_13_00_12_2023,0.03756026923656461,4.705142021179199,129.59581562360498
WS23_L1_T1_P_0_trial_2_Tue_Mar__7_13_00_12_2023,0.03756026923656461,4.705142021179199,129.59581562360498
WS23_L1_T1_P_0_trial_2_Tue_Mar__7_13_00_12_2023,0.03756026923656461,4.705142021179199,129.59581562360498
WS23_L1_T1_P_0_trial_2_Tue_Mar__7_13_00_12_2023,0.03756026923656461,4.705142021179199,129.59581562360498
WS23_L1_T1_P_0_trial_2_Tue_Mar__7_13_00_12_2023,0.03756026923656461,4.705142021179199,129.59581562360498
WS23_L1_T1_P_0_trial_2_Tue_Mar__7_13_00_12_2023,0.03762273490428919,4.826386451721191,129.59581562360498
WS23_L1_T1_P_0_trial_2_Tue_Mar__7_13_00_12_2023,0.03762273490428919,4.826386451721191,129.59581562360498
WS23_L1_T1_P_0_trial_2_Tue_Mar__7_13_00_12_2023,0.03762273490428919,4.826386451721191,129.59581562360498
WS23_L1_T1_P_0_trial_2_Tue_Mar__7_13_00_12_2023,0.03762273490428919,4.826386451721191,129.59581562360498
WS23_L1_T1_P_0_trial_2_Tue_Mar__7_13_00_12_2023,0.03762273490428919,4.826386451721191,129.59581562360498
WS23_L1_T1_P_0_trial_2_Tue_Mar__7_13_00_12_2023,0.03762273490428919,4.826386451721191,129.59581562360498
WS23_L1_T1_P_0_trial_2_Tue_Mar__7_13_00_12_2023,0.03762273490428919,4.826386451721191,129.59581562360498
WS23_L1_T1_P_0_trial_2_Tue_Mar__7_13_00_12_2023,0.037702336907386697,4.848982810974121,129.59581562360498
WS23_L1_T1_P_0_trial_2_Tue_Mar__7_13_00_12_2023,0.037702336907386697,4.848982810974121,129.59581562360498
WS23_L1_T1_P_0_trial_2_Tue_Mar__7_13_00_12_2023,0.037702336907386697,4.848982810974121,129.59581562360498
WS23_L1_T1_P_0_trial_2_Tue_Mar__7_13_00_12_2023,0.037702336907386697,4.848982810974121,129.59581562360498
WS23_L1_T1_P_0_trial_2_Tue_Mar__7_13_00_12_2023,0.037702336907386697,4.848982810974121,129.59581562360498
WS23_L1_T1_P_0_trial_2_Tue_Mar__7_13_00_12_2023,0.037702336907386697,4.848982810974121,129.59581562360498
WS23_L1_T1_P_0_trial_2_Tue_Mar__7_13_00_12_2023,0.0377974808216095,4.844557285308838,129.59581562360498
WS23_L1_T1_P_0_trial_2_Tue_Mar__7_13_00_12_2023,0.0377974808216095,4.844557285308838,129.59581562360498
WS23_L1_T1_P_0_trial_2_Tue_Mar__7_13_00_12_2023,0.0377974808216095,4.844557285308838,129.59581562360498
WS23_L1_T1_P_0_trial_2_Tue_Mar__7_13_00_12_2023,0.0377974808216095,4.844557285308838,129.59581562360498
WS23_L1_T1_P_0_trial_2_Tue_Mar__7_13_00_12_2023,0.0377974808216095,4.844557285308838,129.59581562360498
WS23_L1_T1_P_0_trial_2_Tue_Mar__7_13_00_12_2023,0.0377974808216095,4.844557285308838,129.59581562360498
WS23_L1_T1_P_0_trial_2_Tue_Mar__7_13_00_12_2023,0.0377974808216095,4.844557285308838,129.59581562360498
WS23_L1_T1_P_0_trial_2_Tue_Mar__7_13_00_12_2023,0.0378856360912323,4.873932838439941,129.59581562360498
WS23_L1_T1_P_0_trial_2_Tue_Mar__7_13_00_12_2023,0.0378856360912323,4.873932838439941,129.59581562360498
WS23_L1_T1_P_0_trial_2_Tue_Mar__7_13_00_12_2023,0.0378856360912323,4.873932838439941,129.59581562360498
WS23_L1_T1_P_0_trial_2_Tue_Mar__7_13_00_12_2023,0.0378856360912323,4.873932838439941,129.59581562360498
WS23_L1_T1_P_0_trial_2_Tue_Mar__7_13_00_12_2023,0.0378856360912323,4.873932838439941,129.59581562360498
WS23_L1_T1_P_0_trial_2_Tue_Mar__7_13_00_12_2023,0.0378856360912323,4.873932838439941,129.59581562360498
WS23_L1_T1_P_0_trial_2_Tue_Mar__7_13_00_12_2023,0.0378856360912323,4.873932838439941,129.59581562360498
WS23_L1_T1_P_0_trial_2_Tue_Mar__7_13_00_12_2023,0.03795880079269409,4.921396732330322,129.59581562360498
WS23_L1_T1_P_0_trial_2_Tue_Mar__7_13_00_12_2023,0.03795880079269409,4.921396732330322,129.59581562360498
WS23_L1_T1_P_0_trial_2_Tue_Mar__7_13_00_12_2023,0.03795880079269409,4.921396732330322,129.59581562360498
WS23_L1_T1_P_0_trial_2_Tue_Mar__7_13_00_12_2023,0.03795880079269409,4.921396732330322,129.59581562360498
WS23_L1_T1_P_0_trial_2_Tue_Mar__7_13_00_12_2023,0.03795880079269409,4.921396732330322,129.59581562360498
WS23_L1_T1_P_0_trial_2_Tue_Mar__7_13_00_12_2023,0.03795880079269409,4.921396732330322,129.59581562360498
WS23_L1_T1_P_0_trial_2_Tue_Mar__7_13_00_12_2023,0.0379836559295654,5.017136573791504,129.59581562360498
WS23_L1_T1_P_0_trial_2_Tue_Mar__7_13_00_12_2023,0.0379836559295654,5.017136573791504,129.59581562360498
WS23_L1_T1_P_0_trial_2_Tue_Mar__7_13_00_12_2023,0.0379836559295654,5.017136573791504,129.59581562360498
WS23_L1_T1_P_0_trial_2_Tue_Mar__7_13_00_12_2023,0.0379836559295654,5.017136573791504,129.59581562360498
WS23_L1_T1_P_0_trial_2_Tue_Mar__7_13_00_12_2023,0.0379836559295654,5.017136573791504,129.59581562360498
WS23_L1_T1_P_0_trial_2_Tue_Mar__7_13_00_12_2023,0.0379836559295654,5.017136573791504,129.59581562360498
WS23_L1_T1_P_0_trial_2_Tue_Mar__7_13_00_12_2023,0.03806723654270169,5.017509937286377,129.59581562360498
WS23_L1_T1_P_0_trial_2_Tue_Mar__7_13_00_12_2023,0.03806723654270169,5.017509937286377,129.59581562360498
WS23_L1_T1_P_0_trial_2_Tue_Mar__7_13_00_12_2023,0.03806723654270169,5.017509937286377,129.59581562360498
WS23_L1_T1_P_0_trial_2_Tue_Mar__7_13_00_12_2023,0.03806723654270169,5.017509937286377,129.59581562360498
WS23_L1_T1_P_0_trial_2_Tue_Mar__7_13_00_12_2023,0.03806723654270169,5.017509937286377,129.59581562360498
WS23_L1_T1_P_0_trial_2_Tue_Mar__7_13_00_12_2023,0.03806723654270169,5.017509937286377,129.59581562360498
WS23_L1_T1_P_0_trial_2_Tue_Mar__7_13_00_12_2023,0.03806723654270169,5.017509937286377,129.59581562360498
WS23_L1_T1_P_0_trial_2_Tue_Mar__7_13_00_12_2023,0.038166314363479614,4.881086349487305,129.59581562360498
WS23_L1_T1_P_0_trial_2_Tue_Mar__7_13_00_12_2023,0.038166314363479614,4.881086349487305,129.59581562360498
WS23_L1_T1_P_0_trial_2_Tue_Mar__7_13_00_12_2023,0.038166314363479614,4.881086349487305,129.59581562360498
WS23_L1_T1_P_0_trial_2_Tue_Mar__7_13_00_12_2023,0.038166314363479614,4.881086349487305,129.59581562360498
WS23_L1_T1_P_0_trial_2_Tue_Mar__7_13_00_12_2023,0.038166314363479614,4.881086349487305,129.59581562360498
WS23_L1_T1_P_0_trial_2_Tue_Mar__7_13_00_12_2023,0.038166314363479614,4.881086349487305,129.59581562360498
WS23_L1_T1_P_0_trial_2_Tue_Mar__7_13_00_12_2023,0.038268610835075295,5.023126602172852,129.59581562360498
WS23_L1_T1_P_0_trial_2_Tue_Mar__7_13_00_12_2023,0.038268610835075295,5.023126602172852,129.59581562360498
WS23_L1_T1_P_0_trial_2_Tue_Mar__7_13_00_12_2023,0.038268610835075295,5.023126602172852,129.59581562360498
WS23_L1_T1_P_0_trial_2_Tue_Mar__7_13_00_12_2023,0.038268610835075295,5.023126602172852,129.59581562360498
WS23_L1_T1_P_0_trial_2_Tue_Mar__7_13_00_12_2023,0.038268610835075295,5.023126602172852,129.59581562360498
WS23_L1_T1_P_0_trial_2_Tue_Mar__7_13_00_12_2023,0.038268610835075295,5.023126602172852,129.59581562360498
WS23_L1_T1_P_0_trial_2_Tue_Mar__7_13_00_12_2023,0.03831587731838221,4.956639289855957,129.59581562360498
WS23_L1_T1_P_0_trial_2_Tue_Mar__7_13_00_12_2023,0.03831587731838221,4.956639289855957,129.59581562360498
WS23_L1_T1_P_0_trial_2_Tue_Mar__7_13_00_12_2023,0.03831587731838221,4.956639289855957,129.59581562360498
WS23_L1_T1_P_0_trial_2_Tue_Mar__7_13_00_12_2023,0.03831587731838221,4.956639289855957,129.59581562360498
WS23_L1_T1_P_0_trial_2_Tue_Mar__7_13_00_12_2023,0.03831587731838221,4.956639289855957,129.59581562360498
WS23_L1_T1_P_0_trial_2_Tue_Mar__7_13_00_12_2023,0.03831587731838221,4.956639289855957,129.59581562360498
WS23_L1_T1_P_0_trial_2_Tue_Mar__7_13_00_12_2023,0.03835847973823539,5.156783580780029,129.59581562360498
WS23_L1_T1_P_0_trial_2_Tue_Mar__7_13_00_12_2023,0.03835847973823539,5.156783580780029,129.59581562360498
WS23_L1_T1_P_0_trial_2_Tue_Mar__7_13_00_12_2023,0.03835847973823539,5.156783580780029,129.59581562360498
WS23_L1_T1_P_0_trial_2_Tue_Mar__7_13_00_12_2023,0.03835847973823539,5.156783580780029,129.59581562360498
WS23_L1_T1_P_0_trial_2_Tue_Mar__7_13_00_12_2023,0.03835847973823539,5.156783580780029,129.59581562360498
WS23_L1_T1_P_0_trial_2_Tue_Mar__7_13_00_12_2023,0.03835847973823539,5.156783580780029,129.59581562360498
WS23_L1_T1_P_0_trial_2_Tue_Mar__7_13_00_12_2023,0.03835847973823539,5.156783580780029,129.59581562360498
WS23_L1_T1_P_0_trial_2_Tue_Mar__7_13_00_12_2023,0.03842629492282859,5.052759170532227,129.59581562360498
WS23_L1_T1_P_0_trial_2_Tue_Mar__7_13_00_12_2023,0.03842629492282859,5.052759170532227,129.59581562360498
WS23_L1_T1_P_0_trial_2_Tue_Mar__7_13_00_12_2023,0.03842629492282859,5.052759170532227,129.59581562360498
WS23_L1_T1_P_0_trial_2_Tue_Mar__7_13_00_12_2023,0.03842629492282859,5.052759170532227,129.59581562360498
WS23_L1_T1_P_0_trial_2_Tue_Mar__7_13_00_12_2023,0.03855171799659729,5.133106231689453,129.59581562360498
WS23_L1_T1_P_0_trial_2_Tue_Mar__7_13_00_12_2023,0.03855171799659729,5.133106231689453,129.59581562360498
WS23_L1_T1_P_0_trial_2_Tue_Mar__7_13_00_12_2023,0.03855171799659729,5.133106231689453,129.59581562360498
WS23_L1_T1_P_0_trial_2_Tue_Mar__7_13_00_12_2023,0.03855171799659729,5.133106231689453,129.59581562360498
WS23_L1_T1_P_0_trial_2_Tue_Mar__7_13_00_12_2023,0.03855171799659729,5.133106231689453,129.59581562360498
WS23_L1_T1_P_0_trial_2_Tue_Mar__7_13_00_12_2023,0.03855171799659729,5.133106231689453,129.59581562360498
WS23_L1_T1_P_0_trial_2_Tue_Mar__7_13_00_12_2023,0.03863866627216339,5.166529655456543,129.59581562360498
WS23_L1_T1_P_0_trial_2_Tue_Mar__7_13_00_12_2023,0.03863866627216339,5.166529655456543,129.59581562360498
WS23_L1_T1_P_0_trial_2_Tue_Mar__7_13_00_12_2023,0.03863866627216339,5.166529655456543,129.59581562360498
WS23_L1_T1_P_0_trial_2_Tue_Mar__7_13_00_12_2023,0.03863866627216339,5.166529655456543,129.59581562360498
WS23_L1_T1_P_0_trial_2_Tue_Mar__7_13_00_12_2023,0.03863866627216339,5.166529655456543,129.59581562360498
WS23_L1_T1_P_0_trial_2_Tue_Mar__7_13_00_12_2023,0.03863866627216339,5.166529655456543,129.59581562360498
WS23_L1_T1_P_0_trial_2_Tue_Mar__7_13_00_12_2023,0.03863866627216339,5.166529655456543,129.59581562360498
WS23_L1_T1_P_0_trial_2_Tue_Mar__7_13_00_12_2023,0.03863866627216339,5.166529655456543,129.59581562360498
WS23_L1_T1_P_0_trial_2_Tue_Mar__7_13_00_12_2023,0.0387312024831771,5.159366607666016,129.59581562360498
WS23_L1_T1_P_0_trial_2_Tue_Mar__7_13_00_12_2023,0.0387312024831771,5.159366607666016,129.59581562360498
WS23_L1_T1_P_0_trial_2_Tue_Mar__7_13_00_12_2023,0.0387312024831771,5.159366607666016,129.59581562360498
WS23_L1_T1_P_0_trial_2_Tue_Mar__7_13_00_12_2023,0.0387312024831771,5.159366607666016,129.59581562360498
WS23_L1_T1_P_0_trial_2_Tue_Mar__7_13_00_12_2023,0.0387312024831771,5.159366607666016,129.59581562360498
WS23_L1_T1_P_0_trial_2_Tue_Mar__7_13_00_12_2023,0.0389047563076019,5.058056354522705,129.59581562360498
WS23_L1_T1_P_0_trial_2_Tue_Mar__7_13_00_12_2023,0.0389047563076019,5.058056354522705,129.59581562360498
WS23_L1_T1_P_0_trial_2_Tue_Mar__7_13_00_12_2023,0.0389047563076019,5.058056354522705,129.59581562360498
WS23_L1_T1_P_0_trial_2_Tue_Mar__7_13_00_12_2023,0.0389047563076019,5.058056354522705,129.59581562360498
WS23_L1_T1_P_0_trial_2_Tue_Mar__7_13_00_12_2023,0.0389047563076019,5.058056354522705,129.59581562360498
WS23_L1_T1_P_0_trial_2_Tue_Mar__7_13_00_12_2023,0.0389047563076019,5.058056354522705,129.59581562360498
WS23_L1_T1_P_0_trial_2_Tue_Mar__7_13_00_12_2023,0.03901328146457669,5.085041046142578,129.59581562360498
WS23_L1_T1_P_0_trial_2_Tue_Mar__7_13_00_12_2023,0.03901328146457669,5.085041046142578,129.59581562360498
WS23_L1_T1_P_0_trial_2_Tue_Mar__7_13_00_12_2023,0.03901328146457669,5.085041046142578,129.59581562360498
WS23_L1_T1_P_0_trial_2_Tue_Mar__7_13_00_12_2023,0.03901328146457669,5.085041046142578,129.59581562360498
WS23_L1_T1_P_0_trial_2_Tue_Mar__7_13_00_12_2023,0.03901328146457669,5.085041046142578,129.59581562360498
WS23_L1_T1_P_0_trial_2_Tue_Mar__7_13_00_12_2023,0.03901328146457669,5.085041046142578,129.59581562360498
WS23_L1_T1_P_0_trial_2_Tue_Mar__7_13_00_12_2023,0.03914104402065269,5.0433735847473145,129.59581562360498
WS23_L1_T1_P_0_trial_2_Tue_Mar__7_13_00_12_2023,0.03914104402065269,5.0433735847473145,129.59581562360498
WS23_L1_T1_P_0_trial_2_Tue_Mar__7_13_00_12_2023,0.03914104402065269,5.0433735847473145,129.59581562360498
WS23_L1_T1_P_0_trial_2_Tue_Mar__7_13_00_12_2023,0.03914104402065269,5.0433735847473145,129.59581562360498
WS23_L1_T1_P_0_trial_2_Tue_Mar__7_13_00_12_2023,0.03914104402065269,5.0433735847473145,129.59581562360498
WS23_L1_T1_P_0_trial_2_Tue_Mar__7_13_00_12_2023,0.03914104402065269,5.0433735847473145,129.59581562360498
WS23_L1_T1_P_0_trial_2_Tue_Mar__7_13_00_12_2023,0.03925906121730799,5.025960922241211,129.59581562360498
WS23_L1_T1_P_0_trial_2_Tue_Mar__7_13_00_12_2023,0.03925906121730799,5.025960922241211,129.59581562360498
WS23_L1_T1_P_0_trial_2_Tue_Mar__7_13_00_12_2023,0.03925906121730799,5.025960922241211,129.59581562360498
WS23_L1_T1_P_0_trial_2_Tue_Mar__7_13_00_12_2023,0.03925906121730799,5.025960922241211,129.59581562360498
WS23_L1_T1_P_0_trial_2_Tue_Mar__7_13_00_12_2023,0.03925906121730799,5.025960922241211,129.59581562360498
WS23_L1_T1_P_0_trial_2_Tue_Mar__7_13_00_12_2023,0.039288729429244995,5.034311294555664,129.59581562360498
WS23_L1_T1_P_0_trial_2_Tue_Mar__7_13_00_12_2023,0.039288729429244995,5.034311294555664,129.59581562360498
WS23_L1_T1_P_0_trial_2_Tue_Mar__7_13_00_12_2023,0.039288729429244995,5.034311294555664,129.59581562360498
WS23_L1_T1_P_0_trial_2_Tue_Mar__7_13_00_12_2023,0.039288729429244995,5.034311294555664,129.59581562360498
WS23_L1_T1_P_0_trial_2_Tue_Mar__7_13_00_12_2023,0.039288729429244995,5.034311294555664,129.59581562360498
WS23_L1_T1_P_0_trial_2_Tue_Mar__7_13_00_12_2023,0.039288729429244995,5.034311294555664,129.59581562360498
WS23_L1_T1_P_0_trial_2_Tue_Mar__7_13_00_12_2023,0.039288729429244995,5.034311294555664,129.59581562360498
WS23_L1_T1_P_0_trial_2_Tue_Mar__7_13_00_12_2023,0.039356544613838196,5.0889763832092285,129.59581562360498
WS23_L1_T1_P_0_trial_2_Tue_Mar__7_13_00_12_2023,0.039356544613838196,5.0889763832092285,129.59581562360498
WS23_L1_T1_P_0_trial_2_Tue_Mar__7_13_00_12_2023,0.039356544613838196,5.0889763832092285,129.59581562360498
WS23_L1_T1_P_0_trial_2_Tue_Mar__7_13_00_12_2023,0.039356544613838196,5.0889763832092285,129.59581562360498
WS23_L1_T1_P_0_trial_2_Tue_Mar__7_13_00_12_2023,0.039356544613838196,5.0889763832092285,129.59581562360498
WS23_L1_T1_P_0_trial_2_Tue_Mar__7_13_00_12_2023,0.039356544613838196,5.0889763832092285,129.59581562360498
WS23_L1_T1_P_0_trial_2_Tue_Mar__7_13_00_12_2023,0.039356544613838196,5.0889763832092285,129.59581562360498
WS23_L1_T1_P_0_trial_2_Tue_Mar__7_13_00_12_2023,0.03940634429454801,5.22545337677002,129.59581562360498
WS23_L1_T1_P_0_trial_2_Tue_Mar__7_13_00_12_2023,0.03940634429454801,5.22545337677002,129.59581562360498
WS23_L1_T1_P_0_trial_2_Tue_Mar__7_13_00_12_2023,0.03940634429454801,5.22545337677002,129.59581562360498
WS23_L1_T1_P_0_trial_2_Tue_Mar__7_13_00_12_2023,0.03940634429454801,5.22545337677002,129.59581562360498
WS23_L1_T1_P_0_trial_2_Tue_Mar__7_13_00_12_2023,0.03940634429454801,5.22545337677002,129.59581562360498
WS23_L1_T1_P_0_trial_2_Tue_Mar__7_13_00_12_2023,0.03940634429454801,5.22545337677002,129.59581562360498
WS23_L1_T1_P_0_trial_2_Tue_Mar__7_13_00_12_2023,0.03947560489177701,5.1390790939331055,129.59581562360498
WS23_L1_T1_P_0_trial_2_Tue_Mar__7_13_00_12_2023,0.03947560489177701,5.1390790939331055,129.59581562360498
WS23_L1_T1_P_0_trial_2_Tue_Mar__7_13_00_12_2023,0.03947560489177701,5.1390790939331055,129.59581562360498
WS23_L1_T1_P_0_trial_2_Tue_Mar__7_13_00_12_2023,0.03947560489177701,5.1390790939331055,129.59581562360498
WS23_L1_T1_P_0_trial_2_Tue_Mar__7_13_00_12_2023,0.03947560489177701,5.1390790939331055,129.59581562360498
WS23_L1_T1_P_0_trial_2_Tue_Mar__7_13_00_12_2023,0.03947560489177701,5.1390790939331055,129.59581562360498
WS23_L1_T1_P_0_trial_2_Tue_Mar__7_13_00_12_2023,0.03947560489177701,5.1390790939331055,129.59581562360498
WS23_L1_T1_P_0_trial_2_Tue_Mar__7_13_00_12_2023,0.0394801050424575,5.377846717834473,129.59581562360498
WS23_L1_T1_P_0_trial_2_Tue_Mar__7_13_00_12_2023,0.0394801050424575,5.377846717834473,129.59581562360498
WS23_L1_T1_P_0_trial_2_Tue_Mar__7_13_00_12_2023,0.0394801050424575,5.377846717834473,129.59581562360498
WS23_L1_T1_P_0_trial_2_Tue_Mar__7_13_00_12_2023,0.0394801050424575,5.377846717834473,129.59581562360498
WS23_L1_T1_P_0_trial_2_Tue_Mar__7_13_00_12_2023,0.0394801050424575,5.377846717834473,129.59581562360498
WS23_L1_T1_P_0_trial_2_Tue_Mar__7_13_00_12_2023,0.0394801050424575,5.377846717834473,129.59581562360498
WS23_L1_T1_P_0_trial_2_Tue_Mar__7_13_00_12_2023,0.0394801050424575,5.377846717834473,129.59581562360498
WS23_L1_T1_P_0_trial_2_Tue_Mar__7_13_00_12_2023,0.0394801050424575,5.377846717834473,129.59581562360498
WS23_L1_T1_P_0_trial_2_Tue_Mar__7_13_00_12_2023,0.0395780801773071,5.365849494934082,129.59581562360498
WS23_L1_T1_P_0_trial_2_Tue_Mar__7_13_00_12_2023,0.0395780801773071,5.365849494934082,129.59581562360498
WS23_L1_T1_P_0_trial_2_Tue_Mar__7_13_00_12_2023,0.0395780801773071,5.365849494934082,129.59581562360498
WS23_L1_T1_P_0_trial_2_Tue_Mar__7_13_00_12_2023,0.0395780801773071,5.365849494934082,129.59581562360498
WS23_L1_T1_P_0_trial_2_Tue_Mar__7_13_00_12_2023,0.0395780801773071,5.365849494934082,129.59581562360498
WS23_L1_T1_P_0_trial_2_Tue_Mar__7_13_00_12_2023,0.0395780801773071,5.365849494934082,129.59581562360498
WS23_L1_T1_P_0_trial_2_Tue_Mar__7_13_00_12_2023,0.0395780801773071,5.365849494934082,129.59581562360498
WS23_L1_T1_P_0_trial_2_Tue_Mar__7_13_00_12_2023,0.039637058973312295,5.410041332244873,129.59581562360498
WS23_L1_T1_P_0_trial_2_Tue_Mar__7_13_00_12_2023,0.039637058973312295,5.410041332244873,129.59581562360498
WS23_L1_T1_P_0_trial_2_Tue_Mar__7_13_00_12_2023,0.039637058973312295,5.410041332244873,129.59581562360498
WS23_L1_T1_P_0_trial_2_Tue_Mar__7_13_00_12_2023,0.039637058973312295,5.410041332244873,129.59581562360498
WS23_L1_T1_P_0_trial_2_Tue_Mar__7_13_00_12_2023,0.039637058973312295,5.410041332244873,129.59581562360498
WS23_L1_T1_P_0_trial_2_Tue_Mar__7_13_00_12_2023,0.039637058973312295,5.410041332244873,129.59581562360498
WS23_L1_T1_P_0_trial_2_Tue_Mar__7_13_00_12_2023,0.03972014784812919,5.411642074584961,129.59581562360498
WS23_L1_T1_P_0_trial_2_Tue_Mar__7_13_00_12_2023,0.03972014784812919,5.411642074584961,129.59581562360498
WS23_L1_T1_P_0_trial_2_Tue_Mar__7_13_00_12_2023,0.03972014784812919,5.411642074584961,129.59581562360498
WS23_L1_T1_P_0_trial_2_Tue_Mar__7_13_00_12_2023,0.03972014784812919,5.411642074584961,129.59581562360498
WS23_L1_T1_P_0_trial_2_Tue_Mar__7_13_00_12_2023,0.03972014784812919,5.411642074584961,129.59581562360498
WS23_L1_T1_P_0_trial_2_Tue_Mar__7_13_00_12_2023,0.03972014784812919,5.411642074584961,129.59581562360498
WS23_L1_T1_P_0_trial_2_Tue_Mar__7_13_00_12_2023,0.03972014784812919,5.411642074584961,129.59581562360498
WS23_L1_T1_P_0_trial_2_Tue_Mar__7_13_00_12_2023,0.0397764444351196,5.45901346206665,129.59581562360498
WS23_L1_T1_P_0_trial_2_Tue_Mar__7_13_00_12_2023,0.0397764444351196,5.45901346206665,129.59581562360498
WS23_L1_T1_P_0_trial_2_Tue_Mar__7_13_00_12_2023,0.0397764444351196,5.45901346206665,129.59581562360498
WS23_L1_T1_P_0_trial_2_Tue_Mar__7_13_00_12_2023,0.0397764444351196,5.45901346206665,129.59581562360498
WS23_L1_T1_P_0_trial_2_Tue_Mar__7_13_00_12_2023,0.0397764444351196,5.45901346206665,129.59581562360498
WS23_L1_T1_P_0_trial_2_Tue_Mar__7_13_00_12_2023,0.0397764444351196,5.45901346206665,129.59581562360498
WS23_L1_T1_P_0_trial_2_Tue_Mar__7_13_00_12_2023,0.039827227592468206,5.426348209381104,129.59581562360498
WS23_L1_T1_P_0_trial_2_Tue_Mar__7_13_00_12_2023,0.039827227592468206,5.426348209381104,129.59581562360498
WS23_L1_T1_P_0_trial_2_Tue_Mar__7_13_00_12_2023,0.039827227592468206,5.426348209381104,129.59581562360498
WS23_L1_T1_P_0_trial_2_Tue_Mar__7_13_00_12_2023,0.039827227592468206,5.426348209381104,129.59581562360498
WS23_L1_T1_P_0_trial_2_Tue_Mar__7_13_00_12_2023,0.039827227592468206,5.426348209381104,129.59581562360498
WS23_L1_T1_P_0_trial_2_Tue_Mar__7_13_00_12_2023,0.039827227592468206,5.426348209381104,129.59581562360498
WS23_L1_T1_P_0_trial_2_Tue_Mar__7_13_00_12_2023,0.039891898632049505,5.569923400878906,129.59581562360498
WS23_L1_T1_P_0_trial_2_Tue_Mar__7_13_00_12_2023,0.039891898632049505,5.569923400878906,129.59581562360498
WS23_L1_T1_P_0_trial_2_Tue_Mar__7_13_00_12_2023,0.039891898632049505,5.569923400878906,129.59581562360498
WS23_L1_T1_P_0_trial_2_Tue_Mar__7_13_00_12_2023,0.039891898632049505,5.569923400878906,129.59581562360498
WS23_L1_T1_P_0_trial_2_Tue_Mar__7_13_00_12_2023,0.039891898632049505,5.569923400878906,129.59581562360498
WS23_L1_T1_P_0_trial_2_Tue_Mar__7_13_00_12_2023,0.039891898632049505,5.569923400878906,129.59581562360498
WS23_L1_T1_P_0_trial_2_Tue_Mar__7_13_00_12_2023,0.039891898632049505,5.569923400878906,129.59581562360498
WS23_L1_T1_P_0_trial_2_Tue_Mar__7_13_00_12_2023,0.039891898632049505,5.569923400878906,129.59581562360498
WS23_L1_T1_P_0_trial_2_Tue_Mar__7_13_00_12_2023,0.03995636105537409,5.516454696655273,129.59581562360498
WS23_L1_T1_P_0_trial_2_Tue_Mar__7_13_00_12_2023,0.03995636105537409,5.516454696655273,129.59581562360498
WS23_L1_T1_P_0_trial_2_Tue_Mar__7_13_00_12_2023,0.03995636105537409,5.516454696655273,129.59581562360498
WS23_L1_T1_P_0_trial_2_Tue_Mar__7_13_00_12_2023,0.03995636105537409,5.516454696655273,129.59581562360498
WS23_L1_T1_P_0_trial_2_Tue_Mar__7_13_00_12_2023,0.03995636105537409,5.516454696655273,129.59581562360498
WS23_L1_T1_P_0_trial_2_Tue_Mar__7_13_00_12_2023,0.03995636105537409,5.516454696655273,129.59581562360498
WS23_L1_T1_P_0_trial_2_Tue_Mar__7_13_00_12_2023,0.03995636105537409,5.516454696655273,129.59581562360498
WS23_L1_T1_P_0_trial_2_Tue_Mar__7_13_00_12_2023,0.0399903208017349,5.605666160583496,129.59581562360498
WS23_L1_T1_P_0_trial_2_Tue_Mar__7_13_00_12_2023,0.0399903208017349,5.605666160583496,129.59581562360498
WS23_L1_T1_P_0_trial_2_Tue_Mar__7_13_00_12_2023,0.0399903208017349,5.605666160583496,129.59581562360498
WS23_L1_T1_P_0_trial_2_Tue_Mar__7_13_00_12_2023,0.0399903208017349,5.605666160583496,129.59581562360498
WS23_L1_T1_P_0_trial_2_Tue_Mar__7_13_00_12_2023,0.0399903208017349,5.605666160583496,129.59581562360498
WS23_L1_T1_P_0_trial_2_Tue_Mar__7_13_00_12_2023,0.0400352925062179,5.632744312286377,129.59581562360498
WS23_L1_T1_P_0_trial_2_Tue_Mar__7_13_00_12_2023,0.0400352925062179,5.632744312286377,129.59581562360498
WS23_L1_T1_P_0_trial_2_Tue_Mar__7_13_00_12_2023,0.0400352925062179,5.632744312286377,129.59581562360498
WS23_L1_T1_P_0_trial_2_Tue_Mar__7_13_00_12_2023,0.0400352925062179,5.632744312286377,129.59581562360498
WS23_L1_T1_P_0_trial_2_Tue_Mar__7_13_00_12_2023,0.0400352925062179,5.632744312286377,129.59581562360498
WS23_L1_T1_P_0_trial_2_Tue_Mar__7_13_00_12_2023,0.0400352925062179,5.632744312286377,129.59581562360498
WS23_L1_T1_P_0_trial_2_Tue_Mar__7_13_00_12_2023,0.0400352925062179,5.632744312286377,129.59581562360498
WS23_L1_T1_P_0_trial_2_Tue_Mar__7_13_00_12_2023,0.04010161757469169,5.775598049163818,129.59581562360498
WS23_L1_T1_P_0_trial_2_Tue_Mar__7_13_00_12_2023,0.04010161757469169,5.775598049163818,129.59581562360498
WS23_L1_T1_P_0_trial_2_Tue_Mar__7_13_00_12_2023,0.04010161757469169,5.775598049163818,129.59581562360498
WS23_L1_T1_P_0_trial_2_Tue_Mar__7_13_00_12_2023,0.04010161757469169,5.775598049163818,129.59581562360498
WS23_L1_T1_P_0_trial_2_Tue_Mar__7_13_00_12_2023,0.04010161757469169,5.775598049163818,129.59581562360498
WS23_L1_T1_P_0_trial_2_Tue_Mar__7_13_00_12_2023,0.04010161757469169,5.775598049163818,129.59581562360498
WS23_L1_T1_P_0_trial_2_Tue_Mar__7_13_00_12_2023,0.04010161757469169,5.775598049163818,129.59581562360498
WS23_L1_T1_P_0_trial_2_Tue_Mar__7_13_00_12_2023,0.04010161757469169,5.775598049163818,129.59581562360498
WS23_L1_T1_P_0_trial_2_Tue_Mar__7_13_00_12_2023,0.04013374447822571,5.743861675262451,129.59581562360498
WS23_L1_T1_P_0_trial_2_Tue_Mar__7_13_00_12_2023,0.04013374447822571,5.743861675262451,129.59581562360498
WS23_L1_T1_P_0_trial_2_Tue_Mar__7_13_00_12_2023,0.04013374447822571,5.743861675262451,129.59581562360498
WS23_L1_T1_P_0_trial_2_Tue_Mar__7_13_00_12_2023,0.04013374447822571,5.743861675262451,129.59581562360498
WS23_L1_T1_P_0_trial_2_Tue_Mar__7_13_00_12_2023,0.04013374447822571,5.743861675262451,129.59581562360498
WS23_L1_T1_P_0_trial_2_Tue_Mar__7_13_00_12_2023,0.04013374447822571,5.743861675262451,129.59581562360498
WS23_L1_T1_P_0_trial_2_Tue_Mar__7_13_00_12_2023,0.04013374447822571,5.743861675262451,129.59581562360498
WS23_L1_T1_P_0_trial_2_Tue_Mar__7_13_00_12_2023,0.040185272693634005,5.81451940536499,129.59581562360498
WS23_L1_T1_P_0_trial_2_Tue_Mar__7_13_00_12_2023,0.040185272693634005,5.81451940536499,129.59581562360498
WS23_L1_T1_P_0_trial_2_Tue_Mar__7_13_00_12_2023,0.040185272693634005,5.81451940536499,129.59581562360498
WS23_L1_T1_P_0_trial_2_Tue_Mar__7_13_00_12_2023,0.040185272693634005,5.81451940536499,129.59581562360498
WS23_L1_T1_P_0_trial_2_Tue_Mar__7_13_00_12_2023,0.040185272693634005,5.81451940536499,129.59581562360498
WS23_L1_T1_P_0_trial_2_Tue_Mar__7_13_00_12_2023,0.040185272693634005,5.81451940536499,129.59581562360498
WS23_L1_T1_P_0_trial_2_Tue_Mar__7_13_00_12_2023,0.040185272693634005,5.81451940536499,129.59581562360498
WS23_L1_T1_P_0_trial_2_Tue_Mar__7_13_00_12_2023,0.040185272693634005,5.81451940536499,129.59581562360498
WS23_L1_T1_P_0_trial_2_Tue_Mar__7_13_00_12_2023,0.04032561182975769,5.825470924377441,129.59581562360498
WS23_L1_T1_P_0_trial_2_Tue_Mar__7_13_00_12_2023,0.04032561182975769,5.825470924377441,129.59581562360498
WS23_L1_T1_P_0_trial_2_Tue_Mar__7_13_00_12_2023,0.04032561182975769,5.825470924377441,129.59581562360498
WS23_L1_T1_P_0_trial_2_Tue_Mar__7_13_00_12_2023,0.04032561182975769,5.825470924377441,129.59581562360498
WS23_L1_T1_P_0_trial_2_Tue_Mar__7_13_00_12_2023,0.04032561182975769,5.825470924377441,129.59581562360498
WS23_L1_T1_P_0_trial_2_Tue_Mar__7_13_00_12_2023,0.04032561182975769,5.825470924377441,129.59581562360498
WS23_L1_T1_P_0_trial_2_Tue_Mar__7_13_00_12_2023,0.04032561182975769,5.825470924377441,129.59581562360498
WS23_L1_T1_P_0_trial_2_Tue_Mar__7_13_00_12_2023,0.0403613001108169,5.858074188232422,129.59581562360498
WS23_L1_T1_P_0_trial_2_Tue_Mar__7_13_00_12_2023,0.0403613001108169,5.858074188232422,129.59581562360498
WS23_L1_T1_P_0_trial_2_Tue_Mar__7_13_00_12_2023,0.0403613001108169,5.858074188232422,129.59581562360498
WS23_L1_T1_P_0_trial_2_Tue_Mar__7_13_00_12_2023,0.0403613001108169,5.858074188232422,129.59581562360498
WS23_L1_T1_P_0_trial_2_Tue_Mar__7_13_00_12_2023,0.0403613001108169,5.858074188232422,129.59581562360498
WS23_L1_T1_P_0_trial_2_Tue_Mar__7_13_00_12_2023,0.0403613001108169,5.858074188232422,129.59581562360498
WS23_L1_T1_P_0_trial_2_Tue_Mar__7_13_00_12_2023,0.0403613001108169,5.858074188232422,129.59581562360498
WS23_L1_T1_P_0_trial_2_Tue_Mar__7_13_00_12_2023,0.04044295847415921,5.956326007843018,129.59581562360498
WS23_L1_T1_P_0_trial_2_Tue_Mar__7_13_00_12_2023,0.04044295847415921,5.956326007843018,129.59581562360498
WS23_L1_T1_P_0_trial_2_Tue_Mar__7_13_00_12_2023,0.04044295847415921,5.956326007843018,129.59581562360498
WS23_L1_T1_P_0_trial_2_Tue_Mar__7_13_00_12_2023,0.04044295847415921,5.956326007843018,129.59581562360498
WS23_L1_T1_P_0_trial_2_Tue_Mar__7_13_00_12_2023,0.04044295847415921,5.956326007843018,129.59581562360498
WS23_L1_T1_P_0_trial_2_Tue_Mar__7_13_00_12_2023,0.04044295847415921,5.956326007843018,129.59581562360498
WS23_L1_T1_P_0_trial_2_Tue_Mar__7_13_00_12_2023,0.04049520194530479,5.884460926055908,129.59581562360498
WS23_L1_T1_P_0_trial_2_Tue_Mar__7_13_00_12_2023,0.04049520194530479,5.884460926055908,129.59581562360498
WS23_L1_T1_P_0_trial_2_Tue_Mar__7_13_00_12_2023,0.04049520194530479,5.884460926055908,129.59581562360498
WS23_L1_T1_P_0_trial_2_Tue_Mar__7_13_00_12_2023,0.04049520194530479,5.884460926055908,129.59581562360498
WS23_L1_T1_P_0_trial_2_Tue_Mar__7_13_00_12_2023,0.04049520194530479,5.884460926055908,129.59581562360498
WS23_L1_T1_P_0_trial_2_Tue_Mar__7_13_00_12_2023,0.04049520194530479,5.884460926055908,129.59581562360498
WS23_L1_T1_P_0_trial_2_Tue_Mar__7_13_00_12_2023,0.04049520194530479,5.884460926055908,129.59581562360498
WS23_L1_T1_P_0_trial_2_Tue_Mar__7_13_00_12_2023,0.04057818651199341,6.00924825668335,129.59581562360498
WS23_L1_T1_P_0_trial_2_Tue_Mar__7_13_00_12_2023,0.04057818651199341,6.00924825668335,129.59581562360498
WS23_L1_T1_P_0_trial_2_Tue_Mar__7_13_00_12_2023,0.04057818651199341,6.00924825668335,129.59581562360498
WS23_L1_T1_P_0_trial_2_Tue_Mar__7_13_00_12_2023,0.04057818651199341,6.00924825668335,129.59581562360498
WS23_L1_T1_P_0_trial_2_Tue_Mar__7_13_00_12_2023,0.04057818651199341,6.00924825668335,129.59581562360498
WS23_L1_T1_P_0_trial_2_Tue_Mar__7_13_00_12_2023,0.04057818651199341,6.00924825668335,129.59581562360498
WS23_L1_T1_P_0_trial_2_Tue_Mar__7_13_00_12_2023,0.04057818651199341,6.00924825668335,129.59581562360498
WS23_L1_T1_P_0_trial_2_Tue_Mar__7_13_00_12_2023,0.0407080203294754,6.0032453536987305,129.59581562360498
WS23_L1_T1_P_0_trial_2_Tue_Mar__7_13_00_12_2023,0.0407080203294754,6.0032453536987305,129.59581562360498
WS23_L1_T1_P_0_trial_2_Tue_Mar__7_13_00_12_2023,0.0407080203294754,6.0032453536987305,129.59581562360498
WS23_L1_T1_P_0_trial_2_Tue_Mar__7_13_00_12_2023,0.0407080203294754,6.0032453536987305,129.59581562360498
WS23_L1_T1_P_0_trial_2_Tue_Mar__7_13_00_12_2023,0.0407080203294754,6.0032453536987305,129.59581562360498
WS23_L1_T1_P_0_trial_2_Tue_Mar__7_13_00_12_2023,0.0407080203294754,6.0032453536987305,129.59581562360498
WS23_L1_T1_P_0_trial_2_Tue_Mar__7_13_00_12_2023,0.0407080203294754,6.0032453536987305,129.59581562360498
WS23_L1_T1_P_0_trial_2_Tue_Mar__7_13_00_12_2023,0.04075714945793149,6.057953834533691,129.59581562360498
WS23_L1_T1_P_0_trial_2_Tue_Mar__7_13_00_12_2023,0.04075714945793149,6.057953834533691,129.59581562360498
WS23_L1_T1_P_0_trial_2_Tue_Mar__7_13_00_12_2023,0.04075714945793149,6.057953834533691,129.59581562360498
WS23_L1_T1_P_0_trial_2_Tue_Mar__7_13_00_12_2023,0.04075714945793149,6.057953834533691,129.59581562360498
WS23_L1_T1_P_0_trial_2_Tue_Mar__7_13_00_12_2023,0.04075714945793149,6.057953834533691,129.59581562360498
WS23_L1_T1_P_0_trial_2_Tue_Mar__7_13_00_12_2023,0.04075714945793149,6.057953834533691,129.59581562360498
WS23_L1_T1_P_0_trial_2_Tue_Mar__7_13_00_12_2023,0.04075714945793149,6.057953834533691,129.59581562360498
WS23_L1_T1_P_0_trial_2_Tue_Mar__7_13_00_12_2023,0.0408510416746139,6.049125671386719,129.59581562360498
WS23_L1_T1_P_0_trial_2_Tue_Mar__7_13_00_12_2023,0.0408510416746139,6.049125671386719,129.59581562360498
WS23_L1_T1_P_0_trial_2_Tue_Mar__7_13_00_12_2023,0.0408510416746139,6.049125671386719,129.59581562360498
WS23_L1_T1_P_0_trial_2_Tue_Mar__7_13_00_12_2023,0.0408510416746139,6.049125671386719,129.59581562360498
WS23_L1_T1_P_0_trial_2_Tue_Mar__7_13_00_12_2023,0.0408510416746139,6.049125671386719,129.59581562360498
WS23_L1_T1_P_0_trial_2_Tue_Mar__7_13_00_12_2023,0.0408510416746139,6.049125671386719,129.59581562360498
WS23_L1_T1_P_0_trial_2_Tue_Mar__7_13_00_12_2023,0.0408510416746139,6.049125671386719,129.59581562360498
WS23_L1_T1_P_0_trial_2_Tue_Mar__7_13_00_12_2023,0.04096885025501251,6.055274486541748,129.59581562360498
WS23_L1_T1_P_0_trial_2_Tue_Mar__7_13_00_12_2023,0.04096885025501251,6.055274486541748,129.59581562360498
WS23_L1_T1_P_0_trial_2_Tue_Mar__7_13_00_12_2023,0.04096885025501251,6.055274486541748,129.59581562360498
WS23_L1_T1_P_0_trial_2_Tue_Mar__7_13_00_12_2023,0.04096885025501251,6.055274486541748,129.59581562360498
WS23_L1_T1_P_0_trial_2_Tue_Mar__7_13_00_12_2023,0.04096885025501251,6.055274486541748,129.59581562360498
WS23_L1_T1_P_0_trial_2_Tue_Mar__7_13_00_12_2023,0.04096885025501251,6.055274486541748,129.59581562360498
WS23_L1_T1_P_0_trial_2_Tue_Mar__7_13_00_12_2023,0.04096885025501251,6.055274486541748,129.59581562360498
WS23_L1_T1_P_0_trial_2_Tue_Mar__7_13_00_12_2023,0.04110756516456601,5.9865922927856445,129.59581562360498
WS23_L1_T1_P_0_trial_2_Tue_Mar__7_13_00_12_2023,0.04110756516456601,5.9865922927856445,129.59581562360498
WS23_L1_T1_P_0_trial_2_Tue_Mar__7_13_00_12_2023,0.04110756516456601,5.9865922927856445,129.59581562360498
WS23_L1_T1_P_0_trial_2_Tue_Mar__7_13_00_12_2023,0.04110756516456601,5.9865922927856445,129.59581562360498
WS23_L1_T1_P_0_trial_2_Tue_Mar__7_13_00_12_2023,0.04110756516456601,5.9865922927856445,129.59581562360498
WS23_L1_T1_P_0_trial_2_Tue_Mar__7_13_00_12_2023,0.04110756516456601,5.9865922927856445,129.59581562360498
WS23_L1_T1_P_0_trial_2_Tue_Mar__7_13_00_12_2023,0.04132233560085291,5.8554463386535645,129.59581562360498
WS23_L1_T1_P_0_trial_2_Tue_Mar__7_13_00_12_2023,0.04132233560085291,5.8554463386535645,129.59581562360498
WS23_L1_T1_P_0_trial_2_Tue_Mar__7_13_00_12_2023,0.04132233560085291,5.8554463386535645,129.59581562360498
WS23_L1_T1_P_0_trial_2_Tue_Mar__7_13_00_12_2023,0.04132233560085291,5.8554463386535645,129.59581562360498
WS23_L1_T1_P_0_trial_2_Tue_Mar__7_13_00_12_2023,0.04132233560085291,5.8554463386535645,129.59581562360498
WS23_L1_T1_P_0_trial_2_Tue_Mar__7_13_00_12_2023,0.04132233560085291,5.8554463386535645,129.59581562360498
WS23_L1_T1_P_0_trial_2_Tue_Mar__7_13_00_12_2023,0.04132233560085291,5.8554463386535645,129.59581562360498
WS23_L1_T1_P_0_trial_2_Tue_Mar__7_13_00_12_2023,0.041526988148689215,5.6470046043396,129.59581562360498
WS23_L1_T1_P_0_trial_2_Tue_Mar__7_13_00_12_2023,0.041526988148689215,5.6470046043396,129.59581562360498
WS23_L1_T1_P_0_trial_2_Tue_Mar__7_13_00_12_2023,0.041526988148689215,5.6470046043396,129.59581562360498
WS23_L1_T1_P_0_trial_2_Tue_Mar__7_13_00_12_2023,0.041526988148689215,5.6470046043396,129.59581562360498
WS23_L1_T1_P_0_trial_2_Tue_Mar__7_13_00_12_2023,0.0417893975973129,5.595564842224121,129.59581562360498
WS23_L1_T1_P_0_trial_2_Tue_Mar__7_13_00_12_2023,0.0417893975973129,5.595564842224121,129.59581562360498
WS23_L1_T1_P_0_trial_2_Tue_Mar__7_13_00_12_2023,0.0417893975973129,5.595564842224121,129.59581562360498
WS23_L1_T1_P_0_trial_2_Tue_Mar__7_13_00_12_2023,0.0417893975973129,5.595564842224121,129.59581562360498
WS23_L1_T1_P_0_trial_2_Tue_Mar__7_13_00_12_2023,0.0417893975973129,5.595564842224121,129.59581562360498
WS23_L1_T1_P_0_trial_2_Tue_Mar__7_13_00_12_2023,0.0419709831476211,5.579479694366455,129.59581562360498
WS23_L1_T1_P_0_trial_2_Tue_Mar__7_13_00_12_2023,0.0419709831476211,5.579479694366455,129.59581562360498
WS23_L1_T1_P_0_trial_2_Tue_Mar__7_13_00_12_2023,0.0419709831476211,5.579479694366455,129.59581562360498
WS23_L1_T1_P_0_trial_2_Tue_Mar__7_13_00_12_2023,0.0419709831476211,5.579479694366455,129.59581562360498
WS23_L1_T1_P_0_trial_2_Tue_Mar__7_13_00_12_2023,0.0419709831476211,5.579479694366455,129.59581562360498
WS23_L1_T1_P_0_trial_2_Tue_Mar__7_13_00_12_2023,0.0419709831476211,5.579479694366455,129.59581562360498
WS23_L1_T1_P_0_trial_2_Tue_Mar__7_13_00_12_2023,0.0420661717653274,5.435840606689453,129.59581562360498
WS23_L1_T1_P_0_trial_2_Tue_Mar__7_13_00_12_2023,0.0420661717653274,5.435840606689453,129.59581562360498
WS23_L1_T1_P_0_trial_2_Tue_Mar__7_13_00_12_2023,0.0420661717653274,5.435840606689453,129.59581562360498
WS23_L1_T1_P_0_trial_2_Tue_Mar__7_13_00_12_2023,0.0420661717653274,5.435840606689453,129.59581562360498
WS23_L1_T1_P_0_trial_2_Tue_Mar__7_13_00_12_2023,0.0420661717653274,5.435840606689453,129.59581562360498
WS23_L1_T1_P_0_trial_2_Tue_Mar__7_13_00_12_2023,0.0420661717653274,5.435840606689453,129.59581562360498
WS23_L1_T1_P_0_trial_2_Tue_Mar__7_13_00_12_2023,0.0420661717653274,5.435840606689453,129.59581562360498
WS23_L1_T1_P_0_trial_2_Tue_Mar__7_13_00_12_2023,0.04216921329498291,5.560561656951904,129.59581562360498
WS23_L1_T1_P_0_trial_2_Tue_Mar__7_13_00_12_2023,0.04216921329498291,5.560561656951904,129.59581562360498
WS23_L1_T1_P_0_trial_2_Tue_Mar__7_13_00_12_2023,0.04216921329498291,5.560561656951904,129.59581562360498
WS23_L1_T1_P_0_trial_2_Tue_Mar__7_13_00_12_2023,0.04216921329498291,5.560561656951904,129.59581562360498
WS23_L1_T1_P_0_trial_2_Tue_Mar__7_13_00_12_2023,0.04216921329498291,5.560561656951904,129.59581562360498
WS23_L1_T1_P_0_trial_2_Tue_Mar__7_13_00_12_2023,0.04216921329498291,5.560561656951904,129.59581562360498
WS23_L1_T1_P_0_trial_2_Tue_Mar__7_13_00_12_2023,0.04216921329498291,5.560561656951904,129.59581562360498
WS23_L1_T1_P_0_trial_2_Tue_Mar__7_13_00_12_2023,0.0422482043504715,5.500241756439209,129.59581562360498
WS23_L1_T1_P_0_trial_2_Tue_Mar__7_13_00_12_2023,0.0422482043504715,5.500241756439209,129.59581562360498
WS23_L1_T1_P_0_trial_2_Tue_Mar__7_13_00_12_2023,0.0422482043504715,5.500241756439209,129.59581562360498
WS23_L1_T1_P_0_trial_2_Tue_Mar__7_13_00_12_2023,0.0422482043504715,5.500241756439209,129.59581562360498
WS23_L1_T1_P_0_trial_2_Tue_Mar__7_13_00_12_2023,0.0422482043504715,5.500241756439209,129.59581562360498
WS23_L1_T1_P_0_trial_2_Tue_Mar__7_13_00_12_2023,0.0422482043504715,5.500241756439209,129.59581562360498
WS23_L1_T1_P_0_trial_2_Tue_Mar__7_13_00_12_2023,0.04224753379821769,5.624946117401123,129.59581562360498
WS23_L1_T1_P_0_trial_2_Tue_Mar__7_13_00_12_2023,0.04224753379821769,5.624946117401123,129.59581562360498
WS23_L1_T1_P_0_trial_2_Tue_Mar__7_13_00_12_2023,0.04224753379821769,5.624946117401123,129.59581562360498
WS23_L1_T1_P_0_trial_2_Tue_Mar__7_13_00_12_2023,0.04224753379821769,5.624946117401123,129.59581562360498
WS23_L1_T1_P_0_trial_2_Tue_Mar__7_13_00_12_2023,0.04224753379821769,5.624946117401123,129.59581562360498
WS23_L1_T1_P_0_trial_2_Tue_Mar__7_13_00_12_2023,0.04224753379821769,5.624946117401123,129.59581562360498
WS23_L1_T1_P_0_trial_2_Tue_Mar__7_13_00_12_2023,0.04224753379821769,5.624946117401123,129.59581562360498
WS23_L1_T1_P_0_trial_2_Tue_Mar__7_13_00_12_2023,0.042287200689315796,5.765737056732178,129.59581562360498
WS23_L1_T1_P_0_trial_2_Tue_Mar__7_13_00_12_2023,0.042287200689315796,5.765737056732178,129.59581562360498
WS23_L1_T1_P_0_trial_2_Tue_Mar__7_13_00_12_2023,0.042287200689315796,5.765737056732178,129.59581562360498
WS23_L1_T1_P_0_trial_2_Tue_Mar__7_13_00_12_2023,0.042287200689315796,5.765737056732178,129.59581562360498
WS23_L1_T1_P_0_trial_2_Tue_Mar__7_13_00_12_2023,0.042287200689315796,5.765737056732178,129.59581562360498
WS23_L1_T1_P_0_trial_2_Tue_Mar__7_13_00_12_2023,0.042336612939834595,5.832379817962647,129.59581562360498
WS23_L1_T1_P_0_trial_2_Tue_Mar__7_13_00_12_2023,0.042336612939834595,5.832379817962647,129.59581562360498
WS23_L1_T1_P_0_trial_2_Tue_Mar__7_13_00_12_2023,0.042336612939834595,5.832379817962647,129.59581562360498
WS23_L1_T1_P_0_trial_2_Tue_Mar__7_13_00_12_2023,0.042336612939834595,5.832379817962647,129.59581562360498
WS23_L1_T1_P_0_trial_2_Tue_Mar__7_13_00_12_2023,0.042336612939834595,5.832379817962647,129.59581562360498
WS23_L1_T1_P_0_trial_2_Tue_Mar__7_13_00_12_2023,0.042336612939834595,5.832379817962647,129.59581562360498
WS23_L1_T1_P_0_trial_2_Tue_Mar__7_13_00_12_2023,0.042336612939834595,5.832379817962647,129.59581562360498
WS23_L1_T1_P_0_trial_2_Tue_Mar__7_13_00_12_2023,0.042329937219619695,5.965012073516846,129.59581562360498
WS23_L1_T1_P_0_trial_2_Tue_Mar__7_13_00_12_2023,0.042329937219619695,5.965012073516846,129.59581562360498
WS23_L1_T1_P_0_trial_2_Tue_Mar__7_13_00_12_2023,0.042329937219619695,5.965012073516846,129.59581562360498
WS23_L1_T1_P_0_trial_2_Tue_Mar__7_13_00_12_2023,0.042329937219619695,5.965012073516846,129.59581562360498
WS23_L1_T1_P_0_trial_2_Tue_Mar__7_13_00_12_2023,0.042329937219619695,5.965012073516846,129.59581562360498
WS23_L1_T1_P_0_trial_2_Tue_Mar__7_13_00_12_2023,0.042329937219619695,5.965012073516846,129.59581562360498
WS23_L1_T1_P_0_trial_2_Tue_Mar__7_13_00_12_2023,0.042329937219619695,5.965012073516846,129.59581562360498
WS23_L1_T1_P_0_trial_2_Tue_Mar__7_13_00_12_2023,0.042329937219619695,5.965012073516846,129.59581562360498
WS23_L1_T1_P_0_trial_2_Tue_Mar__7_13_00_12_2023,0.04235036671161649,5.925317287445068,129.59581562360498
WS23_L1_T1_P_0_trial_2_Tue_Mar__7_13_00_12_2023,0.04235036671161649,5.925317287445068,129.59581562360498
WS23_L1_T1_P_0_trial_2_Tue_Mar__7_13_00_12_2023,0.04235036671161649,5.925317287445068,129.59581562360498
WS23_L1_T1_P_0_trial_2_Tue_Mar__7_13_00_12_2023,0.04235036671161649,5.925317287445068,129.59581562360498
WS23_L1_T1_P_0_trial_2_Tue_Mar__7_13_00_12_2023,0.04235036671161649,5.925317287445068,129.59581562360498
WS23_L1_T1_P_0_trial_2_Tue_Mar__7_13_00_12_2023,0.04235036671161649,5.925317287445068,129.59581562360498
WS23_L1_T1_P_0_trial_2_Tue_Mar__7_13_00_12_2023,0.04235036671161649,5.925317287445068,129.59581562360498
WS23_L1_T1_P_0_trial_2_Tue_Mar__7_13_00_12_2023,0.04241229593753809,6.063244819641113,129.59581562360498
WS23_L1_T1_P_0_trial_2_Tue_Mar__7_13_00_12_2023,0.04241229593753809,6.063244819641113,129.59581562360498
WS23_L1_T1_P_0_trial_2_Tue_Mar__7_13_00_12_2023,0.04241229593753809,6.063244819641113,129.59581562360498
WS23_L1_T1_P_0_trial_2_Tue_Mar__7_13_00_12_2023,0.04241229593753809,6.063244819641113,129.59581562360498
WS23_L1_T1_P_0_trial_2_Tue_Mar__7_13_00_12_2023,0.04241229593753809,6.063244819641113,129.59581562360498
WS23_L1_T1_P_0_trial_2_Tue_Mar__7_13_00_12_2023,0.04241229593753809,6.063244819641113,129.59581562360498
WS23_L1_T1_P_0_trial_2_Tue_Mar__7_13_00_12_2023,0.042442649602890015,6.043473243713379,129.59581562360498
WS23_L1_T1_P_0_trial_2_Tue_Mar__7_13_00_12_2023,0.042442649602890015,6.043473243713379,129.59581562360498
WS23_L1_T1_P_0_trial_2_Tue_Mar__7_13_00_12_2023,0.042442649602890015,6.043473243713379,129.59581562360498
WS23_L1_T1_P_0_trial_2_Tue_Mar__7_13_00_12_2023,0.042442649602890015,6.043473243713379,129.59581562360498
WS23_L1_T1_P_0_trial_2_Tue_Mar__7_13_00_12_2023,0.042442649602890015,6.043473243713379,129.59581562360498
WS23_L1_T1_P_0_trial_2_Tue_Mar__7_13_00_12_2023,0.042442649602890015,6.043473243713379,129.59581562360498
WS23_L1_T1_P_0_trial_2_Tue_Mar__7_13_00_12_2023,0.042442649602890015,6.043473243713379,129.59581562360498
WS23_L1_T1_P_0_trial_2_Tue_Mar__7_13_00_12_2023,0.04249465465545649,6.1917829513549805,129.59581562360498
WS23_L1_T1_P_0_trial_2_Tue_Mar__7_13_00_12_2023,0.04249465465545649,6.1917829513549805,129.59581562360498
WS23_L1_T1_P_0_trial_2_Tue_Mar__7_13_00_12_2023,0.04249465465545649,6.1917829513549805,129.59581562360498
WS23_L1_T1_P_0_trial_2_Tue_Mar__7_13_00_12_2023,0.04249465465545649,6.1917829513549805,129.59581562360498
WS23_L1_T1_P_0_trial_2_Tue_Mar__7_13_00_12_2023,0.04249465465545649,6.1917829513549805,129.59581562360498
WS23_L1_T1_P_0_trial_2_Tue_Mar__7_13_00_12_2023,0.04249465465545649,6.1917829513549805,129.59581562360498
WS23_L1_T1_P_0_trial_2_Tue_Mar__7_13_00_12_2023,0.04249465465545649,6.1917829513549805,129.59581562360498
WS23_L1_T1_P_0_trial_2_Tue_Mar__7_13_00_12_2023,0.0425342768430709,6.28813362121582,129.59581562360498
WS23_L1_T1_P_0_trial_2_Tue_Mar__7_13_00_12_2023,0.0425342768430709,6.28813362121582,129.59581562360498
WS23_L1_T1_P_0_trial_2_Tue_Mar__7_13_00_12_2023,0.0425342768430709,6.28813362121582,129.59581562360498
WS23_L1_T1_P_0_trial_2_Tue_Mar__7_13_00_12_2023,0.0425342768430709,6.28813362121582,129.59581562360498
WS23_L1_T1_P_0_trial_2_Tue_Mar__7_13_00_12_2023,0.0425342768430709,6.28813362121582,129.59581562360498
WS23_L1_T1_P_0_trial_2_Tue_Mar__7_13_00_12_2023,0.0425342768430709,6.28813362121582,129.59581562360498
WS23_L1_T1_P_0_trial_2_Tue_Mar__7_13_00_12_2023,0.0425342768430709,6.28813362121582,129.59581562360498
WS23_L1_T1_P_0_trial_2_Tue_Mar__7_13_00_12_2023,0.0425342768430709,6.28813362121582,129.59581562360498
WS23_L1_T1_P_0_trial_2_Tue_Mar__7_13_00_12_2023,0.04257030785083771,6.234354496002197,129.59581562360498
WS23_L1_T1_P_0_trial_2_Tue_Mar__7_13_00_12_2023,0.04257030785083771,6.234354496002197,129.59581562360498
WS23_L1_T1_P_0_trial_2_Tue_Mar__7_13_00_12_2023,0.04257030785083771,6.234354496002197,129.59581562360498
WS23_L1_T1_P_0_trial_2_Tue_Mar__7_13_00_12_2023,0.04257030785083771,6.234354496002197,129.59581562360498
WS23_L1_T1_P_0_trial_2_Tue_Mar__7_13_00_12_2023,0.04257030785083771,6.234354496002197,129.59581562360498
WS23_L1_T1_P_0_trial_2_Tue_Mar__7_13_00_12_2023,0.04257030785083771,6.234354496002197,129.59581562360498
WS23_L1_T1_P_0_trial_2_Tue_Mar__7_13_00_12_2023,0.04257030785083771,6.234354496002197,129.59581562360498
WS23_L1_T1_P_0_trial_2_Tue_Mar__7_13_00_12_2023,0.042576983571052496,6.458714485168457,129.59581562360498
WS23_L1_T1_P_0_trial_2_Tue_Mar__7_13_00_12_2023,0.042576983571052496,6.458714485168457,129.59581562360498
WS23_L1_T1_P_0_trial_2_Tue_Mar__7_13_00_12_2023,0.042576983571052496,6.458714485168457,129.59581562360498
WS23_L1_T1_P_0_trial_2_Tue_Mar__7_13_00_12_2023,0.042576983571052496,6.458714485168457,129.59581562360498
WS23_L1_T1_P_0_trial_2_Tue_Mar__7_13_00_12_2023,0.042576983571052496,6.458714485168457,129.59581562360498
WS23_L1_T1_P_0_trial_2_Tue_Mar__7_13_00_12_2023,0.042576983571052496,6.458714485168457,129.59581562360498
WS23_L1_T1_P_0_trial_2_Tue_Mar__7_13_00_12_2023,0.042576983571052496,6.458714485168457,129.59581562360498
WS23_L1_T1_P_0_trial_2_Tue_Mar__7_13_00_12_2023,0.0426246225833892,6.390801429748535,129.59581562360498
WS23_L1_T1_P_0_trial_2_Tue_Mar__7_13_00_12_2023,0.0426246225833892,6.390801429748535,129.59581562360498
WS23_L1_T1_P_0_trial_2_Tue_Mar__7_13_00_12_2023,0.0426246225833892,6.390801429748535,129.59581562360498
WS23_L1_T1_P_0_trial_2_Tue_Mar__7_13_00_12_2023,0.0426246225833892,6.390801429748535,129.59581562360498
WS23_L1_T1_P_0_trial_2_Tue_Mar__7_13_00_12_2023,0.0426246225833892,6.390801429748535,129.59581562360498
WS23_L1_T1_P_0_trial_2_Tue_Mar__7_13_00_12_2023,0.0426246225833892,6.390801429748535,129.59581562360498
WS23_L1_T1_P_0_trial_2_Tue_Mar__7_13_00_12_2023,0.0426246225833892,6.390801429748535,129.59581562360498
WS23_L1_T1_P_0_trial_2_Tue_Mar__7_13_00_12_2023,0.04265928268432609,6.588441848754883,129.59581562360498
WS23_L1_T1_P_0_trial_2_Tue_Mar__7_13_00_12_2023,0.04265928268432609,6.588441848754883,129.59581562360498
WS23_L1_T1_P_0_trial_2_Tue_Mar__7_13_00_12_2023,0.04265928268432609,6.588441848754883,129.59581562360498
WS23_L1_T1_P_0_trial_2_Tue_Mar__7_13_00_12_2023,0.04265928268432609,6.588441848754883,129.59581562360498
WS23_L1_T1_P_0_trial_2_Tue_Mar__7_13_00_12_2023,0.04265928268432609,6.588441848754883,129.59581562360498
WS23_L1_T1_P_0_trial_2_Tue_Mar__7_13_00_12_2023,0.04265928268432609,6.588441848754883,129.59581562360498
WS23_L1_T1_P_0_trial_2_Tue_Mar__7_13_00_12_2023,0.04265928268432609,6.588441848754883,129.59581562360498
WS23_L1_T1_P_0_trial_2_Tue_Mar__7_13_00_12_2023,0.04265928268432609,6.588441848754883,129.59581562360498
WS23_L1_T1_P_0_trial_2_Tue_Mar__7_13_00_12_2023,0.04269884526729581,6.622860431671143,129.59581562360498
WS23_L1_T1_P_0_trial_2_Tue_Mar__7_13_00_12_2023,0.04269884526729581,6.622860431671143,129.59581562360498
WS23_L1_T1_P_0_trial_2_Tue_Mar__7_13_00_12_2023,0.04269884526729581,6.622860431671143,129.59581562360498
WS23_L1_T1_P_0_trial_2_Tue_Mar__7_13_00_12_2023,0.04269884526729581,6.622860431671143,129.59581562360498
WS23_L1_T1_P_0_trial_2_Tue_Mar__7_13_00_12_2023,0.04269884526729581,6.622860431671143,129.59581562360498
WS23_L1_T1_P_0_trial_2_Tue_Mar__7_13_00_12_2023,0.04269884526729581,6.622860431671143,129.59581562360498
WS23_L1_T1_P_0_trial_2_Tue_Mar__7_13_00_12_2023,0.04269884526729581,6.622860431671143,129.59581562360498
WS23_L1_T1_P_0_trial_2_Tue_Mar__7_13_00_12_2023,0.04274219274520871,6.67812967300415,129.59581562360498
WS23_L1_T1_P_0_trial_2_Tue_Mar__7_13_00_12_2023,0.04274219274520871,6.67812967300415,129.59581562360498
WS23_L1_T1_P_0_trial_2_Tue_Mar__7_13_00_12_2023,0.04274219274520871,6.67812967300415,129.59581562360498
WS23_L1_T1_P_0_trial_2_Tue_Mar__7_13_00_12_2023,0.04274219274520871,6.67812967300415,129.59581562360498
WS23_L1_T1_P_0_trial_2_Tue_Mar__7_13_00_12_2023,0.04274219274520871,6.67812967300415,129.59581562360498
WS23_L1_T1_P_0_trial_2_Tue_Mar__7_13_00_12_2023,0.04274219274520871,6.67812967300415,129.59581562360498
WS23_L1_T1_P_0_trial_2_Tue_Mar__7_13_00_12_2023,0.04279409348964691,6.75169038772583,129.59581562360498
WS23_L1_T1_P_0_trial_2_Tue_Mar__7_13_00_12_2023,0.04279409348964691,6.75169038772583,129.59581562360498
WS23_L1_T1_P_0_trial_2_Tue_Mar__7_13_00_12_2023,0.04279409348964691,6.75169038772583,129.59581562360498
WS23_L1_T1_P_0_trial_2_Tue_Mar__7_13_00_12_2023,0.04279409348964691,6.75169038772583,129.59581562360498
WS23_L1_T1_P_0_trial_2_Tue_Mar__7_13_00_12_2023,0.04279409348964691,6.75169038772583,129.59581562360498
WS23_L1_T1_P_0_trial_2_Tue_Mar__7_13_00_12_2023,0.04287001490592951,6.675017356872559,129.59581562360498
WS23_L1_T1_P_0_trial_2_Tue_Mar__7_13_00_12_2023,0.04287001490592951,6.675017356872559,129.59581562360498
WS23_L1_T1_P_0_trial_2_Tue_Mar__7_13_00_12_2023,0.04287001490592951,6.675017356872559,129.59581562360498
WS23_L1_T1_P_0_trial_2_Tue_Mar__7_13_00_12_2023,0.04287001490592951,6.675017356872559,129.59581562360498
WS23_L1_T1_P_0_trial_2_Tue_Mar__7_13_00_12_2023,0.042902678251266396,6.7307000160217285,129.59581562360498
WS23_L1_T1_P_0_trial_2_Tue_Mar__7_13_00_12_2023,0.042902678251266396,6.7307000160217285,129.59581562360498
WS23_L1_T1_P_0_trial_2_Tue_Mar__7_13_00_12_2023,0.042902678251266396,6.7307000160217285,129.59581562360498
WS23_L1_T1_P_0_trial_2_Tue_Mar__7_13_00_12_2023,0.042902678251266396,6.7307000160217285,129.59581562360498
WS23_L1_T1_P_0_trial_2_Tue_Mar__7_13_00_12_2023,0.042902678251266396,6.7307000160217285,129.59581562360498
WS23_L1_T1_P_0_trial_2_Tue_Mar__7_13_00_12_2023,0.042902678251266396,6.7307000160217285,129.59581562360498
WS23_L1_T1_P_0_trial_2_Tue_Mar__7_13_00_12_2023,0.042902678251266396,6.7307000160217285,129.59581562360498
WS23_L1_T1_P_0_trial_2_Tue_Mar__7_13_00_12_2023,0.04294556379318229,6.938517093658447,129.59581562360498
WS23_L1_T1_P_0_trial_2_Tue_Mar__7_13_00_12_2023,0.04294556379318229,6.938517093658447,129.59581562360498
WS23_L1_T1_P_0_trial_2_Tue_Mar__7_13_00_12_2023,0.04294556379318229,6.938517093658447,129.59581562360498
WS23_L1_T1_P_0_trial_2_Tue_Mar__7_13_00_12_2023,0.04294556379318229,6.938517093658447,129.59581562360498
WS23_L1_T1_P_0_trial_2_Tue_Mar__7_13_00_12_2023,0.04294556379318229,6.938517093658447,129.59581562360498
WS23_L1_T1_P_0_trial_2_Tue_Mar__7_13_00_12_2023,0.04294556379318229,6.938517093658447,129.59581562360498
WS23_L1_T1_P_0_trial_2_Tue_Mar__7_13_00_12_2023,0.04294556379318229,6.938517093658447,129.59581562360498
WS23_L1_T1_P_0_trial_2_Tue_Mar__7_13_00_12_2023,0.04294556379318229,6.938517093658447,129.59581562360498
WS23_L1_T1_P_0_trial_2_Tue_Mar__7_13_00_12_2023,0.04294556379318229,6.938517093658447,129.59581562360498
WS23_L1_T1_P_0_trial_2_Tue_Mar__7_13_00_12_2023,0.04294556379318229,6.938517093658447,129.59581562360498
WS23_L1_T1_P_0_trial_2_Tue_Mar__7_13_00_12_2023,0.04294556379318229,6.938517093658447,129.59581562360498
WS23_L1_T1_P_0_trial_2_Tue_Mar__7_13_00_12_2023,0.04294556379318229,6.938517093658447,129.59581562360498
WS23_L1_T1_P_0_trial_2_Tue_Mar__7_13_00_12_2023,0.04294556379318229,6.938517093658447,129.59581562360498
WS23_L1_T1_P_0_trial_2_Tue_Mar__7_13_00_12_2023,0.04294556379318229,6.938517093658447,129.59581562360498
WS23_L1_T1_P_0_trial_2_Tue_Mar__7_13_00_12_2023,0.04294556379318229,6.938517093658447,129.59581562360498
WS23_L1_T1_P_0_trial_2_Tue_Mar__7_13_00_12_2023,0.04301522672176361,7.044492244720459,129.59581562360498
WS23_L1_T1_P_0_trial_2_Tue_Mar__7_13_00_12_2023,0.04301522672176361,7.044492244720459,129.59581562360498
WS23_L1_T1_P_0_trial_2_Tue_Mar__7_13_00_12_2023,0.04301522672176361,7.044492244720459,129.59581562360498
WS23_L1_T1_P_0_trial_2_Tue_Mar__7_13_00_12_2023,0.04301522672176361,7.044492244720459,129.59581562360498
WS23_L1_T1_P_0_trial_2_Tue_Mar__7_13_00_12_2023,0.04301522672176361,7.044492244720459,129.59581562360498
WS23_L1_T1_P_0_trial_2_Tue_Mar__7_13_00_12_2023,0.04301522672176361,7.044492244720459,129.59581562360498
WS23_L1_T1_P_0_trial_2_Tue_Mar__7_13_00_12_2023,0.04301522672176361,7.044492244720459,129.59581562360498
WS23_L1_T1_P_0_trial_2_Tue_Mar__7_13_00_12_2023,0.043051198124885504,7.0258331298828125,129.59581562360498
WS23_L1_T1_P_0_trial_2_Tue_Mar__7_13_00_12_2023,0.043051198124885504,7.0258331298828125,129.59581562360498
WS23_L1_T1_P_0_trial_2_Tue_Mar__7_13_00_12_2023,0.043051198124885504,7.0258331298828125,129.59581562360498
WS23_L1_T1_P_0_trial_2_Tue_Mar__7_13_00_12_2023,0.043051198124885504,7.0258331298828125,129.59581562360498
WS23_L1_T1_P_0_trial_2_Tue_Mar__7_13_00_12_2023,0.043051198124885504,7.0258331298828125,129.59581562360498
WS23_L1_T1_P_0_trial_2_Tue_Mar__7_13_00_12_2023,0.043051198124885504,7.0258331298828125,129.59581562360498
WS23_L1_T1_P_0_trial_2_Tue_Mar__7_13_00_12_2023,0.043051198124885504,7.0258331298828125,129.59581562360498
WS23_L1_T1_P_0_trial_2_Tue_Mar__7_13_00_12_2023,0.043051198124885504,7.0258331298828125,129.59581562360498
WS23_L1_T1_P_0_trial_2_Tue_Mar__7_13_00_12_2023,0.043141975998878396,7.129150390625,129.59581562360498
WS23_L1_T1_P_0_trial_2_Tue_Mar__7_13_00_12_2023,0.043141975998878396,7.129150390625,129.59581562360498
WS23_L1_T1_P_0_trial_2_Tue_Mar__7_13_00_12_2023,0.043141975998878396,7.129150390625,129.59581562360498
WS23_L1_T1_P_0_trial_2_Tue_Mar__7_13_00_12_2023,0.043141975998878396,7.129150390625,129.59581562360498
WS23_L1_T1_P_0_trial_2_Tue_Mar__7_13_00_12_2023,0.043141975998878396,7.129150390625,129.59581562360498
WS23_L1_T1_P_0_trial_2_Tue_Mar__7_13_00_12_2023,0.043141975998878396,7.129150390625,129.59581562360498
WS23_L1_T1_P_0_trial_2_Tue_Mar__7_13_00_12_2023,0.043141975998878396,7.129150390625,129.59581562360498
WS23_L1_T1_P_0_trial_2_Tue_Mar__7_13_00_12_2023,0.0432046949863433,7.065236568450928,129.59581562360498
WS23_L1_T1_P_0_trial_2_Tue_Mar__7_13_00_12_2023,0.0432046949863433,7.065236568450928,129.59581562360498
WS23_L1_T1_P_0_trial_2_Tue_Mar__7_13_00_12_2023,0.0432046949863433,7.065236568450928,129.59581562360498
WS23_L1_T1_P_0_trial_2_Tue_Mar__7_13_00_12_2023,0.0432046949863433,7.065236568450928,129.59581562360498
WS23_L1_T1_P_0_trial_2_Tue_Mar__7_13_00_12_2023,0.0432046949863433,7.065236568450928,129.59581562360498
WS23_L1_T1_P_0_trial_2_Tue_Mar__7_13_00_12_2023,0.0432046949863433,7.065236568450928,129.59581562360498
WS23_L1_T1_P_0_trial_2_Tue_Mar__7_13_00_12_2023,0.0432046949863433,7.065236568450928,129.59581562360498
WS23_L1_T1_P_0_trial_2_Tue_Mar__7_13_00_12_2023,0.0432046949863433,7.065236568450928,129.59581562360498
WS23_L1_T1_P_0_trial_2_Tue_Mar__7_13_00_12_2023,0.04330864548683161,7.0872344970703125,129.59581562360498
WS23_L1_T1_P_0_trial_2_Tue_Mar__7_13_00_12_2023,0.04330864548683161,7.0872344970703125,129.59581562360498
WS23_L1_T1_P_0_trial_2_Tue_Mar__7_13_00_12_2023,0.04330864548683161,7.0872344970703125,129.59581562360498
WS23_L1_T1_P_0_trial_2_Tue_Mar__7_13_00_12_2023,0.04330864548683161,7.0872344970703125,129.59581562360498
WS23_L1_T1_P_0_trial_2_Tue_Mar__7_13_00_12_2023,0.04330864548683161,7.0872344970703125,129.59581562360498
WS23_L1_T1_P_0_trial_2_Tue_Mar__7_13_00_12_2023,0.04341968894004819,6.955337524414063,129.59581562360498
WS23_L1_T1_P_0_trial_2_Tue_Mar__7_13_00_12_2023,0.04341968894004819,6.955337524414063,129.59581562360498
WS23_L1_T1_P_0_trial_2_Tue_Mar__7_13_00_12_2023,0.04341968894004819,6.955337524414063,129.59581562360498
WS23_L1_T1_P_0_trial_2_Tue_Mar__7_13_00_12_2023,0.04341968894004819,6.955337524414063,129.59581562360498
WS23_L1_T1_P_0_trial_2_Tue_Mar__7_13_00_12_2023,0.04341968894004819,6.955337524414063,129.59581562360498
WS23_L1_T1_P_0_trial_2_Tue_Mar__7_13_00_12_2023,0.04341968894004819,6.955337524414063,129.59581562360498
WS23_L1_T1_P_0_trial_2_Tue_Mar__7_13_00_12_2023,0.04341968894004819,6.955337524414063,129.59581562360498
WS23_L1_T1_P_0_trial_2_Tue_Mar__7_13_00_12_2023,0.0434703528881073,6.922483921051025,129.59581562360498
WS23_L1_T1_P_0_trial_2_Tue_Mar__7_13_00_12_2023,0.0434703528881073,6.922483921051025,129.59581562360498
WS23_L1_T1_P_0_trial_2_Tue_Mar__7_13_00_12_2023,0.0434703528881073,6.922483921051025,129.59581562360498
WS23_L1_T1_P_0_trial_2_Tue_Mar__7_13_00_12_2023,0.0434703528881073,6.922483921051025,129.59581562360498
WS23_L1_T1_P_0_trial_2_Tue_Mar__7_13_00_12_2023,0.0434703528881073,6.922483921051025,129.59581562360498
WS23_L1_T1_P_0_trial_2_Tue_Mar__7_13_00_12_2023,0.0434703528881073,6.922483921051025,129.59581562360498
WS23_L1_T1_P_0_trial_2_Tue_Mar__7_13_00_12_2023,0.0434703528881073,6.922483921051025,129.59581562360498
WS23_L1_T1_P_0_trial_2_Tue_Mar__7_13_00_12_2023,0.0434703528881073,6.922483921051025,129.59581562360498
WS23_L1_T1_P_0_trial_2_Tue_Mar__7_13_00_12_2023,0.0435072034597396,6.884039402008057,129.59581562360498
WS23_L1_T1_P_0_trial_2_Tue_Mar__7_13_00_12_2023,0.0435072034597396,6.884039402008057,129.59581562360498
WS23_L1_T1_P_0_trial_2_Tue_Mar__7_13_00_12_2023,0.0435072034597396,6.884039402008057,129.59581562360498
WS23_L1_T1_P_0_trial_2_Tue_Mar__7_13_00_12_2023,0.0435072034597396,6.884039402008057,129.59581562360498
WS23_L1_T1_P_0_trial_2_Tue_Mar__7_13_00_12_2023,0.0435072034597396,6.884039402008057,129.59581562360498
WS23_L1_T1_P_0_trial_2_Tue_Mar__7_13_00_12_2023,0.0435072034597396,6.884039402008057,129.59581562360498
WS23_L1_T1_P_0_trial_2_Tue_Mar__7_13_00_12_2023,0.043559670448303195,6.8507161140441895,129.59581562360498
WS23_L1_T1_P_0_trial_2_Tue_Mar__7_13_00_12_2023,0.043559670448303195,6.8507161140441895,129.59581562360498
WS23_L1_T1_P_0_trial_2_Tue_Mar__7_13_00_12_2023,0.043559670448303195,6.8507161140441895,129.59581562360498
WS23_L1_T1_P_0_trial_2_Tue_Mar__7_13_00_12_2023,0.043559670448303195,6.8507161140441895,129.59581562360498
WS23_L1_T1_P_0_trial_2_Tue_Mar__7_13_00_12_2023,0.043559670448303195,6.8507161140441895,129.59581562360498
WS23_L1_T1_P_0_trial_2_Tue_Mar__7_13_00_12_2023,0.043559670448303195,6.8507161140441895,129.59581562360498
WS23_L1_T1_P_0_trial_2_Tue_Mar__7_13_00_12_2023,0.043559670448303195,6.8507161140441895,129.59581562360498
WS23_L1_T1_P_0_trial_2_Tue_Mar__7_13_00_12_2023,0.043559670448303195,6.8507161140441895,129.59581562360498
WS23_L1_T1_P_0_trial_2_Tue_Mar__7_13_00_12_2023,0.043559670448303195,6.8507161140441895,129.59581562360498
WS23_L1_T1_P_0_trial_2_Tue_Mar__7_13_00_12_2023,0.043559670448303195,6.8507161140441895,129.59581562360498
WS23_L1_T1_P_0_trial_2_Tue_Mar__7_13_00_12_2023,0.043559670448303195,6.8507161140441895,129.59581562360498
WS23_L1_T1_P_0_trial_2_Tue_Mar__7_13_00_12_2023,0.043559670448303195,6.8507161140441895,129.59581562360498
WS23_L1_T1_P_0_trial_2_Tue_Mar__7_13_00_12_2023,0.043559670448303195,6.8507161140441895,129.59581562360498
WS23_L1_T1_P_0_trial_2_Tue_Mar__7_13_00_12_2023,0.043559670448303195,6.8507161140441895,129.59581562360498
WS23_L1_T1_P_0_trial_2_Tue_Mar__7_13_00_12_2023,0.043559670448303195,6.8507161140441895,129.59581562360498
WS23_L1_T1_P_0_trial_2_Tue_Mar__7_13_00_12_2023,0.043559670448303195,6.8507161140441895,129.59581562360498
WS23_L1_T1_P_0_trial_2_Tue_Mar__7_13_00_12_2023,0.043559670448303195,6.8507161140441895,129.59581562360498
WS23_L1_T1_P_0_trial_2_Tue_Mar__7_13_00_12_2023,0.043559670448303195,6.8507161140441895,129.59581562360498
WS23_L1_T1_P_0_trial_2_Tue_Mar__7_13_00_12_2023,0.043559670448303195,6.8507161140441895,129.59581562360498
WS23_L1_T1_P_0_trial_2_Tue_Mar__7_13_00_12_2023,0.043559670448303195,6.8507161140441895,129.59581562360498
WS23_L1_T1_P_0_trial_2_Tue_Mar__7_13_00_12_2023,0.043559670448303195,6.8507161140441895,129.59581562360498
WS23_L1_T1_P_0_trial_2_Tue_Mar__7_13_00_12_2023,0.0436005890369415,6.801522254943848,129.59581562360498
WS23_L1_T1_P_0_trial_2_Tue_Mar__7_13_00_12_2023,0.0436005890369415,6.801522254943848,129.59581562360498
WS23_L1_T1_P_0_trial_2_Tue_Mar__7_13_00_12_2023,0.0436005890369415,6.801522254943848,129.59581562360498
WS23_L1_T1_P_0_trial_2_Tue_Mar__7_13_00_12_2023,0.0436005890369415,6.801522254943848,129.59581562360498
WS23_L1_T1_P_0_trial_2_Tue_Mar__7_13_00_12_2023,0.0436005890369415,6.801522254943848,129.59581562360498
WS23_L1_T1_P_0_trial_2_Tue_Mar__7_13_00_12_2023,0.0436005890369415,6.801522254943848,129.59581562360498
WS23_L1_T1_P_0_trial_2_Tue_Mar__7_13_00_12_2023,0.0436005890369415,6.801522254943848,129.59581562360498
WS23_L1_T1_P_0_trial_2_Tue_Mar__7_13_00_12_2023,0.04364167153835291,6.7673020362854,129.59581562360498
WS23_L1_T1_P_0_trial_2_Tue_Mar__7_13_00_12_2023,0.04364167153835291,6.7673020362854,129.59581562360498
WS23_L1_T1_P_0_trial_2_Tue_Mar__7_13_00_12_2023,0.04364167153835291,6.7673020362854,129.59581562360498
WS23_L1_T1_P_0_trial_2_Tue_Mar__7_13_00_12_2023,0.04364167153835291,6.7673020362854,129.59581562360498
WS23_L1_T1_P_0_trial_2_Tue_Mar__7_13_00_12_2023,0.04364167153835291,6.7673020362854,129.59581562360498
WS23_L1_T1_P_0_trial_2_Tue_Mar__7_13_00_12_2023,0.04364167153835291,6.7673020362854,129.59581562360498
WS23_L1_T1_P_0_trial_2_Tue_Mar__7_13_00_12_2023,0.04364167153835291,6.7673020362854,129.59581562360498
WS23_L1_T1_P_0_trial_2_Tue_Mar__7_13_00_12_2023,0.04364167153835291,6.7673020362854,129.59581562360498
WS23_L1_T1_P_0_trial_2_Tue_Mar__7_13_00_12_2023,0.04364167153835291,6.7673020362854,129.59581562360498
WS23_L1_T1_P_0_trial_2_Tue_Mar__7_13_00_12_2023,0.04364167153835291,6.7673020362854,129.59581562360498
WS23_L1_T1_P_0_trial_2_Tue_Mar__7_13_00_12_2023,0.04364167153835291,6.7673020362854,129.59581562360498
WS23_L1_T1_P_0_trial_2_Tue_Mar__7_13_00_12_2023,0.04364167153835291,6.7673020362854,129.59581562360498
WS23_L1_T1_P_0_trial_2_Tue_Mar__7_13_00_12_2023,0.04364167153835291,6.7673020362854,129.59581562360498
WS23_L1_T1_P_0_trial_2_Tue_Mar__7_13_00_12_2023,0.04364167153835291,6.7673020362854,129.59581562360498
WS23_L1_T1_P_0_trial_2_Tue_Mar__7_13_00_12_2023,0.04364167153835291,6.7673020362854,129.59581562360498
WS23_L1_T1_P_0_trial_2_Tue_Mar__7_13_00_12_2023,0.04364167153835291,6.7673020362854,129.59581562360498
WS23_L1_T1_P_0_trial_2_Tue_Mar__7_13_00_12_2023,0.04364167153835291,6.7673020362854,129.59581562360498
WS23_L1_T1_P_0_trial_2_Tue_Mar__7_13_00_12_2023,0.04364167153835291,6.7673020362854,129.59581562360498
WS23_L1_T1_P_0_trial_2_Tue_Mar__7_13_00_12_2023,0.04364167153835291,6.7673020362854,129.59581562360498
WS23_L1_T1_P_0_trial_2_Tue_Mar__7_13_00_12_2023,0.04364167153835291,6.7673020362854,129.59581562360498
WS23_L1_T1_P_0_trial_2_Tue_Mar__7_13_00_12_2023,0.04364167153835291,6.7673020362854,129.59581562360498
WS23_L1_T1_P_0_trial_2_Tue_Mar__7_13_00_12_2023,0.04364167153835291,6.7673020362854,129.59581562360498
WS23_L1_T1_P_0_trial_2_Tue_Mar__7_13_00_12_2023,0.04364167153835291,6.7673020362854,129.59581562360498
WS23_L1_T1_P_0_trial_2_Tue_Mar__7_13_00_12_2023,0.04364167153835291,6.7673020362854,129.59581562360498
WS23_L1_T1_P_0_trial_2_Tue_Mar__7_13_00_12_2023,0.04364167153835291,6.7673020362854,129.59581562360498
WS23_L1_T1_P_0_trial_2_Tue_Mar__7_13_00_12_2023,0.04364167153835291,6.7673020362854,129.59581562360498
WS23_L1_T1_P_0_trial_2_Tue_Mar__7_13_00_12_2023,0.04364167153835291,6.7673020362854,129.59581562360498
WS23_L1_T1_P_0_trial_2_Tue_Mar__7_13_00_12_2023,0.04364167153835291,6.7673020362854,129.59581562360498
WS23_L1_T1_P_0_trial_2_Tue_Mar__7_13_00_12_2023,0.04364167153835291,6.7673020362854,129.59581562360498
WS23_L1_T1_P_0_trial_2_Tue_Mar__7_13_00_12_2023,0.04364167153835291,6.7673020362854,129.59581562360498
WS23_L1_T1_P_0_trial_2_Tue_Mar__7_13_00_12_2023,0.04364167153835291,6.7673020362854,129.59581562360498
WS23_L1_T1_P_0_trial_2_Tue_Mar__7_13_00_12_2023,0.04364167153835291,6.7673020362854,129.59581562360498
WS23_L1_T1_P_0_trial_2_Tue_Mar__7_13_00_12_2023,0.04364167153835291,6.7673020362854,129.59581562360498
WS23_L1_T1_P_0_trial_2_Tue_Mar__7_13_00_12_2023,0.04364167153835291,6.7673020362854,129.59581562360498
WS23_L1_T1_P_0_trial_2_Tue_Mar__7_13_00_12_2023,0.04364167153835291,6.7673020362854,129.59581562360498
WS23_L1_T1_P_0_trial_2_Tue_Mar__7_13_00_12_2023,0.04364167153835291,6.7673020362854,129.59581562360498
WS23_L1_T1_P_0_trial_2_Tue_Mar__7_13_00_12_2023,0.04364167153835291,6.7673020362854,129.59581562360498
WS23_L1_T1_P_0_trial_2_Tue_Mar__7_13_00_12_2023,0.04364167153835291,6.7673020362854,129.59581562360498
WS23_L1_T1_P_0_trial_2_Tue_Mar__7_13_00_12_2023,0.04364167153835291,6.7673020362854,129.59581562360498
WS23_L1_T1_P_0_trial_2_Tue_Mar__7_13_00_12_2023,0.04364167153835291,6.7673020362854,129.59581562360498
WS23_L1_T1_P_0_trial_2_Tue_Mar__7_13_00_12_2023,0.04364167153835291,6.7673020362854,129.59581562360498
WS23_L1_T1_P_0_trial_2_Tue_Mar__7_13_00_12_2023,0.04364167153835291,6.7673020362854,129.59581562360498
WS23_L1_T1_P_0_trial_2_Tue_Mar__7_13_00_12_2023,0.04364167153835291,6.7673020362854,129.59581562360498
WS23_L1_T1_P_0_trial_2_Tue_Mar__7_13_00_12_2023,0.04364167153835291,6.7673020362854,129.59581562360498
WS23_L1_T1_P_0_trial_2_Tue_Mar__7_13_00_12_2023,0.04364167153835291,6.7673020362854,129.59581562360498
WS23_L1_T1_P_0_trial_2_Tue_Mar__7_13_00_12_2023,0.04364167153835291,6.7673020362854,129.59581562360498
WS23_L1_T1_P_0_trial_2_Tue_Mar__7_13_00_12_2023,0.04364167153835291,6.7673020362854,129.59581562360498
WS23_L1_T1_P_0_trial_2_Tue_Mar__7_13_00_12_2023,0.04364167153835291,6.7673020362854,129.59581562360498
WS23_L1_T1_P_0_trial_2_Tue_Mar__7_13_00_12_2023,0.04364167153835291,6.7673020362854,129.59581562360498
WS23_L1_T1_P_0_trial_2_Tue_Mar__7_13_00_12_2023,0.04364167153835291,6.7673020362854,129.59581562360498
WS23_L1_T1_P_0_trial_2_Tue_Mar__7_13_00_12_2023,0.04364167153835291,6.7673020362854,129.59581562360498
WS23_L1_T1_P_0_trial_2_Tue_Mar__7_13_00_12_2023,0.04364167153835291,6.7673020362854,129.59581562360498
WS23_L1_T1_P_0_trial_2_Tue_Mar__7_13_00_12_2023,0.04364167153835291,6.7673020362854,129.59581562360498
WS23_L1_T1_P_0_trial_2_Tue_Mar__7_13_00_12_2023,0.04364167153835291,6.7673020362854,129.59581562360498
WS23_L1_T1_P_0_trial_2_Tue_Mar__7_13_00_12_2023,0.04364167153835291,6.7673020362854,129.59581562360498
WS23_L1_T1_P_0_trial_2_Tue_Mar__7_13_00_12_2023,0.04364167153835291,6.7673020362854,129.59581562360498
WS23_L1_T1_P_0_trial_2_Tue_Mar__7_13_00_12_2023,0.04364167153835291,6.7673020362854,129.59581562360498
WS23_L1_T1_P_0_trial_2_Tue_Mar__7_13_00_12_2023,0.04364167153835291,6.7673020362854,129.59581562360498
WS23_L1_T1_P_0_trial_2_Tue_Mar__7_13_00_12_2023,0.04364167153835291,6.7673020362854,129.59581562360498
WS23_L1_T1_P_0_trial_2_Tue_Mar__7_13_00_12_2023,0.04364167153835291,6.7673020362854,129.59581562360498
WS23_L1_T1_P_0_trial_2_Tue_Mar__7_13_00_12_2023,0.04364167153835291,6.7673020362854,129.59581562360498
WS23_L1_T1_P_0_trial_2_Tue_Mar__7_13_00_12_2023,0.04364167153835291,6.7673020362854,129.59581562360498
WS23_L1_T1_P_0_trial_2_Tue_Mar__7_13_00_12_2023,0.04364167153835291,6.7673020362854,129.59581562360498
WS23_L1_T1_P_0_trial_2_Tue_Mar__7_13_00_12_2023,0.04364167153835291,6.7673020362854,129.59581562360498
WS23_L1_T1_P_0_trial_2_Tue_Mar__7_13_00_12_2023,0.04364167153835291,6.7673020362854,129.59581562360498
WS23_L1_T1_P_0_trial_2_Tue_Mar__7_13_00_12_2023,0.04364167153835291,6.7673020362854,129.59581562360498
WS23_L1_T1_P_0_trial_2_Tue_Mar__7_13_00_12_2023,0.04364167153835291,6.7673020362854,129.59581562360498
WS23_L1_T1_P_0_trial_2_Tue_Mar__7_13_00_12_2023,0.04364167153835291,6.7673020362854,129.59581562360498
WS23_L1_T1_P_0_trial_2_Tue_Mar__7_13_00_12_2023,0.04364167153835291,6.7673020362854,129.59581562360498
WS23_L1_T1_P_0_trial_2_Tue_Mar__7_13_00_12_2023,0.04364167153835291,6.7673020362854,129.59581562360498
WS23_L1_T1_P_0_trial_2_Tue_Mar__7_13_00_12_2023,0.04364167153835291,6.7673020362854,129.59581562360498
WS23_L1_T1_P_0_trial_2_Tue_Mar__7_13_00_12_2023,0.04364167153835291,6.7673020362854,129.59581562360498
WS23_L1_T1_P_0_trial_2_Tue_Mar__7_13_00_12_2023,0.04364167153835291,6.7673020362854,129.59581562360498
WS23_L1_T1_P_0_trial_2_Tue_Mar__7_13_00_12_2023,0.04364167153835291,6.7673020362854,129.59581562360498
WS23_L1_T1_P_0_trial_2_Tue_Mar__7_13_00_12_2023,0.04364167153835291,6.7673020362854,129.59581562360498
WS23_L1_T1_P_0_trial_2_Tue_Mar__7_13_00_12_2023,0.04364167153835291,6.7673020362854,129.59581562360498
WS23_L1_T1_P_0_trial_2_Tue_Mar__7_13_00_12_2023,0.04364167153835291,6.7673020362854,129.59581562360498
WS23_L1_T1_P_0_trial_2_Tue_Mar__7_13_00_12_2023,0.04364167153835291,6.7673020362854,129.59581562360498
WS23_L1_T1_P_0_trial_2_Tue_Mar__7_13_00_12_2023,0.04364167153835291,6.7673020362854,129.59581562360498
WS23_L1_T1_P_0_trial_2_Tue_Mar__7_13_00_12_2023,0.04364167153835291,6.7673020362854,129.59581562360498
WS23_L1_T1_P_0_trial_2_Tue_Mar__7_13_00_12_2023,0.04364167153835291,6.7673020362854,129.59581562360498
WS23_L1_T1_P_0_trial_2_Tue_Mar__7_13_00_12_2023,0.04364167153835291,6.7673020362854,129.59581562360498
WS23_L1_T1_P_0_trial_2_Tue_Mar__7_13_00_12_2023,0.04364167153835291,6.7673020362854,129.59581562360498
WS23_L1_T1_P_0_trial_2_Tue_Mar__7_13_00_12_2023,0.04364167153835291,6.7673020362854,129.59581562360498
WS23_L1_T1_P_0_trial_2_Tue_Mar__7_13_00_12_2023,0.04364167153835291,6.7673020362854,129.59581562360498
WS23_L1_T1_P_0_trial_2_Tue_Mar__7_13_00_12_2023,0.04364167153835291,6.7673020362854,129.59581562360498
WS23_L1_T1_P_0_trial_2_Tue_Mar__7_13_00_12_2023,0.04364167153835291,6.7673020362854,129.59581562360498
WS23_L1_T1_P_0_trial_2_Tue_Mar__7_13_00_12_2023,0.04364167153835291,6.7673020362854,129.59581562360498
WS23_L1_T1_P_0_trial_2_Tue_Mar__7_13_00_12_2023,0.04364167153835291,6.7673020362854,129.59581562360498
WS23_L1_T1_P_0_trial_2_Tue_Mar__7_13_00_12_2023,0.04364167153835291,6.7673020362854,129.59581562360498
WS23_L1_T1_P_0_trial_2_Tue_Mar__7_13_00_12_2023,0.04364167153835291,6.7673020362854,129.59581562360498
WS23_L1_T1_P_0_trial_2_Tue_Mar__7_13_00_12_2023,0.04364167153835291,6.7673020362854,129.59581562360498
WS23_L1_T1_P_0_trial_2_Tue_Mar__7_13_00_12_2023,0.04364167153835291,6.7673020362854,129.59581562360498
WS23_L1_T1_P_0_trial_2_Tue_Mar__7_13_00_12_2023,0.04364167153835291,6.7673020362854,129.59581562360498
WS23_L1_T1_P_0_trial_2_Tue_Mar__7_13_00_12_2023,0.04364167153835291,6.7673020362854,129.59581562360498
WS23_L1_T1_P_0_trial_2_Tue_Mar__7_13_00_12_2023,0.04364167153835291,6.7673020362854,129.59581562360498
WS23_L1_T1_P_0_trial_2_Tue_Mar__7_13_00_12_2023,0.04364167153835291,6.7673020362854,129.59581562360498
WS23_L1_T1_P_0_trial_2_Tue_Mar__7_13_00_12_2023,0.04364167153835291,6.7673020362854,129.59581562360498
WS23_L1_T1_P_0_trial_2_Tue_Mar__7_13_00_12_2023,0.04364167153835291,6.7673020362854,129.59581562360498
WS23_L1_T1_P_0_trial_2_Tue_Mar__7_13_00_12_2023,0.04364167153835291,6.7673020362854,129.59581562360498
WS23_L1_T1_P_0_trial_2_Tue_Mar__7_13_00_12_2023,0.04364167153835291,6.7673020362854,129.59581562360498
WS23_L1_T1_P_0_trial_2_Tue_Mar__7_13_00_12_2023,0.04364167153835291,6.7673020362854,129.59581562360498
WS23_L1_T1_P_0_trial_2_Tue_Mar__7_13_00_12_2023,0.04364167153835291,6.7673020362854,129.59581562360498
WS23_L1_T1_P_0_trial_2_Tue_Mar__7_13_00_12_2023,0.04364167153835291,6.7673020362854,129.59581562360498
WS23_L1_T1_P_0_trial_2_Tue_Mar__7_13_00_12_2023,0.04364167153835291,6.7673020362854,129.59581562360498
WS23_L1_T1_P_0_trial_2_Tue_Mar__7_13_00_12_2023,0.04364167153835291,6.7673020362854,129.59581562360498
WS23_L1_T1_P_0_trial_2_Tue_Mar__7_13_00_12_2023,0.04366624355316159,6.7230143547058105,129.59581562360498
WS23_L1_T1_P_0_trial_2_Tue_Mar__7_13_00_12_2023,0.04366624355316159,6.7230143547058105,129.59581562360498
WS23_L1_T1_P_0_trial_2_Tue_Mar__7_13_00_12_2023,0.04366624355316159,6.7230143547058105,129.59581562360498
WS23_L1_T1_P_0_trial_2_Tue_Mar__7_13_00_12_2023,0.04366624355316159,6.7230143547058105,129.59581562360498
WS23_L1_T1_P_0_trial_2_Tue_Mar__7_13_00_12_2023,0.04366624355316159,6.7230143547058105,129.59581562360498
WS23_L1_T1_P_0_trial_2_Tue_Mar__7_13_00_12_2023,0.04366624355316159,6.7230143547058105,129.59581562360498
WS23_L1_T1_P_0_trial_2_Tue_Mar__7_13_00_12_2023,0.0436809957027435,6.726190090179443,129.59581562360498
WS23_L1_T1_P_0_trial_2_Tue_Mar__7_13_00_12_2023,0.0436809957027435,6.726190090179443,129.59581562360498
WS23_L1_T1_P_0_trial_2_Tue_Mar__7_13_00_12_2023,0.0436809957027435,6.726190090179443,129.59581562360498
WS23_L1_T1_P_0_trial_2_Tue_Mar__7_13_00_12_2023,0.0436809957027435,6.726190090179443,129.59581562360498
WS23_L1_T1_P_0_trial_2_Tue_Mar__7_13_00_12_2023,0.0436809957027435,6.726190090179443,129.59581562360498
WS23_L1_T1_P_0_trial_2_Tue_Mar__7_13_00_12_2023,0.0436809957027435,6.726190090179443,129.59581562360498
WS23_L1_T1_P_0_trial_2_Tue_Mar__7_13_00_12_2023,0.0436809957027435,6.726190090179443,129.59581562360498
WS23_L1_T1_P_0_trial_2_Tue_Mar__7_13_00_12_2023,0.0436809957027435,6.726190090179443,129.59581562360498
WS23_L1_T1_P_0_trial_2_Tue_Mar__7_13_00_12_2023,0.0436809957027435,6.726190090179443,129.59581562360498
WS23_L1_T1_P_0_trial_2_Tue_Mar__7_13_00_12_2023,0.0436809957027435,6.726190090179443,129.59581562360498
WS23_L1_T1_P_0_trial_2_Tue_Mar__7_13_00_12_2023,0.0436809957027435,6.726190090179443,129.59581562360498
WS23_L1_T1_P_0_trial_2_Tue_Mar__7_13_00_12_2023,0.0436809957027435,6.726190090179443,129.59581562360498
WS23_L1_T1_P_0_trial_2_Tue_Mar__7_13_00_12_2023,0.0436809957027435,6.726190090179443,129.59581562360498
WS23_L1_T1_P_0_trial_2_Tue_Mar__7_13_00_12_2023,0.0436809957027435,6.726190090179443,129.59581562360498
WS23_L1_T1_P_0_trial_2_Tue_Mar__7_13_00_12_2023,0.0436809957027435,6.726190090179443,129.59581562360498
WS23_L1_T1_P_0_trial_2_Tue_Mar__7_13_00_12_2023,0.0436809957027435,6.726190090179443,129.59581562360498
WS23_L1_T1_P_0_trial_2_Tue_Mar__7_13_00_12_2023,0.0436809957027435,6.726190090179443,129.59581562360498
WS23_L1_T1_P_0_trial_2_Tue_Mar__7_13_00_12_2023,0.0436809957027435,6.726190090179443,129.59581562360498
WS23_L1_T1_P_0_trial_2_Tue_Mar__7_13_00_12_2023,0.0436809957027435,6.726190090179443,129.59581562360498
WS23_L1_T1_P_0_trial_2_Tue_Mar__7_13_00_12_2023,0.0436809957027435,6.726190090179443,129.59581562360498
WS23_L1_T1_P_0_trial_2_Tue_Mar__7_13_00_12_2023,0.0436809957027435,6.726190090179443,129.59581562360498
WS23_L1_T1_P_0_trial_2_Tue_Mar__7_13_00_12_2023,0.0436809957027435,6.726190090179443,129.59581562360498
WS23_L1_T1_P_0_trial_2_Tue_Mar__7_13_00_12_2023,0.0436809957027435,6.726190090179443,129.59581562360498
WS23_L1_T1_P_0_trial_2_Tue_Mar__7_13_00_12_2023,0.0436809957027435,6.726190090179443,129.59581562360498
WS23_L1_T1_P_0_trial_2_Tue_Mar__7_13_00_12_2023,0.0436809957027435,6.726190090179443,129.59581562360498
WS23_L1_T1_P_0_trial_2_Tue_Mar__7_13_00_12_2023,0.0436809957027435,6.726190090179443,129.59581562360498
WS23_L1_T1_P_0_trial_2_Tue_Mar__7_13_00_12_2023,0.0436809957027435,6.726190090179443,129.59581562360498
WS23_L1_T1_P_0_trial_2_Tue_Mar__7_13_00_12_2023,0.0436809957027435,6.726190090179443,129.59581562360498
WS23_L1_T1_P_0_trial_2_Tue_Mar__7_13_00_12_2023,0.0436809957027435,6.726190090179443,129.59581562360498
WS23_L1_T1_P_0_trial_2_Tue_Mar__7_13_00_12_2023,0.0436809957027435,6.726190090179443,129.59581562360498
WS23_L1_T1_P_0_trial_2_Tue_Mar__7_13_00_12_2023,0.0436809957027435,6.726190090179443,129.59581562360498
WS23_L1_T1_P_0_trial_2_Tue_Mar__7_13_00_12_2023,0.0436809957027435,6.726190090179443,129.59581562360498
WS23_L1_T1_P_0_trial_2_Tue_Mar__7_13_00_12_2023,0.0436809957027435,6.726190090179443,129.59581562360498
WS23_L1_T1_P_0_trial_2_Tue_Mar__7_13_00_12_2023,0.0436809957027435,6.726190090179443,129.59581562360498
WS23_L1_T1_P_0_trial_2_Tue_Mar__7_13_00_12_2023,0.0436809957027435,6.726190090179443,129.59581562360498
WS23_L1_T1_P_0_trial_2_Tue_Mar__7_13_00_12_2023,0.0436809957027435,6.726190090179443,129.59581562360498
WS23_L1_T1_P_0_trial_2_Tue_Mar__7_13_00_12_2023,0.0436809957027435,6.726190090179443,129.59581562360498
WS23_L1_T1_P_0_trial_2_Tue_Mar__7_13_00_12_2023,0.0436809957027435,6.726190090179443,129.59581562360498
WS23_L1_T1_P_0_trial_2_Tue_Mar__7_13_00_12_2023,0.0436809957027435,6.726190090179443,129.59581562360498
WS23_L1_T1_P_0_trial_2_Tue_Mar__7_13_00_12_2023,0.0436809957027435,6.726190090179443,129.59581562360498
WS23_L1_T1_P_0_trial_2_Tue_Mar__7_13_00_12_2023,0.0436809957027435,6.726190090179443,129.59581562360498
WS23_L1_T1_P_0_trial_2_Tue_Mar__7_13_00_12_2023,0.0436809957027435,6.726190090179443,129.59581562360498
WS23_L1_T1_P_0_trial_2_Tue_Mar__7_13_00_12_2023,0.0436809957027435,6.726190090179443,129.59581562360498
WS23_L1_T1_P_0_trial_2_Tue_Mar__7_13_00_12_2023,0.0436809957027435,6.726190090179443,129.59581562360498
WS23_L1_T1_P_0_trial_2_Tue_Mar__7_13_00_12_2023,0.0436809957027435,6.726190090179443,129.59581562360498
WS23_L1_T1_P_0_trial_2_Tue_Mar__7_13_00_12_2023,0.0436809957027435,6.726190090179443,129.59581562360498
WS23_L1_T1_P_0_trial_2_Tue_Mar__7_13_00_12_2023,0.0436809957027435,6.726190090179443,129.59581562360498
WS23_L1_T1_P_0_trial_2_Tue_Mar__7_13_00_12_2023,0.0436809957027435,6.726190090179443,129.59581562360498
WS23_L1_T1_P_0_trial_2_Tue_Mar__7_13_00_12_2023,0.0436809957027435,6.726190090179443,129.59581562360498
WS23_L1_T1_P_0_trial_2_Tue_Mar__7_13_00_12_2023,0.0436809957027435,6.726190090179443,129.59581562360498
WS23_L1_T1_P_0_trial_2_Tue_Mar__7_13_00_12_2023,0.0436809957027435,6.726190090179443,129.59581562360498
WS23_L1_T1_P_0_trial_2_Tue_Mar__7_13_00_12_2023,0.0436809957027435,6.726190090179443,129.59581562360498
WS23_L1_T1_P_0_trial_2_Tue_Mar__7_13_00_12_2023,0.0436809957027435,6.726190090179443,129.59581562360498
WS23_L1_T1_P_0_trial_2_Tue_Mar__7_13_00_12_2023,0.0437009781599044,6.687454700469971,129.59581562360498
WS23_L1_T1_P_0_trial_2_Tue_Mar__7_13_00_12_2023,0.0437009781599044,6.687454700469971,129.59581562360498
WS23_L1_T1_P_0_trial_2_Tue_Mar__7_13_00_12_2023,0.0437009781599044,6.687454700469971,129.59581562360498
WS23_L1_T1_P_0_trial_2_Tue_Mar__7_13_00_12_2023,0.0437009781599044,6.687454700469971,129.59581562360498
WS23_L1_T1_P_0_trial_2_Tue_Mar__7_13_00_12_2023,0.0437009781599044,6.687454700469971,129.59581562360498
WS23_L1_T1_P_0_trial_2_Tue_Mar__7_13_00_12_2023,0.0437009781599044,6.687454700469971,129.59581562360498
WS23_L1_T1_P_0_trial_2_Tue_Mar__7_13_00_12_2023,0.04372359812259671,6.683839797973633,129.59581562360498
WS23_L1_T1_P_0_trial_2_Tue_Mar__7_13_00_12_2023,0.04372359812259671,6.683839797973633,129.59581562360498
WS23_L1_T1_P_0_trial_2_Tue_Mar__7_13_00_12_2023,0.04372359812259671,6.683839797973633,129.59581562360498
WS23_L1_T1_P_0_trial_2_Tue_Mar__7_13_00_12_2023,0.04372359812259671,6.683839797973633,129.59581562360498
WS23_L1_T1_P_0_trial_2_Tue_Mar__7_13_00_12_2023,0.04372359812259671,6.683839797973633,129.59581562360498
WS23_L1_T1_P_0_trial_2_Tue_Mar__7_13_00_12_2023,0.04372359812259671,6.683839797973633,129.59581562360498
WS23_L1_T1_P_0_trial_2_Tue_Mar__7_13_00_12_2023,0.04372359812259671,6.683839797973633,129.59581562360498
WS23_L1_T1_P_0_trial_2_Tue_Mar__7_13_00_12_2023,0.04372359812259671,6.683839797973633,129.59581562360498
WS23_L1_T1_P_0_trial_2_Tue_Mar__7_13_00_12_2023,0.04372359812259671,6.683839797973633,129.59581562360498
WS23_L1_T1_P_0_trial_2_Tue_Mar__7_13_00_12_2023,0.04372359812259671,6.683839797973633,129.59581562360498
WS23_L1_T1_P_0_trial_2_Tue_Mar__7_13_00_12_2023,0.04372359812259671,6.683839797973633,129.59581562360498
WS23_L1_T1_P_0_trial_2_Tue_Mar__7_13_00_12_2023,0.04372359812259671,6.683839797973633,129.59581562360498
WS23_L1_T1_P_0_trial_2_Tue_Mar__7_13_00_12_2023,0.04372359812259671,6.683839797973633,129.59581562360498
WS23_L1_T1_P_0_trial_2_Tue_Mar__7_13_00_12_2023,0.04372359812259671,6.683839797973633,129.59581562360498
WS23_L1_T1_P_0_trial_2_Tue_Mar__7_13_00_12_2023,0.04372359812259671,6.683839797973633,129.59581562360498
WS23_L1_T1_P_0_trial_2_Tue_Mar__7_13_00_12_2023,0.04372359812259671,6.683839797973633,129.59581562360498
WS23_L1_T1_P_0_trial_2_Tue_Mar__7_13_00_12_2023,0.04372359812259671,6.683839797973633,129.59581562360498
WS23_L1_T1_P_0_trial_2_Tue_Mar__7_13_00_12_2023,0.04372359812259671,6.683839797973633,129.59581562360498
WS23_L1_T1_P_0_trial_2_Tue_Mar__7_13_00_12_2023,0.04372359812259671,6.683839797973633,129.59581562360498
WS23_L1_T1_P_0_trial_2_Tue_Mar__7_13_00_12_2023,0.04372359812259671,6.683839797973633,129.59581562360498
WS23_L1_T1_P_0_trial_2_Tue_Mar__7_13_00_12_2023,0.04372359812259671,6.683839797973633,129.59581562360498
WS23_L1_T1_P_0_trial_2_Tue_Mar__7_13_00_12_2023,0.04372359812259671,6.683839797973633,129.59581562360498
WS23_L1_T1_P_0_trial_2_Tue_Mar__7_13_00_12_2023,0.04372359812259671,6.683839797973633,129.59581562360498
WS23_L1_T1_P_0_trial_2_Tue_Mar__7_13_00_12_2023,0.04372359812259671,6.683839797973633,129.59581562360498
WS23_L1_T1_P_0_trial_2_Tue_Mar__7_13_00_12_2023,0.04372359812259671,6.683839797973633,129.59581562360498
WS23_L1_T1_P_0_trial_2_Tue_Mar__7_13_00_12_2023,0.04372359812259671,6.683839797973633,129.59581562360498
WS23_L1_T1_P_0_trial_2_Tue_Mar__7_13_00_12_2023,0.04372359812259671,6.683839797973633,129.59581562360498
WS23_L1_T1_P_0_trial_2_Tue_Mar__7_13_00_12_2023,0.04372359812259671,6.683839797973633,129.59581562360498
WS23_L1_T1_P_0_trial_2_Tue_Mar__7_13_00_12_2023,0.04372359812259671,6.683839797973633,129.59581562360498
WS23_L1_T1_P_0_trial_2_Tue_Mar__7_13_00_12_2023,0.04372359812259671,6.683839797973633,129.59581562360498
WS23_L1_T1_P_0_trial_2_Tue_Mar__7_13_00_12_2023,0.04372359812259671,6.683839797973633,129.59581562360498
WS23_L1_T1_P_0_trial_2_Tue_Mar__7_13_00_12_2023,0.04372359812259671,6.683839797973633,129.59581562360498
WS23_L1_T1_P_0_trial_2_Tue_Mar__7_13_00_12_2023,0.04372359812259671,6.683839797973633,129.59581562360498
WS23_L1_T1_P_0_trial_2_Tue_Mar__7_13_00_12_2023,0.04372359812259671,6.683839797973633,129.59581562360498
WS23_L1_T1_P_0_trial_2_Tue_Mar__7_13_00_12_2023,0.04372359812259671,6.683839797973633,129.59581562360498
WS23_L1_T1_P_0_trial_2_Tue_Mar__7_13_00_12_2023,0.04372359812259671,6.683839797973633,129.59581562360498
WS23_L1_T1_P_0_trial_2_Tue_Mar__7_13_00_12_2023,0.04372359812259671,6.683839797973633,129.59581562360498
WS23_L1_T1_P_0_trial_2_Tue_Mar__7_13_00_12_2023,0.043766662478446905,6.620251655578613,129.59581562360498
WS23_L1_T1_P_0_trial_2_Tue_Mar__7_13_00_12_2023,0.043766662478446905,6.620251655578613,129.59581562360498
WS23_L1_T1_P_0_trial_2_Tue_Mar__7_13_00_12_2023,0.043766662478446905,6.620251655578613,129.59581562360498
WS23_L1_T1_P_0_trial_2_Tue_Mar__7_13_00_12_2023,0.043766662478446905,6.620251655578613,129.59581562360498
WS23_L1_T1_P_0_trial_2_Tue_Mar__7_13_00_12_2023,0.043766662478446905,6.620251655578613,129.59581562360498
WS23_L1_T1_P_0_trial_2_Tue_Mar__7_13_00_12_2023,0.043766662478446905,6.620251655578613,129.59581562360498
WS23_L1_T1_P_0_trial_2_Tue_Mar__7_13_00_12_2023,0.0437629669904708,6.642706394195557,129.59581562360498
WS23_L1_T1_P_0_trial_2_Tue_Mar__7_13_00_12_2023,0.0437629669904708,6.642706394195557,129.59581562360498
WS23_L1_T1_P_0_trial_2_Tue_Mar__7_13_00_12_2023,0.0437629669904708,6.642706394195557,129.59581562360498
WS23_L1_T1_P_0_trial_2_Tue_Mar__7_13_00_12_2023,0.0437629669904708,6.642706394195557,129.59581562360498
WS23_L1_T1_P_0_trial_2_Tue_Mar__7_13_00_12_2023,0.0437629669904708,6.642706394195557,129.59581562360498
WS23_L1_T1_P_0_trial_2_Tue_Mar__7_13_00_12_2023,0.0437629669904708,6.642706394195557,129.59581562360498
WS23_L1_T1_P_0_trial_2_Tue_Mar__7_13_00_12_2023,0.0437629669904708,6.642706394195557,129.59581562360498
WS23_L1_T1_P_0_trial_2_Tue_Mar__7_13_00_12_2023,0.0437629669904708,6.642706394195557,129.59581562360498
WS23_L1_T1_P_0_trial_2_Tue_Mar__7_13_00_12_2023,0.0437629669904708,6.642706394195557,129.59581562360498
WS23_L1_T1_P_0_trial_2_Tue_Mar__7_13_00_12_2023,0.0437629669904708,6.642706394195557,129.59581562360498
WS23_L1_T1_P_0_trial_2_Tue_Mar__7_13_00_12_2023,0.0437629669904708,6.642706394195557,129.59581562360498
WS23_L1_T1_P_0_trial_2_Tue_Mar__7_13_00_12_2023,0.0437629669904708,6.642706394195557,129.59581562360498
WS23_L1_T1_P_0_trial_2_Tue_Mar__7_13_00_12_2023,0.0437629669904708,6.642706394195557,129.59581562360498
WS23_L1_T1_P_0_trial_2_Tue_Mar__7_13_00_12_2023,0.0437629669904708,6.642706394195557,129.59581562360498
WS23_L1_T1_P_0_trial_2_Tue_Mar__7_13_00_12_2023,0.0437629669904708,6.642706394195557,129.59581562360498
WS23_L1_T1_P_0_trial_2_Tue_Mar__7_13_00_12_2023,0.0437629669904708,6.642706394195557,129.59581562360498
WS23_L1_T1_P_0_trial_2_Tue_Mar__7_13_00_12_2023,0.0437629669904708,6.642706394195557,129.59581562360498
WS23_L1_T1_P_0_trial_2_Tue_Mar__7_13_00_12_2023,0.0437629669904708,6.642706394195557,129.59581562360498
WS23_L1_T1_P_0_trial_2_Tue_Mar__7_13_00_12_2023,0.0437629669904708,6.642706394195557,129.59581562360498
WS23_L1_T1_P_0_trial_2_Tue_Mar__7_13_00_12_2023,0.0437629669904708,6.642706394195557,129.59581562360498
WS23_L1_T1_P_0_trial_2_Tue_Mar__7_13_00_12_2023,0.0437629669904708,6.642706394195557,129.59581562360498
WS23_L1_T1_P_0_trial_2_Tue_Mar__7_13_00_12_2023,0.0437629669904708,6.642706394195557,129.59581562360498
WS23_L1_T1_P_0_trial_2_Tue_Mar__7_13_00_12_2023,0.0437629669904708,6.642706394195557,129.59581562360498
WS23_L1_T1_P_0_trial_2_Tue_Mar__7_13_00_12_2023,0.0437629669904708,6.642706394195557,129.59581562360498
WS23_L1_T1_P_0_trial_2_Tue_Mar__7_13_00_12_2023,0.0437629669904708,6.642706394195557,129.59581562360498
WS23_L1_T1_P_0_trial_2_Tue_Mar__7_13_00_12_2023,0.0437629669904708,6.642706394195557,129.59581562360498
WS23_L1_T1_P_0_trial_2_Tue_Mar__7_13_00_12_2023,0.0437629669904708,6.642706394195557,129.59581562360498
WS23_L1_T1_P_0_trial_2_Tue_Mar__7_13_00_12_2023,0.0437629669904708,6.642706394195557,129.59581562360498
WS23_L1_T1_P_0_trial_2_Tue_Mar__7_13_00_12_2023,0.0437629669904708,6.642706394195557,129.59581562360498
WS23_L1_T1_P_0_trial_2_Tue_Mar__7_13_00_12_2023,0.0437629669904708,6.642706394195557,129.59581562360498
WS23_L1_T1_P_0_trial_2_Tue_Mar__7_13_00_12_2023,0.0437629669904708,6.642706394195557,129.59581562360498
WS23_L1_T1_P_0_trial_2_Tue_Mar__7_13_00_12_2023,0.0437629669904708,6.642706394195557,129.59581562360498
WS23_L1_T1_P_0_trial_2_Tue_Mar__7_13_00_12_2023,0.0437629669904708,6.642706394195557,129.59581562360498
WS23_L1_T1_P_0_trial_2_Tue_Mar__7_13_00_12_2023,0.0437629669904708,6.642706394195557,129.59581562360498
WS23_L1_T1_P_0_trial_2_Tue_Mar__7_13_00_12_2023,0.0437629669904708,6.642706394195557,129.59581562360498
WS23_L1_T1_P_0_trial_2_Tue_Mar__7_13_00_12_2023,0.0437629669904708,6.642706394195557,129.59581562360498
WS23_L1_T1_P_0_trial_2_Tue_Mar__7_13_00_12_2023,0.0437629669904708,6.642706394195557,129.59581562360498
WS23_L1_T1_P_0_trial_2_Tue_Mar__7_13_00_12_2023,0.0437629669904708,6.642706394195557,129.59581562360498
WS23_L1_T1_P_0_trial_2_Tue_Mar__7_13_00_12_2023,0.0437629669904708,6.642706394195557,129.59581562360498
WS23_L1_T1_P_0_trial_2_Tue_Mar__7_13_00_12_2023,0.0437629669904708,6.642706394195557,129.59581562360498
WS23_L1_T1_P_0_trial_2_Tue_Mar__7_13_00_12_2023,0.0437629669904708,6.642706394195557,129.59581562360498
WS23_L1_T1_P_0_trial_2_Tue_Mar__7_13_00_12_2023,0.0437629669904708,6.642706394195557,129.59581562360498
WS23_L1_T1_P_0_trial_2_Tue_Mar__7_13_00_12_2023,0.0437629669904708,6.642706394195557,129.59581562360498
WS23_L1_T1_P_0_trial_2_Tue_Mar__7_13_00_12_2023,0.0437629669904708,6.642706394195557,129.59581562360498
WS23_L1_T1_P_0_trial_2_Tue_Mar__7_13_00_12_2023,0.0437629669904708,6.642706394195557,129.59581562360498
WS23_L1_T1_P_0_trial_2_Tue_Mar__7_13_00_12_2023,0.0437629669904708,6.642706394195557,129.59581562360498
WS23_L1_T1_P_0_trial_2_Tue_Mar__7_13_00_12_2023,0.0437629669904708,6.642706394195557,129.59581562360498
WS23_L1_T1_P_0_trial_2_Tue_Mar__7_13_00_12_2023,0.0437629669904708,6.642706394195557,129.59581562360498
WS23_L1_T1_P_0_trial_2_Tue_Mar__7_13_00_12_2023,0.0437629669904708,6.642706394195557,129.59581562360498
WS23_L1_T1_P_0_trial_2_Tue_Mar__7_13_00_12_2023,0.0437629669904708,6.642706394195557,129.59581562360498
WS23_L1_T1_P_0_trial_2_Tue_Mar__7_13_00_12_2023,0.0437629669904708,6.642706394195557,129.59581562360498
WS23_L1_T1_P_0_trial_2_Tue_Mar__7_13_00_12_2023,0.0437629669904708,6.642706394195557,129.59581562360498
WS23_L1_T1_P_0_trial_2_Tue_Mar__7_13_00_12_2023,0.0437629669904708,6.642706394195557,129.59581562360498
WS23_L1_T1_P_0_trial_2_Tue_Mar__7_13_00_12_2023,0.0437629669904708,6.642706394195557,129.59581562360498
WS23_L1_T1_P_0_trial_2_Tue_Mar__7_13_00_12_2023,0.0437629669904708,6.642706394195557,129.59581562360498
WS23_L1_T1_P_0_trial_2_Tue_Mar__7_13_00_12_2023,0.0437629669904708,6.642706394195557,129.59581562360498
WS23_L1_T1_P_0_trial_2_Tue_Mar__7_13_00_12_2023,0.0437629669904708,6.642706394195557,129.59581562360498
WS23_L1_T1_P_0_trial_2_Tue_Mar__7_13_00_12_2023,0.0437629669904708,6.642706394195557,129.59581562360498
WS23_L1_T1_P_0_trial_2_Tue_Mar__7_13_00_12_2023,0.0437629669904708,6.642706394195557,129.59581562360498
WS23_L1_T1_P_0_trial_2_Tue_Mar__7_13_00_12_2023,0.0437629669904708,6.642706394195557,129.59581562360498
WS23_L1_T1_P_0_trial_2_Tue_Mar__7_13_00_12_2023,0.0437629669904708,6.642706394195557,129.59581562360498
WS23_L1_T1_P_0_trial_2_Tue_Mar__7_13_00_12_2023,0.0437629669904708,6.642706394195557,129.59581562360498
WS23_L1_T1_P_0_trial_2_Tue_Mar__7_13_00_12_2023,0.0437629669904708,6.642706394195557,129.59581562360498
WS23_L1_T1_P_0_trial_2_Tue_Mar__7_13_00_12_2023,0.0437629669904708,6.642706394195557,129.59581562360498
WS23_L1_T1_P_0_trial_2_Tue_Mar__7_13_00_12_2023,0.0437629669904708,6.642706394195557,129.59581562360498
WS23_L1_T1_P_0_trial_2_Tue_Mar__7_13_00_12_2023,0.0437629669904708,6.642706394195557,129.59581562360498
WS23_L1_T1_P_0_trial_2_Tue_Mar__7_13_00_12_2023,0.0437629669904708,6.642706394195557,129.59581562360498
WS23_L1_T1_P_0_trial_2_Tue_Mar__7_13_00_12_2023,0.0437629669904708,6.642706394195557,129.59581562360498
WS23_L1_T1_P_0_trial_2_Tue_Mar__7_13_00_12_2023,0.0437629669904708,6.642706394195557,129.59581562360498
WS23_L1_T1_P_0_trial_2_Tue_Mar__7_13_00_12_2023,0.0437629669904708,6.642706394195557,129.59581562360498
WS23_L1_T1_P_0_trial_2_Tue_Mar__7_13_00_12_2023,0.0437629669904708,6.642706394195557,129.59581562360498
WS23_L1_T1_P_0_trial_2_Tue_Mar__7_13_00_12_2023,0.0437629669904708,6.642706394195557,129.59581562360498
WS23_L1_T1_P_0_trial_2_Tue_Mar__7_13_00_12_2023,0.0437629669904708,6.642706394195557,129.59581562360498
WS23_L1_T1_P_0_trial_2_Tue_Mar__7_13_00_12_2023,0.0437629669904708,6.642706394195557,129.59581562360498
WS23_L1_T1_P_0_trial_2_Tue_Mar__7_13_00_12_2023,0.0437629669904708,6.642706394195557,129.59581562360498
WS23_L1_T1_P_0_trial_2_Tue_Mar__7_13_00_12_2023,0.0437629669904708,6.642706394195557,129.59581562360498
WS23_L1_T1_P_0_trial_2_Tue_Mar__7_13_00_12_2023,0.0437629669904708,6.642706394195557,129.59581562360498
WS23_L1_T1_P_0_trial_2_Tue_Mar__7_13_00_12_2023,0.0437629669904708,6.642706394195557,129.59581562360498
WS23_L1_T1_P_0_trial_2_Tue_Mar__7_13_00_12_2023,0.0437629669904708,6.642706394195557,129.59581562360498
WS23_L1_T1_P_0_trial_2_Tue_Mar__7_13_00_12_2023,0.0437629669904708,6.642706394195557,129.59581562360498
WS23_L1_T1_P_0_trial_2_Tue_Mar__7_13_00_12_2023,0.0437629669904708,6.642706394195557,129.59581562360498
WS23_L1_T1_P_0_trial_2_Tue_Mar__7_13_00_12_2023,0.0437629669904708,6.642706394195557,129.59581562360498
WS23_L1_T1_P_0_trial_2_Tue_Mar__7_13_00_12_2023,0.0437629669904708,6.642706394195557,129.59581562360498
WS23_L1_T1_P_0_trial_2_Tue_Mar__7_13_00_12_2023,0.0437629669904708,6.642706394195557,129.59581562360498
WS23_L1_T1_P_0_trial_2_Tue_Mar__7_13_00_12_2023,0.0437629669904708,6.642706394195557,129.59581562360498
WS23_L1_T1_P_0_trial_2_Tue_Mar__7_13_00_12_2023,0.0437629669904708,6.642706394195557,129.59581562360498
WS23_L1_T1_P_0_trial_2_Tue_Mar__7_13_00_12_2023,0.0437629669904708,6.642706394195557,129.59581562360498
WS23_L1_T1_P_0_trial_2_Tue_Mar__7_13_00_12_2023,0.0437629669904708,6.642706394195557,129.59581562360498
WS23_L1_T1_P_0_trial_2_Tue_Mar__7_13_00_12_2023,0.0437629669904708,6.642706394195557,129.59581562360498
WS23_L1_T1_P_0_trial_2_Tue_Mar__7_13_00_12_2023,0.0437629669904708,6.642706394195557,129.59581562360498
WS23_L1_T1_P_0_trial_2_Tue_Mar__7_13_00_12_2023,0.0437629669904708,6.642706394195557,129.59581562360498
WS23_L1_T1_P_0_trial_2_Tue_Mar__7_13_00_12_2023,0.0437629669904708,6.642706394195557,129.59581562360498
WS23_L1_T1_P_0_trial_2_Tue_Mar__7_13_00_12_2023,0.0437629669904708,6.642706394195557,129.59581562360498
WS23_L1_T1_P_0_trial_2_Tue_Mar__7_13_00_12_2023,0.0437629669904708,6.642706394195557,129.59581562360498
WS23_L1_T1_P_0_trial_2_Tue_Mar__7_13_00_12_2023,0.0437629669904708,6.642706394195557,129.59581562360498
WS23_L1_T1_P_0_trial_2_Tue_Mar__7_13_00_12_2023,0.0437629669904708,6.642706394195557,129.59581562360498
WS23_L1_T1_P_0_trial_2_Tue_Mar__7_13_00_12_2023,0.0437629669904708,6.642706394195557,129.59581562360498
WS23_L1_T1_P_0_trial_2_Tue_Mar__7_13_00_12_2023,0.0437629669904708,6.642706394195557,129.59581562360498
WS23_L1_T1_P_0_trial_2_Tue_Mar__7_13_00_12_2023,0.0437629669904708,6.642706394195557,129.59581562360498
WS23_L1_T1_P_0_trial_2_Tue_Mar__7_13_00_12_2023,0.0437629669904708,6.642706394195557,129.59581562360498
WS23_L1_T1_P_0_trial_2_Tue_Mar__7_13_00_12_2023,0.0437629669904708,6.642706394195557,129.59581562360498
WS23_L1_T1_P_0_trial_2_Tue_Mar__7_13_00_12_2023,0.0437629669904708,6.642706394195557,129.59581562360498
WS23_L1_T1_P_0_trial_2_Tue_Mar__7_13_00_12_2023,0.0437629669904708,6.642706394195557,129.59581562360498
WS23_L1_T1_P_0_trial_2_Tue_Mar__7_13_00_12_2023,0.0437629669904708,6.642706394195557,129.59581562360498
WS23_L1_T1_P_0_trial_2_Tue_Mar__7_13_00_12_2023,0.0437629669904708,6.642706394195557,129.59581562360498
WS23_L1_T1_P_0_trial_2_Tue_Mar__7_13_00_12_2023,0.0437629669904708,6.642706394195557,129.59581562360498
WS23_L1_T1_P_0_trial_2_Tue_Mar__7_13_00_12_2023,0.0437629669904708,6.642706394195557,129.59581562360498
WS23_L1_T1_P_0_trial_2_Tue_Mar__7_13_00_12_2023,0.0437629669904708,6.642706394195557,129.59581562360498
WS23_L1_T1_P_0_trial_2_Tue_Mar__7_13_00_12_2023,0.0437629669904708,6.642706394195557,129.59581562360498
WS23_L1_T1_P_0_trial_2_Tue_Mar__7_13_00_12_2023,0.0437629669904708,6.642706394195557,129.59581562360498
WS23_L1_T1_P_0_trial_2_Tue_Mar__7_13_00_12_2023,0.0437629669904708,6.642706394195557,129.59581562360498
WS23_L1_T1_P_0_trial_2_Tue_Mar__7_13_00_12_2023,0.0437629669904708,6.642706394195557,129.59581562360498
WS23_L1_T1_P_0_trial_2_Tue_Mar__7_13_00_12_2023,0.0437629669904708,6.642706394195557,129.59581562360498
WS23_L1_T1_P_0_trial_2_Tue_Mar__7_13_00_12_2023,0.0437629669904708,6.642706394195557,129.59581562360498
WS23_L1_T1_P_0_trial_2_Tue_Mar__7_13_00_12_2023,0.0437629669904708,6.642706394195557,129.59581562360498
WS23_L1_T1_P_0_trial_2_Tue_Mar__7_13_00_12_2023,0.0437629669904708,6.642706394195557,129.59581562360498
WS23_L1_T1_P_0_trial_2_Tue_Mar__7_13_00_12_2023,0.0437629669904708,6.642706394195557,129.59581562360498
WS23_L1_T1_P_0_trial_2_Tue_Mar__7_13_00_12_2023,0.0437629669904708,6.642706394195557,129.59581562360498
WS23_L1_T1_P_0_trial_2_Tue_Mar__7_13_00_12_2023,0.0437629669904708,6.642706394195557,129.59581562360498
WS23_L1_T1_P_0_trial_2_Tue_Mar__7_13_00_12_2023,0.04377427697181699,6.642919063568115,129.59581562360498
WS23_L1_T1_P_0_trial_2_Tue_Mar__7_13_00_12_2023,0.04377427697181699,6.642919063568115,129.59581562360498
WS23_L1_T1_P_0_trial_2_Tue_Mar__7_13_00_12_2023,0.04377427697181699,6.642919063568115,129.59581562360498
WS23_L1_T1_P_0_trial_2_Tue_Mar__7_13_00_12_2023,0.04377427697181699,6.642919063568115,129.59581562360498
WS23_L1_T1_P_0_trial_2_Tue_Mar__7_13_00_12_2023,0.04377427697181699,6.642919063568115,129.59581562360498
WS23_L1_T1_P_0_trial_2_Tue_Mar__7_13_00_12_2023,0.04377427697181699,6.642919063568115,129.59581562360498
WS23_L1_T1_P_0_trial_2_Tue_Mar__7_13_00_12_2023,0.04377427697181699,6.642919063568115,129.59581562360498
WS23_L1_T1_P_0_trial_2_Tue_Mar__7_13_00_12_2023,0.04380553960800171,6.600331783294678,129.59581562360498
WS23_L1_T1_P_0_trial_2_Tue_Mar__7_13_00_12_2023,0.04380553960800171,6.600331783294678,129.59581562360498
WS23_L1_T1_P_0_trial_2_Tue_Mar__7_13_00_12_2023,0.04380553960800171,6.600331783294678,129.59581562360498
WS23_L1_T1_P_0_trial_2_Tue_Mar__7_13_00_12_2023,0.04380553960800171,6.600331783294678,129.59581562360498
WS23_L1_T1_P_0_trial_2_Tue_Mar__7_13_00_12_2023,0.04380553960800171,6.600331783294678,129.59581562360498
WS23_L1_T1_P_0_trial_2_Tue_Mar__7_13_00_12_2023,0.04380553960800171,6.600331783294678,129.59581562360498
WS23_L1_T1_P_0_trial_2_Tue_Mar__7_13_00_12_2023,0.04380553960800171,6.600331783294678,129.59581562360498
WS23_L1_T1_P_0_trial_2_Tue_Mar__7_13_00_12_2023,0.04380553960800171,6.600331783294678,129.59581562360498
WS23_L1_T1_P_0_trial_2_Tue_Mar__7_13_00_12_2023,0.04380553960800171,6.600331783294678,129.59581562360498
WS23_L1_T1_P_0_trial_2_Tue_Mar__7_13_00_12_2023,0.04380553960800171,6.600331783294678,129.59581562360498
WS23_L1_T1_P_0_trial_2_Tue_Mar__7_13_00_12_2023,0.04380553960800171,6.600331783294678,129.59581562360498
WS23_L1_T1_P_0_trial_2_Tue_Mar__7_13_00_12_2023,0.04380553960800171,6.600331783294678,129.59581562360498
WS23_L1_T1_P_0_trial_2_Tue_Mar__7_13_00_12_2023,0.04380553960800171,6.600331783294678,129.59581562360498
WS23_L1_T1_P_0_trial_2_Tue_Mar__7_13_00_12_2023,0.04380553960800171,6.600331783294678,129.59581562360498
WS23_L1_T1_P_0_trial_2_Tue_Mar__7_13_00_12_2023,0.04380553960800171,6.600331783294678,129.59581562360498
WS23_L1_T1_P_0_trial_2_Tue_Mar__7_13_00_12_2023,0.04380553960800171,6.600331783294678,129.59581562360498
WS23_L1_T1_P_0_trial_2_Tue_Mar__7_13_00_12_2023,0.04380553960800171,6.600331783294678,129.59581562360498
WS23_L1_T1_P_0_trial_2_Tue_Mar__7_13_00_12_2023,0.04380553960800171,6.600331783294678,129.59581562360498
WS23_L1_T1_P_0_trial_2_Tue_Mar__7_13_00_12_2023,0.04380553960800171,6.600331783294678,129.59581562360498
WS23_L1_T1_P_0_trial_2_Tue_Mar__7_13_00_12_2023,0.04380553960800171,6.600331783294678,129.59581562360498
WS23_L1_T1_P_0_trial_2_Tue_Mar__7_13_00_12_2023,0.04380553960800171,6.600331783294678,129.59581562360498
WS23_L1_T1_P_0_trial_2_Tue_Mar__7_13_00_12_2023,0.04380553960800171,6.600331783294678,129.59581562360498
WS23_L1_T1_P_0_trial_2_Tue_Mar__7_13_00_12_2023,0.04380553960800171,6.600331783294678,129.59581562360498
WS23_L1_T1_P_0_trial_2_Tue_Mar__7_13_00_12_2023,0.04380553960800171,6.600331783294678,129.59581562360498
WS23_L1_T1_P_0_trial_2_Tue_Mar__7_13_00_12_2023,0.04380553960800171,6.600331783294678,129.59581562360498
WS23_L1_T1_P_0_trial_2_Tue_Mar__7_13_00_12_2023,0.04380553960800171,6.600331783294678,129.59581562360498
WS23_L1_T1_P_0_trial_2_Tue_Mar__7_13_00_12_2023,0.04380553960800171,6.600331783294678,129.59581562360498
WS23_L1_T1_P_0_trial_2_Tue_Mar__7_13_00_12_2023,0.04380553960800171,6.600331783294678,129.59581562360498
WS23_L1_T1_P_0_trial_2_Tue_Mar__7_13_00_12_2023,0.04380553960800171,6.600331783294678,129.59581562360498
WS23_L1_T1_P_0_trial_2_Tue_Mar__7_13_00_12_2023,0.04380553960800171,6.600331783294678,129.59581562360498
WS23_L1_T1_P_0_trial_2_Tue_Mar__7_13_00_12_2023,0.04380553960800171,6.600331783294678,129.59581562360498
WS23_L1_T1_P_0_trial_2_Tue_Mar__7_13_00_12_2023,0.04380553960800171,6.600331783294678,129.59581562360498
WS23_L1_T1_P_0_trial_2_Tue_Mar__7_13_00_12_2023,0.04380553960800171,6.600331783294678,129.59581562360498
WS23_L1_T1_P_0_trial_2_Tue_Mar__7_13_00_12_2023,0.04380553960800171,6.600331783294678,129.59581562360498
WS23_L1_T1_P_0_trial_2_Tue_Mar__7_13_00_12_2023,0.04380553960800171,6.600331783294678,129.59581562360498
WS23_L1_T1_P_0_trial_2_Tue_Mar__7_13_00_12_2023,0.04380553960800171,6.600331783294678,129.59581562360498
WS23_L1_T1_P_0_trial_2_Tue_Mar__7_13_00_12_2023,0.04380553960800171,6.600331783294678,129.59581562360498
WS23_L1_T1_P_0_trial_2_Tue_Mar__7_13_00_12_2023,0.04380553960800171,6.600331783294678,129.59581562360498
WS23_L1_T1_P_0_trial_2_Tue_Mar__7_13_00_12_2023,0.04380553960800171,6.600331783294678,129.59581562360498
WS23_L1_T1_P_0_trial_2_Tue_Mar__7_13_00_12_2023,0.04380553960800171,6.600331783294678,129.59581562360498
WS23_L1_T1_P_0_trial_2_Tue_Mar__7_13_00_12_2023,0.04380553960800171,6.600331783294678,129.59581562360498
WS23_L1_T1_P_0_trial_2_Tue_Mar__7_13_00_12_2023,0.04380553960800171,6.600331783294678,129.59581562360498
WS23_L1_T1_P_0_trial_2_Tue_Mar__7_13_00_12_2023,0.04380553960800171,6.600331783294678,129.59581562360498
WS23_L1_T1_P_0_trial_2_Tue_Mar__7_13_00_12_2023,0.04380553960800171,6.600331783294678,129.59581562360498
WS23_L1_T1_P_0_trial_2_Tue_Mar__7_13_00_12_2023,0.04380553960800171,6.600331783294678,129.59581562360498
WS23_L1_T1_P_0_trial_2_Tue_Mar__7_13_00_12_2023,0.04380553960800171,6.600331783294678,129.59581562360498
WS23_L1_T1_P_0_trial_2_Tue_Mar__7_13_00_12_2023,0.04380553960800171,6.600331783294678,129.59581562360498
WS23_L1_T1_P_0_trial_2_Tue_Mar__7_13_00_12_2023,0.04380553960800171,6.600331783294678,129.59581562360498
WS23_L1_T1_P_0_trial_2_Tue_Mar__7_13_00_12_2023,0.04380553960800171,6.600331783294678,129.59581562360498
WS23_L1_T1_P_0_trial_2_Tue_Mar__7_13_00_12_2023,0.04380553960800171,6.600331783294678,129.59581562360498
WS23_L1_T1_P_0_trial_2_Tue_Mar__7_13_00_12_2023,0.04380553960800171,6.600331783294678,129.59581562360498
WS23_L1_T1_P_0_trial_2_Tue_Mar__7_13_00_12_2023,0.04380553960800171,6.600331783294678,129.59581562360498
WS23_L1_T1_P_0_trial_2_Tue_Mar__7_13_00_12_2023,0.04380553960800171,6.600331783294678,129.59581562360498
WS23_L1_T1_P_0_trial_2_Tue_Mar__7_13_00_12_2023,0.04380553960800171,6.600331783294678,129.59581562360498
WS23_L1_T1_P_0_trial_2_Tue_Mar__7_13_00_12_2023,0.04380553960800171,6.600331783294678,129.59581562360498
WS23_L1_T1_P_0_trial_2_Tue_Mar__7_13_00_12_2023,0.04380553960800171,6.600331783294678,129.59581562360498
WS23_L1_T1_P_0_trial_2_Tue_Mar__7_13_00_12_2023,0.04380553960800171,6.600331783294678,129.59581562360498
WS23_L1_T1_P_0_trial_2_Tue_Mar__7_13_00_12_2023,0.04380553960800171,6.600331783294678,129.59581562360498
WS23_L1_T1_P_0_trial_2_Tue_Mar__7_13_00_12_2023,0.04380553960800171,6.600331783294678,129.59581562360498
WS23_L1_T1_P_0_trial_2_Tue_Mar__7_13_00_12_2023,0.04380553960800171,6.600331783294678,129.59581562360498
WS23_L1_T1_P_0_trial_2_Tue_Mar__7_13_00_12_2023,0.04380553960800171,6.600331783294678,129.59581562360498
WS23_L1_T1_P_0_trial_2_Tue_Mar__7_13_00_12_2023,0.04380553960800171,6.600331783294678,129.59581562360498
WS23_L1_T1_P_0_trial_2_Tue_Mar__7_13_00_12_2023,0.04380553960800171,6.600331783294678,129.59581562360498
WS23_L1_T1_P_0_trial_2_Tue_Mar__7_13_00_12_2023,0.04380553960800171,6.600331783294678,129.59581562360498
WS23_L1_T1_P_0_trial_2_Tue_Mar__7_13_00_12_2023,0.04380553960800171,6.600331783294678,129.59581562360498
WS23_L1_T1_P_0_trial_2_Tue_Mar__7_13_00_12_2023,0.04380553960800171,6.600331783294678,129.59581562360498
WS23_L1_T1_P_0_trial_2_Tue_Mar__7_13_00_12_2023,0.04380553960800171,6.600331783294678,129.59581562360498
WS23_L1_T1_P_0_trial_2_Tue_Mar__7_13_00_12_2023,0.04380553960800171,6.600331783294678,129.59581562360498
WS23_L1_T1_P_0_trial_2_Tue_Mar__7_13_00_12_2023,0.04380553960800171,6.600331783294678,129.59581562360498
WS23_L1_T1_P_0_trial_2_Tue_Mar__7_13_00_12_2023,0.04380553960800171,6.600331783294678,129.59581562360498
WS23_L1_T1_P_0_trial_2_Tue_Mar__7_13_00_12_2023,0.04380553960800171,6.600331783294678,129.59581562360498
WS23_L1_T1_P_0_trial_2_Tue_Mar__7_13_00_12_2023,0.04380553960800171,6.600331783294678,129.59581562360498
WS23_L1_T1_P_0_trial_2_Tue_Mar__7_13_00_12_2023,0.04380553960800171,6.600331783294678,129.59581562360498
WS23_L1_T1_P_0_trial_2_Tue_Mar__7_13_00_12_2023,0.04380553960800171,6.600331783294678,129.59581562360498
WS23_L1_T1_P_0_trial_2_Tue_Mar__7_13_00_12_2023,0.04380553960800171,6.600331783294678,129.59581562360498
WS23_L1_T1_P_0_trial_2_Tue_Mar__7_13_00_12_2023,0.04380553960800171,6.600331783294678,129.59581562360498
WS23_L1_T1_P_0_trial_2_Tue_Mar__7_13_00_12_2023,0.04380553960800171,6.600331783294678,129.59581562360498
WS23_L1_T1_P_0_trial_2_Tue_Mar__7_13_00_12_2023,0.04380553960800171,6.600331783294678,129.59581562360498
WS23_L1_T1_P_0_trial_2_Tue_Mar__7_13_00_12_2023,0.04380553960800171,6.600331783294678,129.59581562360498
WS23_L1_T1_P_0_trial_2_Tue_Mar__7_13_00_12_2023,0.04380553960800171,6.600331783294678,129.59581562360498
WS23_L1_T1_P_0_trial_2_Tue_Mar__7_13_00_12_2023,0.04380553960800171,6.600331783294678,129.59581562360498
WS23_L1_T1_P_0_trial_2_Tue_Mar__7_13_00_12_2023,0.04380553960800171,6.600331783294678,129.59581562360498
WS23_L1_T1_P_0_trial_2_Tue_Mar__7_13_00_12_2023,0.04380553960800171,6.600331783294678,129.59581562360498
WS23_L1_T1_P_0_trial_2_Tue_Mar__7_13_00_12_2023,0.04380553960800171,6.600331783294678,129.59581562360498
WS23_L1_T1_P_0_trial_2_Tue_Mar__7_13_00_12_2023,0.043843641877174294,6.540525436401367,129.59581562360498
WS23_L1_T1_P_0_trial_2_Tue_Mar__7_13_00_12_2023,0.043843641877174294,6.540525436401367,129.59581562360498
WS23_L1_T1_P_0_trial_2_Tue_Mar__7_13_00_12_2023,0.043843641877174294,6.540525436401367,129.59581562360498
WS23_L1_T1_P_0_trial_2_Tue_Mar__7_13_00_12_2023,0.043843641877174294,6.540525436401367,129.59581562360498
WS23_L1_T1_P_0_trial_2_Tue_Mar__7_13_00_12_2023,0.043843641877174294,6.540525436401367,129.59581562360498
WS23_L1_T1_P_0_trial_2_Tue_Mar__7_13_00_12_2023,0.043843641877174294,6.540525436401367,129.59581562360498
WS23_L1_T1_P_0_trial_2_Tue_Mar__7_13_00_12_2023,0.043843641877174294,6.540525436401367,129.59581562360498
WS23_L1_T1_P_0_trial_2_Tue_Mar__7_13_00_12_2023,0.04384486377239219,6.559172630310059,129.59581562360498
WS23_L1_T1_P_0_trial_2_Tue_Mar__7_13_00_12_2023,0.04384486377239219,6.559172630310059,129.59581562360498
WS23_L1_T1_P_0_trial_2_Tue_Mar__7_13_00_12_2023,0.04384486377239219,6.559172630310059,129.59581562360498
WS23_L1_T1_P_0_trial_2_Tue_Mar__7_13_00_12_2023,0.04384486377239219,6.559172630310059,129.59581562360498
WS23_L1_T1_P_0_trial_2_Tue_Mar__7_13_00_12_2023,0.04384486377239219,6.559172630310059,129.59581562360498
WS23_L1_T1_P_0_trial_2_Tue_Mar__7_13_00_12_2023,0.04384486377239219,6.559172630310059,129.59581562360498
WS23_L1_T1_P_0_trial_2_Tue_Mar__7_13_00_12_2023,0.04384486377239219,6.559172630310059,129.59581562360498
WS23_L1_T1_P_0_trial_2_Tue_Mar__7_13_00_12_2023,0.04384486377239219,6.559172630310059,129.59581562360498
WS23_L1_T1_P_0_trial_2_Tue_Mar__7_13_00_12_2023,0.04384486377239219,6.559172630310059,129.59581562360498
WS23_L1_T1_P_0_trial_2_Tue_Mar__7_13_00_12_2023,0.04384486377239219,6.559172630310059,129.59581562360498
WS23_L1_T1_P_0_trial_2_Tue_Mar__7_13_00_12_2023,0.04384486377239219,6.559172630310059,129.59581562360498
WS23_L1_T1_P_0_trial_2_Tue_Mar__7_13_00_12_2023,0.04384486377239219,6.559172630310059,129.59581562360498
WS23_L1_T1_P_0_trial_2_Tue_Mar__7_13_00_12_2023,0.04384486377239219,6.559172630310059,129.59581562360498
WS23_L1_T1_P_0_trial_2_Tue_Mar__7_13_00_12_2023,0.04384486377239219,6.559172630310059,129.59581562360498
WS23_L1_T1_P_0_trial_2_Tue_Mar__7_13_00_12_2023,0.04384486377239219,6.559172630310059,129.59581562360498
WS23_L1_T1_P_0_trial_2_Tue_Mar__7_13_00_12_2023,0.04384486377239219,6.559172630310059,129.59581562360498
WS23_L1_T1_P_0_trial_2_Tue_Mar__7_13_00_12_2023,0.04384486377239219,6.559172630310059,129.59581562360498
WS23_L1_T1_P_0_trial_2_Tue_Mar__7_13_00_12_2023,0.04384486377239219,6.559172630310059,129.59581562360498
WS23_L1_T1_P_0_trial_2_Tue_Mar__7_13_00_12_2023,0.04384486377239219,6.559172630310059,129.59581562360498
WS23_L1_T1_P_0_trial_2_Tue_Mar__7_13_00_12_2023,0.04384486377239219,6.559172630310059,129.59581562360498
WS23_L1_T1_P_0_trial_2_Tue_Mar__7_13_00_12_2023,0.04384486377239219,6.559172630310059,129.59581562360498
WS23_L1_T1_P_0_trial_2_Tue_Mar__7_13_00_12_2023,0.04384486377239219,6.559172630310059,129.59581562360498
WS23_L1_T1_P_0_trial_2_Tue_Mar__7_13_00_12_2023,0.04384486377239219,6.559172630310059,129.59581562360498
WS23_L1_T1_P_0_trial_2_Tue_Mar__7_13_00_12_2023,0.04384486377239219,6.559172630310059,129.59581562360498
WS23_L1_T1_P_0_trial_2_Tue_Mar__7_13_00_12_2023,0.04384486377239219,6.559172630310059,129.59581562360498
WS23_L1_T1_P_0_trial_2_Tue_Mar__7_13_00_12_2023,0.04384486377239219,6.559172630310059,129.59581562360498
WS23_L1_T1_P_0_trial_2_Tue_Mar__7_13_00_12_2023,0.04384486377239219,6.559172630310059,129.59581562360498
WS23_L1_T1_P_0_trial_2_Tue_Mar__7_13_00_12_2023,0.04384486377239219,6.559172630310059,129.59581562360498
WS23_L1_T1_P_0_trial_2_Tue_Mar__7_13_00_12_2023,0.04384486377239219,6.559172630310059,129.59581562360498
WS23_L1_T1_P_0_trial_2_Tue_Mar__7_13_00_12_2023,0.04384486377239219,6.559172630310059,129.59581562360498
WS23_L1_T1_P_0_trial_2_Tue_Mar__7_13_00_12_2023,0.04384486377239219,6.559172630310059,129.59581562360498
WS23_L1_T1_P_0_trial_2_Tue_Mar__7_13_00_12_2023,0.04384486377239219,6.559172630310059,129.59581562360498
WS23_L1_T1_P_0_trial_2_Tue_Mar__7_13_00_12_2023,0.04384486377239219,6.559172630310059,129.59581562360498
WS23_L1_T1_P_0_trial_2_Tue_Mar__7_13_00_12_2023,0.04384486377239219,6.559172630310059,129.59581562360498
WS23_L1_T1_P_0_trial_2_Tue_Mar__7_13_00_12_2023,0.04384486377239219,6.559172630310059,129.59581562360498
WS23_L1_T1_P_0_trial_2_Tue_Mar__7_13_00_12_2023,0.04384486377239219,6.559172630310059,129.59581562360498
WS23_L1_T1_P_0_trial_2_Tue_Mar__7_13_00_12_2023,0.04384486377239219,6.559172630310059,129.59581562360498
WS23_L1_T1_P_0_trial_2_Tue_Mar__7_13_00_12_2023,0.04384486377239219,6.559172630310059,129.59581562360498
WS23_L1_T1_P_0_trial_2_Tue_Mar__7_13_00_12_2023,0.04384486377239219,6.559172630310059,129.59581562360498
WS23_L1_T1_P_0_trial_2_Tue_Mar__7_13_00_12_2023,0.04384486377239219,6.559172630310059,129.59581562360498
WS23_L1_T1_P_0_trial_2_Tue_Mar__7_13_00_12_2023,0.04384486377239219,6.559172630310059,129.59581562360498
WS23_L1_T1_P_0_trial_2_Tue_Mar__7_13_00_12_2023,0.04384486377239219,6.559172630310059,129.59581562360498
WS23_L1_T1_P_0_trial_2_Tue_Mar__7_13_00_12_2023,0.04384486377239219,6.559172630310059,129.59581562360498
WS23_L1_T1_P_0_trial_2_Tue_Mar__7_13_00_12_2023,0.04384486377239219,6.559172630310059,129.59581562360498
WS23_L1_T1_P_0_trial_2_Tue_Mar__7_13_00_12_2023,0.04384486377239219,6.559172630310059,129.59581562360498
WS23_L1_T1_P_0_trial_2_Tue_Mar__7_13_00_12_2023,0.04384486377239219,6.559172630310059,129.59581562360498
WS23_L1_T1_P_0_trial_2_Tue_Mar__7_13_00_12_2023,0.04384486377239219,6.559172630310059,129.59581562360498
WS23_L1_T1_P_0_trial_2_Tue_Mar__7_13_00_12_2023,0.04384486377239219,6.559172630310059,129.59581562360498
WS23_L1_T1_P_0_trial_2_Tue_Mar__7_13_00_12_2023,0.04384486377239219,6.559172630310059,129.59581562360498
WS23_L1_T1_P_0_trial_2_Tue_Mar__7_13_00_12_2023,0.04384486377239219,6.559172630310059,129.59581562360498
WS23_L1_T1_P_0_trial_2_Tue_Mar__7_13_00_12_2023,0.04384486377239219,6.559172630310059,129.59581562360498
WS23_L1_T1_P_0_trial_2_Tue_Mar__7_13_00_12_2023,0.04384486377239219,6.559172630310059,129.59581562360498
WS23_L1_T1_P_0_trial_2_Tue_Mar__7_13_00_12_2023,0.04384486377239219,6.559172630310059,129.59581562360498
WS23_L1_T1_P_0_trial_2_Tue_Mar__7_13_00_12_2023,0.04384486377239219,6.559172630310059,129.59581562360498
WS23_L1_T1_P_0_trial_2_Tue_Mar__7_13_00_12_2023,0.04384486377239219,6.559172630310059,129.59581562360498
WS23_L1_T1_P_0_trial_2_Tue_Mar__7_13_00_12_2023,0.04384486377239219,6.559172630310059,129.59581562360498
WS23_L1_T1_P_0_trial_2_Tue_Mar__7_13_00_12_2023,0.04384486377239219,6.559172630310059,129.59581562360498
WS23_L1_T1_P_0_trial_2_Tue_Mar__7_13_00_12_2023,0.04384486377239219,6.559172630310059,129.59581562360498
WS23_L1_T1_P_0_trial_2_Tue_Mar__7_13_00_12_2023,0.04384486377239219,6.559172630310059,129.59581562360498
WS23_L1_T1_P_0_trial_2_Tue_Mar__7_13_00_12_2023,0.04384486377239219,6.559172630310059,129.59581562360498
WS23_L1_T1_P_0_trial_2_Tue_Mar__7_13_00_12_2023,0.04384486377239219,6.559172630310059,129.59581562360498
WS23_L1_T1_P_0_trial_2_Tue_Mar__7_13_00_12_2023,0.04384486377239219,6.559172630310059,129.59581562360498
WS23_L1_T1_P_0_trial_2_Tue_Mar__7_13_00_12_2023,0.04384486377239219,6.559172630310059,129.59581562360498
WS23_L1_T1_P_0_trial_2_Tue_Mar__7_13_00_12_2023,0.04384486377239219,6.559172630310059,129.59581562360498
WS23_L1_T1_P_0_trial_2_Tue_Mar__7_13_00_12_2023,0.04384486377239219,6.559172630310059,129.59581562360498
WS23_L1_T1_P_0_trial_2_Tue_Mar__7_13_00_12_2023,0.04384486377239219,6.559172630310059,129.59581562360498
WS23_L1_T1_P_0_trial_2_Tue_Mar__7_13_00_12_2023,0.04384486377239219,6.559172630310059,129.59581562360498
WS23_L1_T1_P_0_trial_2_Tue_Mar__7_13_00_12_2023,0.04384486377239219,6.559172630310059,129.59581562360498
WS23_L1_T1_P_0_trial_2_Tue_Mar__7_13_00_12_2023,0.04384486377239219,6.559172630310059,129.59581562360498
WS23_L1_T1_P_0_trial_2_Tue_Mar__7_13_00_12_2023,0.04384486377239219,6.559172630310059,129.59581562360498
WS23_L1_T1_P_0_trial_2_Tue_Mar__7_13_00_12_2023,0.04384486377239219,6.559172630310059,129.59581562360498
WS23_L1_T1_P_0_trial_2_Tue_Mar__7_13_00_12_2023,0.04384486377239219,6.559172630310059,129.59581562360498
WS23_L1_T1_P_0_trial_2_Tue_Mar__7_13_00_12_2023,0.04384486377239219,6.559172630310059,129.59581562360498
WS23_L1_T1_P_0_trial_2_Tue_Mar__7_13_00_12_2023,0.04384486377239219,6.559172630310059,129.59581562360498
WS23_L1_T1_P_0_trial_2_Tue_Mar__7_13_00_12_2023,0.04384486377239219,6.559172630310059,129.59581562360498
WS23_L1_T1_P_0_trial_2_Tue_Mar__7_13_00_12_2023,0.04384486377239219,6.559172630310059,129.59581562360498
WS23_L1_T1_P_0_trial_2_Tue_Mar__7_13_00_12_2023,0.04384486377239219,6.559172630310059,129.59581562360498
WS23_L1_T1_P_0_trial_2_Tue_Mar__7_13_00_12_2023,0.04384486377239219,6.559172630310059,129.59581562360498
WS23_L1_T1_P_0_trial_2_Tue_Mar__7_13_00_12_2023,0.04384486377239219,6.559172630310059,129.59581562360498
WS23_L1_T1_P_0_trial_2_Tue_Mar__7_13_00_12_2023,0.04384486377239219,6.559172630310059,129.59581562360498
WS23_L1_T1_P_0_trial_2_Tue_Mar__7_13_00_12_2023,0.04384486377239219,6.559172630310059,129.59581562360498
WS23_L1_T1_P_0_trial_2_Tue_Mar__7_13_00_12_2023,0.04384486377239219,6.559172630310059,129.59581562360498
WS23_L1_T1_P_0_trial_2_Tue_Mar__7_13_00_12_2023,0.04384486377239219,6.559172630310059,129.59581562360498
WS23_L1_T1_P_0_trial_2_Tue_Mar__7_13_00_12_2023,0.04384486377239219,6.559172630310059,129.59581562360498
WS23_L1_T1_P_0_trial_2_Tue_Mar__7_13_00_12_2023,0.04384486377239219,6.559172630310059,129.59581562360498
WS23_L1_T1_P_0_trial_2_Tue_Mar__7_13_00_12_2023,0.04384486377239219,6.559172630310059,129.59581562360498
WS23_L1_T1_P_0_trial_2_Tue_Mar__7_13_00_12_2023,0.04384486377239219,6.559172630310059,129.59581562360498
WS23_L1_T1_P_0_trial_2_Tue_Mar__7_13_00_12_2023,0.04384486377239219,6.559172630310059,129.59581562360498
WS23_L1_T1_P_0_trial_2_Tue_Mar__7_13_00_12_2023,0.04384486377239219,6.559172630310059,129.59581562360498
WS23_L1_T1_P_0_trial_2_Tue_Mar__7_13_00_12_2023,0.04384486377239219,6.559172630310059,129.59581562360498
WS23_L1_T1_P_0_trial_2_Tue_Mar__7_13_00_12_2023,0.04384486377239219,6.559172630310059,129.59581562360498
WS23_L1_T1_P_0_trial_2_Tue_Mar__7_13_00_12_2023,0.04384486377239219,6.559172630310059,129.59581562360498
WS23_L1_T1_P_0_trial_2_Tue_Mar__7_13_00_12_2023,0.04384486377239219,6.559172630310059,129.59581562360498
WS23_L1_T1_P_0_trial_2_Tue_Mar__7_13_00_12_2023,0.04384486377239219,6.559172630310059,129.59581562360498
WS23_L1_T1_P_0_trial_2_Tue_Mar__7_13_00_12_2023,0.04384486377239219,6.559172630310059,129.59581562360498
WS23_L1_T1_P_0_trial_2_Tue_Mar__7_13_00_12_2023,0.04384486377239219,6.559172630310059,129.59581562360498
WS23_L1_T1_P_0_trial_2_Tue_Mar__7_13_00_12_2023,0.04384486377239219,6.559172630310059,129.59581562360498
WS23_L1_T1_P_0_trial_2_Tue_Mar__7_13_00_12_2023,0.04384486377239219,6.559172630310059,129.59581562360498
WS23_L1_T1_P_0_trial_2_Tue_Mar__7_13_00_12_2023,0.04384486377239219,6.559172630310059,129.59581562360498
WS23_L1_T1_P_0_trial_2_Tue_Mar__7_13_00_12_2023,0.04384486377239219,6.559172630310059,129.59581562360498
WS23_L1_T1_P_0_trial_2_Tue_Mar__7_13_00_12_2023,0.04384486377239219,6.559172630310059,129.59581562360498
WS23_L1_T1_P_0_trial_2_Tue_Mar__7_13_00_12_2023,0.04384486377239219,6.559172630310059,129.59581562360498
WS23_L1_T1_P_0_trial_2_Tue_Mar__7_13_00_12_2023,0.04384486377239219,6.559172630310059,129.59581562360498
WS23_L1_T1_P_0_trial_2_Tue_Mar__7_13_00_12_2023,0.04384486377239219,6.559172630310059,129.59581562360498
WS23_L1_T1_P_0_trial_2_Tue_Mar__7_13_00_12_2023,0.04384486377239219,6.559172630310059,129.59581562360498
WS23_L1_T1_P_0_trial_2_Tue_Mar__7_13_00_12_2023,0.04384486377239219,6.559172630310059,129.59581562360498
WS23_L1_T1_P_0_trial_2_Tue_Mar__7_13_00_12_2023,0.04384486377239219,6.559172630310059,129.59581562360498
WS23_L1_T1_P_0_trial_2_Tue_Mar__7_13_00_12_2023,0.04384486377239219,6.559172630310059,129.59581562360498
WS23_L1_T1_P_0_trial_2_Tue_Mar__7_13_00_12_2023,0.04384486377239219,6.559172630310059,129.59581562360498
WS23_L1_T1_P_0_trial_2_Tue_Mar__7_13_00_12_2023,0.04384486377239219,6.559172630310059,129.59581562360498
WS23_L1_T1_P_0_trial_2_Tue_Mar__7_13_00_12_2023,0.04384486377239219,6.559172630310059,129.59581562360498
WS23_L1_T1_P_0_trial_2_Tue_Mar__7_13_00_12_2023,0.04384486377239219,6.559172630310059,129.59581562360498
WS23_L1_T1_P_0_trial_2_Tue_Mar__7_13_00_12_2023,0.04384486377239219,6.559172630310059,129.59581562360498
WS23_L1_T1_P_0_trial_2_Tue_Mar__7_13_00_12_2023,0.04384486377239219,6.559172630310059,129.59581562360498
WS23_L1_T1_P_0_trial_2_Tue_Mar__7_13_00_12_2023,0.04384486377239219,6.559172630310059,129.59581562360498
WS23_L1_T1_P_0_trial_2_Tue_Mar__7_13_00_12_2023,0.04384486377239219,6.559172630310059,129.59581562360498
WS23_L1_T1_P_0_trial_2_Tue_Mar__7_13_00_12_2023,0.04384486377239219,6.559172630310059,129.59581562360498
WS23_L1_T1_P_0_trial_2_Tue_Mar__7_13_00_12_2023,0.04384486377239219,6.559172630310059,129.59581562360498
WS23_L1_T1_P_0_trial_2_Tue_Mar__7_13_00_12_2023,0.04384486377239219,6.559172630310059,129.59581562360498
WS23_L1_T1_P_0_trial_2_Tue_Mar__7_13_00_12_2023,0.04384486377239219,6.559172630310059,129.59581562360498
WS23_L1_T1_P_0_trial_2_Tue_Mar__7_13_00_12_2023,0.04384486377239219,6.559172630310059,129.59581562360498
WS23_L1_T1_P_0_trial_2_Tue_Mar__7_13_00_12_2023,0.04384486377239219,6.559172630310059,129.59581562360498
WS23_L1_T1_P_0_trial_2_Tue_Mar__7_13_00_12_2023,0.04384486377239219,6.559172630310059,129.59581562360498
WS23_L1_T1_P_0_trial_2_Tue_Mar__7_13_00_12_2023,0.04384486377239219,6.559172630310059,129.59581562360498
WS23_L1_T1_P_0_trial_2_Tue_Mar__7_13_00_12_2023,0.04384486377239219,6.559172630310059,129.59581562360498
WS23_L1_T1_P_0_trial_2_Tue_Mar__7_13_00_12_2023,0.04384486377239219,6.559172630310059,129.59581562360498
WS23_L1_T1_P_0_trial_2_Tue_Mar__7_13_00_12_2023,0.04384486377239219,6.559172630310059,129.59581562360498
WS23_L1_T1_P_0_trial_2_Tue_Mar__7_13_00_12_2023,0.04384486377239219,6.559172630310059,129.59581562360498
WS23_L1_T1_P_0_trial_2_Tue_Mar__7_13_00_12_2023,0.04384486377239219,6.559172630310059,129.59581562360498
WS23_L1_T1_P_0_trial_2_Tue_Mar__7_13_00_12_2023,0.04384486377239219,6.559172630310059,129.59581562360498
WS23_L1_T1_P_0_trial_2_Tue_Mar__7_13_00_12_2023,0.04384486377239219,6.559172630310059,129.59581562360498
WS23_L1_T1_P_0_trial_2_Tue_Mar__7_13_00_12_2023,0.04384486377239219,6.559172630310059,129.59581562360498
WS23_L1_T1_P_0_trial_2_Tue_Mar__7_13_00_12_2023,0.04384486377239219,6.559172630310059,129.59581562360498
WS23_L1_T1_P_0_trial_2_Tue_Mar__7_13_00_12_2023,0.04384486377239219,6.559172630310059,129.59581562360498
WS23_L1_T1_P_0_trial_2_Tue_Mar__7_13_00_12_2023,0.04384486377239219,6.559172630310059,129.59581562360498
WS23_L1_T1_P_0_trial_2_Tue_Mar__7_13_00_12_2023,0.04384486377239219,6.559172630310059,129.59581562360498
WS23_L1_T1_P_0_trial_2_Tue_Mar__7_13_00_12_2023,0.04384486377239219,6.559172630310059,129.59581562360498
WS23_L1_T1_P_0_trial_2_Tue_Mar__7_13_00_12_2023,0.04384486377239219,6.559172630310059,129.59581562360498
WS23_L1_T1_P_0_trial_2_Tue_Mar__7_13_00_12_2023,0.04384486377239219,6.559172630310059,129.59581562360498
WS23_L1_T1_P_0_trial_2_Tue_Mar__7_13_00_12_2023,0.04384486377239219,6.559172630310059,129.59581562360498
WS23_L1_T1_P_0_trial_2_Tue_Mar__7_13_00_12_2023,0.04384486377239219,6.559172630310059,129.59581562360498
WS23_L1_T1_P_0_trial_2_Tue_Mar__7_13_00_12_2023,0.04384486377239219,6.559172630310059,129.59581562360498
WS23_L1_T1_P_0_trial_2_Tue_Mar__7_13_00_12_2023,0.04384486377239219,6.559172630310059,129.59581562360498
WS23_L1_T1_P_0_trial_2_Tue_Mar__7_13_00_12_2023,0.04384486377239219,6.559172630310059,129.59581562360498
WS23_L1_T1_P_0_trial_2_Tue_Mar__7_13_00_12_2023,0.04384486377239219,6.559172630310059,129.59581562360498
WS23_L1_T1_P_0_trial_2_Tue_Mar__7_13_00_12_2023,0.04384486377239219,6.559172630310059,129.59581562360498
WS23_L1_T1_P_0_trial_2_Tue_Mar__7_13_00_12_2023,0.04384486377239219,6.559172630310059,129.59581562360498
WS23_L1_T1_P_0_trial_2_Tue_Mar__7_13_00_12_2023,0.04384486377239219,6.559172630310059,129.59581562360498
WS23_L1_T1_P_0_trial_2_Tue_Mar__7_13_00_12_2023,0.04384486377239219,6.559172630310059,129.59581562360498
WS23_L1_T1_P_0_trial_2_Tue_Mar__7_13_00_12_2023,0.04384486377239219,6.559172630310059,129.59581562360498
WS23_L1_T1_P_0_trial_2_Tue_Mar__7_13_00_12_2023,0.04384486377239219,6.559172630310059,129.59581562360498
WS23_L1_T1_P_0_trial_2_Tue_Mar__7_13_00_12_2023,0.04384486377239219,6.559172630310059,129.59581562360498
WS23_L1_T1_P_0_trial_2_Tue_Mar__7_13_00_12_2023,0.04384486377239219,6.559172630310059,129.59581562360498
WS23_L1_T1_P_0_trial_2_Tue_Mar__7_13_00_12_2023,0.04384486377239219,6.559172630310059,129.59581562360498
WS23_L1_T1_P_0_trial_2_Tue_Mar__7_13_00_12_2023,0.04384486377239219,6.559172630310059,129.59581562360498
WS23_L1_T1_P_0_trial_2_Tue_Mar__7_13_00_12_2023,0.04384486377239219,6.559172630310059,129.59581562360498
WS23_L1_T1_P_0_trial_2_Tue_Mar__7_13_00_12_2023,0.04384486377239219,6.559172630310059,129.59581562360498
WS23_L1_T1_P_0_trial_2_Tue_Mar__7_13_00_12_2023,0.04384486377239219,6.559172630310059,129.59581562360498
WS23_L1_T1_P_0_trial_2_Tue_Mar__7_13_00_12_2023,0.04384486377239219,6.559172630310059,129.59581562360498
WS23_L1_T1_P_0_trial_2_Tue_Mar__7_13_00_12_2023,0.04384486377239219,6.559172630310059,129.59581562360498
WS23_L1_T1_P_0_trial_2_Tue_Mar__7_13_00_12_2023,0.04384486377239219,6.559172630310059,129.59581562360498
WS23_L1_T1_P_0_trial_2_Tue_Mar__7_13_00_12_2023,0.04384486377239219,6.559172630310059,129.59581562360498
WS23_L1_T1_P_0_trial_2_Tue_Mar__7_13_00_12_2023,0.04384486377239219,6.559172630310059,129.59581562360498
WS23_L1_T1_P_0_trial_2_Tue_Mar__7_13_00_12_2023,0.04384486377239219,6.559172630310059,129.59581562360498
WS23_L1_T1_P_0_trial_2_Tue_Mar__7_13_00_12_2023,0.04384486377239219,6.559172630310059,129.59581562360498
WS23_L1_T1_P_0_trial_2_Tue_Mar__7_13_00_12_2023,0.04384486377239219,6.559172630310059,129.59581562360498
WS23_L1_T1_P_0_trial_2_Tue_Mar__7_13_00_12_2023,0.04384486377239219,6.559172630310059,129.59581562360498
WS23_L1_T1_P_0_trial_2_Tue_Mar__7_13_00_12_2023,0.04384486377239219,6.559172630310059,129.59581562360498
WS23_L1_T1_P_0_trial_2_Tue_Mar__7_13_00_12_2023,0.04384486377239219,6.559172630310059,129.59581562360498
WS23_L1_T1_P_0_trial_2_Tue_Mar__7_13_00_12_2023,0.04384486377239219,6.559172630310059,129.59581562360498
WS23_L1_T1_P_0_trial_2_Tue_Mar__7_13_00_12_2023,0.04384486377239219,6.559172630310059,129.59581562360498
WS23_L1_T1_P_0_trial_2_Tue_Mar__7_13_00_12_2023,0.04384486377239219,6.559172630310059,129.59581562360498
WS23_L1_T1_P_0_trial_2_Tue_Mar__7_13_00_12_2023,0.04384486377239219,6.559172630310059,129.59581562360498
WS23_L1_T1_P_0_trial_2_Tue_Mar__7_13_00_12_2023,0.04384486377239219,6.559172630310059,129.59581562360498
WS23_L1_T1_P_0_trial_2_Tue_Mar__7_13_00_12_2023,0.04384486377239219,6.559172630310059,129.59581562360498
WS23_L1_T1_P_0_trial_2_Tue_Mar__7_13_00_12_2023,0.04384486377239219,6.559172630310059,129.59581562360498
WS23_L1_T1_P_0_trial_2_Tue_Mar__7_13_00_12_2023,0.04384486377239219,6.559172630310059,129.59581562360498
WS23_L1_T1_P_0_trial_2_Tue_Mar__7_13_00_12_2023,0.04384486377239219,6.559172630310059,129.59581562360498
WS23_L1_T1_P_0_trial_2_Tue_Mar__7_13_00_12_2023,0.04384486377239219,6.559172630310059,129.59581562360498
WS23_L1_T1_P_0_trial_2_Tue_Mar__7_13_00_12_2023,0.04384486377239219,6.559172630310059,129.59581562360498
WS23_L1_T1_P_0_trial_2_Tue_Mar__7_13_00_12_2023,0.04384486377239219,6.559172630310059,129.59581562360498
WS23_L1_T1_P_0_trial_2_Tue_Mar__7_13_00_12_2023,0.04384486377239219,6.559172630310059,129.59581562360498
WS23_L1_T1_P_0_trial_2_Tue_Mar__7_13_00_12_2023,0.04384486377239219,6.559172630310059,129.59581562360498
WS23_L1_T1_P_0_trial_2_Tue_Mar__7_13_00_12_2023,0.04384486377239219,6.559172630310059,129.59581562360498
WS23_L1_T1_P_0_trial_2_Tue_Mar__7_13_00_12_2023,0.04384486377239219,6.559172630310059,129.59581562360498
WS23_L1_T1_P_0_trial_2_Tue_Mar__7_13_00_12_2023,0.04384486377239219,6.559172630310059,129.59581562360498
WS23_L1_T1_P_0_trial_2_Tue_Mar__7_13_00_12_2023,0.04384486377239219,6.559172630310059,129.59581562360498
WS23_L1_T1_P_0_trial_2_Tue_Mar__7_13_00_12_2023,0.04384486377239219,6.559172630310059,129.59581562360498
WS23_L1_T1_P_0_trial_2_Tue_Mar__7_13_00_12_2023,0.04384486377239219,6.559172630310059,129.59581562360498
WS23_L1_T1_P_0_trial_2_Tue_Mar__7_13_00_12_2023,0.04384486377239219,6.559172630310059,129.59581562360498
WS23_L1_T1_P_0_trial_2_Tue_Mar__7_13_00_12_2023,0.04384486377239219,6.559172630310059,129.59581562360498
WS23_L1_T1_P_0_trial_2_Tue_Mar__7_13_00_12_2023,0.04384486377239219,6.559172630310059,129.59581562360498
WS23_L1_T1_P_0_trial_2_Tue_Mar__7_13_00_12_2023,0.04384486377239219,6.559172630310059,129.59581562360498
WS23_L1_T1_P_0_trial_2_Tue_Mar__7_13_00_12_2023,0.04384486377239219,6.559172630310059,129.59581562360498
WS23_L1_T1_P_0_trial_2_Tue_Mar__7_13_00_12_2023,0.04384486377239219,6.559172630310059,129.59581562360498
WS23_L1_T1_P_0_trial_2_Tue_Mar__7_13_00_12_2023,0.04384486377239219,6.559172630310059,129.59581562360498
WS23_L1_T1_P_0_trial_2_Tue_Mar__7_13_00_12_2023,0.04384486377239219,6.559172630310059,129.59581562360498
WS23_L1_T1_P_0_trial_2_Tue_Mar__7_13_00_12_2023,0.04384486377239219,6.559172630310059,129.59581562360498
WS23_L1_T1_P_0_trial_2_Tue_Mar__7_13_00_12_2023,0.04384486377239219,6.559172630310059,129.59581562360498
WS23_L1_T1_P_0_trial_2_Tue_Mar__7_13_00_12_2023,0.04384486377239219,6.559172630310059,129.59581562360498
WS23_L1_T1_P_0_trial_2_Tue_Mar__7_13_00_12_2023,0.04384486377239219,6.559172630310059,129.59581562360498
WS23_L1_T1_P_0_trial_2_Tue_Mar__7_13_00_12_2023,0.04384486377239219,6.559172630310059,129.59581562360498
WS23_L1_T1_P_0_trial_2_Tue_Mar__7_13_00_12_2023,0.04384486377239219,6.559172630310059,129.59581562360498
WS23_L1_T1_P_0_trial_2_Tue_Mar__7_13_00_12_2023,0.04384486377239219,6.559172630310059,129.59581562360498
WS23_L1_T1_P_0_trial_2_Tue_Mar__7_13_00_12_2023,0.04384486377239219,6.559172630310059,129.59581562360498
WS23_L1_T1_P_0_trial_2_Tue_Mar__7_13_00_12_2023,0.04384486377239219,6.559172630310059,129.59581562360498
WS23_L1_T1_P_0_trial_2_Tue_Mar__7_13_00_12_2023,0.04384486377239219,6.559172630310059,129.59581562360498
WS23_L1_T1_P_0_trial_2_Tue_Mar__7_13_00_12_2023,0.04384486377239219,6.559172630310059,129.59581562360498
WS23_L1_T1_P_0_trial_2_Tue_Mar__7_13_00_12_2023,0.04384486377239219,6.559172630310059,129.59581562360498
WS23_L1_T1_P_0_trial_2_Tue_Mar__7_13_00_12_2023,0.04384486377239219,6.559172630310059,129.59581562360498
WS23_L1_T1_P_0_trial_2_Tue_Mar__7_13_00_12_2023,0.04384486377239219,6.559172630310059,129.59581562360498
WS23_L1_T1_P_0_trial_2_Tue_Mar__7_13_00_12_2023,0.04384486377239219,6.559172630310059,129.59581562360498
WS23_L1_T1_P_0_trial_2_Tue_Mar__7_13_00_12_2023,0.04384486377239219,6.559172630310059,129.59581562360498
WS23_L1_T1_P_0_trial_2_Tue_Mar__7_13_00_12_2023,0.04384486377239219,6.559172630310059,129.59581562360498
WS23_L1_T1_P_0_trial_2_Tue_Mar__7_13_00_12_2023,0.04384486377239219,6.559172630310059,129.59581562360498
WS23_L1_T1_P_0_trial_2_Tue_Mar__7_13_00_12_2023,0.04384486377239219,6.559172630310059,129.59581562360498
WS23_L1_T1_P_0_trial_2_Tue_Mar__7_13_00_12_2023,0.04384486377239219,6.559172630310059,129.59581562360498
WS23_L1_T1_P_0_trial_2_Tue_Mar__7_13_00_12_2023,0.04384486377239219,6.559172630310059,129.59581562360498
WS23_L1_T1_P_0_trial_2_Tue_Mar__7_13_00_12_2023,0.04384486377239219,6.559172630310059,129.59581562360498
WS23_L1_T1_P_0_trial_2_Tue_Mar__7_13_00_12_2023,0.04384486377239219,6.559172630310059,129.59581562360498
WS23_L1_T1_P_0_trial_2_Tue_Mar__7_13_00_12_2023,0.04384486377239219,6.559172630310059,129.59581562360498
WS23_L1_T1_P_0_trial_2_Tue_Mar__7_13_00_12_2023,0.04384486377239219,6.559172630310059,129.59581562360498
WS23_L1_T1_P_0_trial_2_Tue_Mar__7_13_00_12_2023,0.04384486377239219,6.559172630310059,129.59581562360498
WS23_L1_T1_P_0_trial_2_Tue_Mar__7_13_00_12_2023,0.04384486377239219,6.559172630310059,129.59581562360498
WS23_L1_T1_P_0_trial_2_Tue_Mar__7_13_00_12_2023,0.04384486377239219,6.559172630310059,129.59581562360498
WS23_L1_T1_P_0_trial_2_Tue_Mar__7_13_00_12_2023,0.04384486377239219,6.559172630310059,129.59581562360498
WS23_L1_T1_P_0_trial_2_Tue_Mar__7_13_00_12_2023,0.04384486377239219,6.559172630310059,129.59581562360498
WS23_L1_T1_P_0_trial_2_Tue_Mar__7_13_00_12_2023,0.04384486377239219,6.559172630310059,129.59581562360498
WS23_L1_T1_P_0_trial_2_Tue_Mar__7_13_00_12_2023,0.04384486377239219,6.559172630310059,129.59581562360498
WS23_L1_T1_P_0_trial_2_Tue_Mar__7_13_00_12_2023,0.04384486377239219,6.559172630310059,129.59581562360498
WS23_L1_T1_P_0_trial_2_Tue_Mar__7_13_00_12_2023,0.04384486377239219,6.559172630310059,129.59581562360498
WS23_L1_T1_P_0_trial_2_Tue_Mar__7_13_00_12_2023,0.04384486377239219,6.559172630310059,129.59581562360498
WS23_L1_T1_P_0_trial_2_Tue_Mar__7_13_00_12_2023,0.04384486377239219,6.559172630310059,129.59581562360498
WS23_L1_T1_P_0_trial_2_Tue_Mar__7_13_00_12_2023,0.04384486377239219,6.559172630310059,129.59581562360498
WS23_L1_T1_P_0_trial_2_Tue_Mar__7_13_00_12_2023,0.04384486377239219,6.559172630310059,129.59581562360498
WS23_L1_T1_P_0_trial_2_Tue_Mar__7_13_00_12_2023,0.04384486377239219,6.559172630310059,129.59581562360498
WS23_L1_T1_P_0_trial_2_Tue_Mar__7_13_00_12_2023,0.04384486377239219,6.559172630310059,129.59581562360498
WS23_L1_T1_P_0_trial_2_Tue_Mar__7_13_00_12_2023,0.04384486377239219,6.559172630310059,129.59581562360498
WS23_L1_T1_P_0_trial_2_Tue_Mar__7_13_00_12_2023,0.04384486377239219,6.559172630310059,129.59581562360498
WS23_L1_T1_P_0_trial_2_Tue_Mar__7_13_00_12_2023,0.04384486377239219,6.559172630310059,129.59581562360498
WS23_L1_T1_P_0_trial_2_Tue_Mar__7_13_00_12_2023,0.04384486377239219,6.559172630310059,129.59581562360498
WS23_L1_T1_P_0_trial_2_Tue_Mar__7_13_00_12_2023,0.04384486377239219,6.559172630310059,129.59581562360498
WS23_L1_T1_P_0_trial_2_Tue_Mar__7_13_00_12_2023,0.04384486377239219,6.559172630310059,129.59581562360498
WS23_L1_T1_P_0_trial_2_Tue_Mar__7_13_00_12_2023,0.04384486377239219,6.559172630310059,129.59581562360498
WS23_L1_T1_P_0_trial_2_Tue_Mar__7_13_00_12_2023,0.04384486377239219,6.559172630310059,129.59581562360498
WS23_L1_T1_P_0_trial_2_Tue_Mar__7_13_00_12_2023,0.04384486377239219,6.559172630310059,129.59581562360498
WS23_L1_T1_P_0_trial_2_Tue_Mar__7_13_00_12_2023,0.04384486377239219,6.559172630310059,129.59581562360498
WS23_L1_T1_P_0_trial_2_Tue_Mar__7_13_00_12_2023,0.04384486377239219,6.559172630310059,129.59581562360498
WS23_L1_T1_P_0_trial_2_Tue_Mar__7_13_00_12_2023,0.04384486377239219,6.559172630310059,129.59581562360498
WS23_L1_T1_P_0_trial_2_Tue_Mar__7_13_00_12_2023,0.04384486377239219,6.559172630310059,129.59581562360498
WS23_L1_T1_P_0_trial_2_Tue_Mar__7_13_00_12_2023,0.04384486377239219,6.559172630310059,129.59581562360498
WS23_L1_T1_P_0_trial_2_Tue_Mar__7_13_00_12_2023,0.04384486377239219,6.559172630310059,129.59581562360498
WS23_L1_T1_P_0_trial_2_Tue_Mar__7_13_00_12_2023,0.04384486377239219,6.559172630310059,129.59581562360498
WS23_L1_T1_P_0_trial_2_Tue_Mar__7_13_00_12_2023,0.04384486377239219,6.559172630310059,129.59581562360498
WS23_L1_T1_P_0_trial_2_Tue_Mar__7_13_00_12_2023,0.04384486377239219,6.559172630310059,129.59581562360498
WS23_L1_T1_P_0_trial_2_Tue_Mar__7_13_00_12_2023,0.04384486377239219,6.559172630310059,129.59581562360498
WS23_L1_T1_P_0_trial_2_Tue_Mar__7_13_00_12_2023,0.04384486377239219,6.559172630310059,129.59581562360498
WS23_L1_T1_P_0_trial_2_Tue_Mar__7_13_00_12_2023,0.04384486377239219,6.559172630310059,129.59581562360498
WS23_L1_T1_P_0_trial_2_Tue_Mar__7_13_00_12_2023,0.04384486377239219,6.559172630310059,129.59581562360498
WS23_L1_T1_P_0_trial_2_Tue_Mar__7_13_00_12_2023,0.04384486377239219,6.559172630310059,129.59581562360498
WS23_L1_T1_P_0_trial_2_Tue_Mar__7_13_00_12_2023,0.04384486377239219,6.559172630310059,129.59581562360498
WS23_L1_T1_P_0_trial_2_Tue_Mar__7_13_00_12_2023,0.04384486377239219,6.559172630310059,129.59581562360498
WS23_L1_T1_P_0_trial_2_Tue_Mar__7_13_00_12_2023,0.04384486377239219,6.559172630310059,129.59581562360498
WS23_L1_T1_P_0_trial_2_Tue_Mar__7_13_00_12_2023,0.04384486377239219,6.559172630310059,129.59581562360498
WS23_L1_T1_P_0_trial_2_Tue_Mar__7_13_00_12_2023,0.04384486377239219,6.559172630310059,129.59581562360498
WS23_L1_T1_P_0_trial_2_Tue_Mar__7_13_00_12_2023,0.04384486377239219,6.559172630310059,129.59581562360498
WS23_L1_T1_P_0_trial_2_Tue_Mar__7_13_00_12_2023,0.04384486377239219,6.559172630310059,129.59581562360498
WS23_L1_T1_P_0_trial_2_Tue_Mar__7_13_00_12_2023,0.04384486377239219,6.559172630310059,129.59581562360498
WS23_L1_T1_P_0_trial_2_Tue_Mar__7_13_00_12_2023,0.04384486377239219,6.559172630310059,129.59581562360498
WS23_L1_T1_P_0_trial_2_Tue_Mar__7_13_00_12_2023,0.04384486377239219,6.559172630310059,129.59581562360498
WS23_L1_T1_P_0_trial_2_Tue_Mar__7_13_00_12_2023,0.04384486377239219,6.559172630310059,129.59581562360498
WS23_L1_T1_P_0_trial_2_Tue_Mar__7_13_00_12_2023,0.04384486377239219,6.559172630310059,129.59581562360498
WS23_L1_T1_P_0_trial_2_Tue_Mar__7_13_00_12_2023,0.04384486377239219,6.559172630310059,129.59581562360498
WS23_L1_T1_P_0_trial_2_Tue_Mar__7_13_00_12_2023,0.04384486377239219,6.559172630310059,129.59581562360498
WS23_L1_T1_P_0_trial_2_Tue_Mar__7_13_00_12_2023,0.04384486377239219,6.559172630310059,129.59581562360498
WS23_L1_T1_P_0_trial_2_Tue_Mar__7_13_00_12_2023,0.04384486377239219,6.559172630310059,129.59581562360498
WS23_L1_T1_P_0_trial_2_Tue_Mar__7_13_00_12_2023,0.04384486377239219,6.559172630310059,129.59581562360498
WS23_L1_T1_P_0_trial_2_Tue_Mar__7_13_00_12_2023,0.04384486377239219,6.559172630310059,129.59581562360498
WS23_L1_T1_P_0_trial_2_Tue_Mar__7_13_00_12_2023,0.04384486377239219,6.559172630310059,129.59581562360498
WS23_L1_T1_P_0_trial_2_Tue_Mar__7_13_00_12_2023,0.04384486377239219,6.559172630310059,129.59581562360498
WS23_L1_T1_P_0_trial_2_Tue_Mar__7_13_00_12_2023,0.04384486377239219,6.559172630310059,129.59581562360498
WS23_L1_T1_P_0_trial_2_Tue_Mar__7_13_00_12_2023,0.04384486377239219,6.559172630310059,129.59581562360498
WS23_L1_T1_P_0_trial_2_Tue_Mar__7_13_00_12_2023,0.04384486377239219,6.559172630310059,129.59581562360498
WS23_L1_T1_P_0_trial_2_Tue_Mar__7_13_00_12_2023,0.04384486377239219,6.559172630310059,129.59581562360498
WS23_L1_T1_P_0_trial_2_Tue_Mar__7_13_00_12_2023,0.04384486377239219,6.559172630310059,129.59581562360498
WS23_L1_T1_P_0_trial_2_Tue_Mar__7_13_00_12_2023,0.04384486377239219,6.559172630310059,129.59581562360498
WS23_L1_T1_P_0_trial_2_Tue_Mar__7_13_00_12_2023,0.04384486377239219,6.559172630310059,129.59581562360498
WS23_L1_T1_P_0_trial_2_Tue_Mar__7_13_00_12_2023,0.043887436389923096,6.495852947235107,129.59581562360498
WS23_L1_T1_P_0_trial_2_Tue_Mar__7_13_00_12_2023,0.043887436389923096,6.495852947235107,129.59581562360498
WS23_L1_T1_P_0_trial_2_Tue_Mar__7_13_00_12_2023,0.043887436389923096,6.495852947235107,129.59581562360498
WS23_L1_T1_P_0_trial_2_Tue_Mar__7_13_00_12_2023,0.043887436389923096,6.495852947235107,129.59581562360498
WS23_L1_T1_P_0_trial_2_Tue_Mar__7_13_00_12_2023,0.043887436389923096,6.495852947235107,129.59581562360498
WS23_L1_T1_P_0_trial_2_Tue_Mar__7_13_00_12_2023,0.043887436389923096,6.495852947235107,129.59581562360498
WS23_L1_T1_P_0_trial_2_Tue_Mar__7_13_00_12_2023,0.043887436389923096,6.495852947235107,129.59581562360498
WS23_L1_T1_P_0_trial_2_Tue_Mar__7_13_00_12_2023,0.043887436389923096,6.495852947235107,129.59581562360498
WS23_L1_T1_P_0_trial_2_Tue_Mar__7_13_00_12_2023,0.043887436389923096,6.516772747039795,129.59581562360498
WS23_L1_T1_P_0_trial_2_Tue_Mar__7_13_00_12_2023,0.043887436389923096,6.516772747039795,129.59581562360498
WS23_L1_T1_P_0_trial_2_Tue_Mar__7_13_00_12_2023,0.043887436389923096,6.516772747039795,129.59581562360498
WS23_L1_T1_P_0_trial_2_Tue_Mar__7_13_00_12_2023,0.043887436389923096,6.516772747039795,129.59581562360498
WS23_L1_T1_P_0_trial_2_Tue_Mar__7_13_00_12_2023,0.043887436389923096,6.516772747039795,129.59581562360498
WS23_L1_T1_P_0_trial_2_Tue_Mar__7_13_00_12_2023,0.043887436389923096,6.516772747039795,129.59581562360498
WS23_L1_T1_P_0_trial_2_Tue_Mar__7_13_00_12_2023,0.043887436389923096,6.516772747039795,129.59581562360498
WS23_L1_T1_P_0_trial_2_Tue_Mar__7_13_00_12_2023,0.0439236909151077,6.45953369140625,129.59581562360498
WS23_L1_T1_P_0_trial_2_Tue_Mar__7_13_00_12_2023,0.0439236909151077,6.45953369140625,129.59581562360498
WS23_L1_T1_P_0_trial_2_Tue_Mar__7_13_00_12_2023,0.0439236909151077,6.45953369140625,129.59581562360498
WS23_L1_T1_P_0_trial_2_Tue_Mar__7_13_00_12_2023,0.0439236909151077,6.45953369140625,129.59581562360498
WS23_L1_T1_P_0_trial_2_Tue_Mar__7_13_00_12_2023,0.0439236909151077,6.45953369140625,129.59581562360498
WS23_L1_T1_P_0_trial_2_Tue_Mar__7_13_00_12_2023,0.0439236909151077,6.45953369140625,129.59581562360498
WS23_L1_T1_P_0_trial_2_Tue_Mar__7_13_00_12_2023,0.0439236909151077,6.45953369140625,129.59581562360498
WS23_L1_T1_P_0_trial_2_Tue_Mar__7_13_00_12_2023,0.043926760554313604,6.47559118270874,129.59581562360498
WS23_L1_T1_P_5_Tue_Mar__7_13_47_55_2023,0.0,-0.0973654463887214,269.7497605033404
WS23_L1_T1_P_5_Tue_Mar__7_13_47_55_2023,0.0,-0.0973654463887214,269.7497605033404
WS23_L1_T1_P_5_Tue_Mar__7_13_47_55_2023,0.0,-0.0973654463887214,269.7497605033404
WS23_L1_T1_P_5_Tue_Mar__7_13_47_55_2023,0.0,-0.0973654463887214,269.7497605033404
WS23_L1_T1_P_5_Tue_Mar__7_13_47_55_2023,0.0,-0.0973654463887214,269.7497605033404
WS23_L1_T1_P_5_Tue_Mar__7_13_47_55_2023,0.0,-0.0973654463887214,269.7497605033404
WS23_L1_T1_P_5_Tue_Mar__7_13_47_55_2023,0.0,-0.0973654463887214,269.7497605033404
WS23_L1_T1_P_5_Tue_Mar__7_13_47_55_2023,0.0002154409885405939,-0.3009774088859558,269.7497605033404
WS23_L1_T1_P_5_Tue_Mar__7_13_47_55_2023,0.0002154409885405939,-0.3009774088859558,269.7497605033404
WS23_L1_T1_P_5_Tue_Mar__7_13_47_55_2023,0.0002154409885405939,-0.3009774088859558,269.7497605033404
WS23_L1_T1_P_5_Tue_Mar__7_13_47_55_2023,0.0002154409885405939,-0.3009774088859558,269.7497605033404
WS23_L1_T1_P_5_Tue_Mar__7_13_47_55_2023,0.0002154409885405939,-0.3009774088859558,269.7497605033404
WS23_L1_T1_P_5_Tue_Mar__7_13_47_55_2023,0.0002154409885405939,-0.3009774088859558,269.7497605033404
WS23_L1_T1_P_5_Tue_Mar__7_13_47_55_2023,0.0002154409885405939,-0.3009774088859558,269.7497605033404
WS23_L1_T1_P_5_Tue_Mar__7_13_47_55_2023,0.0004009008407593051,-0.381526917219162,269.7497605033404
WS23_L1_T1_P_5_Tue_Mar__7_13_47_55_2023,0.0004009008407593051,-0.381526917219162,269.7497605033404
WS23_L1_T1_P_5_Tue_Mar__7_13_47_55_2023,0.0004009008407593051,-0.381526917219162,269.7497605033404
WS23_L1_T1_P_5_Tue_Mar__7_13_47_55_2023,0.0004009008407593051,-0.381526917219162,269.7497605033404
WS23_L1_T1_P_5_Tue_Mar__7_13_47_55_2023,0.0004009008407593051,-0.381526917219162,269.7497605033404
WS23_L1_T1_P_5_Tue_Mar__7_13_47_55_2023,0.0004009008407593051,-0.381526917219162,269.7497605033404
WS23_L1_T1_P_5_Tue_Mar__7_13_47_55_2023,0.0006172806024551114,-0.5135589241981506,269.7497605033404
WS23_L1_T1_P_5_Tue_Mar__7_13_47_55_2023,0.0006172806024551114,-0.5135589241981506,269.7497605033404
WS23_L1_T1_P_5_Tue_Mar__7_13_47_55_2023,0.0006172806024551114,-0.5135589241981506,269.7497605033404
WS23_L1_T1_P_5_Tue_Mar__7_13_47_55_2023,0.0006172806024551114,-0.5135589241981506,269.7497605033404
WS23_L1_T1_P_5_Tue_Mar__7_13_47_55_2023,0.0006172806024551114,-0.5135589241981506,269.7497605033404
WS23_L1_T1_P_5_Tue_Mar__7_13_47_55_2023,0.0006172806024551114,-0.5135589241981506,269.7497605033404
WS23_L1_T1_P_5_Tue_Mar__7_13_47_55_2023,0.0006369948387145996,-0.3615793287754059,269.7497605033404
WS23_L1_T1_P_5_Tue_Mar__7_13_47_55_2023,0.0006369948387145996,-0.3615793287754059,269.7497605033404
WS23_L1_T1_P_5_Tue_Mar__7_13_47_55_2023,0.0006369948387145996,-0.3615793287754059,269.7497605033404
WS23_L1_T1_P_5_Tue_Mar__7_13_47_55_2023,0.0006369948387145996,-0.3615793287754059,269.7497605033404
WS23_L1_T1_P_5_Tue_Mar__7_13_47_55_2023,0.0006369948387145996,-0.3615793287754059,269.7497605033404
WS23_L1_T1_P_5_Tue_Mar__7_13_47_55_2023,0.0006369948387145996,-0.3615793287754059,269.7497605033404
WS23_L1_T1_P_5_Tue_Mar__7_13_47_55_2023,0.0006369948387145996,-0.3615793287754059,269.7497605033404
WS23_L1_T1_P_5_Tue_Mar__7_13_47_55_2023,0.000616684556007413,-0.19069704413414,269.7497605033404
WS23_L1_T1_P_5_Tue_Mar__7_13_47_55_2023,0.000616684556007413,-0.19069704413414,269.7497605033404
WS23_L1_T1_P_5_Tue_Mar__7_13_47_55_2023,0.000616684556007413,-0.19069704413414,269.7497605033404
WS23_L1_T1_P_5_Tue_Mar__7_13_47_55_2023,0.000616684556007413,-0.19069704413414,269.7497605033404
WS23_L1_T1_P_5_Tue_Mar__7_13_47_55_2023,0.000616684556007413,-0.19069704413414,269.7497605033404
WS23_L1_T1_P_5_Tue_Mar__7_13_47_55_2023,0.000616684556007413,-0.19069704413414,269.7497605033404
WS23_L1_T1_P_5_Tue_Mar__7_13_47_55_2023,0.0008364170789718073,-0.4611712992191314,269.7497605033404
WS23_L1_T1_P_5_Tue_Mar__7_13_47_55_2023,0.0008364170789718073,-0.4611712992191314,269.7497605033404
WS23_L1_T1_P_5_Tue_Mar__7_13_47_55_2023,0.0008364170789718073,-0.4611712992191314,269.7497605033404
WS23_L1_T1_P_5_Tue_Mar__7_13_47_55_2023,0.0008364170789718073,-0.4611712992191314,269.7497605033404
WS23_L1_T1_P_5_Tue_Mar__7_13_47_55_2023,0.0008364170789718073,-0.4611712992191314,269.7497605033404
WS23_L1_T1_P_5_Tue_Mar__7_13_47_55_2023,0.0008364170789718073,-0.4611712992191314,269.7497605033404
WS23_L1_T1_P_5_Tue_Mar__7_13_47_55_2023,0.0010603666305541992,-0.5695779919624329,269.7497605033404
WS23_L1_T1_P_5_Tue_Mar__7_13_47_55_2023,0.0010603666305541992,-0.5695779919624329,269.7497605033404
WS23_L1_T1_P_5_Tue_Mar__7_13_47_55_2023,0.0010603666305541992,-0.5695779919624329,269.7497605033404
WS23_L1_T1_P_5_Tue_Mar__7_13_47_55_2023,0.0010603666305541992,-0.5695779919624329,269.7497605033404
WS23_L1_T1_P_5_Tue_Mar__7_13_47_55_2023,0.0010603666305541992,-0.5695779919624329,269.7497605033404
WS23_L1_T1_P_5_Tue_Mar__7_13_47_55_2023,0.0010603666305541992,-0.5695779919624329,269.7497605033404
WS23_L1_T1_P_5_Tue_Mar__7_13_47_55_2023,0.0010603666305541992,-0.5695779919624329,269.7497605033404
WS23_L1_T1_P_5_Tue_Mar__7_13_47_55_2023,0.0012397021055221003,-0.6643099784851074,269.7497605033404
WS23_L1_T1_P_5_Tue_Mar__7_13_47_55_2023,0.0012397021055221003,-0.6643099784851074,269.7497605033404
WS23_L1_T1_P_5_Tue_Mar__7_13_47_55_2023,0.0012397021055221003,-0.6643099784851074,269.7497605033404
WS23_L1_T1_P_5_Tue_Mar__7_13_47_55_2023,0.0012397021055221003,-0.6643099784851074,269.7497605033404
WS23_L1_T1_P_5_Tue_Mar__7_13_47_55_2023,0.0012397021055221003,-0.6643099784851074,269.7497605033404
WS23_L1_T1_P_5_Tue_Mar__7_13_47_55_2023,0.0012397021055221003,-0.6643099784851074,269.7497605033404
WS23_L1_T1_P_5_Tue_Mar__7_13_47_55_2023,0.0012397021055221003,-0.6643099784851074,269.7497605033404
WS23_L1_T1_P_5_Tue_Mar__7_13_47_55_2023,0.0014369338750838956,-0.7365580201148987,269.7497605033404
WS23_L1_T1_P_5_Tue_Mar__7_13_47_55_2023,0.0014369338750838956,-0.7365580201148987,269.7497605033404
WS23_L1_T1_P_5_Tue_Mar__7_13_47_55_2023,0.0014369338750838956,-0.7365580201148987,269.7497605033404
WS23_L1_T1_P_5_Tue_Mar__7_13_47_55_2023,0.0014369338750838956,-0.7365580201148987,269.7497605033404
WS23_L1_T1_P_5_Tue_Mar__7_13_47_55_2023,0.0014369338750838956,-0.7365580201148987,269.7497605033404
WS23_L1_T1_P_5_Tue_Mar__7_13_47_55_2023,0.0014369338750838956,-0.7365580201148987,269.7497605033404
WS23_L1_T1_P_5_Tue_Mar__7_13_47_55_2023,0.0015076398849487027,-0.6470357775688171,269.7497605033404
WS23_L1_T1_P_5_Tue_Mar__7_13_47_55_2023,0.0015076398849487027,-0.6470357775688171,269.7497605033404
WS23_L1_T1_P_5_Tue_Mar__7_13_47_55_2023,0.0015076398849487027,-0.6470357775688171,269.7497605033404
WS23_L1_T1_P_5_Tue_Mar__7_13_47_55_2023,0.0015076398849487027,-0.6470357775688171,269.7497605033404
WS23_L1_T1_P_5_Tue_Mar__7_13_47_55_2023,0.0015076398849487027,-0.6470357775688171,269.7497605033404
WS23_L1_T1_P_5_Tue_Mar__7_13_47_55_2023,0.0015076398849487027,-0.6470357775688171,269.7497605033404
WS23_L1_T1_P_5_Tue_Mar__7_13_47_55_2023,0.0015076398849487027,-0.6470357775688171,269.7497605033404
WS23_L1_T1_P_5_Tue_Mar__7_13_47_55_2023,0.0015076398849487027,-0.5330871343612671,269.7497605033404
WS23_L1_T1_P_5_Tue_Mar__7_13_47_55_2023,0.0015076398849487027,-0.5330871343612671,269.7497605033404
WS23_L1_T1_P_5_Tue_Mar__7_13_47_55_2023,0.0015076398849487027,-0.5330871343612671,269.7497605033404
WS23_L1_T1_P_5_Tue_Mar__7_13_47_55_2023,0.0015076398849487027,-0.5330871343612671,269.7497605033404
WS23_L1_T1_P_5_Tue_Mar__7_13_47_55_2023,0.0015076398849487027,-0.5330871343612671,269.7497605033404
WS23_L1_T1_P_5_Tue_Mar__7_13_47_55_2023,0.0015076398849487027,-0.5330871343612671,269.7497605033404
WS23_L1_T1_P_5_Tue_Mar__7_13_47_55_2023,0.0015329718589782992,-0.4679637849330902,269.7497605033404
WS23_L1_T1_P_5_Tue_Mar__7_13_47_55_2023,0.0015329718589782992,-0.4679637849330902,269.7497605033404
WS23_L1_T1_P_5_Tue_Mar__7_13_47_55_2023,0.0015329718589782992,-0.4679637849330902,269.7497605033404
WS23_L1_T1_P_5_Tue_Mar__7_13_47_55_2023,0.0015329718589782992,-0.4679637849330902,269.7497605033404
WS23_L1_T1_P_5_Tue_Mar__7_13_47_55_2023,0.0015329718589782992,-0.4679637849330902,269.7497605033404
WS23_L1_T1_P_5_Tue_Mar__7_13_47_55_2023,0.0015329718589782992,-0.4679637849330902,269.7497605033404
WS23_L1_T1_P_5_Tue_Mar__7_13_47_55_2023,0.0015329718589782992,-0.4679637849330902,269.7497605033404
WS23_L1_T1_P_5_Tue_Mar__7_13_47_55_2023,0.0015866756439208984,-0.3943994343280792,269.7497605033404
WS23_L1_T1_P_5_Tue_Mar__7_13_47_55_2023,0.0015866756439208984,-0.3943994343280792,269.7497605033404
WS23_L1_T1_P_5_Tue_Mar__7_13_47_55_2023,0.0015866756439208984,-0.3943994343280792,269.7497605033404
WS23_L1_T1_P_5_Tue_Mar__7_13_47_55_2023,0.0015866756439208984,-0.3943994343280792,269.7497605033404
WS23_L1_T1_P_5_Tue_Mar__7_13_47_55_2023,0.0015866756439208984,-0.3943994343280792,269.7497605033404
WS23_L1_T1_P_5_Tue_Mar__7_13_47_55_2023,0.0015866756439208984,-0.3943994343280792,269.7497605033404
WS23_L1_T1_P_5_Tue_Mar__7_13_47_55_2023,0.0015866756439208984,-0.3943994343280792,269.7497605033404
WS23_L1_T1_P_5_Tue_Mar__7_13_47_55_2023,0.0016025453805923184,-0.3181137442588806,269.7497605033404
WS23_L1_T1_P_5_Tue_Mar__7_13_47_55_2023,0.0016025453805923184,-0.3181137442588806,269.7497605033404
WS23_L1_T1_P_5_Tue_Mar__7_13_47_55_2023,0.0016025453805923184,-0.3181137442588806,269.7497605033404
WS23_L1_T1_P_5_Tue_Mar__7_13_47_55_2023,0.0016025453805923184,-0.3181137442588806,269.7497605033404
WS23_L1_T1_P_5_Tue_Mar__7_13_47_55_2023,0.0016025453805923184,-0.3181137442588806,269.7497605033404
WS23_L1_T1_P_5_Tue_Mar__7_13_47_55_2023,0.0016025453805923184,-0.3181137442588806,269.7497605033404
WS23_L1_T1_P_5_Tue_Mar__7_13_47_55_2023,0.0016025453805923184,-0.3181137442588806,269.7497605033404
WS23_L1_T1_P_5_Tue_Mar__7_13_47_55_2023,0.0016918778419494074,-0.3256584703922272,269.7497605033404
WS23_L1_T1_P_5_Tue_Mar__7_13_47_55_2023,0.0016918778419494074,-0.3256584703922272,269.7497605033404
WS23_L1_T1_P_5_Tue_Mar__7_13_47_55_2023,0.0016918778419494074,-0.3256584703922272,269.7497605033404
WS23_L1_T1_P_5_Tue_Mar__7_13_47_55_2023,0.0016918778419494074,-0.3256584703922272,269.7497605033404
WS23_L1_T1_P_5_Tue_Mar__7_13_47_55_2023,0.0016918778419494074,-0.3256584703922272,269.7497605033404
WS23_L1_T1_P_5_Tue_Mar__7_13_47_55_2023,0.0016918778419494074,-0.3256584703922272,269.7497605033404
WS23_L1_T1_P_5_Tue_Mar__7_13_47_55_2023,0.001767501235008212,-0.298651248216629,269.7497605033404
WS23_L1_T1_P_5_Tue_Mar__7_13_47_55_2023,0.001767501235008212,-0.298651248216629,269.7497605033404
WS23_L1_T1_P_5_Tue_Mar__7_13_47_55_2023,0.001767501235008212,-0.298651248216629,269.7497605033404
WS23_L1_T1_P_5_Tue_Mar__7_13_47_55_2023,0.001767501235008212,-0.298651248216629,269.7497605033404
WS23_L1_T1_P_5_Tue_Mar__7_13_47_55_2023,0.001767501235008212,-0.298651248216629,269.7497605033404
WS23_L1_T1_P_5_Tue_Mar__7_13_47_55_2023,0.001767501235008212,-0.298651248216629,269.7497605033404
WS23_L1_T1_P_5_Tue_Mar__7_13_47_55_2023,0.001767501235008212,-0.298651248216629,269.7497605033404
WS23_L1_T1_P_5_Tue_Mar__7_13_47_55_2023,0.0018076896667480191,-0.210499107837677,269.7497605033404
WS23_L1_T1_P_5_Tue_Mar__7_13_47_55_2023,0.0018076896667480191,-0.210499107837677,269.7497605033404
WS23_L1_T1_P_5_Tue_Mar__7_13_47_55_2023,0.0018076896667480191,-0.210499107837677,269.7497605033404
WS23_L1_T1_P_5_Tue_Mar__7_13_47_55_2023,0.0018076896667480191,-0.210499107837677,269.7497605033404
WS23_L1_T1_P_5_Tue_Mar__7_13_47_55_2023,0.0018076896667480191,-0.210499107837677,269.7497605033404
WS23_L1_T1_P_5_Tue_Mar__7_13_47_55_2023,0.0018076896667480191,-0.210499107837677,269.7497605033404
WS23_L1_T1_P_5_Tue_Mar__7_13_47_55_2023,0.0018410533666610995,-0.1336861848831176,269.7497605033404
WS23_L1_T1_P_5_Tue_Mar__7_13_47_55_2023,0.0018410533666610995,-0.1336861848831176,269.7497605033404
WS23_L1_T1_P_5_Tue_Mar__7_13_47_55_2023,0.0018410533666610995,-0.1336861848831176,269.7497605033404
WS23_L1_T1_P_5_Tue_Mar__7_13_47_55_2023,0.0018410533666610995,-0.1336861848831176,269.7497605033404
WS23_L1_T1_P_5_Tue_Mar__7_13_47_55_2023,0.0018410533666610995,-0.1336861848831176,269.7497605033404
WS23_L1_T1_P_5_Tue_Mar__7_13_47_55_2023,0.0018410533666610995,-0.1336861848831176,269.7497605033404
WS23_L1_T1_P_5_Tue_Mar__7_13_47_55_2023,0.001910552382469205,-0.1177651733160018,269.7497605033404
WS23_L1_T1_P_5_Tue_Mar__7_13_47_55_2023,0.001910552382469205,-0.1177651733160018,269.7497605033404
WS23_L1_T1_P_5_Tue_Mar__7_13_47_55_2023,0.001910552382469205,-0.1177651733160018,269.7497605033404
WS23_L1_T1_P_5_Tue_Mar__7_13_47_55_2023,0.001910552382469205,-0.1177651733160018,269.7497605033404
WS23_L1_T1_P_5_Tue_Mar__7_13_47_55_2023,0.001910552382469205,-0.1177651733160018,269.7497605033404
WS23_L1_T1_P_5_Tue_Mar__7_13_47_55_2023,0.001910552382469205,-0.1177651733160018,269.7497605033404
WS23_L1_T1_P_5_Tue_Mar__7_13_47_55_2023,0.002019450068473816,-0.1223667562007904,269.7497605033404
WS23_L1_T1_P_5_Tue_Mar__7_13_47_55_2023,0.002019450068473816,-0.1223667562007904,269.7497605033404
WS23_L1_T1_P_5_Tue_Mar__7_13_47_55_2023,0.002019450068473816,-0.1223667562007904,269.7497605033404
WS23_L1_T1_P_5_Tue_Mar__7_13_47_55_2023,0.002019450068473816,-0.1223667562007904,269.7497605033404
WS23_L1_T1_P_5_Tue_Mar__7_13_47_55_2023,0.002019450068473816,-0.1223667562007904,269.7497605033404
WS23_L1_T1_P_5_Tue_Mar__7_13_47_55_2023,0.002019450068473816,-0.1223667562007904,269.7497605033404
WS23_L1_T1_P_5_Tue_Mar__7_13_47_55_2023,0.0020982027053833008,-0.0651251971721649,269.7497605033404
WS23_L1_T1_P_5_Tue_Mar__7_13_47_55_2023,0.0020982027053833008,-0.0651251971721649,269.7497605033404
WS23_L1_T1_P_5_Tue_Mar__7_13_47_55_2023,0.0020982027053833008,-0.0651251971721649,269.7497605033404
WS23_L1_T1_P_5_Tue_Mar__7_13_47_55_2023,0.0020982027053833008,-0.0651251971721649,269.7497605033404
WS23_L1_T1_P_5_Tue_Mar__7_13_47_55_2023,0.0020982027053833008,-0.0651251971721649,269.7497605033404
WS23_L1_T1_P_5_Tue_Mar__7_13_47_55_2023,0.0020982027053833008,-0.0651251971721649,269.7497605033404
WS23_L1_T1_P_5_Tue_Mar__7_13_47_55_2023,0.0020982027053833008,-0.0651251971721649,269.7497605033404
WS23_L1_T1_P_5_Tue_Mar__7_13_47_55_2023,0.0020982027053833008,0.0480017811059951,269.7497605033404
WS23_L1_T1_P_5_Tue_Mar__7_13_47_55_2023,0.0020982027053833008,0.0480017811059951,269.7497605033404
WS23_L1_T1_P_5_Tue_Mar__7_13_47_55_2023,0.0020982027053833008,0.0480017811059951,269.7497605033404
WS23_L1_T1_P_5_Tue_Mar__7_13_47_55_2023,0.0020982027053833008,0.0480017811059951,269.7497605033404
WS23_L1_T1_P_5_Tue_Mar__7_13_47_55_2023,0.0020982027053833008,0.0480017811059951,269.7497605033404
WS23_L1_T1_P_5_Tue_Mar__7_13_47_55_2023,0.002171471714973394,0.0587427914142608,269.7497605033404
WS23_L1_T1_P_5_Tue_Mar__7_13_47_55_2023,0.002171471714973394,0.0587427914142608,269.7497605033404
WS23_L1_T1_P_5_Tue_Mar__7_13_47_55_2023,0.002171471714973394,0.0587427914142608,269.7497605033404
WS23_L1_T1_P_5_Tue_Mar__7_13_47_55_2023,0.002171471714973394,0.0587427914142608,269.7497605033404
WS23_L1_T1_P_5_Tue_Mar__7_13_47_55_2023,0.002171471714973394,0.0587427914142608,269.7497605033404
WS23_L1_T1_P_5_Tue_Mar__7_13_47_55_2023,0.002171471714973394,0.0587427914142608,269.7497605033404
WS23_L1_T1_P_5_Tue_Mar__7_13_47_55_2023,0.002171471714973394,0.0587427914142608,269.7497605033404
WS23_L1_T1_P_5_Tue_Mar__7_13_47_55_2023,0.0023238360881805142,-0.0200750939548015,269.7497605033404
WS23_L1_T1_P_5_Tue_Mar__7_13_47_55_2023,0.0023238360881805142,-0.0200750939548015,269.7497605033404
WS23_L1_T1_P_5_Tue_Mar__7_13_47_55_2023,0.0023238360881805142,-0.0200750939548015,269.7497605033404
WS23_L1_T1_P_5_Tue_Mar__7_13_47_55_2023,0.0023238360881805142,-0.0200750939548015,269.7497605033404
WS23_L1_T1_P_5_Tue_Mar__7_13_47_55_2023,0.0023238360881805142,-0.0200750939548015,269.7497605033404
WS23_L1_T1_P_5_Tue_Mar__7_13_47_55_2023,0.0023238360881805142,-0.0200750939548015,269.7497605033404
WS23_L1_T1_P_5_Tue_Mar__7_13_47_55_2023,0.0024842917919158936,-0.1320115178823471,269.7497605033404
WS23_L1_T1_P_5_Tue_Mar__7_13_47_55_2023,0.0024842917919158936,-0.1320115178823471,269.7497605033404
WS23_L1_T1_P_5_Tue_Mar__7_13_47_55_2023,0.0024842917919158936,-0.1320115178823471,269.7497605033404
WS23_L1_T1_P_5_Tue_Mar__7_13_47_55_2023,0.0024842917919158936,-0.1320115178823471,269.7497605033404
WS23_L1_T1_P_5_Tue_Mar__7_13_47_55_2023,0.0024842917919158936,-0.1320115178823471,269.7497605033404
WS23_L1_T1_P_5_Tue_Mar__7_13_47_55_2023,0.0024842917919158936,-0.1320115178823471,269.7497605033404
WS23_L1_T1_P_5_Tue_Mar__7_13_47_55_2023,0.0024842917919158936,-0.1320115178823471,269.7497605033404
WS23_L1_T1_P_5_Tue_Mar__7_13_47_55_2023,0.002701565623283414,-0.3001143336296081,269.7497605033404
WS23_L1_T1_P_5_Tue_Mar__7_13_47_55_2023,0.002701565623283414,-0.3001143336296081,269.7497605033404
WS23_L1_T1_P_5_Tue_Mar__7_13_47_55_2023,0.002701565623283414,-0.3001143336296081,269.7497605033404
WS23_L1_T1_P_5_Tue_Mar__7_13_47_55_2023,0.002701565623283414,-0.3001143336296081,269.7497605033404
WS23_L1_T1_P_5_Tue_Mar__7_13_47_55_2023,0.002701565623283414,-0.3001143336296081,269.7497605033404
WS23_L1_T1_P_5_Tue_Mar__7_13_47_55_2023,0.0029232352972030085,-0.4152549505233764,269.7497605033404
WS23_L1_T1_P_5_Tue_Mar__7_13_47_55_2023,0.0029232352972030085,-0.4152549505233764,269.7497605033404
WS23_L1_T1_P_5_Tue_Mar__7_13_47_55_2023,0.0029232352972030085,-0.4152549505233764,269.7497605033404
WS23_L1_T1_P_5_Tue_Mar__7_13_47_55_2023,0.0029232352972030085,-0.4152549505233764,269.7497605033404
WS23_L1_T1_P_5_Tue_Mar__7_13_47_55_2023,0.0029232352972030085,-0.4152549505233764,269.7497605033404
WS23_L1_T1_P_5_Tue_Mar__7_13_47_55_2023,0.0029232352972030085,-0.4152549505233764,269.7497605033404
WS23_L1_T1_P_5_Tue_Mar__7_13_47_55_2023,0.003041222691535894,-0.3567079603672027,269.7497605033404
WS23_L1_T1_P_5_Tue_Mar__7_13_47_55_2023,0.003041222691535894,-0.3567079603672027,269.7497605033404
WS23_L1_T1_P_5_Tue_Mar__7_13_47_55_2023,0.003041222691535894,-0.3567079603672027,269.7497605033404
WS23_L1_T1_P_5_Tue_Mar__7_13_47_55_2023,0.003041222691535894,-0.3567079603672027,269.7497605033404
WS23_L1_T1_P_5_Tue_Mar__7_13_47_55_2023,0.003041222691535894,-0.3567079603672027,269.7497605033404
WS23_L1_T1_P_5_Tue_Mar__7_13_47_55_2023,0.003041222691535894,-0.3567079603672027,269.7497605033404
WS23_L1_T1_P_5_Tue_Mar__7_13_47_55_2023,0.003041222691535894,-0.3567079603672027,269.7497605033404
WS23_L1_T1_P_5_Tue_Mar__7_13_47_55_2023,0.0030856728553771973,-0.3065530061721802,269.7497605033404
WS23_L1_T1_P_5_Tue_Mar__7_13_47_55_2023,0.0030856728553771973,-0.3065530061721802,269.7497605033404
WS23_L1_T1_P_5_Tue_Mar__7_13_47_55_2023,0.0030856728553771973,-0.3065530061721802,269.7497605033404
WS23_L1_T1_P_5_Tue_Mar__7_13_47_55_2023,0.0030856728553771973,-0.3065530061721802,269.7497605033404
WS23_L1_T1_P_5_Tue_Mar__7_13_47_55_2023,0.0030856728553771973,-0.3065530061721802,269.7497605033404
WS23_L1_T1_P_5_Tue_Mar__7_13_47_55_2023,0.0030856728553771973,-0.3065530061721802,269.7497605033404
WS23_L1_T1_P_5_Tue_Mar__7_13_47_55_2023,0.0031457543373108188,-0.2374425232410431,269.7497605033404
WS23_L1_T1_P_5_Tue_Mar__7_13_47_55_2023,0.0031457543373108188,-0.2374425232410431,269.7497605033404
WS23_L1_T1_P_5_Tue_Mar__7_13_47_55_2023,0.0031457543373108188,-0.2374425232410431,269.7497605033404
WS23_L1_T1_P_5_Tue_Mar__7_13_47_55_2023,0.0031457543373108188,-0.2374425232410431,269.7497605033404
WS23_L1_T1_P_5_Tue_Mar__7_13_47_55_2023,0.0031457543373108188,-0.2374425232410431,269.7497605033404
WS23_L1_T1_P_5_Tue_Mar__7_13_47_55_2023,0.0031457543373108188,-0.2374425232410431,269.7497605033404
WS23_L1_T1_P_5_Tue_Mar__7_13_47_55_2023,0.003257766366004916,-0.2521006166934967,269.7497605033404
WS23_L1_T1_P_5_Tue_Mar__7_13_47_55_2023,0.003257766366004916,-0.2521006166934967,269.7497605033404
WS23_L1_T1_P_5_Tue_Mar__7_13_47_55_2023,0.003257766366004916,-0.2521006166934967,269.7497605033404
WS23_L1_T1_P_5_Tue_Mar__7_13_47_55_2023,0.003257766366004916,-0.2521006166934967,269.7497605033404
WS23_L1_T1_P_5_Tue_Mar__7_13_47_55_2023,0.003257766366004916,-0.2521006166934967,269.7497605033404
WS23_L1_T1_P_5_Tue_Mar__7_13_47_55_2023,0.003257766366004916,-0.2521006166934967,269.7497605033404
WS23_L1_T1_P_5_Tue_Mar__7_13_47_55_2023,0.0034088790416716974,-0.3794392645359039,269.7497605033404
WS23_L1_T1_P_5_Tue_Mar__7_13_47_55_2023,0.0034088790416716974,-0.3794392645359039,269.7497605033404
WS23_L1_T1_P_5_Tue_Mar__7_13_47_55_2023,0.0034088790416716974,-0.3794392645359039,269.7497605033404
WS23_L1_T1_P_5_Tue_Mar__7_13_47_55_2023,0.0034088790416716974,-0.3794392645359039,269.7497605033404
WS23_L1_T1_P_5_Tue_Mar__7_13_47_55_2023,0.0034088790416716974,-0.3794392645359039,269.7497605033404
WS23_L1_T1_P_5_Tue_Mar__7_13_47_55_2023,0.0034088790416716974,-0.3794392645359039,269.7497605033404
WS23_L1_T1_P_5_Tue_Mar__7_13_47_55_2023,0.0034088790416716974,-0.3794392645359039,269.7497605033404
WS23_L1_T1_P_5_Tue_Mar__7_13_47_55_2023,0.0034088790416716974,-0.3794392645359039,269.7497605033404
WS23_L1_T1_P_5_Tue_Mar__7_13_47_55_2023,0.0035903900861740112,-0.469634473323822,269.7497605033404
WS23_L1_T1_P_5_Tue_Mar__7_13_47_55_2023,0.0035903900861740112,-0.469634473323822,269.7497605033404
WS23_L1_T1_P_5_Tue_Mar__7_13_47_55_2023,0.0035903900861740112,-0.469634473323822,269.7497605033404
WS23_L1_T1_P_5_Tue_Mar__7_13_47_55_2023,0.0035903900861740112,-0.469634473323822,269.7497605033404
WS23_L1_T1_P_5_Tue_Mar__7_13_47_55_2023,0.0035903900861740112,-0.469634473323822,269.7497605033404
WS23_L1_T1_P_5_Tue_Mar__7_13_47_55_2023,0.0035903900861740112,-0.469634473323822,269.7497605033404
WS23_L1_T1_P_5_Tue_Mar__7_13_47_55_2023,0.0037687569856643954,-0.5595394968986511,269.7497605033404
WS23_L1_T1_P_5_Tue_Mar__7_13_47_55_2023,0.0037687569856643954,-0.5595394968986511,269.7497605033404
WS23_L1_T1_P_5_Tue_Mar__7_13_47_55_2023,0.0037687569856643954,-0.5595394968986511,269.7497605033404
WS23_L1_T1_P_5_Tue_Mar__7_13_47_55_2023,0.0037687569856643954,-0.5595394968986511,269.7497605033404
WS23_L1_T1_P_5_Tue_Mar__7_13_47_55_2023,0.0037687569856643954,-0.5595394968986511,269.7497605033404
WS23_L1_T1_P_5_Tue_Mar__7_13_47_55_2023,0.0037687569856643954,-0.5595394968986511,269.7497605033404
WS23_L1_T1_P_5_Tue_Mar__7_13_47_55_2023,0.003959283232688904,-0.6377907395362854,269.7497605033404
WS23_L1_T1_P_5_Tue_Mar__7_13_47_55_2023,0.003959283232688904,-0.6377907395362854,269.7497605033404
WS23_L1_T1_P_5_Tue_Mar__7_13_47_55_2023,0.003959283232688904,-0.6377907395362854,269.7497605033404
WS23_L1_T1_P_5_Tue_Mar__7_13_47_55_2023,0.003959283232688904,-0.6377907395362854,269.7497605033404
WS23_L1_T1_P_5_Tue_Mar__7_13_47_55_2023,0.003959283232688904,-0.6377907395362854,269.7497605033404
WS23_L1_T1_P_5_Tue_Mar__7_13_47_55_2023,0.003959283232688904,-0.6377907395362854,269.7497605033404
WS23_L1_T1_P_5_Tue_Mar__7_13_47_55_2023,0.0040450692176819125,-0.5815204381942749,269.7497605033404
WS23_L1_T1_P_5_Tue_Mar__7_13_47_55_2023,0.0040450692176819125,-0.5815204381942749,269.7497605033404
WS23_L1_T1_P_5_Tue_Mar__7_13_47_55_2023,0.0040450692176819125,-0.5815204381942749,269.7497605033404
WS23_L1_T1_P_5_Tue_Mar__7_13_47_55_2023,0.0040450692176819125,-0.5815204381942749,269.7497605033404
WS23_L1_T1_P_5_Tue_Mar__7_13_47_55_2023,0.0040450692176819125,-0.5815204381942749,269.7497605033404
WS23_L1_T1_P_5_Tue_Mar__7_13_47_55_2023,0.0040450692176819125,-0.5815204381942749,269.7497605033404
WS23_L1_T1_P_5_Tue_Mar__7_13_47_55_2023,0.004036441445350619,-0.4407781362533569,269.7497605033404
WS23_L1_T1_P_5_Tue_Mar__7_13_47_55_2023,0.004036441445350619,-0.4407781362533569,269.7497605033404
WS23_L1_T1_P_5_Tue_Mar__7_13_47_55_2023,0.004036441445350619,-0.4407781362533569,269.7497605033404
WS23_L1_T1_P_5_Tue_Mar__7_13_47_55_2023,0.004036441445350619,-0.4407781362533569,269.7497605033404
WS23_L1_T1_P_5_Tue_Mar__7_13_47_55_2023,0.004036441445350619,-0.4407781362533569,269.7497605033404
WS23_L1_T1_P_5_Tue_Mar__7_13_47_55_2023,0.004067078232765198,-0.3834401965141296,269.7497605033404
WS23_L1_T1_P_5_Tue_Mar__7_13_47_55_2023,0.004067078232765198,-0.3834401965141296,269.7497605033404
WS23_L1_T1_P_5_Tue_Mar__7_13_47_55_2023,0.004067078232765198,-0.3834401965141296,269.7497605033404
WS23_L1_T1_P_5_Tue_Mar__7_13_47_55_2023,0.004067078232765198,-0.3834401965141296,269.7497605033404
WS23_L1_T1_P_5_Tue_Mar__7_13_47_55_2023,0.004067078232765198,-0.3834401965141296,269.7497605033404
WS23_L1_T1_P_5_Tue_Mar__7_13_47_55_2023,0.004067078232765198,-0.3834401965141296,269.7497605033404
WS23_L1_T1_P_5_Tue_Mar__7_13_47_55_2023,0.004067078232765198,-0.3834401965141296,269.7497605033404
WS23_L1_T1_P_5_Tue_Mar__7_13_47_55_2023,0.004142075777053805,-0.3553907871246338,269.7497605033404
WS23_L1_T1_P_5_Tue_Mar__7_13_47_55_2023,0.004142075777053805,-0.3553907871246338,269.7497605033404
WS23_L1_T1_P_5_Tue_Mar__7_13_47_55_2023,0.004142075777053805,-0.3553907871246338,269.7497605033404
WS23_L1_T1_P_5_Tue_Mar__7_13_47_55_2023,0.004142075777053805,-0.3553907871246338,269.7497605033404
WS23_L1_T1_P_5_Tue_Mar__7_13_47_55_2023,0.004142075777053805,-0.3553907871246338,269.7497605033404
WS23_L1_T1_P_5_Tue_Mar__7_13_47_55_2023,0.004142075777053805,-0.3553907871246338,269.7497605033404
WS23_L1_T1_P_5_Tue_Mar__7_13_47_55_2023,0.004229187965393094,-0.3393213450908661,269.7497605033404
WS23_L1_T1_P_5_Tue_Mar__7_13_47_55_2023,0.004229187965393094,-0.3393213450908661,269.7497605033404
WS23_L1_T1_P_5_Tue_Mar__7_13_47_55_2023,0.004229187965393094,-0.3393213450908661,269.7497605033404
WS23_L1_T1_P_5_Tue_Mar__7_13_47_55_2023,0.004229187965393094,-0.3393213450908661,269.7497605033404
WS23_L1_T1_P_5_Tue_Mar__7_13_47_55_2023,0.004229187965393094,-0.3393213450908661,269.7497605033404
WS23_L1_T1_P_5_Tue_Mar__7_13_47_55_2023,0.004229187965393094,-0.3393213450908661,269.7497605033404
WS23_L1_T1_P_5_Tue_Mar__7_13_47_55_2023,0.0042619705200195035,-0.2660149335861206,269.7497605033404
WS23_L1_T1_P_5_Tue_Mar__7_13_47_55_2023,0.0042619705200195035,-0.2660149335861206,269.7497605033404
WS23_L1_T1_P_5_Tue_Mar__7_13_47_55_2023,0.0042619705200195035,-0.2660149335861206,269.7497605033404
WS23_L1_T1_P_5_Tue_Mar__7_13_47_55_2023,0.0042619705200195035,-0.2660149335861206,269.7497605033404
WS23_L1_T1_P_5_Tue_Mar__7_13_47_55_2023,0.0042619705200195035,-0.2660149335861206,269.7497605033404
WS23_L1_T1_P_5_Tue_Mar__7_13_47_55_2023,0.0042619705200195035,-0.2660149335861206,269.7497605033404
WS23_L1_T1_P_5_Tue_Mar__7_13_47_55_2023,0.004307478666305514,-0.2062745094299316,269.7497605033404
WS23_L1_T1_P_5_Tue_Mar__7_13_47_55_2023,0.004307478666305514,-0.2062745094299316,269.7497605033404
WS23_L1_T1_P_5_Tue_Mar__7_13_47_55_2023,0.004307478666305514,-0.2062745094299316,269.7497605033404
WS23_L1_T1_P_5_Tue_Mar__7_13_47_55_2023,0.004307478666305514,-0.2062745094299316,269.7497605033404
WS23_L1_T1_P_5_Tue_Mar__7_13_47_55_2023,0.004307478666305514,-0.2062745094299316,269.7497605033404
WS23_L1_T1_P_5_Tue_Mar__7_13_47_55_2023,0.004365876317024203,-0.1768368482589721,269.7497605033404
WS23_L1_T1_P_5_Tue_Mar__7_13_47_55_2023,0.004365876317024203,-0.1768368482589721,269.7497605033404
WS23_L1_T1_P_5_Tue_Mar__7_13_47_55_2023,0.004365876317024203,-0.1768368482589721,269.7497605033404
WS23_L1_T1_P_5_Tue_Mar__7_13_47_55_2023,0.004365876317024203,-0.1768368482589721,269.7497605033404
WS23_L1_T1_P_5_Tue_Mar__7_13_47_55_2023,0.004365876317024203,-0.1768368482589721,269.7497605033404
WS23_L1_T1_P_5_Tue_Mar__7_13_47_55_2023,0.004365876317024203,-0.1768368482589721,269.7497605033404
WS23_L1_T1_P_5_Tue_Mar__7_13_47_55_2023,0.004365876317024203,-0.1768368482589721,269.7497605033404
WS23_L1_T1_P_5_Tue_Mar__7_13_47_55_2023,0.004414409399032593,-0.101915031671524,269.7497605033404
WS23_L1_T1_P_5_Tue_Mar__7_13_47_55_2023,0.004414409399032593,-0.101915031671524,269.7497605033404
WS23_L1_T1_P_5_Tue_Mar__7_13_47_55_2023,0.004414409399032593,-0.101915031671524,269.7497605033404
WS23_L1_T1_P_5_Tue_Mar__7_13_47_55_2023,0.004414409399032593,-0.101915031671524,269.7497605033404
WS23_L1_T1_P_5_Tue_Mar__7_13_47_55_2023,0.004414409399032593,-0.101915031671524,269.7497605033404
WS23_L1_T1_P_5_Tue_Mar__7_13_47_55_2023,0.004414409399032593,-0.101915031671524,269.7497605033404
WS23_L1_T1_P_5_Tue_Mar__7_13_47_55_2023,0.004509255290031405,-0.1159761622548103,269.7497605033404
WS23_L1_T1_P_5_Tue_Mar__7_13_47_55_2023,0.004509255290031405,-0.1159761622548103,269.7497605033404
WS23_L1_T1_P_5_Tue_Mar__7_13_47_55_2023,0.004509255290031405,-0.1159761622548103,269.7497605033404
WS23_L1_T1_P_5_Tue_Mar__7_13_47_55_2023,0.004509255290031405,-0.1159761622548103,269.7497605033404
WS23_L1_T1_P_5_Tue_Mar__7_13_47_55_2023,0.004509255290031405,-0.1159761622548103,269.7497605033404
WS23_L1_T1_P_5_Tue_Mar__7_13_47_55_2023,0.004509255290031405,-0.1159761622548103,269.7497605033404
WS23_L1_T1_P_5_Tue_Mar__7_13_47_55_2023,0.004514873027801514,0.0284593105316162,269.7497605033404
WS23_L1_T1_P_5_Tue_Mar__7_13_47_55_2023,0.004514873027801514,0.0284593105316162,269.7497605033404
WS23_L1_T1_P_5_Tue_Mar__7_13_47_55_2023,0.004514873027801514,0.0284593105316162,269.7497605033404
WS23_L1_T1_P_5_Tue_Mar__7_13_47_55_2023,0.004514873027801514,0.0284593105316162,269.7497605033404
WS23_L1_T1_P_5_Tue_Mar__7_13_47_55_2023,0.004514873027801514,0.0284593105316162,269.7497605033404
WS23_L1_T1_P_5_Tue_Mar__7_13_47_55_2023,0.004514873027801514,0.0284593105316162,269.7497605033404
WS23_L1_T1_P_5_Tue_Mar__7_13_47_55_2023,0.004608258605003301,0.0272326618432998,269.7497605033404
WS23_L1_T1_P_5_Tue_Mar__7_13_47_55_2023,0.004608258605003301,0.0272326618432998,269.7497605033404
WS23_L1_T1_P_5_Tue_Mar__7_13_47_55_2023,0.004608258605003301,0.0272326618432998,269.7497605033404
WS23_L1_T1_P_5_Tue_Mar__7_13_47_55_2023,0.004608258605003301,0.0272326618432998,269.7497605033404
WS23_L1_T1_P_5_Tue_Mar__7_13_47_55_2023,0.004608258605003301,0.0272326618432998,269.7497605033404
WS23_L1_T1_P_5_Tue_Mar__7_13_47_55_2023,0.004608258605003301,0.0272326618432998,269.7497605033404
WS23_L1_T1_P_5_Tue_Mar__7_13_47_55_2023,0.004608258605003301,0.0272326618432998,269.7497605033404
WS23_L1_T1_P_5_Tue_Mar__7_13_47_55_2023,0.004608258605003301,0.0272326618432998,269.7497605033404
WS23_L1_T1_P_5_Tue_Mar__7_13_47_55_2023,0.0046743005514145175,0.0728374198079109,269.7497605033404
WS23_L1_T1_P_5_Tue_Mar__7_13_47_55_2023,0.0046743005514145175,0.0728374198079109,269.7497605033404
WS23_L1_T1_P_5_Tue_Mar__7_13_47_55_2023,0.0046743005514145175,0.0728374198079109,269.7497605033404
WS23_L1_T1_P_5_Tue_Mar__7_13_47_55_2023,0.0046743005514145175,0.0728374198079109,269.7497605033404
WS23_L1_T1_P_5_Tue_Mar__7_13_47_55_2023,0.0046743005514145175,0.0728374198079109,269.7497605033404
WS23_L1_T1_P_5_Tue_Mar__7_13_47_55_2023,0.0046743005514145175,0.0728374198079109,269.7497605033404
WS23_L1_T1_P_5_Tue_Mar__7_13_47_55_2023,0.0046743005514145175,0.0728374198079109,269.7497605033404
WS23_L1_T1_P_5_Tue_Mar__7_13_47_55_2023,0.004794105887412997,0.0513219498097896,269.7497605033404
WS23_L1_T1_P_5_Tue_Mar__7_13_47_55_2023,0.004794105887412997,0.0513219498097896,269.7497605033404
WS23_L1_T1_P_5_Tue_Mar__7_13_47_55_2023,0.004794105887412997,0.0513219498097896,269.7497605033404
WS23_L1_T1_P_5_Tue_Mar__7_13_47_55_2023,0.004794105887412997,0.0513219498097896,269.7497605033404
WS23_L1_T1_P_5_Tue_Mar__7_13_47_55_2023,0.004794105887412997,0.0513219498097896,269.7497605033404
WS23_L1_T1_P_5_Tue_Mar__7_13_47_55_2023,0.004794105887412997,0.0513219498097896,269.7497605033404
WS23_L1_T1_P_5_Tue_Mar__7_13_47_55_2023,0.004794105887412997,0.0513219498097896,269.7497605033404
WS23_L1_T1_P_5_Tue_Mar__7_13_47_55_2023,0.004875808954238919,0.0328366160392761,269.7497605033404
WS23_L1_T1_P_5_Tue_Mar__7_13_47_55_2023,0.004875808954238919,0.0328366160392761,269.7497605033404
WS23_L1_T1_P_5_Tue_Mar__7_13_47_55_2023,0.004875808954238919,0.0328366160392761,269.7497605033404
WS23_L1_T1_P_5_Tue_Mar__7_13_47_55_2023,0.004875808954238919,0.0328366160392761,269.7497605033404
WS23_L1_T1_P_5_Tue_Mar__7_13_47_55_2023,0.004875808954238919,0.0328366160392761,269.7497605033404
WS23_L1_T1_P_5_Tue_Mar__7_13_47_55_2023,0.004875808954238919,0.0328366160392761,269.7497605033404
WS23_L1_T1_P_5_Tue_Mar__7_13_47_55_2023,0.004928946495056097,0.102031335234642,269.7497605033404
WS23_L1_T1_P_5_Tue_Mar__7_13_47_55_2023,0.004928946495056097,0.102031335234642,269.7497605033404
WS23_L1_T1_P_5_Tue_Mar__7_13_47_55_2023,0.004928946495056097,0.102031335234642,269.7497605033404
WS23_L1_T1_P_5_Tue_Mar__7_13_47_55_2023,0.004928946495056097,0.102031335234642,269.7497605033404
WS23_L1_T1_P_5_Tue_Mar__7_13_47_55_2023,0.004928946495056097,0.102031335234642,269.7497605033404
WS23_L1_T1_P_5_Tue_Mar__7_13_47_55_2023,0.004928946495056097,0.102031335234642,269.7497605033404
WS23_L1_T1_P_5_Tue_Mar__7_13_47_55_2023,0.0050875544548034946,0.0313362851738929,269.7497605033404
WS23_L1_T1_P_5_Tue_Mar__7_13_47_55_2023,0.0050875544548034946,0.0313362851738929,269.7497605033404
WS23_L1_T1_P_5_Tue_Mar__7_13_47_55_2023,0.0050875544548034946,0.0313362851738929,269.7497605033404
WS23_L1_T1_P_5_Tue_Mar__7_13_47_55_2023,0.0050875544548034946,0.0313362851738929,269.7497605033404
WS23_L1_T1_P_5_Tue_Mar__7_13_47_55_2023,0.0050875544548034946,0.0313362851738929,269.7497605033404
WS23_L1_T1_P_5_Tue_Mar__7_13_47_55_2023,0.005215555429458618,-0.1621934622526168,269.7497605033404
WS23_L1_T1_P_5_Tue_Mar__7_13_47_55_2023,0.005215555429458618,-0.1621934622526168,269.7497605033404
WS23_L1_T1_P_5_Tue_Mar__7_13_47_55_2023,0.005215555429458618,-0.1621934622526168,269.7497605033404
WS23_L1_T1_P_5_Tue_Mar__7_13_47_55_2023,0.005215555429458618,-0.1621934622526168,269.7497605033404
WS23_L1_T1_P_5_Tue_Mar__7_13_47_55_2023,0.005215555429458618,-0.1621934622526168,269.7497605033404
WS23_L1_T1_P_5_Tue_Mar__7_13_47_55_2023,0.005215555429458618,-0.1621934622526168,269.7497605033404
WS23_L1_T1_P_5_Tue_Mar__7_13_47_55_2023,0.005215555429458618,-0.1621934622526168,269.7497605033404
WS23_L1_T1_P_5_Tue_Mar__7_13_47_55_2023,0.005409300327300998,-0.1030232906341552,269.7497605033404
WS23_L1_T1_P_5_Tue_Mar__7_13_47_55_2023,0.005409300327300998,-0.1030232906341552,269.7497605033404
WS23_L1_T1_P_5_Tue_Mar__7_13_47_55_2023,0.005409300327300998,-0.1030232906341552,269.7497605033404
WS23_L1_T1_P_5_Tue_Mar__7_13_47_55_2023,0.005409300327300998,-0.1030232906341552,269.7497605033404
WS23_L1_T1_P_5_Tue_Mar__7_13_47_55_2023,0.005409300327300998,-0.1030232906341552,269.7497605033404
WS23_L1_T1_P_5_Tue_Mar__7_13_47_55_2023,0.005409300327300998,-0.1030232906341552,269.7497605033404
WS23_L1_T1_P_5_Tue_Mar__7_13_47_55_2023,0.005409300327300998,-0.1030232906341552,269.7497605033404
WS23_L1_T1_P_5_Tue_Mar__7_13_47_55_2023,0.005587980151176397,-0.2407352924346923,269.7497605033404
WS23_L1_T1_P_5_Tue_Mar__7_13_47_55_2023,0.005587980151176397,-0.2407352924346923,269.7497605033404
WS23_L1_T1_P_5_Tue_Mar__7_13_47_55_2023,0.005587980151176397,-0.2407352924346923,269.7497605033404
WS23_L1_T1_P_5_Tue_Mar__7_13_47_55_2023,0.005587980151176397,-0.2407352924346923,269.7497605033404
WS23_L1_T1_P_5_Tue_Mar__7_13_47_55_2023,0.005587980151176397,-0.2407352924346923,269.7497605033404
WS23_L1_T1_P_5_Tue_Mar__7_13_47_55_2023,0.005587980151176397,-0.2407352924346923,269.7497605033404
WS23_L1_T1_P_5_Tue_Mar__7_13_47_55_2023,0.005587980151176397,-0.2407352924346923,269.7497605033404
WS23_L1_T1_P_5_Tue_Mar__7_13_47_55_2023,0.005587980151176397,-0.2407352924346923,269.7497605033404
WS23_L1_T1_P_5_Tue_Mar__7_13_47_55_2023,0.0057605355978012085,-0.2811087071895599,269.7497605033404
WS23_L1_T1_P_5_Tue_Mar__7_13_47_55_2023,0.0057605355978012085,-0.2811087071895599,269.7497605033404
WS23_L1_T1_P_5_Tue_Mar__7_13_47_55_2023,0.0057605355978012085,-0.2811087071895599,269.7497605033404
WS23_L1_T1_P_5_Tue_Mar__7_13_47_55_2023,0.0057605355978012085,-0.2811087071895599,269.7497605033404
WS23_L1_T1_P_5_Tue_Mar__7_13_47_55_2023,0.0057605355978012085,-0.2811087071895599,269.7497605033404
WS23_L1_T1_P_5_Tue_Mar__7_13_47_55_2023,0.0057605355978012085,-0.2811087071895599,269.7497605033404
WS23_L1_T1_P_5_Tue_Mar__7_13_47_55_2023,0.0057605355978012085,-0.2811087071895599,269.7497605033404
WS23_L1_T1_P_5_Tue_Mar__7_13_47_55_2023,0.0057944804430007935,-0.1879490166902542,269.7497605033404
WS23_L1_T1_P_5_Tue_Mar__7_13_47_55_2023,0.0057944804430007935,-0.1879490166902542,269.7497605033404
WS23_L1_T1_P_5_Tue_Mar__7_13_47_55_2023,0.0057944804430007935,-0.1879490166902542,269.7497605033404
WS23_L1_T1_P_5_Tue_Mar__7_13_47_55_2023,0.0057944804430007935,-0.1879490166902542,269.7497605033404
WS23_L1_T1_P_5_Tue_Mar__7_13_47_55_2023,0.0057944804430007935,-0.1879490166902542,269.7497605033404
WS23_L1_T1_P_5_Tue_Mar__7_13_47_55_2023,0.0057944804430007935,-0.1879490166902542,269.7497605033404
WS23_L1_T1_P_5_Tue_Mar__7_13_47_55_2023,0.0057944804430007935,-0.1879490166902542,269.7497605033404
WS23_L1_T1_P_5_Tue_Mar__7_13_47_55_2023,0.005865246057510404,-0.1757072210311889,269.7497605033404
WS23_L1_T1_P_5_Tue_Mar__7_13_47_55_2023,0.005865246057510404,-0.1757072210311889,269.7497605033404
WS23_L1_T1_P_5_Tue_Mar__7_13_47_55_2023,0.005865246057510404,-0.1757072210311889,269.7497605033404
WS23_L1_T1_P_5_Tue_Mar__7_13_47_55_2023,0.005865246057510404,-0.1757072210311889,269.7497605033404
WS23_L1_T1_P_5_Tue_Mar__7_13_47_55_2023,0.005865246057510404,-0.1757072210311889,269.7497605033404
WS23_L1_T1_P_5_Tue_Mar__7_13_47_55_2023,0.005865246057510404,-0.1757072210311889,269.7497605033404
WS23_L1_T1_P_5_Tue_Mar__7_13_47_55_2023,0.005865246057510404,-0.1757072210311889,269.7497605033404
WS23_L1_T1_P_5_Tue_Mar__7_13_47_55_2023,0.0058916062116622925,-0.0745496600866317,269.7497605033404
WS23_L1_T1_P_5_Tue_Mar__7_13_47_55_2023,0.0058916062116622925,-0.0745496600866317,269.7497605033404
WS23_L1_T1_P_5_Tue_Mar__7_13_47_55_2023,0.0058916062116622925,-0.0745496600866317,269.7497605033404
WS23_L1_T1_P_5_Tue_Mar__7_13_47_55_2023,0.0058916062116622925,-0.0745496600866317,269.7497605033404
WS23_L1_T1_P_5_Tue_Mar__7_13_47_55_2023,0.0058916062116622925,-0.0745496600866317,269.7497605033404
WS23_L1_T1_P_5_Tue_Mar__7_13_47_55_2023,0.0058916062116622925,-0.0745496600866317,269.7497605033404
WS23_L1_T1_P_5_Tue_Mar__7_13_47_55_2023,0.0058916062116622925,-0.0745496600866317,269.7497605033404
WS23_L1_T1_P_5_Tue_Mar__7_13_47_55_2023,0.0058916062116622925,-0.0745496600866317,269.7497605033404
WS23_L1_T1_P_5_Tue_Mar__7_13_47_55_2023,0.005983173847198514,-0.0911504104733467,269.7497605033404
WS23_L1_T1_P_5_Tue_Mar__7_13_47_55_2023,0.005983173847198514,-0.0911504104733467,269.7497605033404
WS23_L1_T1_P_5_Tue_Mar__7_13_47_55_2023,0.005983173847198514,-0.0911504104733467,269.7497605033404
WS23_L1_T1_P_5_Tue_Mar__7_13_47_55_2023,0.005983173847198514,-0.0911504104733467,269.7497605033404
WS23_L1_T1_P_5_Tue_Mar__7_13_47_55_2023,0.005983173847198514,-0.0911504104733467,269.7497605033404
WS23_L1_T1_P_5_Tue_Mar__7_13_47_55_2023,0.005983173847198514,-0.0911504104733467,269.7497605033404
WS23_L1_T1_P_5_Tue_Mar__7_13_47_55_2023,0.005983173847198514,-0.0911504104733467,269.7497605033404
WS23_L1_T1_P_5_Tue_Mar__7_13_47_55_2023,0.006225869059562711,-0.2695558965206146,269.7497605033404
WS23_L1_T1_P_5_Tue_Mar__7_13_47_55_2023,0.006225869059562711,-0.2695558965206146,269.7497605033404
WS23_L1_T1_P_5_Tue_Mar__7_13_47_55_2023,0.006225869059562711,-0.2695558965206146,269.7497605033404
WS23_L1_T1_P_5_Tue_Mar__7_13_47_55_2023,0.006225869059562711,-0.2695558965206146,269.7497605033404
WS23_L1_T1_P_5_Tue_Mar__7_13_47_55_2023,0.006225869059562711,-0.2695558965206146,269.7497605033404
WS23_L1_T1_P_5_Tue_Mar__7_13_47_55_2023,0.006225869059562711,-0.2695558965206146,269.7497605033404
WS23_L1_T1_P_5_Tue_Mar__7_13_47_55_2023,0.006225869059562711,-0.2695558965206146,269.7497605033404
WS23_L1_T1_P_5_Tue_Mar__7_13_47_55_2023,0.006225869059562711,-0.2695558965206146,269.7497605033404
WS23_L1_T1_P_5_Tue_Mar__7_13_47_55_2023,0.006403326988220215,-0.4992255270481109,269.7497605033404
WS23_L1_T1_P_5_Tue_Mar__7_13_47_55_2023,0.006403326988220215,-0.4992255270481109,269.7497605033404
WS23_L1_T1_P_5_Tue_Mar__7_13_47_55_2023,0.006403326988220215,-0.4992255270481109,269.7497605033404
WS23_L1_T1_P_5_Tue_Mar__7_13_47_55_2023,0.006403326988220215,-0.4992255270481109,269.7497605033404
WS23_L1_T1_P_5_Tue_Mar__7_13_47_55_2023,0.006403326988220215,-0.4992255270481109,269.7497605033404
WS23_L1_T1_P_5_Tue_Mar__7_13_47_55_2023,0.006403326988220215,-0.4992255270481109,269.7497605033404
WS23_L1_T1_P_5_Tue_Mar__7_13_47_55_2023,0.006403326988220215,-0.4992255270481109,269.7497605033404
WS23_L1_T1_P_5_Tue_Mar__7_13_47_55_2023,0.006595373153686496,-0.464664489030838,269.7497605033404
WS23_L1_T1_P_5_Tue_Mar__7_13_47_55_2023,0.006595373153686496,-0.464664489030838,269.7497605033404
WS23_L1_T1_P_5_Tue_Mar__7_13_47_55_2023,0.006595373153686496,-0.464664489030838,269.7497605033404
WS23_L1_T1_P_5_Tue_Mar__7_13_47_55_2023,0.006595373153686496,-0.464664489030838,269.7497605033404
WS23_L1_T1_P_5_Tue_Mar__7_13_47_55_2023,0.006595373153686496,-0.464664489030838,269.7497605033404
WS23_L1_T1_P_5_Tue_Mar__7_13_47_55_2023,0.006595373153686496,-0.464664489030838,269.7497605033404
WS23_L1_T1_P_5_Tue_Mar__7_13_47_55_2023,0.006595373153686496,-0.464664489030838,269.7497605033404
WS23_L1_T1_P_5_Tue_Mar__7_13_47_55_2023,0.006717160344123813,-0.4489220976829529,269.7497605033404
WS23_L1_T1_P_5_Tue_Mar__7_13_47_55_2023,0.006717160344123813,-0.4489220976829529,269.7497605033404
WS23_L1_T1_P_5_Tue_Mar__7_13_47_55_2023,0.006717160344123813,-0.4489220976829529,269.7497605033404
WS23_L1_T1_P_5_Tue_Mar__7_13_47_55_2023,0.006717160344123813,-0.4489220976829529,269.7497605033404
WS23_L1_T1_P_5_Tue_Mar__7_13_47_55_2023,0.006717160344123813,-0.4489220976829529,269.7497605033404
WS23_L1_T1_P_5_Tue_Mar__7_13_47_55_2023,0.006717160344123813,-0.4489220976829529,269.7497605033404
WS23_L1_T1_P_5_Tue_Mar__7_13_47_55_2023,0.006717160344123813,-0.4489220976829529,269.7497605033404
WS23_L1_T1_P_5_Tue_Mar__7_13_47_55_2023,0.0067159235477446955,-0.408124029636383,269.7497605033404
WS23_L1_T1_P_5_Tue_Mar__7_13_47_55_2023,0.0067159235477446955,-0.408124029636383,269.7497605033404
WS23_L1_T1_P_5_Tue_Mar__7_13_47_55_2023,0.0067159235477446955,-0.408124029636383,269.7497605033404
WS23_L1_T1_P_5_Tue_Mar__7_13_47_55_2023,0.0067159235477446955,-0.408124029636383,269.7497605033404
WS23_L1_T1_P_5_Tue_Mar__7_13_47_55_2023,0.0067159235477446955,-0.408124029636383,269.7497605033404
WS23_L1_T1_P_5_Tue_Mar__7_13_47_55_2023,0.0067159235477446955,-0.408124029636383,269.7497605033404
WS23_L1_T1_P_5_Tue_Mar__7_13_47_55_2023,0.006774187088012695,-0.2728034853935241,269.7497605033404
WS23_L1_T1_P_5_Tue_Mar__7_13_47_55_2023,0.006774187088012695,-0.2728034853935241,269.7497605033404
WS23_L1_T1_P_5_Tue_Mar__7_13_47_55_2023,0.006774187088012695,-0.2728034853935241,269.7497605033404
WS23_L1_T1_P_5_Tue_Mar__7_13_47_55_2023,0.006774187088012695,-0.2728034853935241,269.7497605033404
WS23_L1_T1_P_5_Tue_Mar__7_13_47_55_2023,0.006774187088012695,-0.2728034853935241,269.7497605033404
WS23_L1_T1_P_5_Tue_Mar__7_13_47_55_2023,0.006774187088012695,-0.2728034853935241,269.7497605033404
WS23_L1_T1_P_5_Tue_Mar__7_13_47_55_2023,0.0068614631891250055,-0.3861830830574035,269.7497605033404
WS23_L1_T1_P_5_Tue_Mar__7_13_47_55_2023,0.0068614631891250055,-0.3861830830574035,269.7497605033404
WS23_L1_T1_P_5_Tue_Mar__7_13_47_55_2023,0.0068614631891250055,-0.3861830830574035,269.7497605033404
WS23_L1_T1_P_5_Tue_Mar__7_13_47_55_2023,0.0068614631891250055,-0.3861830830574035,269.7497605033404
WS23_L1_T1_P_5_Tue_Mar__7_13_47_55_2023,0.0068614631891250055,-0.3861830830574035,269.7497605033404
WS23_L1_T1_P_5_Tue_Mar__7_13_47_55_2023,0.0068614631891250055,-0.3861830830574035,269.7497605033404
WS23_L1_T1_P_5_Tue_Mar__7_13_47_55_2023,0.0068614631891250055,-0.3861830830574035,269.7497605033404
WS23_L1_T1_P_5_Tue_Mar__7_13_47_55_2023,0.006877884268760709,-0.2571611404418945,269.7497605033404
WS23_L1_T1_P_5_Tue_Mar__7_13_47_55_2023,0.006877884268760709,-0.2571611404418945,269.7497605033404
WS23_L1_T1_P_5_Tue_Mar__7_13_47_55_2023,0.006877884268760709,-0.2571611404418945,269.7497605033404
WS23_L1_T1_P_5_Tue_Mar__7_13_47_55_2023,0.006877884268760709,-0.2571611404418945,269.7497605033404
WS23_L1_T1_P_5_Tue_Mar__7_13_47_55_2023,0.006877884268760709,-0.2571611404418945,269.7497605033404
WS23_L1_T1_P_5_Tue_Mar__7_13_47_55_2023,0.0069584250450134,-0.2358693033456802,269.7497605033404
WS23_L1_T1_P_5_Tue_Mar__7_13_47_55_2023,0.0069584250450134,-0.2358693033456802,269.7497605033404
WS23_L1_T1_P_5_Tue_Mar__7_13_47_55_2023,0.0069584250450134,-0.2358693033456802,269.7497605033404
WS23_L1_T1_P_5_Tue_Mar__7_13_47_55_2023,0.0069584250450134,-0.2358693033456802,269.7497605033404
WS23_L1_T1_P_5_Tue_Mar__7_13_47_55_2023,0.0069584250450134,-0.2358693033456802,269.7497605033404
WS23_L1_T1_P_5_Tue_Mar__7_13_47_55_2023,0.0069584250450134,-0.2358693033456802,269.7497605033404
WS23_L1_T1_P_5_Tue_Mar__7_13_47_55_2023,0.0069584250450134,-0.2358693033456802,269.7497605033404
WS23_L1_T1_P_5_Tue_Mar__7_13_47_55_2023,0.0069584250450134,-0.1277893781661987,269.7497605033404
WS23_L1_T1_P_5_Tue_Mar__7_13_47_55_2023,0.0069584250450134,-0.1277893781661987,269.7497605033404
WS23_L1_T1_P_5_Tue_Mar__7_13_47_55_2023,0.0069584250450134,-0.1277893781661987,269.7497605033404
WS23_L1_T1_P_5_Tue_Mar__7_13_47_55_2023,0.0069584250450134,-0.1277893781661987,269.7497605033404
WS23_L1_T1_P_5_Tue_Mar__7_13_47_55_2023,0.0069584250450134,-0.1277893781661987,269.7497605033404
WS23_L1_T1_P_5_Tue_Mar__7_13_47_55_2023,0.0069584250450134,-0.1277893781661987,269.7497605033404
WS23_L1_T1_P_5_Tue_Mar__7_13_47_55_2023,0.0069584250450134,-0.1277893781661987,269.7497605033404
WS23_L1_T1_P_5_Tue_Mar__7_13_47_55_2023,0.0069584250450134,-0.1277893781661987,269.7497605033404
WS23_L1_T1_P_5_Tue_Mar__7_13_47_55_2023,0.007007285952567999,-0.0914276614785194,269.7497605033404
WS23_L1_T1_P_5_Tue_Mar__7_13_47_55_2023,0.007007285952567999,-0.0914276614785194,269.7497605033404
WS23_L1_T1_P_5_Tue_Mar__7_13_47_55_2023,0.007007285952567999,-0.0914276614785194,269.7497605033404
WS23_L1_T1_P_5_Tue_Mar__7_13_47_55_2023,0.007007285952567999,-0.0914276614785194,269.7497605033404
WS23_L1_T1_P_5_Tue_Mar__7_13_47_55_2023,0.007007285952567999,-0.0914276614785194,269.7497605033404
WS23_L1_T1_P_5_Tue_Mar__7_13_47_55_2023,0.007007285952567999,-0.0914276614785194,269.7497605033404
WS23_L1_T1_P_5_Tue_Mar__7_13_47_55_2023,0.007007285952567999,-0.0914276614785194,269.7497605033404
WS23_L1_T1_P_5_Tue_Mar__7_13_47_55_2023,0.007118329405784607,0.0051766880787909,269.7497605033404
WS23_L1_T1_P_5_Tue_Mar__7_13_47_55_2023,0.007118329405784607,0.0051766880787909,269.7497605033404
WS23_L1_T1_P_5_Tue_Mar__7_13_47_55_2023,0.007118329405784607,0.0051766880787909,269.7497605033404
WS23_L1_T1_P_5_Tue_Mar__7_13_47_55_2023,0.007118329405784607,0.0051766880787909,269.7497605033404
WS23_L1_T1_P_5_Tue_Mar__7_13_47_55_2023,0.007118329405784607,0.0051766880787909,269.7497605033404
WS23_L1_T1_P_5_Tue_Mar__7_13_47_55_2023,0.007118329405784607,0.0051766880787909,269.7497605033404
WS23_L1_T1_P_5_Tue_Mar__7_13_47_55_2023,0.007118329405784607,0.0051766880787909,269.7497605033404
WS23_L1_T1_P_5_Tue_Mar__7_13_47_55_2023,0.007156908512115506,-0.0358214825391769,269.7497605033404
WS23_L1_T1_P_5_Tue_Mar__7_13_47_55_2023,0.007156908512115506,-0.0358214825391769,269.7497605033404
WS23_L1_T1_P_5_Tue_Mar__7_13_47_55_2023,0.007156908512115506,-0.0358214825391769,269.7497605033404
WS23_L1_T1_P_5_Tue_Mar__7_13_47_55_2023,0.007156908512115506,-0.0358214825391769,269.7497605033404
WS23_L1_T1_P_5_Tue_Mar__7_13_47_55_2023,0.007156908512115506,-0.0358214825391769,269.7497605033404
WS23_L1_T1_P_5_Tue_Mar__7_13_47_55_2023,0.007156908512115506,-0.0358214825391769,269.7497605033404
WS23_L1_T1_P_5_Tue_Mar__7_13_47_55_2023,0.007156908512115506,-0.0358214825391769,269.7497605033404
WS23_L1_T1_P_5_Tue_Mar__7_13_47_55_2023,0.007156908512115506,-0.0358214825391769,269.7497605033404
WS23_L1_T1_P_5_Tue_Mar__7_13_47_55_2023,0.007238179445266696,0.0900801345705986,269.7497605033404
WS23_L1_T1_P_5_Tue_Mar__7_13_47_55_2023,0.007238179445266696,0.0900801345705986,269.7497605033404
WS23_L1_T1_P_5_Tue_Mar__7_13_47_55_2023,0.007238179445266696,0.0900801345705986,269.7497605033404
WS23_L1_T1_P_5_Tue_Mar__7_13_47_55_2023,0.007238179445266696,0.0900801345705986,269.7497605033404
WS23_L1_T1_P_5_Tue_Mar__7_13_47_55_2023,0.007238179445266696,0.0900801345705986,269.7497605033404
WS23_L1_T1_P_5_Tue_Mar__7_13_47_55_2023,0.007238179445266696,0.0900801345705986,269.7497605033404
WS23_L1_T1_P_5_Tue_Mar__7_13_47_55_2023,0.007238179445266696,0.0900801345705986,269.7497605033404
WS23_L1_T1_P_5_Tue_Mar__7_13_47_55_2023,0.007238179445266696,0.0900801345705986,269.7497605033404
WS23_L1_T1_P_5_Tue_Mar__7_13_47_55_2023,0.007301151752471896,0.0044271168299019,269.7497605033404
WS23_L1_T1_P_5_Tue_Mar__7_13_47_55_2023,0.007301151752471896,0.0044271168299019,269.7497605033404
WS23_L1_T1_P_5_Tue_Mar__7_13_47_55_2023,0.007301151752471896,0.0044271168299019,269.7497605033404
WS23_L1_T1_P_5_Tue_Mar__7_13_47_55_2023,0.007301151752471896,0.0044271168299019,269.7497605033404
WS23_L1_T1_P_5_Tue_Mar__7_13_47_55_2023,0.007301151752471896,0.0044271168299019,269.7497605033404
WS23_L1_T1_P_5_Tue_Mar__7_13_47_55_2023,0.007301151752471896,0.0044271168299019,269.7497605033404
WS23_L1_T1_P_5_Tue_Mar__7_13_47_55_2023,0.007448285818100003,0.0797439068555831,269.7497605033404
WS23_L1_T1_P_5_Tue_Mar__7_13_47_55_2023,0.007448285818100003,0.0797439068555831,269.7497605033404
WS23_L1_T1_P_5_Tue_Mar__7_13_47_55_2023,0.007448285818100003,0.0797439068555831,269.7497605033404
WS23_L1_T1_P_5_Tue_Mar__7_13_47_55_2023,0.007448285818100003,0.0797439068555831,269.7497605033404
WS23_L1_T1_P_5_Tue_Mar__7_13_47_55_2023,0.007448285818100003,0.0797439068555831,269.7497605033404
WS23_L1_T1_P_5_Tue_Mar__7_13_47_55_2023,0.007565021514892606,0.0232963841408491,269.7497605033404
WS23_L1_T1_P_5_Tue_Mar__7_13_47_55_2023,0.007565021514892606,0.0232963841408491,269.7497605033404
WS23_L1_T1_P_5_Tue_Mar__7_13_47_55_2023,0.007565021514892606,0.0232963841408491,269.7497605033404
WS23_L1_T1_P_5_Tue_Mar__7_13_47_55_2023,0.007565021514892606,0.0232963841408491,269.7497605033404
WS23_L1_T1_P_5_Tue_Mar__7_13_47_55_2023,0.007565021514892606,0.0232963841408491,269.7497605033404
WS23_L1_T1_P_5_Tue_Mar__7_13_47_55_2023,0.007565021514892606,0.0232963841408491,269.7497605033404
WS23_L1_T1_P_5_Tue_Mar__7_13_47_55_2023,0.007565021514892606,0.0232963841408491,269.7497605033404
WS23_L1_T1_P_5_Tue_Mar__7_13_47_55_2023,0.007697686553001404,-0.1207381412386894,269.7497605033404
WS23_L1_T1_P_5_Tue_Mar__7_13_47_55_2023,0.007697686553001404,-0.1207381412386894,269.7497605033404
WS23_L1_T1_P_5_Tue_Mar__7_13_47_55_2023,0.007697686553001404,-0.1207381412386894,269.7497605033404
WS23_L1_T1_P_5_Tue_Mar__7_13_47_55_2023,0.007697686553001404,-0.1207381412386894,269.7497605033404
WS23_L1_T1_P_5_Tue_Mar__7_13_47_55_2023,0.007697686553001404,-0.1207381412386894,269.7497605033404
WS23_L1_T1_P_5_Tue_Mar__7_13_47_55_2023,0.007697686553001404,-0.1207381412386894,269.7497605033404
WS23_L1_T1_P_5_Tue_Mar__7_13_47_55_2023,0.007910028100013705,-0.2656114101409912,269.7497605033404
WS23_L1_T1_P_5_Tue_Mar__7_13_47_55_2023,0.007910028100013705,-0.2656114101409912,269.7497605033404
WS23_L1_T1_P_5_Tue_Mar__7_13_47_55_2023,0.007910028100013705,-0.2656114101409912,269.7497605033404
WS23_L1_T1_P_5_Tue_Mar__7_13_47_55_2023,0.007910028100013705,-0.2656114101409912,269.7497605033404
WS23_L1_T1_P_5_Tue_Mar__7_13_47_55_2023,0.007910028100013705,-0.2656114101409912,269.7497605033404
WS23_L1_T1_P_5_Tue_Mar__7_13_47_55_2023,0.007910028100013705,-0.2656114101409912,269.7497605033404
WS23_L1_T1_P_5_Tue_Mar__7_13_47_55_2023,0.007910028100013705,-0.2656114101409912,269.7497605033404
WS23_L1_T1_P_5_Tue_Mar__7_13_47_55_2023,0.008125513792037908,-0.3943146467208862,269.7497605033404
WS23_L1_T1_P_5_Tue_Mar__7_13_47_55_2023,0.008125513792037908,-0.3943146467208862,269.7497605033404
WS23_L1_T1_P_5_Tue_Mar__7_13_47_55_2023,0.008125513792037908,-0.3943146467208862,269.7497605033404
WS23_L1_T1_P_5_Tue_Mar__7_13_47_55_2023,0.008125513792037908,-0.3943146467208862,269.7497605033404
WS23_L1_T1_P_5_Tue_Mar__7_13_47_55_2023,0.008125513792037908,-0.3943146467208862,269.7497605033404
WS23_L1_T1_P_5_Tue_Mar__7_13_47_55_2023,0.008125513792037908,-0.3943146467208862,269.7497605033404
WS23_L1_T1_P_5_Tue_Mar__7_13_47_55_2023,0.008238077163696317,-0.3384910523891449,269.7497605033404
WS23_L1_T1_P_5_Tue_Mar__7_13_47_55_2023,0.008238077163696317,-0.3384910523891449,269.7497605033404
WS23_L1_T1_P_5_Tue_Mar__7_13_47_55_2023,0.008238077163696317,-0.3384910523891449,269.7497605033404
WS23_L1_T1_P_5_Tue_Mar__7_13_47_55_2023,0.008238077163696317,-0.3384910523891449,269.7497605033404
WS23_L1_T1_P_5_Tue_Mar__7_13_47_55_2023,0.008238077163696317,-0.3384910523891449,269.7497605033404
WS23_L1_T1_P_5_Tue_Mar__7_13_47_55_2023,0.008238077163696317,-0.3384910523891449,269.7497605033404
WS23_L1_T1_P_5_Tue_Mar__7_13_47_55_2023,0.008332341909408597,-0.3120229244232178,269.7497605033404
WS23_L1_T1_P_5_Tue_Mar__7_13_47_55_2023,0.008332341909408597,-0.3120229244232178,269.7497605033404
WS23_L1_T1_P_5_Tue_Mar__7_13_47_55_2023,0.008332341909408597,-0.3120229244232178,269.7497605033404
WS23_L1_T1_P_5_Tue_Mar__7_13_47_55_2023,0.008332341909408597,-0.3120229244232178,269.7497605033404
WS23_L1_T1_P_5_Tue_Mar__7_13_47_55_2023,0.008332341909408597,-0.3120229244232178,269.7497605033404
WS23_L1_T1_P_5_Tue_Mar__7_13_47_55_2023,0.008332341909408597,-0.3120229244232178,269.7497605033404
WS23_L1_T1_P_5_Tue_Mar__7_13_47_55_2023,0.008332341909408597,-0.3120229244232178,269.7497605033404
WS23_L1_T1_P_5_Tue_Mar__7_13_47_55_2023,0.008363261818885803,-0.25693479180336,269.7497605033404
WS23_L1_T1_P_5_Tue_Mar__7_13_47_55_2023,0.008363261818885803,-0.25693479180336,269.7497605033404
WS23_L1_T1_P_5_Tue_Mar__7_13_47_55_2023,0.008363261818885803,-0.25693479180336,269.7497605033404
WS23_L1_T1_P_5_Tue_Mar__7_13_47_55_2023,0.008363261818885803,-0.25693479180336,269.7497605033404
WS23_L1_T1_P_5_Tue_Mar__7_13_47_55_2023,0.008363261818885803,-0.25693479180336,269.7497605033404
WS23_L1_T1_P_5_Tue_Mar__7_13_47_55_2023,0.008363261818885803,-0.25693479180336,269.7497605033404
WS23_L1_T1_P_5_Tue_Mar__7_13_47_55_2023,0.008363261818885803,-0.25693479180336,269.7497605033404
WS23_L1_T1_P_5_Tue_Mar__7_13_47_55_2023,0.008363261818885803,-0.25693479180336,269.7497605033404
WS23_L1_T1_P_5_Tue_Mar__7_13_47_55_2023,0.008413359522819519,-0.0778745785355568,269.7497605033404
WS23_L1_T1_P_5_Tue_Mar__7_13_47_55_2023,0.008413359522819519,-0.0778745785355568,269.7497605033404
WS23_L1_T1_P_5_Tue_Mar__7_13_47_55_2023,0.008413359522819519,-0.0778745785355568,269.7497605033404
WS23_L1_T1_P_5_Tue_Mar__7_13_47_55_2023,0.008413359522819519,-0.0778745785355568,269.7497605033404
WS23_L1_T1_P_5_Tue_Mar__7_13_47_55_2023,0.008413359522819519,-0.0778745785355568,269.7497605033404
WS23_L1_T1_P_5_Tue_Mar__7_13_47_55_2023,0.008413359522819519,-0.0778745785355568,269.7497605033404
WS23_L1_T1_P_5_Tue_Mar__7_13_47_55_2023,0.008413359522819519,-0.0778745785355568,269.7497605033404
WS23_L1_T1_P_5_Tue_Mar__7_13_47_55_2023,0.008479222655296298,-0.1874984949827194,269.7497605033404
WS23_L1_T1_P_5_Tue_Mar__7_13_47_55_2023,0.008479222655296298,-0.1874984949827194,269.7497605033404
WS23_L1_T1_P_5_Tue_Mar__7_13_47_55_2023,0.008479222655296298,-0.1874984949827194,269.7497605033404
WS23_L1_T1_P_5_Tue_Mar__7_13_47_55_2023,0.008479222655296298,-0.1874984949827194,269.7497605033404
WS23_L1_T1_P_5_Tue_Mar__7_13_47_55_2023,0.008479222655296298,-0.1874984949827194,269.7497605033404
WS23_L1_T1_P_5_Tue_Mar__7_13_47_55_2023,0.008479222655296298,-0.1874984949827194,269.7497605033404
WS23_L1_T1_P_5_Tue_Mar__7_13_47_55_2023,0.008653551340103094,-0.2645518481731415,269.7497605033404
WS23_L1_T1_P_5_Tue_Mar__7_13_47_55_2023,0.008653551340103094,-0.2645518481731415,269.7497605033404
WS23_L1_T1_P_5_Tue_Mar__7_13_47_55_2023,0.008653551340103094,-0.2645518481731415,269.7497605033404
WS23_L1_T1_P_5_Tue_Mar__7_13_47_55_2023,0.008653551340103094,-0.2645518481731415,269.7497605033404
WS23_L1_T1_P_5_Tue_Mar__7_13_47_55_2023,0.008653551340103094,-0.2645518481731415,269.7497605033404
WS23_L1_T1_P_5_Tue_Mar__7_13_47_55_2023,0.008802503347396795,-0.2272066473960876,269.7497605033404
WS23_L1_T1_P_5_Tue_Mar__7_13_47_55_2023,0.008802503347396795,-0.2272066473960876,269.7497605033404
WS23_L1_T1_P_5_Tue_Mar__7_13_47_55_2023,0.008802503347396795,-0.2272066473960876,269.7497605033404
WS23_L1_T1_P_5_Tue_Mar__7_13_47_55_2023,0.008802503347396795,-0.2272066473960876,269.7497605033404
WS23_L1_T1_P_5_Tue_Mar__7_13_47_55_2023,0.008802503347396795,-0.2272066473960876,269.7497605033404
WS23_L1_T1_P_5_Tue_Mar__7_13_47_55_2023,0.008802503347396795,-0.2272066473960876,269.7497605033404
WS23_L1_T1_P_5_Tue_Mar__7_13_47_55_2023,0.008802503347396795,-0.2272066473960876,269.7497605033404
WS23_L1_T1_P_5_Tue_Mar__7_13_47_55_2023,0.008942008018493597,-0.2703282237052917,269.7497605033404
WS23_L1_T1_P_5_Tue_Mar__7_13_47_55_2023,0.008942008018493597,-0.2703282237052917,269.7497605033404
WS23_L1_T1_P_5_Tue_Mar__7_13_47_55_2023,0.008942008018493597,-0.2703282237052917,269.7497605033404
WS23_L1_T1_P_5_Tue_Mar__7_13_47_55_2023,0.008942008018493597,-0.2703282237052917,269.7497605033404
WS23_L1_T1_P_5_Tue_Mar__7_13_47_55_2023,0.008942008018493597,-0.2703282237052917,269.7497605033404
WS23_L1_T1_P_5_Tue_Mar__7_13_47_55_2023,0.008942008018493597,-0.2703282237052917,269.7497605033404
WS23_L1_T1_P_5_Tue_Mar__7_13_47_55_2023,0.008942008018493597,-0.2703282237052917,269.7497605033404
WS23_L1_T1_P_5_Tue_Mar__7_13_47_55_2023,0.009133398532867404,-0.379067063331604,269.7497605033404
WS23_L1_T1_P_5_Tue_Mar__7_13_47_55_2023,0.009133398532867404,-0.379067063331604,269.7497605033404
WS23_L1_T1_P_5_Tue_Mar__7_13_47_55_2023,0.009133398532867404,-0.379067063331604,269.7497605033404
WS23_L1_T1_P_5_Tue_Mar__7_13_47_55_2023,0.009133398532867404,-0.379067063331604,269.7497605033404
WS23_L1_T1_P_5_Tue_Mar__7_13_47_55_2023,0.009133398532867404,-0.379067063331604,269.7497605033404
WS23_L1_T1_P_5_Tue_Mar__7_13_47_55_2023,0.009133398532867404,-0.379067063331604,269.7497605033404
WS23_L1_T1_P_5_Tue_Mar__7_13_47_55_2023,0.009133398532867404,-0.379067063331604,269.7497605033404
WS23_L1_T1_P_5_Tue_Mar__7_13_47_55_2023,0.009273841977119418,-0.5462696552276611,269.7497605033404
WS23_L1_T1_P_5_Tue_Mar__7_13_47_55_2023,0.009273841977119418,-0.5462696552276611,269.7497605033404
WS23_L1_T1_P_5_Tue_Mar__7_13_47_55_2023,0.009273841977119418,-0.5462696552276611,269.7497605033404
WS23_L1_T1_P_5_Tue_Mar__7_13_47_55_2023,0.009273841977119418,-0.5462696552276611,269.7497605033404
WS23_L1_T1_P_5_Tue_Mar__7_13_47_55_2023,0.009273841977119418,-0.5462696552276611,269.7497605033404
WS23_L1_T1_P_5_Tue_Mar__7_13_47_55_2023,0.009273841977119418,-0.5462696552276611,269.7497605033404
WS23_L1_T1_P_5_Tue_Mar__7_13_47_55_2023,0.009273841977119418,-0.5462696552276611,269.7497605033404
WS23_L1_T1_P_5_Tue_Mar__7_13_47_55_2023,0.009273841977119418,-0.5462696552276611,269.7497605033404
WS23_L1_T1_P_5_Tue_Mar__7_13_47_55_2023,0.009306132793426514,-0.2814890742301941,269.7497605033404
WS23_L1_T1_P_5_Tue_Mar__7_13_47_55_2023,0.009306132793426514,-0.2814890742301941,269.7497605033404
WS23_L1_T1_P_5_Tue_Mar__7_13_47_55_2023,0.009306132793426514,-0.2814890742301941,269.7497605033404
WS23_L1_T1_P_5_Tue_Mar__7_13_47_55_2023,0.009306132793426514,-0.2814890742301941,269.7497605033404
WS23_L1_T1_P_5_Tue_Mar__7_13_47_55_2023,0.009306132793426514,-0.2814890742301941,269.7497605033404
WS23_L1_T1_P_5_Tue_Mar__7_13_47_55_2023,0.009306132793426514,-0.2814890742301941,269.7497605033404
WS23_L1_T1_P_5_Tue_Mar__7_13_47_55_2023,0.009306132793426514,-0.2814890742301941,269.7497605033404
WS23_L1_T1_P_5_Tue_Mar__7_13_47_55_2023,0.009306132793426514,-0.2814890742301941,269.7497605033404
WS23_L1_T1_P_5_Tue_Mar__7_13_47_55_2023,0.009306132793426514,-0.2814890742301941,269.7497605033404
WS23_L1_T1_P_5_Tue_Mar__7_13_47_55_2023,0.009306132793426514,-0.2814890742301941,269.7497605033404
WS23_L1_T1_P_5_Tue_Mar__7_13_47_55_2023,0.009306132793426514,-0.2814890742301941,269.7497605033404
WS23_L1_T1_P_5_Tue_Mar__7_13_47_55_2023,0.009306132793426514,-0.2814890742301941,269.7497605033404
WS23_L1_T1_P_5_Tue_Mar__7_13_47_55_2023,0.009306132793426514,-0.2814890742301941,269.7497605033404
WS23_L1_T1_P_5_Tue_Mar__7_13_47_55_2023,0.009306132793426514,-0.2814890742301941,269.7497605033404
WS23_L1_T1_P_5_Tue_Mar__7_13_47_55_2023,0.009322687983512906,-0.2125730365514755,269.7497605033404
WS23_L1_T1_P_5_Tue_Mar__7_13_47_55_2023,0.009322687983512906,-0.2125730365514755,269.7497605033404
WS23_L1_T1_P_5_Tue_Mar__7_13_47_55_2023,0.009322687983512906,-0.2125730365514755,269.7497605033404
WS23_L1_T1_P_5_Tue_Mar__7_13_47_55_2023,0.009322687983512906,-0.2125730365514755,269.7497605033404
WS23_L1_T1_P_5_Tue_Mar__7_13_47_55_2023,0.009322687983512906,-0.2125730365514755,269.7497605033404
WS23_L1_T1_P_5_Tue_Mar__7_13_47_55_2023,0.009322687983512906,-0.2125730365514755,269.7497605033404
WS23_L1_T1_P_5_Tue_Mar__7_13_47_55_2023,0.009407877922058105,-0.1958461254835128,269.7497605033404
WS23_L1_T1_P_5_Tue_Mar__7_13_47_55_2023,0.009407877922058105,-0.1958461254835128,269.7497605033404
WS23_L1_T1_P_5_Tue_Mar__7_13_47_55_2023,0.009407877922058105,-0.1958461254835128,269.7497605033404
WS23_L1_T1_P_5_Tue_Mar__7_13_47_55_2023,0.009407877922058105,-0.1958461254835128,269.7497605033404
WS23_L1_T1_P_5_Tue_Mar__7_13_47_55_2023,0.009407877922058105,-0.1958461254835128,269.7497605033404
WS23_L1_T1_P_5_Tue_Mar__7_13_47_55_2023,0.009407877922058105,-0.1958461254835128,269.7497605033404
WS23_L1_T1_P_5_Tue_Mar__7_13_47_55_2023,0.009407877922058105,-0.1958461254835128,269.7497605033404
WS23_L1_T1_P_5_Tue_Mar__7_13_47_55_2023,0.009407877922058105,-0.1958461254835128,269.7497605033404
WS23_L1_T1_P_5_Tue_Mar__7_13_47_55_2023,0.009478330612182617,-0.1656946241855621,269.7497605033404
WS23_L1_T1_P_5_Tue_Mar__7_13_47_55_2023,0.009478330612182617,-0.1656946241855621,269.7497605033404
WS23_L1_T1_P_5_Tue_Mar__7_13_47_55_2023,0.009478330612182617,-0.1656946241855621,269.7497605033404
WS23_L1_T1_P_5_Tue_Mar__7_13_47_55_2023,0.009478330612182617,-0.1656946241855621,269.7497605033404
WS23_L1_T1_P_5_Tue_Mar__7_13_47_55_2023,0.009478330612182617,-0.1656946241855621,269.7497605033404
WS23_L1_T1_P_5_Tue_Mar__7_13_47_55_2023,0.009478330612182617,-0.1656946241855621,269.7497605033404
WS23_L1_T1_P_5_Tue_Mar__7_13_47_55_2023,0.009478330612182617,-0.1656946241855621,269.7497605033404
WS23_L1_T1_P_5_Tue_Mar__7_13_47_55_2023,0.009591713547706604,-0.0921111032366752,269.7497605033404
WS23_L1_T1_P_5_Tue_Mar__7_13_47_55_2023,0.009591713547706604,-0.0921111032366752,269.7497605033404
WS23_L1_T1_P_5_Tue_Mar__7_13_47_55_2023,0.009591713547706604,-0.0921111032366752,269.7497605033404
WS23_L1_T1_P_5_Tue_Mar__7_13_47_55_2023,0.009591713547706604,-0.0921111032366752,269.7497605033404
WS23_L1_T1_P_5_Tue_Mar__7_13_47_55_2023,0.009591713547706604,-0.0921111032366752,269.7497605033404
WS23_L1_T1_P_5_Tue_Mar__7_13_47_55_2023,0.009591713547706604,-0.0921111032366752,269.7497605033404
WS23_L1_T1_P_5_Tue_Mar__7_13_47_55_2023,0.009657800197601318,-0.1587088108062744,269.7497605033404
WS23_L1_T1_P_5_Tue_Mar__7_13_47_55_2023,0.009657800197601318,-0.1587088108062744,269.7497605033404
WS23_L1_T1_P_5_Tue_Mar__7_13_47_55_2023,0.009657800197601318,-0.1587088108062744,269.7497605033404
WS23_L1_T1_P_5_Tue_Mar__7_13_47_55_2023,0.009657800197601318,-0.1587088108062744,269.7497605033404
WS23_L1_T1_P_5_Tue_Mar__7_13_47_55_2023,0.009657800197601318,-0.1587088108062744,269.7497605033404
WS23_L1_T1_P_5_Tue_Mar__7_13_47_55_2023,0.009657800197601318,-0.1587088108062744,269.7497605033404
WS23_L1_T1_P_5_Tue_Mar__7_13_47_55_2023,0.009695321321487399,0.0296875331550836,269.7497605033404
WS23_L1_T1_P_5_Tue_Mar__7_13_47_55_2023,0.009695321321487399,0.0296875331550836,269.7497605033404
WS23_L1_T1_P_5_Tue_Mar__7_13_47_55_2023,0.009695321321487399,0.0296875331550836,269.7497605033404
WS23_L1_T1_P_5_Tue_Mar__7_13_47_55_2023,0.009695321321487399,0.0296875331550836,269.7497605033404
WS23_L1_T1_P_5_Tue_Mar__7_13_47_55_2023,0.009695321321487399,0.0296875331550836,269.7497605033404
WS23_L1_T1_P_5_Tue_Mar__7_13_47_55_2023,0.009695321321487399,0.0296875331550836,269.7497605033404
WS23_L1_T1_P_5_Tue_Mar__7_13_47_55_2023,0.009746924042701693,-0.0256072152405977,269.7497605033404
WS23_L1_T1_P_5_Tue_Mar__7_13_47_55_2023,0.009746924042701693,-0.0256072152405977,269.7497605033404
WS23_L1_T1_P_5_Tue_Mar__7_13_47_55_2023,0.009746924042701693,-0.0256072152405977,269.7497605033404
WS23_L1_T1_P_5_Tue_Mar__7_13_47_55_2023,0.009746924042701693,-0.0256072152405977,269.7497605033404
WS23_L1_T1_P_5_Tue_Mar__7_13_47_55_2023,0.009746924042701693,-0.0256072152405977,269.7497605033404
WS23_L1_T1_P_5_Tue_Mar__7_13_47_55_2023,0.009746924042701693,-0.0256072152405977,269.7497605033404
WS23_L1_T1_P_5_Tue_Mar__7_13_47_55_2023,0.00983099639415741,-0.0152311893180012,269.7497605033404
WS23_L1_T1_P_5_Tue_Mar__7_13_47_55_2023,0.00983099639415741,-0.0152311893180012,269.7497605033404
WS23_L1_T1_P_5_Tue_Mar__7_13_47_55_2023,0.00983099639415741,-0.0152311893180012,269.7497605033404
WS23_L1_T1_P_5_Tue_Mar__7_13_47_55_2023,0.00983099639415741,-0.0152311893180012,269.7497605033404
WS23_L1_T1_P_5_Tue_Mar__7_13_47_55_2023,0.00983099639415741,-0.0152311893180012,269.7497605033404
WS23_L1_T1_P_5_Tue_Mar__7_13_47_55_2023,0.010003700852394104,-0.1244703605771064,269.7497605033404
WS23_L1_T1_P_5_Tue_Mar__7_13_47_55_2023,0.010003700852394104,-0.1244703605771064,269.7497605033404
WS23_L1_T1_P_5_Tue_Mar__7_13_47_55_2023,0.010003700852394104,-0.1244703605771064,269.7497605033404
WS23_L1_T1_P_5_Tue_Mar__7_13_47_55_2023,0.010003700852394104,-0.1244703605771064,269.7497605033404
WS23_L1_T1_P_5_Tue_Mar__7_13_47_55_2023,0.010003700852394104,-0.1244703605771064,269.7497605033404
WS23_L1_T1_P_5_Tue_Mar__7_13_47_55_2023,0.010003700852394104,-0.1244703605771064,269.7497605033404
WS23_L1_T1_P_5_Tue_Mar__7_13_47_55_2023,0.010003700852394104,-0.1244703605771064,269.7497605033404
WS23_L1_T1_P_5_Tue_Mar__7_13_47_55_2023,0.010109394788742093,-0.1285195350646972,269.7497605033404
WS23_L1_T1_P_5_Tue_Mar__7_13_47_55_2023,0.010109394788742093,-0.1285195350646972,269.7497605033404
WS23_L1_T1_P_5_Tue_Mar__7_13_47_55_2023,0.010109394788742093,-0.1285195350646972,269.7497605033404
WS23_L1_T1_P_5_Tue_Mar__7_13_47_55_2023,0.010109394788742093,-0.1285195350646972,269.7497605033404
WS23_L1_T1_P_5_Tue_Mar__7_13_47_55_2023,0.010109394788742093,-0.1285195350646972,269.7497605033404
WS23_L1_T1_P_5_Tue_Mar__7_13_47_55_2023,0.010109394788742093,-0.1285195350646972,269.7497605033404
WS23_L1_T1_P_5_Tue_Mar__7_13_47_55_2023,0.010290622711181613,-0.2131260484457016,269.7497605033404
WS23_L1_T1_P_5_Tue_Mar__7_13_47_55_2023,0.010290622711181613,-0.2131260484457016,269.7497605033404
WS23_L1_T1_P_5_Tue_Mar__7_13_47_55_2023,0.010290622711181613,-0.2131260484457016,269.7497605033404
WS23_L1_T1_P_5_Tue_Mar__7_13_47_55_2023,0.010290622711181613,-0.2131260484457016,269.7497605033404
WS23_L1_T1_P_5_Tue_Mar__7_13_47_55_2023,0.010290622711181613,-0.2131260484457016,269.7497605033404
WS23_L1_T1_P_5_Tue_Mar__7_13_47_55_2023,0.010290622711181613,-0.2131260484457016,269.7497605033404
WS23_L1_T1_P_5_Tue_Mar__7_13_47_55_2023,0.010290622711181613,-0.2131260484457016,269.7497605033404
WS23_L1_T1_P_5_Tue_Mar__7_13_47_55_2023,0.01044757664203641,-0.2751399576663971,269.7497605033404
WS23_L1_T1_P_5_Tue_Mar__7_13_47_55_2023,0.01044757664203641,-0.2751399576663971,269.7497605033404
WS23_L1_T1_P_5_Tue_Mar__7_13_47_55_2023,0.01044757664203641,-0.2751399576663971,269.7497605033404
WS23_L1_T1_P_5_Tue_Mar__7_13_47_55_2023,0.01044757664203641,-0.2751399576663971,269.7497605033404
WS23_L1_T1_P_5_Tue_Mar__7_13_47_55_2023,0.01044757664203641,-0.2751399576663971,269.7497605033404
WS23_L1_T1_P_5_Tue_Mar__7_13_47_55_2023,0.01044757664203641,-0.2751399576663971,269.7497605033404
WS23_L1_T1_P_5_Tue_Mar__7_13_47_55_2023,0.010649263858795194,-0.2567839920520782,269.7497605033404
WS23_L1_T1_P_5_Tue_Mar__7_13_47_55_2023,0.010649263858795194,-0.2567839920520782,269.7497605033404
WS23_L1_T1_P_5_Tue_Mar__7_13_47_55_2023,0.010649263858795194,-0.2567839920520782,269.7497605033404
WS23_L1_T1_P_5_Tue_Mar__7_13_47_55_2023,0.010649263858795194,-0.2567839920520782,269.7497605033404
WS23_L1_T1_P_5_Tue_Mar__7_13_47_55_2023,0.010649263858795194,-0.2567839920520782,269.7497605033404
WS23_L1_T1_P_5_Tue_Mar__7_13_47_55_2023,0.01076801121234891,-0.3988377749919891,269.7497605033404
WS23_L1_T1_P_5_Tue_Mar__7_13_47_55_2023,0.01076801121234891,-0.3988377749919891,269.7497605033404
WS23_L1_T1_P_5_Tue_Mar__7_13_47_55_2023,0.01076801121234891,-0.3988377749919891,269.7497605033404
WS23_L1_T1_P_5_Tue_Mar__7_13_47_55_2023,0.01076801121234891,-0.3988377749919891,269.7497605033404
WS23_L1_T1_P_5_Tue_Mar__7_13_47_55_2023,0.01076801121234891,-0.3988377749919891,269.7497605033404
WS23_L1_T1_P_5_Tue_Mar__7_13_47_55_2023,0.010847240686416598,-0.2533988356590271,269.7497605033404
WS23_L1_T1_P_5_Tue_Mar__7_13_47_55_2023,0.010847240686416598,-0.2533988356590271,269.7497605033404
WS23_L1_T1_P_5_Tue_Mar__7_13_47_55_2023,0.010847240686416598,-0.2533988356590271,269.7497605033404
WS23_L1_T1_P_5_Tue_Mar__7_13_47_55_2023,0.010847240686416598,-0.2533988356590271,269.7497605033404
WS23_L1_T1_P_5_Tue_Mar__7_13_47_55_2023,0.010847240686416598,-0.2533988356590271,269.7497605033404
WS23_L1_T1_P_5_Tue_Mar__7_13_47_55_2023,0.010847240686416598,-0.2533988356590271,269.7497605033404
WS23_L1_T1_P_5_Tue_Mar__7_13_47_55_2023,0.010847240686416598,-0.2533988356590271,269.7497605033404
WS23_L1_T1_P_5_Tue_Mar__7_13_47_55_2023,0.0109258443117142,-0.3176896870136261,269.7497605033404
WS23_L1_T1_P_5_Tue_Mar__7_13_47_55_2023,0.0109258443117142,-0.3176896870136261,269.7497605033404
WS23_L1_T1_P_5_Tue_Mar__7_13_47_55_2023,0.0109258443117142,-0.3176896870136261,269.7497605033404
WS23_L1_T1_P_5_Tue_Mar__7_13_47_55_2023,0.0109258443117142,-0.3176896870136261,269.7497605033404
WS23_L1_T1_P_5_Tue_Mar__7_13_47_55_2023,0.0109258443117142,-0.3176896870136261,269.7497605033404
WS23_L1_T1_P_5_Tue_Mar__7_13_47_55_2023,0.0109258443117142,-0.3176896870136261,269.7497605033404
WS23_L1_T1_P_5_Tue_Mar__7_13_47_55_2023,0.0109258443117142,-0.3176896870136261,269.7497605033404
WS23_L1_T1_P_5_Tue_Mar__7_13_47_55_2023,0.010973721742630005,-0.2632348835468292,269.7497605033404
WS23_L1_T1_P_5_Tue_Mar__7_13_47_55_2023,0.010973721742630005,-0.2632348835468292,269.7497605033404
WS23_L1_T1_P_5_Tue_Mar__7_13_47_55_2023,0.010973721742630005,-0.2632348835468292,269.7497605033404
WS23_L1_T1_P_5_Tue_Mar__7_13_47_55_2023,0.010973721742630005,-0.2632348835468292,269.7497605033404
WS23_L1_T1_P_5_Tue_Mar__7_13_47_55_2023,0.010973721742630005,-0.2632348835468292,269.7497605033404
WS23_L1_T1_P_5_Tue_Mar__7_13_47_55_2023,0.010973721742630005,-0.2632348835468292,269.7497605033404
WS23_L1_T1_P_5_Tue_Mar__7_13_47_55_2023,0.011040925979614202,-0.2279012948274612,269.7497605033404
WS23_L1_T1_P_5_Tue_Mar__7_13_47_55_2023,0.011040925979614202,-0.2279012948274612,269.7497605033404
WS23_L1_T1_P_5_Tue_Mar__7_13_47_55_2023,0.011040925979614202,-0.2279012948274612,269.7497605033404
WS23_L1_T1_P_5_Tue_Mar__7_13_47_55_2023,0.011040925979614202,-0.2279012948274612,269.7497605033404
WS23_L1_T1_P_5_Tue_Mar__7_13_47_55_2023,0.011040925979614202,-0.2279012948274612,269.7497605033404
WS23_L1_T1_P_5_Tue_Mar__7_13_47_55_2023,0.011040925979614202,-0.2279012948274612,269.7497605033404
WS23_L1_T1_P_5_Tue_Mar__7_13_47_55_2023,0.011117681860923795,-0.2046522796154022,269.7497605033404
WS23_L1_T1_P_5_Tue_Mar__7_13_47_55_2023,0.011117681860923795,-0.2046522796154022,269.7497605033404
WS23_L1_T1_P_5_Tue_Mar__7_13_47_55_2023,0.011117681860923795,-0.2046522796154022,269.7497605033404
WS23_L1_T1_P_5_Tue_Mar__7_13_47_55_2023,0.011117681860923795,-0.2046522796154022,269.7497605033404
WS23_L1_T1_P_5_Tue_Mar__7_13_47_55_2023,0.011117681860923795,-0.2046522796154022,269.7497605033404
WS23_L1_T1_P_5_Tue_Mar__7_13_47_55_2023,0.011117681860923795,-0.2046522796154022,269.7497605033404
WS23_L1_T1_P_5_Tue_Mar__7_13_47_55_2023,0.011117681860923795,-0.2046522796154022,269.7497605033404
WS23_L1_T1_P_5_Tue_Mar__7_13_47_55_2023,0.011325135827064514,-0.2312778681516647,269.7497605033404
WS23_L1_T1_P_5_Tue_Mar__7_13_47_55_2023,0.011325135827064514,-0.2312778681516647,269.7497605033404
WS23_L1_T1_P_5_Tue_Mar__7_13_47_55_2023,0.011325135827064514,-0.2312778681516647,269.7497605033404
WS23_L1_T1_P_5_Tue_Mar__7_13_47_55_2023,0.011325135827064514,-0.2312778681516647,269.7497605033404
WS23_L1_T1_P_5_Tue_Mar__7_13_47_55_2023,0.011325135827064514,-0.2312778681516647,269.7497605033404
WS23_L1_T1_P_5_Tue_Mar__7_13_47_55_2023,0.011325135827064514,-0.2312778681516647,269.7497605033404
WS23_L1_T1_P_5_Tue_Mar__7_13_47_55_2023,0.011325135827064514,-0.2312778681516647,269.7497605033404
WS23_L1_T1_P_5_Tue_Mar__7_13_47_55_2023,0.011448740959167508,-0.2743319571018219,269.7497605033404
WS23_L1_T1_P_5_Tue_Mar__7_13_47_55_2023,0.011448740959167508,-0.2743319571018219,269.7497605033404
WS23_L1_T1_P_5_Tue_Mar__7_13_47_55_2023,0.011448740959167508,-0.2743319571018219,269.7497605033404
WS23_L1_T1_P_5_Tue_Mar__7_13_47_55_2023,0.011448740959167508,-0.2743319571018219,269.7497605033404
WS23_L1_T1_P_5_Tue_Mar__7_13_47_55_2023,0.011448740959167508,-0.2743319571018219,269.7497605033404
WS23_L1_T1_P_5_Tue_Mar__7_13_47_55_2023,0.011448740959167508,-0.2743319571018219,269.7497605033404
WS23_L1_T1_P_5_Tue_Mar__7_13_47_55_2023,0.011448740959167508,-0.2743319571018219,269.7497605033404
WS23_L1_T1_P_5_Tue_Mar__7_13_47_55_2023,0.011448740959167508,-0.2743319571018219,269.7497605033404
WS23_L1_T1_P_5_Tue_Mar__7_13_47_55_2023,0.011583298444747897,-0.4160053133964538,269.7497605033404
WS23_L1_T1_P_5_Tue_Mar__7_13_47_55_2023,0.011583298444747897,-0.4160053133964538,269.7497605033404
WS23_L1_T1_P_5_Tue_Mar__7_13_47_55_2023,0.011583298444747897,-0.4160053133964538,269.7497605033404
WS23_L1_T1_P_5_Tue_Mar__7_13_47_55_2023,0.011583298444747897,-0.4160053133964538,269.7497605033404
WS23_L1_T1_P_5_Tue_Mar__7_13_47_55_2023,0.011583298444747897,-0.4160053133964538,269.7497605033404
WS23_L1_T1_P_5_Tue_Mar__7_13_47_55_2023,0.011583298444747897,-0.4160053133964538,269.7497605033404
WS23_L1_T1_P_5_Tue_Mar__7_13_47_55_2023,0.011583298444747897,-0.4160053133964538,269.7497605033404
WS23_L1_T1_P_5_Tue_Mar__7_13_47_55_2023,0.011748686432838412,-0.3490541875362396,269.7497605033404
WS23_L1_T1_P_5_Tue_Mar__7_13_47_55_2023,0.011748686432838412,-0.3490541875362396,269.7497605033404
WS23_L1_T1_P_5_Tue_Mar__7_13_47_55_2023,0.011748686432838412,-0.3490541875362396,269.7497605033404
WS23_L1_T1_P_5_Tue_Mar__7_13_47_55_2023,0.011748686432838412,-0.3490541875362396,269.7497605033404
WS23_L1_T1_P_5_Tue_Mar__7_13_47_55_2023,0.011748686432838412,-0.3490541875362396,269.7497605033404
WS23_L1_T1_P_5_Tue_Mar__7_13_47_55_2023,0.011748686432838412,-0.3490541875362396,269.7497605033404
WS23_L1_T1_P_5_Tue_Mar__7_13_47_55_2023,0.011748686432838412,-0.3490541875362396,269.7497605033404
WS23_L1_T1_P_5_Tue_Mar__7_13_47_55_2023,0.011846140027046204,-0.4417955577373504,269.7497605033404
WS23_L1_T1_P_5_Tue_Mar__7_13_47_55_2023,0.011846140027046204,-0.4417955577373504,269.7497605033404
WS23_L1_T1_P_5_Tue_Mar__7_13_47_55_2023,0.011846140027046204,-0.4417955577373504,269.7497605033404
WS23_L1_T1_P_5_Tue_Mar__7_13_47_55_2023,0.011846140027046204,-0.4417955577373504,269.7497605033404
WS23_L1_T1_P_5_Tue_Mar__7_13_47_55_2023,0.011846140027046204,-0.4417955577373504,269.7497605033404
WS23_L1_T1_P_5_Tue_Mar__7_13_47_55_2023,0.011923119425773593,-0.3129405379295349,269.7497605033404
WS23_L1_T1_P_5_Tue_Mar__7_13_47_55_2023,0.011923119425773593,-0.3129405379295349,269.7497605033404
WS23_L1_T1_P_5_Tue_Mar__7_13_47_55_2023,0.011923119425773593,-0.3129405379295349,269.7497605033404
WS23_L1_T1_P_5_Tue_Mar__7_13_47_55_2023,0.011923119425773593,-0.3129405379295349,269.7497605033404
WS23_L1_T1_P_5_Tue_Mar__7_13_47_55_2023,0.011923119425773593,-0.3129405379295349,269.7497605033404
WS23_L1_T1_P_5_Tue_Mar__7_13_47_55_2023,0.011923119425773593,-0.3129405379295349,269.7497605033404
WS23_L1_T1_P_5_Tue_Mar__7_13_47_55_2023,0.011923119425773593,-0.3129405379295349,269.7497605033404
WS23_L1_T1_P_5_Tue_Mar__7_13_47_55_2023,0.011962279677390997,-0.3710037469863891,269.7497605033404
WS23_L1_T1_P_5_Tue_Mar__7_13_47_55_2023,0.011962279677390997,-0.3710037469863891,269.7497605033404
WS23_L1_T1_P_5_Tue_Mar__7_13_47_55_2023,0.011962279677390997,-0.3710037469863891,269.7497605033404
WS23_L1_T1_P_5_Tue_Mar__7_13_47_55_2023,0.011962279677390997,-0.3710037469863891,269.7497605033404
WS23_L1_T1_P_5_Tue_Mar__7_13_47_55_2023,0.011962279677390997,-0.3710037469863891,269.7497605033404
WS23_L1_T1_P_5_Tue_Mar__7_13_47_55_2023,0.011962279677390997,-0.3710037469863891,269.7497605033404
WS23_L1_T1_P_5_Tue_Mar__7_13_47_55_2023,0.011962279677390997,-0.3710037469863891,269.7497605033404
WS23_L1_T1_P_5_Tue_Mar__7_13_47_55_2023,0.012073934078216497,-0.2800809741020202,269.7497605033404
WS23_L1_T1_P_5_Tue_Mar__7_13_47_55_2023,0.012073934078216497,-0.2800809741020202,269.7497605033404
WS23_L1_T1_P_5_Tue_Mar__7_13_47_55_2023,0.012073934078216497,-0.2800809741020202,269.7497605033404
WS23_L1_T1_P_5_Tue_Mar__7_13_47_55_2023,0.012073934078216497,-0.2800809741020202,269.7497605033404
WS23_L1_T1_P_5_Tue_Mar__7_13_47_55_2023,0.012073934078216497,-0.2800809741020202,269.7497605033404
WS23_L1_T1_P_5_Tue_Mar__7_13_47_55_2023,0.012132346630096408,-0.3407714068889618,269.7497605033404
WS23_L1_T1_P_5_Tue_Mar__7_13_47_55_2023,0.012132346630096408,-0.3407714068889618,269.7497605033404
WS23_L1_T1_P_5_Tue_Mar__7_13_47_55_2023,0.012132346630096408,-0.3407714068889618,269.7497605033404
WS23_L1_T1_P_5_Tue_Mar__7_13_47_55_2023,0.012132346630096408,-0.3407714068889618,269.7497605033404
WS23_L1_T1_P_5_Tue_Mar__7_13_47_55_2023,0.012132346630096408,-0.3407714068889618,269.7497605033404
WS23_L1_T1_P_5_Tue_Mar__7_13_47_55_2023,0.012132346630096408,-0.3407714068889618,269.7497605033404
WS23_L1_T1_P_5_Tue_Mar__7_13_47_55_2023,0.012226134538650513,-0.231699138879776,269.7497605033404
WS23_L1_T1_P_5_Tue_Mar__7_13_47_55_2023,0.012226134538650513,-0.231699138879776,269.7497605033404
WS23_L1_T1_P_5_Tue_Mar__7_13_47_55_2023,0.012226134538650513,-0.231699138879776,269.7497605033404
WS23_L1_T1_P_5_Tue_Mar__7_13_47_55_2023,0.012226134538650513,-0.231699138879776,269.7497605033404
WS23_L1_T1_P_5_Tue_Mar__7_13_47_55_2023,0.012226134538650513,-0.231699138879776,269.7497605033404
WS23_L1_T1_P_5_Tue_Mar__7_13_47_55_2023,0.012226134538650513,-0.231699138879776,269.7497605033404
WS23_L1_T1_P_5_Tue_Mar__7_13_47_55_2023,0.012264028191566495,-0.2503333389759063,269.7497605033404
WS23_L1_T1_P_5_Tue_Mar__7_13_47_55_2023,0.012264028191566495,-0.2503333389759063,269.7497605033404
WS23_L1_T1_P_5_Tue_Mar__7_13_47_55_2023,0.012264028191566495,-0.2503333389759063,269.7497605033404
WS23_L1_T1_P_5_Tue_Mar__7_13_47_55_2023,0.012264028191566495,-0.2503333389759063,269.7497605033404
WS23_L1_T1_P_5_Tue_Mar__7_13_47_55_2023,0.012264028191566495,-0.2503333389759063,269.7497605033404
WS23_L1_T1_P_5_Tue_Mar__7_13_47_55_2023,0.012401536107063293,-0.1863456964492797,269.7497605033404
WS23_L1_T1_P_5_Tue_Mar__7_13_47_55_2023,0.012401536107063293,-0.1863456964492797,269.7497605033404
WS23_L1_T1_P_5_Tue_Mar__7_13_47_55_2023,0.012401536107063293,-0.1863456964492797,269.7497605033404
WS23_L1_T1_P_5_Tue_Mar__7_13_47_55_2023,0.012401536107063293,-0.1863456964492797,269.7497605033404
WS23_L1_T1_P_5_Tue_Mar__7_13_47_55_2023,0.012401536107063293,-0.1863456964492797,269.7497605033404
WS23_L1_T1_P_5_Tue_Mar__7_13_47_55_2023,0.012401536107063293,-0.1863456964492797,269.7497605033404
WS23_L1_T1_P_5_Tue_Mar__7_13_47_55_2023,0.012512087821960394,-0.3389422595500946,269.7497605033404
WS23_L1_T1_P_5_Tue_Mar__7_13_47_55_2023,0.012512087821960394,-0.3389422595500946,269.7497605033404
WS23_L1_T1_P_5_Tue_Mar__7_13_47_55_2023,0.012512087821960394,-0.3389422595500946,269.7497605033404
WS23_L1_T1_P_5_Tue_Mar__7_13_47_55_2023,0.012512087821960394,-0.3389422595500946,269.7497605033404
WS23_L1_T1_P_5_Tue_Mar__7_13_47_55_2023,0.012512087821960394,-0.3389422595500946,269.7497605033404
WS23_L1_T1_P_5_Tue_Mar__7_13_47_55_2023,0.012512087821960394,-0.3389422595500946,269.7497605033404
WS23_L1_T1_P_5_Tue_Mar__7_13_47_55_2023,0.012512087821960394,-0.3389422595500946,269.7497605033404
WS23_L1_T1_P_5_Tue_Mar__7_13_47_55_2023,0.012577682733535794,-0.1802577823400497,269.7497605033404
WS23_L1_T1_P_5_Tue_Mar__7_13_47_55_2023,0.012577682733535794,-0.1802577823400497,269.7497605033404
WS23_L1_T1_P_5_Tue_Mar__7_13_47_55_2023,0.012577682733535794,-0.1802577823400497,269.7497605033404
WS23_L1_T1_P_5_Tue_Mar__7_13_47_55_2023,0.012577682733535794,-0.1802577823400497,269.7497605033404
WS23_L1_T1_P_5_Tue_Mar__7_13_47_55_2023,0.012577682733535794,-0.1802577823400497,269.7497605033404
WS23_L1_T1_P_5_Tue_Mar__7_13_47_55_2023,0.012577682733535794,-0.1802577823400497,269.7497605033404
WS23_L1_T1_P_5_Tue_Mar__7_13_47_55_2023,0.012746214866638211,-0.3899647295475006,269.7497605033404
WS23_L1_T1_P_5_Tue_Mar__7_13_47_55_2023,0.012746214866638211,-0.3899647295475006,269.7497605033404
WS23_L1_T1_P_5_Tue_Mar__7_13_47_55_2023,0.012746214866638211,-0.3899647295475006,269.7497605033404
WS23_L1_T1_P_5_Tue_Mar__7_13_47_55_2023,0.012746214866638211,-0.3899647295475006,269.7497605033404
WS23_L1_T1_P_5_Tue_Mar__7_13_47_55_2023,0.012746214866638211,-0.3899647295475006,269.7497605033404
WS23_L1_T1_P_5_Tue_Mar__7_13_47_55_2023,0.012746214866638211,-0.3899647295475006,269.7497605033404
WS23_L1_T1_P_5_Tue_Mar__7_13_47_55_2023,0.01289096474647522,-0.3137645423412323,269.7497605033404
WS23_L1_T1_P_5_Tue_Mar__7_13_47_55_2023,0.01289096474647522,-0.3137645423412323,269.7497605033404
WS23_L1_T1_P_5_Tue_Mar__7_13_47_55_2023,0.01289096474647522,-0.3137645423412323,269.7497605033404
WS23_L1_T1_P_5_Tue_Mar__7_13_47_55_2023,0.01289096474647522,-0.3137645423412323,269.7497605033404
WS23_L1_T1_P_5_Tue_Mar__7_13_47_55_2023,0.01289096474647522,-0.3137645423412323,269.7497605033404
WS23_L1_T1_P_5_Tue_Mar__7_13_47_55_2023,0.01289096474647522,-0.3137645423412323,269.7497605033404
WS23_L1_T1_P_5_Tue_Mar__7_13_47_55_2023,0.013034418225288419,-0.4552216529846191,269.7497605033404
WS23_L1_T1_P_5_Tue_Mar__7_13_47_55_2023,0.013034418225288419,-0.4552216529846191,269.7497605033404
WS23_L1_T1_P_5_Tue_Mar__7_13_47_55_2023,0.013034418225288419,-0.4552216529846191,269.7497605033404
WS23_L1_T1_P_5_Tue_Mar__7_13_47_55_2023,0.013034418225288419,-0.4552216529846191,269.7497605033404
WS23_L1_T1_P_5_Tue_Mar__7_13_47_55_2023,0.013034418225288419,-0.4552216529846191,269.7497605033404
WS23_L1_T1_P_5_Tue_Mar__7_13_47_55_2023,0.013034418225288419,-0.4552216529846191,269.7497605033404
WS23_L1_T1_P_5_Tue_Mar__7_13_47_55_2023,0.013183653354644803,-0.3914335072040558,269.7497605033404
WS23_L1_T1_P_5_Tue_Mar__7_13_47_55_2023,0.013183653354644803,-0.3914335072040558,269.7497605033404
WS23_L1_T1_P_5_Tue_Mar__7_13_47_55_2023,0.013183653354644803,-0.3914335072040558,269.7497605033404
WS23_L1_T1_P_5_Tue_Mar__7_13_47_55_2023,0.013183653354644803,-0.3914335072040558,269.7497605033404
WS23_L1_T1_P_5_Tue_Mar__7_13_47_55_2023,0.013183653354644803,-0.3914335072040558,269.7497605033404
WS23_L1_T1_P_5_Tue_Mar__7_13_47_55_2023,0.013183653354644803,-0.3914335072040558,269.7497605033404
WS23_L1_T1_P_5_Tue_Mar__7_13_47_55_2023,0.013218492269516019,-0.408763438463211,269.7497605033404
WS23_L1_T1_P_5_Tue_Mar__7_13_47_55_2023,0.013218492269516019,-0.408763438463211,269.7497605033404
WS23_L1_T1_P_5_Tue_Mar__7_13_47_55_2023,0.013218492269516019,-0.408763438463211,269.7497605033404
WS23_L1_T1_P_5_Tue_Mar__7_13_47_55_2023,0.013218492269516019,-0.408763438463211,269.7497605033404
WS23_L1_T1_P_5_Tue_Mar__7_13_47_55_2023,0.013218492269516019,-0.408763438463211,269.7497605033404
WS23_L1_T1_P_5_Tue_Mar__7_13_47_55_2023,0.013218492269516019,-0.408763438463211,269.7497605033404
WS23_L1_T1_P_5_Tue_Mar__7_13_47_55_2023,0.013279646635055514,-0.246598944067955,269.7497605033404
WS23_L1_T1_P_5_Tue_Mar__7_13_47_55_2023,0.013279646635055514,-0.246598944067955,269.7497605033404
WS23_L1_T1_P_5_Tue_Mar__7_13_47_55_2023,0.013279646635055514,-0.246598944067955,269.7497605033404
WS23_L1_T1_P_5_Tue_Mar__7_13_47_55_2023,0.013279646635055514,-0.246598944067955,269.7497605033404
WS23_L1_T1_P_5_Tue_Mar__7_13_47_55_2023,0.013279646635055514,-0.246598944067955,269.7497605033404
WS23_L1_T1_P_5_Tue_Mar__7_13_47_55_2023,0.013279646635055514,-0.246598944067955,269.7497605033404
WS23_L1_T1_P_5_Tue_Mar__7_13_47_55_2023,0.013293892145156805,-0.279888242483139,269.7497605033404
WS23_L1_T1_P_5_Tue_Mar__7_13_47_55_2023,0.013293892145156805,-0.279888242483139,269.7497605033404
WS23_L1_T1_P_5_Tue_Mar__7_13_47_55_2023,0.013293892145156805,-0.279888242483139,269.7497605033404
WS23_L1_T1_P_5_Tue_Mar__7_13_47_55_2023,0.013293892145156805,-0.279888242483139,269.7497605033404
WS23_L1_T1_P_5_Tue_Mar__7_13_47_55_2023,0.013420715928077698,-0.2396484315395355,269.7497605033404
WS23_L1_T1_P_5_Tue_Mar__7_13_47_55_2023,0.013420715928077698,-0.2396484315395355,269.7497605033404
WS23_L1_T1_P_5_Tue_Mar__7_13_47_55_2023,0.013420715928077698,-0.2396484315395355,269.7497605033404
WS23_L1_T1_P_5_Tue_Mar__7_13_47_55_2023,0.013420715928077698,-0.2396484315395355,269.7497605033404
WS23_L1_T1_P_5_Tue_Mar__7_13_47_55_2023,0.013420715928077698,-0.2396484315395355,269.7497605033404
WS23_L1_T1_P_5_Tue_Mar__7_13_47_55_2023,0.013420715928077698,-0.2396484315395355,269.7497605033404
WS23_L1_T1_P_5_Tue_Mar__7_13_47_55_2023,0.013464644551277105,-0.249606505036354,269.7497605033404
WS23_L1_T1_P_5_Tue_Mar__7_13_47_55_2023,0.013464644551277105,-0.249606505036354,269.7497605033404
WS23_L1_T1_P_5_Tue_Mar__7_13_47_55_2023,0.013464644551277105,-0.249606505036354,269.7497605033404
WS23_L1_T1_P_5_Tue_Mar__7_13_47_55_2023,0.013464644551277105,-0.249606505036354,269.7497605033404
WS23_L1_T1_P_5_Tue_Mar__7_13_47_55_2023,0.013464644551277105,-0.249606505036354,269.7497605033404
WS23_L1_T1_P_5_Tue_Mar__7_13_47_55_2023,0.013464644551277105,-0.249606505036354,269.7497605033404
WS23_L1_T1_P_5_Tue_Mar__7_13_47_55_2023,0.013464644551277105,-0.249606505036354,269.7497605033404
WS23_L1_T1_P_5_Tue_Mar__7_13_47_55_2023,0.013464644551277105,-0.249606505036354,269.7497605033404
WS23_L1_T1_P_5_Tue_Mar__7_13_47_55_2023,0.013500079512596103,-0.183369368314743,269.7497605033404
WS23_L1_T1_P_5_Tue_Mar__7_13_47_55_2023,0.013500079512596103,-0.183369368314743,269.7497605033404
WS23_L1_T1_P_5_Tue_Mar__7_13_47_55_2023,0.013500079512596103,-0.183369368314743,269.7497605033404
WS23_L1_T1_P_5_Tue_Mar__7_13_47_55_2023,0.013500079512596103,-0.183369368314743,269.7497605033404
WS23_L1_T1_P_5_Tue_Mar__7_13_47_55_2023,0.013500079512596103,-0.183369368314743,269.7497605033404
WS23_L1_T1_P_5_Tue_Mar__7_13_47_55_2023,0.013500079512596103,-0.183369368314743,269.7497605033404
WS23_L1_T1_P_5_Tue_Mar__7_13_47_55_2023,0.013500079512596103,-0.183369368314743,269.7497605033404
WS23_L1_T1_P_5_Tue_Mar__7_13_47_55_2023,0.013573527336120605,-0.1550793498754501,269.7497605033404
WS23_L1_T1_P_5_Tue_Mar__7_13_47_55_2023,0.013573527336120605,-0.1550793498754501,269.7497605033404
WS23_L1_T1_P_5_Tue_Mar__7_13_47_55_2023,0.013573527336120605,-0.1550793498754501,269.7497605033404
WS23_L1_T1_P_5_Tue_Mar__7_13_47_55_2023,0.013573527336120605,-0.1550793498754501,269.7497605033404
WS23_L1_T1_P_5_Tue_Mar__7_13_47_55_2023,0.013573527336120605,-0.1550793498754501,269.7497605033404
WS23_L1_T1_P_5_Tue_Mar__7_13_47_55_2023,0.013573527336120605,-0.1550793498754501,269.7497605033404
WS23_L1_T1_P_5_Tue_Mar__7_13_47_55_2023,0.013628438115119906,-0.0259897634387016,269.7497605033404
WS23_L1_T1_P_5_Tue_Mar__7_13_47_55_2023,0.013628438115119906,-0.0259897634387016,269.7497605033404
WS23_L1_T1_P_5_Tue_Mar__7_13_47_55_2023,0.013628438115119906,-0.0259897634387016,269.7497605033404
WS23_L1_T1_P_5_Tue_Mar__7_13_47_55_2023,0.013628438115119906,-0.0259897634387016,269.7497605033404
WS23_L1_T1_P_5_Tue_Mar__7_13_47_55_2023,0.013628438115119906,-0.0259897634387016,269.7497605033404
WS23_L1_T1_P_5_Tue_Mar__7_13_47_55_2023,0.013628438115119906,-0.0259897634387016,269.7497605033404
WS23_L1_T1_P_5_Tue_Mar__7_13_47_55_2023,0.013628438115119906,-0.0259897634387016,269.7497605033404
WS23_L1_T1_P_5_Tue_Mar__7_13_47_55_2023,0.013734176754951505,-0.1341087967157364,269.7497605033404
WS23_L1_T1_P_5_Tue_Mar__7_13_47_55_2023,0.013734176754951505,-0.1341087967157364,269.7497605033404
WS23_L1_T1_P_5_Tue_Mar__7_13_47_55_2023,0.013734176754951505,-0.1341087967157364,269.7497605033404
WS23_L1_T1_P_5_Tue_Mar__7_13_47_55_2023,0.013734176754951505,-0.1341087967157364,269.7497605033404
WS23_L1_T1_P_5_Tue_Mar__7_13_47_55_2023,0.013734176754951505,-0.1341087967157364,269.7497605033404
WS23_L1_T1_P_5_Tue_Mar__7_13_47_55_2023,0.013734176754951505,-0.1341087967157364,269.7497605033404
WS23_L1_T1_P_5_Tue_Mar__7_13_47_55_2023,0.013734176754951505,-0.1341087967157364,269.7497605033404
WS23_L1_T1_P_5_Tue_Mar__7_13_47_55_2023,0.013820126652717618,0.0013744106981903,269.7497605033404
WS23_L1_T1_P_5_Tue_Mar__7_13_47_55_2023,0.013820126652717618,0.0013744106981903,269.7497605033404
WS23_L1_T1_P_5_Tue_Mar__7_13_47_55_2023,0.013820126652717618,0.0013744106981903,269.7497605033404
WS23_L1_T1_P_5_Tue_Mar__7_13_47_55_2023,0.013820126652717618,0.0013744106981903,269.7497605033404
WS23_L1_T1_P_5_Tue_Mar__7_13_47_55_2023,0.013820126652717618,0.0013744106981903,269.7497605033404
WS23_L1_T1_P_5_Tue_Mar__7_13_47_55_2023,0.013820126652717618,0.0013744106981903,269.7497605033404
WS23_L1_T1_P_5_Tue_Mar__7_13_47_55_2023,0.013820126652717618,0.0013744106981903,269.7497605033404
WS23_L1_T1_P_5_Tue_Mar__7_13_47_55_2023,0.013816267251968412,0.1275811344385147,269.7497605033404
WS23_L1_T1_P_5_Tue_Mar__7_13_47_55_2023,0.013816267251968412,0.1275811344385147,269.7497605033404
WS23_L1_T1_P_5_Tue_Mar__7_13_47_55_2023,0.013816267251968412,0.1275811344385147,269.7497605033404
WS23_L1_T1_P_5_Tue_Mar__7_13_47_55_2023,0.013816267251968412,0.1275811344385147,269.7497605033404
WS23_L1_T1_P_5_Tue_Mar__7_13_47_55_2023,0.013816267251968412,0.1275811344385147,269.7497605033404
WS23_L1_T1_P_5_Tue_Mar__7_13_47_55_2023,0.013816267251968412,0.1275811344385147,269.7497605033404
WS23_L1_T1_P_5_Tue_Mar__7_13_47_55_2023,0.013910546898841802,-0.0077966232784092,269.7497605033404
WS23_L1_T1_P_5_Tue_Mar__7_13_47_55_2023,0.013910546898841802,-0.0077966232784092,269.7497605033404
WS23_L1_T1_P_5_Tue_Mar__7_13_47_55_2023,0.013910546898841802,-0.0077966232784092,269.7497605033404
WS23_L1_T1_P_5_Tue_Mar__7_13_47_55_2023,0.013910546898841802,-0.0077966232784092,269.7497605033404
WS23_L1_T1_P_5_Tue_Mar__7_13_47_55_2023,0.013910546898841802,-0.0077966232784092,269.7497605033404
WS23_L1_T1_P_5_Tue_Mar__7_13_47_55_2023,0.013910546898841802,-0.0077966232784092,269.7497605033404
WS23_L1_T1_P_5_Tue_Mar__7_13_47_55_2023,0.013910546898841802,-0.0077966232784092,269.7497605033404
WS23_L1_T1_P_5_Tue_Mar__7_13_47_55_2023,0.013987556099891607,0.1182507500052452,269.7497605033404
WS23_L1_T1_P_5_Tue_Mar__7_13_47_55_2023,0.013987556099891607,0.1182507500052452,269.7497605033404
WS23_L1_T1_P_5_Tue_Mar__7_13_47_55_2023,0.013987556099891607,0.1182507500052452,269.7497605033404
WS23_L1_T1_P_5_Tue_Mar__7_13_47_55_2023,0.013987556099891607,0.1182507500052452,269.7497605033404
WS23_L1_T1_P_5_Tue_Mar__7_13_47_55_2023,0.013987556099891607,0.1182507500052452,269.7497605033404
WS23_L1_T1_P_5_Tue_Mar__7_13_47_55_2023,0.013987556099891607,0.1182507500052452,269.7497605033404
WS23_L1_T1_P_5_Tue_Mar__7_13_47_55_2023,0.013987556099891607,0.1182507500052452,269.7497605033404
WS23_L1_T1_P_5_Tue_Mar__7_13_47_55_2023,0.01415163278579712,-0.0673812553286552,269.7497605033404
WS23_L1_T1_P_5_Tue_Mar__7_13_47_55_2023,0.01415163278579712,-0.0673812553286552,269.7497605033404
WS23_L1_T1_P_5_Tue_Mar__7_13_47_55_2023,0.01415163278579712,-0.0673812553286552,269.7497605033404
WS23_L1_T1_P_5_Tue_Mar__7_13_47_55_2023,0.01415163278579712,-0.0673812553286552,269.7497605033404
WS23_L1_T1_P_5_Tue_Mar__7_13_47_55_2023,0.01415163278579712,-0.0673812553286552,269.7497605033404
WS23_L1_T1_P_5_Tue_Mar__7_13_47_55_2023,0.01415163278579712,-0.0673812553286552,269.7497605033404
WS23_L1_T1_P_5_Tue_Mar__7_13_47_55_2023,0.01415163278579712,-0.0673812553286552,269.7497605033404
WS23_L1_T1_P_5_Tue_Mar__7_13_47_55_2023,0.014284506440162603,0.0014840895310044,269.7497605033404
WS23_L1_T1_P_5_Tue_Mar__7_13_47_55_2023,0.014284506440162603,0.0014840895310044,269.7497605033404
WS23_L1_T1_P_5_Tue_Mar__7_13_47_55_2023,0.014284506440162603,0.0014840895310044,269.7497605033404
WS23_L1_T1_P_5_Tue_Mar__7_13_47_55_2023,0.014284506440162603,0.0014840895310044,269.7497605033404
WS23_L1_T1_P_5_Tue_Mar__7_13_47_55_2023,0.014284506440162603,0.0014840895310044,269.7497605033404
WS23_L1_T1_P_5_Tue_Mar__7_13_47_55_2023,0.014284506440162603,0.0014840895310044,269.7497605033404
WS23_L1_T1_P_5_Tue_Mar__7_13_47_55_2023,0.014284506440162603,0.0014840895310044,269.7497605033404
WS23_L1_T1_P_5_Tue_Mar__7_13_47_55_2023,0.014400392770767212,-0.1178235635161399,269.7497605033404
WS23_L1_T1_P_5_Tue_Mar__7_13_47_55_2023,0.014400392770767212,-0.1178235635161399,269.7497605033404
WS23_L1_T1_P_5_Tue_Mar__7_13_47_55_2023,0.014400392770767212,-0.1178235635161399,269.7497605033404
WS23_L1_T1_P_5_Tue_Mar__7_13_47_55_2023,0.014400392770767212,-0.1178235635161399,269.7497605033404
WS23_L1_T1_P_5_Tue_Mar__7_13_47_55_2023,0.014400392770767212,-0.1178235635161399,269.7497605033404
WS23_L1_T1_P_5_Tue_Mar__7_13_47_55_2023,0.014400392770767212,-0.1178235635161399,269.7497605033404
WS23_L1_T1_P_5_Tue_Mar__7_13_47_55_2023,0.014400392770767212,-0.1178235635161399,269.7497605033404
WS23_L1_T1_P_5_Tue_Mar__7_13_47_55_2023,0.014503225684165899,-0.1298316717147827,269.7497605033404
WS23_L1_T1_P_5_Tue_Mar__7_13_47_55_2023,0.014503225684165899,-0.1298316717147827,269.7497605033404
WS23_L1_T1_P_5_Tue_Mar__7_13_47_55_2023,0.014503225684165899,-0.1298316717147827,269.7497605033404
WS23_L1_T1_P_5_Tue_Mar__7_13_47_55_2023,0.014503225684165899,-0.1298316717147827,269.7497605033404
WS23_L1_T1_P_5_Tue_Mar__7_13_47_55_2023,0.014503225684165899,-0.1298316717147827,269.7497605033404
WS23_L1_T1_P_5_Tue_Mar__7_13_47_55_2023,0.014503225684165899,-0.1298316717147827,269.7497605033404
WS23_L1_T1_P_5_Tue_Mar__7_13_47_55_2023,0.014503225684165899,-0.1298316717147827,269.7497605033404
WS23_L1_T1_P_5_Tue_Mar__7_13_47_55_2023,0.014503225684165899,-0.1298316717147827,269.7497605033404
WS23_L1_T1_P_5_Tue_Mar__7_13_47_55_2023,0.014557674527168302,-0.0552772432565689,269.7497605033404
WS23_L1_T1_P_5_Tue_Mar__7_13_47_55_2023,0.014557674527168302,-0.0552772432565689,269.7497605033404
WS23_L1_T1_P_5_Tue_Mar__7_13_47_55_2023,0.014557674527168302,-0.0552772432565689,269.7497605033404
WS23_L1_T1_P_5_Tue_Mar__7_13_47_55_2023,0.014557674527168302,-0.0552772432565689,269.7497605033404
WS23_L1_T1_P_5_Tue_Mar__7_13_47_55_2023,0.014557674527168302,-0.0552772432565689,269.7497605033404
WS23_L1_T1_P_5_Tue_Mar__7_13_47_55_2023,0.014557674527168302,-0.0552772432565689,269.7497605033404
WS23_L1_T1_P_5_Tue_Mar__7_13_47_55_2023,0.014557674527168302,-0.0552772432565689,269.7497605033404
WS23_L1_T1_P_5_Tue_Mar__7_13_47_55_2023,0.014653548598289518,-0.0314260087907314,269.7497605033404
WS23_L1_T1_P_5_Tue_Mar__7_13_47_55_2023,0.014653548598289518,-0.0314260087907314,269.7497605033404
WS23_L1_T1_P_5_Tue_Mar__7_13_47_55_2023,0.014653548598289518,-0.0314260087907314,269.7497605033404
WS23_L1_T1_P_5_Tue_Mar__7_13_47_55_2023,0.014653548598289518,-0.0314260087907314,269.7497605033404
WS23_L1_T1_P_5_Tue_Mar__7_13_47_55_2023,0.014653548598289518,-0.0314260087907314,269.7497605033404
WS23_L1_T1_P_5_Tue_Mar__7_13_47_55_2023,0.014653548598289518,-0.0314260087907314,269.7497605033404
WS23_L1_T1_P_5_Tue_Mar__7_13_47_55_2023,0.014653548598289518,-0.0314260087907314,269.7497605033404
WS23_L1_T1_P_5_Tue_Mar__7_13_47_55_2023,0.014752656221389798,0.0223202817142009,269.7497605033404
WS23_L1_T1_P_5_Tue_Mar__7_13_47_55_2023,0.014752656221389798,0.0223202817142009,269.7497605033404
WS23_L1_T1_P_5_Tue_Mar__7_13_47_55_2023,0.014752656221389798,0.0223202817142009,269.7497605033404
WS23_L1_T1_P_5_Tue_Mar__7_13_47_55_2023,0.014752656221389798,0.0223202817142009,269.7497605033404
WS23_L1_T1_P_5_Tue_Mar__7_13_47_55_2023,0.014752656221389798,0.0223202817142009,269.7497605033404
WS23_L1_T1_P_5_Tue_Mar__7_13_47_55_2023,0.014752656221389798,0.0223202817142009,269.7497605033404
WS23_L1_T1_P_5_Tue_Mar__7_13_47_55_2023,0.014752656221389798,0.0223202817142009,269.7497605033404
WS23_L1_T1_P_5_Tue_Mar__7_13_47_55_2023,0.014752656221389798,0.0223202817142009,269.7497605033404
WS23_L1_T1_P_5_Tue_Mar__7_13_47_55_2023,0.014828488230705206,0.0764703303575515,269.7497605033404
WS23_L1_T1_P_5_Tue_Mar__7_13_47_55_2023,0.014828488230705206,0.0764703303575515,269.7497605033404
WS23_L1_T1_P_5_Tue_Mar__7_13_47_55_2023,0.014828488230705206,0.0764703303575515,269.7497605033404
WS23_L1_T1_P_5_Tue_Mar__7_13_47_55_2023,0.014828488230705206,0.0764703303575515,269.7497605033404
WS23_L1_T1_P_5_Tue_Mar__7_13_47_55_2023,0.014828488230705206,0.0764703303575515,269.7497605033404
WS23_L1_T1_P_5_Tue_Mar__7_13_47_55_2023,0.014828488230705206,0.0764703303575515,269.7497605033404
WS23_L1_T1_P_5_Tue_Mar__7_13_47_55_2023,0.014990508556365995,-0.1252349913120269,269.7497605033404
WS23_L1_T1_P_5_Tue_Mar__7_13_47_55_2023,0.014990508556365995,-0.1252349913120269,269.7497605033404
WS23_L1_T1_P_5_Tue_Mar__7_13_47_55_2023,0.014990508556365995,-0.1252349913120269,269.7497605033404
WS23_L1_T1_P_5_Tue_Mar__7_13_47_55_2023,0.014990508556365995,-0.1252349913120269,269.7497605033404
WS23_L1_T1_P_5_Tue_Mar__7_13_47_55_2023,0.014990508556365995,-0.1252349913120269,269.7497605033404
WS23_L1_T1_P_5_Tue_Mar__7_13_47_55_2023,0.014990508556365995,-0.1252349913120269,269.7497605033404
WS23_L1_T1_P_5_Tue_Mar__7_13_47_55_2023,0.014990508556365995,-0.1252349913120269,269.7497605033404
WS23_L1_T1_P_5_Tue_Mar__7_13_47_55_2023,0.015052720904350309,0.0549999959766864,269.7497605033404
WS23_L1_T1_P_5_Tue_Mar__7_13_47_55_2023,0.015052720904350309,0.0549999959766864,269.7497605033404
WS23_L1_T1_P_5_Tue_Mar__7_13_47_55_2023,0.015052720904350309,0.0549999959766864,269.7497605033404
WS23_L1_T1_P_5_Tue_Mar__7_13_47_55_2023,0.015052720904350309,0.0549999959766864,269.7497605033404
WS23_L1_T1_P_5_Tue_Mar__7_13_47_55_2023,0.015052720904350309,0.0549999959766864,269.7497605033404
WS23_L1_T1_P_5_Tue_Mar__7_13_47_55_2023,0.015052720904350309,0.0549999959766864,269.7497605033404
WS23_L1_T1_P_5_Tue_Mar__7_13_47_55_2023,0.015052720904350309,0.0549999959766864,269.7497605033404
WS23_L1_T1_P_5_Tue_Mar__7_13_47_55_2023,0.015100702643394498,0.0404458828270435,269.7497605033404
WS23_L1_T1_P_5_Tue_Mar__7_13_47_55_2023,0.015100702643394498,0.0404458828270435,269.7497605033404
WS23_L1_T1_P_5_Tue_Mar__7_13_47_55_2023,0.015100702643394498,0.0404458828270435,269.7497605033404
WS23_L1_T1_P_5_Tue_Mar__7_13_47_55_2023,0.015100702643394498,0.0404458828270435,269.7497605033404
WS23_L1_T1_P_5_Tue_Mar__7_13_47_55_2023,0.015100702643394498,0.0404458828270435,269.7497605033404
WS23_L1_T1_P_5_Tue_Mar__7_13_47_55_2023,0.015100702643394498,0.0404458828270435,269.7497605033404
WS23_L1_T1_P_5_Tue_Mar__7_13_47_55_2023,0.015100702643394498,0.0404458828270435,269.7497605033404
WS23_L1_T1_P_5_Tue_Mar__7_13_47_55_2023,0.015239477157592801,0.0672720223665237,269.7497605033404
WS23_L1_T1_P_5_Tue_Mar__7_13_47_55_2023,0.015239477157592801,0.0672720223665237,269.7497605033404
WS23_L1_T1_P_5_Tue_Mar__7_13_47_55_2023,0.015239477157592801,0.0672720223665237,269.7497605033404
WS23_L1_T1_P_5_Tue_Mar__7_13_47_55_2023,0.015239477157592801,0.0672720223665237,269.7497605033404
WS23_L1_T1_P_5_Tue_Mar__7_13_47_55_2023,0.015239477157592801,0.0672720223665237,269.7497605033404
WS23_L1_T1_P_5_Tue_Mar__7_13_47_55_2023,0.015239477157592801,0.0672720223665237,269.7497605033404
WS23_L1_T1_P_5_Tue_Mar__7_13_47_55_2023,0.015239477157592801,0.0672720223665237,269.7497605033404
WS23_L1_T1_P_5_Tue_Mar__7_13_47_55_2023,0.015239477157592801,0.0672720223665237,269.7497605033404
WS23_L1_T1_P_5_Tue_Mar__7_13_47_55_2023,0.015301734209060697,-0.0100642321631312,269.7497605033404
WS23_L1_T1_P_5_Tue_Mar__7_13_47_55_2023,0.015301734209060697,-0.0100642321631312,269.7497605033404
WS23_L1_T1_P_5_Tue_Mar__7_13_47_55_2023,0.015301734209060697,-0.0100642321631312,269.7497605033404
WS23_L1_T1_P_5_Tue_Mar__7_13_47_55_2023,0.015301734209060697,-0.0100642321631312,269.7497605033404
WS23_L1_T1_P_5_Tue_Mar__7_13_47_55_2023,0.015301734209060697,-0.0100642321631312,269.7497605033404
WS23_L1_T1_P_5_Tue_Mar__7_13_47_55_2023,0.015301734209060697,-0.0100642321631312,269.7497605033404
WS23_L1_T1_P_5_Tue_Mar__7_13_47_55_2023,0.015399694442748996,0.0943777188658714,269.7497605033404
WS23_L1_T1_P_5_Tue_Mar__7_13_47_55_2023,0.015399694442748996,0.0943777188658714,269.7497605033404
WS23_L1_T1_P_5_Tue_Mar__7_13_47_55_2023,0.015399694442748996,0.0943777188658714,269.7497605033404
WS23_L1_T1_P_5_Tue_Mar__7_13_47_55_2023,0.015399694442748996,0.0943777188658714,269.7497605033404
WS23_L1_T1_P_5_Tue_Mar__7_13_47_55_2023,0.015399694442748996,0.0943777188658714,269.7497605033404
WS23_L1_T1_P_5_Tue_Mar__7_13_47_55_2023,0.015399694442748996,0.0943777188658714,269.7497605033404
WS23_L1_T1_P_5_Tue_Mar__7_13_47_55_2023,0.0155275017023086,-0.0244297888129949,269.7497605033404
WS23_L1_T1_P_5_Tue_Mar__7_13_47_55_2023,0.0155275017023086,-0.0244297888129949,269.7497605033404
WS23_L1_T1_P_5_Tue_Mar__7_13_47_55_2023,0.0155275017023086,-0.0244297888129949,269.7497605033404
WS23_L1_T1_P_5_Tue_Mar__7_13_47_55_2023,0.0155275017023086,-0.0244297888129949,269.7497605033404
WS23_L1_T1_P_5_Tue_Mar__7_13_47_55_2023,0.0155275017023086,-0.0244297888129949,269.7497605033404
WS23_L1_T1_P_5_Tue_Mar__7_13_47_55_2023,0.0155275017023086,-0.0244297888129949,269.7497605033404
WS23_L1_T1_P_5_Tue_Mar__7_13_47_55_2023,0.01567880809307101,0.0254683941602706,269.7497605033404
WS23_L1_T1_P_5_Tue_Mar__7_13_47_55_2023,0.01567880809307101,0.0254683941602706,269.7497605033404
WS23_L1_T1_P_5_Tue_Mar__7_13_47_55_2023,0.01567880809307101,0.0254683941602706,269.7497605033404
WS23_L1_T1_P_5_Tue_Mar__7_13_47_55_2023,0.01567880809307101,0.0254683941602706,269.7497605033404
WS23_L1_T1_P_5_Tue_Mar__7_13_47_55_2023,0.01567880809307101,0.0254683941602706,269.7497605033404
WS23_L1_T1_P_5_Tue_Mar__7_13_47_55_2023,0.01567880809307101,0.0254683941602706,269.7497605033404
WS23_L1_T1_P_5_Tue_Mar__7_13_47_55_2023,0.01567880809307101,0.0254683941602706,269.7497605033404
WS23_L1_T1_P_5_Tue_Mar__7_13_47_55_2023,0.01567880809307101,0.0254683941602706,269.7497605033404
WS23_L1_T1_P_5_Tue_Mar__7_13_47_55_2023,0.015798136591911316,-0.1122448518872261,269.7497605033404
WS23_L1_T1_P_5_Tue_Mar__7_13_47_55_2023,0.015798136591911316,-0.1122448518872261,269.7497605033404
WS23_L1_T1_P_5_Tue_Mar__7_13_47_55_2023,0.015798136591911316,-0.1122448518872261,269.7497605033404
WS23_L1_T1_P_5_Tue_Mar__7_13_47_55_2023,0.015798136591911316,-0.1122448518872261,269.7497605033404
WS23_L1_T1_P_5_Tue_Mar__7_13_47_55_2023,0.015798136591911316,-0.1122448518872261,269.7497605033404
WS23_L1_T1_P_5_Tue_Mar__7_13_47_55_2023,0.015798136591911316,-0.1122448518872261,269.7497605033404
WS23_L1_T1_P_5_Tue_Mar__7_13_47_55_2023,0.01591312885284421,-0.0094997137784957,269.7497605033404
WS23_L1_T1_P_5_Tue_Mar__7_13_47_55_2023,0.01591312885284421,-0.0094997137784957,269.7497605033404
WS23_L1_T1_P_5_Tue_Mar__7_13_47_55_2023,0.01591312885284421,-0.0094997137784957,269.7497605033404
WS23_L1_T1_P_5_Tue_Mar__7_13_47_55_2023,0.01591312885284421,-0.0094997137784957,269.7497605033404
WS23_L1_T1_P_5_Tue_Mar__7_13_47_55_2023,0.01591312885284421,-0.0094997137784957,269.7497605033404
WS23_L1_T1_P_5_Tue_Mar__7_13_47_55_2023,0.01591312885284421,-0.0094997137784957,269.7497605033404
WS23_L1_T1_P_5_Tue_Mar__7_13_47_55_2023,0.016019687056541415,-0.1175422519445419,269.7497605033404
WS23_L1_T1_P_5_Tue_Mar__7_13_47_55_2023,0.016019687056541415,-0.1175422519445419,269.7497605033404
WS23_L1_T1_P_5_Tue_Mar__7_13_47_55_2023,0.016019687056541415,-0.1175422519445419,269.7497605033404
WS23_L1_T1_P_5_Tue_Mar__7_13_47_55_2023,0.016019687056541415,-0.1175422519445419,269.7497605033404
WS23_L1_T1_P_5_Tue_Mar__7_13_47_55_2023,0.016019687056541415,-0.1175422519445419,269.7497605033404
WS23_L1_T1_P_5_Tue_Mar__7_13_47_55_2023,0.016019687056541415,-0.1175422519445419,269.7497605033404
WS23_L1_T1_P_5_Tue_Mar__7_13_47_55_2023,0.01608271896839142,0.0397240780293941,269.7497605033404
WS23_L1_T1_P_5_Tue_Mar__7_13_47_55_2023,0.01608271896839142,0.0397240780293941,269.7497605033404
WS23_L1_T1_P_5_Tue_Mar__7_13_47_55_2023,0.01608271896839142,0.0397240780293941,269.7497605033404
WS23_L1_T1_P_5_Tue_Mar__7_13_47_55_2023,0.01608271896839142,0.0397240780293941,269.7497605033404
WS23_L1_T1_P_5_Tue_Mar__7_13_47_55_2023,0.01608271896839142,0.0397240780293941,269.7497605033404
WS23_L1_T1_P_5_Tue_Mar__7_13_47_55_2023,0.01608271896839142,0.0397240780293941,269.7497605033404
WS23_L1_T1_P_5_Tue_Mar__7_13_47_55_2023,0.01608271896839142,0.0397240780293941,269.7497605033404
WS23_L1_T1_P_5_Tue_Mar__7_13_47_55_2023,0.016114607453346197,0.0081472331658005,269.7497605033404
WS23_L1_T1_P_5_Tue_Mar__7_13_47_55_2023,0.016114607453346197,0.0081472331658005,269.7497605033404
WS23_L1_T1_P_5_Tue_Mar__7_13_47_55_2023,0.016114607453346197,0.0081472331658005,269.7497605033404
WS23_L1_T1_P_5_Tue_Mar__7_13_47_55_2023,0.016114607453346197,0.0081472331658005,269.7497605033404
WS23_L1_T1_P_5_Tue_Mar__7_13_47_55_2023,0.016114607453346197,0.0081472331658005,269.7497605033404
WS23_L1_T1_P_5_Tue_Mar__7_13_47_55_2023,0.016114607453346197,0.0081472331658005,269.7497605033404
WS23_L1_T1_P_5_Tue_Mar__7_13_47_55_2023,0.016217961907386808,0.0874185413122177,269.7497605033404
WS23_L1_T1_P_5_Tue_Mar__7_13_47_55_2023,0.016217961907386808,0.0874185413122177,269.7497605033404
WS23_L1_T1_P_5_Tue_Mar__7_13_47_55_2023,0.016217961907386808,0.0874185413122177,269.7497605033404
WS23_L1_T1_P_5_Tue_Mar__7_13_47_55_2023,0.016217961907386808,0.0874185413122177,269.7497605033404
WS23_L1_T1_P_5_Tue_Mar__7_13_47_55_2023,0.016217961907386808,0.0874185413122177,269.7497605033404
WS23_L1_T1_P_5_Tue_Mar__7_13_47_55_2023,0.016217961907386808,0.0874185413122177,269.7497605033404
WS23_L1_T1_P_5_Tue_Mar__7_13_47_55_2023,0.016362830996513394,0.0027109356597065,269.7497605033404
WS23_L1_T1_P_5_Tue_Mar__7_13_47_55_2023,0.016362830996513394,0.0027109356597065,269.7497605033404
WS23_L1_T1_P_5_Tue_Mar__7_13_47_55_2023,0.016362830996513394,0.0027109356597065,269.7497605033404
WS23_L1_T1_P_5_Tue_Mar__7_13_47_55_2023,0.016362830996513394,0.0027109356597065,269.7497605033404
WS23_L1_T1_P_5_Tue_Mar__7_13_47_55_2023,0.016362830996513394,0.0027109356597065,269.7497605033404
WS23_L1_T1_P_5_Tue_Mar__7_13_47_55_2023,0.016362830996513394,0.0027109356597065,269.7497605033404
WS23_L1_T1_P_5_Tue_Mar__7_13_47_55_2023,0.016396924853324918,0.0248356889933347,269.7497605033404
WS23_L1_T1_P_5_Tue_Mar__7_13_47_55_2023,0.016396924853324918,0.0248356889933347,269.7497605033404
WS23_L1_T1_P_5_Tue_Mar__7_13_47_55_2023,0.016396924853324918,0.0248356889933347,269.7497605033404
WS23_L1_T1_P_5_Tue_Mar__7_13_47_55_2023,0.016396924853324918,0.0248356889933347,269.7497605033404
WS23_L1_T1_P_5_Tue_Mar__7_13_47_55_2023,0.016396924853324918,0.0248356889933347,269.7497605033404
WS23_L1_T1_P_5_Tue_Mar__7_13_47_55_2023,0.016396924853324918,0.0248356889933347,269.7497605033404
WS23_L1_T1_P_5_Tue_Mar__7_13_47_55_2023,0.016448855400085394,0.1754276901483535,269.7497605033404
WS23_L1_T1_P_5_Tue_Mar__7_13_47_55_2023,0.016448855400085394,0.1754276901483535,269.7497605033404
WS23_L1_T1_P_5_Tue_Mar__7_13_47_55_2023,0.016448855400085394,0.1754276901483535,269.7497605033404
WS23_L1_T1_P_5_Tue_Mar__7_13_47_55_2023,0.016448855400085394,0.1754276901483535,269.7497605033404
WS23_L1_T1_P_5_Tue_Mar__7_13_47_55_2023,0.016448855400085394,0.1754276901483535,269.7497605033404
WS23_L1_T1_P_5_Tue_Mar__7_13_47_55_2023,0.016448855400085394,0.1754276901483535,269.7497605033404
WS23_L1_T1_P_5_Tue_Mar__7_13_47_55_2023,0.016448855400085394,0.1754276901483535,269.7497605033404
WS23_L1_T1_P_5_Tue_Mar__7_13_47_55_2023,0.0164723992347717,0.1701062321662902,269.7497605033404
WS23_L1_T1_P_5_Tue_Mar__7_13_47_55_2023,0.0164723992347717,0.1701062321662902,269.7497605033404
WS23_L1_T1_P_5_Tue_Mar__7_13_47_55_2023,0.0164723992347717,0.1701062321662902,269.7497605033404
WS23_L1_T1_P_5_Tue_Mar__7_13_47_55_2023,0.0164723992347717,0.1701062321662902,269.7497605033404
WS23_L1_T1_P_5_Tue_Mar__7_13_47_55_2023,0.0164723992347717,0.1701062321662902,269.7497605033404
WS23_L1_T1_P_5_Tue_Mar__7_13_47_55_2023,0.0164723992347717,0.1701062321662902,269.7497605033404
WS23_L1_T1_P_5_Tue_Mar__7_13_47_55_2023,0.0165563374757767,0.1496873497962951,269.7497605033404
WS23_L1_T1_P_5_Tue_Mar__7_13_47_55_2023,0.0165563374757767,0.1496873497962951,269.7497605033404
WS23_L1_T1_P_5_Tue_Mar__7_13_47_55_2023,0.0165563374757767,0.1496873497962951,269.7497605033404
WS23_L1_T1_P_5_Tue_Mar__7_13_47_55_2023,0.0165563374757767,0.1496873497962951,269.7497605033404
WS23_L1_T1_P_5_Tue_Mar__7_13_47_55_2023,0.0165563374757767,0.1496873497962951,269.7497605033404
WS23_L1_T1_P_5_Tue_Mar__7_13_47_55_2023,0.0165563374757767,0.1496873497962951,269.7497605033404
WS23_L1_T1_P_5_Tue_Mar__7_13_47_55_2023,0.016683325171470614,0.1155919805169105,269.7497605033404
WS23_L1_T1_P_5_Tue_Mar__7_13_47_55_2023,0.016683325171470614,0.1155919805169105,269.7497605033404
WS23_L1_T1_P_5_Tue_Mar__7_13_47_55_2023,0.016683325171470614,0.1155919805169105,269.7497605033404
WS23_L1_T1_P_5_Tue_Mar__7_13_47_55_2023,0.016683325171470614,0.1155919805169105,269.7497605033404
WS23_L1_T1_P_5_Tue_Mar__7_13_47_55_2023,0.016683325171470614,0.1155919805169105,269.7497605033404
WS23_L1_T1_P_5_Tue_Mar__7_13_47_55_2023,0.016683325171470614,0.1155919805169105,269.7497605033404
WS23_L1_T1_P_5_Tue_Mar__7_13_47_55_2023,0.016802087426185608,0.1037226691842079,269.7497605033404
WS23_L1_T1_P_5_Tue_Mar__7_13_47_55_2023,0.016802087426185608,0.1037226691842079,269.7497605033404
WS23_L1_T1_P_5_Tue_Mar__7_13_47_55_2023,0.016802087426185608,0.1037226691842079,269.7497605033404
WS23_L1_T1_P_5_Tue_Mar__7_13_47_55_2023,0.016802087426185608,0.1037226691842079,269.7497605033404
WS23_L1_T1_P_5_Tue_Mar__7_13_47_55_2023,0.016802087426185608,0.1037226691842079,269.7497605033404
WS23_L1_T1_P_5_Tue_Mar__7_13_47_55_2023,0.016802087426185608,0.1037226691842079,269.7497605033404
WS23_L1_T1_P_5_Tue_Mar__7_13_47_55_2023,0.016802087426185608,0.1037226691842079,269.7497605033404
WS23_L1_T1_P_5_Tue_Mar__7_13_47_55_2023,0.016938447952270508,0.0465278476476669,269.7497605033404
WS23_L1_T1_P_5_Tue_Mar__7_13_47_55_2023,0.016938447952270508,0.0465278476476669,269.7497605033404
WS23_L1_T1_P_5_Tue_Mar__7_13_47_55_2023,0.016938447952270508,0.0465278476476669,269.7497605033404
WS23_L1_T1_P_5_Tue_Mar__7_13_47_55_2023,0.016938447952270508,0.0465278476476669,269.7497605033404
WS23_L1_T1_P_5_Tue_Mar__7_13_47_55_2023,0.016938447952270508,0.0465278476476669,269.7497605033404
WS23_L1_T1_P_5_Tue_Mar__7_13_47_55_2023,0.016938447952270508,0.0465278476476669,269.7497605033404
WS23_L1_T1_P_5_Tue_Mar__7_13_47_55_2023,0.017027243971824618,0.0981237217783927,269.7497605033404
WS23_L1_T1_P_5_Tue_Mar__7_13_47_55_2023,0.017027243971824618,0.0981237217783927,269.7497605033404
WS23_L1_T1_P_5_Tue_Mar__7_13_47_55_2023,0.017027243971824618,0.0981237217783927,269.7497605033404
WS23_L1_T1_P_5_Tue_Mar__7_13_47_55_2023,0.017027243971824618,0.0981237217783927,269.7497605033404
WS23_L1_T1_P_5_Tue_Mar__7_13_47_55_2023,0.017027243971824618,0.0981237217783927,269.7497605033404
WS23_L1_T1_P_5_Tue_Mar__7_13_47_55_2023,0.017027243971824618,0.0981237217783927,269.7497605033404
WS23_L1_T1_P_5_Tue_Mar__7_13_47_55_2023,0.017141357064247104,0.0637455210089683,269.7497605033404
WS23_L1_T1_P_5_Tue_Mar__7_13_47_55_2023,0.017141357064247104,0.0637455210089683,269.7497605033404
WS23_L1_T1_P_5_Tue_Mar__7_13_47_55_2023,0.017141357064247104,0.0637455210089683,269.7497605033404
WS23_L1_T1_P_5_Tue_Mar__7_13_47_55_2023,0.017141357064247104,0.0637455210089683,269.7497605033404
WS23_L1_T1_P_5_Tue_Mar__7_13_47_55_2023,0.017141357064247104,0.0637455210089683,269.7497605033404
WS23_L1_T1_P_5_Tue_Mar__7_13_47_55_2023,0.017141357064247104,0.0637455210089683,269.7497605033404
WS23_L1_T1_P_5_Tue_Mar__7_13_47_55_2023,0.017141357064247104,0.0637455210089683,269.7497605033404
WS23_L1_T1_P_5_Tue_Mar__7_13_47_55_2023,0.017141357064247104,0.0637455210089683,269.7497605033404
WS23_L1_T1_P_5_Tue_Mar__7_13_47_55_2023,0.017252311110496493,0.051269207149744,269.7497605033404
WS23_L1_T1_P_5_Tue_Mar__7_13_47_55_2023,0.017252311110496493,0.051269207149744,269.7497605033404
WS23_L1_T1_P_5_Tue_Mar__7_13_47_55_2023,0.017252311110496493,0.051269207149744,269.7497605033404
WS23_L1_T1_P_5_Tue_Mar__7_13_47_55_2023,0.017252311110496493,0.051269207149744,269.7497605033404
WS23_L1_T1_P_5_Tue_Mar__7_13_47_55_2023,0.017252311110496493,0.051269207149744,269.7497605033404
WS23_L1_T1_P_5_Tue_Mar__7_13_47_55_2023,0.017252311110496493,0.051269207149744,269.7497605033404
WS23_L1_T1_P_5_Tue_Mar__7_13_47_55_2023,0.017252311110496493,0.051269207149744,269.7497605033404
WS23_L1_T1_P_5_Tue_Mar__7_13_47_55_2023,0.017374470829963712,0.0301481299102306,269.7497605033404
WS23_L1_T1_P_5_Tue_Mar__7_13_47_55_2023,0.017374470829963712,0.0301481299102306,269.7497605033404
WS23_L1_T1_P_5_Tue_Mar__7_13_47_55_2023,0.017374470829963712,0.0301481299102306,269.7497605033404
WS23_L1_T1_P_5_Tue_Mar__7_13_47_55_2023,0.017374470829963712,0.0301481299102306,269.7497605033404
WS23_L1_T1_P_5_Tue_Mar__7_13_47_55_2023,0.017374470829963712,0.0301481299102306,269.7497605033404
WS23_L1_T1_P_5_Tue_Mar__7_13_47_55_2023,0.017474308609962408,0.1670663952827453,269.7497605033404
WS23_L1_T1_P_5_Tue_Mar__7_13_47_55_2023,0.017474308609962408,0.1670663952827453,269.7497605033404
WS23_L1_T1_P_5_Tue_Mar__7_13_47_55_2023,0.017474308609962408,0.1670663952827453,269.7497605033404
WS23_L1_T1_P_5_Tue_Mar__7_13_47_55_2023,0.017474308609962408,0.1670663952827453,269.7497605033404
WS23_L1_T1_P_5_Tue_Mar__7_13_47_55_2023,0.017474308609962408,0.1670663952827453,269.7497605033404
WS23_L1_T1_P_5_Tue_Mar__7_13_47_55_2023,0.017474308609962408,0.1670663952827453,269.7497605033404
WS23_L1_T1_P_5_Tue_Mar__7_13_47_55_2023,0.017474308609962408,0.1670663952827453,269.7497605033404
WS23_L1_T1_P_5_Tue_Mar__7_13_47_55_2023,0.01754032075405121,0.1647771894931793,269.7497605033404
WS23_L1_T1_P_5_Tue_Mar__7_13_47_55_2023,0.01754032075405121,0.1647771894931793,269.7497605033404
WS23_L1_T1_P_5_Tue_Mar__7_13_47_55_2023,0.01754032075405121,0.1647771894931793,269.7497605033404
WS23_L1_T1_P_5_Tue_Mar__7_13_47_55_2023,0.01754032075405121,0.1647771894931793,269.7497605033404
WS23_L1_T1_P_5_Tue_Mar__7_13_47_55_2023,0.01754032075405121,0.1647771894931793,269.7497605033404
WS23_L1_T1_P_5_Tue_Mar__7_13_47_55_2023,0.01754032075405121,0.1647771894931793,269.7497605033404
WS23_L1_T1_P_5_Tue_Mar__7_13_47_55_2023,0.017632439732551602,0.1820219606161117,269.7497605033404
WS23_L1_T1_P_5_Tue_Mar__7_13_47_55_2023,0.017632439732551602,0.1820219606161117,269.7497605033404
WS23_L1_T1_P_5_Tue_Mar__7_13_47_55_2023,0.017632439732551602,0.1820219606161117,269.7497605033404
WS23_L1_T1_P_5_Tue_Mar__7_13_47_55_2023,0.017632439732551602,0.1820219606161117,269.7497605033404
WS23_L1_T1_P_5_Tue_Mar__7_13_47_55_2023,0.017632439732551602,0.1820219606161117,269.7497605033404
WS23_L1_T1_P_5_Tue_Mar__7_13_47_55_2023,0.01774352788925171,0.1603268384933471,269.7497605033404
WS23_L1_T1_P_5_Tue_Mar__7_13_47_55_2023,0.01774352788925171,0.1603268384933471,269.7497605033404
WS23_L1_T1_P_5_Tue_Mar__7_13_47_55_2023,0.01774352788925171,0.1603268384933471,269.7497605033404
WS23_L1_T1_P_5_Tue_Mar__7_13_47_55_2023,0.01774352788925171,0.1603268384933471,269.7497605033404
WS23_L1_T1_P_5_Tue_Mar__7_13_47_55_2023,0.01774352788925171,0.1603268384933471,269.7497605033404
WS23_L1_T1_P_5_Tue_Mar__7_13_47_55_2023,0.01774352788925171,0.1603268384933471,269.7497605033404
WS23_L1_T1_P_5_Tue_Mar__7_13_47_55_2023,0.01774352788925171,0.1603268384933471,269.7497605033404
WS23_L1_T1_P_5_Tue_Mar__7_13_47_55_2023,0.017912045121192904,0.132258266210556,269.7497605033404
WS23_L1_T1_P_5_Tue_Mar__7_13_47_55_2023,0.017912045121192904,0.132258266210556,269.7497605033404
WS23_L1_T1_P_5_Tue_Mar__7_13_47_55_2023,0.017912045121192904,0.132258266210556,269.7497605033404
WS23_L1_T1_P_5_Tue_Mar__7_13_47_55_2023,0.017912045121192904,0.132258266210556,269.7497605033404
WS23_L1_T1_P_5_Tue_Mar__7_13_47_55_2023,0.017912045121192904,0.132258266210556,269.7497605033404
WS23_L1_T1_P_5_Tue_Mar__7_13_47_55_2023,0.017912045121192904,0.132258266210556,269.7497605033404
WS23_L1_T1_P_5_Tue_Mar__7_13_47_55_2023,0.018020644783973694,0.0634906664490699,269.7497605033404
WS23_L1_T1_P_5_Tue_Mar__7_13_47_55_2023,0.018020644783973694,0.0634906664490699,269.7497605033404
WS23_L1_T1_P_5_Tue_Mar__7_13_47_55_2023,0.018020644783973694,0.0634906664490699,269.7497605033404
WS23_L1_T1_P_5_Tue_Mar__7_13_47_55_2023,0.018020644783973694,0.0634906664490699,269.7497605033404
WS23_L1_T1_P_5_Tue_Mar__7_13_47_55_2023,0.018020644783973694,0.0634906664490699,269.7497605033404
WS23_L1_T1_P_5_Tue_Mar__7_13_47_55_2023,0.018020644783973694,0.0634906664490699,269.7497605033404
WS23_L1_T1_P_5_Tue_Mar__7_13_47_55_2023,0.018020644783973694,0.0634906664490699,269.7497605033404
WS23_L1_T1_P_5_Tue_Mar__7_13_47_55_2023,0.018156513571739197,0.048454426229,269.7497605033404
WS23_L1_T1_P_5_Tue_Mar__7_13_47_55_2023,0.018156513571739197,0.048454426229,269.7497605033404
WS23_L1_T1_P_5_Tue_Mar__7_13_47_55_2023,0.018156513571739197,0.048454426229,269.7497605033404
WS23_L1_T1_P_5_Tue_Mar__7_13_47_55_2023,0.018156513571739197,0.048454426229,269.7497605033404
WS23_L1_T1_P_5_Tue_Mar__7_13_47_55_2023,0.018156513571739197,0.048454426229,269.7497605033404
WS23_L1_T1_P_5_Tue_Mar__7_13_47_55_2023,0.018156513571739197,0.048454426229,269.7497605033404
WS23_L1_T1_P_5_Tue_Mar__7_13_47_55_2023,0.0182525962591171,-0.0798278823494911,269.7497605033404
WS23_L1_T1_P_5_Tue_Mar__7_13_47_55_2023,0.0182525962591171,-0.0798278823494911,269.7497605033404
WS23_L1_T1_P_5_Tue_Mar__7_13_47_55_2023,0.0182525962591171,-0.0798278823494911,269.7497605033404
WS23_L1_T1_P_5_Tue_Mar__7_13_47_55_2023,0.0182525962591171,-0.0798278823494911,269.7497605033404
WS23_L1_T1_P_5_Tue_Mar__7_13_47_55_2023,0.0182525962591171,-0.0798278823494911,269.7497605033404
WS23_L1_T1_P_5_Tue_Mar__7_13_47_55_2023,0.0182525962591171,-0.0798278823494911,269.7497605033404
WS23_L1_T1_P_5_Tue_Mar__7_13_47_55_2023,0.0182525962591171,-0.0798278823494911,269.7497605033404
WS23_L1_T1_P_5_Tue_Mar__7_13_47_55_2023,0.018372952938079806,-0.0074151568114757,269.7497605033404
WS23_L1_T1_P_5_Tue_Mar__7_13_47_55_2023,0.018372952938079806,-0.0074151568114757,269.7497605033404
WS23_L1_T1_P_5_Tue_Mar__7_13_47_55_2023,0.018372952938079806,-0.0074151568114757,269.7497605033404
WS23_L1_T1_P_5_Tue_Mar__7_13_47_55_2023,0.018372952938079806,-0.0074151568114757,269.7497605033404
WS23_L1_T1_P_5_Tue_Mar__7_13_47_55_2023,0.018372952938079806,-0.0074151568114757,269.7497605033404
WS23_L1_T1_P_5_Tue_Mar__7_13_47_55_2023,0.018467217683792114,-0.0454129129648208,269.7497605033404
WS23_L1_T1_P_5_Tue_Mar__7_13_47_55_2023,0.018467217683792114,-0.0454129129648208,269.7497605033404
WS23_L1_T1_P_5_Tue_Mar__7_13_47_55_2023,0.018467217683792114,-0.0454129129648208,269.7497605033404
WS23_L1_T1_P_5_Tue_Mar__7_13_47_55_2023,0.018467217683792114,-0.0454129129648208,269.7497605033404
WS23_L1_T1_P_5_Tue_Mar__7_13_47_55_2023,0.018467217683792114,-0.0454129129648208,269.7497605033404
WS23_L1_T1_P_5_Tue_Mar__7_13_47_55_2023,0.018467217683792114,-0.0454129129648208,269.7497605033404
WS23_L1_T1_P_5_Tue_Mar__7_13_47_55_2023,0.018467217683792114,-0.0454129129648208,269.7497605033404
WS23_L1_T1_P_5_Tue_Mar__7_13_47_55_2023,0.018467217683792114,-0.0454129129648208,269.7497605033404
WS23_L1_T1_P_5_Tue_Mar__7_13_47_55_2023,0.01850906014442441,-0.0067081041634082,269.7497605033404
WS23_L1_T1_P_5_Tue_Mar__7_13_47_55_2023,0.01850906014442441,-0.0067081041634082,269.7497605033404
WS23_L1_T1_P_5_Tue_Mar__7_13_47_55_2023,0.01850906014442441,-0.0067081041634082,269.7497605033404
WS23_L1_T1_P_5_Tue_Mar__7_13_47_55_2023,0.01850906014442441,-0.0067081041634082,269.7497605033404
WS23_L1_T1_P_5_Tue_Mar__7_13_47_55_2023,0.01850906014442441,-0.0067081041634082,269.7497605033404
WS23_L1_T1_P_5_Tue_Mar__7_13_47_55_2023,0.01850906014442441,-0.0067081041634082,269.7497605033404
WS23_L1_T1_P_5_Tue_Mar__7_13_47_55_2023,0.01850906014442441,-0.0067081041634082,269.7497605033404
WS23_L1_T1_P_5_Tue_Mar__7_13_47_55_2023,0.018572568893432617,0.078228622674942,269.7497605033404
WS23_L1_T1_P_5_Tue_Mar__7_13_47_55_2023,0.018572568893432617,0.078228622674942,269.7497605033404
WS23_L1_T1_P_5_Tue_Mar__7_13_47_55_2023,0.018572568893432617,0.078228622674942,269.7497605033404
WS23_L1_T1_P_5_Tue_Mar__7_13_47_55_2023,0.018572568893432617,0.078228622674942,269.7497605033404
WS23_L1_T1_P_5_Tue_Mar__7_13_47_55_2023,0.018572568893432617,0.078228622674942,269.7497605033404
WS23_L1_T1_P_5_Tue_Mar__7_13_47_55_2023,0.018572568893432617,0.078228622674942,269.7497605033404
WS23_L1_T1_P_5_Tue_Mar__7_13_47_55_2023,0.018572568893432617,0.078228622674942,269.7497605033404
WS23_L1_T1_P_5_Tue_Mar__7_13_47_55_2023,0.018727704882621793,0.0751868039369583,269.7497605033404
WS23_L1_T1_P_5_Tue_Mar__7_13_47_55_2023,0.018727704882621793,0.0751868039369583,269.7497605033404
WS23_L1_T1_P_5_Tue_Mar__7_13_47_55_2023,0.018727704882621793,0.0751868039369583,269.7497605033404
WS23_L1_T1_P_5_Tue_Mar__7_13_47_55_2023,0.018727704882621793,0.0751868039369583,269.7497605033404
WS23_L1_T1_P_5_Tue_Mar__7_13_47_55_2023,0.018727704882621793,0.0751868039369583,269.7497605033404
WS23_L1_T1_P_5_Tue_Mar__7_13_47_55_2023,0.018727704882621793,0.0751868039369583,269.7497605033404
WS23_L1_T1_P_5_Tue_Mar__7_13_47_55_2023,0.018771573901176397,0.0686690956354141,269.7497605033404
WS23_L1_T1_P_5_Tue_Mar__7_13_47_55_2023,0.018771573901176397,0.0686690956354141,269.7497605033404
WS23_L1_T1_P_5_Tue_Mar__7_13_47_55_2023,0.018771573901176397,0.0686690956354141,269.7497605033404
WS23_L1_T1_P_5_Tue_Mar__7_13_47_55_2023,0.018771573901176397,0.0686690956354141,269.7497605033404
WS23_L1_T1_P_5_Tue_Mar__7_13_47_55_2023,0.018771573901176397,0.0686690956354141,269.7497605033404
WS23_L1_T1_P_5_Tue_Mar__7_13_47_55_2023,0.018771573901176397,0.0686690956354141,269.7497605033404
WS23_L1_T1_P_5_Tue_Mar__7_13_47_55_2023,0.018842414021492004,0.0509641133248806,269.7497605033404
WS23_L1_T1_P_5_Tue_Mar__7_13_47_55_2023,0.018842414021492004,0.0509641133248806,269.7497605033404
WS23_L1_T1_P_5_Tue_Mar__7_13_47_55_2023,0.018842414021492004,0.0509641133248806,269.7497605033404
WS23_L1_T1_P_5_Tue_Mar__7_13_47_55_2023,0.018842414021492004,0.0509641133248806,269.7497605033404
WS23_L1_T1_P_5_Tue_Mar__7_13_47_55_2023,0.018842414021492004,0.0509641133248806,269.7497605033404
WS23_L1_T1_P_5_Tue_Mar__7_13_47_55_2023,0.018842414021492004,0.0509641133248806,269.7497605033404
WS23_L1_T1_P_5_Tue_Mar__7_13_47_55_2023,0.018842414021492004,0.0509641133248806,269.7497605033404
WS23_L1_T1_P_5_Tue_Mar__7_13_47_55_2023,0.018875211477279608,0.1462255120277404,269.7497605033404
WS23_L1_T1_P_5_Tue_Mar__7_13_47_55_2023,0.018875211477279608,0.1462255120277404,269.7497605033404
WS23_L1_T1_P_5_Tue_Mar__7_13_47_55_2023,0.018875211477279608,0.1462255120277404,269.7497605033404
WS23_L1_T1_P_5_Tue_Mar__7_13_47_55_2023,0.018875211477279608,0.1462255120277404,269.7497605033404
WS23_L1_T1_P_5_Tue_Mar__7_13_47_55_2023,0.018875211477279608,0.1462255120277404,269.7497605033404
WS23_L1_T1_P_5_Tue_Mar__7_13_47_55_2023,0.018875211477279608,0.1462255120277404,269.7497605033404
WS23_L1_T1_P_5_Tue_Mar__7_13_47_55_2023,0.018875211477279608,0.1462255120277404,269.7497605033404
WS23_L1_T1_P_5_Tue_Mar__7_13_47_55_2023,0.0189693421125412,0.1336825340986251,269.7497605033404
WS23_L1_T1_P_5_Tue_Mar__7_13_47_55_2023,0.0189693421125412,0.1336825340986251,269.7497605033404
WS23_L1_T1_P_5_Tue_Mar__7_13_47_55_2023,0.0189693421125412,0.1336825340986251,269.7497605033404
WS23_L1_T1_P_5_Tue_Mar__7_13_47_55_2023,0.0189693421125412,0.1336825340986251,269.7497605033404
WS23_L1_T1_P_5_Tue_Mar__7_13_47_55_2023,0.0189693421125412,0.1336825340986251,269.7497605033404
WS23_L1_T1_P_5_Tue_Mar__7_13_47_55_2023,0.0189693421125412,0.1336825340986251,269.7497605033404
WS23_L1_T1_P_5_Tue_Mar__7_13_47_55_2023,0.0189693421125412,0.1336825340986251,269.7497605033404
WS23_L1_T1_P_5_Tue_Mar__7_13_47_55_2023,0.0189693421125412,0.1336825340986251,269.7497605033404
WS23_L1_T1_P_5_Tue_Mar__7_13_47_55_2023,0.01907823979854581,0.1243816688656807,269.7497605033404
WS23_L1_T1_P_5_Tue_Mar__7_13_47_55_2023,0.01907823979854581,0.1243816688656807,269.7497605033404
WS23_L1_T1_P_5_Tue_Mar__7_13_47_55_2023,0.01907823979854581,0.1243816688656807,269.7497605033404
WS23_L1_T1_P_5_Tue_Mar__7_13_47_55_2023,0.01907823979854581,0.1243816688656807,269.7497605033404
WS23_L1_T1_P_5_Tue_Mar__7_13_47_55_2023,0.01907823979854581,0.1243816688656807,269.7497605033404
WS23_L1_T1_P_5_Tue_Mar__7_13_47_55_2023,0.01907823979854581,0.1243816688656807,269.7497605033404
WS23_L1_T1_P_5_Tue_Mar__7_13_47_55_2023,0.01907823979854581,0.1243816688656807,269.7497605033404
WS23_L1_T1_P_5_Tue_Mar__7_13_47_55_2023,0.019119605422019903,0.3317534029483795,269.7497605033404
WS23_L1_T1_P_5_Tue_Mar__7_13_47_55_2023,0.019119605422019903,0.3317534029483795,269.7497605033404
WS23_L1_T1_P_5_Tue_Mar__7_13_47_55_2023,0.019119605422019903,0.3317534029483795,269.7497605033404
WS23_L1_T1_P_5_Tue_Mar__7_13_47_55_2023,0.019119605422019903,0.3317534029483795,269.7497605033404
WS23_L1_T1_P_5_Tue_Mar__7_13_47_55_2023,0.019119605422019903,0.3317534029483795,269.7497605033404
WS23_L1_T1_P_5_Tue_Mar__7_13_47_55_2023,0.019119605422019903,0.3317534029483795,269.7497605033404
WS23_L1_T1_P_5_Tue_Mar__7_13_47_55_2023,0.019119605422019903,0.3317534029483795,269.7497605033404
WS23_L1_T1_P_5_Tue_Mar__7_13_47_55_2023,0.019185215234756497,0.2349677085876464,269.7497605033404
WS23_L1_T1_P_5_Tue_Mar__7_13_47_55_2023,0.019185215234756497,0.2349677085876464,269.7497605033404
WS23_L1_T1_P_5_Tue_Mar__7_13_47_55_2023,0.019185215234756497,0.2349677085876464,269.7497605033404
WS23_L1_T1_P_5_Tue_Mar__7_13_47_55_2023,0.019185215234756497,0.2349677085876464,269.7497605033404
WS23_L1_T1_P_5_Tue_Mar__7_13_47_55_2023,0.019185215234756497,0.2349677085876464,269.7497605033404
WS23_L1_T1_P_5_Tue_Mar__7_13_47_55_2023,0.019185215234756497,0.2349677085876464,269.7497605033404
WS23_L1_T1_P_5_Tue_Mar__7_13_47_55_2023,0.0192389786243439,0.3634325265884399,269.7497605033404
WS23_L1_T1_P_5_Tue_Mar__7_13_47_55_2023,0.0192389786243439,0.3634325265884399,269.7497605033404
WS23_L1_T1_P_5_Tue_Mar__7_13_47_55_2023,0.0192389786243439,0.3634325265884399,269.7497605033404
WS23_L1_T1_P_5_Tue_Mar__7_13_47_55_2023,0.0192389786243439,0.3634325265884399,269.7497605033404
WS23_L1_T1_P_5_Tue_Mar__7_13_47_55_2023,0.0192389786243439,0.3634325265884399,269.7497605033404
WS23_L1_T1_P_5_Tue_Mar__7_13_47_55_2023,0.0192389786243439,0.3634325265884399,269.7497605033404
WS23_L1_T1_P_5_Tue_Mar__7_13_47_55_2023,0.0192389786243439,0.3634325265884399,269.7497605033404
WS23_L1_T1_P_5_Tue_Mar__7_13_47_55_2023,0.019336611032485906,0.2955620586872101,269.7497605033404
WS23_L1_T1_P_5_Tue_Mar__7_13_47_55_2023,0.019336611032485906,0.2955620586872101,269.7497605033404
WS23_L1_T1_P_5_Tue_Mar__7_13_47_55_2023,0.019336611032485906,0.2955620586872101,269.7497605033404
WS23_L1_T1_P_5_Tue_Mar__7_13_47_55_2023,0.019336611032485906,0.2955620586872101,269.7497605033404
WS23_L1_T1_P_5_Tue_Mar__7_13_47_55_2023,0.019336611032485906,0.2955620586872101,269.7497605033404
WS23_L1_T1_P_5_Tue_Mar__7_13_47_55_2023,0.019336611032485906,0.2955620586872101,269.7497605033404
WS23_L1_T1_P_5_Tue_Mar__7_13_47_55_2023,0.019437879323959295,0.2449915111064911,269.7497605033404
WS23_L1_T1_P_5_Tue_Mar__7_13_47_55_2023,0.019437879323959295,0.2449915111064911,269.7497605033404
WS23_L1_T1_P_5_Tue_Mar__7_13_47_55_2023,0.019437879323959295,0.2449915111064911,269.7497605033404
WS23_L1_T1_P_5_Tue_Mar__7_13_47_55_2023,0.019437879323959295,0.2449915111064911,269.7497605033404
WS23_L1_T1_P_5_Tue_Mar__7_13_47_55_2023,0.019533038139343206,0.2681917548179626,269.7497605033404
WS23_L1_T1_P_5_Tue_Mar__7_13_47_55_2023,0.019533038139343206,0.2681917548179626,269.7497605033404
WS23_L1_T1_P_5_Tue_Mar__7_13_47_55_2023,0.019533038139343206,0.2681917548179626,269.7497605033404
WS23_L1_T1_P_5_Tue_Mar__7_13_47_55_2023,0.019533038139343206,0.2681917548179626,269.7497605033404
WS23_L1_T1_P_5_Tue_Mar__7_13_47_55_2023,0.019533038139343206,0.2681917548179626,269.7497605033404
WS23_L1_T1_P_5_Tue_Mar__7_13_47_55_2023,0.019533038139343206,0.2681917548179626,269.7497605033404
WS23_L1_T1_P_5_Tue_Mar__7_13_47_55_2023,0.019533038139343206,0.2681917548179626,269.7497605033404
WS23_L1_T1_P_5_Tue_Mar__7_13_47_55_2023,0.019566610455513,0.3354996144771576,269.7497605033404
WS23_L1_T1_P_5_Tue_Mar__7_13_47_55_2023,0.019566610455513,0.3354996144771576,269.7497605033404
WS23_L1_T1_P_5_Tue_Mar__7_13_47_55_2023,0.019566610455513,0.3354996144771576,269.7497605033404
WS23_L1_T1_P_5_Tue_Mar__7_13_47_55_2023,0.019566610455513,0.3354996144771576,269.7497605033404
WS23_L1_T1_P_5_Tue_Mar__7_13_47_55_2023,0.019566610455513,0.3354996144771576,269.7497605033404
WS23_L1_T1_P_5_Tue_Mar__7_13_47_55_2023,0.019566610455513,0.3354996144771576,269.7497605033404
WS23_L1_T1_P_5_Tue_Mar__7_13_47_55_2023,0.019566610455513,0.3354996144771576,269.7497605033404
WS23_L1_T1_P_5_Tue_Mar__7_13_47_55_2023,0.019749939441680908,0.2310344278812408,269.7497605033404
WS23_L1_T1_P_5_Tue_Mar__7_13_47_55_2023,0.019749939441680908,0.2310344278812408,269.7497605033404
WS23_L1_T1_P_5_Tue_Mar__7_13_47_55_2023,0.019749939441680908,0.2310344278812408,269.7497605033404
WS23_L1_T1_P_5_Tue_Mar__7_13_47_55_2023,0.019749939441680908,0.2310344278812408,269.7497605033404
WS23_L1_T1_P_5_Tue_Mar__7_13_47_55_2023,0.019749939441680908,0.2310344278812408,269.7497605033404
WS23_L1_T1_P_5_Tue_Mar__7_13_47_55_2023,0.019749939441680908,0.2310344278812408,269.7497605033404
WS23_L1_T1_P_5_Tue_Mar__7_13_47_55_2023,0.019863456487655612,0.3442689776420593,269.7497605033404
WS23_L1_T1_P_5_Tue_Mar__7_13_47_55_2023,0.019863456487655612,0.3442689776420593,269.7497605033404
WS23_L1_T1_P_5_Tue_Mar__7_13_47_55_2023,0.019863456487655612,0.3442689776420593,269.7497605033404
WS23_L1_T1_P_5_Tue_Mar__7_13_47_55_2023,0.019863456487655612,0.3442689776420593,269.7497605033404
WS23_L1_T1_P_5_Tue_Mar__7_13_47_55_2023,0.019863456487655612,0.3442689776420593,269.7497605033404
WS23_L1_T1_P_5_Tue_Mar__7_13_47_55_2023,0.019863456487655612,0.3442689776420593,269.7497605033404
WS23_L1_T1_P_5_Tue_Mar__7_13_47_55_2023,0.019863456487655612,0.3442689776420593,269.7497605033404
WS23_L1_T1_P_5_Tue_Mar__7_13_47_55_2023,0.0199313014745712,0.3690720498561859,269.7497605033404
WS23_L1_T1_P_5_Tue_Mar__7_13_47_55_2023,0.0199313014745712,0.3690720498561859,269.7497605033404
WS23_L1_T1_P_5_Tue_Mar__7_13_47_55_2023,0.0199313014745712,0.3690720498561859,269.7497605033404
WS23_L1_T1_P_5_Tue_Mar__7_13_47_55_2023,0.0199313014745712,0.3690720498561859,269.7497605033404
WS23_L1_T1_P_5_Tue_Mar__7_13_47_55_2023,0.0199313014745712,0.3690720498561859,269.7497605033404
WS23_L1_T1_P_5_Tue_Mar__7_13_47_55_2023,0.0199313014745712,0.3690720498561859,269.7497605033404
WS23_L1_T1_P_5_Tue_Mar__7_13_47_55_2023,0.0199313014745712,0.3690720498561859,269.7497605033404
WS23_L1_T1_P_5_Tue_Mar__7_13_47_55_2023,0.0200622230768204,0.3177184164524078,269.7497605033404
WS23_L1_T1_P_5_Tue_Mar__7_13_47_55_2023,0.0200622230768204,0.3177184164524078,269.7497605033404
WS23_L1_T1_P_5_Tue_Mar__7_13_47_55_2023,0.0200622230768204,0.3177184164524078,269.7497605033404
WS23_L1_T1_P_5_Tue_Mar__7_13_47_55_2023,0.0200622230768204,0.3177184164524078,269.7497605033404
WS23_L1_T1_P_5_Tue_Mar__7_13_47_55_2023,0.0200622230768204,0.3177184164524078,269.7497605033404
WS23_L1_T1_P_5_Tue_Mar__7_13_47_55_2023,0.02016742527484891,0.3512090146541595,269.7497605033404
WS23_L1_T1_P_5_Tue_Mar__7_13_47_55_2023,0.02016742527484891,0.3512090146541595,269.7497605033404
WS23_L1_T1_P_5_Tue_Mar__7_13_47_55_2023,0.02016742527484891,0.3512090146541595,269.7497605033404
WS23_L1_T1_P_5_Tue_Mar__7_13_47_55_2023,0.02016742527484891,0.3512090146541595,269.7497605033404
WS23_L1_T1_P_5_Tue_Mar__7_13_47_55_2023,0.02016742527484891,0.3512090146541595,269.7497605033404
WS23_L1_T1_P_5_Tue_Mar__7_13_47_55_2023,0.02016742527484891,0.3512090146541595,269.7497605033404
WS23_L1_T1_P_5_Tue_Mar__7_13_47_55_2023,0.020236387848854093,0.3639377057552337,269.7497605033404
WS23_L1_T1_P_5_Tue_Mar__7_13_47_55_2023,0.020236387848854093,0.3639377057552337,269.7497605033404
WS23_L1_T1_P_5_Tue_Mar__7_13_47_55_2023,0.020236387848854093,0.3639377057552337,269.7497605033404
WS23_L1_T1_P_5_Tue_Mar__7_13_47_55_2023,0.020236387848854093,0.3639377057552337,269.7497605033404
WS23_L1_T1_P_5_Tue_Mar__7_13_47_55_2023,0.020236387848854093,0.3639377057552337,269.7497605033404
WS23_L1_T1_P_5_Tue_Mar__7_13_47_55_2023,0.020236387848854093,0.3639377057552337,269.7497605033404
WS23_L1_T1_P_5_Tue_Mar__7_13_47_55_2023,0.020236387848854093,0.3639377057552337,269.7497605033404
WS23_L1_T1_P_5_Tue_Mar__7_13_47_55_2023,0.0202962309122085,0.3039338290691376,269.7497605033404
WS23_L1_T1_P_5_Tue_Mar__7_13_47_55_2023,0.0202962309122085,0.3039338290691376,269.7497605033404
WS23_L1_T1_P_5_Tue_Mar__7_13_47_55_2023,0.0202962309122085,0.3039338290691376,269.7497605033404
WS23_L1_T1_P_5_Tue_Mar__7_13_47_55_2023,0.0202962309122085,0.3039338290691376,269.7497605033404
WS23_L1_T1_P_5_Tue_Mar__7_13_47_55_2023,0.0202962309122085,0.3039338290691376,269.7497605033404
WS23_L1_T1_P_5_Tue_Mar__7_13_47_55_2023,0.0202962309122085,0.3039338290691376,269.7497605033404
WS23_L1_T1_P_5_Tue_Mar__7_13_47_55_2023,0.020426467061042813,0.3606851696968078,269.7497605033404
WS23_L1_T1_P_5_Tue_Mar__7_13_47_55_2023,0.020426467061042813,0.3606851696968078,269.7497605033404
WS23_L1_T1_P_5_Tue_Mar__7_13_47_55_2023,0.020426467061042813,0.3606851696968078,269.7497605033404
WS23_L1_T1_P_5_Tue_Mar__7_13_47_55_2023,0.020426467061042813,0.3606851696968078,269.7497605033404
WS23_L1_T1_P_5_Tue_Mar__7_13_47_55_2023,0.020426467061042813,0.3606851696968078,269.7497605033404
WS23_L1_T1_P_5_Tue_Mar__7_13_47_55_2023,0.020426467061042813,0.3606851696968078,269.7497605033404
WS23_L1_T1_P_5_Tue_Mar__7_13_47_55_2023,0.020536884665489197,0.2350284159183502,269.7497605033404
WS23_L1_T1_P_5_Tue_Mar__7_13_47_55_2023,0.020536884665489197,0.2350284159183502,269.7497605033404
WS23_L1_T1_P_5_Tue_Mar__7_13_47_55_2023,0.020536884665489197,0.2350284159183502,269.7497605033404
WS23_L1_T1_P_5_Tue_Mar__7_13_47_55_2023,0.020536884665489197,0.2350284159183502,269.7497605033404
WS23_L1_T1_P_5_Tue_Mar__7_13_47_55_2023,0.020536884665489197,0.2350284159183502,269.7497605033404
WS23_L1_T1_P_5_Tue_Mar__7_13_47_55_2023,0.020641654729843112,0.3567569851875305,269.7497605033404
WS23_L1_T1_P_5_Tue_Mar__7_13_47_55_2023,0.020641654729843112,0.3567569851875305,269.7497605033404
WS23_L1_T1_P_5_Tue_Mar__7_13_47_55_2023,0.020641654729843112,0.3567569851875305,269.7497605033404
WS23_L1_T1_P_5_Tue_Mar__7_13_47_55_2023,0.020641654729843112,0.3567569851875305,269.7497605033404
WS23_L1_T1_P_5_Tue_Mar__7_13_47_55_2023,0.020641654729843112,0.3567569851875305,269.7497605033404
WS23_L1_T1_P_5_Tue_Mar__7_13_47_55_2023,0.020641654729843112,0.3567569851875305,269.7497605033404
WS23_L1_T1_P_5_Tue_Mar__7_13_47_55_2023,0.020641654729843112,0.3567569851875305,269.7497605033404
WS23_L1_T1_P_5_Tue_Mar__7_13_47_55_2023,0.020752757787704496,0.3456387221813202,269.7497605033404
WS23_L1_T1_P_5_Tue_Mar__7_13_47_55_2023,0.020752757787704496,0.3456387221813202,269.7497605033404
WS23_L1_T1_P_5_Tue_Mar__7_13_47_55_2023,0.020752757787704496,0.3456387221813202,269.7497605033404
WS23_L1_T1_P_5_Tue_Mar__7_13_47_55_2023,0.020752757787704496,0.3456387221813202,269.7497605033404
WS23_L1_T1_P_5_Tue_Mar__7_13_47_55_2023,0.020752757787704496,0.3456387221813202,269.7497605033404
WS23_L1_T1_P_5_Tue_Mar__7_13_47_55_2023,0.020752757787704496,0.3456387221813202,269.7497605033404
WS23_L1_T1_P_5_Tue_Mar__7_13_47_55_2023,0.020871952176094,0.2088700979948043,269.7497605033404
WS23_L1_T1_P_5_Tue_Mar__7_13_47_55_2023,0.020871952176094,0.2088700979948043,269.7497605033404
WS23_L1_T1_P_5_Tue_Mar__7_13_47_55_2023,0.020871952176094,0.2088700979948043,269.7497605033404
WS23_L1_T1_P_5_Tue_Mar__7_13_47_55_2023,0.020871952176094,0.2088700979948043,269.7497605033404
WS23_L1_T1_P_5_Tue_Mar__7_13_47_55_2023,0.020871952176094,0.2088700979948043,269.7497605033404
WS23_L1_T1_P_5_Tue_Mar__7_13_47_55_2023,0.020871952176094,0.2088700979948043,269.7497605033404
WS23_L1_T1_P_5_Tue_Mar__7_13_47_55_2023,0.020871952176094,0.2088700979948043,269.7497605033404
WS23_L1_T1_P_5_Tue_Mar__7_13_47_55_2023,0.020915269851684598,0.4013899266719818,269.7497605033404
WS23_L1_T1_P_5_Tue_Mar__7_13_47_55_2023,0.020915269851684598,0.4013899266719818,269.7497605033404
WS23_L1_T1_P_5_Tue_Mar__7_13_47_55_2023,0.020915269851684598,0.4013899266719818,269.7497605033404
WS23_L1_T1_P_5_Tue_Mar__7_13_47_55_2023,0.020915269851684598,0.4013899266719818,269.7497605033404
WS23_L1_T1_P_5_Tue_Mar__7_13_47_55_2023,0.020915269851684598,0.4013899266719818,269.7497605033404
WS23_L1_T1_P_5_Tue_Mar__7_13_47_55_2023,0.020915269851684598,0.4013899266719818,269.7497605033404
WS23_L1_T1_P_5_Tue_Mar__7_13_47_55_2023,0.020915269851684598,0.4013899266719818,269.7497605033404
WS23_L1_T1_P_5_Tue_Mar__7_13_47_55_2023,0.020915269851684598,0.4013899266719818,269.7497605033404
WS23_L1_T1_P_5_Tue_Mar__7_13_47_55_2023,0.020991131663322393,0.307572454214096,269.7497605033404
WS23_L1_T1_P_5_Tue_Mar__7_13_47_55_2023,0.020991131663322393,0.307572454214096,269.7497605033404
WS23_L1_T1_P_5_Tue_Mar__7_13_47_55_2023,0.020991131663322393,0.307572454214096,269.7497605033404
WS23_L1_T1_P_5_Tue_Mar__7_13_47_55_2023,0.020991131663322393,0.307572454214096,269.7497605033404
WS23_L1_T1_P_5_Tue_Mar__7_13_47_55_2023,0.020991131663322393,0.307572454214096,269.7497605033404
WS23_L1_T1_P_5_Tue_Mar__7_13_47_55_2023,0.020991131663322393,0.307572454214096,269.7497605033404
WS23_L1_T1_P_5_Tue_Mar__7_13_47_55_2023,0.021149069070816012,0.3040148615837097,269.7497605033404
WS23_L1_T1_P_5_Tue_Mar__7_13_47_55_2023,0.021149069070816012,0.3040148615837097,269.7497605033404
WS23_L1_T1_P_5_Tue_Mar__7_13_47_55_2023,0.021149069070816012,0.3040148615837097,269.7497605033404
WS23_L1_T1_P_5_Tue_Mar__7_13_47_55_2023,0.021149069070816012,0.3040148615837097,269.7497605033404
WS23_L1_T1_P_5_Tue_Mar__7_13_47_55_2023,0.021149069070816012,0.3040148615837097,269.7497605033404
WS23_L1_T1_P_5_Tue_Mar__7_13_47_55_2023,0.021149069070816012,0.3040148615837097,269.7497605033404
WS23_L1_T1_P_5_Tue_Mar__7_13_47_55_2023,0.021149069070816012,0.3040148615837097,269.7497605033404
WS23_L1_T1_P_5_Tue_Mar__7_13_47_55_2023,0.021149069070816012,0.3040148615837097,269.7497605033404
WS23_L1_T1_P_5_Tue_Mar__7_13_47_55_2023,0.02118732035160062,0.3293535709381103,269.7497605033404
WS23_L1_T1_P_5_Tue_Mar__7_13_47_55_2023,0.02118732035160062,0.3293535709381103,269.7497605033404
WS23_L1_T1_P_5_Tue_Mar__7_13_47_55_2023,0.02118732035160062,0.3293535709381103,269.7497605033404
WS23_L1_T1_P_5_Tue_Mar__7_13_47_55_2023,0.02118732035160062,0.3293535709381103,269.7497605033404
WS23_L1_T1_P_5_Tue_Mar__7_13_47_55_2023,0.02118732035160062,0.3293535709381103,269.7497605033404
WS23_L1_T1_P_5_Tue_Mar__7_13_47_55_2023,0.02118732035160062,0.3293535709381103,269.7497605033404
WS23_L1_T1_P_5_Tue_Mar__7_13_47_55_2023,0.02118732035160062,0.3293535709381103,269.7497605033404
WS23_L1_T1_P_5_Tue_Mar__7_13_47_55_2023,0.0212567001581192,0.4583880603313446,269.7497605033404
WS23_L1_T1_P_5_Tue_Mar__7_13_47_55_2023,0.0212567001581192,0.4583880603313446,269.7497605033404
WS23_L1_T1_P_5_Tue_Mar__7_13_47_55_2023,0.0212567001581192,0.4583880603313446,269.7497605033404
WS23_L1_T1_P_5_Tue_Mar__7_13_47_55_2023,0.0212567001581192,0.4583880603313446,269.7497605033404
WS23_L1_T1_P_5_Tue_Mar__7_13_47_55_2023,0.0212567001581192,0.4583880603313446,269.7497605033404
WS23_L1_T1_P_5_Tue_Mar__7_13_47_55_2023,0.021303147077560397,0.5102441906929016,269.7497605033404
WS23_L1_T1_P_5_Tue_Mar__7_13_47_55_2023,0.021303147077560397,0.5102441906929016,269.7497605033404
WS23_L1_T1_P_5_Tue_Mar__7_13_47_55_2023,0.021303147077560397,0.5102441906929016,269.7497605033404
WS23_L1_T1_P_5_Tue_Mar__7_13_47_55_2023,0.021303147077560397,0.5102441906929016,269.7497605033404
WS23_L1_T1_P_5_Tue_Mar__7_13_47_55_2023,0.021303147077560397,0.5102441906929016,269.7497605033404
WS23_L1_T1_P_5_Tue_Mar__7_13_47_55_2023,0.021303147077560397,0.5102441906929016,269.7497605033404
WS23_L1_T1_P_5_Tue_Mar__7_13_47_55_2023,0.02134990692138672,0.4464813470840454,269.7497605033404
WS23_L1_T1_P_5_Tue_Mar__7_13_47_55_2023,0.02134990692138672,0.4464813470840454,269.7497605033404
WS23_L1_T1_P_5_Tue_Mar__7_13_47_55_2023,0.02134990692138672,0.4464813470840454,269.7497605033404
WS23_L1_T1_P_5_Tue_Mar__7_13_47_55_2023,0.02134990692138672,0.4464813470840454,269.7497605033404
WS23_L1_T1_P_5_Tue_Mar__7_13_47_55_2023,0.02134990692138672,0.4464813470840454,269.7497605033404
WS23_L1_T1_P_5_Tue_Mar__7_13_47_55_2023,0.02134990692138672,0.4464813470840454,269.7497605033404
WS23_L1_T1_P_5_Tue_Mar__7_13_47_55_2023,0.021412432193756104,0.59952312707901,269.7497605033404
WS23_L1_T1_P_5_Tue_Mar__7_13_47_55_2023,0.021412432193756104,0.59952312707901,269.7497605033404
WS23_L1_T1_P_5_Tue_Mar__7_13_47_55_2023,0.021412432193756104,0.59952312707901,269.7497605033404
WS23_L1_T1_P_5_Tue_Mar__7_13_47_55_2023,0.021412432193756104,0.59952312707901,269.7497605033404
WS23_L1_T1_P_5_Tue_Mar__7_13_47_55_2023,0.021412432193756104,0.59952312707901,269.7497605033404
WS23_L1_T1_P_5_Tue_Mar__7_13_47_55_2023,0.0214488357305527,0.5642280578613281,269.7497605033404
WS23_L1_T1_P_5_Tue_Mar__7_13_47_55_2023,0.0214488357305527,0.5642280578613281,269.7497605033404
WS23_L1_T1_P_5_Tue_Mar__7_13_47_55_2023,0.0214488357305527,0.5642280578613281,269.7497605033404
WS23_L1_T1_P_5_Tue_Mar__7_13_47_55_2023,0.0214488357305527,0.5642280578613281,269.7497605033404
WS23_L1_T1_P_5_Tue_Mar__7_13_47_55_2023,0.0214488357305527,0.5642280578613281,269.7497605033404
WS23_L1_T1_P_5_Tue_Mar__7_13_47_55_2023,0.0214488357305527,0.5642280578613281,269.7497605033404
WS23_L1_T1_P_5_Tue_Mar__7_13_47_55_2023,0.0214488357305527,0.5642280578613281,269.7497605033404
WS23_L1_T1_P_5_Tue_Mar__7_13_47_55_2023,0.021491631865501404,0.717607855796814,269.7497605033404
WS23_L1_T1_P_5_Tue_Mar__7_13_47_55_2023,0.021491631865501404,0.717607855796814,269.7497605033404
WS23_L1_T1_P_5_Tue_Mar__7_13_47_55_2023,0.021491631865501404,0.717607855796814,269.7497605033404
WS23_L1_T1_P_5_Tue_Mar__7_13_47_55_2023,0.021491631865501404,0.717607855796814,269.7497605033404
WS23_L1_T1_P_5_Tue_Mar__7_13_47_55_2023,0.021491631865501404,0.717607855796814,269.7497605033404
WS23_L1_T1_P_5_Tue_Mar__7_13_47_55_2023,0.021491631865501404,0.717607855796814,269.7497605033404
WS23_L1_T1_P_5_Tue_Mar__7_13_47_55_2023,0.021603107452392606,0.7183387279510498,269.7497605033404
WS23_L1_T1_P_5_Tue_Mar__7_13_47_55_2023,0.021603107452392606,0.7183387279510498,269.7497605033404
WS23_L1_T1_P_5_Tue_Mar__7_13_47_55_2023,0.021603107452392606,0.7183387279510498,269.7497605033404
WS23_L1_T1_P_5_Tue_Mar__7_13_47_55_2023,0.021603107452392606,0.7183387279510498,269.7497605033404
WS23_L1_T1_P_5_Tue_Mar__7_13_47_55_2023,0.021603107452392606,0.7183387279510498,269.7497605033404
WS23_L1_T1_P_5_Tue_Mar__7_13_47_55_2023,0.021603107452392606,0.7183387279510498,269.7497605033404
WS23_L1_T1_P_5_Tue_Mar__7_13_47_55_2023,0.021680831909179715,0.7268548011779785,269.7497605033404
WS23_L1_T1_P_5_Tue_Mar__7_13_47_55_2023,0.021680831909179715,0.7268548011779785,269.7497605033404
WS23_L1_T1_P_5_Tue_Mar__7_13_47_55_2023,0.021680831909179715,0.7268548011779785,269.7497605033404
WS23_L1_T1_P_5_Tue_Mar__7_13_47_55_2023,0.021680831909179715,0.7268548011779785,269.7497605033404
WS23_L1_T1_P_5_Tue_Mar__7_13_47_55_2023,0.021680831909179715,0.7268548011779785,269.7497605033404
WS23_L1_T1_P_5_Tue_Mar__7_13_47_55_2023,0.021680831909179715,0.7268548011779785,269.7497605033404
WS23_L1_T1_P_5_Tue_Mar__7_13_47_55_2023,0.021674931049346896,0.8508309721946716,269.7497605033404
WS23_L1_T1_P_5_Tue_Mar__7_13_47_55_2023,0.021674931049346896,0.8508309721946716,269.7497605033404
WS23_L1_T1_P_5_Tue_Mar__7_13_47_55_2023,0.021674931049346896,0.8508309721946716,269.7497605033404
WS23_L1_T1_P_5_Tue_Mar__7_13_47_55_2023,0.021674931049346896,0.8508309721946716,269.7497605033404
WS23_L1_T1_P_5_Tue_Mar__7_13_47_55_2023,0.021674931049346896,0.8508309721946716,269.7497605033404
WS23_L1_T1_P_5_Tue_Mar__7_13_47_55_2023,0.021674931049346896,0.8508309721946716,269.7497605033404
WS23_L1_T1_P_5_Tue_Mar__7_13_47_55_2023,0.021674931049346896,0.8508309721946716,269.7497605033404
WS23_L1_T1_P_5_Tue_Mar__7_13_47_55_2023,0.021750852465629605,0.8363621830940247,269.7497605033404
WS23_L1_T1_P_5_Tue_Mar__7_13_47_55_2023,0.021750852465629605,0.8363621830940247,269.7497605033404
WS23_L1_T1_P_5_Tue_Mar__7_13_47_55_2023,0.021750852465629605,0.8363621830940247,269.7497605033404
WS23_L1_T1_P_5_Tue_Mar__7_13_47_55_2023,0.021750852465629605,0.8363621830940247,269.7497605033404
WS23_L1_T1_P_5_Tue_Mar__7_13_47_55_2023,0.021750852465629605,0.8363621830940247,269.7497605033404
WS23_L1_T1_P_5_Tue_Mar__7_13_47_55_2023,0.021750852465629605,0.8363621830940247,269.7497605033404
WS23_L1_T1_P_5_Tue_Mar__7_13_47_55_2023,0.02180415391922,0.8828696012496948,269.7497605033404
WS23_L1_T1_P_5_Tue_Mar__7_13_47_55_2023,0.02180415391922,0.8828696012496948,269.7497605033404
WS23_L1_T1_P_5_Tue_Mar__7_13_47_55_2023,0.02180415391922,0.8828696012496948,269.7497605033404
WS23_L1_T1_P_5_Tue_Mar__7_13_47_55_2023,0.02180415391922,0.8828696012496948,269.7497605033404
WS23_L1_T1_P_5_Tue_Mar__7_13_47_55_2023,0.02180415391922,0.8828696012496948,269.7497605033404
WS23_L1_T1_P_5_Tue_Mar__7_13_47_55_2023,0.021875366568565396,0.9285148978233336,269.7497605033404
WS23_L1_T1_P_5_Tue_Mar__7_13_47_55_2023,0.021875366568565396,0.9285148978233336,269.7497605033404
WS23_L1_T1_P_5_Tue_Mar__7_13_47_55_2023,0.021875366568565396,0.9285148978233336,269.7497605033404
WS23_L1_T1_P_5_Tue_Mar__7_13_47_55_2023,0.021875366568565396,0.9285148978233336,269.7497605033404
WS23_L1_T1_P_5_Tue_Mar__7_13_47_55_2023,0.0219342112541199,0.8834251165390015,269.7497605033404
WS23_L1_T1_P_5_Tue_Mar__7_13_47_55_2023,0.0219342112541199,0.8834251165390015,269.7497605033404
WS23_L1_T1_P_5_Tue_Mar__7_13_47_55_2023,0.0219342112541199,0.8834251165390015,269.7497605033404
WS23_L1_T1_P_5_Tue_Mar__7_13_47_55_2023,0.0219342112541199,0.8834251165390015,269.7497605033404
WS23_L1_T1_P_5_Tue_Mar__7_13_47_55_2023,0.0219342112541199,0.8834251165390015,269.7497605033404
WS23_L1_T1_P_5_Tue_Mar__7_13_47_55_2023,0.0219342112541199,0.8834251165390015,269.7497605033404
WS23_L1_T1_P_5_Tue_Mar__7_13_47_55_2023,0.0219342112541199,0.8834251165390015,269.7497605033404
WS23_L1_T1_P_5_Tue_Mar__7_13_47_55_2023,0.022004961967468206,0.9978917241096495,269.7497605033404
WS23_L1_T1_P_5_Tue_Mar__7_13_47_55_2023,0.022004961967468206,0.9978917241096495,269.7497605033404
WS23_L1_T1_P_5_Tue_Mar__7_13_47_55_2023,0.022004961967468206,0.9978917241096495,269.7497605033404
WS23_L1_T1_P_5_Tue_Mar__7_13_47_55_2023,0.022004961967468206,0.9978917241096495,269.7497605033404
WS23_L1_T1_P_5_Tue_Mar__7_13_47_55_2023,0.022004961967468206,0.9978917241096495,269.7497605033404
WS23_L1_T1_P_5_Tue_Mar__7_13_47_55_2023,0.022004961967468206,0.9978917241096495,269.7497605033404
WS23_L1_T1_P_5_Tue_Mar__7_13_47_55_2023,0.022066205739975003,0.9667892456054688,269.7497605033404
WS23_L1_T1_P_5_Tue_Mar__7_13_47_55_2023,0.022066205739975003,0.9667892456054688,269.7497605033404
WS23_L1_T1_P_5_Tue_Mar__7_13_47_55_2023,0.022066205739975003,0.9667892456054688,269.7497605033404
WS23_L1_T1_P_5_Tue_Mar__7_13_47_55_2023,0.022066205739975003,0.9667892456054688,269.7497605033404
WS23_L1_T1_P_5_Tue_Mar__7_13_47_55_2023,0.022066205739975003,0.9667892456054688,269.7497605033404
WS23_L1_T1_P_5_Tue_Mar__7_13_47_55_2023,0.022066205739975003,0.9667892456054688,269.7497605033404
WS23_L1_T1_P_5_Tue_Mar__7_13_47_55_2023,0.022066205739975003,0.9667892456054688,269.7497605033404
WS23_L1_T1_P_5_Tue_Mar__7_13_47_55_2023,0.0221256613731384,1.0750207901000977,269.7497605033404
WS23_L1_T1_P_5_Tue_Mar__7_13_47_55_2023,0.0221256613731384,1.0750207901000977,269.7497605033404
WS23_L1_T1_P_5_Tue_Mar__7_13_47_55_2023,0.0221256613731384,1.0750207901000977,269.7497605033404
WS23_L1_T1_P_5_Tue_Mar__7_13_47_55_2023,0.0221256613731384,1.0750207901000977,269.7497605033404
WS23_L1_T1_P_5_Tue_Mar__7_13_47_55_2023,0.0221256613731384,1.0750207901000977,269.7497605033404
WS23_L1_T1_P_5_Tue_Mar__7_13_47_55_2023,0.0221256613731384,1.0750207901000977,269.7497605033404
WS23_L1_T1_P_5_Tue_Mar__7_13_47_55_2023,0.02216388285160062,1.1774219274520874,269.7497605033404
WS23_L1_T1_P_5_Tue_Mar__7_13_47_55_2023,0.02216388285160062,1.1774219274520874,269.7497605033404
WS23_L1_T1_P_5_Tue_Mar__7_13_47_55_2023,0.02216388285160062,1.1774219274520874,269.7497605033404
WS23_L1_T1_P_5_Tue_Mar__7_13_47_55_2023,0.02216388285160062,1.1774219274520874,269.7497605033404
WS23_L1_T1_P_5_Tue_Mar__7_13_47_55_2023,0.02216388285160062,1.1774219274520874,269.7497605033404
WS23_L1_T1_P_5_Tue_Mar__7_13_47_55_2023,0.02216388285160062,1.1774219274520874,269.7497605033404
WS23_L1_T1_P_5_Tue_Mar__7_13_47_55_2023,0.0222239941358566,1.1314643621444702,269.7497605033404
WS23_L1_T1_P_5_Tue_Mar__7_13_47_55_2023,0.0222239941358566,1.1314643621444702,269.7497605033404
WS23_L1_T1_P_5_Tue_Mar__7_13_47_55_2023,0.0222239941358566,1.1314643621444702,269.7497605033404
WS23_L1_T1_P_5_Tue_Mar__7_13_47_55_2023,0.0222239941358566,1.1314643621444702,269.7497605033404
WS23_L1_T1_P_5_Tue_Mar__7_13_47_55_2023,0.0222239941358566,1.1314643621444702,269.7497605033404
WS23_L1_T1_P_5_Tue_Mar__7_13_47_55_2023,0.0222239941358566,1.1314643621444702,269.7497605033404
WS23_L1_T1_P_5_Tue_Mar__7_13_47_55_2023,0.0223252326250076,1.1727409362792969,269.7497605033404
WS23_L1_T1_P_5_Tue_Mar__7_13_47_55_2023,0.0223252326250076,1.1727409362792969,269.7497605033404
WS23_L1_T1_P_5_Tue_Mar__7_13_47_55_2023,0.0223252326250076,1.1727409362792969,269.7497605033404
WS23_L1_T1_P_5_Tue_Mar__7_13_47_55_2023,0.0223252326250076,1.1727409362792969,269.7497605033404
WS23_L1_T1_P_5_Tue_Mar__7_13_47_55_2023,0.0223252326250076,1.1727409362792969,269.7497605033404
WS23_L1_T1_P_5_Tue_Mar__7_13_47_55_2023,0.0223252326250076,1.1727409362792969,269.7497605033404
WS23_L1_T1_P_5_Tue_Mar__7_13_47_55_2023,0.0223252326250076,1.1727409362792969,269.7497605033404
WS23_L1_T1_P_5_Tue_Mar__7_13_47_55_2023,0.02239316701889041,1.0949527025222778,269.7497605033404
WS23_L1_T1_P_5_Tue_Mar__7_13_47_55_2023,0.02239316701889041,1.0949527025222778,269.7497605033404
WS23_L1_T1_P_5_Tue_Mar__7_13_47_55_2023,0.02239316701889041,1.0949527025222778,269.7497605033404
WS23_L1_T1_P_5_Tue_Mar__7_13_47_55_2023,0.02239316701889041,1.0949527025222778,269.7497605033404
WS23_L1_T1_P_5_Tue_Mar__7_13_47_55_2023,0.02239316701889041,1.0949527025222778,269.7497605033404
WS23_L1_T1_P_5_Tue_Mar__7_13_47_55_2023,0.02239316701889041,1.0949527025222778,269.7497605033404
WS23_L1_T1_P_5_Tue_Mar__7_13_47_55_2023,0.022549003362655612,1.1288200616836548,269.7497605033404
WS23_L1_T1_P_5_Tue_Mar__7_13_47_55_2023,0.022549003362655612,1.1288200616836548,269.7497605033404
WS23_L1_T1_P_5_Tue_Mar__7_13_47_55_2023,0.022549003362655612,1.1288200616836548,269.7497605033404
WS23_L1_T1_P_5_Tue_Mar__7_13_47_55_2023,0.022549003362655612,1.1288200616836548,269.7497605033404
WS23_L1_T1_P_5_Tue_Mar__7_13_47_55_2023,0.022549003362655612,1.1288200616836548,269.7497605033404
WS23_L1_T1_P_5_Tue_Mar__7_13_47_55_2023,0.022648364305496216,1.0507503747940063,269.7497605033404
WS23_L1_T1_P_5_Tue_Mar__7_13_47_55_2023,0.022648364305496216,1.0507503747940063,269.7497605033404
WS23_L1_T1_P_5_Tue_Mar__7_13_47_55_2023,0.022648364305496216,1.0507503747940063,269.7497605033404
WS23_L1_T1_P_5_Tue_Mar__7_13_47_55_2023,0.022648364305496216,1.0507503747940063,269.7497605033404
WS23_L1_T1_P_5_Tue_Mar__7_13_47_55_2023,0.022648364305496216,1.0507503747940063,269.7497605033404
WS23_L1_T1_P_5_Tue_Mar__7_13_47_55_2023,0.022787809371948214,0.9740151166915894,269.7497605033404
WS23_L1_T1_P_5_Tue_Mar__7_13_47_55_2023,0.022787809371948214,0.9740151166915894,269.7497605033404
WS23_L1_T1_P_5_Tue_Mar__7_13_47_55_2023,0.022787809371948214,0.9740151166915894,269.7497605033404
WS23_L1_T1_P_5_Tue_Mar__7_13_47_55_2023,0.022787809371948214,0.9740151166915894,269.7497605033404
WS23_L1_T1_P_5_Tue_Mar__7_13_47_55_2023,0.022787809371948214,0.9740151166915894,269.7497605033404
WS23_L1_T1_P_5_Tue_Mar__7_13_47_55_2023,0.022787809371948214,0.9740151166915894,269.7497605033404
WS23_L1_T1_P_5_Tue_Mar__7_13_47_55_2023,0.02289584279060361,0.954644739627838,269.7497605033404
WS23_L1_T1_P_5_Tue_Mar__7_13_47_55_2023,0.02289584279060361,0.954644739627838,269.7497605033404
WS23_L1_T1_P_5_Tue_Mar__7_13_47_55_2023,0.02289584279060361,0.954644739627838,269.7497605033404
WS23_L1_T1_P_5_Tue_Mar__7_13_47_55_2023,0.02289584279060361,0.954644739627838,269.7497605033404
WS23_L1_T1_P_5_Tue_Mar__7_13_47_55_2023,0.02289584279060361,0.954644739627838,269.7497605033404
WS23_L1_T1_P_5_Tue_Mar__7_13_47_55_2023,0.02289584279060361,0.954644739627838,269.7497605033404
WS23_L1_T1_P_5_Tue_Mar__7_13_47_55_2023,0.02289584279060361,0.954644739627838,269.7497605033404
WS23_L1_T1_P_5_Tue_Mar__7_13_47_55_2023,0.023063257336616516,1.0044714212417605,269.7497605033404
WS23_L1_T1_P_5_Tue_Mar__7_13_47_55_2023,0.023063257336616516,1.0044714212417605,269.7497605033404
WS23_L1_T1_P_5_Tue_Mar__7_13_47_55_2023,0.023063257336616516,1.0044714212417605,269.7497605033404
WS23_L1_T1_P_5_Tue_Mar__7_13_47_55_2023,0.023063257336616516,1.0044714212417605,269.7497605033404
WS23_L1_T1_P_5_Tue_Mar__7_13_47_55_2023,0.023063257336616516,1.0044714212417605,269.7497605033404
WS23_L1_T1_P_5_Tue_Mar__7_13_47_55_2023,0.023063257336616516,1.0044714212417605,269.7497605033404
WS23_L1_T1_P_5_Tue_Mar__7_13_47_55_2023,0.023170977830886813,1.0078054666519165,269.7497605033404
WS23_L1_T1_P_5_Tue_Mar__7_13_47_55_2023,0.023170977830886813,1.0078054666519165,269.7497605033404
WS23_L1_T1_P_5_Tue_Mar__7_13_47_55_2023,0.023170977830886813,1.0078054666519165,269.7497605033404
WS23_L1_T1_P_5_Tue_Mar__7_13_47_55_2023,0.023170977830886813,1.0078054666519165,269.7497605033404
WS23_L1_T1_P_5_Tue_Mar__7_13_47_55_2023,0.023170977830886813,1.0078054666519165,269.7497605033404
WS23_L1_T1_P_5_Tue_Mar__7_13_47_55_2023,0.023170977830886813,1.0078054666519165,269.7497605033404
WS23_L1_T1_P_5_Tue_Mar__7_13_47_55_2023,0.023339852690696716,0.9693853855133056,269.7497605033404
WS23_L1_T1_P_5_Tue_Mar__7_13_47_55_2023,0.023339852690696716,0.9693853855133056,269.7497605033404
WS23_L1_T1_P_5_Tue_Mar__7_13_47_55_2023,0.023339852690696716,0.9693853855133056,269.7497605033404
WS23_L1_T1_P_5_Tue_Mar__7_13_47_55_2023,0.023339852690696716,0.9693853855133056,269.7497605033404
WS23_L1_T1_P_5_Tue_Mar__7_13_47_55_2023,0.023339852690696716,0.9693853855133056,269.7497605033404
WS23_L1_T1_P_5_Tue_Mar__7_13_47_55_2023,0.023339852690696716,0.9693853855133056,269.7497605033404
WS23_L1_T1_P_5_Tue_Mar__7_13_47_55_2023,0.023339852690696716,0.9693853855133056,269.7497605033404
WS23_L1_T1_P_5_Tue_Mar__7_13_47_55_2023,0.023339852690696716,0.9693853855133056,269.7497605033404
WS23_L1_T1_P_5_Tue_Mar__7_13_47_55_2023,0.0234238654375076,0.954156756401062,269.7497605033404
WS23_L1_T1_P_5_Tue_Mar__7_13_47_55_2023,0.0234238654375076,0.954156756401062,269.7497605033404
WS23_L1_T1_P_5_Tue_Mar__7_13_47_55_2023,0.0234238654375076,0.954156756401062,269.7497605033404
WS23_L1_T1_P_5_Tue_Mar__7_13_47_55_2023,0.0234238654375076,0.954156756401062,269.7497605033404
WS23_L1_T1_P_5_Tue_Mar__7_13_47_55_2023,0.0234238654375076,0.954156756401062,269.7497605033404
WS23_L1_T1_P_5_Tue_Mar__7_13_47_55_2023,0.0234238654375076,0.954156756401062,269.7497605033404
WS23_L1_T1_P_5_Tue_Mar__7_13_47_55_2023,0.023523613810539218,0.937374472618103,269.7497605033404
WS23_L1_T1_P_5_Tue_Mar__7_13_47_55_2023,0.023523613810539218,0.937374472618103,269.7497605033404
WS23_L1_T1_P_5_Tue_Mar__7_13_47_55_2023,0.023523613810539218,0.937374472618103,269.7497605033404
WS23_L1_T1_P_5_Tue_Mar__7_13_47_55_2023,0.023523613810539218,0.937374472618103,269.7497605033404
WS23_L1_T1_P_5_Tue_Mar__7_13_47_55_2023,0.023523613810539218,0.937374472618103,269.7497605033404
WS23_L1_T1_P_5_Tue_Mar__7_13_47_55_2023,0.023523613810539218,0.937374472618103,269.7497605033404
WS23_L1_T1_P_5_Tue_Mar__7_13_47_55_2023,0.023605123162269592,0.9718994498252868,269.7497605033404
WS23_L1_T1_P_5_Tue_Mar__7_13_47_55_2023,0.023605123162269592,0.9718994498252868,269.7497605033404
WS23_L1_T1_P_5_Tue_Mar__7_13_47_55_2023,0.023605123162269592,0.9718994498252868,269.7497605033404
WS23_L1_T1_P_5_Tue_Mar__7_13_47_55_2023,0.023605123162269592,0.9718994498252868,269.7497605033404
WS23_L1_T1_P_5_Tue_Mar__7_13_47_55_2023,0.023605123162269592,0.9718994498252868,269.7497605033404
WS23_L1_T1_P_5_Tue_Mar__7_13_47_55_2023,0.023605123162269592,0.9718994498252868,269.7497605033404
WS23_L1_T1_P_5_Tue_Mar__7_13_47_55_2023,0.023605123162269592,0.9718994498252868,269.7497605033404
WS23_L1_T1_P_5_Tue_Mar__7_13_47_55_2023,0.023605123162269592,0.9718994498252868,269.7497605033404
WS23_L1_T1_P_5_Tue_Mar__7_13_47_55_2023,0.023672685027122498,1.0041780471801758,269.7497605033404
WS23_L1_T1_P_5_Tue_Mar__7_13_47_55_2023,0.023672685027122498,1.0041780471801758,269.7497605033404
WS23_L1_T1_P_5_Tue_Mar__7_13_47_55_2023,0.023672685027122498,1.0041780471801758,269.7497605033404
WS23_L1_T1_P_5_Tue_Mar__7_13_47_55_2023,0.023672685027122498,1.0041780471801758,269.7497605033404
WS23_L1_T1_P_5_Tue_Mar__7_13_47_55_2023,0.023672685027122498,1.0041780471801758,269.7497605033404
WS23_L1_T1_P_5_Tue_Mar__7_13_47_55_2023,0.023672685027122498,1.0041780471801758,269.7497605033404
WS23_L1_T1_P_5_Tue_Mar__7_13_47_55_2023,0.023705944418907193,1.1051487922668457,269.7497605033404
WS23_L1_T1_P_5_Tue_Mar__7_13_47_55_2023,0.023705944418907193,1.1051487922668457,269.7497605033404
WS23_L1_T1_P_5_Tue_Mar__7_13_47_55_2023,0.023705944418907193,1.1051487922668457,269.7497605033404
WS23_L1_T1_P_5_Tue_Mar__7_13_47_55_2023,0.023705944418907193,1.1051487922668457,269.7497605033404
WS23_L1_T1_P_5_Tue_Mar__7_13_47_55_2023,0.023705944418907193,1.1051487922668457,269.7497605033404
WS23_L1_T1_P_5_Tue_Mar__7_13_47_55_2023,0.023705944418907193,1.1051487922668457,269.7497605033404
WS23_L1_T1_P_5_Tue_Mar__7_13_47_55_2023,0.02379357814788821,1.0798081159591677,269.7497605033404
WS23_L1_T1_P_5_Tue_Mar__7_13_47_55_2023,0.02379357814788821,1.0798081159591677,269.7497605033404
WS23_L1_T1_P_5_Tue_Mar__7_13_47_55_2023,0.02379357814788821,1.0798081159591677,269.7497605033404
WS23_L1_T1_P_5_Tue_Mar__7_13_47_55_2023,0.02379357814788821,1.0798081159591677,269.7497605033404
WS23_L1_T1_P_5_Tue_Mar__7_13_47_55_2023,0.02379357814788821,1.0798081159591677,269.7497605033404
WS23_L1_T1_P_5_Tue_Mar__7_13_47_55_2023,0.02379357814788821,1.0798081159591677,269.7497605033404
WS23_L1_T1_P_5_Tue_Mar__7_13_47_55_2023,0.023803919553756714,1.2164987325668335,269.7497605033404
WS23_L1_T1_P_5_Tue_Mar__7_13_47_55_2023,0.023803919553756714,1.2164987325668335,269.7497605033404
WS23_L1_T1_P_5_Tue_Mar__7_13_47_55_2023,0.023803919553756714,1.2164987325668335,269.7497605033404
WS23_L1_T1_P_5_Tue_Mar__7_13_47_55_2023,0.023803919553756714,1.2164987325668335,269.7497605033404
WS23_L1_T1_P_5_Tue_Mar__7_13_47_55_2023,0.023803919553756714,1.2164987325668335,269.7497605033404
WS23_L1_T1_P_5_Tue_Mar__7_13_47_55_2023,0.023803919553756714,1.2164987325668335,269.7497605033404
WS23_L1_T1_P_5_Tue_Mar__7_13_47_55_2023,0.023803919553756714,1.2164987325668335,269.7497605033404
WS23_L1_T1_P_5_Tue_Mar__7_13_47_55_2023,0.0238830149173736,1.077932834625244,269.7497605033404
WS23_L1_T1_P_5_Tue_Mar__7_13_47_55_2023,0.0238830149173736,1.077932834625244,269.7497605033404
WS23_L1_T1_P_5_Tue_Mar__7_13_47_55_2023,0.0238830149173736,1.077932834625244,269.7497605033404
WS23_L1_T1_P_5_Tue_Mar__7_13_47_55_2023,0.0238830149173736,1.077932834625244,269.7497605033404
WS23_L1_T1_P_5_Tue_Mar__7_13_47_55_2023,0.0238830149173736,1.077932834625244,269.7497605033404
WS23_L1_T1_P_5_Tue_Mar__7_13_47_55_2023,0.0238830149173736,1.077932834625244,269.7497605033404
WS23_L1_T1_P_5_Tue_Mar__7_13_47_55_2023,0.023951128125190707,1.2367216348648071,269.7497605033404
WS23_L1_T1_P_5_Tue_Mar__7_13_47_55_2023,0.023951128125190707,1.2367216348648071,269.7497605033404
WS23_L1_T1_P_5_Tue_Mar__7_13_47_55_2023,0.023951128125190707,1.2367216348648071,269.7497605033404
WS23_L1_T1_P_5_Tue_Mar__7_13_47_55_2023,0.023951128125190707,1.2367216348648071,269.7497605033404
WS23_L1_T1_P_5_Tue_Mar__7_13_47_55_2023,0.023951128125190707,1.2367216348648071,269.7497605033404
WS23_L1_T1_P_5_Tue_Mar__7_13_47_55_2023,0.023951128125190707,1.2367216348648071,269.7497605033404
WS23_L1_T1_P_5_Tue_Mar__7_13_47_55_2023,0.023951128125190707,1.2367216348648071,269.7497605033404
WS23_L1_T1_P_5_Tue_Mar__7_13_47_55_2023,0.023994669318199102,1.193556785583496,269.7497605033404
WS23_L1_T1_P_5_Tue_Mar__7_13_47_55_2023,0.023994669318199102,1.193556785583496,269.7497605033404
WS23_L1_T1_P_5_Tue_Mar__7_13_47_55_2023,0.023994669318199102,1.193556785583496,269.7497605033404
WS23_L1_T1_P_5_Tue_Mar__7_13_47_55_2023,0.023994669318199102,1.193556785583496,269.7497605033404
WS23_L1_T1_P_5_Tue_Mar__7_13_47_55_2023,0.023994669318199102,1.193556785583496,269.7497605033404
WS23_L1_T1_P_5_Tue_Mar__7_13_47_55_2023,0.023994669318199102,1.193556785583496,269.7497605033404
WS23_L1_T1_P_5_Tue_Mar__7_13_47_55_2023,0.023994669318199102,1.193556785583496,269.7497605033404
WS23_L1_T1_P_5_Tue_Mar__7_13_47_55_2023,0.024045392870903015,1.356918215751648,269.7497605033404
WS23_L1_T1_P_5_Tue_Mar__7_13_47_55_2023,0.024045392870903015,1.356918215751648,269.7497605033404
WS23_L1_T1_P_5_Tue_Mar__7_13_47_55_2023,0.024045392870903015,1.356918215751648,269.7497605033404
WS23_L1_T1_P_5_Tue_Mar__7_13_47_55_2023,0.024045392870903015,1.356918215751648,269.7497605033404
WS23_L1_T1_P_5_Tue_Mar__7_13_47_55_2023,0.024045392870903015,1.356918215751648,269.7497605033404
WS23_L1_T1_P_5_Tue_Mar__7_13_47_55_2023,0.024045392870903015,1.356918215751648,269.7497605033404
WS23_L1_T1_P_5_Tue_Mar__7_13_47_55_2023,0.024124920368194608,1.3277931213378906,269.7497605033404
WS23_L1_T1_P_5_Tue_Mar__7_13_47_55_2023,0.024124920368194608,1.3277931213378906,269.7497605033404
WS23_L1_T1_P_5_Tue_Mar__7_13_47_55_2023,0.024124920368194608,1.3277931213378906,269.7497605033404
WS23_L1_T1_P_5_Tue_Mar__7_13_47_55_2023,0.024124920368194608,1.3277931213378906,269.7497605033404
WS23_L1_T1_P_5_Tue_Mar__7_13_47_55_2023,0.024124920368194608,1.3277931213378906,269.7497605033404
WS23_L1_T1_P_5_Tue_Mar__7_13_47_55_2023,0.024124920368194608,1.3277931213378906,269.7497605033404
WS23_L1_T1_P_5_Tue_Mar__7_13_47_55_2023,0.024124920368194608,1.3277931213378906,269.7497605033404
WS23_L1_T1_P_5_Tue_Mar__7_13_47_55_2023,0.024179577827453613,1.4017702341079712,269.7497605033404
WS23_L1_T1_P_5_Tue_Mar__7_13_47_55_2023,0.024179577827453613,1.4017702341079712,269.7497605033404
WS23_L1_T1_P_5_Tue_Mar__7_13_47_55_2023,0.024179577827453613,1.4017702341079712,269.7497605033404
WS23_L1_T1_P_5_Tue_Mar__7_13_47_55_2023,0.024179577827453613,1.4017702341079712,269.7497605033404
WS23_L1_T1_P_5_Tue_Mar__7_13_47_55_2023,0.024179577827453613,1.4017702341079712,269.7497605033404
WS23_L1_T1_P_5_Tue_Mar__7_13_47_55_2023,0.024179577827453613,1.4017702341079712,269.7497605033404
WS23_L1_T1_P_5_Tue_Mar__7_13_47_55_2023,0.02418288588523862,1.523950695991516,269.7497605033404
WS23_L1_T1_P_5_Tue_Mar__7_13_47_55_2023,0.02418288588523862,1.523950695991516,269.7497605033404
WS23_L1_T1_P_5_Tue_Mar__7_13_47_55_2023,0.02418288588523862,1.523950695991516,269.7497605033404
WS23_L1_T1_P_5_Tue_Mar__7_13_47_55_2023,0.02418288588523862,1.523950695991516,269.7497605033404
WS23_L1_T1_P_5_Tue_Mar__7_13_47_55_2023,0.02418288588523862,1.523950695991516,269.7497605033404
WS23_L1_T1_P_5_Tue_Mar__7_13_47_55_2023,0.02418288588523862,1.523950695991516,269.7497605033404
WS23_L1_T1_P_5_Tue_Mar__7_13_47_55_2023,0.02418288588523862,1.523950695991516,269.7497605033404
WS23_L1_T1_P_5_Tue_Mar__7_13_47_55_2023,0.02427314221858981,1.3886749744415283,269.7497605033404
WS23_L1_T1_P_5_Tue_Mar__7_13_47_55_2023,0.02427314221858981,1.3886749744415283,269.7497605033404
WS23_L1_T1_P_5_Tue_Mar__7_13_47_55_2023,0.02427314221858981,1.3886749744415283,269.7497605033404
WS23_L1_T1_P_5_Tue_Mar__7_13_47_55_2023,0.02427314221858981,1.3886749744415283,269.7497605033404
WS23_L1_T1_P_5_Tue_Mar__7_13_47_55_2023,0.02427314221858981,1.3886749744415283,269.7497605033404
WS23_L1_T1_P_5_Tue_Mar__7_13_47_55_2023,0.024267971515655518,1.6350867748260498,269.7497605033404
WS23_L1_T1_P_5_Tue_Mar__7_13_47_55_2023,0.024267971515655518,1.6350867748260498,269.7497605033404
WS23_L1_T1_P_5_Tue_Mar__7_13_47_55_2023,0.024267971515655518,1.6350867748260498,269.7497605033404
WS23_L1_T1_P_5_Tue_Mar__7_13_47_55_2023,0.024267971515655518,1.6350867748260498,269.7497605033404
WS23_L1_T1_P_5_Tue_Mar__7_13_47_55_2023,0.024267971515655518,1.6350867748260498,269.7497605033404
WS23_L1_T1_P_5_Tue_Mar__7_13_47_55_2023,0.024267971515655518,1.6350867748260498,269.7497605033404
WS23_L1_T1_P_5_Tue_Mar__7_13_47_55_2023,0.024267971515655518,1.6350867748260498,269.7497605033404
WS23_L1_T1_P_5_Tue_Mar__7_13_47_55_2023,0.024342209100723294,1.64955735206604,269.7497605033404
WS23_L1_T1_P_5_Tue_Mar__7_13_47_55_2023,0.024342209100723294,1.64955735206604,269.7497605033404
WS23_L1_T1_P_5_Tue_Mar__7_13_47_55_2023,0.024342209100723294,1.64955735206604,269.7497605033404
WS23_L1_T1_P_5_Tue_Mar__7_13_47_55_2023,0.024342209100723294,1.64955735206604,269.7497605033404
WS23_L1_T1_P_5_Tue_Mar__7_13_47_55_2023,0.024342209100723294,1.64955735206604,269.7497605033404
WS23_L1_T1_P_5_Tue_Mar__7_13_47_55_2023,0.024342209100723294,1.64955735206604,269.7497605033404
WS23_L1_T1_P_5_Tue_Mar__7_13_47_55_2023,0.024342209100723294,1.64955735206604,269.7497605033404
WS23_L1_T1_P_5_Tue_Mar__7_13_47_55_2023,0.024342209100723294,1.64955735206604,269.7497605033404
WS23_L1_T1_P_5_Tue_Mar__7_13_47_55_2023,0.024342209100723294,1.64955735206604,269.7497605033404
WS23_L1_T1_P_5_Tue_Mar__7_13_47_55_2023,0.024342209100723294,1.64955735206604,269.7497605033404
WS23_L1_T1_P_5_Tue_Mar__7_13_47_55_2023,0.024342209100723294,1.64955735206604,269.7497605033404
WS23_L1_T1_P_5_Tue_Mar__7_13_47_55_2023,0.024342209100723294,1.64955735206604,269.7497605033404
WS23_L1_T1_P_5_Tue_Mar__7_13_47_55_2023,0.024428442120552007,1.723160743713379,269.7497605033404
WS23_L1_T1_P_5_Tue_Mar__7_13_47_55_2023,0.024428442120552007,1.723160743713379,269.7497605033404
WS23_L1_T1_P_5_Tue_Mar__7_13_47_55_2023,0.024428442120552007,1.723160743713379,269.7497605033404
WS23_L1_T1_P_5_Tue_Mar__7_13_47_55_2023,0.024428442120552007,1.723160743713379,269.7497605033404
WS23_L1_T1_P_5_Tue_Mar__7_13_47_55_2023,0.024428442120552007,1.723160743713379,269.7497605033404
WS23_L1_T1_P_5_Tue_Mar__7_13_47_55_2023,0.024428442120552007,1.723160743713379,269.7497605033404
WS23_L1_T1_P_5_Tue_Mar__7_13_47_55_2023,0.024428442120552007,1.723160743713379,269.7497605033404
WS23_L1_T1_P_5_Tue_Mar__7_13_47_55_2023,0.02446892857551572,1.6836446523666382,269.7497605033404
WS23_L1_T1_P_5_Tue_Mar__7_13_47_55_2023,0.02446892857551572,1.6836446523666382,269.7497605033404
WS23_L1_T1_P_5_Tue_Mar__7_13_47_55_2023,0.02446892857551572,1.6836446523666382,269.7497605033404
WS23_L1_T1_P_5_Tue_Mar__7_13_47_55_2023,0.02446892857551572,1.6836446523666382,269.7497605033404
WS23_L1_T1_P_5_Tue_Mar__7_13_47_55_2023,0.02446892857551572,1.6836446523666382,269.7497605033404
WS23_L1_T1_P_5_Tue_Mar__7_13_47_55_2023,0.02446892857551572,1.6836446523666382,269.7497605033404
WS23_L1_T1_P_5_Tue_Mar__7_13_47_55_2023,0.024512112140655518,1.77448308467865,269.7497605033404
WS23_L1_T1_P_5_Tue_Mar__7_13_47_55_2023,0.024512112140655518,1.77448308467865,269.7497605033404
WS23_L1_T1_P_5_Tue_Mar__7_13_47_55_2023,0.024512112140655518,1.77448308467865,269.7497605033404
WS23_L1_T1_P_5_Tue_Mar__7_13_47_55_2023,0.024512112140655518,1.77448308467865,269.7497605033404
WS23_L1_T1_P_5_Tue_Mar__7_13_47_55_2023,0.024512112140655518,1.77448308467865,269.7497605033404
WS23_L1_T1_P_5_Tue_Mar__7_13_47_55_2023,0.024512112140655518,1.77448308467865,269.7497605033404
WS23_L1_T1_P_5_Tue_Mar__7_13_47_55_2023,0.0245371013879776,1.8282798528671265,269.7497605033404
WS23_L1_T1_P_5_Tue_Mar__7_13_47_55_2023,0.0245371013879776,1.8282798528671265,269.7497605033404
WS23_L1_T1_P_5_Tue_Mar__7_13_47_55_2023,0.0245371013879776,1.8282798528671265,269.7497605033404
WS23_L1_T1_P_5_Tue_Mar__7_13_47_55_2023,0.0245371013879776,1.8282798528671265,269.7497605033404
WS23_L1_T1_P_5_Tue_Mar__7_13_47_55_2023,0.0245371013879776,1.8282798528671265,269.7497605033404
WS23_L1_T1_P_5_Tue_Mar__7_13_47_55_2023,0.0245371013879776,1.8282798528671265,269.7497605033404
WS23_L1_T1_P_5_Tue_Mar__7_13_47_55_2023,0.02459707856178281,1.982075333595276,269.7497605033404
WS23_L1_T1_P_5_Tue_Mar__7_13_47_55_2023,0.02459707856178281,1.982075333595276,269.7497605033404
WS23_L1_T1_P_5_Tue_Mar__7_13_47_55_2023,0.02459707856178281,1.982075333595276,269.7497605033404
WS23_L1_T1_P_5_Tue_Mar__7_13_47_55_2023,0.02459707856178281,1.982075333595276,269.7497605033404
WS23_L1_T1_P_5_Tue_Mar__7_13_47_55_2023,0.02459707856178281,1.982075333595276,269.7497605033404
WS23_L1_T1_P_5_Tue_Mar__7_13_47_55_2023,0.02459707856178281,1.982075333595276,269.7497605033404
WS23_L1_T1_P_5_Tue_Mar__7_13_47_55_2023,0.02459707856178281,1.982075333595276,269.7497605033404
WS23_L1_T1_P_5_Tue_Mar__7_13_47_55_2023,0.02468475699424741,1.975334405899048,269.7497605033404
WS23_L1_T1_P_5_Tue_Mar__7_13_47_55_2023,0.02468475699424741,1.975334405899048,269.7497605033404
WS23_L1_T1_P_5_Tue_Mar__7_13_47_55_2023,0.02468475699424741,1.975334405899048,269.7497605033404
WS23_L1_T1_P_5_Tue_Mar__7_13_47_55_2023,0.02468475699424741,1.975334405899048,269.7497605033404
WS23_L1_T1_P_5_Tue_Mar__7_13_47_55_2023,0.02468475699424741,1.975334405899048,269.7497605033404
WS23_L1_T1_P_5_Tue_Mar__7_13_47_55_2023,0.024745807051658603,1.9948703050613403,269.7497605033404
WS23_L1_T1_P_5_Tue_Mar__7_13_47_55_2023,0.024745807051658603,1.9948703050613403,269.7497605033404
WS23_L1_T1_P_5_Tue_Mar__7_13_47_55_2023,0.024745807051658603,1.9948703050613403,269.7497605033404
WS23_L1_T1_P_5_Tue_Mar__7_13_47_55_2023,0.024745807051658603,1.9948703050613403,269.7497605033404
WS23_L1_T1_P_5_Tue_Mar__7_13_47_55_2023,0.024745807051658603,1.9948703050613403,269.7497605033404
WS23_L1_T1_P_5_Tue_Mar__7_13_47_55_2023,0.024745807051658603,1.9948703050613403,269.7497605033404
WS23_L1_T1_P_5_Tue_Mar__7_13_47_55_2023,0.024767056107521,2.106908082962036,269.7497605033404
WS23_L1_T1_P_5_Tue_Mar__7_13_47_55_2023,0.024767056107521,2.106908082962036,269.7497605033404
WS23_L1_T1_P_5_Tue_Mar__7_13_47_55_2023,0.024767056107521,2.106908082962036,269.7497605033404
WS23_L1_T1_P_5_Tue_Mar__7_13_47_55_2023,0.024767056107521,2.106908082962036,269.7497605033404
WS23_L1_T1_P_5_Tue_Mar__7_13_47_55_2023,0.024767056107521,2.106908082962036,269.7497605033404
WS23_L1_T1_P_5_Tue_Mar__7_13_47_55_2023,0.024767056107521,2.106908082962036,269.7497605033404
WS23_L1_T1_P_5_Tue_Mar__7_13_47_55_2023,0.02485477924346921,1.9736634492874143,269.7497605033404
WS23_L1_T1_P_5_Tue_Mar__7_13_47_55_2023,0.02485477924346921,1.9736634492874143,269.7497605033404
WS23_L1_T1_P_5_Tue_Mar__7_13_47_55_2023,0.02485477924346921,1.9736634492874143,269.7497605033404
WS23_L1_T1_P_5_Tue_Mar__7_13_47_55_2023,0.02485477924346921,1.9736634492874143,269.7497605033404
WS23_L1_T1_P_5_Tue_Mar__7_13_47_55_2023,0.02485477924346921,1.9736634492874143,269.7497605033404
WS23_L1_T1_P_5_Tue_Mar__7_13_47_55_2023,0.02485477924346921,1.9736634492874143,269.7497605033404
WS23_L1_T1_P_5_Tue_Mar__7_13_47_55_2023,0.024873793125152616,2.17846417427063,269.7497605033404
WS23_L1_T1_P_5_Tue_Mar__7_13_47_55_2023,0.024873793125152616,2.17846417427063,269.7497605033404
WS23_L1_T1_P_5_Tue_Mar__7_13_47_55_2023,0.024873793125152616,2.17846417427063,269.7497605033404
WS23_L1_T1_P_5_Tue_Mar__7_13_47_55_2023,0.024873793125152616,2.17846417427063,269.7497605033404
WS23_L1_T1_P_5_Tue_Mar__7_13_47_55_2023,0.024873793125152616,2.17846417427063,269.7497605033404
WS23_L1_T1_P_5_Tue_Mar__7_13_47_55_2023,0.024873793125152616,2.17846417427063,269.7497605033404
WS23_L1_T1_P_5_Tue_Mar__7_13_47_55_2023,0.024943798780441312,2.207637310028076,269.7497605033404
WS23_L1_T1_P_5_Tue_Mar__7_13_47_55_2023,0.024943798780441312,2.207637310028076,269.7497605033404
WS23_L1_T1_P_5_Tue_Mar__7_13_47_55_2023,0.024943798780441312,2.207637310028076,269.7497605033404
WS23_L1_T1_P_5_Tue_Mar__7_13_47_55_2023,0.024943798780441312,2.207637310028076,269.7497605033404
WS23_L1_T1_P_5_Tue_Mar__7_13_47_55_2023,0.024943798780441312,2.207637310028076,269.7497605033404
WS23_L1_T1_P_5_Tue_Mar__7_13_47_55_2023,0.024943798780441312,2.207637310028076,269.7497605033404
WS23_L1_T1_P_5_Tue_Mar__7_13_47_55_2023,0.024943798780441312,2.207637310028076,269.7497605033404
WS23_L1_T1_P_5_Tue_Mar__7_13_47_55_2023,0.024977862834930392,2.173046827316284,269.7497605033404
WS23_L1_T1_P_5_Tue_Mar__7_13_47_55_2023,0.024977862834930392,2.173046827316284,269.7497605033404
WS23_L1_T1_P_5_Tue_Mar__7_13_47_55_2023,0.024977862834930392,2.173046827316284,269.7497605033404
WS23_L1_T1_P_5_Tue_Mar__7_13_47_55_2023,0.024977862834930392,2.173046827316284,269.7497605033404
WS23_L1_T1_P_5_Tue_Mar__7_13_47_55_2023,0.024977862834930392,2.173046827316284,269.7497605033404
WS23_L1_T1_P_5_Tue_Mar__7_13_47_55_2023,0.024977862834930392,2.173046827316284,269.7497605033404
WS23_L1_T1_P_5_Tue_Mar__7_13_47_55_2023,0.025045827031135504,2.300593852996826,269.7497605033404
WS23_L1_T1_P_5_Tue_Mar__7_13_47_55_2023,0.025045827031135504,2.300593852996826,269.7497605033404
WS23_L1_T1_P_5_Tue_Mar__7_13_47_55_2023,0.025045827031135504,2.300593852996826,269.7497605033404
WS23_L1_T1_P_5_Tue_Mar__7_13_47_55_2023,0.025045827031135504,2.300593852996826,269.7497605033404
WS23_L1_T1_P_5_Tue_Mar__7_13_47_55_2023,0.025045827031135504,2.300593852996826,269.7497605033404
WS23_L1_T1_P_5_Tue_Mar__7_13_47_55_2023,0.025045827031135504,2.300593852996826,269.7497605033404
WS23_L1_T1_P_5_Tue_Mar__7_13_47_55_2023,0.025156795978546115,2.301068067550659,269.7497605033404
WS23_L1_T1_P_5_Tue_Mar__7_13_47_55_2023,0.025156795978546115,2.301068067550659,269.7497605033404
WS23_L1_T1_P_5_Tue_Mar__7_13_47_55_2023,0.025156795978546115,2.301068067550659,269.7497605033404
WS23_L1_T1_P_5_Tue_Mar__7_13_47_55_2023,0.025156795978546115,2.301068067550659,269.7497605033404
WS23_L1_T1_P_5_Tue_Mar__7_13_47_55_2023,0.025156795978546115,2.301068067550659,269.7497605033404
WS23_L1_T1_P_5_Tue_Mar__7_13_47_55_2023,0.025156795978546115,2.301068067550659,269.7497605033404
WS23_L1_T1_P_5_Tue_Mar__7_13_47_55_2023,0.025156795978546115,2.301068067550659,269.7497605033404
WS23_L1_T1_P_5_Tue_Mar__7_13_47_55_2023,0.025156795978546115,2.301068067550659,269.7497605033404
WS23_L1_T1_P_5_Tue_Mar__7_13_47_55_2023,0.0252231955528259,2.3216278553009038,269.7497605033404
WS23_L1_T1_P_5_Tue_Mar__7_13_47_55_2023,0.0252231955528259,2.3216278553009038,269.7497605033404
WS23_L1_T1_P_5_Tue_Mar__7_13_47_55_2023,0.0252231955528259,2.3216278553009038,269.7497605033404
WS23_L1_T1_P_5_Tue_Mar__7_13_47_55_2023,0.0252231955528259,2.3216278553009038,269.7497605033404
WS23_L1_T1_P_5_Tue_Mar__7_13_47_55_2023,0.0252231955528259,2.3216278553009038,269.7497605033404
WS23_L1_T1_P_5_Tue_Mar__7_13_47_55_2023,0.0252231955528259,2.3216278553009038,269.7497605033404
WS23_L1_T1_P_5_Tue_Mar__7_13_47_55_2023,0.0252231955528259,2.3216278553009038,269.7497605033404
WS23_L1_T1_P_5_Tue_Mar__7_13_47_55_2023,0.025271281599998502,2.3706042766571045,269.7497605033404
WS23_L1_T1_P_5_Tue_Mar__7_13_47_55_2023,0.025271281599998502,2.3706042766571045,269.7497605033404
WS23_L1_T1_P_5_Tue_Mar__7_13_47_55_2023,0.025271281599998502,2.3706042766571045,269.7497605033404
WS23_L1_T1_P_5_Tue_Mar__7_13_47_55_2023,0.025271281599998502,2.3706042766571045,269.7497605033404
WS23_L1_T1_P_5_Tue_Mar__7_13_47_55_2023,0.025271281599998502,2.3706042766571045,269.7497605033404
WS23_L1_T1_P_5_Tue_Mar__7_13_47_55_2023,0.025271281599998502,2.3706042766571045,269.7497605033404
WS23_L1_T1_P_5_Tue_Mar__7_13_47_55_2023,0.025271281599998502,2.3706042766571045,269.7497605033404
WS23_L1_T1_P_5_Tue_Mar__7_13_47_55_2023,0.025348320603370694,2.393544435501098,269.7497605033404
WS23_L1_T1_P_5_Tue_Mar__7_13_47_55_2023,0.025348320603370694,2.393544435501098,269.7497605033404
WS23_L1_T1_P_5_Tue_Mar__7_13_47_55_2023,0.025348320603370694,2.393544435501098,269.7497605033404
WS23_L1_T1_P_5_Tue_Mar__7_13_47_55_2023,0.025348320603370694,2.393544435501098,269.7497605033404
WS23_L1_T1_P_5_Tue_Mar__7_13_47_55_2023,0.025348320603370694,2.393544435501098,269.7497605033404
WS23_L1_T1_P_5_Tue_Mar__7_13_47_55_2023,0.025348320603370694,2.393544435501098,269.7497605033404
WS23_L1_T1_P_5_Tue_Mar__7_13_47_55_2023,0.025348320603370694,2.393544435501098,269.7497605033404
WS23_L1_T1_P_5_Tue_Mar__7_13_47_55_2023,0.025348320603370694,2.393544435501098,269.7497605033404
WS23_L1_T1_P_5_Tue_Mar__7_13_47_55_2023,0.025438115000724792,2.4026548862457275,269.7497605033404
WS23_L1_T1_P_5_Tue_Mar__7_13_47_55_2023,0.025438115000724792,2.4026548862457275,269.7497605033404
WS23_L1_T1_P_5_Tue_Mar__7_13_47_55_2023,0.025438115000724792,2.4026548862457275,269.7497605033404
WS23_L1_T1_P_5_Tue_Mar__7_13_47_55_2023,0.025438115000724792,2.4026548862457275,269.7497605033404
WS23_L1_T1_P_5_Tue_Mar__7_13_47_55_2023,0.025438115000724792,2.4026548862457275,269.7497605033404
WS23_L1_T1_P_5_Tue_Mar__7_13_47_55_2023,0.025438115000724792,2.4026548862457275,269.7497605033404
WS23_L1_T1_P_5_Tue_Mar__7_13_47_55_2023,0.025438115000724792,2.4026548862457275,269.7497605033404
WS23_L1_T1_P_5_Tue_Mar__7_13_47_55_2023,0.02552993595600131,2.4083797931671143,269.7497605033404
WS23_L1_T1_P_5_Tue_Mar__7_13_47_55_2023,0.02552993595600131,2.4083797931671143,269.7497605033404
WS23_L1_T1_P_5_Tue_Mar__7_13_47_55_2023,0.02552993595600131,2.4083797931671143,269.7497605033404
WS23_L1_T1_P_5_Tue_Mar__7_13_47_55_2023,0.02552993595600131,2.4083797931671143,269.7497605033404
WS23_L1_T1_P_5_Tue_Mar__7_13_47_55_2023,0.02552993595600131,2.4083797931671143,269.7497605033404
WS23_L1_T1_P_5_Tue_Mar__7_13_47_55_2023,0.02552993595600131,2.4083797931671143,269.7497605033404
WS23_L1_T1_P_5_Tue_Mar__7_13_47_55_2023,0.02552993595600131,2.4083797931671143,269.7497605033404
WS23_L1_T1_P_5_Tue_Mar__7_13_47_55_2023,0.02552993595600131,2.4083797931671143,269.7497605033404
WS23_L1_T1_P_5_Tue_Mar__7_13_47_55_2023,0.025594264268875094,2.413001298904419,269.7497605033404
WS23_L1_T1_P_5_Tue_Mar__7_13_47_55_2023,0.025594264268875094,2.413001298904419,269.7497605033404
WS23_L1_T1_P_5_Tue_Mar__7_13_47_55_2023,0.025594264268875094,2.413001298904419,269.7497605033404
WS23_L1_T1_P_5_Tue_Mar__7_13_47_55_2023,0.025594264268875094,2.413001298904419,269.7497605033404
WS23_L1_T1_P_5_Tue_Mar__7_13_47_55_2023,0.025594264268875094,2.413001298904419,269.7497605033404
WS23_L1_T1_P_5_Tue_Mar__7_13_47_55_2023,0.025594264268875094,2.413001298904419,269.7497605033404
WS23_L1_T1_P_5_Tue_Mar__7_13_47_55_2023,0.025594264268875094,2.413001298904419,269.7497605033404
WS23_L1_T1_P_5_Tue_Mar__7_13_47_55_2023,0.025660559535026495,2.47412371635437,269.7497605033404
WS23_L1_T1_P_5_Tue_Mar__7_13_47_55_2023,0.025660559535026495,2.47412371635437,269.7497605033404
WS23_L1_T1_P_5_Tue_Mar__7_13_47_55_2023,0.025660559535026495,2.47412371635437,269.7497605033404
WS23_L1_T1_P_5_Tue_Mar__7_13_47_55_2023,0.025660559535026495,2.47412371635437,269.7497605033404
WS23_L1_T1_P_5_Tue_Mar__7_13_47_55_2023,0.025660559535026495,2.47412371635437,269.7497605033404
WS23_L1_T1_P_5_Tue_Mar__7_13_47_55_2023,0.025660559535026495,2.47412371635437,269.7497605033404
WS23_L1_T1_P_5_Tue_Mar__7_13_47_55_2023,0.025660559535026495,2.47412371635437,269.7497605033404
WS23_L1_T1_P_5_Tue_Mar__7_13_47_55_2023,0.025825634598731995,2.336527109146118,269.7497605033404
WS23_L1_T1_P_5_Tue_Mar__7_13_47_55_2023,0.025825634598731995,2.336527109146118,269.7497605033404
WS23_L1_T1_P_5_Tue_Mar__7_13_47_55_2023,0.025825634598731995,2.336527109146118,269.7497605033404
WS23_L1_T1_P_5_Tue_Mar__7_13_47_55_2023,0.025825634598731995,2.336527109146118,269.7497605033404
WS23_L1_T1_P_5_Tue_Mar__7_13_47_55_2023,0.025825634598731995,2.336527109146118,269.7497605033404
WS23_L1_T1_P_5_Tue_Mar__7_13_47_55_2023,0.025825634598731995,2.336527109146118,269.7497605033404
WS23_L1_T1_P_5_Tue_Mar__7_13_47_55_2023,0.025825634598731995,2.336527109146118,269.7497605033404
WS23_L1_T1_P_5_Tue_Mar__7_13_47_55_2023,0.025825634598731995,2.336527109146118,269.7497605033404
WS23_L1_T1_P_5_Tue_Mar__7_13_47_55_2023,0.0258727818727493,2.4429500102996826,269.7497605033404
WS23_L1_T1_P_5_Tue_Mar__7_13_47_55_2023,0.0258727818727493,2.4429500102996826,269.7497605033404
WS23_L1_T1_P_5_Tue_Mar__7_13_47_55_2023,0.0258727818727493,2.4429500102996826,269.7497605033404
WS23_L1_T1_P_5_Tue_Mar__7_13_47_55_2023,0.0258727818727493,2.4429500102996826,269.7497605033404
WS23_L1_T1_P_5_Tue_Mar__7_13_47_55_2023,0.0258727818727493,2.4429500102996826,269.7497605033404
WS23_L1_T1_P_5_Tue_Mar__7_13_47_55_2023,0.0258727818727493,2.4429500102996826,269.7497605033404
WS23_L1_T1_P_5_Tue_Mar__7_13_47_55_2023,0.0258727818727493,2.4429500102996826,269.7497605033404
WS23_L1_T1_P_5_Tue_Mar__7_13_47_55_2023,0.025978595018386813,2.4348702430725098,269.7497605033404
WS23_L1_T1_P_5_Tue_Mar__7_13_47_55_2023,0.025978595018386813,2.4348702430725098,269.7497605033404
WS23_L1_T1_P_5_Tue_Mar__7_13_47_55_2023,0.025978595018386813,2.4348702430725098,269.7497605033404
WS23_L1_T1_P_5_Tue_Mar__7_13_47_55_2023,0.025978595018386813,2.4348702430725098,269.7497605033404
WS23_L1_T1_P_5_Tue_Mar__7_13_47_55_2023,0.025978595018386813,2.4348702430725098,269.7497605033404
WS23_L1_T1_P_5_Tue_Mar__7_13_47_55_2023,0.025978595018386813,2.4348702430725098,269.7497605033404
WS23_L1_T1_P_5_Tue_Mar__7_13_47_55_2023,0.025978595018386813,2.4348702430725098,269.7497605033404
WS23_L1_T1_P_5_Tue_Mar__7_13_47_55_2023,0.025978595018386813,2.4348702430725098,269.7497605033404
WS23_L1_T1_P_5_Tue_Mar__7_13_47_55_2023,0.026024922728538513,2.409125328063965,269.7497605033404
WS23_L1_T1_P_5_Tue_Mar__7_13_47_55_2023,0.026024922728538513,2.409125328063965,269.7497605033404
WS23_L1_T1_P_5_Tue_Mar__7_13_47_55_2023,0.026024922728538513,2.409125328063965,269.7497605033404
WS23_L1_T1_P_5_Tue_Mar__7_13_47_55_2023,0.026024922728538513,2.409125328063965,269.7497605033404
WS23_L1_T1_P_5_Tue_Mar__7_13_47_55_2023,0.026024922728538513,2.409125328063965,269.7497605033404
WS23_L1_T1_P_5_Tue_Mar__7_13_47_55_2023,0.026024922728538513,2.409125328063965,269.7497605033404
WS23_L1_T1_P_5_Tue_Mar__7_13_47_55_2023,0.026024922728538513,2.409125328063965,269.7497605033404
WS23_L1_T1_P_5_Tue_Mar__7_13_47_55_2023,0.026024922728538513,2.409125328063965,269.7497605033404
WS23_L1_T1_P_5_Tue_Mar__7_13_47_55_2023,0.02611410617828372,2.515589714050293,269.7497605033404
WS23_L1_T1_P_5_Tue_Mar__7_13_47_55_2023,0.02611410617828372,2.515589714050293,269.7497605033404
WS23_L1_T1_P_5_Tue_Mar__7_13_47_55_2023,0.02611410617828372,2.515589714050293,269.7497605033404
WS23_L1_T1_P_5_Tue_Mar__7_13_47_55_2023,0.02611410617828372,2.515589714050293,269.7497605033404
WS23_L1_T1_P_5_Tue_Mar__7_13_47_55_2023,0.02611410617828372,2.515589714050293,269.7497605033404
WS23_L1_T1_P_5_Tue_Mar__7_13_47_55_2023,0.02611410617828372,2.515589714050293,269.7497605033404
WS23_L1_T1_P_5_Tue_Mar__7_13_47_55_2023,0.02611410617828372,2.515589714050293,269.7497605033404
WS23_L1_T1_P_5_Tue_Mar__7_13_47_55_2023,0.026203230023384094,2.5247859954833984,269.7497605033404
WS23_L1_T1_P_5_Tue_Mar__7_13_47_55_2023,0.026203230023384094,2.5247859954833984,269.7497605033404
WS23_L1_T1_P_5_Tue_Mar__7_13_47_55_2023,0.026203230023384094,2.5247859954833984,269.7497605033404
WS23_L1_T1_P_5_Tue_Mar__7_13_47_55_2023,0.026203230023384094,2.5247859954833984,269.7497605033404
WS23_L1_T1_P_5_Tue_Mar__7_13_47_55_2023,0.026203230023384094,2.5247859954833984,269.7497605033404
WS23_L1_T1_P_5_Tue_Mar__7_13_47_55_2023,0.026203230023384094,2.5247859954833984,269.7497605033404
WS23_L1_T1_P_5_Tue_Mar__7_13_47_55_2023,0.02627398073673251,2.552529573440552,269.7497605033404
WS23_L1_T1_P_5_Tue_Mar__7_13_47_55_2023,0.02627398073673251,2.552529573440552,269.7497605033404
WS23_L1_T1_P_5_Tue_Mar__7_13_47_55_2023,0.02627398073673251,2.552529573440552,269.7497605033404
WS23_L1_T1_P_5_Tue_Mar__7_13_47_55_2023,0.02627398073673251,2.552529573440552,269.7497605033404
WS23_L1_T1_P_5_Tue_Mar__7_13_47_55_2023,0.02627398073673251,2.552529573440552,269.7497605033404
WS23_L1_T1_P_5_Tue_Mar__7_13_47_55_2023,0.02627398073673251,2.552529573440552,269.7497605033404
WS23_L1_T1_P_5_Tue_Mar__7_13_47_55_2023,0.026323959231376592,2.601003408432007,269.7497605033404
WS23_L1_T1_P_5_Tue_Mar__7_13_47_55_2023,0.026323959231376592,2.601003408432007,269.7497605033404
WS23_L1_T1_P_5_Tue_Mar__7_13_47_55_2023,0.026323959231376592,2.601003408432007,269.7497605033404
WS23_L1_T1_P_5_Tue_Mar__7_13_47_55_2023,0.026323959231376592,2.601003408432007,269.7497605033404
WS23_L1_T1_P_5_Tue_Mar__7_13_47_55_2023,0.026323959231376592,2.601003408432007,269.7497605033404
WS23_L1_T1_P_5_Tue_Mar__7_13_47_55_2023,0.026383578777313205,2.6392383575439453,269.7497605033404
WS23_L1_T1_P_5_Tue_Mar__7_13_47_55_2023,0.026383578777313205,2.6392383575439453,269.7497605033404
WS23_L1_T1_P_5_Tue_Mar__7_13_47_55_2023,0.026383578777313205,2.6392383575439453,269.7497605033404
WS23_L1_T1_P_5_Tue_Mar__7_13_47_55_2023,0.026383578777313205,2.6392383575439453,269.7497605033404
WS23_L1_T1_P_5_Tue_Mar__7_13_47_55_2023,0.026383578777313205,2.6392383575439453,269.7497605033404
WS23_L1_T1_P_5_Tue_Mar__7_13_47_55_2023,0.026383578777313205,2.6392383575439453,269.7497605033404
WS23_L1_T1_P_5_Tue_Mar__7_13_47_55_2023,0.026473477482795715,2.647386074066162,269.7497605033404
WS23_L1_T1_P_5_Tue_Mar__7_13_47_55_2023,0.026473477482795715,2.647386074066162,269.7497605033404
WS23_L1_T1_P_5_Tue_Mar__7_13_47_55_2023,0.026473477482795715,2.647386074066162,269.7497605033404
WS23_L1_T1_P_5_Tue_Mar__7_13_47_55_2023,0.026473477482795715,2.647386074066162,269.7497605033404
WS23_L1_T1_P_5_Tue_Mar__7_13_47_55_2023,0.026473477482795715,2.647386074066162,269.7497605033404
WS23_L1_T1_P_5_Tue_Mar__7_13_47_55_2023,0.026473477482795715,2.647386074066162,269.7497605033404
WS23_L1_T1_P_5_Tue_Mar__7_13_47_55_2023,0.026468858122825595,2.670478343963623,269.7497605033404
WS23_L1_T1_P_5_Tue_Mar__7_13_47_55_2023,0.026468858122825595,2.670478343963623,269.7497605033404
WS23_L1_T1_P_5_Tue_Mar__7_13_47_55_2023,0.026468858122825595,2.670478343963623,269.7497605033404
WS23_L1_T1_P_5_Tue_Mar__7_13_47_55_2023,0.026468858122825595,2.670478343963623,269.7497605033404
WS23_L1_T1_P_5_Tue_Mar__7_13_47_55_2023,0.026468858122825595,2.670478343963623,269.7497605033404
WS23_L1_T1_P_5_Tue_Mar__7_13_47_55_2023,0.026468858122825595,2.670478343963623,269.7497605033404
WS23_L1_T1_P_5_Tue_Mar__7_13_47_55_2023,0.026561513543128995,2.754422664642334,269.7497605033404
WS23_L1_T1_P_5_Tue_Mar__7_13_47_55_2023,0.026561513543128995,2.754422664642334,269.7497605033404
WS23_L1_T1_P_5_Tue_Mar__7_13_47_55_2023,0.026561513543128995,2.754422664642334,269.7497605033404
WS23_L1_T1_P_5_Tue_Mar__7_13_47_55_2023,0.026561513543128995,2.754422664642334,269.7497605033404
WS23_L1_T1_P_5_Tue_Mar__7_13_47_55_2023,0.026561513543128995,2.754422664642334,269.7497605033404
WS23_L1_T1_P_5_Tue_Mar__7_13_47_55_2023,0.026574507355690002,2.837737560272217,269.7497605033404
WS23_L1_T1_P_5_Tue_Mar__7_13_47_55_2023,0.026574507355690002,2.837737560272217,269.7497605033404
WS23_L1_T1_P_5_Tue_Mar__7_13_47_55_2023,0.026574507355690002,2.837737560272217,269.7497605033404
WS23_L1_T1_P_5_Tue_Mar__7_13_47_55_2023,0.026574507355690002,2.837737560272217,269.7497605033404
WS23_L1_T1_P_5_Tue_Mar__7_13_47_55_2023,0.026574507355690002,2.837737560272217,269.7497605033404
WS23_L1_T1_P_5_Tue_Mar__7_13_47_55_2023,0.026574507355690002,2.837737560272217,269.7497605033404
WS23_L1_T1_P_5_Tue_Mar__7_13_47_55_2023,0.02663940191268921,2.764460802078247,269.7497605033404
WS23_L1_T1_P_5_Tue_Mar__7_13_47_55_2023,0.02663940191268921,2.764460802078247,269.7497605033404
WS23_L1_T1_P_5_Tue_Mar__7_13_47_55_2023,0.02663940191268921,2.764460802078247,269.7497605033404
WS23_L1_T1_P_5_Tue_Mar__7_13_47_55_2023,0.02663940191268921,2.764460802078247,269.7497605033404
WS23_L1_T1_P_5_Tue_Mar__7_13_47_55_2023,0.02663940191268921,2.764460802078247,269.7497605033404
WS23_L1_T1_P_5_Tue_Mar__7_13_47_55_2023,0.02663940191268921,2.764460802078247,269.7497605033404
WS23_L1_T1_P_5_Tue_Mar__7_13_47_55_2023,0.02663940191268921,2.764460802078247,269.7497605033404
WS23_L1_T1_P_5_Tue_Mar__7_13_47_55_2023,0.02663940191268921,2.985809564590454,269.7497605033404
WS23_L1_T1_P_5_Tue_Mar__7_13_47_55_2023,0.02663940191268921,2.985809564590454,269.7497605033404
WS23_L1_T1_P_5_Tue_Mar__7_13_47_55_2023,0.02663940191268921,2.985809564590454,269.7497605033404
WS23_L1_T1_P_5_Tue_Mar__7_13_47_55_2023,0.02663940191268921,2.985809564590454,269.7497605033404
WS23_L1_T1_P_5_Tue_Mar__7_13_47_55_2023,0.02663940191268921,2.985809564590454,269.7497605033404
WS23_L1_T1_P_5_Tue_Mar__7_13_47_55_2023,0.02663940191268921,2.985809564590454,269.7497605033404
WS23_L1_T1_P_5_Tue_Mar__7_13_47_55_2023,0.026678711175918607,2.9109840393066406,269.7497605033404
WS23_L1_T1_P_5_Tue_Mar__7_13_47_55_2023,0.026678711175918607,2.9109840393066406,269.7497605033404
WS23_L1_T1_P_5_Tue_Mar__7_13_47_55_2023,0.026678711175918607,2.9109840393066406,269.7497605033404
WS23_L1_T1_P_5_Tue_Mar__7_13_47_55_2023,0.026678711175918607,2.9109840393066406,269.7497605033404
WS23_L1_T1_P_5_Tue_Mar__7_13_47_55_2023,0.026678711175918607,2.9109840393066406,269.7497605033404
WS23_L1_T1_P_5_Tue_Mar__7_13_47_55_2023,0.026678711175918607,2.9109840393066406,269.7497605033404
WS23_L1_T1_P_5_Tue_Mar__7_13_47_55_2023,0.02672465145587921,3.095678806304932,269.7497605033404
WS23_L1_T1_P_5_Tue_Mar__7_13_47_55_2023,0.02672465145587921,3.095678806304932,269.7497605033404
WS23_L1_T1_P_5_Tue_Mar__7_13_47_55_2023,0.02672465145587921,3.095678806304932,269.7497605033404
WS23_L1_T1_P_5_Tue_Mar__7_13_47_55_2023,0.02672465145587921,3.095678806304932,269.7497605033404
WS23_L1_T1_P_5_Tue_Mar__7_13_47_55_2023,0.02672465145587921,3.095678806304932,269.7497605033404
WS23_L1_T1_P_5_Tue_Mar__7_13_47_55_2023,0.02672465145587921,3.095678806304932,269.7497605033404
WS23_L1_T1_P_5_Tue_Mar__7_13_47_55_2023,0.02672465145587921,3.095678806304932,269.7497605033404
WS23_L1_T1_P_5_Tue_Mar__7_13_47_55_2023,0.02679964900016782,3.0833332538604736,269.7497605033404
WS23_L1_T1_P_5_Tue_Mar__7_13_47_55_2023,0.02679964900016782,3.0833332538604736,269.7497605033404
WS23_L1_T1_P_5_Tue_Mar__7_13_47_55_2023,0.02679964900016782,3.0833332538604736,269.7497605033404
WS23_L1_T1_P_5_Tue_Mar__7_13_47_55_2023,0.02679964900016782,3.0833332538604736,269.7497605033404
WS23_L1_T1_P_5_Tue_Mar__7_13_47_55_2023,0.02679964900016782,3.0833332538604736,269.7497605033404
WS23_L1_T1_P_5_Tue_Mar__7_13_47_55_2023,0.02679964900016782,3.0833332538604736,269.7497605033404
WS23_L1_T1_P_5_Tue_Mar__7_13_47_55_2023,0.02679964900016782,3.0833332538604736,269.7497605033404
WS23_L1_T1_P_5_Tue_Mar__7_13_47_55_2023,0.02679964900016782,3.0833332538604736,269.7497605033404
WS23_L1_T1_P_5_Tue_Mar__7_13_47_55_2023,0.026826456189155606,3.0754566192626958,269.7497605033404
WS23_L1_T1_P_5_Tue_Mar__7_13_47_55_2023,0.026826456189155606,3.0754566192626958,269.7497605033404
WS23_L1_T1_P_5_Tue_Mar__7_13_47_55_2023,0.026826456189155606,3.0754566192626958,269.7497605033404
WS23_L1_T1_P_5_Tue_Mar__7_13_47_55_2023,0.026826456189155606,3.0754566192626958,269.7497605033404
WS23_L1_T1_P_5_Tue_Mar__7_13_47_55_2023,0.026826456189155606,3.0754566192626958,269.7497605033404
WS23_L1_T1_P_5_Tue_Mar__7_13_47_55_2023,0.026826456189155606,3.0754566192626958,269.7497605033404
WS23_L1_T1_P_5_Tue_Mar__7_13_47_55_2023,0.026826456189155606,3.0754566192626958,269.7497605033404
WS23_L1_T1_P_5_Tue_Mar__7_13_47_55_2023,0.0268521457910538,3.2598228454589844,269.7497605033404
WS23_L1_T1_P_5_Tue_Mar__7_13_47_55_2023,0.0268521457910538,3.2598228454589844,269.7497605033404
WS23_L1_T1_P_5_Tue_Mar__7_13_47_55_2023,0.0268521457910538,3.2598228454589844,269.7497605033404
WS23_L1_T1_P_5_Tue_Mar__7_13_47_55_2023,0.0268521457910538,3.2598228454589844,269.7497605033404
WS23_L1_T1_P_5_Tue_Mar__7_13_47_55_2023,0.0268521457910538,3.2598228454589844,269.7497605033404
WS23_L1_T1_P_5_Tue_Mar__7_13_47_55_2023,0.0268521457910538,3.2598228454589844,269.7497605033404
WS23_L1_T1_P_5_Tue_Mar__7_13_47_55_2023,0.0268521457910538,3.2598228454589844,269.7497605033404
WS23_L1_T1_P_5_Tue_Mar__7_13_47_55_2023,0.0268521457910538,3.2598228454589844,269.7497605033404
WS23_L1_T1_P_5_Tue_Mar__7_13_47_55_2023,0.0268952548503876,3.3139562606811523,269.7497605033404
WS23_L1_T1_P_5_Tue_Mar__7_13_47_55_2023,0.0268952548503876,3.3139562606811523,269.7497605033404
WS23_L1_T1_P_5_Tue_Mar__7_13_47_55_2023,0.0268952548503876,3.3139562606811523,269.7497605033404
WS23_L1_T1_P_5_Tue_Mar__7_13_47_55_2023,0.0268952548503876,3.3139562606811523,269.7497605033404
WS23_L1_T1_P_5_Tue_Mar__7_13_47_55_2023,0.0268952548503876,3.3139562606811523,269.7497605033404
WS23_L1_T1_P_5_Tue_Mar__7_13_47_55_2023,0.0268952548503876,3.3139562606811523,269.7497605033404
WS23_L1_T1_P_5_Tue_Mar__7_13_47_55_2023,0.0268952548503876,3.3139562606811523,269.7497605033404
WS23_L1_T1_P_5_Tue_Mar__7_13_47_55_2023,0.026938110589981107,3.254279136657715,269.7497605033404
WS23_L1_T1_P_5_Tue_Mar__7_13_47_55_2023,0.026938110589981107,3.254279136657715,269.7497605033404
WS23_L1_T1_P_5_Tue_Mar__7_13_47_55_2023,0.026938110589981107,3.254279136657715,269.7497605033404
WS23_L1_T1_P_5_Tue_Mar__7_13_47_55_2023,0.026938110589981107,3.254279136657715,269.7497605033404
WS23_L1_T1_P_5_Tue_Mar__7_13_47_55_2023,0.026938110589981107,3.254279136657715,269.7497605033404
WS23_L1_T1_P_5_Tue_Mar__7_13_47_55_2023,0.026938110589981107,3.254279136657715,269.7497605033404
WS23_L1_T1_P_5_Tue_Mar__7_13_47_55_2023,0.026938110589981107,3.254279136657715,269.7497605033404
WS23_L1_T1_P_5_Tue_Mar__7_13_47_55_2023,0.026980608701705905,3.4233689308166504,269.7497605033404
WS23_L1_T1_P_5_Tue_Mar__7_13_47_55_2023,0.026980608701705905,3.4233689308166504,269.7497605033404
WS23_L1_T1_P_5_Tue_Mar__7_13_47_55_2023,0.026980608701705905,3.4233689308166504,269.7497605033404
WS23_L1_T1_P_5_Tue_Mar__7_13_47_55_2023,0.026980608701705905,3.4233689308166504,269.7497605033404
WS23_L1_T1_P_5_Tue_Mar__7_13_47_55_2023,0.026980608701705905,3.4233689308166504,269.7497605033404
WS23_L1_T1_P_5_Tue_Mar__7_13_47_55_2023,0.026980608701705905,3.4233689308166504,269.7497605033404
WS23_L1_T1_P_5_Tue_Mar__7_13_47_55_2023,0.026980608701705905,3.4233689308166504,269.7497605033404
WS23_L1_T1_P_5_Tue_Mar__7_13_47_55_2023,0.0270023494958877,3.383595466613769,269.7497605033404
WS23_L1_T1_P_5_Tue_Mar__7_13_47_55_2023,0.0270023494958877,3.383595466613769,269.7497605033404
WS23_L1_T1_P_5_Tue_Mar__7_13_47_55_2023,0.0270023494958877,3.383595466613769,269.7497605033404
WS23_L1_T1_P_5_Tue_Mar__7_13_47_55_2023,0.0270023494958877,3.383595466613769,269.7497605033404
WS23_L1_T1_P_5_Tue_Mar__7_13_47_55_2023,0.0270023494958877,3.383595466613769,269.7497605033404
WS23_L1_T1_P_5_Tue_Mar__7_13_47_55_2023,0.0270023494958877,3.383595466613769,269.7497605033404
WS23_L1_T1_P_5_Tue_Mar__7_13_47_55_2023,0.0270023494958877,3.383595466613769,269.7497605033404
WS23_L1_T1_P_5_Tue_Mar__7_13_47_55_2023,0.0270023494958877,3.383595466613769,269.7497605033404
WS23_L1_T1_P_5_Tue_Mar__7_13_47_55_2023,0.02704973518848422,3.5293729305267334,269.7497605033404
WS23_L1_T1_P_5_Tue_Mar__7_13_47_55_2023,0.02704973518848422,3.5293729305267334,269.7497605033404
WS23_L1_T1_P_5_Tue_Mar__7_13_47_55_2023,0.02704973518848422,3.5293729305267334,269.7497605033404
WS23_L1_T1_P_5_Tue_Mar__7_13_47_55_2023,0.02704973518848422,3.5293729305267334,269.7497605033404
WS23_L1_T1_P_5_Tue_Mar__7_13_47_55_2023,0.02704973518848422,3.5293729305267334,269.7497605033404
WS23_L1_T1_P_5_Tue_Mar__7_13_47_55_2023,0.02704973518848422,3.5293729305267334,269.7497605033404
WS23_L1_T1_P_5_Tue_Mar__7_13_47_55_2023,0.027098238468170194,3.482418298721313,269.7497605033404
WS23_L1_T1_P_5_Tue_Mar__7_13_47_55_2023,0.027098238468170194,3.482418298721313,269.7497605033404
WS23_L1_T1_P_5_Tue_Mar__7_13_47_55_2023,0.027098238468170194,3.482418298721313,269.7497605033404
WS23_L1_T1_P_5_Tue_Mar__7_13_47_55_2023,0.027098238468170194,3.482418298721313,269.7497605033404
WS23_L1_T1_P_5_Tue_Mar__7_13_47_55_2023,0.027098238468170194,3.482418298721313,269.7497605033404
WS23_L1_T1_P_5_Tue_Mar__7_13_47_55_2023,0.027098238468170194,3.482418298721313,269.7497605033404
WS23_L1_T1_P_5_Tue_Mar__7_13_47_55_2023,0.027108117938041715,3.587374448776245,269.7497605033404
WS23_L1_T1_P_5_Tue_Mar__7_13_47_55_2023,0.027108117938041715,3.587374448776245,269.7497605033404
WS23_L1_T1_P_5_Tue_Mar__7_13_47_55_2023,0.027108117938041715,3.587374448776245,269.7497605033404
WS23_L1_T1_P_5_Tue_Mar__7_13_47_55_2023,0.027108117938041715,3.587374448776245,269.7497605033404
WS23_L1_T1_P_5_Tue_Mar__7_13_47_55_2023,0.027108117938041715,3.587374448776245,269.7497605033404
WS23_L1_T1_P_5_Tue_Mar__7_13_47_55_2023,0.027108117938041715,3.587374448776245,269.7497605033404
WS23_L1_T1_P_5_Tue_Mar__7_13_47_55_2023,0.027173578739166204,3.679506778717041,269.7497605033404
WS23_L1_T1_P_5_Tue_Mar__7_13_47_55_2023,0.027173578739166204,3.679506778717041,269.7497605033404
WS23_L1_T1_P_5_Tue_Mar__7_13_47_55_2023,0.027173578739166204,3.679506778717041,269.7497605033404
WS23_L1_T1_P_5_Tue_Mar__7_13_47_55_2023,0.027173578739166204,3.679506778717041,269.7497605033404
WS23_L1_T1_P_5_Tue_Mar__7_13_47_55_2023,0.027173578739166204,3.679506778717041,269.7497605033404
WS23_L1_T1_P_5_Tue_Mar__7_13_47_55_2023,0.027173578739166204,3.679506778717041,269.7497605033404
WS23_L1_T1_P_5_Tue_Mar__7_13_47_55_2023,0.027173578739166204,3.679506778717041,269.7497605033404
WS23_L1_T1_P_5_Tue_Mar__7_13_47_55_2023,0.027193456888198797,3.696805238723755,269.7497605033404
WS23_L1_T1_P_5_Tue_Mar__7_13_47_55_2023,0.027193456888198797,3.696805238723755,269.7497605033404
WS23_L1_T1_P_5_Tue_Mar__7_13_47_55_2023,0.027193456888198797,3.696805238723755,269.7497605033404
WS23_L1_T1_P_5_Tue_Mar__7_13_47_55_2023,0.027193456888198797,3.696805238723755,269.7497605033404
WS23_L1_T1_P_5_Tue_Mar__7_13_47_55_2023,0.027193456888198797,3.696805238723755,269.7497605033404
WS23_L1_T1_P_5_Tue_Mar__7_13_47_55_2023,0.027193456888198797,3.696805238723755,269.7497605033404
WS23_L1_T1_P_5_Tue_Mar__7_13_47_55_2023,0.027270376682281494,3.7779252529144287,269.7497605033404
WS23_L1_T1_P_5_Tue_Mar__7_13_47_55_2023,0.027270376682281494,3.7779252529144287,269.7497605033404
WS23_L1_T1_P_5_Tue_Mar__7_13_47_55_2023,0.027270376682281494,3.7779252529144287,269.7497605033404
WS23_L1_T1_P_5_Tue_Mar__7_13_47_55_2023,0.027270376682281494,3.7779252529144287,269.7497605033404
WS23_L1_T1_P_5_Tue_Mar__7_13_47_55_2023,0.027270376682281494,3.7779252529144287,269.7497605033404
WS23_L1_T1_P_5_Tue_Mar__7_13_47_55_2023,0.027270376682281494,3.7779252529144287,269.7497605033404
WS23_L1_T1_P_5_Tue_Mar__7_13_47_55_2023,0.027278825640678406,3.9015634059906006,269.7497605033404
WS23_L1_T1_P_5_Tue_Mar__7_13_47_55_2023,0.027278825640678406,3.9015634059906006,269.7497605033404
WS23_L1_T1_P_5_Tue_Mar__7_13_47_55_2023,0.027278825640678406,3.9015634059906006,269.7497605033404
WS23_L1_T1_P_5_Tue_Mar__7_13_47_55_2023,0.027278825640678406,3.9015634059906006,269.7497605033404
WS23_L1_T1_P_5_Tue_Mar__7_13_47_55_2023,0.027278825640678406,3.9015634059906006,269.7497605033404
WS23_L1_T1_P_5_Tue_Mar__7_13_47_55_2023,0.027278825640678406,3.9015634059906006,269.7497605033404
WS23_L1_T1_P_5_Tue_Mar__7_13_47_55_2023,0.027311220765113803,3.947425603866577,269.7497605033404
WS23_L1_T1_P_5_Tue_Mar__7_13_47_55_2023,0.027311220765113803,3.947425603866577,269.7497605033404
WS23_L1_T1_P_5_Tue_Mar__7_13_47_55_2023,0.027311220765113803,3.947425603866577,269.7497605033404
WS23_L1_T1_P_5_Tue_Mar__7_13_47_55_2023,0.027311220765113803,3.947425603866577,269.7497605033404
WS23_L1_T1_P_5_Tue_Mar__7_13_47_55_2023,0.027311220765113803,3.947425603866577,269.7497605033404
WS23_L1_T1_P_5_Tue_Mar__7_13_47_55_2023,0.027311220765113803,3.947425603866577,269.7497605033404
WS23_L1_T1_P_5_Tue_Mar__7_13_47_55_2023,0.027311220765113803,3.947425603866577,269.7497605033404
WS23_L1_T1_P_5_Tue_Mar__7_13_47_55_2023,0.027332559227943393,4.051670551300049,269.7497605033404
WS23_L1_T1_P_5_Tue_Mar__7_13_47_55_2023,0.027332559227943393,4.051670551300049,269.7497605033404
WS23_L1_T1_P_5_Tue_Mar__7_13_47_55_2023,0.027332559227943393,4.051670551300049,269.7497605033404
WS23_L1_T1_P_5_Tue_Mar__7_13_47_55_2023,0.027332559227943393,4.051670551300049,269.7497605033404
WS23_L1_T1_P_5_Tue_Mar__7_13_47_55_2023,0.027332559227943393,4.051670551300049,269.7497605033404
WS23_L1_T1_P_5_Tue_Mar__7_13_47_55_2023,0.027332559227943393,4.051670551300049,269.7497605033404
WS23_L1_T1_P_5_Tue_Mar__7_13_47_55_2023,0.027332559227943393,4.051670551300049,269.7497605033404
WS23_L1_T1_P_5_Tue_Mar__7_13_47_55_2023,0.027364194393157903,4.106052398681641,269.7497605033404
WS23_L1_T1_P_5_Tue_Mar__7_13_47_55_2023,0.027364194393157903,4.106052398681641,269.7497605033404
WS23_L1_T1_P_5_Tue_Mar__7_13_47_55_2023,0.027364194393157903,4.106052398681641,269.7497605033404
WS23_L1_T1_P_5_Tue_Mar__7_13_47_55_2023,0.027364194393157903,4.106052398681641,269.7497605033404
WS23_L1_T1_P_5_Tue_Mar__7_13_47_55_2023,0.027364194393157903,4.106052398681641,269.7497605033404
WS23_L1_T1_P_5_Tue_Mar__7_13_47_55_2023,0.027364194393157903,4.106052398681641,269.7497605033404
WS23_L1_T1_P_5_Tue_Mar__7_13_47_55_2023,0.027364194393157903,4.106052398681641,269.7497605033404
WS23_L1_T1_P_5_Tue_Mar__7_13_47_55_2023,0.027437597513198797,4.09339714050293,269.7497605033404
WS23_L1_T1_P_5_Tue_Mar__7_13_47_55_2023,0.027437597513198797,4.09339714050293,269.7497605033404
WS23_L1_T1_P_5_Tue_Mar__7_13_47_55_2023,0.027437597513198797,4.09339714050293,269.7497605033404
WS23_L1_T1_P_5_Tue_Mar__7_13_47_55_2023,0.027437597513198797,4.09339714050293,269.7497605033404
WS23_L1_T1_P_5_Tue_Mar__7_13_47_55_2023,0.027437597513198797,4.09339714050293,269.7497605033404
WS23_L1_T1_P_5_Tue_Mar__7_13_47_55_2023,0.027437597513198797,4.09339714050293,269.7497605033404
WS23_L1_T1_P_5_Tue_Mar__7_13_47_55_2023,0.027437597513198797,4.09339714050293,269.7497605033404
WS23_L1_T1_P_5_Tue_Mar__7_13_47_55_2023,0.027449578046798706,4.119048118591309,269.7497605033404
WS23_L1_T1_P_5_Tue_Mar__7_13_47_55_2023,0.027449578046798706,4.119048118591309,269.7497605033404
WS23_L1_T1_P_5_Tue_Mar__7_13_47_55_2023,0.027449578046798706,4.119048118591309,269.7497605033404
WS23_L1_T1_P_5_Tue_Mar__7_13_47_55_2023,0.027449578046798706,4.119048118591309,269.7497605033404
WS23_L1_T1_P_5_Tue_Mar__7_13_47_55_2023,0.027449578046798706,4.119048118591309,269.7497605033404
WS23_L1_T1_P_5_Tue_Mar__7_13_47_55_2023,0.027449578046798706,4.119048118591309,269.7497605033404
WS23_L1_T1_P_5_Tue_Mar__7_13_47_55_2023,0.027449578046798706,4.119048118591309,269.7497605033404
WS23_L1_T1_P_5_Tue_Mar__7_13_47_55_2023,0.0274673402309418,4.179015636444092,269.7497605033404
WS23_L1_T1_P_5_Tue_Mar__7_13_47_55_2023,0.0274673402309418,4.179015636444092,269.7497605033404
WS23_L1_T1_P_5_Tue_Mar__7_13_47_55_2023,0.0274673402309418,4.179015636444092,269.7497605033404
WS23_L1_T1_P_5_Tue_Mar__7_13_47_55_2023,0.0274673402309418,4.179015636444092,269.7497605033404
WS23_L1_T1_P_5_Tue_Mar__7_13_47_55_2023,0.0274673402309418,4.179015636444092,269.7497605033404
WS23_L1_T1_P_5_Tue_Mar__7_13_47_55_2023,0.027523487806320218,4.220411777496338,269.7497605033404
WS23_L1_T1_P_5_Tue_Mar__7_13_47_55_2023,0.027523487806320218,4.220411777496338,269.7497605033404
WS23_L1_T1_P_5_Tue_Mar__7_13_47_55_2023,0.027523487806320218,4.220411777496338,269.7497605033404
WS23_L1_T1_P_5_Tue_Mar__7_13_47_55_2023,0.027523487806320218,4.220411777496338,269.7497605033404
WS23_L1_T1_P_5_Tue_Mar__7_13_47_55_2023,0.027523487806320218,4.220411777496338,269.7497605033404
WS23_L1_T1_P_5_Tue_Mar__7_13_47_55_2023,0.027523487806320218,4.220411777496338,269.7497605033404
WS23_L1_T1_P_5_Tue_Mar__7_13_47_55_2023,0.027547493577003507,4.41917085647583,269.7497605033404
WS23_L1_T1_P_5_Tue_Mar__7_13_47_55_2023,0.027547493577003507,4.41917085647583,269.7497605033404
WS23_L1_T1_P_5_Tue_Mar__7_13_47_55_2023,0.027547493577003507,4.41917085647583,269.7497605033404
WS23_L1_T1_P_5_Tue_Mar__7_13_47_55_2023,0.027547493577003507,4.41917085647583,269.7497605033404
WS23_L1_T1_P_5_Tue_Mar__7_13_47_55_2023,0.027547493577003507,4.41917085647583,269.7497605033404
WS23_L1_T1_P_5_Tue_Mar__7_13_47_55_2023,0.027547493577003507,4.41917085647583,269.7497605033404
WS23_L1_T1_P_5_Tue_Mar__7_13_47_55_2023,0.02762915194034571,4.406275749206543,269.7497605033404
WS23_L1_T1_P_5_Tue_Mar__7_13_47_55_2023,0.02762915194034571,4.406275749206543,269.7497605033404
WS23_L1_T1_P_5_Tue_Mar__7_13_47_55_2023,0.02762915194034571,4.406275749206543,269.7497605033404
WS23_L1_T1_P_5_Tue_Mar__7_13_47_55_2023,0.02762915194034571,4.406275749206543,269.7497605033404
WS23_L1_T1_P_5_Tue_Mar__7_13_47_55_2023,0.02762915194034571,4.406275749206543,269.7497605033404
WS23_L1_T1_P_5_Tue_Mar__7_13_47_55_2023,0.02762915194034571,4.406275749206543,269.7497605033404
WS23_L1_T1_P_5_Tue_Mar__7_13_47_55_2023,0.027620375156402616,4.528223037719727,269.7497605033404
WS23_L1_T1_P_5_Tue_Mar__7_13_47_55_2023,0.027620375156402616,4.528223037719727,269.7497605033404
WS23_L1_T1_P_5_Tue_Mar__7_13_47_55_2023,0.027620375156402616,4.528223037719727,269.7497605033404
WS23_L1_T1_P_5_Tue_Mar__7_13_47_55_2023,0.027620375156402616,4.528223037719727,269.7497605033404
WS23_L1_T1_P_5_Tue_Mar__7_13_47_55_2023,0.027620375156402616,4.528223037719727,269.7497605033404
WS23_L1_T1_P_5_Tue_Mar__7_13_47_55_2023,0.027620375156402616,4.528223037719727,269.7497605033404
WS23_L1_T1_P_5_Tue_Mar__7_13_47_55_2023,0.027703493833541898,4.506789207458496,269.7497605033404
WS23_L1_T1_P_5_Tue_Mar__7_13_47_55_2023,0.027703493833541898,4.506789207458496,269.7497605033404
WS23_L1_T1_P_5_Tue_Mar__7_13_47_55_2023,0.027703493833541898,4.506789207458496,269.7497605033404
WS23_L1_T1_P_5_Tue_Mar__7_13_47_55_2023,0.027703493833541898,4.506789207458496,269.7497605033404
WS23_L1_T1_P_5_Tue_Mar__7_13_47_55_2023,0.027703493833541898,4.506789207458496,269.7497605033404
WS23_L1_T1_P_5_Tue_Mar__7_13_47_55_2023,0.027703493833541898,4.506789207458496,269.7497605033404
WS23_L1_T1_P_5_Tue_Mar__7_13_47_55_2023,0.027705788612365695,4.541311264038086,269.7497605033404
WS23_L1_T1_P_5_Tue_Mar__7_13_47_55_2023,0.027705788612365695,4.541311264038086,269.7497605033404
WS23_L1_T1_P_5_Tue_Mar__7_13_47_55_2023,0.027705788612365695,4.541311264038086,269.7497605033404
WS23_L1_T1_P_5_Tue_Mar__7_13_47_55_2023,0.027705788612365695,4.541311264038086,269.7497605033404
WS23_L1_T1_P_5_Tue_Mar__7_13_47_55_2023,0.027705788612365695,4.541311264038086,269.7497605033404
WS23_L1_T1_P_5_Tue_Mar__7_13_47_55_2023,0.027705788612365695,4.541311264038086,269.7497605033404
WS23_L1_T1_P_5_Tue_Mar__7_13_47_55_2023,0.027705788612365695,4.541311264038086,269.7497605033404
WS23_L1_T1_P_5_Tue_Mar__7_13_47_55_2023,0.0277479887008667,4.691737174987793,269.7497605033404
WS23_L1_T1_P_5_Tue_Mar__7_13_47_55_2023,0.0277479887008667,4.691737174987793,269.7497605033404
WS23_L1_T1_P_5_Tue_Mar__7_13_47_55_2023,0.0277479887008667,4.691737174987793,269.7497605033404
WS23_L1_T1_P_5_Tue_Mar__7_13_47_55_2023,0.0277479887008667,4.691737174987793,269.7497605033404
WS23_L1_T1_P_5_Tue_Mar__7_13_47_55_2023,0.0277479887008667,4.691737174987793,269.7497605033404
WS23_L1_T1_P_5_Tue_Mar__7_13_47_55_2023,0.0277479887008667,4.691737174987793,269.7497605033404
WS23_L1_T1_P_5_Tue_Mar__7_13_47_55_2023,0.027835384011268616,4.683896541595459,269.7497605033404
WS23_L1_T1_P_5_Tue_Mar__7_13_47_55_2023,0.027835384011268616,4.683896541595459,269.7497605033404
WS23_L1_T1_P_5_Tue_Mar__7_13_47_55_2023,0.027835384011268616,4.683896541595459,269.7497605033404
WS23_L1_T1_P_5_Tue_Mar__7_13_47_55_2023,0.027835384011268616,4.683896541595459,269.7497605033404
WS23_L1_T1_P_5_Tue_Mar__7_13_47_55_2023,0.027835384011268616,4.683896541595459,269.7497605033404
WS23_L1_T1_P_5_Tue_Mar__7_13_47_55_2023,0.027833387255668612,4.799869060516357,269.7497605033404
WS23_L1_T1_P_5_Tue_Mar__7_13_47_55_2023,0.027833387255668612,4.799869060516357,269.7497605033404
WS23_L1_T1_P_5_Tue_Mar__7_13_47_55_2023,0.027833387255668612,4.799869060516357,269.7497605033404
WS23_L1_T1_P_5_Tue_Mar__7_13_47_55_2023,0.027833387255668612,4.799869060516357,269.7497605033404
WS23_L1_T1_P_5_Tue_Mar__7_13_47_55_2023,0.027833387255668612,4.799869060516357,269.7497605033404
WS23_L1_T1_P_5_Tue_Mar__7_13_47_55_2023,0.027833387255668612,4.799869060516357,269.7497605033404
WS23_L1_T1_P_5_Tue_Mar__7_13_47_55_2023,0.027896299958229093,4.799039840698242,269.7497605033404
WS23_L1_T1_P_5_Tue_Mar__7_13_47_55_2023,0.027896299958229093,4.799039840698242,269.7497605033404
WS23_L1_T1_P_5_Tue_Mar__7_13_47_55_2023,0.027896299958229093,4.799039840698242,269.7497605033404
WS23_L1_T1_P_5_Tue_Mar__7_13_47_55_2023,0.027896299958229093,4.799039840698242,269.7497605033404
WS23_L1_T1_P_5_Tue_Mar__7_13_47_55_2023,0.027896299958229093,4.799039840698242,269.7497605033404
WS23_L1_T1_P_5_Tue_Mar__7_13_47_55_2023,0.027896299958229093,4.799039840698242,269.7497605033404
WS23_L1_T1_P_5_Tue_Mar__7_13_47_55_2023,0.027896299958229093,4.799039840698242,269.7497605033404
WS23_L1_T1_P_5_Tue_Mar__7_13_47_55_2023,0.02795401215553281,4.856868743896484,269.7497605033404
WS23_L1_T1_P_5_Tue_Mar__7_13_47_55_2023,0.02795401215553281,4.856868743896484,269.7497605033404
WS23_L1_T1_P_5_Tue_Mar__7_13_47_55_2023,0.02795401215553281,4.856868743896484,269.7497605033404
WS23_L1_T1_P_5_Tue_Mar__7_13_47_55_2023,0.02795401215553281,4.856868743896484,269.7497605033404
WS23_L1_T1_P_5_Tue_Mar__7_13_47_55_2023,0.02795401215553281,4.856868743896484,269.7497605033404
WS23_L1_T1_P_5_Tue_Mar__7_13_47_55_2023,0.02795401215553281,4.856868743896484,269.7497605033404
WS23_L1_T1_P_5_Tue_Mar__7_13_47_55_2023,0.028004288673400907,4.921384811401367,269.7497605033404
WS23_L1_T1_P_5_Tue_Mar__7_13_47_55_2023,0.028004288673400907,4.921384811401367,269.7497605033404
WS23_L1_T1_P_5_Tue_Mar__7_13_47_55_2023,0.028004288673400907,4.921384811401367,269.7497605033404
WS23_L1_T1_P_5_Tue_Mar__7_13_47_55_2023,0.028004288673400907,4.921384811401367,269.7497605033404
WS23_L1_T1_P_5_Tue_Mar__7_13_47_55_2023,0.028004288673400907,4.921384811401367,269.7497605033404
WS23_L1_T1_P_5_Tue_Mar__7_13_47_55_2023,0.028004288673400907,4.921384811401367,269.7497605033404
WS23_L1_T1_P_5_Tue_Mar__7_13_47_55_2023,0.028062731027603094,4.942173957824707,269.7497605033404
WS23_L1_T1_P_5_Tue_Mar__7_13_47_55_2023,0.028062731027603094,4.942173957824707,269.7497605033404
WS23_L1_T1_P_5_Tue_Mar__7_13_47_55_2023,0.028062731027603094,4.942173957824707,269.7497605033404
WS23_L1_T1_P_5_Tue_Mar__7_13_47_55_2023,0.028062731027603094,4.942173957824707,269.7497605033404
WS23_L1_T1_P_5_Tue_Mar__7_13_47_55_2023,0.028062731027603094,4.942173957824707,269.7497605033404
WS23_L1_T1_P_5_Tue_Mar__7_13_47_55_2023,0.028062731027603094,4.942173957824707,269.7497605033404
WS23_L1_T1_P_5_Tue_Mar__7_13_47_55_2023,0.02808977663517001,5.029398918151856,269.7497605033404
WS23_L1_T1_P_5_Tue_Mar__7_13_47_55_2023,0.02808977663517001,5.029398918151856,269.7497605033404
WS23_L1_T1_P_5_Tue_Mar__7_13_47_55_2023,0.02808977663517001,5.029398918151856,269.7497605033404
WS23_L1_T1_P_5_Tue_Mar__7_13_47_55_2023,0.02808977663517001,5.029398918151856,269.7497605033404
WS23_L1_T1_P_5_Tue_Mar__7_13_47_55_2023,0.02808977663517001,5.029398918151856,269.7497605033404
WS23_L1_T1_P_5_Tue_Mar__7_13_47_55_2023,0.02808977663517001,5.029398918151856,269.7497605033404
WS23_L1_T1_P_5_Tue_Mar__7_13_47_55_2023,0.028147369623184204,5.032415390014648,269.7497605033404
WS23_L1_T1_P_5_Tue_Mar__7_13_47_55_2023,0.028147369623184204,5.032415390014648,269.7497605033404
WS23_L1_T1_P_5_Tue_Mar__7_13_47_55_2023,0.028147369623184204,5.032415390014648,269.7497605033404
WS23_L1_T1_P_5_Tue_Mar__7_13_47_55_2023,0.028147369623184204,5.032415390014648,269.7497605033404
WS23_L1_T1_P_5_Tue_Mar__7_13_47_55_2023,0.028147369623184204,5.032415390014648,269.7497605033404
WS23_L1_T1_P_5_Tue_Mar__7_13_47_55_2023,0.028147369623184204,5.032415390014648,269.7497605033404
WS23_L1_T1_P_5_Tue_Mar__7_13_47_55_2023,0.028147369623184204,5.032415390014648,269.7497605033404
WS23_L1_T1_P_5_Tue_Mar__7_13_47_55_2023,0.028175219893455505,5.138105869293213,269.7497605033404
WS23_L1_T1_P_5_Tue_Mar__7_13_47_55_2023,0.028175219893455505,5.138105869293213,269.7497605033404
WS23_L1_T1_P_5_Tue_Mar__7_13_47_55_2023,0.028175219893455505,5.138105869293213,269.7497605033404
WS23_L1_T1_P_5_Tue_Mar__7_13_47_55_2023,0.028175219893455505,5.138105869293213,269.7497605033404
WS23_L1_T1_P_5_Tue_Mar__7_13_47_55_2023,0.028175219893455505,5.138105869293213,269.7497605033404
WS23_L1_T1_P_5_Tue_Mar__7_13_47_55_2023,0.028175219893455505,5.138105869293213,269.7497605033404
WS23_L1_T1_P_5_Tue_Mar__7_13_47_55_2023,0.028175219893455505,5.138105869293213,269.7497605033404
WS23_L1_T1_P_5_Tue_Mar__7_13_47_55_2023,0.028175219893455505,5.138105869293213,269.7497605033404
WS23_L1_T1_P_5_Tue_Mar__7_13_47_55_2023,0.028257519006729098,5.117019176483154,269.7497605033404
WS23_L1_T1_P_5_Tue_Mar__7_13_47_55_2023,0.028257519006729098,5.117019176483154,269.7497605033404
WS23_L1_T1_P_5_Tue_Mar__7_13_47_55_2023,0.028257519006729098,5.117019176483154,269.7497605033404
WS23_L1_T1_P_5_Tue_Mar__7_13_47_55_2023,0.028257519006729098,5.117019176483154,269.7497605033404
WS23_L1_T1_P_5_Tue_Mar__7_13_47_55_2023,0.028257519006729098,5.117019176483154,269.7497605033404
WS23_L1_T1_P_5_Tue_Mar__7_13_47_55_2023,0.028257519006729098,5.117019176483154,269.7497605033404
WS23_L1_T1_P_5_Tue_Mar__7_13_47_55_2023,0.028257519006729098,5.117019176483154,269.7497605033404
WS23_L1_T1_P_5_Tue_Mar__7_13_47_55_2023,0.028300970792770413,5.201549053192139,269.7497605033404
WS23_L1_T1_P_5_Tue_Mar__7_13_47_55_2023,0.028300970792770413,5.201549053192139,269.7497605033404
WS23_L1_T1_P_5_Tue_Mar__7_13_47_55_2023,0.028300970792770413,5.201549053192139,269.7497605033404
WS23_L1_T1_P_5_Tue_Mar__7_13_47_55_2023,0.028300970792770413,5.201549053192139,269.7497605033404
WS23_L1_T1_P_5_Tue_Mar__7_13_47_55_2023,0.028300970792770413,5.201549053192139,269.7497605033404
WS23_L1_T1_P_5_Tue_Mar__7_13_47_55_2023,0.028300970792770413,5.201549053192139,269.7497605033404
WS23_L1_T1_P_5_Tue_Mar__7_13_47_55_2023,0.028406411409377996,5.165002346038818,269.7497605033404
WS23_L1_T1_P_5_Tue_Mar__7_13_47_55_2023,0.028406411409377996,5.165002346038818,269.7497605033404
WS23_L1_T1_P_5_Tue_Mar__7_13_47_55_2023,0.028406411409377996,5.165002346038818,269.7497605033404
WS23_L1_T1_P_5_Tue_Mar__7_13_47_55_2023,0.028406411409377996,5.165002346038818,269.7497605033404
WS23_L1_T1_P_5_Tue_Mar__7_13_47_55_2023,0.028406411409377996,5.165002346038818,269.7497605033404
WS23_L1_T1_P_5_Tue_Mar__7_13_47_55_2023,0.028406411409377996,5.165002346038818,269.7497605033404
WS23_L1_T1_P_5_Tue_Mar__7_13_47_55_2023,0.028460070490837097,5.226260662078857,269.7497605033404
WS23_L1_T1_P_5_Tue_Mar__7_13_47_55_2023,0.028460070490837097,5.226260662078857,269.7497605033404
WS23_L1_T1_P_5_Tue_Mar__7_13_47_55_2023,0.028460070490837097,5.226260662078857,269.7497605033404
WS23_L1_T1_P_5_Tue_Mar__7_13_47_55_2023,0.028460070490837097,5.226260662078857,269.7497605033404
WS23_L1_T1_P_5_Tue_Mar__7_13_47_55_2023,0.028460070490837097,5.226260662078857,269.7497605033404
WS23_L1_T1_P_5_Tue_Mar__7_13_47_55_2023,0.028460070490837097,5.226260662078857,269.7497605033404
WS23_L1_T1_P_5_Tue_Mar__7_13_47_55_2023,0.0285206139087677,5.168382167816162,269.7497605033404
WS23_L1_T1_P_5_Tue_Mar__7_13_47_55_2023,0.0285206139087677,5.168382167816162,269.7497605033404
WS23_L1_T1_P_5_Tue_Mar__7_13_47_55_2023,0.0285206139087677,5.168382167816162,269.7497605033404
WS23_L1_T1_P_5_Tue_Mar__7_13_47_55_2023,0.0285206139087677,5.168382167816162,269.7497605033404
WS23_L1_T1_P_5_Tue_Mar__7_13_47_55_2023,0.0285206139087677,5.168382167816162,269.7497605033404
WS23_L1_T1_P_5_Tue_Mar__7_13_47_55_2023,0.0285206139087677,5.168382167816162,269.7497605033404
WS23_L1_T1_P_5_Tue_Mar__7_13_47_55_2023,0.028576985001563998,5.286892414093018,269.7497605033404
WS23_L1_T1_P_5_Tue_Mar__7_13_47_55_2023,0.028576985001563998,5.286892414093018,269.7497605033404
WS23_L1_T1_P_5_Tue_Mar__7_13_47_55_2023,0.028576985001563998,5.286892414093018,269.7497605033404
WS23_L1_T1_P_5_Tue_Mar__7_13_47_55_2023,0.028576985001563998,5.286892414093018,269.7497605033404
WS23_L1_T1_P_5_Tue_Mar__7_13_47_55_2023,0.028576985001563998,5.286892414093018,269.7497605033404
WS23_L1_T1_P_5_Tue_Mar__7_13_47_55_2023,0.028576985001563998,5.286892414093018,269.7497605033404
WS23_L1_T1_P_5_Tue_Mar__7_13_47_55_2023,0.028645247220993014,5.3441009521484375,269.7497605033404
WS23_L1_T1_P_5_Tue_Mar__7_13_47_55_2023,0.028645247220993014,5.3441009521484375,269.7497605033404
WS23_L1_T1_P_5_Tue_Mar__7_13_47_55_2023,0.028645247220993014,5.3441009521484375,269.7497605033404
WS23_L1_T1_P_5_Tue_Mar__7_13_47_55_2023,0.028645247220993014,5.3441009521484375,269.7497605033404
WS23_L1_T1_P_5_Tue_Mar__7_13_47_55_2023,0.028645247220993014,5.3441009521484375,269.7497605033404
WS23_L1_T1_P_5_Tue_Mar__7_13_47_55_2023,0.028645247220993014,5.3441009521484375,269.7497605033404
WS23_L1_T1_P_5_Tue_Mar__7_13_47_55_2023,0.028714671730995206,5.36068868637085,269.7497605033404
WS23_L1_T1_P_5_Tue_Mar__7_13_47_55_2023,0.028714671730995206,5.36068868637085,269.7497605033404
WS23_L1_T1_P_5_Tue_Mar__7_13_47_55_2023,0.028714671730995206,5.36068868637085,269.7497605033404
WS23_L1_T1_P_5_Tue_Mar__7_13_47_55_2023,0.028714671730995206,5.36068868637085,269.7497605033404
WS23_L1_T1_P_5_Tue_Mar__7_13_47_55_2023,0.028714671730995206,5.36068868637085,269.7497605033404
WS23_L1_T1_P_5_Tue_Mar__7_13_47_55_2023,0.028714671730995206,5.36068868637085,269.7497605033404
WS23_L1_T1_P_5_Tue_Mar__7_13_47_55_2023,0.028714671730995206,5.36068868637085,269.7497605033404
WS23_L1_T1_P_5_Tue_Mar__7_13_47_55_2023,0.028714671730995206,5.36068868637085,269.7497605033404
WS23_L1_T1_P_5_Tue_Mar__7_13_47_55_2023,0.02877992391586301,5.298294544219971,269.7497605033404
WS23_L1_T1_P_5_Tue_Mar__7_13_47_55_2023,0.02877992391586301,5.298294544219971,269.7497605033404
WS23_L1_T1_P_5_Tue_Mar__7_13_47_55_2023,0.02877992391586301,5.298294544219971,269.7497605033404
WS23_L1_T1_P_5_Tue_Mar__7_13_47_55_2023,0.02877992391586301,5.298294544219971,269.7497605033404
WS23_L1_T1_P_5_Tue_Mar__7_13_47_55_2023,0.02877992391586301,5.298294544219971,269.7497605033404
WS23_L1_T1_P_5_Tue_Mar__7_13_47_55_2023,0.02877992391586301,5.298294544219971,269.7497605033404
WS23_L1_T1_P_5_Tue_Mar__7_13_47_55_2023,0.02877992391586301,5.298294544219971,269.7497605033404
WS23_L1_T1_P_5_Tue_Mar__7_13_47_55_2023,0.028839722275733892,5.402735710144043,269.7497605033404
WS23_L1_T1_P_5_Tue_Mar__7_13_47_55_2023,0.028839722275733892,5.402735710144043,269.7497605033404
WS23_L1_T1_P_5_Tue_Mar__7_13_47_55_2023,0.028839722275733892,5.402735710144043,269.7497605033404
WS23_L1_T1_P_5_Tue_Mar__7_13_47_55_2023,0.028839722275733892,5.402735710144043,269.7497605033404
WS23_L1_T1_P_5_Tue_Mar__7_13_47_55_2023,0.028839722275733892,5.402735710144043,269.7497605033404
WS23_L1_T1_P_5_Tue_Mar__7_13_47_55_2023,0.028839722275733892,5.402735710144043,269.7497605033404
WS23_L1_T1_P_5_Tue_Mar__7_13_47_55_2023,0.028891056776046697,5.477656364440918,269.7497605033404
WS23_L1_T1_P_5_Tue_Mar__7_13_47_55_2023,0.028891056776046697,5.477656364440918,269.7497605033404
WS23_L1_T1_P_5_Tue_Mar__7_13_47_55_2023,0.028891056776046697,5.477656364440918,269.7497605033404
WS23_L1_T1_P_5_Tue_Mar__7_13_47_55_2023,0.028891056776046697,5.477656364440918,269.7497605033404
WS23_L1_T1_P_5_Tue_Mar__7_13_47_55_2023,0.028891056776046697,5.477656364440918,269.7497605033404
WS23_L1_T1_P_5_Tue_Mar__7_13_47_55_2023,0.028891056776046697,5.477656364440918,269.7497605033404
WS23_L1_T1_P_5_Tue_Mar__7_13_47_55_2023,0.0289449542760849,5.5393595695495605,269.7497605033404
WS23_L1_T1_P_5_Tue_Mar__7_13_47_55_2023,0.0289449542760849,5.5393595695495605,269.7497605033404
WS23_L1_T1_P_5_Tue_Mar__7_13_47_55_2023,0.0289449542760849,5.5393595695495605,269.7497605033404
WS23_L1_T1_P_5_Tue_Mar__7_13_47_55_2023,0.0289449542760849,5.5393595695495605,269.7497605033404
WS23_L1_T1_P_5_Tue_Mar__7_13_47_55_2023,0.0289449542760849,5.5393595695495605,269.7497605033404
WS23_L1_T1_P_5_Tue_Mar__7_13_47_55_2023,0.0289449542760849,5.5393595695495605,269.7497605033404
WS23_L1_T1_P_5_Tue_Mar__7_13_47_55_2023,0.029004320502281217,5.541439533233643,269.7497605033404
WS23_L1_T1_P_5_Tue_Mar__7_13_47_55_2023,0.029004320502281217,5.541439533233643,269.7497605033404
WS23_L1_T1_P_5_Tue_Mar__7_13_47_55_2023,0.029004320502281217,5.541439533233643,269.7497605033404
WS23_L1_T1_P_5_Tue_Mar__7_13_47_55_2023,0.029004320502281217,5.541439533233643,269.7497605033404
WS23_L1_T1_P_5_Tue_Mar__7_13_47_55_2023,0.029004320502281217,5.541439533233643,269.7497605033404
WS23_L1_T1_P_5_Tue_Mar__7_13_47_55_2023,0.029057592153549194,5.602355003356934,269.7497605033404
WS23_L1_T1_P_5_Tue_Mar__7_13_47_55_2023,0.029057592153549194,5.602355003356934,269.7497605033404
WS23_L1_T1_P_5_Tue_Mar__7_13_47_55_2023,0.029057592153549194,5.602355003356934,269.7497605033404
WS23_L1_T1_P_5_Tue_Mar__7_13_47_55_2023,0.029057592153549194,5.602355003356934,269.7497605033404
WS23_L1_T1_P_5_Tue_Mar__7_13_47_55_2023,0.029057592153549194,5.602355003356934,269.7497605033404
WS23_L1_T1_P_5_Tue_Mar__7_13_47_55_2023,0.029057592153549194,5.602355003356934,269.7497605033404
WS23_L1_T1_P_5_Tue_Mar__7_13_47_55_2023,0.029057592153549194,5.602355003356934,269.7497605033404
WS23_L1_T1_P_5_Tue_Mar__7_13_47_55_2023,0.029057592153549194,5.602355003356934,269.7497605033404
WS23_L1_T1_P_5_Tue_Mar__7_13_47_55_2023,0.029116094112396212,5.660422801971436,269.7497605033404
WS23_L1_T1_P_5_Tue_Mar__7_13_47_55_2023,0.029116094112396212,5.660422801971436,269.7497605033404
WS23_L1_T1_P_5_Tue_Mar__7_13_47_55_2023,0.029116094112396212,5.660422801971436,269.7497605033404
WS23_L1_T1_P_5_Tue_Mar__7_13_47_55_2023,0.029116094112396212,5.660422801971436,269.7497605033404
WS23_L1_T1_P_5_Tue_Mar__7_13_47_55_2023,0.029116094112396212,5.660422801971436,269.7497605033404
WS23_L1_T1_P_5_Tue_Mar__7_13_47_55_2023,0.029116094112396212,5.660422801971436,269.7497605033404
WS23_L1_T1_P_5_Tue_Mar__7_13_47_55_2023,0.029116094112396212,5.660422801971436,269.7497605033404
WS23_L1_T1_P_5_Tue_Mar__7_13_47_55_2023,0.029116094112396212,5.660422801971436,269.7497605033404
WS23_L1_T1_P_5_Tue_Mar__7_13_47_55_2023,0.029162302613258306,5.6921000480651855,269.7497605033404
WS23_L1_T1_P_5_Tue_Mar__7_13_47_55_2023,0.029162302613258306,5.6921000480651855,269.7497605033404
WS23_L1_T1_P_5_Tue_Mar__7_13_47_55_2023,0.029162302613258306,5.6921000480651855,269.7497605033404
WS23_L1_T1_P_5_Tue_Mar__7_13_47_55_2023,0.029162302613258306,5.6921000480651855,269.7497605033404
WS23_L1_T1_P_5_Tue_Mar__7_13_47_55_2023,0.029162302613258306,5.6921000480651855,269.7497605033404
WS23_L1_T1_P_5_Tue_Mar__7_13_47_55_2023,0.029162302613258306,5.6921000480651855,269.7497605033404
WS23_L1_T1_P_5_Tue_Mar__7_13_47_55_2023,0.029162302613258306,5.6921000480651855,269.7497605033404
WS23_L1_T1_P_5_Tue_Mar__7_13_47_55_2023,0.029201671481132507,5.750124931335449,269.7497605033404
WS23_L1_T1_P_5_Tue_Mar__7_13_47_55_2023,0.029201671481132507,5.750124931335449,269.7497605033404
WS23_L1_T1_P_5_Tue_Mar__7_13_47_55_2023,0.029201671481132507,5.750124931335449,269.7497605033404
WS23_L1_T1_P_5_Tue_Mar__7_13_47_55_2023,0.029201671481132507,5.750124931335449,269.7497605033404
WS23_L1_T1_P_5_Tue_Mar__7_13_47_55_2023,0.029201671481132507,5.750124931335449,269.7497605033404
WS23_L1_T1_P_5_Tue_Mar__7_13_47_55_2023,0.029201671481132507,5.750124931335449,269.7497605033404
WS23_L1_T1_P_5_Tue_Mar__7_13_47_55_2023,0.029201671481132507,5.750124931335449,269.7497605033404
WS23_L1_T1_P_5_Tue_Mar__7_13_47_55_2023,0.029201671481132507,5.750124931335449,269.7497605033404
WS23_L1_T1_P_5_Tue_Mar__7_13_47_55_2023,0.029239311814308194,5.808535099029541,269.7497605033404
WS23_L1_T1_P_5_Tue_Mar__7_13_47_55_2023,0.029239311814308194,5.808535099029541,269.7497605033404
WS23_L1_T1_P_5_Tue_Mar__7_13_47_55_2023,0.029239311814308194,5.808535099029541,269.7497605033404
WS23_L1_T1_P_5_Tue_Mar__7_13_47_55_2023,0.029239311814308194,5.808535099029541,269.7497605033404
WS23_L1_T1_P_5_Tue_Mar__7_13_47_55_2023,0.029239311814308194,5.808535099029541,269.7497605033404
WS23_L1_T1_P_5_Tue_Mar__7_13_47_55_2023,0.029239311814308194,5.808535099029541,269.7497605033404
WS23_L1_T1_P_5_Tue_Mar__7_13_47_55_2023,0.029239311814308194,5.808535099029541,269.7497605033404
WS23_L1_T1_P_5_Tue_Mar__7_13_47_55_2023,0.029260888695716802,5.882415294647217,269.7497605033404
WS23_L1_T1_P_5_Tue_Mar__7_13_47_55_2023,0.029260888695716802,5.882415294647217,269.7497605033404
WS23_L1_T1_P_5_Tue_Mar__7_13_47_55_2023,0.029260888695716802,5.882415294647217,269.7497605033404
WS23_L1_T1_P_5_Tue_Mar__7_13_47_55_2023,0.029260888695716802,5.882415294647217,269.7497605033404
WS23_L1_T1_P_5_Tue_Mar__7_13_47_55_2023,0.029260888695716802,5.882415294647217,269.7497605033404
WS23_L1_T1_P_5_Tue_Mar__7_13_47_55_2023,0.029260888695716802,5.882415294647217,269.7497605033404
WS23_L1_T1_P_5_Tue_Mar__7_13_47_55_2023,0.029311731457710294,5.833468437194824,269.7497605033404
WS23_L1_T1_P_5_Tue_Mar__7_13_47_55_2023,0.029311731457710294,5.833468437194824,269.7497605033404
WS23_L1_T1_P_5_Tue_Mar__7_13_47_55_2023,0.029311731457710294,5.833468437194824,269.7497605033404
WS23_L1_T1_P_5_Tue_Mar__7_13_47_55_2023,0.029311731457710294,5.833468437194824,269.7497605033404
WS23_L1_T1_P_5_Tue_Mar__7_13_47_55_2023,0.029311731457710294,5.833468437194824,269.7497605033404
WS23_L1_T1_P_5_Tue_Mar__7_13_47_55_2023,0.029311731457710294,5.833468437194824,269.7497605033404
WS23_L1_T1_P_5_Tue_Mar__7_13_47_55_2023,0.029311731457710294,5.833468437194824,269.7497605033404
WS23_L1_T1_P_5_Tue_Mar__7_13_47_55_2023,0.029344439506530706,5.992001056671143,269.7497605033404
WS23_L1_T1_P_5_Tue_Mar__7_13_47_55_2023,0.029344439506530706,5.992001056671143,269.7497605033404
WS23_L1_T1_P_5_Tue_Mar__7_13_47_55_2023,0.029344439506530706,5.992001056671143,269.7497605033404
WS23_L1_T1_P_5_Tue_Mar__7_13_47_55_2023,0.029344439506530706,5.992001056671143,269.7497605033404
WS23_L1_T1_P_5_Tue_Mar__7_13_47_55_2023,0.029344439506530706,5.992001056671143,269.7497605033404
WS23_L1_T1_P_5_Tue_Mar__7_13_47_55_2023,0.029344439506530706,5.992001056671143,269.7497605033404
WS23_L1_T1_P_5_Tue_Mar__7_13_47_55_2023,0.029344439506530706,5.992001056671143,269.7497605033404
WS23_L1_T1_P_5_Tue_Mar__7_13_47_55_2023,0.029415160417556707,6.03811502456665,269.7497605033404
WS23_L1_T1_P_5_Tue_Mar__7_13_47_55_2023,0.029415160417556707,6.03811502456665,269.7497605033404
WS23_L1_T1_P_5_Tue_Mar__7_13_47_55_2023,0.029415160417556707,6.03811502456665,269.7497605033404
WS23_L1_T1_P_5_Tue_Mar__7_13_47_55_2023,0.029415160417556707,6.03811502456665,269.7497605033404
WS23_L1_T1_P_5_Tue_Mar__7_13_47_55_2023,0.029415160417556707,6.03811502456665,269.7497605033404
WS23_L1_T1_P_5_Tue_Mar__7_13_47_55_2023,0.029415160417556707,6.03811502456665,269.7497605033404
WS23_L1_T1_P_5_Tue_Mar__7_13_47_55_2023,0.02946993708610532,6.0443620681762695,269.7497605033404
WS23_L1_T1_P_5_Tue_Mar__7_13_47_55_2023,0.02946993708610532,6.0443620681762695,269.7497605033404
WS23_L1_T1_P_5_Tue_Mar__7_13_47_55_2023,0.02946993708610532,6.0443620681762695,269.7497605033404
WS23_L1_T1_P_5_Tue_Mar__7_13_47_55_2023,0.02946993708610532,6.0443620681762695,269.7497605033404
WS23_L1_T1_P_5_Tue_Mar__7_13_47_55_2023,0.02950078248977661,6.145866394042969,269.7497605033404
WS23_L1_T1_P_5_Tue_Mar__7_13_47_55_2023,0.02950078248977661,6.145866394042969,269.7497605033404
WS23_L1_T1_P_5_Tue_Mar__7_13_47_55_2023,0.02950078248977661,6.145866394042969,269.7497605033404
WS23_L1_T1_P_5_Tue_Mar__7_13_47_55_2023,0.02950078248977661,6.145866394042969,269.7497605033404
WS23_L1_T1_P_5_Tue_Mar__7_13_47_55_2023,0.02950078248977661,6.145866394042969,269.7497605033404
WS23_L1_T1_P_5_Tue_Mar__7_13_47_55_2023,0.02950078248977661,6.145866394042969,269.7497605033404
WS23_L1_T1_P_5_Tue_Mar__7_13_47_55_2023,0.02950078248977661,6.145866394042969,269.7497605033404
WS23_L1_T1_P_5_Tue_Mar__7_13_47_55_2023,0.02950078248977661,6.145866394042969,269.7497605033404
WS23_L1_T1_P_5_Tue_Mar__7_13_47_55_2023,0.02950078248977661,6.240913391113281,269.7497605033404
WS23_L1_T1_P_5_Tue_Mar__7_13_47_55_2023,0.02950078248977661,6.240913391113281,269.7497605033404
WS23_L1_T1_P_5_Tue_Mar__7_13_47_55_2023,0.02950078248977661,6.240913391113281,269.7497605033404
WS23_L1_T1_P_5_Tue_Mar__7_13_47_55_2023,0.02950078248977661,6.240913391113281,269.7497605033404
WS23_L1_T1_P_5_Tue_Mar__7_13_47_55_2023,0.02950078248977661,6.240913391113281,269.7497605033404
WS23_L1_T1_P_5_Tue_Mar__7_13_47_55_2023,0.02950078248977661,6.240913391113281,269.7497605033404
WS23_L1_T1_P_5_Tue_Mar__7_13_47_55_2023,0.02950078248977661,6.240913391113281,269.7497605033404
WS23_L1_T1_P_5_Tue_Mar__7_13_47_55_2023,0.02950078248977661,6.240913391113281,269.7497605033404
WS23_L1_T1_P_5_Tue_Mar__7_13_47_55_2023,0.02950078248977661,6.240913391113281,269.7497605033404
WS23_L1_T1_P_5_Tue_Mar__7_13_47_55_2023,0.02950078248977661,6.240913391113281,269.7497605033404
WS23_L1_T1_P_5_Tue_Mar__7_13_47_55_2023,0.02950078248977661,6.240913391113281,269.7497605033404
WS23_L1_T1_P_5_Tue_Mar__7_13_47_55_2023,0.02950078248977661,6.240913391113281,269.7497605033404
WS23_L1_T1_P_5_Tue_Mar__7_13_47_55_2023,0.02950078248977661,6.240913391113281,269.7497605033404
WS23_L1_T1_P_5_Tue_Mar__7_13_47_55_2023,0.02958573400974271,6.331198692321777,269.7497605033404
WS23_L1_T1_P_5_Tue_Mar__7_13_47_55_2023,0.02958573400974271,6.331198692321777,269.7497605033404
WS23_L1_T1_P_5_Tue_Mar__7_13_47_55_2023,0.02958573400974271,6.331198692321777,269.7497605033404
WS23_L1_T1_P_5_Tue_Mar__7_13_47_55_2023,0.02958573400974271,6.331198692321777,269.7497605033404
WS23_L1_T1_P_5_Tue_Mar__7_13_47_55_2023,0.02958573400974271,6.331198692321777,269.7497605033404
WS23_L1_T1_P_5_Tue_Mar__7_13_47_55_2023,0.02958573400974271,6.331198692321777,269.7497605033404
WS23_L1_T1_P_5_Tue_Mar__7_13_47_55_2023,0.02958573400974271,6.331198692321777,269.7497605033404
WS23_L1_T1_P_5_Tue_Mar__7_13_47_55_2023,0.0295864194631576,6.444006443023682,269.7497605033404
WS23_L1_T1_P_5_Tue_Mar__7_13_47_55_2023,0.0295864194631576,6.444006443023682,269.7497605033404
WS23_L1_T1_P_5_Tue_Mar__7_13_47_55_2023,0.0295864194631576,6.444006443023682,269.7497605033404
WS23_L1_T1_P_5_Tue_Mar__7_13_47_55_2023,0.0295864194631576,6.444006443023682,269.7497605033404
WS23_L1_T1_P_5_Tue_Mar__7_13_47_55_2023,0.0295864194631576,6.444006443023682,269.7497605033404
WS23_L1_T1_P_5_Tue_Mar__7_13_47_55_2023,0.0295864194631576,6.444006443023682,269.7497605033404
WS23_L1_T1_P_5_Tue_Mar__7_13_47_55_2023,0.0295864194631576,6.444006443023682,269.7497605033404
WS23_L1_T1_P_5_Tue_Mar__7_13_47_55_2023,0.0295864194631576,6.444006443023682,269.7497605033404
WS23_L1_T1_P_5_Tue_Mar__7_13_47_55_2023,0.0295864194631576,6.444006443023682,269.7497605033404
WS23_L1_T1_P_5_Tue_Mar__7_13_47_55_2023,0.0295864194631576,6.444006443023682,269.7497605033404
WS23_L1_T1_P_5_Tue_Mar__7_13_47_55_2023,0.0295864194631576,6.444006443023682,269.7497605033404
WS23_L1_T1_P_5_Tue_Mar__7_13_47_55_2023,0.0295864194631576,6.444006443023682,269.7497605033404
WS23_L1_T1_P_5_Tue_Mar__7_13_47_55_2023,0.0295864194631576,6.444006443023682,269.7497605033404
WS23_L1_T1_P_5_Tue_Mar__7_13_47_55_2023,0.029672071337699918,6.456881046295166,269.7497605033404
WS23_L1_T1_P_5_Tue_Mar__7_13_47_55_2023,0.029672071337699918,6.456881046295166,269.7497605033404
WS23_L1_T1_P_5_Tue_Mar__7_13_47_55_2023,0.029672071337699918,6.456881046295166,269.7497605033404
WS23_L1_T1_P_5_Tue_Mar__7_13_47_55_2023,0.029672071337699918,6.456881046295166,269.7497605033404
WS23_L1_T1_P_5_Tue_Mar__7_13_47_55_2023,0.029672071337699918,6.456881046295166,269.7497605033404
WS23_L1_T1_P_5_Tue_Mar__7_13_47_55_2023,0.029672071337699918,6.456881046295166,269.7497605033404
WS23_L1_T1_P_5_Tue_Mar__7_13_47_55_2023,0.029672071337699918,6.647341251373291,269.7497605033404
WS23_L1_T1_P_5_Tue_Mar__7_13_47_55_2023,0.029672071337699918,6.647341251373291,269.7497605033404
WS23_L1_T1_P_5_Tue_Mar__7_13_47_55_2023,0.029672071337699918,6.647341251373291,269.7497605033404
WS23_L1_T1_P_5_Tue_Mar__7_13_47_55_2023,0.029672071337699918,6.647341251373291,269.7497605033404
WS23_L1_T1_P_5_Tue_Mar__7_13_47_55_2023,0.029672071337699918,6.647341251373291,269.7497605033404
WS23_L1_T1_P_5_Tue_Mar__7_13_47_55_2023,0.029672071337699918,6.647341251373291,269.7497605033404
WS23_L1_T1_P_5_Tue_Mar__7_13_47_55_2023,0.029740750789642306,6.658166408538818,269.7497605033404
WS23_L1_T1_P_5_Tue_Mar__7_13_47_55_2023,0.029740750789642306,6.658166408538818,269.7497605033404
WS23_L1_T1_P_5_Tue_Mar__7_13_47_55_2023,0.029740750789642306,6.658166408538818,269.7497605033404
WS23_L1_T1_P_5_Tue_Mar__7_13_47_55_2023,0.029740750789642306,6.658166408538818,269.7497605033404
WS23_L1_T1_P_5_Tue_Mar__7_13_47_55_2023,0.029740750789642306,6.658166408538818,269.7497605033404
WS23_L1_T1_P_5_Tue_Mar__7_13_47_55_2023,0.029740750789642306,6.658166408538818,269.7497605033404
WS23_L1_T1_P_5_Tue_Mar__7_13_47_55_2023,0.029757708311080905,6.7548418045043945,269.7497605033404
WS23_L1_T1_P_5_Tue_Mar__7_13_47_55_2023,0.029757708311080905,6.7548418045043945,269.7497605033404
WS23_L1_T1_P_5_Tue_Mar__7_13_47_55_2023,0.029757708311080905,6.7548418045043945,269.7497605033404
WS23_L1_T1_P_5_Tue_Mar__7_13_47_55_2023,0.029757708311080905,6.7548418045043945,269.7497605033404
WS23_L1_T1_P_5_Tue_Mar__7_13_47_55_2023,0.029757708311080905,6.7548418045043945,269.7497605033404
WS23_L1_T1_P_5_Tue_Mar__7_13_47_55_2023,0.029757708311080905,6.7548418045043945,269.7497605033404
WS23_L1_T1_P_5_Tue_Mar__7_13_47_55_2023,0.029757708311080905,6.7548418045043945,269.7497605033404
WS23_L1_T1_P_5_Tue_Mar__7_13_47_55_2023,0.0298157781362533,6.757444381713867,269.7497605033404
WS23_L1_T1_P_5_Tue_Mar__7_13_47_55_2023,0.0298157781362533,6.757444381713867,269.7497605033404
WS23_L1_T1_P_5_Tue_Mar__7_13_47_55_2023,0.0298157781362533,6.757444381713867,269.7497605033404
WS23_L1_T1_P_5_Tue_Mar__7_13_47_55_2023,0.0298157781362533,6.757444381713867,269.7497605033404
WS23_L1_T1_P_5_Tue_Mar__7_13_47_55_2023,0.0298157781362533,6.757444381713867,269.7497605033404
WS23_L1_T1_P_5_Tue_Mar__7_13_47_55_2023,0.0298157781362533,6.757444381713867,269.7497605033404
WS23_L1_T1_P_5_Tue_Mar__7_13_47_55_2023,0.029843360185623197,6.862699031829834,269.7497605033404
WS23_L1_T1_P_5_Tue_Mar__7_13_47_55_2023,0.029843360185623197,6.862699031829834,269.7497605033404
WS23_L1_T1_P_5_Tue_Mar__7_13_47_55_2023,0.029843360185623197,6.862699031829834,269.7497605033404
WS23_L1_T1_P_5_Tue_Mar__7_13_47_55_2023,0.029843360185623197,6.862699031829834,269.7497605033404
WS23_L1_T1_P_5_Tue_Mar__7_13_47_55_2023,0.029843360185623197,6.862699031829834,269.7497605033404
WS23_L1_T1_P_5_Tue_Mar__7_13_47_55_2023,0.029843360185623197,6.862699031829834,269.7497605033404
WS23_L1_T1_P_5_Tue_Mar__7_13_47_55_2023,0.029843360185623197,6.957418918609619,269.7497605033404
WS23_L1_T1_P_5_Tue_Mar__7_13_47_55_2023,0.029843360185623197,6.957418918609619,269.7497605033404
WS23_L1_T1_P_5_Tue_Mar__7_13_47_55_2023,0.029843360185623197,6.957418918609619,269.7497605033404
WS23_L1_T1_P_5_Tue_Mar__7_13_47_55_2023,0.029843360185623197,6.957418918609619,269.7497605033404
WS23_L1_T1_P_5_Tue_Mar__7_13_47_55_2023,0.029843360185623197,6.957418918609619,269.7497605033404
WS23_L1_T1_P_5_Tue_Mar__7_13_47_55_2023,0.029843360185623197,6.957418918609619,269.7497605033404
WS23_L1_T1_P_5_Tue_Mar__7_13_47_55_2023,0.029893383383750916,6.872560501098633,269.7497605033404
WS23_L1_T1_P_5_Tue_Mar__7_13_47_55_2023,0.029893383383750916,6.872560501098633,269.7497605033404
WS23_L1_T1_P_5_Tue_Mar__7_13_47_55_2023,0.029893383383750916,6.872560501098633,269.7497605033404
WS23_L1_T1_P_5_Tue_Mar__7_13_47_55_2023,0.029893383383750916,6.872560501098633,269.7497605033404
WS23_L1_T1_P_5_Tue_Mar__7_13_47_55_2023,0.029893383383750916,6.872560501098633,269.7497605033404
WS23_L1_T1_P_5_Tue_Mar__7_13_47_55_2023,0.029893383383750916,6.872560501098633,269.7497605033404
WS23_L1_T1_P_5_Tue_Mar__7_13_47_55_2023,0.029893383383750916,6.872560501098633,269.7497605033404
WS23_L1_T1_P_5_Tue_Mar__7_13_47_55_2023,0.029893383383750916,6.872560501098633,269.7497605033404
WS23_L1_T1_P_5_Tue_Mar__7_13_47_55_2023,0.029929041862487793,7.065378665924072,269.7497605033404
WS23_L1_T1_P_5_Tue_Mar__7_13_47_55_2023,0.029929041862487793,7.065378665924072,269.7497605033404
WS23_L1_T1_P_5_Tue_Mar__7_13_47_55_2023,0.029929041862487793,7.065378665924072,269.7497605033404
WS23_L1_T1_P_5_Tue_Mar__7_13_47_55_2023,0.029929041862487793,7.065378665924072,269.7497605033404
WS23_L1_T1_P_5_Tue_Mar__7_13_47_55_2023,0.029929041862487793,7.065378665924072,269.7497605033404
WS23_L1_T1_P_5_Tue_Mar__7_13_47_55_2023,0.029929041862487793,7.065378665924072,269.7497605033404
WS23_L1_T1_P_5_Tue_Mar__7_13_47_55_2023,0.029929041862487793,7.065378665924072,269.7497605033404
WS23_L1_T1_P_5_Tue_Mar__7_13_47_55_2023,0.029929041862487793,7.159842014312744,269.7497605033404
WS23_L1_T1_P_5_Tue_Mar__7_13_47_55_2023,0.029929041862487793,7.159842014312744,269.7497605033404
WS23_L1_T1_P_5_Tue_Mar__7_13_47_55_2023,0.029929041862487793,7.159842014312744,269.7497605033404
WS23_L1_T1_P_5_Tue_Mar__7_13_47_55_2023,0.029929041862487793,7.159842014312744,269.7497605033404
WS23_L1_T1_P_5_Tue_Mar__7_13_47_55_2023,0.029929041862487793,7.159842014312744,269.7497605033404
WS23_L1_T1_P_5_Tue_Mar__7_13_47_55_2023,0.029929041862487793,7.159842014312744,269.7497605033404
WS23_L1_T1_P_5_Tue_Mar__7_13_47_55_2023,0.029929041862487793,7.159842014312744,269.7497605033404
WS23_L1_T1_P_5_Tue_Mar__7_13_47_55_2023,0.029929041862487793,7.159842014312744,269.7497605033404
WS23_L1_T1_P_5_Tue_Mar__7_13_47_55_2023,0.030012741684913607,7.1380815505981445,269.7497605033404
WS23_L1_T1_P_5_Tue_Mar__7_13_47_55_2023,0.030012741684913607,7.1380815505981445,269.7497605033404
WS23_L1_T1_P_5_Tue_Mar__7_13_47_55_2023,0.030012741684913607,7.1380815505981445,269.7497605033404
WS23_L1_T1_P_5_Tue_Mar__7_13_47_55_2023,0.030012741684913607,7.1380815505981445,269.7497605033404
WS23_L1_T1_P_5_Tue_Mar__7_13_47_55_2023,0.030012741684913607,7.1380815505981445,269.7497605033404
WS23_L1_T1_P_5_Tue_Mar__7_13_47_55_2023,0.030012741684913607,7.1380815505981445,269.7497605033404
WS23_L1_T1_P_5_Tue_Mar__7_13_47_55_2023,0.030012741684913607,7.1380815505981445,269.7497605033404
WS23_L1_T1_P_5_Tue_Mar__7_13_47_55_2023,0.030014708638191195,7.267981052398682,269.7497605033404
WS23_L1_T1_P_5_Tue_Mar__7_13_47_55_2023,0.030014708638191195,7.267981052398682,269.7497605033404
WS23_L1_T1_P_5_Tue_Mar__7_13_47_55_2023,0.030014708638191195,7.267981052398682,269.7497605033404
WS23_L1_T1_P_5_Tue_Mar__7_13_47_55_2023,0.030014708638191195,7.267981052398682,269.7497605033404
WS23_L1_T1_P_5_Tue_Mar__7_13_47_55_2023,0.030014708638191195,7.267981052398682,269.7497605033404
WS23_L1_T1_P_5_Tue_Mar__7_13_47_55_2023,0.030014708638191195,7.267981052398682,269.7497605033404
WS23_L1_T1_P_5_Tue_Mar__7_13_47_55_2023,0.030014708638191195,7.267981052398682,269.7497605033404
WS23_L1_T1_P_5_Tue_Mar__7_13_47_55_2023,0.030014708638191195,7.363363265991211,269.7497605033404
WS23_L1_T1_P_5_Tue_Mar__7_13_47_55_2023,0.030014708638191195,7.363363265991211,269.7497605033404
WS23_L1_T1_P_5_Tue_Mar__7_13_47_55_2023,0.030014708638191195,7.363363265991211,269.7497605033404
WS23_L1_T1_P_5_Tue_Mar__7_13_47_55_2023,0.030014708638191195,7.363363265991211,269.7497605033404
WS23_L1_T1_P_5_Tue_Mar__7_13_47_55_2023,0.030014708638191195,7.363363265991211,269.7497605033404
WS23_L1_T1_P_5_Tue_Mar__7_13_47_55_2023,0.030106231570243808,7.333952903747559,269.7497605033404
WS23_L1_T1_P_5_Tue_Mar__7_13_47_55_2023,0.030106231570243808,7.333952903747559,269.7497605033404
WS23_L1_T1_P_5_Tue_Mar__7_13_47_55_2023,0.030106231570243808,7.333952903747559,269.7497605033404
WS23_L1_T1_P_5_Tue_Mar__7_13_47_55_2023,0.030106231570243808,7.333952903747559,269.7497605033404
WS23_L1_T1_P_5_Tue_Mar__7_13_47_55_2023,0.030106231570243808,7.333952903747559,269.7497605033404
WS23_L1_T1_P_5_Tue_Mar__7_13_47_55_2023,0.030106231570243808,7.333952903747559,269.7497605033404
WS23_L1_T1_P_5_Tue_Mar__7_13_47_55_2023,0.030100405216217013,7.471147537231445,269.7497605033404
WS23_L1_T1_P_5_Tue_Mar__7_13_47_55_2023,0.030100405216217013,7.471147537231445,269.7497605033404
WS23_L1_T1_P_5_Tue_Mar__7_13_47_55_2023,0.030100405216217013,7.471147537231445,269.7497605033404
WS23_L1_T1_P_5_Tue_Mar__7_13_47_55_2023,0.030100405216217013,7.471147537231445,269.7497605033404
WS23_L1_T1_P_5_Tue_Mar__7_13_47_55_2023,0.030100405216217013,7.471147537231445,269.7497605033404
WS23_L1_T1_P_5_Tue_Mar__7_13_47_55_2023,0.030100405216217013,7.471147537231445,269.7497605033404
WS23_L1_T1_P_5_Tue_Mar__7_13_47_55_2023,0.030123502016067505,7.526489734649658,269.7497605033404
WS23_L1_T1_P_5_Tue_Mar__7_13_47_55_2023,0.030123502016067505,7.526489734649658,269.7497605033404
WS23_L1_T1_P_5_Tue_Mar__7_13_47_55_2023,0.030123502016067505,7.526489734649658,269.7497605033404
WS23_L1_T1_P_5_Tue_Mar__7_13_47_55_2023,0.030123502016067505,7.526489734649658,269.7497605033404
WS23_L1_T1_P_5_Tue_Mar__7_13_47_55_2023,0.030123502016067505,7.526489734649658,269.7497605033404
WS23_L1_T1_P_5_Tue_Mar__7_13_47_55_2023,0.030123502016067505,7.526489734649658,269.7497605033404
WS23_L1_T1_P_5_Tue_Mar__7_13_47_55_2023,0.030123502016067505,7.526489734649658,269.7497605033404
WS23_L1_T1_P_5_Tue_Mar__7_13_47_55_2023,0.030189454555511502,7.556478500366211,269.7497605033404
WS23_L1_T1_P_5_Tue_Mar__7_13_47_55_2023,0.030189454555511502,7.556478500366211,269.7497605033404
WS23_L1_T1_P_5_Tue_Mar__7_13_47_55_2023,0.030189454555511502,7.556478500366211,269.7497605033404
WS23_L1_T1_P_5_Tue_Mar__7_13_47_55_2023,0.030189454555511502,7.556478500366211,269.7497605033404
WS23_L1_T1_P_5_Tue_Mar__7_13_47_55_2023,0.030189454555511502,7.556478500366211,269.7497605033404
WS23_L1_T1_P_5_Tue_Mar__7_13_47_55_2023,0.030186086893081693,7.673375606536865,269.7497605033404
WS23_L1_T1_P_5_Tue_Mar__7_13_47_55_2023,0.030186086893081693,7.673375606536865,269.7497605033404
WS23_L1_T1_P_5_Tue_Mar__7_13_47_55_2023,0.030186086893081693,7.673375606536865,269.7497605033404
WS23_L1_T1_P_5_Tue_Mar__7_13_47_55_2023,0.030186086893081693,7.673375606536865,269.7497605033404
WS23_L1_T1_P_5_Tue_Mar__7_13_47_55_2023,0.030186086893081693,7.673375606536865,269.7497605033404
WS23_L1_T1_P_5_Tue_Mar__7_13_47_55_2023,0.030186086893081693,7.673375606536865,269.7497605033404
WS23_L1_T1_P_5_Tue_Mar__7_13_47_55_2023,0.030213177204132108,7.723319053649902,269.7497605033404
WS23_L1_T1_P_5_Tue_Mar__7_13_47_55_2023,0.030213177204132108,7.723319053649902,269.7497605033404
WS23_L1_T1_P_5_Tue_Mar__7_13_47_55_2023,0.030213177204132108,7.723319053649902,269.7497605033404
WS23_L1_T1_P_5_Tue_Mar__7_13_47_55_2023,0.030213177204132108,7.723319053649902,269.7497605033404
WS23_L1_T1_P_5_Tue_Mar__7_13_47_55_2023,0.030213177204132108,7.723319053649902,269.7497605033404
WS23_L1_T1_P_5_Tue_Mar__7_13_47_55_2023,0.030213177204132108,7.723319053649902,269.7497605033404
WS23_L1_T1_P_5_Tue_Mar__7_13_47_55_2023,0.0302541702985763,7.779250144958496,269.7497605033404
WS23_L1_T1_P_5_Tue_Mar__7_13_47_55_2023,0.0302541702985763,7.779250144958496,269.7497605033404
WS23_L1_T1_P_5_Tue_Mar__7_13_47_55_2023,0.0302541702985763,7.779250144958496,269.7497605033404
WS23_L1_T1_P_5_Tue_Mar__7_13_47_55_2023,0.0302541702985763,7.779250144958496,269.7497605033404
WS23_L1_T1_P_5_Tue_Mar__7_13_47_55_2023,0.0302541702985763,7.779250144958496,269.7497605033404
WS23_L1_T1_P_5_Tue_Mar__7_13_47_55_2023,0.0302541702985763,7.779250144958496,269.7497605033404
WS23_L1_T1_P_5_Tue_Mar__7_13_47_55_2023,0.03027178347110751,7.8760085105896,269.7497605033404
WS23_L1_T1_P_5_Tue_Mar__7_13_47_55_2023,0.03027178347110751,7.8760085105896,269.7497605033404
WS23_L1_T1_P_5_Tue_Mar__7_13_47_55_2023,0.03027178347110751,7.8760085105896,269.7497605033404
WS23_L1_T1_P_5_Tue_Mar__7_13_47_55_2023,0.03027178347110751,7.8760085105896,269.7497605033404
WS23_L1_T1_P_5_Tue_Mar__7_13_47_55_2023,0.03027178347110751,7.8760085105896,269.7497605033404
WS23_L1_T1_P_5_Tue_Mar__7_13_47_55_2023,0.03027178347110751,7.8760085105896,269.7497605033404
WS23_L1_T1_P_5_Tue_Mar__7_13_47_55_2023,0.030313387513160706,7.912524223327637,269.7497605033404
WS23_L1_T1_P_5_Tue_Mar__7_13_47_55_2023,0.030313387513160706,7.912524223327637,269.7497605033404
WS23_L1_T1_P_5_Tue_Mar__7_13_47_55_2023,0.030313387513160706,7.912524223327637,269.7497605033404
WS23_L1_T1_P_5_Tue_Mar__7_13_47_55_2023,0.030313387513160706,7.912524223327637,269.7497605033404
WS23_L1_T1_P_5_Tue_Mar__7_13_47_55_2023,0.030313387513160706,7.912524223327637,269.7497605033404
WS23_L1_T1_P_5_Tue_Mar__7_13_47_55_2023,0.030313387513160706,7.912524223327637,269.7497605033404
WS23_L1_T1_P_5_Tue_Mar__7_13_47_55_2023,0.030313387513160706,7.912524223327637,269.7497605033404
WS23_L1_T1_P_5_Tue_Mar__7_13_47_55_2023,0.030314043164253207,8.024942398071289,269.7497605033404
WS23_L1_T1_P_5_Tue_Mar__7_13_47_55_2023,0.030314043164253207,8.024942398071289,269.7497605033404
WS23_L1_T1_P_5_Tue_Mar__7_13_47_55_2023,0.030314043164253207,8.024942398071289,269.7497605033404
WS23_L1_T1_P_5_Tue_Mar__7_13_47_55_2023,0.030314043164253207,8.024942398071289,269.7497605033404
WS23_L1_T1_P_5_Tue_Mar__7_13_47_55_2023,0.030314043164253207,8.024942398071289,269.7497605033404
WS23_L1_T1_P_5_Tue_Mar__7_13_47_55_2023,0.030409887433052007,7.990894317626953,269.7497605033404
WS23_L1_T1_P_5_Tue_Mar__7_13_47_55_2023,0.030409887433052007,7.990894317626953,269.7497605033404
WS23_L1_T1_P_5_Tue_Mar__7_13_47_55_2023,0.030409887433052007,7.990894317626953,269.7497605033404
WS23_L1_T1_P_5_Tue_Mar__7_13_47_55_2023,0.030409887433052007,7.990894317626953,269.7497605033404
WS23_L1_T1_P_5_Tue_Mar__7_13_47_55_2023,0.030409887433052007,7.990894317626953,269.7497605033404
WS23_L1_T1_P_5_Tue_Mar__7_13_47_55_2023,0.030409887433052007,7.990894317626953,269.7497605033404
WS23_L1_T1_P_5_Tue_Mar__7_13_47_55_2023,0.030409887433052007,7.990894317626953,269.7497605033404
WS23_L1_T1_P_5_Tue_Mar__7_13_47_55_2023,0.030399784445762607,8.132970809936523,269.7497605033404
WS23_L1_T1_P_5_Tue_Mar__7_13_47_55_2023,0.030399784445762607,8.132970809936523,269.7497605033404
WS23_L1_T1_P_5_Tue_Mar__7_13_47_55_2023,0.030399784445762607,8.132970809936523,269.7497605033404
WS23_L1_T1_P_5_Tue_Mar__7_13_47_55_2023,0.030399784445762607,8.132970809936523,269.7497605033404
WS23_L1_T1_P_5_Tue_Mar__7_13_47_55_2023,0.030399784445762607,8.132970809936523,269.7497605033404
WS23_L1_T1_P_5_Tue_Mar__7_13_47_55_2023,0.030399784445762607,8.132970809936523,269.7497605033404
WS23_L1_T1_P_5_Tue_Mar__7_13_47_55_2023,0.030434593558311407,8.156837463378906,269.7497605033404
WS23_L1_T1_P_5_Tue_Mar__7_13_47_55_2023,0.030434593558311407,8.156837463378906,269.7497605033404
WS23_L1_T1_P_5_Tue_Mar__7_13_47_55_2023,0.030434593558311407,8.156837463378906,269.7497605033404
WS23_L1_T1_P_5_Tue_Mar__7_13_47_55_2023,0.030434593558311407,8.156837463378906,269.7497605033404
WS23_L1_T1_P_5_Tue_Mar__7_13_47_55_2023,0.030434593558311407,8.156837463378906,269.7497605033404
WS23_L1_T1_P_5_Tue_Mar__7_13_47_55_2023,0.030434593558311407,8.156837463378906,269.7497605033404
WS23_L1_T1_P_5_Tue_Mar__7_13_47_55_2023,0.030434593558311407,8.156837463378906,269.7497605033404
WS23_L1_T1_P_5_Tue_Mar__7_13_47_55_2023,0.030485466122627203,8.24031925201416,269.7497605033404
WS23_L1_T1_P_5_Tue_Mar__7_13_47_55_2023,0.030485466122627203,8.24031925201416,269.7497605033404
WS23_L1_T1_P_5_Tue_Mar__7_13_47_55_2023,0.030485466122627203,8.24031925201416,269.7497605033404
WS23_L1_T1_P_5_Tue_Mar__7_13_47_55_2023,0.030485466122627203,8.24031925201416,269.7497605033404
WS23_L1_T1_P_5_Tue_Mar__7_13_47_55_2023,0.030485466122627203,8.24031925201416,269.7497605033404
WS23_L1_T1_P_5_Tue_Mar__7_13_47_55_2023,0.030485466122627203,8.24031925201416,269.7497605033404
WS23_L1_T1_P_5_Tue_Mar__7_13_47_55_2023,0.030485466122627203,8.24031925201416,269.7497605033404
WS23_L1_T1_P_5_Tue_Mar__7_13_47_55_2023,0.030485466122627203,8.336959838867188,269.7497605033404
WS23_L1_T1_P_5_Tue_Mar__7_13_47_55_2023,0.030485466122627203,8.336959838867188,269.7497605033404
WS23_L1_T1_P_5_Tue_Mar__7_13_47_55_2023,0.030485466122627203,8.336959838867188,269.7497605033404
WS23_L1_T1_P_5_Tue_Mar__7_13_47_55_2023,0.030485466122627203,8.336959838867188,269.7497605033404
WS23_L1_T1_P_5_Tue_Mar__7_13_47_55_2023,0.030485466122627203,8.336959838867188,269.7497605033404
WS23_L1_T1_P_5_Tue_Mar__7_13_47_55_2023,0.030485466122627203,8.336959838867188,269.7497605033404
WS23_L1_T1_P_5_Tue_Mar__7_13_47_55_2023,0.030485466122627203,8.336959838867188,269.7497605033404
WS23_L1_T1_P_5_Tue_Mar__7_13_47_55_2023,0.030571222305297796,8.347495079040527,269.7497605033404
WS23_L1_T1_P_5_Tue_Mar__7_13_47_55_2023,0.030571222305297796,8.347495079040527,269.7497605033404
WS23_L1_T1_P_5_Tue_Mar__7_13_47_55_2023,0.030571222305297796,8.347495079040527,269.7497605033404
WS23_L1_T1_P_5_Tue_Mar__7_13_47_55_2023,0.030571222305297796,8.347495079040527,269.7497605033404
WS23_L1_T1_P_5_Tue_Mar__7_13_47_55_2023,0.030571222305297796,8.347495079040527,269.7497605033404
WS23_L1_T1_P_5_Tue_Mar__7_13_47_55_2023,0.030571222305297796,8.347495079040527,269.7497605033404
WS23_L1_T1_P_5_Tue_Mar__7_13_47_55_2023,0.030571222305297796,8.347495079040527,269.7497605033404
WS23_L1_T1_P_5_Tue_Mar__7_13_47_55_2023,0.03060069680213931,8.37775707244873,269.7497605033404
WS23_L1_T1_P_5_Tue_Mar__7_13_47_55_2023,0.03060069680213931,8.37775707244873,269.7497605033404
WS23_L1_T1_P_5_Tue_Mar__7_13_47_55_2023,0.03060069680213931,8.37775707244873,269.7497605033404
WS23_L1_T1_P_5_Tue_Mar__7_13_47_55_2023,0.03060069680213931,8.37775707244873,269.7497605033404
WS23_L1_T1_P_5_Tue_Mar__7_13_47_55_2023,0.03060069680213931,8.37775707244873,269.7497605033404
WS23_L1_T1_P_5_Tue_Mar__7_13_47_55_2023,0.03060069680213931,8.37775707244873,269.7497605033404
WS23_L1_T1_P_5_Tue_Mar__7_13_47_55_2023,0.03060069680213931,8.37775707244873,269.7497605033404
WS23_L1_T1_P_5_Tue_Mar__7_13_47_55_2023,0.030656963586807195,8.359966278076172,269.7497605033404
WS23_L1_T1_P_5_Tue_Mar__7_13_47_55_2023,0.030656963586807195,8.359966278076172,269.7497605033404
WS23_L1_T1_P_5_Tue_Mar__7_13_47_55_2023,0.030656963586807195,8.359966278076172,269.7497605033404
WS23_L1_T1_P_5_Tue_Mar__7_13_47_55_2023,0.030656963586807195,8.359966278076172,269.7497605033404
WS23_L1_T1_P_5_Tue_Mar__7_13_47_55_2023,0.030656963586807195,8.359966278076172,269.7497605033404
WS23_L1_T1_P_5_Tue_Mar__7_13_47_55_2023,0.030656963586807195,8.359966278076172,269.7497605033404
WS23_L1_T1_P_5_Tue_Mar__7_13_47_55_2023,0.030656963586807195,8.359966278076172,269.7497605033404
WS23_L1_T1_P_5_Tue_Mar__7_13_47_55_2023,0.030723512172699002,8.450322151184082,269.7497605033404
WS23_L1_T1_P_5_Tue_Mar__7_13_47_55_2023,0.030723512172699002,8.450322151184082,269.7497605033404
WS23_L1_T1_P_5_Tue_Mar__7_13_47_55_2023,0.030723512172699002,8.450322151184082,269.7497605033404
WS23_L1_T1_P_5_Tue_Mar__7_13_47_55_2023,0.030723512172699002,8.450322151184082,269.7497605033404
WS23_L1_T1_P_5_Tue_Mar__7_13_47_55_2023,0.030723512172699002,8.450322151184082,269.7497605033404
WS23_L1_T1_P_5_Tue_Mar__7_13_47_55_2023,0.030723512172699002,8.450322151184082,269.7497605033404
WS23_L1_T1_P_5_Tue_Mar__7_13_47_55_2023,0.030723512172699002,8.450322151184082,269.7497605033404
WS23_L1_T1_P_5_Tue_Mar__7_13_47_55_2023,0.030742719769477816,8.467840194702148,269.7497605033404
WS23_L1_T1_P_5_Tue_Mar__7_13_47_55_2023,0.030742719769477816,8.467840194702148,269.7497605033404
WS23_L1_T1_P_5_Tue_Mar__7_13_47_55_2023,0.030742719769477816,8.467840194702148,269.7497605033404
WS23_L1_T1_P_5_Tue_Mar__7_13_47_55_2023,0.030742719769477816,8.467840194702148,269.7497605033404
WS23_L1_T1_P_5_Tue_Mar__7_13_47_55_2023,0.030742719769477816,8.467840194702148,269.7497605033404
WS23_L1_T1_P_5_Tue_Mar__7_13_47_55_2023,0.030812159180641202,8.477753639221191,269.7497605033404
WS23_L1_T1_P_5_Tue_Mar__7_13_47_55_2023,0.030812159180641202,8.477753639221191,269.7497605033404
WS23_L1_T1_P_5_Tue_Mar__7_13_47_55_2023,0.030812159180641202,8.477753639221191,269.7497605033404
WS23_L1_T1_P_5_Tue_Mar__7_13_47_55_2023,0.030812159180641202,8.477753639221191,269.7497605033404
WS23_L1_T1_P_5_Tue_Mar__7_13_47_55_2023,0.030812159180641202,8.477753639221191,269.7497605033404
WS23_L1_T1_P_5_Tue_Mar__7_13_47_55_2023,0.030812159180641202,8.477753639221191,269.7497605033404
WS23_L1_T1_P_5_Tue_Mar__7_13_47_55_2023,0.030828446149825994,8.669676780700684,269.7497605033404
WS23_L1_T1_P_5_Tue_Mar__7_13_47_55_2023,0.030828446149825994,8.669676780700684,269.7497605033404
WS23_L1_T1_P_5_Tue_Mar__7_13_47_55_2023,0.030828446149825994,8.669676780700684,269.7497605033404
WS23_L1_T1_P_5_Tue_Mar__7_13_47_55_2023,0.030828446149825994,8.669676780700684,269.7497605033404
WS23_L1_T1_P_5_Tue_Mar__7_13_47_55_2023,0.030828446149825994,8.669676780700684,269.7497605033404
WS23_L1_T1_P_5_Tue_Mar__7_13_47_55_2023,0.030828446149825994,8.669676780700684,269.7497605033404
WS23_L1_T1_P_5_Tue_Mar__7_13_47_55_2023,0.030828446149825994,8.669676780700684,269.7497605033404
WS23_L1_T1_P_5_Tue_Mar__7_13_47_55_2023,0.030899986624717712,8.677742004394531,269.7497605033404
WS23_L1_T1_P_5_Tue_Mar__7_13_47_55_2023,0.030899986624717712,8.677742004394531,269.7497605033404
WS23_L1_T1_P_5_Tue_Mar__7_13_47_55_2023,0.030899986624717712,8.677742004394531,269.7497605033404
WS23_L1_T1_P_5_Tue_Mar__7_13_47_55_2023,0.030899986624717712,8.677742004394531,269.7497605033404
WS23_L1_T1_P_5_Tue_Mar__7_13_47_55_2023,0.030899986624717712,8.677742004394531,269.7497605033404
WS23_L1_T1_P_5_Tue_Mar__7_13_47_55_2023,0.030899986624717712,8.677742004394531,269.7497605033404
WS23_L1_T1_P_5_Tue_Mar__7_13_47_55_2023,0.030899986624717712,8.677742004394531,269.7497605033404
WS23_L1_T1_P_5_Tue_Mar__7_13_47_55_2023,0.030930086970329312,8.744208335876465,269.7497605033404
WS23_L1_T1_P_5_Tue_Mar__7_13_47_55_2023,0.030930086970329312,8.744208335876465,269.7497605033404
WS23_L1_T1_P_5_Tue_Mar__7_13_47_55_2023,0.030930086970329312,8.744208335876465,269.7497605033404
WS23_L1_T1_P_5_Tue_Mar__7_13_47_55_2023,0.030930086970329312,8.744208335876465,269.7497605033404
WS23_L1_T1_P_5_Tue_Mar__7_13_47_55_2023,0.030930086970329312,8.744208335876465,269.7497605033404
WS23_L1_T1_P_5_Tue_Mar__7_13_47_55_2023,0.030930086970329312,8.744208335876465,269.7497605033404
WS23_L1_T1_P_5_Tue_Mar__7_13_47_55_2023,0.030970752239227295,8.79952621459961,269.7497605033404
WS23_L1_T1_P_5_Tue_Mar__7_13_47_55_2023,0.030970752239227295,8.79952621459961,269.7497605033404
WS23_L1_T1_P_5_Tue_Mar__7_13_47_55_2023,0.030970752239227295,8.79952621459961,269.7497605033404
WS23_L1_T1_P_5_Tue_Mar__7_13_47_55_2023,0.030970752239227295,8.79952621459961,269.7497605033404
WS23_L1_T1_P_5_Tue_Mar__7_13_47_55_2023,0.030970752239227295,8.79952621459961,269.7497605033404
WS23_L1_T1_P_5_Tue_Mar__7_13_47_55_2023,0.030970752239227295,8.79952621459961,269.7497605033404
WS23_L1_T1_P_5_Tue_Mar__7_13_47_55_2023,0.031034991145134,8.737101554870605,269.7497605033404
WS23_L1_T1_P_5_Tue_Mar__7_13_47_55_2023,0.031034991145134,8.737101554870605,269.7497605033404
WS23_L1_T1_P_5_Tue_Mar__7_13_47_55_2023,0.031034991145134,8.737101554870605,269.7497605033404
WS23_L1_T1_P_5_Tue_Mar__7_13_47_55_2023,0.031034991145134,8.737101554870605,269.7497605033404
WS23_L1_T1_P_5_Tue_Mar__7_13_47_55_2023,0.031034991145134,8.737101554870605,269.7497605033404
WS23_L1_T1_P_5_Tue_Mar__7_13_47_55_2023,0.031034991145134,8.737101554870605,269.7497605033404
WS23_L1_T1_P_5_Tue_Mar__7_13_47_55_2023,0.031068682670593206,8.799394607543945,269.7497605033404
WS23_L1_T1_P_5_Tue_Mar__7_13_47_55_2023,0.031068682670593206,8.799394607543945,269.7497605033404
WS23_L1_T1_P_5_Tue_Mar__7_13_47_55_2023,0.031068682670593206,8.799394607543945,269.7497605033404
WS23_L1_T1_P_5_Tue_Mar__7_13_47_55_2023,0.031068682670593206,8.799394607543945,269.7497605033404
WS23_L1_T1_P_5_Tue_Mar__7_13_47_55_2023,0.031068682670593206,8.799394607543945,269.7497605033404
WS23_L1_T1_P_5_Tue_Mar__7_13_47_55_2023,0.031068682670593206,8.799394607543945,269.7497605033404
WS23_L1_T1_P_5_Tue_Mar__7_13_47_55_2023,0.031068682670593206,8.799394607543945,269.7497605033404
WS23_L1_T1_P_5_Tue_Mar__7_13_47_55_2023,0.031128048896789495,8.951155662536621,269.7497605033404
WS23_L1_T1_P_5_Tue_Mar__7_13_47_55_2023,0.031128048896789495,8.951155662536621,269.7497605033404
WS23_L1_T1_P_5_Tue_Mar__7_13_47_55_2023,0.031128048896789495,8.951155662536621,269.7497605033404
WS23_L1_T1_P_5_Tue_Mar__7_13_47_55_2023,0.031128048896789495,8.951155662536621,269.7497605033404
WS23_L1_T1_P_5_Tue_Mar__7_13_47_55_2023,0.031128048896789495,8.951155662536621,269.7497605033404
WS23_L1_T1_P_5_Tue_Mar__7_13_47_55_2023,0.031128048896789495,8.951155662536621,269.7497605033404
WS23_L1_T1_P_5_Tue_Mar__7_13_47_55_2023,0.031223371624946594,8.936596870422363,269.7497605033404
WS23_L1_T1_P_5_Tue_Mar__7_13_47_55_2023,0.031223371624946594,8.936596870422363,269.7497605033404
WS23_L1_T1_P_5_Tue_Mar__7_13_47_55_2023,0.031223371624946594,8.936596870422363,269.7497605033404
WS23_L1_T1_P_5_Tue_Mar__7_13_47_55_2023,0.031223371624946594,8.936596870422363,269.7497605033404
WS23_L1_T1_P_5_Tue_Mar__7_13_47_55_2023,0.031223371624946594,8.936596870422363,269.7497605033404
WS23_L1_T1_P_5_Tue_Mar__7_13_47_55_2023,0.031223371624946594,8.936596870422363,269.7497605033404
WS23_L1_T1_P_5_Tue_Mar__7_13_47_55_2023,0.031223371624946594,8.936596870422363,269.7497605033404
WS23_L1_T1_P_5_Tue_Mar__7_13_47_55_2023,0.03129072487354281,8.947209358215332,269.7497605033404
WS23_L1_T1_P_5_Tue_Mar__7_13_47_55_2023,0.03129072487354281,8.947209358215332,269.7497605033404
WS23_L1_T1_P_5_Tue_Mar__7_13_47_55_2023,0.03129072487354281,8.947209358215332,269.7497605033404
WS23_L1_T1_P_5_Tue_Mar__7_13_47_55_2023,0.03129072487354281,8.947209358215332,269.7497605033404
WS23_L1_T1_P_5_Tue_Mar__7_13_47_55_2023,0.03129072487354281,8.947209358215332,269.7497605033404
WS23_L1_T1_P_5_Tue_Mar__7_13_47_55_2023,0.03129072487354281,8.947209358215332,269.7497605033404
WS23_L1_T1_P_5_Tue_Mar__7_13_47_55_2023,0.03129072487354281,8.947209358215332,269.7497605033404
WS23_L1_T1_P_5_Tue_Mar__7_13_47_55_2023,0.03132274746894839,9.03016757965088,269.7497605033404
WS23_L1_T1_P_5_Tue_Mar__7_13_47_55_2023,0.03132274746894839,9.03016757965088,269.7497605033404
WS23_L1_T1_P_5_Tue_Mar__7_13_47_55_2023,0.03132274746894839,9.03016757965088,269.7497605033404
WS23_L1_T1_P_5_Tue_Mar__7_13_47_55_2023,0.03132274746894839,9.03016757965088,269.7497605033404
WS23_L1_T1_P_5_Tue_Mar__7_13_47_55_2023,0.03132274746894839,9.03016757965088,269.7497605033404
WS23_L1_T1_P_5_Tue_Mar__7_13_47_55_2023,0.03132274746894839,9.03016757965088,269.7497605033404
WS23_L1_T1_P_5_Tue_Mar__7_13_47_55_2023,0.03132274746894839,9.03016757965088,269.7497605033404
WS23_L1_T1_P_5_Tue_Mar__7_13_47_55_2023,0.0313418954610824,9.03006076812744,269.7497605033404
WS23_L1_T1_P_5_Tue_Mar__7_13_47_55_2023,0.0313418954610824,9.03006076812744,269.7497605033404
WS23_L1_T1_P_5_Tue_Mar__7_13_47_55_2023,0.0313418954610824,9.03006076812744,269.7497605033404
WS23_L1_T1_P_5_Tue_Mar__7_13_47_55_2023,0.0313418954610824,9.03006076812744,269.7497605033404
WS23_L1_T1_P_5_Tue_Mar__7_13_47_55_2023,0.0313418954610824,9.03006076812744,269.7497605033404
WS23_L1_T1_P_5_Tue_Mar__7_13_47_55_2023,0.0313418954610824,9.03006076812744,269.7497605033404
WS23_L1_T1_P_5_Tue_Mar__7_13_47_55_2023,0.0313418954610824,9.03006076812744,269.7497605033404
WS23_L1_T1_P_5_Tue_Mar__7_13_47_55_2023,0.031425058841705295,9.12215805053711,269.7497605033404
WS23_L1_T1_P_5_Tue_Mar__7_13_47_55_2023,0.031425058841705295,9.12215805053711,269.7497605033404
WS23_L1_T1_P_5_Tue_Mar__7_13_47_55_2023,0.031425058841705295,9.12215805053711,269.7497605033404
WS23_L1_T1_P_5_Tue_Mar__7_13_47_55_2023,0.031425058841705295,9.12215805053711,269.7497605033404
WS23_L1_T1_P_5_Tue_Mar__7_13_47_55_2023,0.031425058841705295,9.12215805053711,269.7497605033404
WS23_L1_T1_P_5_Tue_Mar__7_13_47_55_2023,0.031425058841705295,9.12215805053711,269.7497605033404
WS23_L1_T1_P_5_Tue_Mar__7_13_47_55_2023,0.031425058841705295,9.12215805053711,269.7497605033404
WS23_L1_T1_P_5_Tue_Mar__7_13_47_55_2023,0.031448110938072205,9.193984031677246,269.7497605033404
WS23_L1_T1_P_5_Tue_Mar__7_13_47_55_2023,0.031448110938072205,9.193984031677246,269.7497605033404
WS23_L1_T1_P_5_Tue_Mar__7_13_47_55_2023,0.031448110938072205,9.193984031677246,269.7497605033404
WS23_L1_T1_P_5_Tue_Mar__7_13_47_55_2023,0.031448110938072205,9.193984031677246,269.7497605033404
WS23_L1_T1_P_5_Tue_Mar__7_13_47_55_2023,0.031448110938072205,9.193984031677246,269.7497605033404
WS23_L1_T1_P_5_Tue_Mar__7_13_47_55_2023,0.031448110938072205,9.193984031677246,269.7497605033404
WS23_L1_T1_P_5_Tue_Mar__7_13_47_55_2023,0.031448110938072205,9.193984031677246,269.7497605033404
WS23_L1_T1_P_5_Tue_Mar__7_13_47_55_2023,0.0315003097057342,9.239087104797363,269.7497605033404
WS23_L1_T1_P_5_Tue_Mar__7_13_47_55_2023,0.0315003097057342,9.239087104797363,269.7497605033404
WS23_L1_T1_P_5_Tue_Mar__7_13_47_55_2023,0.0315003097057342,9.239087104797363,269.7497605033404
WS23_L1_T1_P_5_Tue_Mar__7_13_47_55_2023,0.0315003097057342,9.239087104797363,269.7497605033404
WS23_L1_T1_P_5_Tue_Mar__7_13_47_55_2023,0.0315003097057342,9.239087104797363,269.7497605033404
WS23_L1_T1_P_5_Tue_Mar__7_13_47_55_2023,0.0315003097057342,9.239087104797363,269.7497605033404
WS23_L1_T1_P_5_Tue_Mar__7_13_47_55_2023,0.0315003097057342,9.239087104797363,269.7497605033404
WS23_L1_T1_P_5_Tue_Mar__7_13_47_55_2023,0.031513527035713196,9.339699745178224,269.7497605033404
WS23_L1_T1_P_5_Tue_Mar__7_13_47_55_2023,0.031513527035713196,9.339699745178224,269.7497605033404
WS23_L1_T1_P_5_Tue_Mar__7_13_47_55_2023,0.031513527035713196,9.339699745178224,269.7497605033404
WS23_L1_T1_P_5_Tue_Mar__7_13_47_55_2023,0.031513527035713196,9.339699745178224,269.7497605033404
WS23_L1_T1_P_5_Tue_Mar__7_13_47_55_2023,0.031513527035713196,9.339699745178224,269.7497605033404
WS23_L1_T1_P_5_Tue_Mar__7_13_47_55_2023,0.031513527035713196,9.339699745178224,269.7497605033404
WS23_L1_T1_P_5_Tue_Mar__7_13_47_55_2023,0.031513527035713196,9.339699745178224,269.7497605033404
WS23_L1_T1_P_5_Tue_Mar__7_13_47_55_2023,0.0315742492675781,9.357491493225098,269.7497605033404
WS23_L1_T1_P_5_Tue_Mar__7_13_47_55_2023,0.0315742492675781,9.357491493225098,269.7497605033404
WS23_L1_T1_P_5_Tue_Mar__7_13_47_55_2023,0.0315742492675781,9.357491493225098,269.7497605033404
WS23_L1_T1_P_5_Tue_Mar__7_13_47_55_2023,0.0315742492675781,9.357491493225098,269.7497605033404
WS23_L1_T1_P_5_Tue_Mar__7_13_47_55_2023,0.0315742492675781,9.357491493225098,269.7497605033404
WS23_L1_T1_P_5_Tue_Mar__7_13_47_55_2023,0.0315742492675781,9.357491493225098,269.7497605033404
WS23_L1_T1_P_5_Tue_Mar__7_13_47_55_2023,0.03163677453994751,9.393865585327148,269.7497605033404
WS23_L1_T1_P_5_Tue_Mar__7_13_47_55_2023,0.03163677453994751,9.393865585327148,269.7497605033404
WS23_L1_T1_P_5_Tue_Mar__7_13_47_55_2023,0.03163677453994751,9.393865585327148,269.7497605033404
WS23_L1_T1_P_5_Tue_Mar__7_13_47_55_2023,0.03163677453994751,9.393865585327148,269.7497605033404
WS23_L1_T1_P_5_Tue_Mar__7_13_47_55_2023,0.03163677453994751,9.393865585327148,269.7497605033404
WS23_L1_T1_P_5_Tue_Mar__7_13_47_55_2023,0.03163677453994751,9.393865585327148,269.7497605033404
WS23_L1_T1_P_5_Tue_Mar__7_13_47_55_2023,0.03163677453994751,9.393865585327148,269.7497605033404
WS23_L1_T1_P_5_Tue_Mar__7_13_47_55_2023,0.03163677453994751,9.393865585327148,269.7497605033404
WS23_L1_T1_P_5_Tue_Mar__7_13_47_55_2023,0.031664028763771,9.46265983581543,269.7497605033404
WS23_L1_T1_P_5_Tue_Mar__7_13_47_55_2023,0.031664028763771,9.46265983581543,269.7497605033404
WS23_L1_T1_P_5_Tue_Mar__7_13_47_55_2023,0.031664028763771,9.46265983581543,269.7497605033404
WS23_L1_T1_P_5_Tue_Mar__7_13_47_55_2023,0.031664028763771,9.46265983581543,269.7497605033404
WS23_L1_T1_P_5_Tue_Mar__7_13_47_55_2023,0.031664028763771,9.46265983581543,269.7497605033404
WS23_L1_T1_P_5_Tue_Mar__7_13_47_55_2023,0.031664028763771,9.46265983581543,269.7497605033404
WS23_L1_T1_P_5_Tue_Mar__7_13_47_55_2023,0.031664028763771,9.46265983581543,269.7497605033404
WS23_L1_T1_P_5_Tue_Mar__7_13_47_55_2023,0.03168518841266629,9.554397583007812,269.7497605033404
WS23_L1_T1_P_5_Tue_Mar__7_13_47_55_2023,0.03168518841266629,9.554397583007812,269.7497605033404
WS23_L1_T1_P_5_Tue_Mar__7_13_47_55_2023,0.03168518841266629,9.554397583007812,269.7497605033404
WS23_L1_T1_P_5_Tue_Mar__7_13_47_55_2023,0.03168518841266629,9.554397583007812,269.7497605033404
WS23_L1_T1_P_5_Tue_Mar__7_13_47_55_2023,0.03168518841266629,9.554397583007812,269.7497605033404
WS23_L1_T1_P_5_Tue_Mar__7_13_47_55_2023,0.03168518841266629,9.554397583007812,269.7497605033404
WS23_L1_T1_P_5_Tue_Mar__7_13_47_55_2023,0.03168518841266629,9.554397583007812,269.7497605033404
WS23_L1_T1_P_5_Tue_Mar__7_13_47_55_2023,0.031770989298820496,9.538695335388184,269.7497605033404
WS23_L1_T1_P_5_Tue_Mar__7_13_47_55_2023,0.031770989298820496,9.538695335388184,269.7497605033404
WS23_L1_T1_P_5_Tue_Mar__7_13_47_55_2023,0.031770989298820496,9.538695335388184,269.7497605033404
WS23_L1_T1_P_5_Tue_Mar__7_13_47_55_2023,0.031770989298820496,9.538695335388184,269.7497605033404
WS23_L1_T1_P_5_Tue_Mar__7_13_47_55_2023,0.031770989298820496,9.538695335388184,269.7497605033404
WS23_L1_T1_P_5_Tue_Mar__7_13_47_55_2023,0.031770989298820496,9.538695335388184,269.7497605033404
WS23_L1_T1_P_5_Tue_Mar__7_13_47_55_2023,0.031770989298820496,9.661985397338867,269.7497605033404
WS23_L1_T1_P_5_Tue_Mar__7_13_47_55_2023,0.031770989298820496,9.661985397338867,269.7497605033404
WS23_L1_T1_P_5_Tue_Mar__7_13_47_55_2023,0.031770989298820496,9.661985397338867,269.7497605033404
WS23_L1_T1_P_5_Tue_Mar__7_13_47_55_2023,0.031770989298820496,9.661985397338867,269.7497605033404
WS23_L1_T1_P_5_Tue_Mar__7_13_47_55_2023,0.031770989298820496,9.661985397338867,269.7497605033404
WS23_L1_T1_P_5_Tue_Mar__7_13_47_55_2023,0.031770989298820496,9.661985397338867,269.7497605033404
WS23_L1_T1_P_5_Tue_Mar__7_13_47_55_2023,0.031770989298820496,9.661985397338867,269.7497605033404
WS23_L1_T1_P_5_Tue_Mar__7_13_47_55_2023,0.03181314468383792,9.679076194763184,269.7497605033404
WS23_L1_T1_P_5_Tue_Mar__7_13_47_55_2023,0.03181314468383792,9.679076194763184,269.7497605033404
WS23_L1_T1_P_5_Tue_Mar__7_13_47_55_2023,0.03181314468383792,9.679076194763184,269.7497605033404
WS23_L1_T1_P_5_Tue_Mar__7_13_47_55_2023,0.03181314468383792,9.679076194763184,269.7497605033404
WS23_L1_T1_P_5_Tue_Mar__7_13_47_55_2023,0.03181314468383792,9.679076194763184,269.7497605033404
WS23_L1_T1_P_5_Tue_Mar__7_13_47_55_2023,0.03185684978961942,9.769243240356444,269.7497605033404
WS23_L1_T1_P_5_Tue_Mar__7_13_47_55_2023,0.03185684978961942,9.769243240356444,269.7497605033404
WS23_L1_T1_P_5_Tue_Mar__7_13_47_55_2023,0.03185684978961942,9.769243240356444,269.7497605033404
WS23_L1_T1_P_5_Tue_Mar__7_13_47_55_2023,0.03185684978961942,9.769243240356444,269.7497605033404
WS23_L1_T1_P_5_Tue_Mar__7_13_47_55_2023,0.03185684978961942,9.769243240356444,269.7497605033404
WS23_L1_T1_P_5_Tue_Mar__7_13_47_55_2023,0.03185684978961942,9.769243240356444,269.7497605033404
WS23_L1_T1_P_5_Tue_Mar__7_13_47_55_2023,0.03185684978961942,9.86432647705078,269.7497605033404
WS23_L1_T1_P_5_Tue_Mar__7_13_47_55_2023,0.03185684978961942,9.86432647705078,269.7497605033404
WS23_L1_T1_P_5_Tue_Mar__7_13_47_55_2023,0.03185684978961942,9.86432647705078,269.7497605033404
WS23_L1_T1_P_5_Tue_Mar__7_13_47_55_2023,0.03185684978961942,9.86432647705078,269.7497605033404
WS23_L1_T1_P_5_Tue_Mar__7_13_47_55_2023,0.03185684978961942,9.86432647705078,269.7497605033404
WS23_L1_T1_P_5_Tue_Mar__7_13_47_55_2023,0.03185684978961942,9.86432647705078,269.7497605033404
WS23_L1_T1_P_5_Tue_Mar__7_13_47_55_2023,0.03185684978961942,9.86432647705078,269.7497605033404
WS23_L1_T1_P_5_Tue_Mar__7_13_47_55_2023,0.03193590044975281,9.84742546081543,269.7497605033404
WS23_L1_T1_P_5_Tue_Mar__7_13_47_55_2023,0.03193590044975281,9.84742546081543,269.7497605033404
WS23_L1_T1_P_5_Tue_Mar__7_13_47_55_2023,0.03193590044975281,9.84742546081543,269.7497605033404
WS23_L1_T1_P_5_Tue_Mar__7_13_47_55_2023,0.03193590044975281,9.84742546081543,269.7497605033404
WS23_L1_T1_P_5_Tue_Mar__7_13_47_55_2023,0.03193590044975281,9.84742546081543,269.7497605033404
WS23_L1_T1_P_5_Tue_Mar__7_13_47_55_2023,0.03193590044975281,9.84742546081543,269.7497605033404
WS23_L1_T1_P_5_Tue_Mar__7_13_47_55_2023,0.0319426953792572,9.97189712524414,269.7497605033404
WS23_L1_T1_P_5_Tue_Mar__7_13_47_55_2023,0.0319426953792572,9.97189712524414,269.7497605033404
WS23_L1_T1_P_5_Tue_Mar__7_13_47_55_2023,0.0319426953792572,9.97189712524414,269.7497605033404
WS23_L1_T1_P_5_Tue_Mar__7_13_47_55_2023,0.0319426953792572,9.97189712524414,269.7497605033404
WS23_L1_T1_P_5_Tue_Mar__7_13_47_55_2023,0.0319426953792572,9.97189712524414,269.7497605033404
WS23_L1_T1_P_5_Tue_Mar__7_13_47_55_2023,0.0319426953792572,9.97189712524414,269.7497605033404
WS23_L1_T1_P_5_Tue_Mar__7_13_47_55_2023,0.032030433416366605,9.945903778076172,269.7497605033404
WS23_L1_T1_P_5_Tue_Mar__7_13_47_55_2023,0.032030433416366605,9.945903778076172,269.7497605033404
WS23_L1_T1_P_5_Tue_Mar__7_13_47_55_2023,0.032030433416366605,9.945903778076172,269.7497605033404
WS23_L1_T1_P_5_Tue_Mar__7_13_47_55_2023,0.032030433416366605,9.945903778076172,269.7497605033404
WS23_L1_T1_P_5_Tue_Mar__7_13_47_55_2023,0.032030433416366605,9.945903778076172,269.7497605033404
WS23_L1_T1_P_5_Tue_Mar__7_13_47_55_2023,0.032030433416366605,9.945903778076172,269.7497605033404
WS23_L1_T1_P_5_Tue_Mar__7_13_47_55_2023,0.032030433416366605,9.945903778076172,269.7497605033404
WS23_L1_T1_P_5_Tue_Mar__7_13_47_55_2023,0.03202857077121732,10.079133987426758,269.7497605033404
WS23_L1_T1_P_5_Tue_Mar__7_13_47_55_2023,0.03202857077121732,10.079133987426758,269.7497605033404
WS23_L1_T1_P_5_Tue_Mar__7_13_47_55_2023,0.03202857077121732,10.079133987426758,269.7497605033404
WS23_L1_T1_P_5_Tue_Mar__7_13_47_55_2023,0.03202857077121732,10.079133987426758,269.7497605033404
WS23_L1_T1_P_5_Tue_Mar__7_13_47_55_2023,0.03202857077121732,10.079133987426758,269.7497605033404
WS23_L1_T1_P_5_Tue_Mar__7_13_47_55_2023,0.03202857077121732,10.079133987426758,269.7497605033404
WS23_L1_T1_P_5_Tue_Mar__7_13_47_55_2023,0.032047033309936496,10.13709831237793,269.7497605033404
WS23_L1_T1_P_5_Tue_Mar__7_13_47_55_2023,0.032047033309936496,10.13709831237793,269.7497605033404
WS23_L1_T1_P_5_Tue_Mar__7_13_47_55_2023,0.032047033309936496,10.13709831237793,269.7497605033404
WS23_L1_T1_P_5_Tue_Mar__7_13_47_55_2023,0.032047033309936496,10.13709831237793,269.7497605033404
WS23_L1_T1_P_5_Tue_Mar__7_13_47_55_2023,0.032047033309936496,10.13709831237793,269.7497605033404
WS23_L1_T1_P_5_Tue_Mar__7_13_47_55_2023,0.03207080066204071,10.228023529052734,269.7497605033404
WS23_L1_T1_P_5_Tue_Mar__7_13_47_55_2023,0.03207080066204071,10.228023529052734,269.7497605033404
WS23_L1_T1_P_5_Tue_Mar__7_13_47_55_2023,0.03207080066204071,10.228023529052734,269.7497605033404
WS23_L1_T1_P_5_Tue_Mar__7_13_47_55_2023,0.03207080066204071,10.228023529052734,269.7497605033404
WS23_L1_T1_P_5_Tue_Mar__7_13_47_55_2023,0.03207080066204071,10.228023529052734,269.7497605033404
WS23_L1_T1_P_5_Tue_Mar__7_13_47_55_2023,0.03207080066204071,10.228023529052734,269.7497605033404
WS23_L1_T1_P_5_Tue_Mar__7_13_47_55_2023,0.03207080066204071,10.228023529052734,269.7497605033404
WS23_L1_T1_P_5_Tue_Mar__7_13_47_55_2023,0.0321144163608551,10.251079559326172,269.7497605033404
WS23_L1_T1_P_5_Tue_Mar__7_13_47_55_2023,0.0321144163608551,10.251079559326172,269.7497605033404
WS23_L1_T1_P_5_Tue_Mar__7_13_47_55_2023,0.0321144163608551,10.251079559326172,269.7497605033404
WS23_L1_T1_P_5_Tue_Mar__7_13_47_55_2023,0.0321144163608551,10.251079559326172,269.7497605033404
WS23_L1_T1_P_5_Tue_Mar__7_13_47_55_2023,0.0321144163608551,10.251079559326172,269.7497605033404
WS23_L1_T1_P_5_Tue_Mar__7_13_47_55_2023,0.0321144163608551,10.251079559326172,269.7497605033404
WS23_L1_T1_P_5_Tue_Mar__7_13_47_55_2023,0.0321144163608551,10.3761625289917,269.7497605033404
WS23_L1_T1_P_5_Tue_Mar__7_13_47_55_2023,0.0321144163608551,10.3761625289917,269.7497605033404
WS23_L1_T1_P_5_Tue_Mar__7_13_47_55_2023,0.0321144163608551,10.3761625289917,269.7497605033404
WS23_L1_T1_P_5_Tue_Mar__7_13_47_55_2023,0.0321144163608551,10.3761625289917,269.7497605033404
WS23_L1_T1_P_5_Tue_Mar__7_13_47_55_2023,0.0321144163608551,10.3761625289917,269.7497605033404
WS23_L1_T1_P_5_Tue_Mar__7_13_47_55_2023,0.0321144163608551,10.3761625289917,269.7497605033404
WS23_L1_T1_P_5_Tue_Mar__7_13_47_55_2023,0.0321144163608551,10.3761625289917,269.7497605033404
WS23_L1_T1_P_5_Tue_Mar__7_13_47_55_2023,0.0321474373340607,10.420348167419434,269.7497605033404
WS23_L1_T1_P_5_Tue_Mar__7_13_47_55_2023,0.0321474373340607,10.420348167419434,269.7497605033404
WS23_L1_T1_P_5_Tue_Mar__7_13_47_55_2023,0.0321474373340607,10.420348167419434,269.7497605033404
WS23_L1_T1_P_5_Tue_Mar__7_13_47_55_2023,0.0321474373340607,10.420348167419434,269.7497605033404
WS23_L1_T1_P_5_Tue_Mar__7_13_47_55_2023,0.0321474373340607,10.420348167419434,269.7497605033404
WS23_L1_T1_P_5_Tue_Mar__7_13_47_55_2023,0.03219074010849002,10.474730491638184,269.7497605033404
WS23_L1_T1_P_5_Tue_Mar__7_13_47_55_2023,0.03219074010849002,10.474730491638184,269.7497605033404
WS23_L1_T1_P_5_Tue_Mar__7_13_47_55_2023,0.03219074010849002,10.474730491638184,269.7497605033404
WS23_L1_T1_P_5_Tue_Mar__7_13_47_55_2023,0.03219074010849002,10.474730491638184,269.7497605033404
WS23_L1_T1_P_5_Tue_Mar__7_13_47_55_2023,0.03219074010849002,10.474730491638184,269.7497605033404
WS23_L1_T1_P_5_Tue_Mar__7_13_47_55_2023,0.03219074010849002,10.474730491638184,269.7497605033404
WS23_L1_T1_P_5_Tue_Mar__7_13_47_55_2023,0.032200276851654,10.578752517700195,269.7497605033404
WS23_L1_T1_P_5_Tue_Mar__7_13_47_55_2023,0.032200276851654,10.578752517700195,269.7497605033404
WS23_L1_T1_P_5_Tue_Mar__7_13_47_55_2023,0.032200276851654,10.578752517700195,269.7497605033404
WS23_L1_T1_P_5_Tue_Mar__7_13_47_55_2023,0.032200276851654,10.578752517700195,269.7497605033404
WS23_L1_T1_P_5_Tue_Mar__7_13_47_55_2023,0.032200276851654,10.578752517700195,269.7497605033404
WS23_L1_T1_P_5_Tue_Mar__7_13_47_55_2023,0.032200276851654,10.578752517700195,269.7497605033404
WS23_L1_T1_P_5_Tue_Mar__7_13_47_55_2023,0.032200276851654,10.578752517700195,269.7497605033404
WS23_L1_T1_P_5_Tue_Mar__7_13_47_55_2023,0.032261624932289096,10.596891403198242,269.7497605033404
WS23_L1_T1_P_5_Tue_Mar__7_13_47_55_2023,0.032261624932289096,10.596891403198242,269.7497605033404
WS23_L1_T1_P_5_Tue_Mar__7_13_47_55_2023,0.032261624932289096,10.596891403198242,269.7497605033404
WS23_L1_T1_P_5_Tue_Mar__7_13_47_55_2023,0.032261624932289096,10.596891403198242,269.7497605033404
WS23_L1_T1_P_5_Tue_Mar__7_13_47_55_2023,0.032261624932289096,10.596891403198242,269.7497605033404
WS23_L1_T1_P_5_Tue_Mar__7_13_47_55_2023,0.032261624932289096,10.596891403198242,269.7497605033404
WS23_L1_T1_P_5_Tue_Mar__7_13_47_55_2023,0.03228616714477542,10.68653392791748,269.7497605033404
WS23_L1_T1_P_5_Tue_Mar__7_13_47_55_2023,0.03228616714477542,10.68653392791748,269.7497605033404
WS23_L1_T1_P_5_Tue_Mar__7_13_47_55_2023,0.03228616714477542,10.68653392791748,269.7497605033404
WS23_L1_T1_P_5_Tue_Mar__7_13_47_55_2023,0.03228616714477542,10.68653392791748,269.7497605033404
WS23_L1_T1_P_5_Tue_Mar__7_13_47_55_2023,0.03228616714477542,10.68653392791748,269.7497605033404
WS23_L1_T1_P_5_Tue_Mar__7_13_47_55_2023,0.03228616714477542,10.68653392791748,269.7497605033404
WS23_L1_T1_P_5_Tue_Mar__7_13_47_55_2023,0.03228616714477542,10.68653392791748,269.7497605033404
WS23_L1_T1_P_5_Tue_Mar__7_13_47_55_2023,0.03233568370342252,10.716510772705078,269.7497605033404
WS23_L1_T1_P_5_Tue_Mar__7_13_47_55_2023,0.03233568370342252,10.716510772705078,269.7497605033404
WS23_L1_T1_P_5_Tue_Mar__7_13_47_55_2023,0.03233568370342252,10.716510772705078,269.7497605033404
WS23_L1_T1_P_5_Tue_Mar__7_13_47_55_2023,0.03233568370342252,10.716510772705078,269.7497605033404
WS23_L1_T1_P_5_Tue_Mar__7_13_47_55_2023,0.03233568370342252,10.716510772705078,269.7497605033404
WS23_L1_T1_P_5_Tue_Mar__7_13_47_55_2023,0.03233568370342252,10.716510772705078,269.7497605033404
WS23_L1_T1_P_5_Tue_Mar__7_13_47_55_2023,0.03233568370342252,10.716510772705078,269.7497605033404
WS23_L1_T1_P_5_Tue_Mar__7_13_47_55_2023,0.03237749636173251,10.770580291748049,269.7497605033404
WS23_L1_T1_P_5_Tue_Mar__7_13_47_55_2023,0.03237749636173251,10.770580291748049,269.7497605033404
WS23_L1_T1_P_5_Tue_Mar__7_13_47_55_2023,0.03237749636173251,10.770580291748049,269.7497605033404
WS23_L1_T1_P_5_Tue_Mar__7_13_47_55_2023,0.03237749636173251,10.770580291748049,269.7497605033404
WS23_L1_T1_P_5_Tue_Mar__7_13_47_55_2023,0.03237749636173251,10.770580291748049,269.7497605033404
WS23_L1_T1_P_5_Tue_Mar__7_13_47_55_2023,0.03241431713104251,10.830010414123535,269.7497605033404
WS23_L1_T1_P_5_Tue_Mar__7_13_47_55_2023,0.03241431713104251,10.830010414123535,269.7497605033404
WS23_L1_T1_P_5_Tue_Mar__7_13_47_55_2023,0.03241431713104251,10.830010414123535,269.7497605033404
WS23_L1_T1_P_5_Tue_Mar__7_13_47_55_2023,0.03241431713104251,10.830010414123535,269.7497605033404
WS23_L1_T1_P_5_Tue_Mar__7_13_47_55_2023,0.03241431713104251,10.830010414123535,269.7497605033404
WS23_L1_T1_P_5_Tue_Mar__7_13_47_55_2023,0.03241431713104251,10.830010414123535,269.7497605033404
WS23_L1_T1_P_5_Tue_Mar__7_13_47_55_2023,0.03241431713104251,10.830010414123535,269.7497605033404
WS23_L1_T1_P_5_Tue_Mar__7_13_47_55_2023,0.03241431713104251,10.94310188293457,269.7497605033404
WS23_L1_T1_P_5_Tue_Mar__7_13_47_55_2023,0.03241431713104251,10.94310188293457,269.7497605033404
WS23_L1_T1_P_5_Tue_Mar__7_13_47_55_2023,0.03241431713104251,10.94310188293457,269.7497605033404
WS23_L1_T1_P_5_Tue_Mar__7_13_47_55_2023,0.03241431713104251,10.94310188293457,269.7497605033404
WS23_L1_T1_P_5_Tue_Mar__7_13_47_55_2023,0.03241431713104251,10.94310188293457,269.7497605033404
WS23_L1_T1_P_5_Tue_Mar__7_13_47_55_2023,0.03241431713104251,10.94310188293457,269.7497605033404
WS23_L1_T1_P_5_Tue_Mar__7_13_47_55_2023,0.032459989190101596,10.976116180419922,269.7497605033404
WS23_L1_T1_P_5_Tue_Mar__7_13_47_55_2023,0.032459989190101596,10.976116180419922,269.7497605033404
WS23_L1_T1_P_5_Tue_Mar__7_13_47_55_2023,0.032459989190101596,10.976116180419922,269.7497605033404
WS23_L1_T1_P_5_Tue_Mar__7_13_47_55_2023,0.032459989190101596,10.976116180419922,269.7497605033404
WS23_L1_T1_P_5_Tue_Mar__7_13_47_55_2023,0.032459989190101596,10.976116180419922,269.7497605033404
WS23_L1_T1_P_5_Tue_Mar__7_13_47_55_2023,0.032459989190101596,10.976116180419922,269.7497605033404
WS23_L1_T1_P_5_Tue_Mar__7_13_47_55_2023,0.0324909836053848,11.040188789367676,269.7497605033404
WS23_L1_T1_P_5_Tue_Mar__7_13_47_55_2023,0.0324909836053848,11.040188789367676,269.7497605033404
WS23_L1_T1_P_5_Tue_Mar__7_13_47_55_2023,0.0324909836053848,11.040188789367676,269.7497605033404
WS23_L1_T1_P_5_Tue_Mar__7_13_47_55_2023,0.0324909836053848,11.040188789367676,269.7497605033404
WS23_L1_T1_P_5_Tue_Mar__7_13_47_55_2023,0.0324909836053848,11.040188789367676,269.7497605033404
WS23_L1_T1_P_5_Tue_Mar__7_13_47_55_2023,0.0324909836053848,11.040188789367676,269.7497605033404
WS23_L1_T1_P_5_Tue_Mar__7_13_47_55_2023,0.0325001925230026,11.145325660705566,269.7497605033404
WS23_L1_T1_P_5_Tue_Mar__7_13_47_55_2023,0.0325001925230026,11.145325660705566,269.7497605033404
WS23_L1_T1_P_5_Tue_Mar__7_13_47_55_2023,0.0325001925230026,11.145325660705566,269.7497605033404
WS23_L1_T1_P_5_Tue_Mar__7_13_47_55_2023,0.0325001925230026,11.145325660705566,269.7497605033404
WS23_L1_T1_P_5_Tue_Mar__7_13_47_55_2023,0.0325001925230026,11.145325660705566,269.7497605033404
WS23_L1_T1_P_5_Tue_Mar__7_13_47_55_2023,0.0325001925230026,11.145325660705566,269.7497605033404
WS23_L1_T1_P_5_Tue_Mar__7_13_47_55_2023,0.0325001925230026,11.24057388305664,269.7497605033404
WS23_L1_T1_P_5_Tue_Mar__7_13_47_55_2023,0.0325001925230026,11.24057388305664,269.7497605033404
WS23_L1_T1_P_5_Tue_Mar__7_13_47_55_2023,0.0325001925230026,11.24057388305664,269.7497605033404
WS23_L1_T1_P_5_Tue_Mar__7_13_47_55_2023,0.0325001925230026,11.24057388305664,269.7497605033404
WS23_L1_T1_P_5_Tue_Mar__7_13_47_55_2023,0.0325001925230026,11.24057388305664,269.7497605033404
WS23_L1_T1_P_5_Tue_Mar__7_13_47_55_2023,0.0325001925230026,11.24057388305664,269.7497605033404
WS23_L1_T1_P_5_Tue_Mar__7_13_47_55_2023,0.032534301280975314,11.2852201461792,269.7497605033404
WS23_L1_T1_P_5_Tue_Mar__7_13_47_55_2023,0.032534301280975314,11.2852201461792,269.7497605033404
WS23_L1_T1_P_5_Tue_Mar__7_13_47_55_2023,0.032534301280975314,11.2852201461792,269.7497605033404
WS23_L1_T1_P_5_Tue_Mar__7_13_47_55_2023,0.032534301280975314,11.2852201461792,269.7497605033404
WS23_L1_T1_P_5_Tue_Mar__7_13_47_55_2023,0.032534301280975314,11.2852201461792,269.7497605033404
WS23_L1_T1_P_5_Tue_Mar__7_13_47_55_2023,0.032534301280975314,11.2852201461792,269.7497605033404
WS23_L1_T1_P_5_Tue_Mar__7_13_47_55_2023,0.032534301280975314,11.2852201461792,269.7497605033404
WS23_L1_T1_P_5_Tue_Mar__7_13_47_55_2023,0.032586112618446295,11.348069190979004,269.7497605033404
WS23_L1_T1_P_5_Tue_Mar__7_13_47_55_2023,0.032586112618446295,11.348069190979004,269.7497605033404
WS23_L1_T1_P_5_Tue_Mar__7_13_47_55_2023,0.032586112618446295,11.348069190979004,269.7497605033404
WS23_L1_T1_P_5_Tue_Mar__7_13_47_55_2023,0.032586112618446295,11.348069190979004,269.7497605033404
WS23_L1_T1_P_5_Tue_Mar__7_13_47_55_2023,0.032586112618446295,11.348069190979004,269.7497605033404
WS23_L1_T1_P_5_Tue_Mar__7_13_47_55_2023,0.032586112618446295,11.348069190979004,269.7497605033404
WS23_L1_T1_P_5_Tue_Mar__7_13_47_55_2023,0.032586112618446295,11.348069190979004,269.7497605033404
WS23_L1_T1_P_5_Tue_Mar__7_13_47_55_2023,0.032586112618446295,11.44308376312256,269.7497605033404
WS23_L1_T1_P_5_Tue_Mar__7_13_47_55_2023,0.032586112618446295,11.44308376312256,269.7497605033404
WS23_L1_T1_P_5_Tue_Mar__7_13_47_55_2023,0.032586112618446295,11.44308376312256,269.7497605033404
WS23_L1_T1_P_5_Tue_Mar__7_13_47_55_2023,0.032586112618446295,11.44308376312256,269.7497605033404
WS23_L1_T1_P_5_Tue_Mar__7_13_47_55_2023,0.032586112618446295,11.44308376312256,269.7497605033404
WS23_L1_T1_P_5_Tue_Mar__7_13_47_55_2023,0.032586112618446295,11.44308376312256,269.7497605033404
WS23_L1_T1_P_5_Tue_Mar__7_13_47_55_2023,0.032586112618446295,11.44308376312256,269.7497605033404
WS23_L1_T1_P_5_Tue_Mar__7_13_47_55_2023,0.032586112618446295,11.44308376312256,269.7497605033404
WS23_L1_T1_P_5_Tue_Mar__7_13_47_55_2023,0.032629773020744296,11.459765434265137,269.7497605033404
WS23_L1_T1_P_5_Tue_Mar__7_13_47_55_2023,0.032629773020744296,11.459765434265137,269.7497605033404
WS23_L1_T1_P_5_Tue_Mar__7_13_47_55_2023,0.032629773020744296,11.459765434265137,269.7497605033404
WS23_L1_T1_P_5_Tue_Mar__7_13_47_55_2023,0.032629773020744296,11.459765434265137,269.7497605033404
WS23_L1_T1_P_5_Tue_Mar__7_13_47_55_2023,0.032629773020744296,11.459765434265137,269.7497605033404
WS23_L1_T1_P_5_Tue_Mar__7_13_47_55_2023,0.032629773020744296,11.459765434265137,269.7497605033404
WS23_L1_T1_P_5_Tue_Mar__7_13_47_55_2023,0.032629773020744296,11.459765434265137,269.7497605033404
WS23_L1_T1_P_5_Tue_Mar__7_13_47_55_2023,0.032672002911567716,11.550557136535645,269.7497605033404
WS23_L1_T1_P_5_Tue_Mar__7_13_47_55_2023,0.032672002911567716,11.550557136535645,269.7497605033404
WS23_L1_T1_P_5_Tue_Mar__7_13_47_55_2023,0.032672002911567716,11.550557136535645,269.7497605033404
WS23_L1_T1_P_5_Tue_Mar__7_13_47_55_2023,0.032672002911567716,11.550557136535645,269.7497605033404
WS23_L1_T1_P_5_Tue_Mar__7_13_47_55_2023,0.032672002911567716,11.550557136535645,269.7497605033404
WS23_L1_T1_P_5_Tue_Mar__7_13_47_55_2023,0.032672002911567716,11.550557136535645,269.7497605033404
WS23_L1_T1_P_5_Tue_Mar__7_13_47_55_2023,0.032672002911567716,11.550557136535645,269.7497605033404
WS23_L1_T1_P_5_Tue_Mar__7_13_47_55_2023,0.032672002911567716,11.550557136535645,269.7497605033404
WS23_L1_T1_P_5_Tue_Mar__7_13_47_55_2023,0.03269907832145691,11.600787162780762,269.7497605033404
WS23_L1_T1_P_5_Tue_Mar__7_13_47_55_2023,0.03269907832145691,11.600787162780762,269.7497605033404
WS23_L1_T1_P_5_Tue_Mar__7_13_47_55_2023,0.03269907832145691,11.600787162780762,269.7497605033404
WS23_L1_T1_P_5_Tue_Mar__7_13_47_55_2023,0.03269907832145691,11.600787162780762,269.7497605033404
WS23_L1_T1_P_5_Tue_Mar__7_13_47_55_2023,0.03269907832145691,11.600787162780762,269.7497605033404
WS23_L1_T1_P_5_Tue_Mar__7_13_47_55_2023,0.03269907832145691,11.600787162780762,269.7497605033404
WS23_L1_T1_P_5_Tue_Mar__7_13_47_55_2023,0.03269907832145691,11.600787162780762,269.7497605033404
WS23_L1_T1_P_5_Tue_Mar__7_13_47_55_2023,0.03275793790817261,11.65821933746338,269.7497605033404
WS23_L1_T1_P_5_Tue_Mar__7_13_47_55_2023,0.03275793790817261,11.65821933746338,269.7497605033404
WS23_L1_T1_P_5_Tue_Mar__7_13_47_55_2023,0.03275793790817261,11.65821933746338,269.7497605033404
WS23_L1_T1_P_5_Tue_Mar__7_13_47_55_2023,0.03275793790817261,11.65821933746338,269.7497605033404
WS23_L1_T1_P_5_Tue_Mar__7_13_47_55_2023,0.03275793790817261,11.65821933746338,269.7497605033404
WS23_L1_T1_P_5_Tue_Mar__7_13_47_55_2023,0.03275793790817261,11.65821933746338,269.7497605033404
WS23_L1_T1_P_5_Tue_Mar__7_13_47_55_2023,0.03275793790817261,11.65821933746338,269.7497605033404
WS23_L1_T1_P_5_Tue_Mar__7_13_47_55_2023,0.03275793790817261,11.75319480895996,269.7497605033404
WS23_L1_T1_P_5_Tue_Mar__7_13_47_55_2023,0.03275793790817261,11.75319480895996,269.7497605033404
WS23_L1_T1_P_5_Tue_Mar__7_13_47_55_2023,0.03275793790817261,11.75319480895996,269.7497605033404
WS23_L1_T1_P_5_Tue_Mar__7_13_47_55_2023,0.03275793790817261,11.75319480895996,269.7497605033404
WS23_L1_T1_P_5_Tue_Mar__7_13_47_55_2023,0.03275793790817261,11.75319480895996,269.7497605033404
WS23_L1_T1_P_5_Tue_Mar__7_13_47_55_2023,0.03275793790817261,11.75319480895996,269.7497605033404
WS23_L1_T1_P_5_Tue_Mar__7_13_47_55_2023,0.03275793790817261,11.75319480895996,269.7497605033404
WS23_L1_T1_P_5_Tue_Mar__7_13_47_55_2023,0.03275793790817261,11.848470687866213,269.7497605033404
WS23_L1_T1_P_5_Tue_Mar__7_13_47_55_2023,0.03275793790817261,11.848470687866213,269.7497605033404
WS23_L1_T1_P_5_Tue_Mar__7_13_47_55_2023,0.03275793790817261,11.848470687866213,269.7497605033404
WS23_L1_T1_P_5_Tue_Mar__7_13_47_55_2023,0.03275793790817261,11.848470687866213,269.7497605033404
WS23_L1_T1_P_5_Tue_Mar__7_13_47_55_2023,0.03275793790817261,11.848470687866213,269.7497605033404
WS23_L1_T1_P_5_Tue_Mar__7_13_47_55_2023,0.03275793790817261,11.848470687866213,269.7497605033404
WS23_L1_T1_P_5_Tue_Mar__7_13_47_55_2023,0.03275793790817261,11.848470687866213,269.7497605033404
WS23_L1_T1_P_5_Tue_Mar__7_13_47_55_2023,0.032786324620246915,11.897747039794922,269.7497605033404
WS23_L1_T1_P_5_Tue_Mar__7_13_47_55_2023,0.032786324620246915,11.897747039794922,269.7497605033404
WS23_L1_T1_P_5_Tue_Mar__7_13_47_55_2023,0.032786324620246915,11.897747039794922,269.7497605033404
WS23_L1_T1_P_5_Tue_Mar__7_13_47_55_2023,0.032786324620246915,11.897747039794922,269.7497605033404
WS23_L1_T1_P_5_Tue_Mar__7_13_47_55_2023,0.032786324620246915,11.897747039794922,269.7497605033404
WS23_L1_T1_P_5_Tue_Mar__7_13_47_55_2023,0.032786324620246915,11.897747039794922,269.7497605033404
WS23_L1_T1_P_5_Tue_Mar__7_13_47_55_2023,0.032786324620246915,11.897747039794922,269.7497605033404
WS23_L1_T1_P_5_Tue_Mar__7_13_47_55_2023,0.03283838927745822,11.94240951538086,269.7497605033404
WS23_L1_T1_P_5_Tue_Mar__7_13_47_55_2023,0.03283838927745822,11.94240951538086,269.7497605033404
WS23_L1_T1_P_5_Tue_Mar__7_13_47_55_2023,0.03283838927745822,11.94240951538086,269.7497605033404
WS23_L1_T1_P_5_Tue_Mar__7_13_47_55_2023,0.03283838927745822,11.94240951538086,269.7497605033404
WS23_L1_T1_P_5_Tue_Mar__7_13_47_55_2023,0.03283838927745822,11.94240951538086,269.7497605033404
WS23_L1_T1_P_5_Tue_Mar__7_13_47_55_2023,0.03283838927745822,11.94240951538086,269.7497605033404
WS23_L1_T1_P_5_Tue_Mar__7_13_47_55_2023,0.03283838927745822,11.94240951538086,269.7497605033404
WS23_L1_T1_P_5_Tue_Mar__7_13_47_55_2023,0.03284384310245511,12.050763130187988,269.7497605033404
WS23_L1_T1_P_5_Tue_Mar__7_13_47_55_2023,0.03284384310245511,12.050763130187988,269.7497605033404
WS23_L1_T1_P_5_Tue_Mar__7_13_47_55_2023,0.03284384310245511,12.050763130187988,269.7497605033404
WS23_L1_T1_P_5_Tue_Mar__7_13_47_55_2023,0.03284384310245511,12.050763130187988,269.7497605033404
WS23_L1_T1_P_5_Tue_Mar__7_13_47_55_2023,0.03284384310245511,12.050763130187988,269.7497605033404
WS23_L1_T1_P_5_Tue_Mar__7_13_47_55_2023,0.03284384310245511,12.050763130187988,269.7497605033404
WS23_L1_T1_P_5_Tue_Mar__7_13_47_55_2023,0.03284384310245511,12.050763130187988,269.7497605033404
WS23_L1_T1_P_5_Tue_Mar__7_13_47_55_2023,0.03284384310245511,12.146313667297363,269.7497605033404
WS23_L1_T1_P_5_Tue_Mar__7_13_47_55_2023,0.03284384310245511,12.146313667297363,269.7497605033404
WS23_L1_T1_P_5_Tue_Mar__7_13_47_55_2023,0.03284384310245511,12.146313667297363,269.7497605033404
WS23_L1_T1_P_5_Tue_Mar__7_13_47_55_2023,0.03284384310245511,12.146313667297363,269.7497605033404
WS23_L1_T1_P_5_Tue_Mar__7_13_47_55_2023,0.03284384310245511,12.146313667297363,269.7497605033404
WS23_L1_T1_P_5_Tue_Mar__7_13_47_55_2023,0.03284384310245511,12.146313667297363,269.7497605033404
WS23_L1_T1_P_5_Tue_Mar__7_13_47_55_2023,0.03284384310245511,12.146313667297363,269.7497605033404
WS23_L1_T1_P_5_Tue_Mar__7_13_47_55_2023,0.03285904228687281,12.208078384399414,269.7497605033404
WS23_L1_T1_P_5_Tue_Mar__7_13_47_55_2023,0.03285904228687281,12.208078384399414,269.7497605033404
WS23_L1_T1_P_5_Tue_Mar__7_13_47_55_2023,0.03285904228687281,12.208078384399414,269.7497605033404
WS23_L1_T1_P_5_Tue_Mar__7_13_47_55_2023,0.03285904228687281,12.208078384399414,269.7497605033404
WS23_L1_T1_P_5_Tue_Mar__7_13_47_55_2023,0.03285904228687281,12.208078384399414,269.7497605033404
WS23_L1_T1_P_5_Tue_Mar__7_13_47_55_2023,0.03285904228687281,12.208078384399414,269.7497605033404
WS23_L1_T1_P_5_Tue_Mar__7_13_47_55_2023,0.03293044865131381,12.235304832458496,269.7497605033404
WS23_L1_T1_P_5_Tue_Mar__7_13_47_55_2023,0.03293044865131381,12.235304832458496,269.7497605033404
WS23_L1_T1_P_5_Tue_Mar__7_13_47_55_2023,0.03293044865131381,12.235304832458496,269.7497605033404
WS23_L1_T1_P_5_Tue_Mar__7_13_47_55_2023,0.03293044865131381,12.235304832458496,269.7497605033404
WS23_L1_T1_P_5_Tue_Mar__7_13_47_55_2023,0.03293044865131381,12.235304832458496,269.7497605033404
WS23_L1_T1_P_5_Tue_Mar__7_13_47_55_2023,0.03293044865131381,12.235304832458496,269.7497605033404
WS23_L1_T1_P_5_Tue_Mar__7_13_47_55_2023,0.03292977809906,12.349164962768556,269.7497605033404
WS23_L1_T1_P_5_Tue_Mar__7_13_47_55_2023,0.03292977809906,12.349164962768556,269.7497605033404
WS23_L1_T1_P_5_Tue_Mar__7_13_47_55_2023,0.03292977809906,12.349164962768556,269.7497605033404
WS23_L1_T1_P_5_Tue_Mar__7_13_47_55_2023,0.03292977809906,12.349164962768556,269.7497605033404
WS23_L1_T1_P_5_Tue_Mar__7_13_47_55_2023,0.03292977809906,12.349164962768556,269.7497605033404
WS23_L1_T1_P_5_Tue_Mar__7_13_47_55_2023,0.03292977809906,12.349164962768556,269.7497605033404
WS23_L1_T1_P_5_Tue_Mar__7_13_47_55_2023,0.03297862410545352,12.377586364746094,269.7497605033404
WS23_L1_T1_P_5_Tue_Mar__7_13_47_55_2023,0.03297862410545352,12.377586364746094,269.7497605033404
WS23_L1_T1_P_5_Tue_Mar__7_13_47_55_2023,0.03297862410545352,12.377586364746094,269.7497605033404
WS23_L1_T1_P_5_Tue_Mar__7_13_47_55_2023,0.03297862410545352,12.377586364746094,269.7497605033404
WS23_L1_T1_P_5_Tue_Mar__7_13_47_55_2023,0.03297862410545352,12.377586364746094,269.7497605033404
WS23_L1_T1_P_5_Tue_Mar__7_13_47_55_2023,0.03297862410545352,12.377586364746094,269.7497605033404
WS23_L1_T1_P_5_Tue_Mar__7_13_47_55_2023,0.032972007989883395,12.498427391052246,269.7497605033404
WS23_L1_T1_P_5_Tue_Mar__7_13_47_55_2023,0.032972007989883395,12.498427391052246,269.7497605033404
WS23_L1_T1_P_5_Tue_Mar__7_13_47_55_2023,0.032972007989883395,12.498427391052246,269.7497605033404
WS23_L1_T1_P_5_Tue_Mar__7_13_47_55_2023,0.032972007989883395,12.498427391052246,269.7497605033404
WS23_L1_T1_P_5_Tue_Mar__7_13_47_55_2023,0.032972007989883395,12.498427391052246,269.7497605033404
WS23_L1_T1_P_5_Tue_Mar__7_13_47_55_2023,0.032972007989883395,12.498427391052246,269.7497605033404
WS23_L1_T1_P_5_Tue_Mar__7_13_47_55_2023,0.032972007989883395,12.498427391052246,269.7497605033404
WS23_L1_T1_P_5_Tue_Mar__7_13_47_55_2023,0.032972007989883395,12.593570709228516,269.7497605033404
WS23_L1_T1_P_5_Tue_Mar__7_13_47_55_2023,0.032972007989883395,12.593570709228516,269.7497605033404
WS23_L1_T1_P_5_Tue_Mar__7_13_47_55_2023,0.032972007989883395,12.593570709228516,269.7497605033404
WS23_L1_T1_P_5_Tue_Mar__7_13_47_55_2023,0.032972007989883395,12.593570709228516,269.7497605033404
WS23_L1_T1_P_5_Tue_Mar__7_13_47_55_2023,0.032972007989883395,12.593570709228516,269.7497605033404
WS23_L1_T1_P_5_Tue_Mar__7_13_47_55_2023,0.032972007989883395,12.593570709228516,269.7497605033404
WS23_L1_T1_P_5_Tue_Mar__7_13_47_55_2023,0.0330605804920196,12.584661483764648,269.7497605033404
WS23_L1_T1_P_5_Tue_Mar__7_13_47_55_2023,0.0330605804920196,12.584661483764648,269.7497605033404
WS23_L1_T1_P_5_Tue_Mar__7_13_47_55_2023,0.0330605804920196,12.584661483764648,269.7497605033404
WS23_L1_T1_P_5_Tue_Mar__7_13_47_55_2023,0.0330605804920196,12.584661483764648,269.7497605033404
WS23_L1_T1_P_5_Tue_Mar__7_13_47_55_2023,0.0330605804920196,12.584661483764648,269.7497605033404
WS23_L1_T1_P_5_Tue_Mar__7_13_47_55_2023,0.0330605804920196,12.584661483764648,269.7497605033404
WS23_L1_T1_P_5_Tue_Mar__7_13_47_55_2023,0.0330605804920196,12.584661483764648,269.7497605033404
WS23_L1_T1_P_5_Tue_Mar__7_13_47_55_2023,0.03305795788764951,12.701187133789062,269.7497605033404
WS23_L1_T1_P_5_Tue_Mar__7_13_47_55_2023,0.03305795788764951,12.701187133789062,269.7497605033404
WS23_L1_T1_P_5_Tue_Mar__7_13_47_55_2023,0.03305795788764951,12.701187133789062,269.7497605033404
WS23_L1_T1_P_5_Tue_Mar__7_13_47_55_2023,0.03305795788764951,12.701187133789062,269.7497605033404
WS23_L1_T1_P_5_Tue_Mar__7_13_47_55_2023,0.03305795788764951,12.701187133789062,269.7497605033404
WS23_L1_T1_P_5_Tue_Mar__7_13_47_55_2023,0.03305795788764951,12.701187133789062,269.7497605033404
WS23_L1_T1_P_5_Tue_Mar__7_13_47_55_2023,0.0330982506275177,12.73949909210205,269.7497605033404
WS23_L1_T1_P_5_Tue_Mar__7_13_47_55_2023,0.0330982506275177,12.73949909210205,269.7497605033404
WS23_L1_T1_P_5_Tue_Mar__7_13_47_55_2023,0.0330982506275177,12.73949909210205,269.7497605033404
WS23_L1_T1_P_5_Tue_Mar__7_13_47_55_2023,0.0330982506275177,12.73949909210205,269.7497605033404
WS23_L1_T1_P_5_Tue_Mar__7_13_47_55_2023,0.0330982506275177,12.73949909210205,269.7497605033404
WS23_L1_T1_P_5_Tue_Mar__7_13_47_55_2023,0.0330982506275177,12.73949909210205,269.7497605033404
WS23_L1_T1_P_5_Tue_Mar__7_13_47_55_2023,0.0330982506275177,12.73949909210205,269.7497605033404
WS23_L1_T1_P_5_Tue_Mar__7_13_47_55_2023,0.033136636018752996,12.798770904541016,269.7497605033404
WS23_L1_T1_P_5_Tue_Mar__7_13_47_55_2023,0.033136636018752996,12.798770904541016,269.7497605033404
WS23_L1_T1_P_5_Tue_Mar__7_13_47_55_2023,0.033136636018752996,12.798770904541016,269.7497605033404
WS23_L1_T1_P_5_Tue_Mar__7_13_47_55_2023,0.033136636018752996,12.798770904541016,269.7497605033404
WS23_L1_T1_P_5_Tue_Mar__7_13_47_55_2023,0.033136636018752996,12.798770904541016,269.7497605033404
WS23_L1_T1_P_5_Tue_Mar__7_13_47_55_2023,0.033136636018752996,12.798770904541016,269.7497605033404
WS23_L1_T1_P_5_Tue_Mar__7_13_47_55_2023,0.0331438928842544,12.904947280883787,269.7497605033404
WS23_L1_T1_P_5_Tue_Mar__7_13_47_55_2023,0.0331438928842544,12.904947280883787,269.7497605033404
WS23_L1_T1_P_5_Tue_Mar__7_13_47_55_2023,0.0331438928842544,12.904947280883787,269.7497605033404
WS23_L1_T1_P_5_Tue_Mar__7_13_47_55_2023,0.0331438928842544,12.904947280883787,269.7497605033404
WS23_L1_T1_P_5_Tue_Mar__7_13_47_55_2023,0.0331438928842544,12.904947280883787,269.7497605033404
WS23_L1_T1_P_5_Tue_Mar__7_13_47_55_2023,0.0331438928842544,12.904947280883787,269.7497605033404
WS23_L1_T1_P_5_Tue_Mar__7_13_47_55_2023,0.0331438928842544,12.999471664428713,269.7497605033404
WS23_L1_T1_P_5_Tue_Mar__7_13_47_55_2023,0.0331438928842544,12.999471664428713,269.7497605033404
WS23_L1_T1_P_5_Tue_Mar__7_13_47_55_2023,0.0331438928842544,12.999471664428713,269.7497605033404
WS23_L1_T1_P_5_Tue_Mar__7_13_47_55_2023,0.0331438928842544,12.999471664428713,269.7497605033404
WS23_L1_T1_P_5_Tue_Mar__7_13_47_55_2023,0.0331438928842544,12.999471664428713,269.7497605033404
WS23_L1_T1_P_5_Tue_Mar__7_13_47_55_2023,0.0331438928842544,12.999471664428713,269.7497605033404
WS23_L1_T1_P_5_Tue_Mar__7_13_47_55_2023,0.0332298278808594,13.013169288635254,269.7497605033404
WS23_L1_T1_P_5_Tue_Mar__7_13_47_55_2023,0.0332298278808594,13.013169288635254,269.7497605033404
WS23_L1_T1_P_5_Tue_Mar__7_13_47_55_2023,0.0332298278808594,13.013169288635254,269.7497605033404
WS23_L1_T1_P_5_Tue_Mar__7_13_47_55_2023,0.0332298278808594,13.013169288635254,269.7497605033404
WS23_L1_T1_P_5_Tue_Mar__7_13_47_55_2023,0.0332298278808594,13.013169288635254,269.7497605033404
WS23_L1_T1_P_5_Tue_Mar__7_13_47_55_2023,0.0332298278808594,13.013169288635254,269.7497605033404
WS23_L1_T1_P_5_Tue_Mar__7_13_47_55_2023,0.0332298278808594,13.013169288635254,269.7497605033404
WS23_L1_T1_P_5_Tue_Mar__7_13_47_55_2023,0.0332298278808594,13.013169288635254,269.7497605033404
WS23_L1_T1_P_5_Tue_Mar__7_13_47_55_2023,0.0332298278808594,13.10777759552002,269.7497605033404
WS23_L1_T1_P_5_Tue_Mar__7_13_47_55_2023,0.0332298278808594,13.10777759552002,269.7497605033404
WS23_L1_T1_P_5_Tue_Mar__7_13_47_55_2023,0.0332298278808594,13.10777759552002,269.7497605033404
WS23_L1_T1_P_5_Tue_Mar__7_13_47_55_2023,0.0332298278808594,13.10777759552002,269.7497605033404
WS23_L1_T1_P_5_Tue_Mar__7_13_47_55_2023,0.0332298278808594,13.10777759552002,269.7497605033404
WS23_L1_T1_P_5_Tue_Mar__7_13_47_55_2023,0.0332298278808594,13.10777759552002,269.7497605033404
WS23_L1_T1_P_5_Tue_Mar__7_13_47_55_2023,0.0332298278808594,13.10777759552002,269.7497605033404
WS23_L1_T1_P_5_Tue_Mar__7_13_47_55_2023,0.03327205777168271,13.131826400756836,269.7497605033404
WS23_L1_T1_P_5_Tue_Mar__7_13_47_55_2023,0.03327205777168271,13.131826400756836,269.7497605033404
WS23_L1_T1_P_5_Tue_Mar__7_13_47_55_2023,0.03327205777168271,13.131826400756836,269.7497605033404
WS23_L1_T1_P_5_Tue_Mar__7_13_47_55_2023,0.03327205777168271,13.131826400756836,269.7497605033404
WS23_L1_T1_P_5_Tue_Mar__7_13_47_55_2023,0.03327205777168271,13.131826400756836,269.7497605033404
WS23_L1_T1_P_5_Tue_Mar__7_13_47_55_2023,0.03327205777168271,13.131826400756836,269.7497605033404
WS23_L1_T1_P_5_Tue_Mar__7_13_47_55_2023,0.03327205777168271,13.131826400756836,269.7497605033404
WS23_L1_T1_P_5_Tue_Mar__7_13_47_55_2023,0.03327205777168271,13.131826400756836,269.7497605033404
WS23_L1_T1_P_5_Tue_Mar__7_13_47_55_2023,0.03332635760307309,13.185598373413086,269.7497605033404
WS23_L1_T1_P_5_Tue_Mar__7_13_47_55_2023,0.03332635760307309,13.185598373413086,269.7497605033404
WS23_L1_T1_P_5_Tue_Mar__7_13_47_55_2023,0.03332635760307309,13.185598373413086,269.7497605033404
WS23_L1_T1_P_5_Tue_Mar__7_13_47_55_2023,0.03332635760307309,13.185598373413086,269.7497605033404
WS23_L1_T1_P_5_Tue_Mar__7_13_47_55_2023,0.03332635760307309,13.185598373413086,269.7497605033404
WS23_L1_T1_P_5_Tue_Mar__7_13_47_55_2023,0.03332635760307309,13.185598373413086,269.7497605033404
WS23_L1_T1_P_5_Tue_Mar__7_13_47_55_2023,0.03332635760307309,13.185598373413086,269.7497605033404
WS23_L1_T1_P_5_Tue_Mar__7_13_47_55_2023,0.0333580076694488,13.269172668457031,269.7497605033404
WS23_L1_T1_P_5_Tue_Mar__7_13_47_55_2023,0.0333580076694488,13.269172668457031,269.7497605033404
WS23_L1_T1_P_5_Tue_Mar__7_13_47_55_2023,0.0333580076694488,13.269172668457031,269.7497605033404
WS23_L1_T1_P_5_Tue_Mar__7_13_47_55_2023,0.0333580076694488,13.269172668457031,269.7497605033404
WS23_L1_T1_P_5_Tue_Mar__7_13_47_55_2023,0.0333580076694488,13.269172668457031,269.7497605033404
WS23_L1_T1_P_5_Tue_Mar__7_13_47_55_2023,0.0333580076694488,13.269172668457031,269.7497605033404
WS23_L1_T1_P_5_Tue_Mar__7_13_47_55_2023,0.0333580076694488,13.269172668457031,269.7497605033404
WS23_L1_T1_P_5_Tue_Mar__7_13_47_55_2023,0.0333580076694488,13.364697456359863,269.7497605033404
WS23_L1_T1_P_5_Tue_Mar__7_13_47_55_2023,0.0333580076694488,13.364697456359863,269.7497605033404
WS23_L1_T1_P_5_Tue_Mar__7_13_47_55_2023,0.0333580076694488,13.364697456359863,269.7497605033404
WS23_L1_T1_P_5_Tue_Mar__7_13_47_55_2023,0.0333580076694488,13.364697456359863,269.7497605033404
WS23_L1_T1_P_5_Tue_Mar__7_13_47_55_2023,0.0333580076694488,13.364697456359863,269.7497605033404
WS23_L1_T1_P_5_Tue_Mar__7_13_47_55_2023,0.0333580076694488,13.364697456359863,269.7497605033404
WS23_L1_T1_P_5_Tue_Mar__7_13_47_55_2023,0.03341130912303922,13.392016410827637,269.7497605033404
WS23_L1_T1_P_5_Tue_Mar__7_13_47_55_2023,0.03341130912303922,13.392016410827637,269.7497605033404
WS23_L1_T1_P_5_Tue_Mar__7_13_47_55_2023,0.03341130912303922,13.392016410827637,269.7497605033404
WS23_L1_T1_P_5_Tue_Mar__7_13_47_55_2023,0.03341130912303922,13.392016410827637,269.7497605033404
WS23_L1_T1_P_5_Tue_Mar__7_13_47_55_2023,0.03341130912303922,13.392016410827637,269.7497605033404
WS23_L1_T1_P_5_Tue_Mar__7_13_47_55_2023,0.03341130912303922,13.392016410827637,269.7497605033404
WS23_L1_T1_P_5_Tue_Mar__7_13_47_55_2023,0.03341130912303922,13.392016410827637,269.7497605033404
WS23_L1_T1_P_5_Tue_Mar__7_13_47_55_2023,0.033443957567214994,13.472737312316896,269.7497605033404
WS23_L1_T1_P_5_Tue_Mar__7_13_47_55_2023,0.033443957567214994,13.472737312316896,269.7497605033404
WS23_L1_T1_P_5_Tue_Mar__7_13_47_55_2023,0.033443957567214994,13.472737312316896,269.7497605033404
WS23_L1_T1_P_5_Tue_Mar__7_13_47_55_2023,0.033443957567214994,13.472737312316896,269.7497605033404
WS23_L1_T1_P_5_Tue_Mar__7_13_47_55_2023,0.033443957567214994,13.472737312316896,269.7497605033404
WS23_L1_T1_P_5_Tue_Mar__7_13_47_55_2023,0.033443957567214994,13.472737312316896,269.7497605033404
WS23_L1_T1_P_5_Tue_Mar__7_13_47_55_2023,0.033443957567214994,13.567890167236328,269.7497605033404
WS23_L1_T1_P_5_Tue_Mar__7_13_47_55_2023,0.033443957567214994,13.567890167236328,269.7497605033404
WS23_L1_T1_P_5_Tue_Mar__7_13_47_55_2023,0.033443957567214994,13.567890167236328,269.7497605033404
WS23_L1_T1_P_5_Tue_Mar__7_13_47_55_2023,0.033443957567214994,13.567890167236328,269.7497605033404
WS23_L1_T1_P_5_Tue_Mar__7_13_47_55_2023,0.033443957567214994,13.567890167236328,269.7497605033404
WS23_L1_T1_P_5_Tue_Mar__7_13_47_55_2023,0.033443957567214994,13.567890167236328,269.7497605033404
WS23_L1_T1_P_5_Tue_Mar__7_13_47_55_2023,0.033443957567214994,13.567890167236328,269.7497605033404
WS23_L1_T1_P_5_Tue_Mar__7_13_47_55_2023,0.03349959850311279,13.621658325195312,269.7497605033404
WS23_L1_T1_P_5_Tue_Mar__7_13_47_55_2023,0.03349959850311279,13.621658325195312,269.7497605033404
WS23_L1_T1_P_5_Tue_Mar__7_13_47_55_2023,0.03349959850311279,13.621658325195312,269.7497605033404
WS23_L1_T1_P_5_Tue_Mar__7_13_47_55_2023,0.03349959850311279,13.621658325195312,269.7497605033404
WS23_L1_T1_P_5_Tue_Mar__7_13_47_55_2023,0.03349959850311279,13.621658325195312,269.7497605033404
WS23_L1_T1_P_5_Tue_Mar__7_13_47_55_2023,0.03349959850311279,13.621658325195312,269.7497605033404
WS23_L1_T1_P_5_Tue_Mar__7_13_47_55_2023,0.03349959850311279,13.621658325195312,269.7497605033404
WS23_L1_T1_P_5_Tue_Mar__7_13_47_55_2023,0.033529937267303495,13.676088333129885,269.7497605033404
WS23_L1_T1_P_5_Tue_Mar__7_13_47_55_2023,0.033529937267303495,13.676088333129885,269.7497605033404
WS23_L1_T1_P_5_Tue_Mar__7_13_47_55_2023,0.033529937267303495,13.676088333129885,269.7497605033404
WS23_L1_T1_P_5_Tue_Mar__7_13_47_55_2023,0.033529937267303495,13.676088333129885,269.7497605033404
WS23_L1_T1_P_5_Tue_Mar__7_13_47_55_2023,0.033529937267303495,13.676088333129885,269.7497605033404
WS23_L1_T1_P_5_Tue_Mar__7_13_47_55_2023,0.033529937267303495,13.676088333129885,269.7497605033404
WS23_L1_T1_P_5_Tue_Mar__7_13_47_55_2023,0.033529937267303495,13.771092414855955,269.7497605033404
WS23_L1_T1_P_5_Tue_Mar__7_13_47_55_2023,0.033529937267303495,13.771092414855955,269.7497605033404
WS23_L1_T1_P_5_Tue_Mar__7_13_47_55_2023,0.033529937267303495,13.771092414855955,269.7497605033404
WS23_L1_T1_P_5_Tue_Mar__7_13_47_55_2023,0.033529937267303495,13.771092414855955,269.7497605033404
WS23_L1_T1_P_5_Tue_Mar__7_13_47_55_2023,0.033529937267303495,13.771092414855955,269.7497605033404
WS23_L1_T1_P_5_Tue_Mar__7_13_47_55_2023,0.033529937267303495,13.771092414855955,269.7497605033404
WS23_L1_T1_P_5_Tue_Mar__7_13_47_55_2023,0.0336227267980575,13.732322692871094,269.7497605033404
WS23_L1_T1_P_5_Tue_Mar__7_13_47_55_2023,0.0336227267980575,13.732322692871094,269.7497605033404
WS23_L1_T1_P_5_Tue_Mar__7_13_47_55_2023,0.0336227267980575,13.732322692871094,269.7497605033404
WS23_L1_T1_P_5_Tue_Mar__7_13_47_55_2023,0.0336227267980575,13.732322692871094,269.7497605033404
WS23_L1_T1_P_5_Tue_Mar__7_13_47_55_2023,0.0336227267980575,13.732322692871094,269.7497605033404
WS23_L1_T1_P_5_Tue_Mar__7_13_47_55_2023,0.0336227267980575,13.732322692871094,269.7497605033404
WS23_L1_T1_P_5_Tue_Mar__7_13_47_55_2023,0.0336159020662308,13.784072875976562,269.7497605033404
WS23_L1_T1_P_5_Tue_Mar__7_13_47_55_2023,0.0336159020662308,13.784072875976562,269.7497605033404
WS23_L1_T1_P_5_Tue_Mar__7_13_47_55_2023,0.0336159020662308,13.784072875976562,269.7497605033404
WS23_L1_T1_P_5_Tue_Mar__7_13_47_55_2023,0.0336159020662308,13.784072875976562,269.7497605033404
WS23_L1_T1_P_5_Tue_Mar__7_13_47_55_2023,0.0336159020662308,13.784072875976562,269.7497605033404
WS23_L1_T1_P_5_Tue_Mar__7_13_47_55_2023,0.0336159020662308,13.784072875976562,269.7497605033404
WS23_L1_T1_P_5_Tue_Mar__7_13_47_55_2023,0.0336159020662308,13.784072875976562,269.7497605033404
WS23_L1_T1_P_5_Tue_Mar__7_13_47_55_2023,0.0336159020662308,13.784072875976562,269.7497605033404
WS23_L1_T1_P_5_Tue_Mar__7_13_47_55_2023,0.03365813195705411,13.93368434906006,269.7497605033404
WS23_L1_T1_P_5_Tue_Mar__7_13_47_55_2023,0.03365813195705411,13.93368434906006,269.7497605033404
WS23_L1_T1_P_5_Tue_Mar__7_13_47_55_2023,0.03365813195705411,13.93368434906006,269.7497605033404
WS23_L1_T1_P_5_Tue_Mar__7_13_47_55_2023,0.03365813195705411,13.93368434906006,269.7497605033404
WS23_L1_T1_P_5_Tue_Mar__7_13_47_55_2023,0.03365813195705411,13.93368434906006,269.7497605033404
WS23_L1_T1_P_5_Tue_Mar__7_13_47_55_2023,0.03365813195705411,13.93368434906006,269.7497605033404
WS23_L1_T1_P_5_Tue_Mar__7_13_47_55_2023,0.03365813195705411,13.93368434906006,269.7497605033404
WS23_L1_T1_P_5_Tue_Mar__7_13_47_55_2023,0.0336731821298599,13.99712085723877,269.7497605033404
WS23_L1_T1_P_5_Tue_Mar__7_13_47_55_2023,0.0336731821298599,13.99712085723877,269.7497605033404
WS23_L1_T1_P_5_Tue_Mar__7_13_47_55_2023,0.0336731821298599,13.99712085723877,269.7497605033404
WS23_L1_T1_P_5_Tue_Mar__7_13_47_55_2023,0.0336731821298599,13.99712085723877,269.7497605033404
WS23_L1_T1_P_5_Tue_Mar__7_13_47_55_2023,0.0336731821298599,13.99712085723877,269.7497605033404
WS23_L1_T1_P_5_Tue_Mar__7_13_47_55_2023,0.0336731821298599,13.99712085723877,269.7497605033404
WS23_L1_T1_P_5_Tue_Mar__7_13_47_55_2023,0.033744081854820196,14.042055130004885,269.7497605033404
WS23_L1_T1_P_5_Tue_Mar__7_13_47_55_2023,0.033744081854820196,14.042055130004885,269.7497605033404
WS23_L1_T1_P_5_Tue_Mar__7_13_47_55_2023,0.033744081854820196,14.042055130004885,269.7497605033404
WS23_L1_T1_P_5_Tue_Mar__7_13_47_55_2023,0.033744081854820196,14.042055130004885,269.7497605033404
WS23_L1_T1_P_5_Tue_Mar__7_13_47_55_2023,0.033744081854820196,14.042055130004885,269.7497605033404
WS23_L1_T1_P_5_Tue_Mar__7_13_47_55_2023,0.033744081854820196,14.042055130004885,269.7497605033404
WS23_L1_T1_P_5_Tue_Mar__7_13_47_55_2023,0.033744081854820196,14.042055130004885,269.7497605033404
WS23_L1_T1_P_5_Tue_Mar__7_13_47_55_2023,0.033744081854820196,14.042055130004885,269.7497605033404
WS23_L1_T1_P_5_Tue_Mar__7_13_47_55_2023,0.033744081854820196,14.13719654083252,269.7497605033404
WS23_L1_T1_P_5_Tue_Mar__7_13_47_55_2023,0.033744081854820196,14.13719654083252,269.7497605033404
WS23_L1_T1_P_5_Tue_Mar__7_13_47_55_2023,0.033744081854820196,14.13719654083252,269.7497605033404
WS23_L1_T1_P_5_Tue_Mar__7_13_47_55_2023,0.033744081854820196,14.13719654083252,269.7497605033404
WS23_L1_T1_P_5_Tue_Mar__7_13_47_55_2023,0.033744081854820196,14.13719654083252,269.7497605033404
WS23_L1_T1_P_5_Tue_Mar__7_13_47_55_2023,0.033744081854820196,14.13719654083252,269.7497605033404
WS23_L1_T1_P_5_Tue_Mar__7_13_47_55_2023,0.033744081854820196,14.13719654083252,269.7497605033404
WS23_L1_T1_P_5_Tue_Mar__7_13_47_55_2023,0.033744081854820196,14.13719654083252,269.7497605033404
WS23_L1_T1_P_5_Tue_Mar__7_13_47_55_2023,0.03383827209472651,14.105441093444824,269.7497605033404
WS23_L1_T1_P_5_Tue_Mar__7_13_47_55_2023,0.03383827209472651,14.105441093444824,269.7497605033404
WS23_L1_T1_P_5_Tue_Mar__7_13_47_55_2023,0.03383827209472651,14.105441093444824,269.7497605033404
WS23_L1_T1_P_5_Tue_Mar__7_13_47_55_2023,0.03383827209472651,14.105441093444824,269.7497605033404
WS23_L1_T1_P_5_Tue_Mar__7_13_47_55_2023,0.03383827209472651,14.105441093444824,269.7497605033404
WS23_L1_T1_P_5_Tue_Mar__7_13_47_55_2023,0.03383827209472651,14.105441093444824,269.7497605033404
WS23_L1_T1_P_5_Tue_Mar__7_13_47_55_2023,0.033871635794639615,14.168291091918944,269.7497605033404
WS23_L1_T1_P_5_Tue_Mar__7_13_47_55_2023,0.033871635794639615,14.168291091918944,269.7497605033404
WS23_L1_T1_P_5_Tue_Mar__7_13_47_55_2023,0.033871635794639615,14.168291091918944,269.7497605033404
WS23_L1_T1_P_5_Tue_Mar__7_13_47_55_2023,0.033871635794639615,14.168291091918944,269.7497605033404
WS23_L1_T1_P_5_Tue_Mar__7_13_47_55_2023,0.033871635794639615,14.168291091918944,269.7497605033404
WS23_L1_T1_P_5_Tue_Mar__7_13_47_55_2023,0.033871635794639615,14.168291091918944,269.7497605033404
WS23_L1_T1_P_5_Tue_Mar__7_13_47_55_2023,0.03391605615615842,14.258428573608398,269.7497605033404
WS23_L1_T1_P_5_Tue_Mar__7_13_47_55_2023,0.03391605615615842,14.258428573608398,269.7497605033404
WS23_L1_T1_P_5_Tue_Mar__7_13_47_55_2023,0.03391605615615842,14.258428573608398,269.7497605033404
WS23_L1_T1_P_5_Tue_Mar__7_13_47_55_2023,0.03391605615615842,14.258428573608398,269.7497605033404
WS23_L1_T1_P_5_Tue_Mar__7_13_47_55_2023,0.03391605615615842,14.258428573608398,269.7497605033404
WS23_L1_T1_P_5_Tue_Mar__7_13_47_55_2023,0.03391605615615842,14.258428573608398,269.7497605033404
WS23_L1_T1_P_5_Tue_Mar__7_13_47_55_2023,0.033967480063438416,14.285086631774902,269.7497605033404
WS23_L1_T1_P_5_Tue_Mar__7_13_47_55_2023,0.033967480063438416,14.285086631774902,269.7497605033404
WS23_L1_T1_P_5_Tue_Mar__7_13_47_55_2023,0.033967480063438416,14.285086631774902,269.7497605033404
WS23_L1_T1_P_5_Tue_Mar__7_13_47_55_2023,0.033967480063438416,14.285086631774902,269.7497605033404
WS23_L1_T1_P_5_Tue_Mar__7_13_47_55_2023,0.033967480063438416,14.285086631774902,269.7497605033404
WS23_L1_T1_P_5_Tue_Mar__7_13_47_55_2023,0.033967480063438416,14.285086631774902,269.7497605033404
WS23_L1_T1_P_5_Tue_Mar__7_13_47_55_2023,0.0340054780244827,14.34575653076172,269.7497605033404
WS23_L1_T1_P_5_Tue_Mar__7_13_47_55_2023,0.0340054780244827,14.34575653076172,269.7497605033404
WS23_L1_T1_P_5_Tue_Mar__7_13_47_55_2023,0.0340054780244827,14.34575653076172,269.7497605033404
WS23_L1_T1_P_5_Tue_Mar__7_13_47_55_2023,0.0340054780244827,14.34575653076172,269.7497605033404
WS23_L1_T1_P_5_Tue_Mar__7_13_47_55_2023,0.0340054780244827,14.34575653076172,269.7497605033404
WS23_L1_T1_P_5_Tue_Mar__7_13_47_55_2023,0.034036993980407715,14.411060333251951,269.7497605033404
WS23_L1_T1_P_5_Tue_Mar__7_13_47_55_2023,0.034036993980407715,14.411060333251951,269.7497605033404
WS23_L1_T1_P_5_Tue_Mar__7_13_47_55_2023,0.034036993980407715,14.411060333251951,269.7497605033404
WS23_L1_T1_P_5_Tue_Mar__7_13_47_55_2023,0.034036993980407715,14.411060333251951,269.7497605033404
WS23_L1_T1_P_5_Tue_Mar__7_13_47_55_2023,0.034036993980407715,14.411060333251951,269.7497605033404
WS23_L1_T1_P_5_Tue_Mar__7_13_47_55_2023,0.034036993980407715,14.411060333251951,269.7497605033404
WS23_L1_T1_P_5_Tue_Mar__7_13_47_55_2023,0.034036993980407715,14.411060333251951,269.7497605033404
WS23_L1_T1_P_5_Tue_Mar__7_13_47_55_2023,0.0340442210435867,14.51662254333496,269.7497605033404
WS23_L1_T1_P_5_Tue_Mar__7_13_47_55_2023,0.0340442210435867,14.51662254333496,269.7497605033404
WS23_L1_T1_P_5_Tue_Mar__7_13_47_55_2023,0.0340442210435867,14.51662254333496,269.7497605033404
WS23_L1_T1_P_5_Tue_Mar__7_13_47_55_2023,0.0340442210435867,14.51662254333496,269.7497605033404
WS23_L1_T1_P_5_Tue_Mar__7_13_47_55_2023,0.0340442210435867,14.51662254333496,269.7497605033404
WS23_L1_T1_P_5_Tue_Mar__7_13_47_55_2023,0.0340442210435867,14.51662254333496,269.7497605033404
WS23_L1_T1_P_5_Tue_Mar__7_13_47_55_2023,0.03411465883254999,14.508625984191896,269.7497605033404
WS23_L1_T1_P_5_Tue_Mar__7_13_47_55_2023,0.03411465883254999,14.508625984191896,269.7497605033404
WS23_L1_T1_P_5_Tue_Mar__7_13_47_55_2023,0.03411465883254999,14.508625984191896,269.7497605033404
WS23_L1_T1_P_5_Tue_Mar__7_13_47_55_2023,0.03411465883254999,14.508625984191896,269.7497605033404
WS23_L1_T1_P_5_Tue_Mar__7_13_47_55_2023,0.03411465883254999,14.508625984191896,269.7497605033404
WS23_L1_T1_P_5_Tue_Mar__7_13_47_55_2023,0.03411465883254999,14.508625984191896,269.7497605033404
WS23_L1_T1_P_5_Tue_Mar__7_13_47_55_2023,0.034130245447158813,14.625191688537598,269.7497605033404
WS23_L1_T1_P_5_Tue_Mar__7_13_47_55_2023,0.034130245447158813,14.625191688537598,269.7497605033404
WS23_L1_T1_P_5_Tue_Mar__7_13_47_55_2023,0.034130245447158813,14.625191688537598,269.7497605033404
WS23_L1_T1_P_5_Tue_Mar__7_13_47_55_2023,0.034130245447158813,14.625191688537598,269.7497605033404
WS23_L1_T1_P_5_Tue_Mar__7_13_47_55_2023,0.034130245447158813,14.625191688537598,269.7497605033404
WS23_L1_T1_P_5_Tue_Mar__7_13_47_55_2023,0.034130245447158813,14.625191688537598,269.7497605033404
WS23_L1_T1_P_5_Tue_Mar__7_13_47_55_2023,0.034130245447158813,14.625191688537598,269.7497605033404
WS23_L1_T1_P_5_Tue_Mar__7_13_47_55_2023,0.034198835492134094,14.61813259124756,269.7497605033404
WS23_L1_T1_P_5_Tue_Mar__7_13_47_55_2023,0.034198835492134094,14.61813259124756,269.7497605033404
WS23_L1_T1_P_5_Tue_Mar__7_13_47_55_2023,0.034198835492134094,14.61813259124756,269.7497605033404
WS23_L1_T1_P_5_Tue_Mar__7_13_47_55_2023,0.034198835492134094,14.61813259124756,269.7497605033404
WS23_L1_T1_P_5_Tue_Mar__7_13_47_55_2023,0.034198835492134094,14.61813259124756,269.7497605033404
WS23_L1_T1_P_5_Tue_Mar__7_13_47_55_2023,0.034198835492134094,14.61813259124756,269.7497605033404
WS23_L1_T1_P_5_Tue_Mar__7_13_47_55_2023,0.034198835492134094,14.61813259124756,269.7497605033404
WS23_L1_T1_P_5_Tue_Mar__7_13_47_55_2023,0.034198835492134094,14.61813259124756,269.7497605033404
WS23_L1_T1_P_5_Tue_Mar__7_13_47_55_2023,0.034216225147247314,14.733624458312988,269.7497605033404
WS23_L1_T1_P_5_Tue_Mar__7_13_47_55_2023,0.034216225147247314,14.733624458312988,269.7497605033404
WS23_L1_T1_P_5_Tue_Mar__7_13_47_55_2023,0.034216225147247314,14.733624458312988,269.7497605033404
WS23_L1_T1_P_5_Tue_Mar__7_13_47_55_2023,0.034216225147247314,14.733624458312988,269.7497605033404
WS23_L1_T1_P_5_Tue_Mar__7_13_47_55_2023,0.034216225147247314,14.733624458312988,269.7497605033404
WS23_L1_T1_P_5_Tue_Mar__7_13_47_55_2023,0.034216225147247314,14.733624458312988,269.7497605033404
WS23_L1_T1_P_5_Tue_Mar__7_13_47_55_2023,0.03430949151515961,14.721858024597168,269.7497605033404
WS23_L1_T1_P_5_Tue_Mar__7_13_47_55_2023,0.03430949151515961,14.721858024597168,269.7497605033404
WS23_L1_T1_P_5_Tue_Mar__7_13_47_55_2023,0.03430949151515961,14.721858024597168,269.7497605033404
WS23_L1_T1_P_5_Tue_Mar__7_13_47_55_2023,0.03430949151515961,14.721858024597168,269.7497605033404
WS23_L1_T1_P_5_Tue_Mar__7_13_47_55_2023,0.03430949151515961,14.721858024597168,269.7497605033404
WS23_L1_T1_P_5_Tue_Mar__7_13_47_55_2023,0.03430949151515961,14.721858024597168,269.7497605033404
WS23_L1_T1_P_5_Tue_Mar__7_13_47_55_2023,0.03430226445198062,14.842207908630373,269.7497605033404
WS23_L1_T1_P_5_Tue_Mar__7_13_47_55_2023,0.03430226445198062,14.842207908630373,269.7497605033404
WS23_L1_T1_P_5_Tue_Mar__7_13_47_55_2023,0.03430226445198062,14.842207908630373,269.7497605033404
WS23_L1_T1_P_5_Tue_Mar__7_13_47_55_2023,0.03430226445198062,14.842207908630373,269.7497605033404
WS23_L1_T1_P_5_Tue_Mar__7_13_47_55_2023,0.03430226445198062,14.842207908630373,269.7497605033404
WS23_L1_T1_P_5_Tue_Mar__7_13_47_55_2023,0.03430226445198062,14.842207908630373,269.7497605033404
WS23_L1_T1_P_5_Tue_Mar__7_13_47_55_2023,0.03430226445198062,14.842207908630373,269.7497605033404
WS23_L1_T1_P_5_Tue_Mar__7_13_47_55_2023,0.03430226445198062,14.842207908630373,269.7497605033404
WS23_L1_T1_P_5_Tue_Mar__7_13_47_55_2023,0.0343675017356872,14.838379859924316,269.7497605033404
WS23_L1_T1_P_5_Tue_Mar__7_13_47_55_2023,0.0343675017356872,14.838379859924316,269.7497605033404
WS23_L1_T1_P_5_Tue_Mar__7_13_47_55_2023,0.0343675017356872,14.838379859924316,269.7497605033404
WS23_L1_T1_P_5_Tue_Mar__7_13_47_55_2023,0.0343675017356872,14.838379859924316,269.7497605033404
WS23_L1_T1_P_5_Tue_Mar__7_13_47_55_2023,0.0343675017356872,14.838379859924316,269.7497605033404
WS23_L1_T1_P_5_Tue_Mar__7_13_47_55_2023,0.0343675017356872,14.838379859924316,269.7497605033404
WS23_L1_T1_P_5_Tue_Mar__7_13_47_55_2023,0.0343675017356872,14.838379859924316,269.7497605033404
WS23_L1_T1_P_5_Tue_Mar__7_13_47_55_2023,0.03438827395439151,14.85512638092041,269.7497605033404
WS23_L1_T1_P_5_Tue_Mar__7_13_47_55_2023,0.03438827395439151,14.85512638092041,269.7497605033404
WS23_L1_T1_P_5_Tue_Mar__7_13_47_55_2023,0.03438827395439151,14.85512638092041,269.7497605033404
WS23_L1_T1_P_5_Tue_Mar__7_13_47_55_2023,0.03438827395439151,14.85512638092041,269.7497605033404
WS23_L1_T1_P_5_Tue_Mar__7_13_47_55_2023,0.03438827395439151,14.85512638092041,269.7497605033404
WS23_L1_T1_P_5_Tue_Mar__7_13_47_55_2023,0.03438827395439151,14.85512638092041,269.7497605033404
WS23_L1_T1_P_5_Tue_Mar__7_13_47_55_2023,0.03438827395439151,14.85512638092041,269.7497605033404
WS23_L1_T1_P_5_Tue_Mar__7_13_47_55_2023,0.03438827395439151,14.85512638092041,269.7497605033404
WS23_L1_T1_P_5_Tue_Mar__7_13_47_55_2023,0.03438827395439151,14.85512638092041,269.7497605033404
WS23_L1_T1_P_5_Tue_Mar__7_13_47_55_2023,0.03438827395439151,14.85512638092041,269.7497605033404
WS23_L1_T1_P_5_Tue_Mar__7_13_47_55_2023,0.03438827395439151,14.85512638092041,269.7497605033404
WS23_L1_T1_P_5_Tue_Mar__7_13_47_55_2023,0.03438827395439151,14.85512638092041,269.7497605033404
WS23_L1_T1_P_5_Tue_Mar__7_13_47_55_2023,0.03438827395439151,14.85512638092041,269.7497605033404
WS23_L1_T1_P_5_Tue_Mar__7_13_47_55_2023,0.03438827395439151,14.85512638092041,269.7497605033404
WS23_L1_T1_P_5_Tue_Mar__7_13_47_55_2023,0.034437030553817694,14.789554595947266,269.7497605033404
WS23_L1_T1_P_5_Tue_Mar__7_13_47_55_2023,0.034437030553817694,14.789554595947266,269.7497605033404
WS23_L1_T1_P_5_Tue_Mar__7_13_47_55_2023,0.034437030553817694,14.789554595947266,269.7497605033404
WS23_L1_T1_P_5_Tue_Mar__7_13_47_55_2023,0.034437030553817694,14.789554595947266,269.7497605033404
WS23_L1_T1_P_5_Tue_Mar__7_13_47_55_2023,0.034437030553817694,14.789554595947266,269.7497605033404
WS23_L1_T1_P_5_Tue_Mar__7_13_47_55_2023,0.034437030553817694,14.789554595947266,269.7497605033404
WS23_L1_T1_P_5_Tue_Mar__7_13_47_55_2023,0.034437030553817694,14.789554595947266,269.7497605033404
WS23_L1_T1_P_5_Tue_Mar__7_13_47_55_2023,0.034475669264793396,14.754107475280762,269.7497605033404
WS23_L1_T1_P_5_Tue_Mar__7_13_47_55_2023,0.034475669264793396,14.754107475280762,269.7497605033404
WS23_L1_T1_P_5_Tue_Mar__7_13_47_55_2023,0.034475669264793396,14.754107475280762,269.7497605033404
WS23_L1_T1_P_5_Tue_Mar__7_13_47_55_2023,0.034475669264793396,14.754107475280762,269.7497605033404
WS23_L1_T1_P_5_Tue_Mar__7_13_47_55_2023,0.034475669264793396,14.754107475280762,269.7497605033404
WS23_L1_T1_P_5_Tue_Mar__7_13_47_55_2023,0.034475669264793396,14.754107475280762,269.7497605033404
WS23_L1_T1_P_5_Tue_Mar__7_13_47_55_2023,0.034474283456802396,14.772714614868164,269.7497605033404
WS23_L1_T1_P_5_Tue_Mar__7_13_47_55_2023,0.034474283456802396,14.772714614868164,269.7497605033404
WS23_L1_T1_P_5_Tue_Mar__7_13_47_55_2023,0.034474283456802396,14.772714614868164,269.7497605033404
WS23_L1_T1_P_5_Tue_Mar__7_13_47_55_2023,0.034474283456802396,14.772714614868164,269.7497605033404
WS23_L1_T1_P_5_Tue_Mar__7_13_47_55_2023,0.034474283456802396,14.772714614868164,269.7497605033404
WS23_L1_T1_P_5_Tue_Mar__7_13_47_55_2023,0.034474283456802396,14.772714614868164,269.7497605033404
WS23_L1_T1_P_5_Tue_Mar__7_13_47_55_2023,0.034474283456802396,14.772714614868164,269.7497605033404
WS23_L1_T1_P_5_Tue_Mar__7_13_47_55_2023,0.034474283456802396,14.772714614868164,269.7497605033404
WS23_L1_T1_P_5_Tue_Mar__7_13_47_55_2023,0.034494057297706604,14.735199928283691,269.7497605033404
WS23_L1_T1_P_5_Tue_Mar__7_13_47_55_2023,0.034494057297706604,14.735199928283691,269.7497605033404
WS23_L1_T1_P_5_Tue_Mar__7_13_47_55_2023,0.034494057297706604,14.735199928283691,269.7497605033404
WS23_L1_T1_P_5_Tue_Mar__7_13_47_55_2023,0.034494057297706604,14.735199928283691,269.7497605033404
WS23_L1_T1_P_5_Tue_Mar__7_13_47_55_2023,0.034494057297706604,14.735199928283691,269.7497605033404
WS23_L1_T1_P_5_Tue_Mar__7_13_47_55_2023,0.034494057297706604,14.735199928283691,269.7497605033404
WS23_L1_T1_P_5_Tue_Mar__7_13_47_55_2023,0.034494057297706604,14.735199928283691,269.7497605033404
WS23_L1_T1_P_5_Tue_Mar__7_13_47_55_2023,0.03451643884181971,14.731914520263672,269.7497605033404
WS23_L1_T1_P_5_Tue_Mar__7_13_47_55_2023,0.03451643884181971,14.731914520263672,269.7497605033404
WS23_L1_T1_P_5_Tue_Mar__7_13_47_55_2023,0.03451643884181971,14.731914520263672,269.7497605033404
WS23_L1_T1_P_5_Tue_Mar__7_13_47_55_2023,0.03451643884181971,14.731914520263672,269.7497605033404
WS23_L1_T1_P_5_Tue_Mar__7_13_47_55_2023,0.03451643884181971,14.731914520263672,269.7497605033404
WS23_L1_T1_P_5_Tue_Mar__7_13_47_55_2023,0.03451643884181971,14.731914520263672,269.7497605033404
WS23_L1_T1_P_5_Tue_Mar__7_13_47_55_2023,0.03451643884181971,14.731914520263672,269.7497605033404
WS23_L1_T1_P_5_Tue_Mar__7_13_47_55_2023,0.03451643884181971,14.731914520263672,269.7497605033404
WS23_L1_T1_P_5_Tue_Mar__7_13_47_55_2023,0.03451643884181971,14.731914520263672,269.7497605033404
WS23_L1_T1_P_5_Tue_Mar__7_13_47_55_2023,0.03451643884181971,14.731914520263672,269.7497605033404
WS23_L1_T1_P_5_Tue_Mar__7_13_47_55_2023,0.03451643884181971,14.731914520263672,269.7497605033404
WS23_L1_T1_P_5_Tue_Mar__7_13_47_55_2023,0.03451643884181971,14.731914520263672,269.7497605033404
WS23_L1_T1_P_5_Tue_Mar__7_13_47_55_2023,0.03451643884181971,14.731914520263672,269.7497605033404
WS23_L1_T1_P_5_Tue_Mar__7_13_47_55_2023,0.034560307860374395,14.69033145904541,269.7497605033404
WS23_L1_T1_P_5_Tue_Mar__7_13_47_55_2023,0.034560307860374395,14.69033145904541,269.7497605033404
WS23_L1_T1_P_5_Tue_Mar__7_13_47_55_2023,0.034560307860374395,14.69033145904541,269.7497605033404
WS23_L1_T1_P_5_Tue_Mar__7_13_47_55_2023,0.034560307860374395,14.69033145904541,269.7497605033404
WS23_L1_T1_P_5_Tue_Mar__7_13_47_55_2023,0.034560307860374395,14.69033145904541,269.7497605033404
WS23_L1_T1_P_5_Tue_Mar__7_13_47_55_2023,0.034560307860374395,14.69033145904541,269.7497605033404
WS23_L1_T1_P_5_Tue_Mar__7_13_47_55_2023,0.034560307860374395,14.69033145904541,269.7497605033404
WS23_L1_T1_P_5_Tue_Mar__7_13_47_55_2023,0.034560307860374395,14.69033145904541,269.7497605033404
WS23_L1_T1_P_5_Tue_Mar__7_13_47_55_2023,0.034560307860374395,14.69033145904541,269.7497605033404
WS23_L1_T1_P_5_Tue_Mar__7_13_47_55_2023,0.034560307860374395,14.69033145904541,269.7497605033404
WS23_L1_T1_P_5_Tue_Mar__7_13_47_55_2023,0.034560307860374395,14.69033145904541,269.7497605033404
WS23_L1_T1_P_5_Tue_Mar__7_13_47_55_2023,0.034560307860374395,14.69033145904541,269.7497605033404
WS23_L1_T1_P_5_Tue_Mar__7_13_47_55_2023,0.034560307860374395,14.69033145904541,269.7497605033404
WS23_L1_T1_P_5_Tue_Mar__7_13_47_55_2023,0.034560307860374395,14.69033145904541,269.7497605033404
WS23_L1_T1_P_5_Tue_Mar__7_13_47_55_2023,0.034560307860374395,14.69033145904541,269.7497605033404
WS23_L1_T1_P_5_Tue_Mar__7_13_47_55_2023,0.034560307860374395,14.69033145904541,269.7497605033404
WS23_L1_T1_P_5_Tue_Mar__7_13_47_55_2023,0.034560307860374395,14.69033145904541,269.7497605033404
WS23_L1_T1_P_5_Tue_Mar__7_13_47_55_2023,0.034560307860374395,14.69033145904541,269.7497605033404
WS23_L1_T1_P_5_Tue_Mar__7_13_47_55_2023,0.034560307860374395,14.69033145904541,269.7497605033404
WS23_L1_T1_P_5_Tue_Mar__7_13_47_55_2023,0.034560307860374395,14.69033145904541,269.7497605033404
WS23_L1_T1_P_5_Tue_Mar__7_13_47_55_2023,0.034560307860374395,14.69033145904541,269.7497605033404
WS23_L1_T1_P_5_Tue_Mar__7_13_47_55_2023,0.034560307860374395,14.69033145904541,269.7497605033404
WS23_L1_T1_P_5_Tue_Mar__7_13_47_55_2023,0.034560307860374395,14.69033145904541,269.7497605033404
WS23_L1_T1_P_5_Tue_Mar__7_13_47_55_2023,0.034560307860374395,14.69033145904541,269.7497605033404
WS23_L1_T1_P_5_Tue_Mar__7_13_47_55_2023,0.034560307860374395,14.69033145904541,269.7497605033404
WS23_L1_T1_P_5_Tue_Mar__7_13_47_55_2023,0.034560307860374395,14.69033145904541,269.7497605033404
WS23_L1_T1_P_5_Tue_Mar__7_13_47_55_2023,0.034560307860374395,14.69033145904541,269.7497605033404
WS23_L1_T1_P_5_Tue_Mar__7_13_47_55_2023,0.034560307860374395,14.69033145904541,269.7497605033404
WS23_L1_T1_P_5_Tue_Mar__7_13_47_55_2023,0.034560307860374395,14.69033145904541,269.7497605033404
WS23_L1_T1_P_5_Tue_Mar__7_13_47_55_2023,0.034560307860374395,14.69033145904541,269.7497605033404
WS23_L1_T1_P_5_Tue_Mar__7_13_47_55_2023,0.034560307860374395,14.69033145904541,269.7497605033404
WS23_L1_T1_P_5_Tue_Mar__7_13_47_55_2023,0.034609720110893194,14.624151229858398,269.7497605033404
WS23_L1_T1_P_5_Tue_Mar__7_13_47_55_2023,0.034609720110893194,14.624151229858398,269.7497605033404
WS23_L1_T1_P_5_Tue_Mar__7_13_47_55_2023,0.034609720110893194,14.624151229858398,269.7497605033404
WS23_L1_T1_P_5_Tue_Mar__7_13_47_55_2023,0.034609720110893194,14.624151229858398,269.7497605033404
WS23_L1_T1_P_5_Tue_Mar__7_13_47_55_2023,0.034609720110893194,14.624151229858398,269.7497605033404
WS23_L1_T1_P_5_Tue_Mar__7_13_47_55_2023,0.034609720110893194,14.624151229858398,269.7497605033404
WS23_L1_T1_P_5_Tue_Mar__7_13_47_55_2023,0.034602493047714206,14.649543762207031,269.7497605033404
WS23_L1_T1_P_5_Tue_Mar__7_13_47_55_2023,0.034602493047714206,14.649543762207031,269.7497605033404
WS23_L1_T1_P_5_Tue_Mar__7_13_47_55_2023,0.034602493047714206,14.649543762207031,269.7497605033404
WS23_L1_T1_P_5_Tue_Mar__7_13_47_55_2023,0.034602493047714206,14.649543762207031,269.7497605033404
WS23_L1_T1_P_5_Tue_Mar__7_13_47_55_2023,0.034602493047714206,14.649543762207031,269.7497605033404
WS23_L1_T1_P_5_Tue_Mar__7_13_47_55_2023,0.034602493047714206,14.649543762207031,269.7497605033404
WS23_L1_T1_P_5_Tue_Mar__7_13_47_55_2023,0.034602493047714206,14.649543762207031,269.7497605033404
WS23_L1_T1_P_5_Tue_Mar__7_13_47_55_2023,0.034602493047714206,14.649543762207031,269.7497605033404
WS23_L1_T1_P_5_Tue_Mar__7_13_47_55_2023,0.034602493047714206,14.649543762207031,269.7497605033404
WS23_L1_T1_P_5_Tue_Mar__7_13_47_55_2023,0.034602493047714206,14.649543762207031,269.7497605033404
WS23_L1_T1_P_5_Tue_Mar__7_13_47_55_2023,0.034602493047714206,14.649543762207031,269.7497605033404
WS23_L1_T1_P_5_Tue_Mar__7_13_47_55_2023,0.034602493047714206,14.649543762207031,269.7497605033404
WS23_L1_T1_P_5_Tue_Mar__7_13_47_55_2023,0.034602493047714206,14.649543762207031,269.7497605033404
WS23_L1_T1_P_5_Tue_Mar__7_13_47_55_2023,0.034631937742233304,14.602372169494627,269.7497605033404
WS23_L1_T1_P_5_Tue_Mar__7_13_47_55_2023,0.034631937742233304,14.602372169494627,269.7497605033404
WS23_L1_T1_P_5_Tue_Mar__7_13_47_55_2023,0.034631937742233304,14.602372169494627,269.7497605033404
WS23_L1_T1_P_5_Tue_Mar__7_13_47_55_2023,0.034631937742233304,14.602372169494627,269.7497605033404
WS23_L1_T1_P_5_Tue_Mar__7_13_47_55_2023,0.034631937742233304,14.602372169494627,269.7497605033404
WS23_L1_T1_P_5_Tue_Mar__7_13_47_55_2023,0.034631937742233304,14.602372169494627,269.7497605033404
WS23_L1_T1_P_5_Tue_Mar__7_13_47_55_2023,0.034631937742233304,14.602372169494627,269.7497605033404
WS23_L1_T1_P_5_Tue_Mar__7_13_47_55_2023,0.0346463471651077,14.607969284057615,269.7497605033404
WS23_L1_T1_P_5_Tue_Mar__7_13_47_55_2023,0.0346463471651077,14.607969284057615,269.7497605033404
WS23_L1_T1_P_5_Tue_Mar__7_13_47_55_2023,0.0346463471651077,14.607969284057615,269.7497605033404
WS23_L1_T1_P_5_Tue_Mar__7_13_47_55_2023,0.0346463471651077,14.607969284057615,269.7497605033404
WS23_L1_T1_P_5_Tue_Mar__7_13_47_55_2023,0.0346463471651077,14.607969284057615,269.7497605033404
WS23_L1_T1_P_5_Tue_Mar__7_13_47_55_2023,0.0346463471651077,14.607969284057615,269.7497605033404
WS23_L1_T1_P_5_Tue_Mar__7_13_47_55_2023,0.0346463471651077,14.607969284057615,269.7497605033404
WS23_L1_T1_P_5_Tue_Mar__7_13_47_55_2023,0.0346463471651077,14.607969284057615,269.7497605033404
WS23_L1_T1_P_5_Tue_Mar__7_13_47_55_2023,0.0346463471651077,14.607969284057615,269.7497605033404
WS23_L1_T1_P_5_Tue_Mar__7_13_47_55_2023,0.0346463471651077,14.607969284057615,269.7497605033404
WS23_L1_T1_P_5_Tue_Mar__7_13_47_55_2023,0.0346463471651077,14.607969284057615,269.7497605033404
WS23_L1_T1_P_5_Tue_Mar__7_13_47_55_2023,0.0346463471651077,14.607969284057615,269.7497605033404
WS23_L1_T1_P_5_Tue_Mar__7_13_47_55_2023,0.0346463471651077,14.607969284057615,269.7497605033404
WS23_L1_T1_P_5_Tue_Mar__7_13_47_55_2023,0.0346463471651077,14.607969284057615,269.7497605033404
WS23_L1_T1_P_5_Tue_Mar__7_13_47_55_2023,0.0346463471651077,14.607969284057615,269.7497605033404
WS23_L1_T1_P_5_Tue_Mar__7_13_47_55_2023,0.0346463471651077,14.607969284057615,269.7497605033404
WS23_L1_T1_P_5_Tue_Mar__7_13_47_55_2023,0.0346463471651077,14.607969284057615,269.7497605033404
WS23_L1_T1_P_5_Tue_Mar__7_13_47_55_2023,0.0346463471651077,14.607969284057615,269.7497605033404
WS23_L1_T1_P_5_Tue_Mar__7_13_47_55_2023,0.0346463471651077,14.607969284057615,269.7497605033404
WS23_L1_T1_P_5_Tue_Mar__7_13_47_55_2023,0.0346463471651077,14.607969284057615,269.7497605033404
WS23_L1_T1_P_5_Tue_Mar__7_13_47_55_2023,0.0346463471651077,14.607969284057615,269.7497605033404
WS23_L1_T1_P_5_Tue_Mar__7_13_47_55_2023,0.0346463471651077,14.607969284057615,269.7497605033404
WS23_L1_T1_P_5_Tue_Mar__7_13_47_55_2023,0.0346463471651077,14.607969284057615,269.7497605033404
WS23_L1_T1_P_5_Tue_Mar__7_13_47_55_2023,0.0346463471651077,14.607969284057615,269.7497605033404
WS23_L1_T1_P_5_Tue_Mar__7_13_47_55_2023,0.03467926383018491,14.557723999023438,269.7497605033404
WS23_L1_T1_P_5_Tue_Mar__7_13_47_55_2023,0.03467926383018491,14.557723999023438,269.7497605033404
WS23_L1_T1_P_5_Tue_Mar__7_13_47_55_2023,0.03467926383018491,14.557723999023438,269.7497605033404
WS23_L1_T1_P_5_Tue_Mar__7_13_47_55_2023,0.03467926383018491,14.557723999023438,269.7497605033404
WS23_L1_T1_P_5_Tue_Mar__7_13_47_55_2023,0.03467926383018491,14.557723999023438,269.7497605033404
WS23_L1_T1_P_5_Tue_Mar__7_13_47_55_2023,0.03467926383018491,14.557723999023438,269.7497605033404
WS23_L1_T1_P_5_Tue_Mar__7_13_47_55_2023,0.0346884876489639,14.567190170288086,269.7497605033404
WS23_L1_T1_P_5_Tue_Mar__7_13_47_55_2023,0.0346884876489639,14.567190170288086,269.7497605033404
WS23_L1_T1_P_5_Tue_Mar__7_13_47_55_2023,0.0346884876489639,14.567190170288086,269.7497605033404
WS23_L1_T1_P_5_Tue_Mar__7_13_47_55_2023,0.0346884876489639,14.567190170288086,269.7497605033404
WS23_L1_T1_P_5_Tue_Mar__7_13_47_55_2023,0.0346884876489639,14.567190170288086,269.7497605033404
WS23_L1_T1_P_5_Tue_Mar__7_13_47_55_2023,0.0346884876489639,14.567190170288086,269.7497605033404
WS23_L1_T1_P_5_Tue_Mar__7_13_47_55_2023,0.0346884876489639,14.567190170288086,269.7497605033404
WS23_L1_T1_P_5_Tue_Mar__7_13_47_55_2023,0.034741252660751315,14.499235153198242,269.7497605033404
WS23_L1_T1_P_5_Tue_Mar__7_13_47_55_2023,0.034741252660751315,14.499235153198242,269.7497605033404
WS23_L1_T1_P_5_Tue_Mar__7_13_47_55_2023,0.034741252660751315,14.499235153198242,269.7497605033404
WS23_L1_T1_P_5_Tue_Mar__7_13_47_55_2023,0.034741252660751315,14.499235153198242,269.7497605033404
WS23_L1_T1_P_5_Tue_Mar__7_13_47_55_2023,0.034741252660751315,14.499235153198242,269.7497605033404
WS23_L1_T1_P_5_Tue_Mar__7_13_47_55_2023,0.034741252660751315,14.499235153198242,269.7497605033404
WS23_L1_T1_P_5_Tue_Mar__7_13_47_55_2023,0.03473237156867981,14.525626182556152,269.7497605033404
WS23_L1_T1_P_5_Tue_Mar__7_13_47_55_2023,0.03473237156867981,14.525626182556152,269.7497605033404
WS23_L1_T1_P_5_Tue_Mar__7_13_47_55_2023,0.03473237156867981,14.525626182556152,269.7497605033404
WS23_L1_T1_P_5_Tue_Mar__7_13_47_55_2023,0.03473237156867981,14.525626182556152,269.7497605033404
WS23_L1_T1_P_5_Tue_Mar__7_13_47_55_2023,0.03473237156867981,14.525626182556152,269.7497605033404
WS23_L1_T1_P_5_Tue_Mar__7_13_47_55_2023,0.03473237156867981,14.525626182556152,269.7497605033404
WS23_L1_T1_P_5_Tue_Mar__7_13_47_55_2023,0.03473237156867981,14.525626182556152,269.7497605033404
WS23_L1_T1_P_5_Tue_Mar__7_13_47_55_2023,0.03473237156867981,14.525626182556152,269.7497605033404
WS23_L1_T1_P_5_Tue_Mar__7_13_47_55_2023,0.03473237156867981,14.525626182556152,269.7497605033404
WS23_L1_T1_P_5_Tue_Mar__7_13_47_55_2023,0.03473237156867981,14.525626182556152,269.7497605033404
WS23_L1_T1_P_5_Tue_Mar__7_13_47_55_2023,0.03473237156867981,14.525626182556152,269.7497605033404
WS23_L1_T1_P_5_Tue_Mar__7_13_47_55_2023,0.03473237156867981,14.525626182556152,269.7497605033404
WS23_L1_T1_P_5_Tue_Mar__7_13_47_55_2023,0.03473237156867981,14.525626182556152,269.7497605033404
WS23_L1_T1_P_5_Tue_Mar__7_13_47_55_2023,0.03473237156867981,14.525626182556152,269.7497605033404
WS23_L1_T1_P_5_Tue_Mar__7_13_47_55_2023,0.03473237156867981,14.525626182556152,269.7497605033404
WS23_L1_T1_P_5_Tue_Mar__7_13_47_55_2023,0.03473237156867981,14.525626182556152,269.7497605033404
WS23_L1_T1_P_5_Tue_Mar__7_13_47_55_2023,0.03473237156867981,14.525626182556152,269.7497605033404
WS23_L1_T1_P_5_Tue_Mar__7_13_47_55_2023,0.03473237156867981,14.525626182556152,269.7497605033404
WS23_L1_T1_P_5_Tue_Mar__7_13_47_55_2023,0.03473237156867981,14.525626182556152,269.7497605033404
WS23_L1_T1_P_5_Tue_Mar__7_13_47_55_2023,0.03473237156867981,14.525626182556152,269.7497605033404
WS23_L1_T1_P_5_Tue_Mar__7_13_47_55_2023,0.03473237156867981,14.525626182556152,269.7497605033404
WS23_L1_T1_P_5_Tue_Mar__7_13_47_55_2023,0.03473237156867981,14.525626182556152,269.7497605033404
WS23_L1_T1_P_5_Tue_Mar__7_13_47_55_2023,0.03473237156867981,14.525626182556152,269.7497605033404
WS23_L1_T1_P_5_Tue_Mar__7_13_47_55_2023,0.03473237156867981,14.525626182556152,269.7497605033404
WS23_L1_T1_P_5_Tue_Mar__7_13_47_55_2023,0.03473237156867981,14.525626182556152,269.7497605033404
WS23_L1_T1_P_5_Tue_Mar__7_13_47_55_2023,0.03473237156867981,14.525626182556152,269.7497605033404
WS23_L1_T1_P_5_Tue_Mar__7_13_47_55_2023,0.03473237156867981,14.525626182556152,269.7497605033404
WS23_L1_T1_P_5_Tue_Mar__7_13_47_55_2023,0.03473237156867981,14.525626182556152,269.7497605033404
WS23_L1_T1_P_5_Tue_Mar__7_13_47_55_2023,0.03473237156867981,14.525626182556152,269.7497605033404
WS23_L1_T1_P_5_Tue_Mar__7_13_47_55_2023,0.03473237156867981,14.525626182556152,269.7497605033404
WS23_L1_T1_P_5_Tue_Mar__7_13_47_55_2023,0.03473237156867981,14.525626182556152,269.7497605033404
WS23_L1_T1_P_5_Tue_Mar__7_13_47_55_2023,0.03473237156867981,14.525626182556152,269.7497605033404
WS23_L1_T1_P_5_Tue_Mar__7_13_47_55_2023,0.03473237156867981,14.525626182556152,269.7497605033404
WS23_L1_T1_P_5_Tue_Mar__7_13_47_55_2023,0.03473237156867981,14.525626182556152,269.7497605033404
WS23_L1_T1_P_5_Tue_Mar__7_13_47_55_2023,0.03473237156867981,14.525626182556152,269.7497605033404
WS23_L1_T1_P_5_Tue_Mar__7_13_47_55_2023,0.03473237156867981,14.525626182556152,269.7497605033404
WS23_L1_T1_P_5_Tue_Mar__7_13_47_55_2023,0.03473237156867981,14.525626182556152,269.7497605033404
WS23_L1_T1_P_5_Tue_Mar__7_13_47_55_2023,0.03473237156867981,14.525626182556152,269.7497605033404
WS23_L1_T1_P_5_Tue_Mar__7_13_47_55_2023,0.03473237156867981,14.525626182556152,269.7497605033404
WS23_L1_T1_P_5_Tue_Mar__7_13_47_55_2023,0.03473237156867981,14.525626182556152,269.7497605033404
WS23_L1_T1_P_5_Tue_Mar__7_13_47_55_2023,0.03473237156867981,14.525626182556152,269.7497605033404
WS23_L1_T1_P_5_Tue_Mar__7_13_47_55_2023,0.03473237156867981,14.525626182556152,269.7497605033404
WS23_L1_T1_P_5_Tue_Mar__7_13_47_55_2023,0.03473237156867981,14.525626182556152,269.7497605033404
WS23_L1_T1_P_5_Tue_Mar__7_13_47_55_2023,0.03473237156867981,14.525626182556152,269.7497605033404
WS23_L1_T1_P_5_Tue_Mar__7_13_47_55_2023,0.03473237156867981,14.525626182556152,269.7497605033404
WS23_L1_T1_P_5_Tue_Mar__7_13_47_55_2023,0.03473237156867981,14.525626182556152,269.7497605033404
WS23_L1_T1_P_5_Tue_Mar__7_13_47_55_2023,0.03473237156867981,14.525626182556152,269.7497605033404
WS23_L1_T1_P_5_Tue_Mar__7_13_47_55_2023,0.03473237156867981,14.525626182556152,269.7497605033404
WS23_L1_T1_P_5_Tue_Mar__7_13_47_55_2023,0.03473237156867981,14.525626182556152,269.7497605033404
WS23_L1_T1_P_5_Tue_Mar__7_13_47_55_2023,0.03473237156867981,14.525626182556152,269.7497605033404
WS23_L1_T1_P_5_Tue_Mar__7_13_47_55_2023,0.03473237156867981,14.525626182556152,269.7497605033404
WS23_L1_T1_P_5_Tue_Mar__7_13_47_55_2023,0.03473237156867981,14.525626182556152,269.7497605033404
WS23_L1_T1_P_5_Tue_Mar__7_13_47_55_2023,0.03473237156867981,14.525626182556152,269.7497605033404
WS23_L1_T1_P_5_Tue_Mar__7_13_47_55_2023,0.03474357724189761,14.52557373046875,269.7497605033404
WS23_L1_T1_P_5_Tue_Mar__7_13_47_55_2023,0.03474357724189761,14.52557373046875,269.7497605033404
WS23_L1_T1_P_5_Tue_Mar__7_13_47_55_2023,0.03474357724189761,14.52557373046875,269.7497605033404
WS23_L1_T1_P_5_Tue_Mar__7_13_47_55_2023,0.03474357724189761,14.52557373046875,269.7497605033404
WS23_L1_T1_P_5_Tue_Mar__7_13_47_55_2023,0.03474357724189761,14.52557373046875,269.7497605033404
WS23_L1_T1_P_5_Tue_Mar__7_13_47_55_2023,0.03474357724189761,14.52557373046875,269.7497605033404
WS23_L1_T1_P_5_Tue_Mar__7_13_47_55_2023,0.03474357724189761,14.52557373046875,269.7497605033404
WS23_L1_T1_P_5_Tue_Mar__7_13_47_55_2023,0.03474357724189761,14.52557373046875,269.7497605033404
WS23_L1_T1_P_5_Tue_Mar__7_13_47_55_2023,0.0347745418548584,14.484859466552734,269.7497605033404
WS23_L1_T1_P_5_Tue_Mar__7_13_47_55_2023,0.0347745418548584,14.484859466552734,269.7497605033404
WS23_L1_T1_P_5_Tue_Mar__7_13_47_55_2023,0.0347745418548584,14.484859466552734,269.7497605033404
WS23_L1_T1_P_5_Tue_Mar__7_13_47_55_2023,0.0347745418548584,14.484859466552734,269.7497605033404
WS23_L1_T1_P_5_Tue_Mar__7_13_47_55_2023,0.0347745418548584,14.484859466552734,269.7497605033404
WS23_L1_T1_P_5_Tue_Mar__7_13_47_55_2023,0.0347745418548584,14.484859466552734,269.7497605033404
WS23_L1_T1_P_5_Tue_Mar__7_13_47_55_2023,0.0347745418548584,14.484859466552734,269.7497605033404
WS23_L1_T1_P_5_Tue_Mar__7_13_47_55_2023,0.0347745418548584,14.484859466552734,269.7497605033404
WS23_L1_T1_P_5_Tue_Mar__7_13_47_55_2023,0.0347745418548584,14.484859466552734,269.7497605033404
WS23_L1_T1_P_5_Tue_Mar__7_13_47_55_2023,0.0347745418548584,14.484859466552734,269.7497605033404
WS23_L1_T1_P_5_Tue_Mar__7_13_47_55_2023,0.0347745418548584,14.484859466552734,269.7497605033404
WS23_L1_T1_P_5_Tue_Mar__7_13_47_55_2023,0.0347745418548584,14.484859466552734,269.7497605033404
WS23_L1_T1_P_5_Tue_Mar__7_13_47_55_2023,0.0347745418548584,14.484859466552734,269.7497605033404
WS23_L1_T1_P_5_Tue_Mar__7_13_47_55_2023,0.0347745418548584,14.484859466552734,269.7497605033404
WS23_L1_T1_P_5_Tue_Mar__7_13_47_55_2023,0.0347745418548584,14.484859466552734,269.7497605033404
WS23_L1_T1_P_5_Tue_Mar__7_13_47_55_2023,0.0347745418548584,14.484859466552734,269.7497605033404
WS23_L1_T1_P_5_Tue_Mar__7_13_47_55_2023,0.0347745418548584,14.484859466552734,269.7497605033404
WS23_L1_T1_P_5_Tue_Mar__7_13_47_55_2023,0.0347745418548584,14.484859466552734,269.7497605033404
WS23_L1_T1_P_5_Tue_Mar__7_13_47_55_2023,0.0347745418548584,14.484859466552734,269.7497605033404
WS23_L1_T1_P_5_Tue_Mar__7_13_47_55_2023,0.0347745418548584,14.484859466552734,269.7497605033404
WS23_L1_T1_P_5_Tue_Mar__7_13_47_55_2023,0.0347745418548584,14.484859466552734,269.7497605033404
WS23_L1_T1_P_5_Tue_Mar__7_13_47_55_2023,0.0347745418548584,14.484859466552734,269.7497605033404
WS23_L1_T1_P_5_Tue_Mar__7_13_47_55_2023,0.0347745418548584,14.484859466552734,269.7497605033404
WS23_L1_T1_P_5_Tue_Mar__7_13_47_55_2023,0.0347745418548584,14.484859466552734,269.7497605033404
WS23_L1_T1_P_5_Tue_Mar__7_13_47_55_2023,0.0347745418548584,14.484859466552734,269.7497605033404
WS23_L1_T1_P_5_Tue_Mar__7_13_47_55_2023,0.0347745418548584,14.484859466552734,269.7497605033404
WS23_L1_T1_P_5_Tue_Mar__7_13_47_55_2023,0.0347745418548584,14.484859466552734,269.7497605033404
WS23_L1_T1_P_5_Tue_Mar__7_13_47_55_2023,0.0347745418548584,14.484859466552734,269.7497605033404
WS23_L1_T1_P_5_Tue_Mar__7_13_47_55_2023,0.0347745418548584,14.484859466552734,269.7497605033404
WS23_L1_T1_P_5_Tue_Mar__7_13_47_55_2023,0.0347745418548584,14.484859466552734,269.7497605033404
WS23_L1_T1_P_5_Tue_Mar__7_13_47_55_2023,0.0347745418548584,14.484859466552734,269.7497605033404
WS23_L1_T1_P_5_Tue_Mar__7_13_47_55_2023,0.0347745418548584,14.484859466552734,269.7497605033404
WS23_L1_T1_P_5_Tue_Mar__7_13_47_55_2023,0.0347745418548584,14.484859466552734,269.7497605033404
WS23_L1_T1_P_5_Tue_Mar__7_13_47_55_2023,0.0347745418548584,14.484859466552734,269.7497605033404
WS23_L1_T1_P_5_Tue_Mar__7_13_47_55_2023,0.0347745418548584,14.484859466552734,269.7497605033404
WS23_L1_T1_P_5_Tue_Mar__7_13_47_55_2023,0.0347745418548584,14.484859466552734,269.7497605033404
WS23_L1_T1_P_5_Tue_Mar__7_13_47_55_2023,0.0347745418548584,14.484859466552734,269.7497605033404
WS23_L1_T1_P_5_Tue_Mar__7_13_47_55_2023,0.0347745418548584,14.484859466552734,269.7497605033404
WS23_L1_T1_P_5_Tue_Mar__7_13_47_55_2023,0.0347745418548584,14.484859466552734,269.7497605033404
WS23_L1_T1_P_5_Tue_Mar__7_13_47_55_2023,0.0347745418548584,14.484859466552734,269.7497605033404
WS23_L1_T1_P_5_Tue_Mar__7_13_47_55_2023,0.0347745418548584,14.484859466552734,269.7497605033404
WS23_L1_T1_P_5_Tue_Mar__7_13_47_55_2023,0.0347745418548584,14.484859466552734,269.7497605033404
WS23_L1_T1_P_5_Tue_Mar__7_13_47_55_2023,0.0347745418548584,14.484859466552734,269.7497605033404
WS23_L1_T1_P_5_Tue_Mar__7_13_47_55_2023,0.0347745418548584,14.484859466552734,269.7497605033404
WS23_L1_T1_P_5_Tue_Mar__7_13_47_55_2023,0.0347745418548584,14.484859466552734,269.7497605033404
WS23_L1_T1_P_5_Tue_Mar__7_13_47_55_2023,0.0347745418548584,14.484859466552734,269.7497605033404
WS23_L1_T1_P_5_Tue_Mar__7_13_47_55_2023,0.0347745418548584,14.484859466552734,269.7497605033404
WS23_L1_T1_P_5_Tue_Mar__7_13_47_55_2023,0.0347745418548584,14.484859466552734,269.7497605033404
WS23_L1_T1_P_5_Tue_Mar__7_13_47_55_2023,0.0347745418548584,14.484859466552734,269.7497605033404
WS23_L1_T1_P_5_Tue_Mar__7_13_47_55_2023,0.0347745418548584,14.484859466552734,269.7497605033404
WS23_L1_T1_P_5_Tue_Mar__7_13_47_55_2023,0.0347745418548584,14.484859466552734,269.7497605033404
WS23_L1_T1_P_5_Tue_Mar__7_13_47_55_2023,0.0347745418548584,14.484859466552734,269.7497605033404
WS23_L1_T1_P_5_Tue_Mar__7_13_47_55_2023,0.0347745418548584,14.484859466552734,269.7497605033404
WS23_L1_T1_P_5_Tue_Mar__7_13_47_55_2023,0.0347745418548584,14.484859466552734,269.7497605033404
WS23_L1_T1_P_5_Tue_Mar__7_13_47_55_2023,0.0347745418548584,14.484859466552734,269.7497605033404
WS23_L1_T1_P_5_Tue_Mar__7_13_47_55_2023,0.0347745418548584,14.484859466552734,269.7497605033404
WS23_L1_T1_P_5_Tue_Mar__7_13_47_55_2023,0.0347745418548584,14.484859466552734,269.7497605033404
WS23_L1_T1_P_5_Tue_Mar__7_13_47_55_2023,0.0347745418548584,14.484859466552734,269.7497605033404
WS23_L1_T1_P_5_Tue_Mar__7_13_47_55_2023,0.0347745418548584,14.484859466552734,269.7497605033404
WS23_L1_T1_P_5_Tue_Mar__7_13_47_55_2023,0.0347745418548584,14.484859466552734,269.7497605033404
WS23_L1_T1_P_5_Tue_Mar__7_13_47_55_2023,0.0347745418548584,14.484859466552734,269.7497605033404
WS23_L1_T1_P_5_Tue_Mar__7_13_47_55_2023,0.0347745418548584,14.484859466552734,269.7497605033404
WS23_L1_T1_P_5_Tue_Mar__7_13_47_55_2023,0.0347745418548584,14.484859466552734,269.7497605033404
WS23_L1_T1_P_5_Tue_Mar__7_13_47_55_2023,0.0347745418548584,14.484859466552734,269.7497605033404
WS23_L1_T1_P_5_Tue_Mar__7_13_47_55_2023,0.0347745418548584,14.484859466552734,269.7497605033404
WS23_L1_T1_P_5_Tue_Mar__7_13_47_55_2023,0.0347745418548584,14.484859466552734,269.7497605033404
WS23_L1_T1_P_5_Tue_Mar__7_13_47_55_2023,0.0347745418548584,14.484859466552734,269.7497605033404
WS23_L1_T1_P_5_Tue_Mar__7_13_47_55_2023,0.0347745418548584,14.484859466552734,269.7497605033404
WS23_L1_T1_P_5_Tue_Mar__7_13_47_55_2023,0.0347745418548584,14.484859466552734,269.7497605033404
WS23_L1_T1_P_5_Tue_Mar__7_13_47_55_2023,0.0347745418548584,14.484859466552734,269.7497605033404
WS23_L1_T1_P_5_Tue_Mar__7_13_47_55_2023,0.0347745418548584,14.484859466552734,269.7497605033404
WS23_L1_T1_P_5_Tue_Mar__7_13_47_55_2023,0.0347745418548584,14.484859466552734,269.7497605033404
WS23_L1_T1_P_5_Tue_Mar__7_13_47_55_2023,0.0347745418548584,14.484859466552734,269.7497605033404
WS23_L1_T1_P_5_Tue_Mar__7_13_47_55_2023,0.0347745418548584,14.484859466552734,269.7497605033404
WS23_L1_T1_P_5_Tue_Mar__7_13_47_55_2023,0.0347745418548584,14.484859466552734,269.7497605033404
WS23_L1_T1_P_5_Tue_Mar__7_13_47_55_2023,0.0347745418548584,14.484859466552734,269.7497605033404
WS23_L1_T1_P_5_Tue_Mar__7_13_47_55_2023,0.0347745418548584,14.484859466552734,269.7497605033404
WS23_L1_T1_P_5_Tue_Mar__7_13_47_55_2023,0.0347745418548584,14.484859466552734,269.7497605033404
WS23_L1_T1_P_5_Tue_Mar__7_13_47_55_2023,0.0347745418548584,14.484859466552734,269.7497605033404
WS23_L1_T1_P_5_Tue_Mar__7_13_47_55_2023,0.0347745418548584,14.484859466552734,269.7497605033404
WS23_L1_T1_P_5_Tue_Mar__7_13_47_55_2023,0.0347745418548584,14.484859466552734,269.7497605033404
WS23_L1_T1_P_5_Tue_Mar__7_13_47_55_2023,0.0347745418548584,14.484859466552734,269.7497605033404
WS23_L1_T1_P_5_Tue_Mar__7_13_47_55_2023,0.0347745418548584,14.484859466552734,269.7497605033404
WS23_L1_T1_P_5_Tue_Mar__7_13_47_55_2023,0.0347745418548584,14.484859466552734,269.7497605033404
WS23_L1_T1_P_5_Tue_Mar__7_13_47_55_2023,0.0347745418548584,14.484859466552734,269.7497605033404
WS23_L1_T1_P_5_Tue_Mar__7_13_47_55_2023,0.0347745418548584,14.484859466552734,269.7497605033404
WS23_L1_T1_P_5_Tue_Mar__7_13_47_55_2023,0.0347745418548584,14.484859466552734,269.7497605033404
WS23_L1_T1_P_5_Tue_Mar__7_13_47_55_2023,0.0347745418548584,14.484859466552734,269.7497605033404
WS23_L1_T1_P_5_Tue_Mar__7_13_47_55_2023,0.0347745418548584,14.484859466552734,269.7497605033404
WS23_L1_T1_P_5_Tue_Mar__7_13_47_55_2023,0.0347745418548584,14.484859466552734,269.7497605033404
WS23_L1_T1_P_5_Tue_Mar__7_13_47_55_2023,0.0347745418548584,14.484859466552734,269.7497605033404
WS23_L1_T1_P_5_Tue_Mar__7_13_47_55_2023,0.0347745418548584,14.484859466552734,269.7497605033404
WS23_L1_T1_P_5_Tue_Mar__7_13_47_55_2023,0.0347745418548584,14.484859466552734,269.7497605033404
WS23_L1_T1_P_5_Tue_Mar__7_13_47_55_2023,0.0347745418548584,14.484859466552734,269.7497605033404
WS23_L1_T1_P_5_Tue_Mar__7_13_47_55_2023,0.0347745418548584,14.484859466552734,269.7497605033404
WS23_L1_T1_P_5_Tue_Mar__7_13_47_55_2023,0.0347745418548584,14.484859466552734,269.7497605033404
WS23_L1_T1_P_5_Tue_Mar__7_13_47_55_2023,0.0347745418548584,14.484859466552734,269.7497605033404
WS23_L1_T1_P_5_Tue_Mar__7_13_47_55_2023,0.0347745418548584,14.484859466552734,269.7497605033404
WS23_L1_T1_P_5_Tue_Mar__7_13_47_55_2023,0.0347745418548584,14.484859466552734,269.7497605033404
WS23_L1_T1_P_5_Tue_Mar__7_13_47_55_2023,0.0347745418548584,14.484859466552734,269.7497605033404
WS23_L1_T1_P_5_Tue_Mar__7_13_47_55_2023,0.0347745418548584,14.484859466552734,269.7497605033404
WS23_L1_T1_P_5_Tue_Mar__7_13_47_55_2023,0.0347745418548584,14.484859466552734,269.7497605033404
WS23_L1_T1_P_5_Tue_Mar__7_13_47_55_2023,0.0347745418548584,14.484859466552734,269.7497605033404
WS23_L1_T1_P_5_Tue_Mar__7_13_47_55_2023,0.0347745418548584,14.484859466552734,269.7497605033404
WS23_L1_T1_P_5_Tue_Mar__7_13_47_55_2023,0.0347745418548584,14.484859466552734,269.7497605033404
WS23_L1_T1_P_5_Tue_Mar__7_13_47_55_2023,0.0347745418548584,14.484859466552734,269.7497605033404
WS23_L1_T1_P_5_Tue_Mar__7_13_47_55_2023,0.0347745418548584,14.484859466552734,269.7497605033404
WS23_L1_T1_P_5_Tue_Mar__7_13_47_55_2023,0.0347745418548584,14.484859466552734,269.7497605033404
WS23_L1_T1_P_5_Tue_Mar__7_13_47_55_2023,0.0347745418548584,14.484859466552734,269.7497605033404
WS23_L1_T1_P_5_Tue_Mar__7_13_47_55_2023,0.0347745418548584,14.484859466552734,269.7497605033404
WS23_L1_T1_P_5_Tue_Mar__7_13_47_55_2023,0.034814998507499695,14.42796230316162,269.7497605033404
WS23_L1_T1_P_5_Tue_Mar__7_13_47_55_2023,0.034814998507499695,14.42796230316162,269.7497605033404
WS23_L1_T1_P_5_Tue_Mar__7_13_47_55_2023,0.034814998507499695,14.42796230316162,269.7497605033404
WS23_L1_T1_P_5_Tue_Mar__7_13_47_55_2023,0.034814998507499695,14.42796230316162,269.7497605033404
WS23_L1_T1_P_5_Tue_Mar__7_13_47_55_2023,0.034814998507499695,14.42796230316162,269.7497605033404
WS23_L1_T1_P_5_Tue_Mar__7_13_47_55_2023,0.034814998507499695,14.42796230316162,269.7497605033404
WS23_L1_T1_P_5_Tue_Mar__7_13_47_55_2023,0.034814998507499695,14.42796230316162,269.7497605033404
WS23_L1_T1_P_5_Tue_Mar__7_13_47_55_2023,0.034818410873413114,14.443306922912598,269.7497605033404
WS23_L1_T1_P_5_Tue_Mar__7_13_47_55_2023,0.034818410873413114,14.443306922912598,269.7497605033404
WS23_L1_T1_P_5_Tue_Mar__7_13_47_55_2023,0.034818410873413114,14.443306922912598,269.7497605033404
WS23_L1_T1_P_5_Tue_Mar__7_13_47_55_2023,0.034818410873413114,14.443306922912598,269.7497605033404
WS23_L1_T1_P_5_Tue_Mar__7_13_47_55_2023,0.034818410873413114,14.443306922912598,269.7497605033404
WS23_L1_T1_P_5_Tue_Mar__7_13_47_55_2023,0.034818410873413114,14.443306922912598,269.7497605033404
WS23_L1_T1_P_5_Tue_Mar__7_13_47_55_2023,0.034818410873413114,14.443306922912598,269.7497605033404
WS23_L1_T1_P_5_Tue_Mar__7_13_47_55_2023,0.034818410873413114,14.443306922912598,269.7497605033404
WS23_L1_T1_P_5_Tue_Mar__7_13_47_55_2023,0.034818410873413114,14.443306922912598,269.7497605033404
WS23_L1_T1_P_5_Tue_Mar__7_13_47_55_2023,0.034818410873413114,14.443306922912598,269.7497605033404
WS23_L1_T1_P_5_Tue_Mar__7_13_47_55_2023,0.034818410873413114,14.443306922912598,269.7497605033404
WS23_L1_T1_P_5_Tue_Mar__7_13_47_55_2023,0.034818410873413114,14.443306922912598,269.7497605033404
WS23_L1_T1_P_5_Tue_Mar__7_13_47_55_2023,0.034818410873413114,14.443306922912598,269.7497605033404
WS23_L1_T1_P_5_Tue_Mar__7_13_47_55_2023,0.034818410873413114,14.443306922912598,269.7497605033404
WS23_L1_T1_P_5_Tue_Mar__7_13_47_55_2023,0.034818410873413114,14.443306922912598,269.7497605033404
WS23_L1_T1_P_5_Tue_Mar__7_13_47_55_2023,0.034818410873413114,14.443306922912598,269.7497605033404
WS23_L1_T1_P_5_Tue_Mar__7_13_47_55_2023,0.034818410873413114,14.443306922912598,269.7497605033404
WS23_L1_T1_P_5_Tue_Mar__7_13_47_55_2023,0.034818410873413114,14.443306922912598,269.7497605033404
WS23_L1_T1_P_5_Tue_Mar__7_13_47_55_2023,0.034818410873413114,14.443306922912598,269.7497605033404
WS23_L1_T1_P_5_Tue_Mar__7_13_47_55_2023,0.034818410873413114,14.443306922912598,269.7497605033404
WS23_L1_T1_P_5_Tue_Mar__7_13_47_55_2023,0.034818410873413114,14.443306922912598,269.7497605033404
WS23_L1_T1_P_5_Tue_Mar__7_13_47_55_2023,0.034818410873413114,14.443306922912598,269.7497605033404
WS23_L1_T1_P_5_Tue_Mar__7_13_47_55_2023,0.034818410873413114,14.443306922912598,269.7497605033404
WS23_L1_T1_P_5_Tue_Mar__7_13_47_55_2023,0.034818410873413114,14.443306922912598,269.7497605033404
WS23_L1_T1_P_5_Tue_Mar__7_13_47_55_2023,0.034818410873413114,14.443306922912598,269.7497605033404
WS23_L1_T1_P_5_Tue_Mar__7_13_47_55_2023,0.034818410873413114,14.443306922912598,269.7497605033404
WS23_L1_T1_P_5_Tue_Mar__7_13_47_55_2023,0.03485268354415891,14.392440795898438,269.7497605033404
WS23_L1_T1_P_5_Tue_Mar__7_13_47_55_2023,0.03485268354415891,14.392440795898438,269.7497605033404
WS23_L1_T1_P_5_Tue_Mar__7_13_47_55_2023,0.03485268354415891,14.392440795898438,269.7497605033404
WS23_L1_T1_P_5_Tue_Mar__7_13_47_55_2023,0.03485268354415891,14.392440795898438,269.7497605033404
WS23_L1_T1_P_5_Tue_Mar__7_13_47_55_2023,0.03485268354415891,14.392440795898438,269.7497605033404
WS23_L1_T1_P_5_Tue_Mar__7_13_47_55_2023,0.03485268354415891,14.392440795898438,269.7497605033404
WS23_L1_T1_P_5_Tue_Mar__7_13_47_55_2023,0.03485268354415891,14.392440795898438,269.7497605033404
WS23_L1_T1_P_5_Tue_Mar__7_13_47_55_2023,0.0348605811595917,14.402551651000977,269.7497605033404
WS23_L1_T1_P_5_Tue_Mar__7_13_47_55_2023,0.0348605811595917,14.402551651000977,269.7497605033404
WS23_L1_T1_P_5_Tue_Mar__7_13_47_55_2023,0.0348605811595917,14.402551651000977,269.7497605033404
WS23_L1_T1_P_5_Tue_Mar__7_13_47_55_2023,0.0348605811595917,14.402551651000977,269.7497605033404
WS23_L1_T1_P_5_Tue_Mar__7_13_47_55_2023,0.0348605811595917,14.402551651000977,269.7497605033404
WS23_L1_T1_P_5_Tue_Mar__7_13_47_55_2023,0.0348605811595917,14.402551651000977,269.7497605033404
WS23_L1_T1_P_5_Tue_Mar__7_13_47_55_2023,0.0348605811595917,14.402551651000977,269.7497605033404
WS23_L1_T1_P_5_Tue_Mar__7_13_47_55_2023,0.0348605811595917,14.402551651000977,269.7497605033404
WS23_L1_T1_P_5_Tue_Mar__7_13_47_55_2023,0.0348605811595917,14.402551651000977,269.7497605033404
WS23_L1_T1_P_5_Tue_Mar__7_13_47_55_2023,0.0348605811595917,14.402551651000977,269.7497605033404
WS23_L1_T1_P_5_Tue_Mar__7_13_47_55_2023,0.0348605811595917,14.402551651000977,269.7497605033404
WS23_L1_T1_P_5_Tue_Mar__7_13_47_55_2023,0.0348605811595917,14.402551651000977,269.7497605033404
WS23_L1_T1_P_5_Tue_Mar__7_13_47_55_2023,0.0348605811595917,14.402551651000977,269.7497605033404
WS23_L1_T1_P_5_Tue_Mar__7_13_47_55_2023,0.0348605811595917,14.402551651000977,269.7497605033404
WS23_L1_T1_P_5_Tue_Mar__7_13_47_55_2023,0.0348605811595917,14.402551651000977,269.7497605033404
WS23_L1_T1_P_5_Tue_Mar__7_13_47_55_2023,0.0348605811595917,14.402551651000977,269.7497605033404
WS23_L1_T1_P_5_Tue_Mar__7_13_47_55_2023,0.0348605811595917,14.402551651000977,269.7497605033404
WS23_L1_T1_P_5_Tue_Mar__7_13_47_55_2023,0.0348605811595917,14.402551651000977,269.7497605033404
WS23_L1_T1_P_5_Tue_Mar__7_13_47_55_2023,0.0348605811595917,14.402551651000977,269.7497605033404
WS23_L1_T1_P_5_Tue_Mar__7_13_47_55_2023,0.0348605811595917,14.402551651000977,269.7497605033404
WS23_L1_T1_P_5_Tue_Mar__7_13_47_55_2023,0.0348605811595917,14.402551651000977,269.7497605033404
WS23_L1_T1_P_5_Tue_Mar__7_13_47_55_2023,0.0348605811595917,14.402551651000977,269.7497605033404
WS23_L1_T1_P_5_Tue_Mar__7_13_47_55_2023,0.0348605811595917,14.402551651000977,269.7497605033404
WS23_L1_T1_P_5_Tue_Mar__7_13_47_55_2023,0.0348605811595917,14.402551651000977,269.7497605033404
WS23_L1_T1_P_5_Tue_Mar__7_13_47_55_2023,0.0348605811595917,14.402551651000977,269.7497605033404
WS23_L1_T1_P_5_Tue_Mar__7_13_47_55_2023,0.0348605811595917,14.402551651000977,269.7497605033404
WS23_L1_T1_P_5_Tue_Mar__7_13_47_55_2023,0.03490445017814631,14.361007690429688,269.7497605033404
WS23_L1_T1_P_5_Tue_Mar__7_13_47_55_2023,0.03490445017814631,14.361007690429688,269.7497605033404
WS23_L1_T1_P_5_Tue_Mar__7_13_47_55_2023,0.03490445017814631,14.361007690429688,269.7497605033404
WS23_L1_T1_P_5_Tue_Mar__7_13_47_55_2023,0.03490445017814631,14.361007690429688,269.7497605033404
WS23_L1_T1_P_5_Tue_Mar__7_13_47_55_2023,0.03490445017814631,14.361007690429688,269.7497605033404
WS23_L1_T1_P_5_Tue_Mar__7_13_47_55_2023,0.03490445017814631,14.361007690429688,269.7497605033404
WS23_L1_T1_P_5_Tue_Mar__7_13_47_55_2023,0.03490445017814631,14.361007690429688,269.7497605033404
WS23_L1_T1_P_5_Tue_Mar__7_13_47_55_2023,0.03490445017814631,14.361007690429688,269.7497605033404
WS23_L1_T1_P_5_Tue_Mar__7_13_47_55_2023,0.03490445017814631,14.361007690429688,269.7497605033404
WS23_L1_T1_P_5_Tue_Mar__7_13_47_55_2023,0.03490445017814631,14.361007690429688,269.7497605033404
WS23_L1_T1_P_5_Tue_Mar__7_13_47_55_2023,0.03490445017814631,14.361007690429688,269.7497605033404
WS23_L1_T1_P_5_Tue_Mar__7_13_47_55_2023,0.03490445017814631,14.361007690429688,269.7497605033404
WS23_L1_T1_P_5_Tue_Mar__7_13_47_55_2023,0.03490445017814631,14.361007690429688,269.7497605033404
WS23_L1_T1_P_5_Tue_Mar__7_13_47_55_2023,0.03490445017814631,14.361007690429688,269.7497605033404
WS23_L1_T1_P_5_Tue_Mar__7_13_47_55_2023,0.03490445017814631,14.361007690429688,269.7497605033404
WS23_L1_T1_P_5_Tue_Mar__7_13_47_55_2023,0.03490445017814631,14.361007690429688,269.7497605033404
WS23_L1_T1_P_5_Tue_Mar__7_13_47_55_2023,0.03490445017814631,14.361007690429688,269.7497605033404
WS23_L1_T1_P_5_Tue_Mar__7_13_47_55_2023,0.03490445017814631,14.361007690429688,269.7497605033404
WS23_L1_T1_P_5_Tue_Mar__7_13_47_55_2023,0.03490445017814631,14.361007690429688,269.7497605033404
WS23_L1_T1_P_5_Tue_Mar__7_13_47_55_2023,0.03490445017814631,14.361007690429688,269.7497605033404
WS23_L1_T1_P_5_Tue_Mar__7_13_47_55_2023,0.03490445017814631,14.361007690429688,269.7497605033404
WS23_L1_T1_P_5_Tue_Mar__7_13_47_55_2023,0.03490445017814631,14.361007690429688,269.7497605033404
WS23_L1_T1_P_5_Tue_Mar__7_13_47_55_2023,0.03490445017814631,14.361007690429688,269.7497605033404
WS23_L1_T1_P_5_Tue_Mar__7_13_47_55_2023,0.03490445017814631,14.361007690429688,269.7497605033404
WS23_L1_T1_P_5_Tue_Mar__7_13_47_55_2023,0.03490445017814631,14.361007690429688,269.7497605033404
WS23_L1_T1_P_5_Tue_Mar__7_13_47_55_2023,0.03490445017814631,14.361007690429688,269.7497605033404
WS23_L1_T1_P_5_Tue_Mar__7_13_47_55_2023,0.03490445017814631,14.361007690429688,269.7497605033404
WS23_L1_T1_P_5_Tue_Mar__7_13_47_55_2023,0.03490445017814631,14.361007690429688,269.7497605033404
WS23_L1_T1_P_5_Tue_Mar__7_13_47_55_2023,0.03490445017814631,14.361007690429688,269.7497605033404
WS23_L1_T1_P_5_Tue_Mar__7_13_47_55_2023,0.03490445017814631,14.361007690429688,269.7497605033404
WS23_L1_T1_P_5_Tue_Mar__7_13_47_55_2023,0.03490445017814631,14.361007690429688,269.7497605033404
WS23_L1_T1_P_5_Tue_Mar__7_13_47_55_2023,0.03490445017814631,14.361007690429688,269.7497605033404
WS23_L1_T1_P_5_Tue_Mar__7_13_47_55_2023,0.03490445017814631,14.361007690429688,269.7497605033404
WS23_L1_T1_P_5_Tue_Mar__7_13_47_55_2023,0.03490445017814631,14.361007690429688,269.7497605033404
WS23_L1_T1_P_5_Tue_Mar__7_13_47_55_2023,0.03490445017814631,14.361007690429688,269.7497605033404
WS23_L1_T1_P_5_Tue_Mar__7_13_47_55_2023,0.03490445017814631,14.361007690429688,269.7497605033404
WS23_L1_T1_P_5_Tue_Mar__7_13_47_55_2023,0.03490445017814631,14.361007690429688,269.7497605033404
WS23_L1_T1_P_5_Tue_Mar__7_13_47_55_2023,0.03490445017814631,14.361007690429688,269.7497605033404
WS23_L1_T1_P_5_Tue_Mar__7_13_47_55_2023,0.03490445017814631,14.361007690429688,269.7497605033404
WS23_L1_T1_P_5_Tue_Mar__7_13_47_55_2023,0.03490445017814631,14.361007690429688,269.7497605033404
WS23_L1_T1_P_5_Tue_Mar__7_13_47_55_2023,0.03490445017814631,14.361007690429688,269.7497605033404
WS23_L1_T1_P_5_Tue_Mar__7_13_47_55_2023,0.03490445017814631,14.361007690429688,269.7497605033404
WS23_L1_T1_P_5_Tue_Mar__7_13_47_55_2023,0.03490445017814631,14.361007690429688,269.7497605033404
WS23_L1_T1_P_5_Tue_Mar__7_13_47_55_2023,0.03490445017814631,14.361007690429688,269.7497605033404
WS23_L1_T1_P_5_Tue_Mar__7_13_47_55_2023,0.03490445017814631,14.361007690429688,269.7497605033404
WS23_L1_T1_P_5_Tue_Mar__7_13_47_55_2023,0.03490445017814631,14.361007690429688,269.7497605033404
WS23_L1_T1_P_5_Tue_Mar__7_13_47_55_2023,0.03490445017814631,14.361007690429688,269.7497605033404
WS23_L1_T1_P_5_Tue_Mar__7_13_47_55_2023,0.03490445017814631,14.361007690429688,269.7497605033404
WS23_L1_T1_P_5_Tue_Mar__7_13_47_55_2023,0.03490445017814631,14.361007690429688,269.7497605033404
WS23_L1_T1_P_5_Tue_Mar__7_13_47_55_2023,0.03490445017814631,14.361007690429688,269.7497605033404
WS23_L1_T1_P_5_Tue_Mar__7_13_47_55_2023,0.03490445017814631,14.361007690429688,269.7497605033404
WS23_L1_T1_P_5_Tue_Mar__7_13_47_55_2023,0.03490445017814631,14.361007690429688,269.7497605033404
WS23_L1_T1_P_5_Tue_Mar__7_13_47_55_2023,0.03490445017814631,14.361007690429688,269.7497605033404
WS23_L1_T1_P_5_Tue_Mar__7_13_47_55_2023,0.03490445017814631,14.361007690429688,269.7497605033404
WS23_L1_T1_P_5_Tue_Mar__7_13_47_55_2023,0.03490445017814631,14.361007690429688,269.7497605033404
WS23_L1_T1_P_5_Tue_Mar__7_13_47_55_2023,0.03490445017814631,14.361007690429688,269.7497605033404
WS23_L1_T1_P_5_Tue_Mar__7_13_47_55_2023,0.03490445017814631,14.361007690429688,269.7497605033404
WS23_L1_T1_P_5_Tue_Mar__7_13_47_55_2023,0.03490445017814631,14.361007690429688,269.7497605033404
WS23_L1_T1_P_5_Tue_Mar__7_13_47_55_2023,0.03490445017814631,14.361007690429688,269.7497605033404
WS23_L1_T1_P_5_Tue_Mar__7_13_47_55_2023,0.03490445017814631,14.361007690429688,269.7497605033404
WS23_L1_T1_P_5_Tue_Mar__7_13_47_55_2023,0.03490445017814631,14.361007690429688,269.7497605033404
WS23_L1_T1_P_5_Tue_Mar__7_13_47_55_2023,0.03490445017814631,14.361007690429688,269.7497605033404
WS23_L1_T1_P_5_Tue_Mar__7_13_47_55_2023,0.03490445017814631,14.361007690429688,269.7497605033404
WS23_L1_T1_P_5_Tue_Mar__7_13_47_55_2023,0.03490445017814631,14.361007690429688,269.7497605033404
WS23_L1_T1_P_5_Tue_Mar__7_13_47_55_2023,0.03490445017814631,14.361007690429688,269.7497605033404
WS23_L1_T1_P_5_Tue_Mar__7_13_47_55_2023,0.03490445017814631,14.361007690429688,269.7497605033404
WS23_L1_T1_P_5_Tue_Mar__7_13_47_55_2023,0.03490445017814631,14.361007690429688,269.7497605033404
WS23_L1_T1_P_5_Tue_Mar__7_13_47_55_2023,0.03490445017814631,14.361007690429688,269.7497605033404
WS23_L1_T1_P_5_Tue_Mar__7_13_47_55_2023,0.03490445017814631,14.361007690429688,269.7497605033404
WS23_L1_T1_P_5_Tue_Mar__7_13_47_55_2023,0.03490445017814631,14.361007690429688,269.7497605033404
WS23_L1_T1_P_5_Tue_Mar__7_13_47_55_2023,0.03490445017814631,14.361007690429688,269.7497605033404
WS23_L1_T1_P_5_Tue_Mar__7_13_47_55_2023,0.03490445017814631,14.361007690429688,269.7497605033404
WS23_L1_T1_P_5_Tue_Mar__7_13_47_55_2023,0.03490445017814631,14.361007690429688,269.7497605033404
WS23_L1_T1_P_5_Tue_Mar__7_13_47_55_2023,0.03490445017814631,14.361007690429688,269.7497605033404
WS23_L1_T1_P_5_Tue_Mar__7_13_47_55_2023,0.03490445017814631,14.361007690429688,269.7497605033404
WS23_L1_T1_P_5_Tue_Mar__7_13_47_55_2023,0.03490445017814631,14.361007690429688,269.7497605033404
WS23_L1_T1_P_5_Tue_Mar__7_13_47_55_2023,0.03490445017814631,14.361007690429688,269.7497605033404
WS23_L1_T1_P_5_Tue_Mar__7_13_47_55_2023,0.03490445017814631,14.361007690429688,269.7497605033404
WS23_L1_T1_P_5_Tue_Mar__7_13_47_55_2023,0.03490445017814631,14.361007690429688,269.7497605033404
WS23_L1_T1_P_5_Tue_Mar__7_13_47_55_2023,0.03490445017814631,14.361007690429688,269.7497605033404
WS23_L1_T1_P_5_Tue_Mar__7_13_47_55_2023,0.03490445017814631,14.361007690429688,269.7497605033404
WS23_L1_T1_P_5_Tue_Mar__7_13_47_55_2023,0.03490445017814631,14.361007690429688,269.7497605033404
WS23_L1_T1_P_5_Tue_Mar__7_13_47_55_2023,0.03490445017814631,14.361007690429688,269.7497605033404
WS23_L1_T1_P_5_Tue_Mar__7_13_47_55_2023,0.03490445017814631,14.361007690429688,269.7497605033404
WS23_L1_T1_P_5_Tue_Mar__7_13_47_55_2023,0.03490445017814631,14.361007690429688,269.7497605033404
WS23_L1_T1_P_5_Tue_Mar__7_13_47_55_2023,0.03490445017814631,14.361007690429688,269.7497605033404
WS23_L1_T1_P_5_Tue_Mar__7_13_47_55_2023,0.03490445017814631,14.361007690429688,269.7497605033404
WS23_L1_T1_P_5_Tue_Mar__7_13_47_55_2023,0.03490445017814631,14.361007690429688,269.7497605033404
WS23_L1_T1_P_5_Tue_Mar__7_13_47_55_2023,0.03490445017814631,14.361007690429688,269.7497605033404
WS23_L1_T1_P_5_Tue_Mar__7_13_47_55_2023,0.03490445017814631,14.361007690429688,269.7497605033404
WS23_L1_T1_P_5_Tue_Mar__7_13_47_55_2023,0.03490445017814631,14.361007690429688,269.7497605033404
WS23_L1_T1_P_5_Tue_Mar__7_13_47_55_2023,0.03490445017814631,14.361007690429688,269.7497605033404
WS23_L1_T1_P_5_Tue_Mar__7_13_47_55_2023,0.03490445017814631,14.361007690429688,269.7497605033404
WS23_L1_T1_P_5_Tue_Mar__7_13_47_55_2023,0.03490445017814631,14.361007690429688,269.7497605033404
WS23_L1_T1_P_5_Tue_Mar__7_13_47_55_2023,0.03490445017814631,14.361007690429688,269.7497605033404
WS23_L1_T1_P_5_Tue_Mar__7_13_47_55_2023,0.03490445017814631,14.361007690429688,269.7497605033404
WS23_L1_T1_P_5_Tue_Mar__7_13_47_55_2023,0.03490445017814631,14.361007690429688,269.7497605033404
WS23_L1_T1_P_5_Tue_Mar__7_13_47_55_2023,0.03490445017814631,14.361007690429688,269.7497605033404
WS23_L1_T1_P_5_Tue_Mar__7_13_47_55_2023,0.03490445017814631,14.361007690429688,269.7497605033404
WS23_L1_T1_P_5_Tue_Mar__7_13_47_55_2023,0.03490445017814631,14.361007690429688,269.7497605033404
WS23_L1_T1_P_5_Tue_Mar__7_13_47_55_2023,0.03490445017814631,14.361007690429688,269.7497605033404
WS23_L1_T1_P_5_Tue_Mar__7_13_47_55_2023,0.03490445017814631,14.361007690429688,269.7497605033404
WS23_L1_T1_P_5_Tue_Mar__7_13_47_55_2023,0.03490445017814631,14.361007690429688,269.7497605033404
WS23_L1_T1_P_5_Tue_Mar__7_13_47_55_2023,0.03490445017814631,14.361007690429688,269.7497605033404
WS23_L1_T1_P_5_Tue_Mar__7_13_47_55_2023,0.03490445017814631,14.361007690429688,269.7497605033404
WS23_L1_T1_P_5_Tue_Mar__7_13_47_55_2023,0.03490445017814631,14.361007690429688,269.7497605033404
WS23_L1_T1_P_5_Tue_Mar__7_13_47_55_2023,0.03490445017814631,14.361007690429688,269.7497605033404
WS23_L1_T1_P_5_Tue_Mar__7_13_47_55_2023,0.03490445017814631,14.361007690429688,269.7497605033404
WS23_L1_T1_P_5_Tue_Mar__7_13_47_55_2023,0.03490445017814631,14.361007690429688,269.7497605033404
WS23_L1_T1_P_5_Tue_Mar__7_13_47_55_2023,0.03490445017814631,14.361007690429688,269.7497605033404
WS23_L1_T1_P_5_Tue_Mar__7_13_47_55_2023,0.03490445017814631,14.361007690429688,269.7497605033404
WS23_L1_T1_P_5_Tue_Mar__7_13_47_55_2023,0.03490445017814631,14.361007690429688,269.7497605033404
WS23_L1_T1_P_5_Tue_Mar__7_13_47_55_2023,0.03490445017814631,14.361007690429688,269.7497605033404
WS23_L1_T1_P_5_Tue_Mar__7_13_47_55_2023,0.03490445017814631,14.361007690429688,269.7497605033404
WS23_L1_T1_P_5_Tue_Mar__7_13_47_55_2023,0.03490445017814631,14.361007690429688,269.7497605033404
WS23_L1_T1_P_5_Tue_Mar__7_13_47_55_2023,0.03490445017814631,14.361007690429688,269.7497605033404
WS23_L1_T1_P_5_Tue_Mar__7_13_47_55_2023,0.03490445017814631,14.361007690429688,269.7497605033404
WS23_L1_T1_P_5_Tue_Mar__7_13_47_55_2023,0.03490445017814631,14.361007690429688,269.7497605033404
WS23_L1_T1_P_5_Tue_Mar__7_13_47_55_2023,0.03490445017814631,14.361007690429688,269.7497605033404
WS23_L1_T1_P_5_Tue_Mar__7_13_47_55_2023,0.03490445017814631,14.361007690429688,269.7497605033404
WS23_L1_T1_P_5_Tue_Mar__7_13_47_55_2023,0.03490445017814631,14.361007690429688,269.7497605033404
WS23_L1_T1_P_5_Tue_Mar__7_13_47_55_2023,0.03490445017814631,14.361007690429688,269.7497605033404
WS23_L1_T1_P_5_Tue_Mar__7_13_47_55_2023,0.03490445017814631,14.361007690429688,269.7497605033404
WS23_L1_T1_P_5_Tue_Mar__7_13_47_55_2023,0.03490445017814631,14.361007690429688,269.7497605033404
WS23_L1_T1_P_5_Tue_Mar__7_13_47_55_2023,0.03490445017814631,14.361007690429688,269.7497605033404
WS23_L1_T1_P_5_Tue_Mar__7_13_47_55_2023,0.03490445017814631,14.361007690429688,269.7497605033404
WS23_L1_T1_P_5_Tue_Mar__7_13_47_55_2023,0.03490445017814631,14.361007690429688,269.7497605033404
WS23_L1_T1_P_5_Tue_Mar__7_13_47_55_2023,0.03490445017814631,14.361007690429688,269.7497605033404
WS23_L1_T1_P_5_Tue_Mar__7_13_47_55_2023,0.03494858741760251,14.29933738708496,269.7497605033404
