scenario,real_time_plot,extrude_speed_slider,extrude_angle_slider,extrude_length_slider,down_length_slider,down_speed_slider,delay_after_down,shear_length,shear_speed,delay_after_shear,back_speed,moving_speed,moving_step_angle,time_delay,variable1,variable3,search_start,search_end,ground_height,extrude_back_speed
leg,True,1.0,0.0,5.0,4.0,1.0,3.0,17.0,1.0,0.0,1.0,10.0,5.0,0.0,14.4,0.0,16.8,27.0,18.6,2.0
time,toeforce_x,toeforce_y,toeforce_x_loadcell,toeforce_yloadcell,toe_position_x,toe_position_y,toe_velocity_x,toe_velocity_y,position,position1,torque,torque1,theta command,length command,state flag,current
0.004072666168212891,-0.2923382520675659,-0.9857274889945984,0.0,0.0,-0.0008414326002821326,-0.18678584694862366,0.0,0.0,-0.14565619927963597,-0.11696603507628014,-0.02572636865079403,0.07950159162282944,0.0,0.0,0.0,0.0
0.005991458892822266,-0.2923382520675659,-0.9857274889945984,0.0,0.0,-0.0008414326002821326,-0.18678584694862366,0.0,0.0,-0.14565619927963597,-0.11696603507628014,-0.02572636865079403,0.07950159162282944,0.0,0.0,0.0,0.0
0.00804901123046875,-0.2923382520675659,-0.9857274889945984,0.0,0.0,-0.0008414326002821326,-0.18678584694862366,0.0,0.0,-0.14565619927963597,-0.11696603507628014,-0.02572636865079403,0.07950159162282944,0.0,0.0,0.0,0.0
0.009395599365234375,-0.2923382520675659,-0.9857274889945984,0.0,0.0,-0.0008414326002821326,-0.18678584694862366,0.0,0.0,-0.14565619927963597,-0.11696603507628014,-0.02572636865079403,0.07950159162282944,0.0,0.0,0.0,0.0
0.010946273803710938,-0.2923382520675659,-0.9857274889945984,0.0,0.0,-0.0008414326002821326,-0.18678584694862366,0.0,0.0,-0.14565619927963597,-0.11696603507628014,6.984919309616089e-07,1.0477378964424133e-06,0.0,0.0,0.0,0.0
0.012207984924316406,-0.2923382520675659,-0.9857274889945984,0.0,0.0,-0.0008414326002821326,-0.18678584694862366,0.0,0.0,-0.14565619927963597,-0.11696603507628014,6.984919309616089e-07,1.0477378964424133e-06,0.0,0.0,0.0,0.0
0.013451814651489258,-0.2923382520675659,-0.9857274889945984,0.0,0.0,-0.0008414326002821326,-0.18678584694862366,0.0,0.0,-0.14565619927963597,-0.11696603507628014,6.984919309616089e-07,1.0477378964424133e-06,0.0,0.0,0.0,0.0
0.014685869216918945,-0.2923382520675659,-0.9857274889945984,0.0,0.0,-0.0008414326002821326,-0.18678584694862366,0.0,0.0,-0.14565619927963597,-0.11696603507628014,6.984919309616089e-07,1.0477378964424133e-06,0.0,0.0,0.0,0.0
0.015987396240234375,-0.2923382520675659,-0.9857274889945984,0.0,0.0,-0.0008414326002821326,-0.18678584694862366,0.0,0.0,-0.14573289129702346,-0.11728720996307476,6.984919309616089e-07,1.0477378964424133e-06,0.0,0.0,0.0,0.0
0.017276525497436523,-0.2923382520675659,-0.9857274889945984,0.0,0.0,-0.0008414326002821326,-0.18678584694862366,0.0,0.0,-0.14573289129702346,-0.11728720996307476,6.984919309616089e-07,1.0477378964424133e-06,0.0,0.0,0.0,0.0
0.01851797103881836,-0.2923382520675659,-0.9857274889945984,0.0,0.0,-0.0008414326002821326,-0.18678584694862366,0.0,0.0,-0.14615953672566095,-0.11826033136605865,-0.006207693368196487,0.013848413713276386,0.0,0.0,0.0,0.0
0.019729137420654297,-0.2923382520675659,-0.9857274889945984,0.0,0.0,-0.0008414326002821326,-0.18678584694862366,0.0,0.0,-0.14615953672566095,-0.11826033136605865,-0.006207693368196487,0.013848413713276386,0.0,0.0,0.0,0.0
0.021108388900756836,-0.2923382520675659,-0.9857274889945984,0.0,0.0,-0.0008414326002821326,-0.18678584694862366,0.0,0.0,-0.1467970881279502,-0.1192957730792193,-0.06729056686162949,0.07917637377977371,0.0,0.0,0.0,0.0
0.022351980209350586,-0.2923382520675659,-0.9857274889945984,0.0,0.0,-0.0008414326002821326,-0.18678584694862366,0.0,0.0,-0.1467970881279502,-0.1192957730792193,-0.06729056686162949,0.07917637377977371,0.0,0.0,0.0,0.0
0.02360391616821289,-0.2923382520675659,-0.9857274889945984,0.0,0.0,-0.0008414326002821326,-0.18678584694862366,0.0,0.0,-0.14719976510677696,-0.11987580254263179,-0.0705234631896019,0.08120770007371902,0.0,0.0,0.0,0.0
0.024863004684448242,-0.2923382520675659,-0.9857274889945984,0.0,0.0,-0.0008414326002821326,-0.18678584694862366,0.0,0.0,-0.14719976510677696,-0.11987580254263179,-0.0705234631896019,0.08120770007371902,0.0,0.0,0.0,0.0
0.02610325813293457,-0.2923382520675659,-0.9857274889945984,0.0,0.0,-0.0008414326002821326,-0.18678584694862366,0.0,0.0,-0.1475161416222716,-0.12040310843846748,-0.07003714889287949,0.08309590816497803,0.0,0.0,0.0,0.0
0.02736973762512207,-0.2923382520675659,-0.9857274889945984,0.0,0.0,-0.0008414326002821326,-0.18678584694862366,0.0,0.0,-0.1475161416222716,-0.12040310843846748,-0.07003714889287949,0.08309590816497803,0.0,0.0,0.0,0.0
0.028628826141357422,-0.2923382520675659,-0.9857274889945984,0.0,0.0,-0.0008414326002821326,-0.18678584694862366,0.0,0.0,-0.14751135495431625,-0.12049898223771033,-0.06743361800909042,0.08100736141204834,0.0,0.0,0.0,0.0
0.03007221221923828,-0.2923382520675659,-0.9857274889945984,0.0,0.0,-0.0008414326002821326,-0.18678584694862366,0.0,0.0,-0.14751135495431625,-0.12049898223771033,-0.06743361800909042,0.08100736141204834,0.0,0.0,0.0,0.0
0.03236722946166992,-0.2923382520675659,-0.9857274889945984,0.0,0.0,-0.0008414326002821326,-0.18678584694862366,0.0,0.0,-0.1468833768879377,-0.1205613025478871,-0.1140773594379425,0.1361112743616104,0.0,0.0,0.0,0.0
0.0336301326751709,-0.2923382520675659,-0.9857274889945984,0.0,0.0,-0.0008414326002821326,-0.18678584694862366,0.0,0.0,-0.14588628703514311,-0.12049898223771033,-0.10369183123111725,0.13493821024894714,0.0,0.0,0.0,0.0
0.03497123718261719,-0.2923382520675659,-0.9857274889945984,0.0,0.0,-0.0008414326002821326,-0.18678584694862366,0.0,0.0,-0.14588628703514311,-0.12049898223771033,-0.10369183123111725,0.13493821024894714,0.0,0.0,0.0,0.0
0.03624272346496582,-9.363401659356896e-06,-3.233767301935586e-06,0.0,0.0,-0.0008414326002821326,-0.18678584694862366,0.0,0.0,-0.1441557719808164,-0.11923345276904253,-0.0921047180891037,0.12203498929738998,0.0,0.0,0.0,0.0
0.03757619857788086,-9.363401659356896e-06,-3.233767301935586e-06,0.0,0.0,-0.0008414326002821326,-0.18678584694862366,0.0,0.0,-0.1441557719808164,-0.11923345276904253,-0.0921047180891037,0.12203498929738998,0.0,0.0,0.0,0.0
0.03914022445678711,-9.363401659356896e-06,-3.233767301935586e-06,0.0,0.0,-0.0008414326002821326,-0.18678584694862366,0.0,0.0,-0.14256905592200933,-0.11794874151851938,-0.07965929806232452,0.10855961591005325,0.0,0.0,0.0,0.0
0.04233193397521973,-9.363401659356896e-06,-3.233767301935586e-06,0.0,0.0,-0.0008414326002821326,-0.18678584694862366,0.0,0.0,-0.14126997296427546,-0.11663047677893015,-0.12845692038536072,0.15777409076690674,0.0,0.0,0.0,0.0
0.044450998306274414,-9.363401659356896e-06,-3.233767301935586e-06,0.0,0.0,-0.0008414326002821326,-0.18678584694862366,0.0,0.0,-0.13941960395755054,-0.11513004948011059,-0.11478118598461151,0.1475602388381958,0.0,0.0,0.0,0.0
0.045717477798461914,-0.06450346112251282,-1.421668529510498,0.0,0.0,-0.000970252207480371,-0.18702273070812225,0.0,0.0,-0.137420637584006,-0.1135049932642821,-0.10230713337659836,0.1379185914993286,0.0,0.0,0.0,0.0
0.04696035385131836,-0.06450346112251282,-1.421668529510498,0.0,0.0,-0.000970252207480371,-0.18702273070812225,0.0,0.0,-0.137420637584006,-0.1135049932642821,-0.10230713337659836,0.1379185914993286,0.0,0.0,0.0,0.0
0.04818582534790039,-0.06450346112251282,-1.421668529510498,0.0,0.0,-0.000970252207480371,-0.18702273070812225,0.0,0.0,-0.13530182896140788,-0.11175049805680003,-0.0875728577375412,0.12487232685089111,0.0,0.0,0.0,0.0
0.049416303634643555,-0.06450346112251282,-1.421668529510498,0.0,0.0,-0.000970252207480371,-0.18702273070812225,0.0,0.0,-0.13530182896140788,-0.11175049805680003,-0.0875728577375412,0.12487232685089111,0.0,0.0,0.0,0.0
0.050644874572753906,-0.06450346112251282,-1.421668529510498,0.0,0.0,-0.000970252207480371,-0.18702273070812225,0.0,0.0,-0.13291935568754729,-0.11010626005911618,-0.12840023636817932,0.1745251566171646,0.0,0.0,0.0,0.0
0.05187201499938965,-0.06450346112251282,-1.421668529510498,0.0,0.0,-0.000970252207480371,-0.18702273070812225,0.0,0.0,-0.13291935568754729,-0.11010626005911618,-0.12840023636817932,0.1745251566171646,0.0,0.0,0.0,0.0
0.05327415466308594,-0.06450346112251282,-1.421668529510498,0.0,0.0,-0.000970252207480371,-0.18702273070812225,0.0,0.0,-0.13052251070647597,-0.1082271359346252,-0.11257881671190262,0.16165052354335785,0.0,0.0,0.0,0.0
0.054550886154174805,-0.06450346112251282,-1.421668529510498,0.0,0.0,-0.000970252207480371,-0.18702273070812225,0.0,0.0,-0.13052251070647597,-0.1082271359346252,-0.11257881671190262,0.16165052354335785,0.0,0.0,0.0,0.0
0.055761098861694336,-0.13113617897033691,-2.3438236713409424,0.0,0.0,-0.0010640915716066957,-0.18704189360141754,0.0,0.0,-0.1272867699820297,-0.10611312568332708,-0.08780232071876526,0.14668738842010498,0.0,0.0,0.0,0.0
0.05700111389160156,-0.13113617897033691,-2.3438236713409424,0.0,0.0,-0.0010640915716066957,-0.18704189360141754,0.0,0.0,-0.1272867699820297,-0.10611312568332708,-0.08780232071876526,0.14668738842010498,0.0,0.0,0.0,0.0
0.05838799476623535,-0.13113617897033691,-2.3438236713409424,0.0,0.0,-0.0010640915716066957,-0.18704189360141754,0.0,0.0,-0.12406541266813878,-0.10374503582002184,-0.07046456634998322,0.13075147569179535,0.0,0.0,0.0,0.0
0.05966806411743164,-0.13113617897033691,-2.3438236713409424,0.0,0.0,-0.0010640915716066957,-0.18704189360141754,0.0,0.0,-0.12406541266813878,-0.10374503582002184,-0.07046456634998322,0.13075147569179535,0.0,0.0,0.0,0.0
0.0608978271484375,-0.13113617897033691,-2.3438236713409424,0.0,0.0,-0.0010640915716066957,-0.18704189360141754,0.0,0.0,-0.12112209171272106,-0.10130983897858446,-0.10747037827968597,0.17318224906921387,0.0,0.0,0.0,0.0
0.06212282180786133,-0.13113617897033691,-2.3438236713409424,0.0,0.0,-0.0010640915716066957,-0.18704189360141754,0.0,0.0,-0.12112209171272106,-0.10130983897858446,-0.10747037827968597,0.17318224906921387,0.0,0.0,0.0,0.0
0.06389021873474121,-0.13113617897033691,-2.3438236713409424,0.0,0.0,-0.0010640915716066957,-0.18704189360141754,0.0,0.0,-0.11743095044187124,-0.09870207632051672,-0.08129201829433441,0.15470005571842194,0.0,0.0,0.0,0.0
0.06756401062011719,-0.17471209168434143,-2.686272382736206,0.0,0.0,-0.0012181419879198074,-0.18653219938278198,0.0,0.0,-0.11395552521931784,-0.09574437195454365,-0.05826076120138168,0.13495899736881256,0.0,0.0,0.0,0.0
0.06880426406860352,-0.17471209168434143,-2.686272382736206,0.0,0.0,-0.0012181419879198074,-0.18653219938278198,0.0,0.0,-0.11020686200959123,-0.09269078793765541,-0.03588757663965225,0.12008167058229446,0.0,0.0,0.0,0.0
0.07001709938049316,-0.17471209168434143,-2.686272382736206,0.0,0.0,-0.0012181419879198074,-0.18653219938278198,0.0,0.0,-0.11020686200959123,-0.09269078793765541,-0.03588757663965225,0.12008167058229446,0.0,0.0,0.0,0.0
0.07122349739074707,-0.17471209168434143,-2.686272382736206,0.0,0.0,-0.0012181419879198074,-0.18653219938278198,0.0,0.0,-0.10672184004443783,-0.0899296236897957,-0.07698165625333786,0.1609293669462204,0.0,0.0,0.0,0.0
0.07249331474304199,-0.17471209168434143,-2.686272382736206,0.0,0.0,-0.0012181419879198074,-0.18653219938278198,0.0,0.0,-0.10672184004443783,-0.0899296236897957,-0.07698165625333786,0.1609293669462204,0.0,0.0,0.0,0.0
0.07373785972595215,-0.17471209168434143,-2.686272382736206,0.0,0.0,-0.0012181419879198074,-0.18653219938278198,0.0,0.0,-0.10374016722865405,-0.08772931882683778,-0.05526646971702576,0.14550846815109253,0.0,0.0,0.0,0.0
0.0749669075012207,-0.17471209168434143,-2.686272382736206,0.0,0.0,-0.0012181419879198074,-0.18653219938278198,0.0,0.0,-0.10374016722865405,-0.08772931882683778,-0.05526646971702576,0.14550846815109253,0.0,0.0,0.0,0.0
0.07678437232971191,-0.28441131114959717,-2.5825891494750977,0.0,0.0,-0.0014288845704868436,-0.1855127513408661,0.0,0.0,-0.10041813774422027,-0.08495377116842273,-0.035668473690748215,0.12988728284835815,0.0,0.0,0.0,0.0
0.07818818092346191,-0.28441131114959717,-2.5825891494750977,0.0,0.0,-0.0014288845704868436,-0.1855127513408661,0.0,0.0,-0.09696668682314989,-0.0820967331213202,-0.018759826198220253,0.10937374830245972,0.0,0.0,0.0,0.0
0.07941770553588867,-0.28441131114959717,-2.5825891494750977,0.0,0.0,-0.0014288845704868436,-0.1855127513408661,0.0,0.0,-0.09696668682314989,-0.0820967331213202,-0.018759826198220253,0.10937374830245972,0.0,0.0,0.0,0.0
0.08066844940185547,-0.28441131114959717,-2.5825891494750977,0.0,0.0,-0.0014288845704868436,-0.1855127513408661,0.0,0.0,-0.09407129691568128,-0.07982932128023013,-0.05780642852187157,0.15856721997261047,0.0,0.0,0.0,0.0
0.08191394805908203,-0.28441131114959717,-2.5825891494750977,0.0,0.0,-0.0014288845704868436,-0.1855127513408661,0.0,0.0,-0.09407129691568128,-0.07982932128023013,-0.05780642852187157,0.15856721997261047,0.0,0.0,0.0,0.0
0.08318638801574707,-0.28441131114959717,-2.5825891494750977,0.0,0.0,-0.0014288845704868436,-0.1855127513408661,0.0,0.0,-0.09121425886857874,-0.07750438164859094,-0.04418797418475151,0.14494876563549042,0.0,0.0,0.0,0.0
0.08440661430358887,-0.28441131114959717,-2.5825891494750977,0.0,0.0,-0.0014288845704868436,-0.1855127513408661,0.0,0.0,-0.09121425886857874,-0.07750438164859094,-0.04418797418475151,0.14494876563549042,0.0,0.0,0.0,0.0
0.08565902709960938,-0.41944244503974915,-2.2310359477996826,0.0,0.0,-0.0017483666306361556,-0.18431301414966583,0.0,0.0,-0.08879823795732439,-0.07543829659356963,-0.0313991904258728,0.13570766150951385,0.0,0.0,0.0,0.0
0.08726692199707031,-0.41944244503974915,-2.2310359477996826,0.0,0.0,-0.0017483666306361556,-0.18431301414966583,0.0,0.0,-0.08879823795732439,-0.07543829659356963,-0.0313991904258728,0.13570766150951385,0.0,0.0,0.0,0.0
0.0910634994506836,-0.41944244503974915,-2.2310359477996826,0.0,0.0,-0.0017483666306361556,-0.18431301414966583,0.0,0.0,-0.08359229182877197,-0.07007895472689755,-0.05826351419091225,0.16174747049808502,0.0,0.0,0.0,0.0
0.09251904487609863,-0.41944244503974915,-2.2310359477996826,0.0,0.0,-0.0017483666306361556,-0.18431301414966583,0.0,0.0,-0.08359229182877197,-0.07007895472689755,-0.05826351419091225,0.16174747049808502,0.0,0.0,0.0,0.0
0.09412884712219238,-0.41944244503974915,-2.2310359477996826,0.0,0.0,-0.0017483666306361556,-0.18431301414966583,0.0,0.0,-0.08114750994807922,-0.06738489745717001,-0.04367229714989662,0.14114812016487122,0.0,0.0,0.0,0.0
0.09552812576293945,-0.5137666463851929,-1.9062258005142212,0.0,0.0,-0.0019847603980451822,-0.18301185965538025,0.0,0.0,-0.07859247085758828,-0.0649592915066603,-0.026849495247006416,0.12535525858402252,0.0,0.0,0.0,0.0
0.09694814682006836,-0.5137666463851929,-1.9062258005142212,0.0,0.0,-0.0019847603980451822,-0.18301185965538025,0.0,0.0,-0.07859247085758828,-0.0649592915066603,-0.026849495247006416,0.12535525858402252,0.0,0.0,0.0,0.0
0.0985569953918457,-0.5137666463851929,-1.9062258005142212,0.0,0.0,-0.0019847603980451822,-0.18301185965538025,0.0,0.0,-0.07644010289425177,-0.06222209570861132,-0.016893142834305763,0.10941935330629349,0.0,0.0,0.0,0.0
0.09997272491455078,-0.5137666463851929,-1.9062258005142212,0.0,0.0,-0.0019847603980451822,-0.18301185965538025,0.0,0.0,-0.0744794883810733,-0.059964268906776606,-0.06374172121286392,0.1555192470550537,0.0,0.0,0.0,0.0
0.10139608383178711,-0.5137666463851929,-1.9062258005142212,0.0,0.0,-0.0019847603980451822,-0.18301185965538025,0.0,0.0,-0.0744794883810733,-0.059964268906776606,-0.06374172121286392,0.1555192470550537,0.0,0.0,0.0,0.0
0.10276293754577637,-0.5137666463851929,-1.9062258005142212,0.0,0.0,-0.0019847603980451822,-0.18301185965538025,0.0,0.0,-0.07247572363622874,-0.057337324466853516,-0.05198294296860695,0.1425301730632782,0.0,0.0,0.0,0.0
0.10418343544006348,-0.5137666463851929,-1.9062258005142212,0.0,0.0,-0.0019847603980451822,-0.18301185965538025,0.0,0.0,-0.07247572363622874,-0.057337324466853516,-0.05198294296860695,0.1425301730632782,0.0,0.0,0.0,0.0
0.10564470291137695,-0.5758180618286133,-1.8034240007400513,0.0,0.0,-0.002180997282266617,-0.1818179339170456,0.0,0.0,-0.07028500966419848,-0.05526645274387683,-0.041368529200553894,0.1331460177898407,0.0,0.0,0.0,0.0
0.10708498954772949,-0.5758180618286133,-1.8034240007400513,0.0,0.0,-0.002180997282266617,-0.1818179339170456,0.0,0.0,-0.07028500966419848,-0.05526645274387683,-0.041368529200553894,0.1331460177898407,0.0,0.0,0.0,0.0
0.10868334770202637,-0.5758180618286133,-1.8034240007400513,0.0,0.0,-0.002180997282266617,-0.1818179339170456,0.0,0.0,-0.06901468182423069,-0.053641390676376015,-0.03281405568122864,0.1241910383105278,0.0,0.0,0.0,0.0
0.11014151573181152,-0.5758180618286133,-1.8034240007400513,0.0,0.0,-0.002180997282266617,-0.1818179339170456,0.0,0.0,-0.06778269999295665,-0.051594487403210036,-0.08557379245758057,0.17169365286827087,0.0,0.0,0.0,0.0
0.11161947250366211,-0.5758180618286133,-1.8034240007400513,0.0,0.0,-0.002180997282266617,-0.1818179339170456,0.0,0.0,-0.06778269999295665,-0.051594487403210036,-0.08557379245758057,0.17169365286827087,0.0,0.0,0.0,0.0
0.11533451080322266,-0.5604317784309387,-1.7707068920135498,0.0,0.0,-0.0021636367309838533,-0.18076595664024353,0.0,0.0,-0.06521807586321034,-0.047323307891439265,-0.0715261772274971,0.14422781765460968,0.0,0.0,0.0,0.0
0.1167137622833252,-0.5604317784309387,-1.7707068920135498,0.0,0.0,-0.0021636367309838533,-0.18076595664024353,0.0,0.0,-0.06521807586321034,-0.047323307891439265,-0.0715261772274971,0.14422781765460968,0.0,0.0,0.0,0.0
0.11809086799621582,-0.5604317784309387,-1.7707068920135498,0.0,0.0,-0.0021636367309838533,-0.18076595664024353,0.0,0.0,-0.06387105015418272,-0.04487373056528268,-0.06445944309234619,0.1295221596956253,0.0,0.0,0.0,0.0
0.11932659149169922,-0.5604317784309387,-1.7707068920135498,0.0,0.0,-0.0021636367309838533,-0.18076595664024353,0.0,0.0,-0.06387105015418272,-0.04487373056528268,-0.06445944309234619,0.1295221596956253,0.0,0.0,0.0,0.0
0.12060141563415527,-0.5604317784309387,-1.7707068920135498,0.0,0.0,-0.0021636367309838533,-0.18076595664024353,0.0,0.0,-0.06245691161535065,-0.042587142794009575,-0.11399976909160614,0.1712452620267868,0.0,0.0,0.0,0.0
0.12187981605529785,-0.5604317784309387,-1.7707068920135498,0.0,0.0,-0.0021636367309838533,-0.18076595664024353,0.0,0.0,-0.06245691161535065,-0.042587142794009575,-0.11399976909160614,0.1712452620267868,0.0,0.0,0.0,0.0
0.12314319610595703,-0.5604317784309387,-1.7707068920135498,0.0,0.0,-0.0021636367309838533,-0.18076595664024353,0.0,0.0,-0.06129684098518106,-0.040142360913316834,-0.10759108513593674,0.15688292682170868,0.0,0.0,0.0,0.0
0.1243753433227539,-0.5604317784309387,-1.7707068920135498,0.0,0.0,-0.0021636367309838533,-0.18076595664024353,0.0,0.0,-0.06129684098518106,-0.040142360913316834,-0.10759108513593674,0.15688292682170868,0.0,0.0,0.0,0.0
0.12607192993164062,-0.5247417688369751,-1.8731662034988403,0.0,0.0,-0.00202834396623075,-0.17979633808135986,0.0,0.0,-0.05979162116673381,-0.037376401219993305,-0.0985502377152443,0.1405750960111618,0.0,0.0,0.0,0.0
0.12758970260620117,-0.5247417688369751,-1.8731662034988403,0.0,0.0,-0.00202834396623075,-0.17979633808135986,0.0,0.0,-0.058372690108274054,-0.03471590329100415,-0.08710616081953049,0.12887351214885712,0.0,0.0,0.0,0.0
0.12883853912353516,-0.5247417688369751,-1.8731662034988403,0.0,0.0,-0.00202834396623075,-0.17979633808135986,0.0,0.0,-0.058372690108274054,-0.03471590329100415,-0.08710616081953049,0.12887351214885712,0.0,0.0,0.0,0.0
0.13006353378295898,-0.5247417688369751,-1.8731662034988403,0.0,0.0,-0.00202834396623075,-0.17979633808135986,0.0,0.0,-0.057025658547574125,-0.032175247611068554,-0.13810622692108154,0.17024682462215424,0.0,0.0,0.0,0.0
0.13131046295166016,-0.5247417688369751,-1.8731662034988403,0.0,0.0,-0.00202834396623075,-0.17979633808135986,0.0,0.0,-0.057025658547574125,-0.032175247611068554,-0.13810622692108154,0.17024682462215424,0.0,0.0,0.0,0.0
0.1327667236328125,-0.5247417688369751,-1.8731662034988403,0.0,0.0,-0.00202834396623075,-0.17979633808135986,0.0,0.0,-0.055376633881934915,-0.029601035516230733,-0.1274632215499878,0.15648530423641205,0.0,0.0,0.0,0.0
0.1339890956878662,-0.5247417688369751,-1.8731662034988403,0.0,0.0,-0.00202834396623075,-0.17979633808135986,0.0,0.0,-0.055376633881934915,-0.029601035516230733,-0.1274632215499878,0.15648530423641205,0.0,0.0,0.0,0.0
0.13575410842895508,-0.4836919903755188,-2.3796772956848145,0.0,0.0,-0.0018759423401206732,-0.17911352217197418,0.0,0.0,-0.05339683758690108,-0.02667209211969605,-0.11358728259801865,0.13313935697078705,0.0,0.0,0.0,0.0
0.13840794563293457,-0.4836919903755188,-2.3796772956848145,0.0,0.0,-0.0018759423401206732,-0.17911352217197418,0.0,0.0,-0.05339683758690108,-0.02667209211969605,-0.11358728259801865,0.13313935697078705,0.0,0.0,0.0,0.0
0.1400141716003418,-0.4836919903755188,-2.3796772956848145,0.0,0.0,-0.0018759423401206732,-0.17911352217197418,0.0,0.0,-0.0477882203311942,-0.019213108783100424,-0.1281055510044098,0.14317908883094788,0.0,0.0,0.0,0.0
0.14122557640075684,-0.4836919903755188,-2.3796772956848145,0.0,0.0,-0.0018759423401206732,-0.17911352217197418,0.0,0.0,-0.0477882203311942,-0.019213108783100424,-0.1281055510044098,0.14317908883094788,0.0,0.0,0.0,0.0
0.14241504669189453,-0.4836919903755188,-2.3796772956848145,0.0,0.0,-0.0018759423401206732,-0.17911352217197418,0.0,0.0,-0.04504143656805371,-0.015675366176206396,-0.11174049228429794,0.12080589681863785,0.0,0.0,0.0,0.0
0.14361953735351562,-0.4836919903755188,-2.3796772956848145,0.0,0.0,-0.0018759423401206732,-0.17911352217197418,0.0,0.0,-0.04504143656805371,-0.015675366176206396,-0.11174049228429794,0.12080589681863785,0.0,0.0,0.0,0.0
0.14498686790466309,-0.4836919903755188,-2.3796772956848145,0.0,0.0,-0.0018759423401206732,-0.17911352217197418,0.0,0.0,-0.04160915279965789,-0.01177809609069263,-0.09191358089447021,0.09771744161844254,0.0,0.0,0.0,0.0
0.1464402675628662,-0.2976619303226471,-2.5705549716949463,0.0,0.0,-0.0014754208968952298,-0.1783381998538971,0.0,0.0,-0.04160915279965789,-0.01177809609069263,-0.09191358089447021,0.09771744161844254,0.0,0.0,0.0,0.0
0.14785981178283691,-0.2976619303226471,-2.5705549716949463,0.0,0.0,-0.0014754208968952298,-0.1783381998538971,0.0,0.0,-0.03860351153406339,-0.008403338649927835,-0.07380331307649612,0.08286872506141663,0.0,0.0,0.0,0.0
0.14907407760620117,-0.2976619303226471,-2.5705549716949463,0.0,0.0,-0.0014754208968952298,-0.1783381998538971,0.0,0.0,-0.03860351153406339,-0.008403338649927835,-0.07380331307649612,0.08286872506141663,0.0,0.0,0.0,0.0
0.15032505989074707,-0.2976619303226471,-2.5705549716949463,0.0,0.0,-0.0014754208968952298,-0.1783381998538971,0.0,0.0,-0.03619707858790056,-0.005464806556842596,-0.12097035348415375,0.12686747312545776,0.0,0.0,0.0,0.0
0.15155649185180664,-0.2976619303226471,-2.5705549716949463,0.0,0.0,-0.0014754208968952298,-0.1783381998538971,0.0,0.0,-0.03619707858790056,-0.005464806556842596,-0.12097035348415375,0.12686747312545776,0.0,0.0,0.0,0.0
0.15299344062805176,-0.2976619303226471,-2.5705549716949463,0.0,0.0,-0.0014754208968952298,-0.1783381998538971,0.0,0.0,-0.03384817050645068,-0.0027611653450482503,-0.10901127010583878,0.11239069700241089,0.0,0.0,0.0,0.0
0.1542220115661621,-0.2976619303226471,-2.5705549716949463,0.0,0.0,-0.0014754208968952298,-0.1783381998538971,0.0,0.0,-0.03384817050645068,-0.0027611653450482503,-0.10901127010583878,0.11239069700241089,0.0,0.0,0.0,0.0
0.15576982498168945,-0.2976619303226471,-2.5705549716949463,0.0,0.0,-0.0014754208968952298,-0.1783381998538971,0.0,0.0,-0.031043861878597236,6.23181157996621e-05,-0.0890413150191307,0.0967981219291687,0.0,0.0,0.0,0.0
0.1585683822631836,-0.18004150688648224,-2.7730836868286133,0.0,0.0,-0.0010582881513983011,-0.17749688029289246,0.0,0.0,-0.027563641210579994,0.0038685080188868132,-0.06618175655603409,0.0677301287651062,0.0,0.0,0.0,0.0
0.1598348617553711,-0.18004150688648224,-2.7730836868286133,0.0,0.0,-0.0010582881513983011,-0.17749688029289246,0.0,0.0,-0.024260790582165417,0.00737269603952621,-0.10211692005395889,0.1102980449795723,0.0,0.0,0.0,0.0
0.16112637519836426,-0.18004150688648224,-2.7730836868286133,0.0,0.0,-0.0010582881513983011,-0.17749688029289246,0.0,0.0,-0.024260790582165417,0.00737269603952621,-0.10211692005395889,0.1102980449795723,0.0,0.0,0.0,0.0
0.1623528003692627,-0.18004150688648224,-2.7730836868286133,0.0,0.0,-0.0010582881513983011,-0.17749688029289246,0.0,0.0,-0.020641554660747734,0.01051735694727539,-0.07982955127954483,0.08918370306491852,0.0,0.0,0.0,0.0
0.16358089447021484,-0.18004150688648224,-2.7730836868286133,0.0,0.0,-0.0010582881513983011,-0.17749688029289246,0.0,0.0,-0.020641554660747734,0.01051735694727539,-0.07982955127954483,0.08918370306491852,0.0,0.0,0.0,0.0
0.16508173942565918,-0.18004150688648224,-2.7730836868286133,0.0,0.0,-0.0010582881513983011,-0.17749688029289246,0.0,0.0,-0.017099016608389868,0.013475064239084624,-0.059316009283065796,0.07542218267917633,0.0,0.0,0.0,0.0
0.16669511795043945,-0.060958605259656906,-2.286294937133789,0.0,0.0,-0.0007344704936258495,-0.1762607991695404,0.0,0.0,-0.017099016608389868,0.013475064239084624,-0.059316009283065796,0.07542218267917633,0.0,0.0,0.0,0.0
0.16797304153442383,-0.060958605259656906,-2.286294937133789,0.0,0.0,-0.0007344704936258495,-0.1762607991695404,0.0,0.0,-0.014342644880157854,0.0160828312859066,-0.04589780047535896,0.06443586200475693,0.0,0.0,0.0,0.0
0.16922307014465332,-0.060958605259656906,-2.286294937133789,0.0,0.0,-0.0007344704936258495,-0.1762607991695404,0.0,0.0,-0.014342644880157854,0.0160828312859066,-0.04589780047535896,0.06443586200475693,0.0,0.0,0.0,0.0
0.170485258102417,-0.060958605259656906,-2.286294937133789,0.0,0.0,-0.0007344704936258495,-0.1762607991695404,0.0,0.0,-0.011591067134471602,0.01785649657189937,-0.09104081243276596,0.11866485327482224,0.0,0.0,0.0,0.0
0.171738862991333,-0.060958605259656906,-2.286294937133789,0.0,0.0,-0.0007344704936258495,-0.1762607991695404,0.0,0.0,-0.011591067134471602,0.01785649657189937,-0.09104081243276596,0.11866485327482224,0.0,0.0,0.0,0.0
0.1730036735534668,-0.060958605259656906,-2.286294937133789,0.0,0.0,-0.0007344704936258495,-0.1762607991695404,0.0,0.0,-0.009088761120524957,0.019352126962337023,-0.07959672063589096,0.11311446875333786,0.0,0.0,0.0,0.0
0.17427325248718262,-0.060958605259656906,-2.286294937133789,0.0,0.0,-0.0007344704936258495,-0.1762607991695404,0.0,0.0,-0.009088761120524957,0.019352126962337023,-0.07959672063589096,0.11311446875333786,0.0,0.0,0.0,0.0
0.17551183700561523,-0.026552408933639526,-2.191215991973877,0.0,0.0,-0.0005788077251054347,-0.17503947019577026,0.0,0.0,-0.006241309575595852,0.02097239651021016,-0.06128615885972977,0.10476026684045792,0.0,0.0,0.0,0.0
0.17678236961364746,-0.026552408933639526,-2.191215991973877,0.0,0.0,-0.0005788077251054347,-0.17503947019577026,0.0,0.0,-0.006241309575595852,0.02097239651021016,-0.06128615885972977,0.10476026684045792,0.0,0.0,0.0,0.0
0.17803573608398438,-0.026552408933639526,-2.191215991973877,0.0,0.0,-0.0005788077251054347,-0.17503947019577026,0.0,0.0,-0.0037965276949031112,0.022765236263467888,-0.04592246934771538,0.09466086328029633,0.0,0.0,0.0,0.0
0.17929649353027344,-0.026552408933639526,-2.191215991973877,0.0,0.0,-0.0005788077251054347,-0.17503947019577026,0.0,0.0,-0.0037965276949031112,0.022765236263467888,-0.04592246934771538,0.09466086328029633,0.0,0.0,0.0,0.0
0.18291997909545898,-0.026552408933639526,-2.191215991973877,0.0,0.0,-0.0005788077251054347,-0.17503947019577026,0.0,0.0,-0.0010497432003035772,0.02442385328295285,-0.0895005613565445,0.144288569688797,0.0,0.0,0.0,0.0
0.1845991611480713,-0.026552408933639526,-2.191215991973877,0.0,0.0,-0.0005788077251054347,-0.17503947019577026,0.0,0.0,0.002267490472936834,0.02663374318516614,-0.06689848750829697,0.13224364817142487,0.0,0.0,0.0,0.0
0.18583345413208008,-0.059361398220062256,-1.6850886344909668,0.0,0.0,-0.000568104675039649,-0.17370645701885223,0.0,0.0,0.005292309131632448,0.028225248837764724,-0.04881681501865387,0.11942627280950546,0.0,0.0,0.0,0.0
0.18706202507019043,-0.059361398220062256,-1.6850886344909668,0.0,0.0,-0.000568104675039649,-0.17370645701885223,0.0,0.0,0.005292309131632448,0.028225248837764724,-0.04881681501865387,0.11942627280950546,0.0,0.0,0.0,0.0
0.1885831356048584,-0.059361398220062256,-1.6850886344909668,0.0,0.0,-0.000568104675039649,-0.17370645701885223,0.0,0.0,0.008202079158090736,0.030564568954123097,-0.03130735456943512,0.10683777183294296,0.0,0.0,0.0,0.0
0.18983960151672363,-0.059361398220062256,-1.6850886344909668,0.0,0.0,-0.000568104675039649,-0.17370645701885223,0.0,0.0,0.008202079158090736,0.030564568954123097,-0.03130735456943512,0.10683777183294296,0.0,0.0,0.0,0.0
0.19137048721313477,-0.059361398220062256,-1.6850886344909668,0.0,0.0,-0.000568104675039649,-0.17370645701885223,0.0,0.0,0.010795465720193513,0.03231906123576899,-0.07857272028923035,0.15473312139511108,0.0,0.0,0.0,0.0
0.1927657127380371,-0.059361398220062256,-1.6850886344909668,0.0,0.0,-0.000568104675039649,-0.17370645701885223,0.0,0.0,0.013623743529316704,0.03418380487554078,-0.05989023670554161,0.14526313543319702,0.0,0.0,0.0,0.0
0.1940305233001709,-0.059361398220062256,-1.6850886344909668,0.0,0.0,-0.000568104675039649,-0.17370645701885223,0.0,0.0,0.013623743529316704,0.03418380487554078,-0.05989023670554161,0.14526313543319702,0.0,0.0,0.0,0.0
0.19538044929504395,-0.2030404657125473,-1.9319969415664673,0.0,0.0,-0.0007994497427716851,-0.17268620431423187,0.0,0.0,0.016936182122822798,0.036206742624732204,-0.04195162281394005,0.13496345281600952,0.0,0.0,0.0,0.0
0.1966536045074463,-0.2030404657125473,-1.9319969415664673,0.0,0.0,-0.0007994497427716851,-0.17268620431423187,0.0,0.0,0.016936182122822798,0.036206742624732204,-0.04195162281394005,0.13496345281600952,0.0,0.0,0.0,0.0
0.1980578899383545,-0.2030404657125473,-1.9319969415664673,0.0,0.0,-0.0007994497427716851,-0.17268620431423187,0.0,0.0,0.019567919082373562,0.03832075872770264,-0.025243250653147697,0.11908478289842606,0.0,0.0,0.0,0.0
0.199293851852417,-0.2030404657125473,-1.9319969415664673,0.0,0.0,-0.0007994497427716851,-0.17268620431423187,0.0,0.0,0.019567919082373562,0.03832075872770264,-0.025243250653147697,0.11908478289842606,0.0,0.0,0.0,0.0
0.20052480697631836,-0.2030404657125473,-1.9319969415664673,0.0,0.0,-0.0007994497427716851,-0.17268620431423187,0.0,0.0,0.022463308989842175,0.040492299695386015,-0.07127532362937927,0.16916272044181824,0.0,0.0,0.0,0.0
0.20175981521606445,-0.2030404657125473,-1.9319969415664673,0.0,0.0,-0.0007994497427716851,-0.17268620431423187,0.0,0.0,0.022463308989842175,0.040492299695386015,-0.07127532362937927,0.16916272044181824,0.0,0.0,0.0,0.0
0.20298409461975098,-0.2030404657125473,-1.9319969415664673,0.0,0.0,-0.0007994497427716851,-0.17268620431423187,0.0,0.0,0.025301174032597844,0.042275552946470306,-0.05468139424920082,0.16003605723381042,0.0,0.0,0.0,0.0
0.2061479091644287,-0.2030404657125473,-1.9319969415664673,0.0,0.0,-0.0007994497427716851,-0.17268620431423187,0.0,0.0,0.025301174032597844,0.042275552946470306,-0.05468139424920082,0.16003605723381042,0.0,0.0,0.0,0.0
0.2080535888671875,-0.3328530490398407,-2.3520073890686035,0.0,0.0,-0.001051671919412911,-0.17203253507614136,0.0,0.0,0.030914583807932397,0.04616323433543351,-0.019061647355556488,0.13989445567131042,0.0,0.0,0.0,0.0
0.20929813385009766,-0.3328530490398407,-2.3520073890686035,0.0,0.0,-0.001051671919412911,-0.17203253507614136,0.0,0.0,0.030914583807932397,0.04616323433543351,-0.019061647355556488,0.13989445567131042,0.0,0.0,0.0,0.0
0.21052956581115723,-0.3328530490398407,-2.3520073890686035,0.0,0.0,-0.001051671919412911,-0.17203253507614136,0.0,0.0,0.033220347509388536,0.048047153905388336,-0.06950508058071136,0.1897323876619339,0.0,0.0,0.0,0.0
0.2117774486541748,-0.3328530490398407,-2.3520073890686035,0.0,0.0,-0.001051671919412911,-0.17203253507614136,0.0,0.0,0.033220347509388536,0.048047153905388336,-0.06950508058071136,0.1897323876619339,0.0,0.0,0.0,0.0
0.21324872970581055,-0.3328530490398407,-2.3520073890686035,0.0,0.0,-0.001051671919412911,-0.17203253507614136,0.0,0.0,0.0354542087872487,0.049748916767785124,-0.05491385981440544,0.18112070858478546,0.0,0.0,0.0,0.0
0.2144761085510254,-0.3328530490398407,-2.3520073890686035,0.0,0.0,-0.001051671919412911,-0.17203253507614136,0.0,0.0,0.0354542087872487,0.049748916767785124,-0.05491385981440544,0.18112070858478546,0.0,0.0,0.0,0.0
0.2157139778137207,-0.46432867646217346,-2.359394073486328,0.0,0.0,-0.001383539172820747,-0.17105278372764587,0.0,0.0,0.037994864467184294,0.05157051895339933,-0.04243980348110199,0.16901858150959015,0.0,0.0,0.0,0.0
0.21695923805236816,-0.46432867646217346,-2.359394073486328,0.0,0.0,-0.001383539172820747,-0.17105278372764587,0.0,0.0,0.037994864467184294,0.05157051895339933,-0.04243980348110199,0.16901858150959015,0.0,0.0,0.0,0.0
0.2182786464691162,-0.46432867646217346,-2.359394073486328,0.0,0.0,-0.001383539172820747,-0.17105278372764587,0.0,0.0,0.04055469607730292,0.05406803025334117,-0.02610335871577263,0.1494205743074417,0.0,0.0,0.0,0.0
0.219512939453125,-0.46432867646217346,-2.359394073486328,0.0,0.0,-0.001383539172820747,-0.17105278372764587,0.0,0.0,0.04055469607730292,0.05406803025334117,-0.02610335871577263,0.1494205743074417,0.0,0.0,0.0,0.0
0.22075772285461426,-0.46432867646217346,-2.359394073486328,0.0,0.0,-0.001383539172820747,-0.17105278372764587,0.0,0.0,0.04281731832460147,0.05677167256232408,-0.07217034697532654,0.19403889775276184,0.0,0.0,0.0,0.0
0.22200775146484375,-0.46432867646217346,-2.359394073486328,0.0,0.0,-0.001383539172820747,-0.17105278372764587,0.0,0.0,0.04281731832460147,0.05677167256232408,-0.07217034697532654,0.19403889775276184,0.0,0.0,0.0,0.0
0.2242274284362793,-0.46432867646217346,-2.359394073486328,0.0,0.0,-0.001383539172820747,-0.17105278372764587,0.0,0.0,0.04533400555472635,0.05973896196755251,-0.058637719601392746,0.1755852997303009,0.0,0.0,0.0,0.0
0.2271404266357422,-0.5996009111404419,-2.44437575340271,0.0,0.0,-0.0016727845650166273,-0.17007364332675934,0.0,0.0,0.04817187059748202,0.06285486044294522,-0.037981122732162476,0.1552719920873642,0.0,0.0,0.0,0.0
0.2283940315246582,-0.5996009111404419,-2.44437575340271,0.0,0.0,-0.0016727845650166273,-0.17007364332675934,0.0,0.0,0.051076848470042145,0.06634466907605398,-0.02324683964252472,0.13687565922737122,0.0,0.0,0.0,0.0
0.22962164878845215,-0.5996009111404419,-2.44437575340271,0.0,0.0,-0.0016727845650166273,-0.17007364332675934,0.0,0.0,0.051076848470042145,0.06634466907605398,-0.02324683964252472,0.13687565922737122,0.0,0.0,0.0,0.0
0.23086118698120117,-0.5996009111404419,-2.44437575340271,0.0,0.0,-0.0016727845650166273,-0.17007364332675934,0.0,0.0,0.0530758148435867,0.06873192901786994,-0.07387824356555939,0.1842118352651596,0.0,0.0,0.0,0.0
0.23210668563842773,-0.5996009111404419,-2.44437575340271,0.0,0.0,-0.0016727845650166273,-0.17007364332675934,0.0,0.0,0.0530758148435867,0.06873192901786994,-0.07387824356555939,0.1842118352651596,0.0,0.0,0.0,0.0
0.23334884643554688,-0.5996009111404419,-2.44437575340271,0.0,0.0,-0.0016727845650166273,-0.17007364332675934,0.0,0.0,0.0553096731956107,0.07149309326572963,-0.06292055547237396,0.16787540912628174,0.0,0.0,0.0,0.0
0.23459362983703613,-0.5996009111404419,-2.44437575340271,0.0,0.0,-0.0016727845650166273,-0.17007364332675934,0.0,0.0,0.0553096731956107,0.07149309326572963,-0.06292055547237396,0.16787540912628174,0.0,0.0,0.0,0.0
0.23583173751831055,-0.740961492061615,-2.648587226867676,0.0,0.0,-0.0019349015783518553,-0.16917487978935242,0.0,0.0,0.05753873902800702,0.07413441526453575,-0.04955954849720001,0.15319836139678955,0.0,0.0,0.0,0.0
0.23705625534057617,-0.740961492061615,-2.648587226867676,0.0,0.0,-0.0019349015783518553,-0.16917487978935242,0.0,0.0,0.05753873902800702,0.07413441526453575,-0.04955954849720001,0.15319836139678955,0.0,0.0,0.0,0.0
0.23831415176391602,-0.740961492061615,-2.648587226867676,0.0,0.0,-0.0019349015783518553,-0.16917487978935242,0.0,0.0,0.059446629973608715,0.07706815118069811,-0.039345718920230865,0.13237009942531586,0.0,0.0,0.0,0.0
0.23952555656433105,-0.740961492061615,-2.648587226867676,0.0,0.0,-0.0019349015783518553,-0.16917487978935242,0.0,0.0,0.059446629973608715,0.07706815118069811,-0.039345718920230865,0.13237009942531586,0.0,0.0,0.0,0.0
0.2407236099243164,-0.740961492061615,-2.648587226867676,0.0,0.0,-0.0019349015783518553,-0.16917487978935242,0.0,0.0,0.06142642041697023,0.0808503737311631,-0.08821666240692139,0.17394839227199554,0.0,0.0,0.0,0.0
0.24196362495422363,-0.740961492061615,-2.648587226867676,0.0,0.0,-0.0019349015783518553,-0.16917487978935242,0.0,0.0,0.06142642041697023,0.0808503737311631,-0.08821666240692139,0.17394839227199554,0.0,0.0,0.0,0.0
0.24330520629882812,-0.740961492061615,-2.648587226867676,0.0,0.0,-0.0019349015783518553,-0.16917487978935242,0.0,0.0,0.0635835808999344,0.08373617859937636,-0.07411180436611176,0.1538640260696411,0.0,0.0,0.0,0.0
0.2445363998413086,-0.740961492061615,-2.648587226867676,0.0,0.0,-0.0019349015783518553,-0.16917487978935242,0.0,0.0,0.0635835808999344,0.08373617859937636,-0.07411180436611176,0.1538640260696411,0.0,0.0,0.0,0.0
0.24578070640563965,-0.756668746471405,-2.7355151176452637,0.0,0.0,-0.001998091582208872,-0.16828283667564392,0.0,0.0,0.06570718789383252,0.086813725214403,-0.06401239335536957,0.13595402240753174,0.0,0.0,0.0,0.0
0.2470412254333496,-0.756668746471405,-2.7355151176452637,0.0,0.0,-0.001998091582208872,-0.16828283667564392,0.0,0.0,0.06570718789383252,0.086813725214403,-0.06401239335536957,0.13595402240753174,0.0,0.0,0.0,0.0
0.24920964241027832,-0.756668746471405,-2.7355151176452637,0.0,0.0,-0.001998091582208872,-0.16828283667564392,0.0,0.0,0.06754796600962976,0.08984333492980821,-0.04950699955224991,0.11758626252412796,0.0,0.0,0.0,0.0
0.2505497932434082,-0.756668746471405,-2.7355151176452637,0.0,0.0,-0.001998091582208872,-0.16828283667564392,0.0,0.0,0.06965718959297251,0.09387483286930802,-0.10635872185230255,0.159444659948349,0.0,0.0,0.0,0.0
0.25182104110717773,-0.756668746471405,-2.7355151176452637,0.0,0.0,-0.001998091582208872,-0.16828283667564392,0.0,0.0,0.06965718959297251,0.09387483286930802,-0.10635872185230255,0.159444659948349,0.0,0.0,0.0,0.0
0.2530937194824219,-0.756668746471405,-2.7355151176452637,0.0,0.0,-0.001998091582208872,-0.16828283667564392,0.0,0.0,0.07180955755630902,0.09722082495188018,-0.09076615422964096,0.13661369681358337,0.0,0.0,0.0,0.0
0.25434160232543945,-0.756668746471405,-2.7355151176452637,0.0,0.0,-0.001998091582208872,-0.16828283667564392,0.0,0.0,0.07180955755630902,0.09722082495188018,-0.09076615422964096,0.13661369681358337,0.0,0.0,0.0,0.0
0.25557422637939453,-0.6893042325973511,-2.672454357147217,0.0,0.0,-0.0018430615309625864,-0.16721075773239136,0.0,0.0,0.07482958223245888,0.10090237533180234,-0.06782074272632599,0.11650067567825317,0.0,0.0,0.0,0.0
0.25684356689453125,-0.6893042325973511,-2.672454357147217,0.0,0.0,-0.0018430615309625864,-0.16721075773239136,0.0,0.0,0.07482958223245888,0.10090237533180234,-0.06782074272632599,0.11650067567825317,0.0,0.0,0.0,0.0
0.258105993270874,-0.6893042325973511,-2.672454357147217,0.0,0.0,-0.0018430615309625864,-0.16721075773239136,0.0,0.0,0.07727436411315161,0.10452640962452002,-0.04976769536733627,0.08934960514307022,0.0,0.0,0.0,0.0
0.2593655586242676,-0.6893042325973511,-2.672454357147217,0.0,0.0,-0.0018430615309625864,-0.16721075773239136,0.0,0.0,0.07727436411315161,0.10452640962452002,-0.04976769536733627,0.08934960514307022,0.0,0.0,0.0,0.0
0.26063108444213867,-0.6893042325973511,-2.672454357147217,0.0,0.0,-0.0018430615309625864,-0.16721075773239136,0.0,0.0,0.07983419572327025,0.10801141988632879,-0.10350656509399414,0.13538703322410583,0.0,0.0,0.0,0.0
0.2618684768676758,-0.6893042325973511,-2.672454357147217,0.0,0.0,-0.0018430615309625864,-0.16721075773239136,0.0,0.0,0.07983419572327025,0.10801141988632879,-0.10350656509399414,0.13538703322410583,0.0,0.0,0.0,0.0
0.26326560974121094,-0.6893042325973511,-2.672454357147217,0.0,0.0,-0.0018430615309625864,-0.16721075773239136,0.0,0.0,0.08264809524205136,0.11154436704775897,-0.08081866055727005,0.11824949830770493,0.0,0.0,0.0,0.0
0.2645134925842285,-0.6893042325973511,-2.672454357147217,0.0,0.0,-0.0018430615309625864,-0.16721075773239136,0.0,0.0,0.0850880787514441,0.11447811466726597,-0.07172061502933502,0.09993897378444672,0.0,0.0,0.0,0.0
0.26576972007751465,-0.5013692378997803,-2.3830671310424805,0.0,0.0,-0.0014563865261152387,-0.16599120199680328,0.0,0.0,0.0850880787514441,0.11447811466726597,-0.07172061502933502,0.09993897378444672,0.0,0.0,0.0,0.0
0.26702880859375,-0.5013692378997803,-2.3830671310424805,0.0,0.0,-0.0014563865261152387,-0.16599120199680328,0.0,0.0,0.0850880787514441,0.11447811466726597,-0.07172061502933502,0.09993897378444672,0.0,0.0,0.0,0.0
0.26827454566955566,-0.5013692378997803,-2.3830671310424805,0.0,0.0,-0.0014563865261152387,-0.16599120199680328,0.0,0.0,0.08738904993327255,0.11778096236984438,-0.05635691061615944,0.08457525819540024,0.0,0.0,0.0,0.0
0.26966190338134766,-0.5013692378997803,-2.3830671310424805,0.0,0.0,-0.0014563865261152387,-0.16599120199680328,0.0,0.0,0.08986739115470369,0.12047981215919962,-0.10555880516767502,0.1332332193851471,0.0,0.0,0.0,0.0
0.2712693214416504,-0.5013692378997803,-2.3830671310424805,0.0,0.0,-0.0014563865261152387,-0.16599120199680328,0.0,0.0,0.08986739115470369,0.12047981215919962,-0.10555880516767502,0.1332332193851471,0.0,0.0,0.0,0.0
0.27537989616394043,-0.2926568388938904,-2.397033452987671,0.0,0.0,-0.001013598870486021,-0.16496169567108154,0.0,0.0,0.09450767952705437,0.12610281282546185,-0.07815022021532059,0.10284918546676636,0.0,0.0,0.0,0.0
0.2767066955566406,-0.2926568388938904,-2.397033452987671,0.0,0.0,-0.001013598870486021,-0.16496169567108154,0.0,0.0,0.09450767952705437,0.12610281282546185,-0.07815022021532059,0.10284918546676636,0.0,0.0,0.0,0.0
0.2779819965362549,-0.2926568388938904,-2.397033452987671,0.0,0.0,-0.001013598870486021,-0.16496169567108154,0.0,0.0,0.09760440792393635,0.12914200758012243,-0.05800861865282059,0.07944601774215698,0.0,0.0,0.0,0.0
0.2792234420776367,-0.2926568388938904,-2.397033452987671,0.0,0.0,-0.001013598870486021,-0.16496169567108154,0.0,0.0,0.09760440792393635,0.12914200758012243,-0.05800861865282059,0.07944601774215698,0.0,0.0,0.0,0.0
0.2807638645172119,-0.2926568388938904,-2.397033452987671,0.0,0.0,-0.001013598870486021,-0.16496169567108154,0.0,0.0,0.10081618019857191,0.13208532853554014,-0.09623710811138153,0.13286888599395752,0.0,0.0,0.0,0.0
0.28199267387390137,-0.2926568388938904,-2.397033452987671,0.0,0.0,-0.001013598870486021,-0.16496169567108154,0.0,0.0,0.10081618019857191,0.13208532853554014,-0.09623710811138153,0.13286888599395752,0.0,0.0,0.0,0.0
0.2835109233856201,-0.2926568388938904,-2.397033452987671,0.0,0.0,-0.001013598870486021,-0.16496169567108154,0.0,0.0,0.1039656321630307,0.13547447670145069,-0.08253282308578491,0.10952293872833252,0.0,0.0,0.0,0.0
0.2847554683685303,-0.2926568388938904,-2.397033452987671,0.0,0.0,-0.001013598870486021,-0.16496169567108154,0.0,0.0,0.1039656321630307,0.13547447670145069,-0.08253282308578491,0.10952293872833252,0.0,0.0,0.0,0.0
0.2865171432495117,-0.23787008225917816,-2.117532253265381,0.0,0.0,-0.0007209084578789771,-0.16377584636211395,0.0,0.0,0.10722054296598768,0.13828837036855948,-0.060502927750349045,0.09659112244844437,0.0,0.0,0.0,0.0
0.2877371311187744,-0.23787008225917816,-2.117532253265381,0.0,0.0,-0.0007209084578789771,-0.16377584636211395,0.0,0.0,0.10988104089497684,0.14083381271645043,-0.04837219789624214,0.08334460854530334,0.0,0.0,0.0,0.0
0.2889547348022461,-0.23787008225917816,-2.117532253265381,0.0,0.0,-0.0007209084578789771,-0.16377584636211395,0.0,0.0,0.10988104089497684,0.14083381271645043,-0.04837219789624214,0.08334460854530334,0.0,0.0,0.0,0.0
0.2901885509490967,-0.23787008225917816,-2.117532253265381,0.0,0.0,-0.0007209084578789771,-0.16377584636211395,0.0,0.0,0.11243129331751243,0.14292866459258247,-0.09989095479249954,0.1388552486896515,0.0,0.0,0.0,0.0
0.29279637336730957,-0.23787008225917816,-2.117532253265381,0.0,0.0,-0.0007209084578789771,-0.16377584636211395,0.0,0.0,0.1149240120978266,0.14506185662573595,-0.0851280614733696,0.12580904364585876,0.0,0.0,0.0,0.0
0.2940495014190674,-0.23787008225917816,-2.117532253265381,0.0,0.0,-0.0007209084578789771,-0.16377584636211395,0.0,0.0,0.1149240120978266,0.14506185662573595,-0.0851280614733696,0.12580904364585876,0.0,0.0,0.0,0.0
0.29526495933532715,-0.23787008225917816,-2.117532253265381,0.0,0.0,-0.0007209084578789771,-0.16377584636211395,0.0,0.0,0.11803511220191931,0.1473628278075644,-0.06095240265130997,0.11327776312828064,0.0,0.0,0.0,0.0
0.2967953681945801,-0.1388317495584488,-2.2933480739593506,0.0,0.0,-0.0005332409054972231,-0.16280896961688995,0.0,0.0,0.11803511220191931,0.1473628278075644,-0.06095240265130997,0.11327776312828064,0.0,0.0,0.0,0.0
0.2981569766998291,-0.1388317495584488,-2.2933480739593506,0.0,0.0,-0.0005332409054972231,-0.16280896961688995,0.0,0.0,0.12093049625771561,0.1497069375177143,-0.04641841724514961,0.09659799188375473,0.0,0.0,0.0,0.0
0.29938197135925293,-0.1388317495584488,-2.2933480739593506,0.0,0.0,-0.0005332409054972231,-0.16280896961688995,0.0,0.0,0.12093049625771561,0.1497069375177143,-0.04641841724514961,0.09659799188375473,0.0,0.0,0.0,0.0
0.3006019592285156,-0.1388317495584488,-2.2933480739593506,0.0,0.0,-0.0005332409054972231,-0.16280896961688995,0.0,0.0,0.1241374818643958,0.15240578730706952,-0.09145147353410721,0.14709104597568512,0.0,0.0,0.0,0.0
0.3018531799316406,-0.1388317495584488,-2.2933480739593506,0.0,0.0,-0.0005332409054972231,-0.16280896961688995,0.0,0.0,0.1241374818643958,0.15240578730706952,-0.09145147353410721,0.14709104597568512,0.0,0.0,0.0,0.0
0.3030860424041748,-0.1388317495584488,-2.2933480739593506,0.0,0.0,-0.0005332409054972231,-0.16280896961688995,0.0,0.0,0.12745951134882957,0.1549751981047712,-0.07334122061729431,0.13378731906414032,0.0,0.0,0.0,0.0
0.30435729026794434,-0.1388317495584488,-2.2933480739593506,0.0,0.0,-0.0005332409054972231,-0.16280896961688995,0.0,0.0,0.12745951134882957,0.1549751981047712,-0.07334122061729431,0.13378731906414032,0.0,0.0,0.0,0.0
0.30608344078063965,-0.17337678372859955,-2.0768494606018066,0.0,0.0,-0.0005004405975341797,-0.16166788339614868,0.0,0.0,0.13038844889369194,0.15747751362768533,-0.051025256514549255,0.11782277375459671,0.0,0.0,0.0,0.0
0.30740880966186523,-0.17337678372859955,-2.0768494606018066,0.0,0.0,-0.0005004405975341797,-0.16166788339614868,0.0,0.0,0.13038844889369194,0.15747751362768533,-0.051025256514549255,0.11782277375459671,0.0,0.0,0.0,0.0
0.30910277366638184,-0.17337678372859955,-2.0768494606018066,0.0,0.0,-0.0005004405975341797,-0.16166788339614868,0.0,0.0,0.1331352355826686,0.15998460411521023,-0.038894541561603546,0.1034032478928566,0.0,0.0,0.0,0.0
0.31044840812683105,-0.17337678372859955,-2.0768494606018066,0.0,0.0,-0.0005004405975341797,-0.16166788339614868,0.0,0.0,0.1358916073109006,0.16203151909172084,-0.09157973527908325,0.15762266516685486,0.0,0.0,0.0,0.0
0.31172609329223633,-0.17337678372859955,-2.0768494606018066,0.0,0.0,-0.0005004405975341797,-0.16166788339614868,0.0,0.0,0.1358916073109006,0.16203151909172084,-0.09157973527908325,0.15762266516685486,0.0,0.0,0.0,0.0
0.3130183219909668,-0.17337678372859955,-2.0768494606018066,0.0,0.0,-0.0005004405975341797,-0.16166788339614868,0.0,0.0,0.13823093035309514,0.16379558763511362,-0.07695989310741425,0.1527303010225296,0.0,0.0,0.0,0.0
0.31463003158569336,-0.17337678372859955,-2.0768494606018066,0.0,0.0,-0.0005004405975341797,-0.16166788339614868,0.0,0.0,0.13823093035309514,0.16379558763511362,-0.07695989310741425,0.1527303010225296,0.0,0.0,0.0,0.0
0.31816840171813965,-0.26180413365364075,-2.2979953289031982,0.0,0.0,-0.0006077172583900392,-0.16072134673595428,0.0,0.0,0.14360944814995025,0.16711283045159203,-0.04454447329044342,0.13456282019615173,0.0,0.0,0.0,0.0
0.31954073905944824,-0.26180413365364075,-2.2979953289031982,0.0,0.0,-0.0006077172583900392,-0.16072134673595428,0.0,0.0,0.14360944814995025,0.16711283045159203,-0.04454447329044342,0.13456282019615173,0.0,0.0,0.0,0.0
0.32080793380737305,-0.26180413365364075,-2.2979953289031982,0.0,0.0,-0.0006077172583900392,-0.16072134673595428,0.0,0.0,0.1462124241400626,0.169159733724758,-0.02900916524231434,0.12074404209852219,0.0,0.0,0.0,0.0
0.3222205638885498,-0.26180413365364075,-2.2979953289031982,0.0,0.0,-0.0006077172583900392,-0.16072134673595428,0.0,0.0,0.14886812369775176,0.17091901560019543,-0.010155036114156246,0.11230405420064926,0.0,0.0,0.0,0.0
0.323697566986084,-0.26180413365364075,-2.2979953289031982,0.0,0.0,-0.0006077172583900392,-0.16072134673595428,0.0,0.0,0.14886812369775176,0.17091901560019543,-0.010155036114156246,0.11230405420064926,0.0,0.0,0.0,0.0
0.3251068592071533,-0.26180413365364075,-2.2979953289031982,0.0,0.0,-0.0006077172583900392,-0.16072134673595428,0.0,0.0,0.15149026976637486,0.17292278034503997,0.004665079060941935,0.0959390252828598,0.0,0.0,0.0,0.0
0.3267807960510254,-0.39009231328964233,-2.2746171951293945,0.0,0.0,-0.0008131723152473569,-0.15969489514827728,0.0,0.0,0.15149026976637486,0.17292278034503997,0.004665079060941935,0.0959390252828598,0.0,0.0,0.0,0.0
0.32821226119995117,-0.39009231328964233,-2.2746171951293945,0.0,0.0,-0.0008131723152473569,-0.15969489514827728,0.0,0.0,0.15415556606666403,0.17465809377066668,0.017396658658981323,0.08953028172254562,0.0,0.0,0.0,0.0
0.32955002784729004,-0.39009231328964233,-2.2746171951293945,0.0,0.0,-0.0008131723152473569,-0.15969489514827728,0.0,0.0,0.15415556606666403,0.17465809377066668,0.017396658658981323,0.08953028172254562,0.0,0.0,0.0,0.0
0.3308103084564209,-0.39009231328964233,-2.2746171951293945,0.0,0.0,-0.0008131723152473569,-0.15969489514827728,0.0,0.0,0.15608262709077642,0.17621124463706303,0.02457783930003643,0.084981270134449,0.0,0.0,0.0,0.0
0.3320953845977783,-0.39009231328964233,-2.2746171951293945,0.0,0.0,-0.0008131723152473569,-0.15969489514827728,0.0,0.0,0.15608262709077642,0.17621124463706303,0.02457783930003643,0.084981270134449,0.0,0.0,0.0,0.0
0.33338427543640137,-0.39009231328964233,-2.2746171951293945,0.0,0.0,-0.0008131723152473569,-0.15969489514827728,0.0,0.0,0.15721874097447994,0.177227516271713,0.026408923789858818,0.0792592316865921,0.0,0.0,0.0,0.0
0.33466625213623047,-0.39009231328964233,-2.2746171951293945,0.0,0.0,-0.0008131723152473569,-0.15969489514827728,0.0,0.0,0.15721874097447994,0.177227516271713,0.026408923789858818,0.0792592316865921,0.0,0.0,0.0,0.0
0.3363974094390869,-0.49254074692726135,-2.5405776500701904,0.0,0.0,-0.0009635839378461242,-0.15880608558654785,0.0,0.0,0.1579809447004674,0.1776253831758951,0.02763918973505497,0.07851539552211761,0.0,0.0,0.0,0.0
0.33846473693847656,-0.49254074692726135,-2.5405776500701904,0.0,0.0,-0.0009635839378461242,-0.15880608558654785,0.0,0.0,0.15826856609819595,0.1782198077532076,0.025722254067659378,0.07822926342487335,0.0,0.0,0.0,0.0
0.3406987190246582,-0.49254074692726135,-2.5405776500701904,0.0,0.0,-0.0009635839378461242,-0.15880608558654785,0.0,0.0,0.1582493843163406,0.1784546938800147,0.0217454694211483,0.07848675549030304,0.0,0.0,0.0,0.0
0.34273767471313477,-0.49254074692726135,-2.5405776500701904,0.0,0.0,-0.0009635839378461242,-0.15880608558654785,0.0,0.0,0.1582493843163406,0.1784546938800147,0.0217454694211483,0.07848675549030304,0.0,0.0,0.0,0.0
0.34465885162353516,-0.49254074692726135,-2.5405776500701904,0.0,0.0,-0.0009635839378461242,-0.15880608558654785,0.0,0.0,0.15783713400160312,0.17849304574038077,0.01645258627831936,0.08074698597192764,0.0,0.0,0.0,0.0
0.3465089797973633,-0.5921168923377991,-1.6625875234603882,0.0,0.0,-0.0011669760569930077,-0.15820367634296417,0.0,0.0,0.15657639120089067,0.17847866232982543,0.002948542358353734,0.08166251331567764,0.0,0.0,0.0,0.0
0.3481781482696533,-0.5921168923377991,-1.6625875234603882,0.0,0.0,-0.0011669760569930077,-0.15820367634296417,0.0,0.0,0.15519100777982467,0.17813351899322008,-0.007980593480169773,0.08612570911645889,0.0,0.0,0.0,0.0
0.34986233711242676,-0.5921168923377991,-1.6625875234603882,0.0,0.0,-0.0011669760569930077,-0.15820367634296417,0.0,0.0,0.15344610931494262,0.17748637084833083,-0.021341543644666672,0.09239135682582855,0.0,0.0,0.0,0.0
0.35146093368530273,-0.5921168923377991,-1.6625875234603882,0.0,0.0,-0.0011669760569930077,-0.15820367634296417,0.0,0.0,0.15344610931494262,0.17748637084833083,-0.021341543644666672,0.09239135682582855,0.0,0.0,0.0,0.0
0.35303807258605957,-0.5921168923377991,-1.6625875234603882,0.0,0.0,-0.0011669760569930077,-0.15820367634296417,0.0,0.0,0.15192171356631234,0.176719380454388,-0.032213445752859116,0.09777004271745682,0.0,0.0,0.0,0.0
0.3546438217163086,-0.5921168923377991,-1.6625875234603882,0.0,0.0,-0.0011669760569930077,-0.15820367634296417,0.0,0.0,0.15192171356631234,0.176719380454388,-0.032213445752859116,0.09777004271745682,0.0,0.0,0.0,0.0
0.3563263416290283,-0.6767463088035583,-0.5867308378219604,0.0,0.0,-0.001391884288750589,-0.15734821557998657,0.0,0.0,0.15028707231122848,0.1761393392876309,-0.038135774433612823,0.10191851854324341,0.0,0.0,0.0,0.0
0.3578450679779053,-0.6767463088035583,-0.5867308378219604,0.0,0.0,-0.001391884288750589,-0.15734821557998657,0.0,0.0,0.14891607230071782,0.17625918153668446,-0.046175267547369,0.09625373780727386,0.0,0.0,0.0,0.0
0.3595545291900635,-0.6767463088035583,-0.5867308378219604,0.0,0.0,-0.001391884288750589,-0.15734821557998657,0.0,0.0,0.14891607230071782,0.17625918153668446,-0.046175267547369,0.09625373780727386,0.0,0.0,0.0,0.0
0.36154985427856445,-0.6767463088035583,-0.5867308378219604,0.0,0.0,-0.001391884288750589,-0.15734821557998657,0.0,0.0,0.14824015733471788,0.17625918153668446,-0.0478346161544323,0.09490905702114105,0.0,0.0,0.0,0.0
0.3635892868041992,-0.6767463088035583,-0.5867308378219604,0.0,0.0,-0.001391884288750589,-0.15734821557998657,0.0,0.0,0.14788063058755718,0.17625918153668446,-0.04548858851194382,0.09490905702114105,0.0,0.0,0.0,0.0
0.36542463302612305,-0.6429381966590881,-0.6312981843948364,0.0,0.0,-0.001375510822981596,-0.15724775195121765,0.0,0.0,0.14791419577996787,0.17717957937209156,-0.04156901687383652,0.08435188233852386,0.0,0.0,0.0,0.0
0.36711978912353516,-0.6429381966590881,-0.6312981843948364,0.0,0.0,-0.001375510822981596,-0.15724775195121765,0.0,0.0,0.14791419577996787,0.17717957937209156,-0.04156901687383652,0.08435188233852386,0.0,0.0,0.0,0.0
0.36883115768432617,-0.6429381966590881,-0.6312981843948364,0.0,0.0,-0.001375510822981596,-0.15724775195121765,0.0,0.0,0.14794774926903395,0.17828691473133973,-0.040539007633924484,0.07471020519733429,0.0,0.0,0.0,0.0
0.37048816680908203,-0.6429381966590881,-0.6312981843948364,0.0,0.0,-0.001375510822981596,-0.15724775195121765,0.0,0.0,0.14794774926903395,0.17828691473133973,-0.040539007633924484,0.07471020519733429,0.0,0.0,0.0,0.0
0.3721179962158203,-0.6429381966590881,-0.6312981843948364,0.0,0.0,-0.001375510822981596,-0.15724775195121765,0.0,0.0,0.1482066038456518,0.17922168427395754,-0.040539007633924484,0.06976063549518585,0.0,0.0,0.0,0.0
0.37367939949035645,-0.6429381966590881,-0.6312981843948364,0.0,0.0,-0.001375510822981596,-0.15724775195121765,0.0,0.0,0.1488393685799857,0.17994073776827893,-0.0315554216504097,0.0673288032412529,0.0,0.0,0.0,0.0
0.37549614906311035,-0.45976653695106506,-1.2705905437469482,0.0,0.0,-0.001075765467248857,-0.1575074940919876,0.0,0.0,0.1488393685799857,0.17994073776827893,-0.0315554216504097,0.0673288032412529,0.0,0.0,0.0,0.0
0.37716031074523926,-0.45976653695106506,-1.2705905437469482,0.0,0.0,-0.001075765467248857,-0.1575074940919876,0.0,0.0,0.14935708943656603,0.18041052172523783,-0.026834722608327866,0.0659840926527977,0.0,0.0,0.0,0.0
0.3784809112548828,-0.45976653695106506,-1.2705905437469482,0.0,0.0,-0.001075765467248857,-0.1575074940919876,0.0,0.0,0.1499706840923892,0.18068375971241105,-0.02331564761698246,0.06609853357076645,0.0,0.0,0.0,0.0
0.3797633647918701,-0.45976653695106506,-1.2705905437469482,0.0,0.0,-0.001075765467248857,-0.1575074940919876,0.0,0.0,0.1499706840923892,0.18068375971241105,-0.02331564761698246,0.06609853357076645,0.0,0.0,0.0,0.0
0.38112759590148926,-0.45976653695106506,-1.2705905437469482,0.0,0.0,-0.001075765467248857,-0.1575074940919876,0.0,0.0,0.15023913541160705,0.18067897304445568,-0.023658985272049904,0.06770069152116776,0.0,0.0,0.0,0.0
0.3824594020843506,-0.45976653695106506,-1.2705905437469482,0.0,0.0,-0.001075765467248857,-0.1575074940919876,0.0,0.0,0.15023913541160705,0.18067897304445568,-0.023658985272049904,0.06770069152116776,0.0,0.0,0.0,0.0
0.3837287425994873,-0.45976653695106506,-1.2705905437469482,0.0,0.0,-0.001075765467248857,-0.1575074940919876,0.0,0.0,0.1505842787482124,0.18062623777353426,-0.021370165050029755,0.06884511560201645,0.0,0.0,0.0,0.0
0.3851432800292969,-0.45976653695106506,-1.2705905437469482,0.0,0.0,-0.001075765467248857,-0.1575074940919876,0.0,0.0,0.1505842787482124,0.18062623777353426,-0.021370165050029755,0.06884511560201645,0.0,0.0,0.0,0.0
0.3891127109527588,-0.30603477358818054,-1.5930966138839722,0.0,0.0,-0.0007638532551936805,-0.15779687464237213,0.0,0.0,0.151245810303657,0.18046804366411462,-0.018451949581503868,0.06884511560201645,0.0,0.0,0.0,0.0
0.39046669006347656,-0.30603477358818054,-1.5930966138839722,0.0,0.0,-0.0007638532551936805,-0.15779687464237213,0.0,0.0,0.151245810303657,0.18046804366411462,-0.018451949581503868,0.06884511560201645,0.0,0.0,0.0,0.0
0.3917114734649658,-0.30603477358818054,-1.5930966138839722,0.0,0.0,-0.0007638532551936805,-0.15779687464237213,0.0,0.0,0.15135605581011058,0.17966749978110572,-0.018594946712255478,0.07903032749891281,0.0,0.0,0.0,0.0
0.39299869537353516,-0.30603477358818054,-1.5930966138839722,0.0,0.0,-0.0007638532551936805,-0.15779687464237213,0.0,0.0,0.15135605581011058,0.17966749978110572,-0.018594946712255478,0.07903032749891281,0.0,0.0,0.0,0.0
0.3942568302154541,-0.30603477358818054,-1.5930966138839722,0.0,0.0,-0.0007638532551936805,-0.15779687464237213,0.0,0.0,0.15164847557913913,0.1789196794656736,-0.01596280373632908,0.08543901890516281,0.0,0.0,0.0,0.0
0.3955707550048828,-0.18945886194705963,-1.2329238653182983,0.0,0.0,-0.0005269998218864202,-0.15766683220863342,0.0,0.0,0.15164847557913913,0.1789196794656736,-0.01596280373632908,0.08543901890516281,0.0,0.0,0.0,0.0
0.3968393802642822,-0.18945886194705963,-1.2329238653182983,0.0,0.0,-0.0005269998218864202,-0.15766683220863342,0.0,0.0,0.15192171356631234,0.17830129814189508,-0.015676716342568398,0.09010250121355057,0.0,0.0,0.0,0.0
0.3981354236602783,-0.18945886194705963,-1.2329238653182983,0.0,0.0,-0.0005269998218864202,-0.15766683220863342,0.0,0.0,0.15192171356631234,0.17830129814189508,-0.015676716342568398,0.09010250121355057,0.0,0.0,0.0,0.0
0.3993959426879883,-0.18945886194705963,-1.2329238653182983,0.0,0.0,-0.0005269998218864202,-0.15766683220863342,0.0,0.0,0.15211346116479804,0.17786986604530225,-0.012701266445219517,0.09081779420375824,0.0,0.0,0.0,0.0
0.4007248878479004,-0.18945886194705963,-1.2329238653182983,0.0,0.0,-0.0005269998218864202,-0.15766683220863342,0.0,0.0,0.15211346116479804,0.17786986604530225,-0.012701266445219517,0.09081779420375824,0.0,0.0,0.0,0.0
0.4021413326263428,-0.18945886194705963,-1.2329238653182983,0.0,0.0,-0.0005269998218864202,-0.15766683220863342,0.0,0.0,0.1521566113964641,0.17737132697057725,-0.014589527621865273,0.09373603016138077,0.0,0.0,0.0,0.0
0.4034554958343506,-0.18945886194705963,-1.2329238653182983,0.0,0.0,-0.0005269998218864202,-0.15766683220863342,0.0,0.0,0.15209429108628733,0.1769974168128612,-0.015791157260537148,0.09370742738246918,0.0,0.0,0.0,0.0
0.40473222732543945,-0.18945886194705963,-1.2329238653182983,0.0,0.0,-0.0005269998218864202,-0.15766683220863342,0.0,0.0,0.15209429108628733,0.1769974168128612,-0.015791157260537148,0.09370742738246918,0.0,0.0,0.0,0.0
0.4066178798675537,-0.2833211421966553,-1.0221145153045654,0.0,0.0,-0.0005717680905945599,-0.15751072764396667,0.0,0.0,0.15209429108628733,0.17672896549364336,-0.015791157260537148,0.09459429234266281,0.0,0.0,0.0,0.0
0.4080374240875244,-0.2833211421966553,-1.0221145153045654,0.0,0.0,-0.0005717680905945599,-0.15751072764396667,0.0,0.0,0.15209429108628733,0.17672896549364336,-0.015791157260537148,0.09459429234266281,0.0,0.0,0.0,0.0
0.4096260070800781,-0.2833211421966553,-1.0221145153045654,0.0,0.0,-0.0005717680905945599,-0.15751072764396667,0.0,0.0,0.1522093349640409,0.17645092913517016,-0.014303425326943398,0.09668285399675369,0.0,0.0,0.0,0.0
0.41094517707824707,-0.2833211421966553,-1.0221145153045654,0.0,0.0,-0.0005717680905945599,-0.15751072764396667,0.0,0.0,0.15230520876328374,0.17640779060684875,-0.013674014247953892,0.09485179930925369,0.0,0.0,0.0,0.0
0.4121975898742676,-0.2833211421966553,-1.0221145153045654,0.0,0.0,-0.0005717680905945599,-0.15751072764396667,0.0,0.0,0.15230520876328374,0.17640779060684875,-0.013674014247953892,0.09485179930925369,0.0,0.0,0.0,0.0
0.4135298728942871,-0.2833211421966553,-1.0221145153045654,0.0,0.0,-0.0005717680905945599,-0.15751072764396667,0.0,0.0,0.1524010825625266,0.17647969595628088,-0.013159016147255898,0.09359295666217804,0.0,0.0,0.0,0.0
0.4148571491241455,-0.2833211421966553,-1.0221145153045654,0.0,0.0,-0.0005717680905945599,-0.15751072764396667,0.0,0.0,0.1524010825625266,0.17647969595628088,-0.013159016147255898,0.09359295666217804,0.0,0.0,0.0,0.0
0.4160881042480469,-0.4469565451145172,-1.1331263780593872,0.0,0.0,-0.0008213917608372867,-0.15752527117729187,0.0,0.0,0.15260241520026765,0.176882361231763,-0.011041872203350067,0.08924417942762375,0.0,0.0,0.0,0.0
0.4174022674560547,-0.4469565451145172,-1.1331263780593872,0.0,0.0,-0.0008213917608372867,-0.15752527117729187,0.0,0.0,0.15260241520026765,0.176882361231763,-0.011041872203350067,0.08924417942762375,0.0,0.0,0.0,0.0
0.41862058639526367,-0.4469565451145172,-1.1331263780593872,0.0,0.0,-0.0008213917608372867,-0.15752527117729187,0.0,0.0,0.15271267241006586,0.1772706548000344,-0.010011876001954079,0.08506710827350616,0.0,0.0,0.0,0.0
0.4199185371398926,-0.4469565451145172,-1.1331263780593872,0.0,0.0,-0.0008213917608372867,-0.15752527117729187,0.0,0.0,0.15271267241006586,0.1772706548000344,-0.010011876001954079,0.08506710827350616,0.0,0.0,0.0,0.0
0.42145562171936035,-0.4469565451145172,-1.1331263780593872,0.0,0.0,-0.0008213917608372867,-0.15752527117729187,0.0,0.0,0.1527078857421105,0.17728982487854514,-0.012129033915698528,0.08792810887098312,0.0,0.0,0.0,0.0
0.42272257804870605,-0.4469565451145172,-1.1331263780593872,0.0,0.0,-0.0008213917608372867,-0.15752527117729187,0.0,0.0,0.1527078857421105,0.1772514847215237,-0.012129033915698528,0.08898668736219406,0.0,0.0,0.0,0.0
0.423992395401001,-0.4469565451145172,-1.1331263780593872,0.0,0.0,-0.0008213917608372867,-0.15752527117729187,0.0,0.0,0.1527078857421105,0.1772514847215237,-0.012129033915698528,0.08898668736219406,0.0,0.0,0.0,0.0
0.4253702163696289,-0.50224369764328,-1.2222042083740234,0.0,0.0,-0.0010083208326250315,-0.1575901359319687,0.0,0.0,0.15242026434438194,0.1772514847215237,-0.016334764659404755,0.08898668736219406,0.0,0.0,0.0,0.0
0.4266650676727295,-0.50224369764328,-1.2222042083740234,0.0,0.0,-0.0010083208326250315,-0.1575901359319687,0.0,0.0,0.15242026434438194,0.1772514847215237,-0.016334764659404755,0.08898668736219406,0.0,0.0,0.0,0.0
0.42792320251464844,-0.50224369764328,-1.2222042083740234,0.0,0.0,-0.0010083208326250315,-0.1575901359319687,0.0,0.0,0.1519025434878016,0.17740488045964334,-0.021084049716591835,0.08727012574672699,0.0,0.0,0.0,0.0
0.42918920516967773,-0.50224369764328,-1.2222042083740234,0.0,0.0,-0.0010083208326250315,-0.1575901359319687,0.0,0.0,0.1519025434878016,0.17740488045964334,-0.021084049716591835,0.08727012574672699,0.0,0.0,0.0,0.0
0.43108320236206055,-0.50224369764328,-1.2222042083740234,0.0,0.0,-0.0010083208326250315,-0.1575901359319687,0.0,0.0,0.15158615526896235,0.17749595588758618,-0.022571822628378868,0.08666928112506866,0.0,0.0,0.0,0.0
0.432971715927124,-0.50224369764328,-1.2222042083740234,0.0,0.0,-0.0010083208326250315,-0.1575901359319687,0.0,0.0,0.15120266007199093,0.17759182968682904,-0.023144014179706573,0.08618292957544327,0.0,0.0,0.0,0.0
0.43421244621276855,-0.50224369764328,-1.2222042083740234,0.0,0.0,-0.0010083208326250315,-0.1575901359319687,0.0,0.0,0.15120266007199093,0.17759182968682904,-0.023144014179706573,0.08618292957544327,0.0,0.0,0.0,0.0
0.43543195724487305,-0.523297905921936,-1.2107956409454346,0.0,0.0,-0.0010715575190261006,-0.15760663151741028,0.0,0.0,0.15098694402369453,0.17755827619776296,-0.02526114322245121,0.08715565502643585,0.0,0.0,0.0,0.0
0.43668174743652344,-0.523297905921936,-1.2107956409454346,0.0,0.0,-0.0010715575190261006,-0.15760663151741028,0.0,0.0,0.15098694402369453,0.17755827619776296,-0.02526114322245121,0.08715565502643585,0.0,0.0,0.0,0.0
0.43787264823913574,-0.523297905921936,-1.2107956409454346,0.0,0.0,-0.0010715575190261006,-0.15760663151741028,0.0,0.0,0.15078561138595345,0.17755827619776296,-0.025318404659628868,0.08715565502643585,0.0,0.0,0.0,0.0
0.43910813331604004,-0.523297905921936,-1.2107956409454346,0.0,0.0,-0.0010715575190261006,-0.15760663151741028,0.0,0.0,0.15078561138595345,0.17755827619776296,-0.025318404659628868,0.08715565502643585,0.0,0.0,0.0,0.0
0.44027161598205566,-0.523297905921936,-1.2107956409454346,0.0,0.0,-0.0010715575190261006,-0.15760663151741028,0.0,0.0,0.15068973758671061,0.17768291681811652,-0.025003651157021523,0.08555351197719574,0.0,0.0,0.0,0.0
0.44159364700317383,-0.523297905921936,-1.2107956409454346,0.0,0.0,-0.0010715575190261006,-0.15760663151741028,0.0,0.0,0.15068973758671061,0.17768291681811652,-0.025003651157021523,0.08555351197719574,0.0,0.0,0.0,0.0
0.4430394172668457,-0.523297905921936,-1.2107956409454346,0.0,0.0,-0.0010715575190261006,-0.15760663151741028,0.0,0.0,0.15070890766522133,0.17777879061735938,-0.024059554561972618,0.08500988036394119,0.0,0.0,0.0,0.0
0.4444468021392822,-0.523297905921936,-1.2107956409454346,0.0,0.0,-0.0010715575190261006,-0.15760663151741028,0.0,0.0,0.15070890766522133,0.17777879061735938,-0.024059554561972618,0.08500988036394119,0.0,0.0,0.0,0.0
0.4458315372467041,-0.4884389042854309,-1.1169534921646118,0.0,0.0,-0.001033379347063601,-0.15754950046539307,0.0,0.0,0.15070890766522133,0.17787466441660224,-0.024059554561972618,0.08443767577409744,0.0,0.0,0.0,0.0
0.4474954605102539,-0.4884389042854309,-1.1169534921646118,0.0,0.0,-0.001033379347063601,-0.15754950046539307,0.0,0.0,0.15070890766522133,0.17786506767400223,-0.024059554561972618,0.08532463014125824,0.0,0.0,0.0,0.0
0.44890594482421875,-0.4884389042854309,-1.1169534921646118,0.0,0.0,-0.001033379347063601,-0.15754950046539307,0.0,0.0,0.15070890766522133,0.17786506767400223,-0.024059554561972618,0.08532463014125824,0.0,0.0,0.0,0.0
0.4503622055053711,-0.4884389042854309,-1.1169534921646118,0.0,0.0,-0.001033379347063601,-0.15754950046539307,0.0,0.0,0.15070890766522133,0.17786506767400223,-0.024059554561972618,0.08532463014125824,0.0,0.0,0.0,0.0
0.4516634941101074,-0.4884389042854309,-1.1169534921646118,0.0,0.0,-0.001033379347063601,-0.15754950046539307,0.0,0.0,0.15070890766522133,0.17786506767400223,-0.024059554561972618,0.08532463014125824,0.0,0.0,0.0,0.0
0.45323801040649414,-0.4884389042854309,-1.1169534921646118,0.0,0.0,-0.001033379347063601,-0.15754950046539307,0.0,0.0,0.1509677739451838,0.17786506767400223,-0.02268623560667038,0.08532463014125824,0.0,0.0,0.0,0.0
0.4561161994934082,-0.4139256179332733,-1.2200876474380493,0.0,0.0,-0.0009290454327128828,-0.1575910449028015,0.0,0.0,0.15127936379272308,0.17786506767400223,-0.018137209117412567,0.08532463014125824,0.0,0.0,0.0,0.0
0.4575018882751465,-0.4139256179332733,-1.2200876474380493,0.0,0.0,-0.0009290454327128828,-0.1575910449028015,0.0,0.0,0.15127936379272308,0.17786506767400223,-0.018137209117412567,0.08532463014125824,0.0,0.0,0.0,0.0
0.45876622200012207,-0.4139256179332733,-1.2200876474380493,0.0,0.0,-0.0009290454327128828,-0.1575910449028015,0.0,0.0,0.15167244402894983,0.17786506767400223,-0.016449233517050743,0.08532463014125824,0.0,0.0,0.0,0.0
0.46015405654907227,-0.4139256179332733,-1.2200876474380493,0.0,0.0,-0.0009290454327128828,-0.1575910449028015,0.0,0.0,0.15167244402894983,0.17786506767400223,-0.016449233517050743,0.08532463014125824,0.0,0.0,0.0,0.0
0.4618415832519531,-0.4139256179332733,-1.2200876474380493,0.0,0.0,-0.0009290454327128828,-0.1575910449028015,0.0,0.0,0.1519312986055677,0.17786506767400223,-0.01427482906728983,0.08532463014125824,0.0,0.0,0.0,0.0
0.4631960391998291,-0.4139256179332733,-1.2200876474380493,0.0,0.0,-0.0009290454327128828,-0.1575910449028015,0.0,0.0,0.1521278445753534,0.1779849099230558,-0.012644059024751186,0.08377962559461594,0.0,0.0,0.0,0.0
0.46454954147338867,-0.4139256179332733,-1.2200876474380493,0.0,0.0,-0.0009290454327128828,-0.1575910449028015,0.0,0.0,0.1521278445753534,0.1779849099230558,-0.012644059024751186,0.08377962559461594,0.0,0.0,0.0,0.0
0.46596765518188477,-0.39075371623039246,-1.234815239906311,0.0,0.0,-0.0008438500226475298,-0.15762323141098022,0.0,0.0,0.15230520876328374,0.17808078372229866,-0.012872900813817978,0.08323605358600616,0.0,0.0,0.0,0.0
0.46730899810791016,-0.39075371623039246,-1.234815239906311,0.0,0.0,-0.0008438500226475298,-0.15762323141098022,0.0,0.0,0.15230520876328374,0.17808078372229866,-0.012872900813817978,0.08323605358600616,0.0,0.0,0.0,0.0
0.46866846084594727,-0.39075371623039246,-1.234815239906311,0.0,0.0,-0.0008438500226475298,-0.15762323141098022,0.0,0.0,0.15241546597308195,0.17781713077438083,-0.011728490702807903,0.08732730895280838,0.0,0.0,0.0,0.0
0.47009730339050293,-0.39075371623039246,-1.234815239906311,0.0,0.0,-0.0008438500226475298,-0.15762323141098022,0.0,0.0,0.15241546597308195,0.17781713077438083,-0.011728490702807903,0.08732730895280838,0.0,0.0,0.0,0.0
0.4715538024902344,-0.39075371623039246,-1.234815239906311,0.0,0.0,-0.0008438500226475298,-0.15762323141098022,0.0,0.0,0.1524010825625266,0.1776925018573719,-0.013960129581391811,0.08852892369031906,0.0,0.0,0.0,0.0
0.4748344421386719,-0.39075371623039246,-1.234815239906311,0.0,0.0,-0.0008438500226475298,-0.15762323141098022,0.0,0.0,0.1524010825625266,0.17770688526792724,-0.013960129581391811,0.08626871556043625,0.0,0.0,0.0,0.0
0.4764976501464844,-0.39514386653900146,-1.2217968702316284,0.0,0.0,-0.000830950157251209,-0.1576143056154251,0.0,0.0,0.1524010825625266,0.17770688526792724,-0.013960129581391811,0.08626871556043625,0.0,0.0,0.0,0.0
0.4778482913970947,-0.39514386653900146,-1.2217968702316284,0.0,0.0,-0.000830950157251209,-0.1576143056154251,0.0,0.0,0.1524010825625266,0.17770688526792724,-0.013960129581391811,0.08626871556043625,0.0,0.0,0.0,0.0
0.4791414737701416,-0.39514386653900146,-1.2217968702316284,0.0,0.0,-0.000830950157251209,-0.1576143056154251,0.0,0.0,0.1524010825625266,0.17770688526792724,-0.013960129581391811,0.08626871556043625,0.0,0.0,0.0,0.0
0.480424165725708,-0.39514386653900146,-1.2217968702316284,0.0,0.0,-0.000830950157251209,-0.1576143056154251,0.0,0.0,0.1524010825625266,0.17770688526792724,-0.013960129581391811,0.08626871556043625,0.0,0.0,0.0,0.0
0.4817233085632324,-0.39514386653900146,-1.2217968702316284,0.0,0.0,-0.000830950157251209,-0.1576143056154251,0.0,0.0,0.1524010825625266,0.17770688526792724,-0.013960129581391811,0.08626871556043625,0.0,0.0,0.0,0.0
0.4830453395843506,-0.39514386653900146,-1.2217968702316284,0.0,0.0,-0.000830950157251209,-0.1576143056154251,0.0,0.0,0.1524010825625266,0.17770688526792724,-0.013960129581391811,0.08626871556043625,0.0,0.0,0.0,0.0
0.48433804512023926,-0.39514386653900146,-1.2217968702316284,0.0,0.0,-0.000830950157251209,-0.1576143056154251,0.0,0.0,0.1524010825625266,0.17770688526792724,-0.013960129581391811,0.08626871556043625,0.0,0.0,0.0,0.0
0.48560190200805664,-0.4574839472770691,-1.1122486591339111,0.0,0.0,-0.0009269416914321482,-0.15755917131900787,0.0,0.0,0.1524010825625266,0.17770688526792724,-0.013960129581391811,0.08626871556043625,0.0,0.0,0.0,0.0
0.48693346977233887,-0.4574839472770691,-1.1122486591339111,0.0,0.0,-0.0009269416914321482,-0.15755917131900787,0.0,0.0,0.1524010825625266,0.17793218635547903,-0.013960129581391811,0.0833790972828865,0.0,0.0,0.0,0.0
0.4882533550262451,-0.4574839472770691,-1.1122486591339111,0.0,0.0,-0.0009269416914321482,-0.15755917131900787,0.0,0.0,0.1524010825625266,0.17793218635547903,-0.013960129581391811,0.0833790972828865,0.0,0.0,0.0,0.0
0.4895761013031006,-0.4574839472770691,-1.1122486591339111,0.0,0.0,-0.0009269416914321482,-0.15755917131900787,0.0,0.0,0.15194089534816768,0.17786506767400223,-0.019109943881630898,0.08532463014125824,0.0,0.0,0.0,0.0
0.49089598655700684,-0.4574839472770691,-1.1122486591339111,0.0,0.0,-0.0009269416914321482,-0.15755917131900787,0.0,0.0,0.15194089534816768,0.17786506767400223,-0.019109943881630898,0.08532463014125824,0.0,0.0,0.0,0.0
0.4922487735748291,-0.4574839472770691,-1.1122486591339111,0.0,0.0,-0.0009269416914321482,-0.15755917131900787,0.0,0.0,0.151912128527057,0.17797532488380044,-0.017736680805683136,0.08386547118425369,0.0,0.0,0.0,0.0
0.4938089847564697,-0.4574839472770691,-1.1122486591339111,0.0,0.0,-0.0009269416914321482,-0.15755917131900787,0.0,0.0,0.15165806061839449,0.17806641201508794,-0.020054081454873085,0.08329326659440994,0.0,0.0,0.0,0.0
0.49518632888793945,-0.4574839472770691,-1.1122486591339111,0.0,0.0,-0.0009269416914321482,-0.15755917131900787,0.0,0.0,0.15165806061839449,0.17806641201508794,-0.020054081454873085,0.08329326659440994,0.0,0.0,0.0,0.0
0.4976470470428467,-0.4804163873195648,-1.1444426774978638,0.0,0.0,-0.000977496849372983,-0.1575455665588379,0.0,0.0,0.15159095364026234,0.17815748744303078,-0.019596345722675323,0.08274970203638077,0.0,0.0,0.0,0.0
0.49910497665405273,-0.4804163873195648,-1.1444426774978638,0.0,0.0,-0.000977496849372983,-0.1575455665588379,0.0,0.0,0.15150946325157486,0.17817187085358616,-0.020082704722881317,0.08220606297254562,0.0,0.0,0.0,0.0
0.5006558895111084,-0.4804163873195648,-1.1444426774978638,0.0,0.0,-0.000977496849372983,-0.1575455665588379,0.0,0.0,0.151413589452332,0.17817187085358616,-0.02062627300620079,0.08349353820085526,0.0,0.0,0.0,0.0
0.5019969940185547,-0.4804163873195648,-1.1444426774978638,0.0,0.0,-0.000977496849372983,-0.1575455665588379,0.0,0.0,0.151413589452332,0.17817187085358616,-0.02062627300620079,0.08349353820085526,0.0,0.0,0.0,0.0
0.503361701965332,-0.4804163873195648,-1.1444426774978638,0.0,0.0,-0.000977496849372983,-0.1575455665588379,0.0,0.0,0.1513273006923445,0.17817187085358616,-0.02119847759604454,0.08349353820085526,0.0,0.0,0.0,0.0
0.5046501159667969,-0.4804163873195648,-1.1444426774978638,0.0,0.0,-0.000977496849372983,-0.1575455665588379,0.0,0.0,0.1513273006923445,0.17817187085358616,-0.02119847759604454,0.08349353820085526,0.0,0.0,0.0,0.0
0.5059845447540283,-0.4659075438976288,-1.119238018989563,0.0,0.0,-0.000976366049144417,-0.15754494071006775,0.0,0.0,0.1513225023210445,0.17817187085358616,-0.021742112934589386,0.08349353820085526,0.0,0.0,0.0,0.0
0.507230281829834,-0.4659075438976288,-1.119238018989563,0.0,0.0,-0.000976366049144417,-0.15754494071006775,0.0,0.0,0.1513225023210445,0.17817187085358616,-0.021742112934589386,0.08349353820085526,0.0,0.0,0.0,0.0
0.5084753036499023,-0.4659075438976288,-1.119238018989563,0.0,0.0,-0.000976366049144417,-0.15754494071006775,0.0,0.0,0.1513225023210445,0.17817187085358616,-0.020397432148456573,0.08349353820085526,0.0,0.0,0.0,0.0
0.5097916126251221,-0.4659075438976288,-1.119238018989563,0.0,0.0,-0.000976366049144417,-0.15754494071006775,0.0,0.0,0.1513225023210445,0.17817187085358616,-0.020397432148456573,0.08349353820085526,0.0,0.0,0.0,0.0
0.5110328197479248,-0.4659075438976288,-1.119238018989563,0.0,0.0,-0.000976366049144417,-0.15754494071006775,0.0,0.0,0.1513225023210445,0.17817187085358616,-0.020397432148456573,0.08349353820085526,0.0,0.0,0.0,0.0
0.5123765468597412,-0.4659075438976288,-1.119238018989563,0.0,0.0,-0.000976366049144417,-0.15754494071006775,0.0,0.0,0.1513225023210445,0.17817187085358616,-0.020397432148456573,0.08349353820085526,0.0,0.0,0.0,0.0
0.5135879516601562,-0.4659075438976288,-1.119238018989563,0.0,0.0,-0.000976366049144417,-0.15754494071006775,0.0,0.0,0.1513225023210445,0.17817187085358616,-0.020397432148456573,0.08349353820085526,0.0,0.0,0.0,0.0
0.5148258209228516,-0.4659075438976288,-1.119238018989563,0.0,0.0,-0.000976366049144417,-0.15754494071006775,0.0,0.0,0.1513225023210445,0.17817187085358616,-0.020397432148456573,0.08349353820085526,0.0,0.0,0.0,0.0
0.5160319805145264,-0.4263216555118561,-1.1349186897277832,0.0,0.0,-0.0009167002281174064,-0.15755514800548553,0.0,0.0,0.1513225023210445,0.17817187085358616,-0.020397432148456573,0.08349353820085526,0.0,0.0,0.0,0.0
0.5172688961029053,-0.4263216555118561,-1.1349186897277832,0.0,0.0,-0.0009167002281174064,-0.15755514800548553,0.0,0.0,0.1513225023210445,0.17817187085358616,-0.020397432148456573,0.08349353820085526,0.0,0.0,0.0,0.0
0.5184545516967773,-0.4263216555118561,-1.1349186897277832,0.0,0.0,-0.0009167002281174064,-0.15755514800548553,0.0,0.0,0.1513225023210445,0.17817187085358616,-0.020397432148456573,0.08349353820085526,0.0,0.0,0.0,0.0
0.5197815895080566,-0.4263216555118561,-1.1349186897277832,0.0,0.0,-0.0009167002281174064,-0.15755514800548553,0.0,0.0,0.1513225023210445,0.17817187085358616,-0.020397432148456573,0.08349353820085526,0.0,0.0,0.0,0.0
0.52323317527771,-0.4263216555118561,-1.1349186897277832,0.0,0.0,-0.0009167002281174064,-0.15755514800548553,0.0,0.0,0.151581368601007,0.17817187085358616,-0.019024113193154335,0.08349353820085526,0.0,0.0,0.0,0.0
0.5247490406036377,-0.4263216555118561,-1.1349186897277832,0.0,0.0,-0.0009167002281174064,-0.15755514800548553,0.0,0.0,0.151581368601007,0.17817187085358616,-0.019024113193154335,0.08349353820085526,0.0,0.0,0.0,0.0
0.5262179374694824,-0.405346542596817,-1.1632252931594849,0.0,0.0,-0.0008620430016890168,-0.15756893157958984,0.0,0.0,0.15180187131725878,0.17817187085358616,-0.014560932293534279,0.08349353820085526,0.0,0.0,0.0,0.0
0.5276813507080078,-0.405346542596817,-1.1632252931594849,0.0,0.0,-0.0008620430016890168,-0.15756893157958984,0.0,0.0,0.1519648637979784,0.17817187085358616,-0.014961461536586285,0.08349353820085526,0.0,0.0,0.0,0.0
0.5290117263793945,-0.405346542596817,-1.1632252931594849,0.0,0.0,-0.0008620430016890168,-0.15756893157958984,0.0,0.0,0.1519648637979784,0.17817187085358616,-0.014961461536586285,0.08349353820085526,0.0,0.0,0.0,0.0
0.530266523361206,-0.405346542596817,-1.1632252931594849,0.0,0.0,-0.0008620430016890168,-0.15756893157958984,0.0,0.0,0.15211825953609803,0.17817187085358616,-0.013988739810883999,0.08349353820085526,0.0,0.0,0.0,0.0
0.5316085815429688,-0.405346542596817,-1.1632252931594849,0.0,0.0,-0.0008620430016890168,-0.15756893157958984,0.0,0.0,0.15211825953609803,0.17817187085358616,-0.013988739810883999,0.08349353820085526,0.0,0.0,0.0,0.0
0.5328919887542725,-0.405346542596817,-1.1632252931594849,0.0,0.0,-0.0008620430016890168,-0.15756893157958984,0.0,0.0,0.15209429108628733,0.17817187085358616,-0.014503682032227516,0.08349353820085526,0.0,0.0,0.0,0.0
0.5342991352081299,-0.405346542596817,-1.1632252931594849,0.0,0.0,-0.0008620430016890168,-0.15756893157958984,0.0,0.0,0.15209429108628733,0.17817187085358616,-0.014503682032227516,0.08349353820085526,0.0,0.0,0.0,0.0
0.5356676578521729,-0.4067213535308838,-1.1606327295303345,0.0,0.0,-0.000854889745824039,-0.15757302939891815,0.0,0.0,0.15209429108628733,0.1778267275169808,-0.015791157260537148,0.0879567340016365,0.0,0.0,0.0,0.0
0.5370535850524902,-0.4067213535308838,-1.1606327295303345,0.0,0.0,-0.000854889745824039,-0.15757302939891815,0.0,0.0,0.15209429108628733,0.1778267275169808,-0.015791157260537148,0.0879567340016365,0.0,0.0,0.0,0.0
0.5383741855621338,-0.4067213535308838,-1.1606327295303345,0.0,0.0,-0.000854889745824039,-0.15757302939891815,0.0,0.0,0.15209429108628733,0.17766373503626118,-0.015791157260537148,0.08824282139539719,0.0,0.0,0.0,0.0
0.539677619934082,-0.4067213535308838,-1.1606327295303345,0.0,0.0,-0.000854889745824039,-0.15757302939891815,0.0,0.0,0.15209429108628733,0.17766373503626118,-0.015791157260537148,0.08824282139539719,0.0,0.0,0.0,0.0
0.5412089824676514,-0.4067213535308838,-1.1606327295303345,0.0,0.0,-0.000854889745824039,-0.15757302939891815,0.0,0.0,0.15209429108628733,0.1776349799184951,-0.015791157260537148,0.08755619078874588,0.0,0.0,0.0,0.0
0.542776346206665,-0.4067213535308838,-1.1606327295303345,0.0,0.0,-0.000854889745824039,-0.15757302939891815,0.0,0.0,0.15209429108628733,0.17770688526792724,-0.015791157260537148,0.08626871556043625,0.0,0.0,0.0,0.0
0.5440833568572998,-0.4067213535308838,-1.1606327295303345,0.0,0.0,-0.000854889745824039,-0.15757302939891815,0.0,0.0,0.15209429108628733,0.17770688526792724,-0.015791157260537148,0.08626871556043625,0.0,0.0,0.0,0.0
0.5454146862030029,-0.41553208231925964,-1.1452773809432983,0.0,0.0,-0.0008752250578254461,-0.15756136178970337,0.0,0.0,0.15209429108628733,0.17770688526792724,-0.015791157260537148,0.08626871556043625,0.0,0.0,0.0,0.0
0.5468020439147949,-0.41553208231925964,-1.1452773809432983,0.0,0.0,-0.0008752250578254461,-0.15756136178970337,0.0,0.0,0.15209429108628733,0.17770688526792724,-0.015791157260537148,0.08626871556043625,0.0,0.0,0.0,0.0
0.5483672618865967,-0.41553208231925964,-1.1452773809432983,0.0,0.0,-0.0008752250578254461,-0.15756136178970337,0.0,0.0,0.15209429108628733,0.17770688526792724,-0.015791157260537148,0.08626871556043625,0.0,0.0,0.0,0.0
0.5497612953186035,-0.41553208231925964,-1.1452773809432983,0.0,0.0,-0.0008752250578254461,-0.15756136178970337,0.0,0.0,0.15209429108628733,0.17770688526792724,-0.015791157260537148,0.08626871556043625,0.0,0.0,0.0,0.0
0.5511660575866699,-0.41553208231925964,-1.1452773809432983,0.0,0.0,-0.0008752250578254461,-0.15756136178970337,0.0,0.0,0.15209429108628733,0.17770688526792724,-0.015791157260537148,0.08626871556043625,0.0,0.0,0.0,0.0
0.5525639057159424,-0.41553208231925964,-1.1452773809432983,0.0,0.0,-0.0008752250578254461,-0.15756136178970337,0.0,0.0,0.15209429108628733,0.17770688526792724,-0.015791157260537148,0.08626871556043625,0.0,0.0,0.0,0.0
0.5538759231567383,-0.41553208231925964,-1.1452773809432983,0.0,0.0,-0.0008752250578254461,-0.15756136178970337,0.0,0.0,0.15209429108628733,0.17770688526792724,-0.015791157260537148,0.08626871556043625,0.0,0.0,0.0,0.0
0.5554025173187256,-0.4442855417728424,-1.0946249961853027,0.0,0.0,-0.0009154750732704997,-0.1575382500886917,0.0,0.0,0.15209429108628733,0.17770688526792724,-0.015791157260537148,0.08626871556043625,0.0,0.0,0.0,0.0
0.5568568706512451,-0.4442855417728424,-1.0946249961853027,0.0,0.0,-0.0009154750732704997,-0.1575382500886917,0.0,0.0,0.1517922862780034,0.17770688526792724,-0.020082734525203705,0.08626871556043625,0.0,0.0,0.0,0.0
0.5582656860351562,-0.4442855417728424,-1.0946249961853027,0.0,0.0,-0.0009154750732704997,-0.1575382500886917,0.0,0.0,0.1517922862780034,0.17770688526792724,-0.020082734525203705,0.08626871556043625,0.0,0.0,0.0,0.0
0.5596091747283936,-0.4442855417728424,-1.0946249961853027,0.0,0.0,-0.0009154750732704997,-0.1575382500886917,0.0,0.0,0.151576570229707,0.17803764519397722,-0.020540442317724228,0.08189136534929276,0.0,0.0,0.0,0.0
0.5610024929046631,-0.4442855417728424,-1.0946249961853027,0.0,0.0,-0.0009154750732704997,-0.1575382500886917,0.0,0.0,0.151576570229707,0.17803764519397722,-0.020540442317724228,0.08189136534929276,0.0,0.0,0.0,0.0
0.5623910427093506,-0.4442855417728424,-1.0946249961853027,0.0,0.0,-0.0009154750732704997,-0.1575382500886917,0.0,0.0,0.15162930550062842,0.17822459442116292,-0.019911017268896103,0.08151943236589432,0.0,0.0,0.0,0.0
0.5636858940124512,-0.4442855417728424,-1.0946249961853027,0.0,0.0,-0.0009154750732704997,-0.1575382500886917,0.0,0.0,0.15162930550062842,0.17822459442116292,-0.019911017268896103,0.08151943236589432,0.0,0.0,0.0,0.0
0.5650415420532227,-0.4442855417728424,-1.0946249961853027,0.0,0.0,-0.0009154750732704997,-0.1575382500886917,0.0,0.0,0.15162930550062842,0.17817187085358616,-0.01856633462011814,0.08349353820085526,0.0,0.0,0.0,0.0
0.5666496753692627,-0.4541979730129242,-1.1397408246994019,0.0,0.0,-0.0009522591717541218,-0.15755879878997803,0.0,0.0,0.15162930550062842,0.17817187085358616,-0.01856633462011814,0.08349353820085526,0.0,0.0,0.0,0.0
0.5683045387268066,-0.4541979730129242,-1.1397408246994019,0.0,0.0,-0.0009522591717541218,-0.15755879878997803,0.0,0.0,0.15162930550062842,0.17817187085358616,-0.01856633462011814,0.08349353820085526,0.0,0.0,0.0,0.0
0.569753885269165,-0.4541979730129242,-1.1397408246994019,0.0,0.0,-0.0009522591717541218,-0.15755879878997803,0.0,0.0,0.15162930550062842,0.17817187085358616,-0.01856633462011814,0.08349353820085526,0.0,0.0,0.0,0.0
0.571115255355835,-0.4541979730129242,-1.1397408246994019,0.0,0.0,-0.0009522591717541218,-0.15755879878997803,0.0,0.0,0.15162930550062842,0.17817187085358616,-0.01856633462011814,0.08349353820085526,0.0,0.0,0.0,0.0
0.5724341869354248,-0.4541979730129242,-1.1397408246994019,0.0,0.0,-0.0009522591717541218,-0.15755879878997803,0.0,0.0,0.15162930550062842,0.17817187085358616,-0.01856633462011814,0.08349353820085526,0.0,0.0,0.0,0.0
0.5736916065216064,-0.4541979730129242,-1.1397408246994019,0.0,0.0,-0.0009522591717541218,-0.15755879878997803,0.0,0.0,0.15162930550062842,0.17817187085358616,-0.01856633462011814,0.08349353820085526,0.0,0.0,0.0,0.0
0.5749518871307373,-0.4541979730129242,-1.1397408246994019,0.0,0.0,-0.0009522591717541218,-0.15755879878997803,0.0,0.0,0.15162930550062842,0.17817187085358616,-0.01856633462011814,0.08349353820085526,0.0,0.0,0.0,0.0
0.5764131546020508,-0.4541979730129242,-1.1397408246994019,0.0,0.0,-0.0009522591717541218,-0.15755879878997803,0.0,0.0,0.15162930550062842,0.17817187085358616,-0.01856633462011814,0.08349353820085526,0.0,0.0,0.0,0.0
0.5776691436767578,-0.4541979730129242,-1.1397408246994019,0.0,0.0,-0.0009522591717541218,-0.15755879878997803,0.0,0.0,0.15162930550062842,0.17817187085358616,-0.01856633462011814,0.08349353820085526,0.0,0.0,0.0,0.0
0.578920841217041,-0.4541979730129242,-1.1397408246994019,0.0,0.0,-0.0009522591717541218,-0.15755879878997803,0.0,0.0,0.15162930550062842,0.17817187085358616,-0.01856633462011814,0.08349353820085526,0.0,0.0,0.0,0.0
0.5804057121276855,-0.4541979730129242,-1.1397408246994019,0.0,0.0,-0.0009522591717541218,-0.15755879878997803,0.0,0.0,0.15162930550062842,0.17817187085358616,-0.01856633462011814,0.08349353820085526,0.0,0.0,0.0,0.0
0.5816774368286133,-0.4541979730129242,-1.1397408246994019,0.0,0.0,-0.0009522591717541218,-0.15755879878997803,0.0,0.0,0.15162930550062842,0.17817187085358616,-0.01856633462011814,0.08349353820085526,0.0,0.0,0.0,0.0
0.5829641819000244,-0.4541979730129242,-1.1397408246994019,0.0,0.0,-0.0009522591717541218,-0.15755879878997803,0.0,0.0,0.15162930550062842,0.17817187085358616,-0.01856633462011814,0.08349353820085526,0.0,0.0,0.0,0.0
0.5842037200927734,-0.4541979730129242,-1.1397408246994019,0.0,0.0,-0.0009522591717541218,-0.15755879878997803,0.0,0.0,0.15162930550062842,0.17817187085358616,-0.01856633462011814,0.08349353820085526,0.0,0.0,0.0,0.0
0.5854742527008057,-0.3973156213760376,-1.1332541704177856,0.0,0.0,-0.0008748245891183615,-0.15755689144134521,0.0,0.0,0.15162930550062842,0.17817187085358616,-0.01856633462011814,0.08349353820085526,0.0,0.0,0.0,0.0
0.586773157119751,-0.3973156213760376,-1.1332541704177856,0.0,0.0,-0.0008748245891183615,-0.15755689144134521,0.0,0.0,0.1518737766666909,0.17817187085358616,-0.017193086445331573,0.08349353820085526,0.0,0.0,0.0,0.0
0.5880844593048096,-0.3973156213760376,-1.1332541704177856,0.0,0.0,-0.0008748245891183615,-0.15755689144134521,0.0,0.0,0.1518737766666909,0.17817187085358616,-0.017193086445331573,0.08349353820085526,0.0,0.0,0.0,0.0
0.5893492698669434,-0.3973156213760376,-1.1332541704177856,0.0,0.0,-0.0008748245891183615,-0.15755689144134521,0.0,0.0,0.15216139806441947,0.17817187085358616,-0.01290152408182621,0.08349353820085526,0.0,0.0,0.0,0.0
0.5906097888946533,-0.3973156213760376,-1.1332541704177856,0.0,0.0,-0.0008748245891183615,-0.15755689144134521,0.0,0.0,0.15216139806441947,0.17817187085358616,-0.01290152408182621,0.08349353820085526,0.0,0.0,0.0,0.0
0.5917999744415283,-0.3973156213760376,-1.1332541704177856,0.0,0.0,-0.0008748245891183615,-0.15755689144134521,0.0,0.0,0.1521470146538641,0.17817187085358616,-0.014646734111011028,0.08349353820085526,0.0,0.0,0.0,0.0
0.5930848121643066,-0.3973156213760376,-1.1332541704177856,0.0,0.0,-0.0008748245891183615,-0.15755689144134521,0.0,0.0,0.1521470146538641,0.17817187085358616,-0.014646734111011028,0.08349353820085526,0.0,0.0,0.0,0.0
0.594327449798584,-0.3973156213760376,-1.1332541704177856,0.0,0.0,-0.0008748245891183615,-0.15755689144134521,0.0,0.0,0.15209429108628733,0.17817187085358616,-0.015791157260537148,0.08349353820085526,0.0,0.0,0.0,0.0
0.5955777168273926,-0.4184417724609375,-1.1401485204696655,0.0,0.0,-0.0008789697894826531,-0.15755921602249146,0.0,0.0,0.15209429108628733,0.17817187085358616,-0.015791157260537148,0.08349353820085526,0.0,0.0,0.0,0.0
0.596843957901001,-0.4184417724609375,-1.1401485204696655,0.0,0.0,-0.0008789697894826531,-0.15755921602249146,0.0,0.0,0.15209429108628733,0.17817187085358616,-0.015791157260537148,0.08349353820085526,0.0,0.0,0.0,0.0
0.5981214046478271,-0.4184417724609375,-1.1401485204696655,0.0,0.0,-0.0008789697894826531,-0.15755921602249146,0.0,0.0,0.15209429108628733,0.17817187085358616,-0.015791157260537148,0.08349353820085526,0.0,0.0,0.0,0.0
0.5993831157684326,-0.4184417724609375,-1.1401485204696655,0.0,0.0,-0.0008789697894826531,-0.15755921602249146,0.0,0.0,0.15209429108628733,0.17817187085358616,-0.015791157260537148,0.08349353820085526,0.0,0.0,0.0,0.0
0.6006217002868652,-0.4184417724609375,-1.1401485204696655,0.0,0.0,-0.0008789697894826531,-0.15755921602249146,0.0,0.0,0.15209429108628733,0.17783151418493617,-0.015791157260537148,0.08801393955945969,0.0,0.0,0.0,0.0
0.6019065380096436,-0.4184417724609375,-1.1401485204696655,0.0,0.0,-0.0008789697894826531,-0.15755921602249146,0.0,0.0,0.15209429108628733,0.17783151418493617,-0.015791157260537148,0.08801393955945969,0.0,0.0,0.0,0.0
0.6032836437225342,-0.4184417724609375,-1.1401485204696655,0.0,0.0,-0.0008789697894826531,-0.15755921602249146,0.0,0.0,0.15209429108628733,0.17763976658645048,-0.015791157260537148,0.08827145397663116,0.0,0.0,0.0,0.0
0.6045827865600586,-0.4184417724609375,-1.1401485204696655,0.0,0.0,-0.0008789697894826531,-0.15755921602249146,0.0,0.0,0.15209429108628733,0.17763976658645048,-0.015791157260537148,0.08827145397663116,0.0,0.0,0.0,0.0
0.6058120727539062,-0.4184417724609375,-1.1401485204696655,0.0,0.0,-0.0008789697894826531,-0.15755921602249146,0.0,0.0,0.15209429108628733,0.17773085371773795,-0.015791157260537148,0.08612566441297531,0.0,0.0,0.0,0.0
0.6070859432220459,-0.4184417724609375,-1.1401485204696655,0.0,0.0,-0.0008789697894826531,-0.15755921602249146,0.0,0.0,0.15209429108628733,0.17773085371773795,-0.015791157260537148,0.08612566441297531,0.0,0.0,0.0,0.0
0.6084346771240234,-0.4184417724609375,-1.1401485204696655,0.0,0.0,-0.0008789697894826531,-0.15755921602249146,0.0,0.0,0.15209429108628733,0.17809038046489864,-0.015791157260537148,0.08157669007778168,0.0,0.0,0.0,0.0
0.6096594333648682,-0.4184417724609375,-1.1401485204696655,0.0,0.0,-0.0008789697894826531,-0.15755921602249146,0.0,0.0,0.15209429108628733,0.17809038046489864,-0.015791157260537148,0.08157669007778168,0.0,0.0,0.0,0.0
0.6109530925750732,-0.4184417724609375,-1.1401485204696655,0.0,0.0,-0.0008789697894826531,-0.15755921602249146,0.0,0.0,0.15209429108628733,0.17817187085358616,-0.015791157260537148,0.08137638121843338,0.0,0.0,0.0,0.0
0.6122000217437744,-0.4184417724609375,-1.1401485204696655,0.0,0.0,-0.0008789697894826531,-0.15755921602249146,0.0,0.0,0.15209429108628733,0.17817187085358616,-0.015791157260537148,0.08137638121843338,0.0,0.0,0.0,0.0
0.6134521961212158,-0.4184417724609375,-1.1401485204696655,0.0,0.0,-0.0008789697894826531,-0.15755921602249146,0.0,0.0,0.1517635194568927,0.17817187085358616,-0.020254353061318398,0.08214885741472244,0.0,0.0,0.0,0.0
0.6146519184112549,-0.4184417724609375,-1.1401485204696655,0.0,0.0,-0.0008789697894826531,-0.15755921602249146,0.0,0.0,0.1517635194568927,0.17817187085358616,-0.020254353061318398,0.08214885741472244,0.0,0.0,0.0,0.0
0.6159489154815674,-0.4434225559234619,-1.096242904663086,0.0,0.0,-0.0009196302853524685,-0.1575358361005783,0.0,0.0,0.15158615526896235,0.17817187085358616,-0.020540442317724228,0.08349353820085526,0.0,0.0,0.0,0.0
0.6172153949737549,-0.4434225559234619,-1.096242904663086,0.0,0.0,-0.0009196302853524685,-0.1575358361005783,0.0,0.0,0.15158615526896235,0.17817187085358616,-0.020540442317724228,0.08349353820085526,0.0,0.0,0.0,0.0
0.6186408996582031,-0.4434225559234619,-1.096242904663086,0.0,0.0,-0.0009196302853524685,-0.1575358361005783,0.0,0.0,0.15162930550062842,0.17817187085358616,-0.0198824480175972,0.08349353820085526,0.0,0.0,0.0,0.0
0.6200413703918457,-0.4434225559234619,-1.096242904663086,0.0,0.0,-0.0009196302853524685,-0.1575358361005783,0.0,0.0,0.15162930550062842,0.17817187085358616,-0.01856633462011814,0.08349353820085526,0.0,0.0,0.0,0.0
0.6213059425354004,-0.4434225559234619,-1.096242904663086,0.0,0.0,-0.0009196302853524685,-0.1575358361005783,0.0,0.0,0.15162930550062842,0.17817187085358616,-0.01856633462011814,0.08349353820085526,0.0,0.0,0.0,0.0
0.62251877784729,-0.4434225559234619,-1.096242904663086,0.0,0.0,-0.0009196302853524685,-0.1575358361005783,0.0,0.0,0.15162930550062842,0.17817187085358616,-0.01856633462011814,0.08349353820085526,0.0,0.0,0.0,0.0
0.623708963394165,-0.4434225559234619,-1.096242904663086,0.0,0.0,-0.0009196302853524685,-0.1575358361005783,0.0,0.0,0.15162930550062842,0.17817187085358616,-0.01856633462011814,0.08349353820085526,0.0,0.0,0.0,0.0
0.6251859664916992,-0.465336412191391,-1.159295678138733,0.0,0.0,-0.0009423838928341866,-0.1575533002614975,0.0,0.0,0.15162930550062842,0.17817187085358616,-0.01856633462011814,0.08349353820085526,0.0,0.0,0.0,0.0
0.626577615737915,-0.465336412191391,-1.159295678138733,0.0,0.0,-0.0009423838928341866,-0.1575533002614975,0.0,0.0,0.15162930550062842,0.17817187085358616,-0.01856633462011814,0.08349353820085526,0.0,0.0,0.0,0.0
0.6280403137207031,-0.465336412191391,-1.159295678138733,0.0,0.0,-0.0009423838928341866,-0.1575533002614975,0.0,0.0,0.15162930550062842,0.17817187085358616,-0.01856633462011814,0.08349353820085526,0.0,0.0,0.0,0.0
0.629305362701416,-0.465336412191391,-1.159295678138733,0.0,0.0,-0.0009423838928341866,-0.1575533002614975,0.0,0.0,0.15162930550062842,0.17817187085358616,-0.01856633462011814,0.08349353820085526,0.0,0.0,0.0,0.0
0.6307673454284668,-0.465336412191391,-1.159295678138733,0.0,0.0,-0.0009423838928341866,-0.1575533002614975,0.0,0.0,0.15162930550062842,0.1782054243426522,-0.01856633462011814,0.08329327404499054,0.0,0.0,0.0,0.0
0.6320481300354004,-0.465336412191391,-1.159295678138733,0.0,0.0,-0.0009423838928341866,-0.1575533002614975,0.0,0.0,0.15162930550062842,0.1782054243426522,-0.01856633462011814,0.08329327404499054,0.0,0.0,0.0,0.0
0.633324146270752,-0.465336412191391,-1.159295678138733,0.0,0.0,-0.0009423838928341866,-0.1575533002614975,0.0,0.0,0.15162930550062842,0.1782054243426522,-0.01856633462011814,0.08329327404499054,0.0,0.0,0.0,0.0
0.6345634460449219,-0.465336412191391,-1.159295678138733,0.0,0.0,-0.0009423838928341866,-0.1575533002614975,0.0,0.0,0.15162930550062842,0.1782054243426522,-0.01856633462011814,0.08329327404499054,0.0,0.0,0.0,0.0
0.6358509063720703,-0.39930811524391174,-1.1441329717636108,0.0,0.0,-0.0008895291830413043,-0.15755315124988556,0.0,0.0,0.15162930550062842,0.1782054243426522,-0.01856633462011814,0.08329327404499054,0.0,0.0,0.0,0.0
0.6370995044708252,-0.39930811524391174,-1.1441329717636108,0.0,0.0,-0.0008895291830413043,-0.15755315124988556,0.0,0.0,0.15162930550062842,0.1782054243426522,-0.01856633462011814,0.08329327404499054,0.0,0.0,0.0,0.0
0.638373613357544,-0.39930811524391174,-1.1441329717636108,0.0,0.0,-0.0008895291830413043,-0.15755315124988556,0.0,0.0,0.15162930550062842,0.1782054243426522,-0.01856633462011814,0.08329327404499054,0.0,0.0,0.0,0.0
0.6395683288574219,-0.39930811524391174,-1.1441329717636108,0.0,0.0,-0.0008895291830413043,-0.15755315124988556,0.0,0.0,0.15162930550062842,0.1782054243426522,-0.01856633462011814,0.08329327404499054,0.0,0.0,0.0,0.0
0.6407973766326904,-0.39930811524391174,-1.1441329717636108,0.0,0.0,-0.0008895291830413043,-0.15755315124988556,0.0,0.0,0.15162930550062842,0.1782054243426522,-0.01856633462011814,0.08329327404499054,0.0,0.0,0.0,0.0
0.6420867443084717,-0.39930811524391174,-1.1441329717636108,0.0,0.0,-0.0008895291830413043,-0.15755315124988556,0.0,0.0,0.15162930550062842,0.1782054243426522,-0.01856633462011814,0.08329327404499054,0.0,0.0,0.0,0.0
0.6433084011077881,-0.39930811524391174,-1.1441329717636108,0.0,0.0,-0.0008895291830413043,-0.15755315124988556,0.0,0.0,0.15162930550062842,0.1782054243426522,-0.01856633462011814,0.08329327404499054,0.0,0.0,0.0,0.0
0.644566535949707,-0.39930811524391174,-1.1441329717636108,0.0,0.0,-0.0008895291830413043,-0.15755315124988556,0.0,0.0,0.15162930550062842,0.1782054243426522,-0.01856633462011814,0.08329327404499054,0.0,0.0,0.0,0.0
0.6458048820495605,-0.4184417724609375,-1.1401485204696655,0.0,0.0,-0.0008789697894826531,-0.15755921602249146,0.0,0.0,0.15162930550062842,0.1782054243426522,-0.01856633462011814,0.08329327404499054,0.0,0.0,0.0,0.0
0.647273063659668,-0.4184417724609375,-1.1401485204696655,0.0,0.0,-0.0008789697894826531,-0.15755921602249146,0.0,0.0,0.15162930550062842,0.1782054243426522,-0.01856633462011814,0.08329327404499054,0.0,0.0,0.0,0.0
0.6485607624053955,-0.4184417724609375,-1.1401485204696655,0.0,0.0,-0.0008789697894826531,-0.15755921602249146,0.0,0.0,0.15162930550062842,0.1782054243426522,-0.01856633462011814,0.08329327404499054,0.0,0.0,0.0,0.0
0.6497712135314941,-0.4184417724609375,-1.1401485204696655,0.0,0.0,-0.0008789697894826531,-0.15755921602249146,0.0,0.0,0.15162930550062842,0.1782054243426522,-0.01856633462011814,0.08329327404499054,0.0,0.0,0.0,0.0
0.6510324478149414,-0.4184417724609375,-1.1401485204696655,0.0,0.0,-0.0008789697894826531,-0.15755921602249146,0.0,0.0,0.15162930550062842,0.1779945066656558,-0.01856633462011814,0.08541042357683182,0.0,0.0,0.0,0.0
0.6522834300994873,-0.4184417724609375,-1.1401485204696655,0.0,0.0,-0.0008789697894826531,-0.15755921602249146,0.0,0.0,0.15162930550062842,0.1779945066656558,-0.01856633462011814,0.08541042357683182,0.0,0.0,0.0,0.0
0.6535007953643799,-0.4184417724609375,-1.1401485204696655,0.0,0.0,-0.0008789697894826531,-0.15755921602249146,0.0,0.0,0.15162930550062842,0.17801367674416652,-0.01856633462011814,0.08443768322467804,0.0,0.0,0.0,0.0
0.6547200679779053,-0.4184417724609375,-1.1401485204696655,0.0,0.0,-0.0008789697894826531,-0.15755921602249146,0.0,0.0,0.15162930550062842,0.17801367674416652,-0.01856633462011814,0.08443768322467804,0.0,0.0,0.0,0.0
0.6561071872711182,-0.41714322566986084,-1.1379358768463135,0.0,0.0,-0.0008763319929130375,-0.15755774080753326,0.0,0.0,0.15162930550062842,0.17801367674416652,-0.01856633462011814,0.08443768322467804,0.0,0.0,0.0,0.0
0.6576204299926758,-0.41714322566986084,-1.1379358768463135,0.0,0.0,-0.0008763319929130375,-0.15755774080753326,0.0,0.0,0.15162930550062842,0.17801367674416652,-0.01856633462011814,0.08443768322467804,0.0,0.0,0.0,0.0
0.6592841148376465,-0.41714322566986084,-1.1379358768463135,0.0,0.0,-0.0008763319929130375,-0.15755774080753326,0.0,0.0,0.15162930550062842,0.17801367674416652,-0.01856633462011814,0.08443768322467804,0.0,0.0,0.0,0.0
0.6608035564422607,-0.41714322566986084,-1.1379358768463135,0.0,0.0,-0.0008763319929130375,-0.15755774080753326,0.0,0.0,0.15162930550062842,0.17801367674416652,-0.01856633462011814,0.08443768322467804,0.0,0.0,0.0,0.0
0.6623339653015137,-0.41714322566986084,-1.1379358768463135,0.0,0.0,-0.0008763319929130375,-0.15755774080753326,0.0,0.0,0.15162930550062842,0.17801367674416652,-0.01856633462011814,0.08443768322467804,0.0,0.0,0.0,0.0
0.6644208431243896,-0.41714322566986084,-1.1379358768463135,0.0,0.0,-0.0008763319929130375,-0.15755774080753326,0.0,0.0,0.15162930550062842,0.17801367674416652,-0.01856633462011814,0.08443768322467804,0.0,0.0,0.0,0.0
0.6659359931945801,-0.41714322566986084,-1.1379358768463135,0.0,0.0,-0.0008763319929130375,-0.15755774080753326,0.0,0.0,0.15162930550062842,0.17801367674416652,-0.01856633462011814,0.08443768322467804,0.0,0.0,0.0,0.0
0.667557954788208,-0.41714322566986084,-1.1379358768463135,0.0,0.0,-0.0008763319929130375,-0.15755774080753326,0.0,0.0,0.15162930550062842,0.17801367674416652,-0.01856633462011814,0.08443768322467804,0.0,0.0,0.0,0.0
0.6690549850463867,-0.41714322566986084,-1.1379358768463135,0.0,0.0,-0.0008763319929130375,-0.15755774080753326,0.0,0.0,0.15162930550062842,0.17801367674416652,-0.01856633462011814,0.08443768322467804,0.0,0.0,0.0,0.0
0.6705889701843262,-0.41714322566986084,-1.1379358768463135,0.0,0.0,-0.0008763319929130375,-0.15755774080753326,0.0,0.0,0.15162930550062842,0.17801367674416652,-0.01856633462011814,0.08443768322467804,0.0,0.0,0.0,0.0
0.6721997261047363,-0.41714322566986084,-1.1379358768463135,0.0,0.0,-0.0008763319929130375,-0.15755774080753326,0.0,0.0,0.15162930550062842,0.17801367674416652,-0.01856633462011814,0.08443768322467804,0.0,0.0,0.0,0.0
0.6740293502807617,-0.41714322566986084,-1.1379358768463135,0.0,0.0,-0.0008763319929130375,-0.15755774080753326,0.0,0.0,0.15162930550062842,0.17801367674416652,-0.01856633462011814,0.08443768322467804,0.0,0.0,0.0,0.0
0.6754751205444336,-0.43080848455429077,-1.1614187955856323,0.0,0.0,-0.000892988929990679,-0.15756705403327942,0.0,0.0,0.15162930550062842,0.17801367674416652,-0.01856633462011814,0.08443768322467804,0.0,0.0,0.0,0.0
0.6770594120025635,-0.43080848455429077,-1.1614187955856323,0.0,0.0,-0.000892988929990679,-0.15756705403327942,0.0,0.0,0.15162930550062842,0.17801367674416652,-0.01856633462011814,0.08443768322467804,0.0,0.0,0.0,0.0
0.6786477565765381,-0.43080848455429077,-1.1614187955856323,0.0,0.0,-0.000892988929990679,-0.15756705403327942,0.0,0.0,0.15162930550062842,0.17801367674416652,-0.01856633462011814,0.08443768322467804,0.0,0.0,0.0,0.0
0.6802339553833008,-0.43080848455429077,-1.1614187955856323,0.0,0.0,-0.000892988929990679,-0.15756705403327942,0.0,0.0,0.15162930550062842,0.17801367674416652,-0.01856633462011814,0.08443768322467804,0.0,0.0,0.0,0.0
0.6818532943725586,-0.43080848455429077,-1.1614187955856323,0.0,0.0,-0.000892988929990679,-0.15756705403327942,0.0,0.0,0.15162930550062842,0.17801367674416652,-0.01856633462011814,0.08443768322467804,0.0,0.0,0.0,0.0
0.6835956573486328,-0.43080848455429077,-1.1614187955856323,0.0,0.0,-0.000892988929990679,-0.15756705403327942,0.0,0.0,0.15162930550062842,0.17801367674416652,-0.01856633462011814,0.08443768322467804,0.0,0.0,0.0,0.0
0.6852846145629883,-0.42456483840942383,-1.1505783796310425,0.0,0.0,-0.0008914812933653593,-0.15756618976593018,0.0,0.0,0.15162930550062842,0.17801367674416652,-0.01856633462011814,0.08443768322467804,0.0,0.0,0.0,0.0
0.6869547367095947,-0.42456483840942383,-1.1505783796310425,0.0,0.0,-0.0008914812933653593,-0.15756618976593018,0.0,0.0,0.15162930550062842,0.17801367674416652,-0.01856633462011814,0.08443768322467804,0.0,0.0,0.0,0.0
0.6886129379272461,-0.42456483840942383,-1.1505783796310425,0.0,0.0,-0.0008914812933653593,-0.15756618976593018,0.0,0.0,0.15162930550062842,0.17801367674416652,-0.01856633462011814,0.08443768322467804,0.0,0.0,0.0,0.0
0.690310001373291,-0.42456483840942383,-1.1505783796310425,0.0,0.0,-0.0008914812933653593,-0.15756618976593018,0.0,0.0,0.15162930550062842,0.17801367674416652,-0.01856633462011814,0.08443768322467804,0.0,0.0,0.0,0.0
0.6920440196990967,-0.42456483840942383,-1.1505783796310425,0.0,0.0,-0.0008914812933653593,-0.15756618976593018,0.0,0.0,0.15162930550062842,0.17801367674416652,-0.01856633462011814,0.08443768322467804,0.0,0.0,0.0,0.0
0.6941561698913574,-0.42456483840942383,-1.1505783796310425,0.0,0.0,-0.0008914812933653593,-0.15756618976593018,0.0,0.0,0.15162930550062842,0.17801367674416652,-0.01856633462011814,0.08443768322467804,0.0,0.0,0.0,0.0
0.6962552070617676,-0.42456483840942383,-1.1505783796310425,0.0,0.0,-0.0008914812933653593,-0.15756618976593018,0.0,0.0,0.15162930550062842,0.17801367674416652,-0.01856633462011814,0.08443768322467804,0.0,0.0,0.0,0.0
0.698030948638916,-0.42456483840942383,-1.1505783796310425,0.0,0.0,-0.0008914812933653593,-0.15756618976593018,0.0,0.0,0.15162930550062842,0.17801367674416652,-0.01856633462011814,0.08443768322467804,0.0,0.0,0.0,0.0
0.6997787952423096,-0.42456483840942383,-1.1505783796310425,0.0,0.0,-0.0008914812933653593,-0.15756618976593018,0.0,0.0,0.15162930550062842,0.17801367674416652,-0.01856633462011814,0.08443768322467804,0.0,0.0,0.0,0.0
0.7016439437866211,-0.42456483840942383,-1.1505783796310425,0.0,0.0,-0.0008914812933653593,-0.15756618976593018,0.0,0.0,0.15162930550062842,0.17801367674416652,-0.01856633462011814,0.08443768322467804,0.0,0.0,0.0,0.0
0.7038204669952393,-0.42456483840942383,-1.1505783796310425,0.0,0.0,-0.0008914812933653593,-0.15756618976593018,0.0,0.0,0.15162930550062842,0.17801367674416652,-0.01856633462011814,0.08443768322467804,0.0,0.0,0.0,0.0
0.7055585384368896,-0.42456483840942383,-1.1505783796310425,0.0,0.0,-0.0008914812933653593,-0.15756618976593018,0.0,0.0,0.15162930550062842,0.17801367674416652,-0.01856633462011814,0.08443768322467804,0.0,0.0,0.0,0.0
0.7074892520904541,-0.42456483840942383,-1.1505783796310425,0.0,0.0,-0.0008914812933653593,-0.15756618976593018,0.0,0.0,0.15162930550062842,0.17801367674416652,-0.01856633462011814,0.08443768322467804,0.0,0.0,0.0,0.0
0.7093374729156494,-0.42456483840942383,-1.1505783796310425,0.0,0.0,-0.0008914812933653593,-0.15756618976593018,0.0,0.0,0.15162930550062842,0.17801367674416652,-0.01856633462011814,0.08443768322467804,0.0,0.0,0.0,0.0
0.7113280296325684,-0.42456483840942383,-1.1505783796310425,0.0,0.0,-0.0008914812933653593,-0.15756618976593018,0.0,0.0,0.15162930550062842,0.17801367674416652,-0.01856633462011814,0.08443768322467804,0.0,0.0,0.0,0.0
0.7131435871124268,-0.42456483840942383,-1.1505783796310425,0.0,0.0,-0.0008914812933653593,-0.15756618976593018,0.0,0.0,0.15162930550062842,0.17801367674416652,-0.01856633462011814,0.08443768322467804,0.0,0.0,0.0,0.0
0.7155725955963135,-0.42456483840942383,-1.1505783796310425,0.0,0.0,-0.0008914812933653593,-0.15756618976593018,0.0,0.0,0.15162930550062842,0.17800409170491116,-0.01856633462011814,0.08449489623308182,0.0,0.0,0.0,0.0
0.7175588607788086,-0.42456483840942383,-1.1505783796310425,0.0,0.0,-0.0008914812933653593,-0.15756618976593018,0.0,0.0,0.15162930550062842,0.17800409170491116,-0.01856633462011814,0.08449489623308182,0.0,0.0,0.0,0.0
0.7193670272827148,-0.42456483840942383,-1.1505783796310425,0.0,0.0,-0.0008914812933653593,-0.15756618976593018,0.0,0.0,0.15162930550062842,0.17800409170491116,-0.01856633462011814,0.08449489623308182,0.0,0.0,0.0,0.0
0.7216091156005859,-0.42456483840942383,-1.1505783796310425,0.0,0.0,-0.0008914812933653593,-0.15756618976593018,0.0,0.0,0.15162930550062842,0.17800409170491116,-0.01856633462011814,0.08449489623308182,0.0,0.0,0.0,0.0
0.7236120700836182,-0.42456483840942383,-1.1505783796310425,0.0,0.0,-0.0008914812933653593,-0.15756618976593018,0.0,0.0,0.15162930550062842,0.17800409170491116,-0.01856633462011814,0.08449489623308182,0.0,0.0,0.0,0.0
0.725654125213623,-0.42456483840942383,-1.1505783796310425,0.0,0.0,-0.0008914812933653593,-0.15756618976593018,0.0,0.0,0.15162930550062842,0.17800409170491116,-0.01856633462011814,0.08449489623308182,0.0,0.0,0.0,0.0
0.7273397445678711,-0.42456483840942383,-1.1505783796310425,0.0,0.0,-0.0008914812933653593,-0.15756618976593018,0.0,0.0,0.15162930550062842,0.17800409170491116,-0.01856633462011814,0.08449489623308182,0.0,0.0,0.0,0.0
0.7291018962860107,-0.42456483840942383,-1.1505783796310425,0.0,0.0,-0.0008914812933653593,-0.15756618976593018,0.0,0.0,0.15162930550062842,0.17800409170491116,-0.01856633462011814,0.08449489623308182,0.0,0.0,0.0,0.0
0.7312490940093994,-0.42456483840942383,-1.1505783796310425,0.0,0.0,-0.0008914812933653593,-0.15756618976593018,0.0,0.0,0.15162930550062842,0.17800409170491116,-0.01856633462011814,0.08449489623308182,0.0,0.0,0.0,0.0
0.7330265045166016,-0.42456483840942383,-1.1505783796310425,0.0,0.0,-0.0008914812933653593,-0.15756618976593018,0.0,0.0,0.15162930550062842,0.17800409170491116,-0.01856633462011814,0.08449489623308182,0.0,0.0,0.0,0.0
0.7347307205200195,-0.42456483840942383,-1.1505783796310425,0.0,0.0,-0.0008914812933653593,-0.15756618976593018,0.0,0.0,0.15162930550062842,0.1779945066656558,-0.01856633462011814,0.084552101790905,0.0,0.0,0.0,0.0
0.7369415760040283,-0.42456483840942383,-1.1505783796310425,0.0,0.0,-0.0008914812933653593,-0.15756618976593018,0.0,0.0,0.15162930550062842,0.1779945066656558,-0.01856633462011814,0.084552101790905,0.0,0.0,0.0,0.0
0.7386808395385742,-0.42456483840942383,-1.1505783796310425,0.0,0.0,-0.0008914812933653593,-0.15756618976593018,0.0,0.0,0.15162930550062842,0.1779945066656558,-0.01856633462011814,0.084552101790905,0.0,0.0,0.0,0.0
0.740687370300293,-0.42456483840942383,-1.1505783796310425,0.0,0.0,-0.0008914812933653593,-0.15756618976593018,0.0,0.0,0.15162930550062842,0.1779945066656558,-0.01856633462011814,0.084552101790905,0.0,0.0,0.0,0.0
0.7425284385681152,-0.42456483840942383,-1.1505783796310425,0.0,0.0,-0.0008914812933653593,-0.15756618976593018,0.0,0.0,0.15162930550062842,0.1779945066656558,-0.01856633462011814,0.084552101790905,0.0,0.0,0.0,0.0
0.7442386150360107,-0.42456483840942383,-1.1505783796310425,0.0,0.0,-0.0008914812933653593,-0.15756618976593018,0.0,0.0,0.15162930550062842,0.1779945066656558,-0.01856633462011814,0.084552101790905,0.0,0.0,0.0,0.0
0.7463850975036621,-0.42493587732315063,-1.1512104272842407,0.0,0.0,-0.0008922350825741887,-0.1575666218996048,0.0,0.0,0.15162930550062842,0.1779945066656558,-0.01856633462011814,0.084552101790905,0.0,0.0,0.0,0.0
0.7481601238250732,-0.42493587732315063,-1.1512104272842407,0.0,0.0,-0.0008922350825741887,-0.1575666218996048,0.0,0.0,0.15162930550062842,0.1779945066656558,-0.01856633462011814,0.084552101790905,0.0,0.0,0.0,0.0
0.7499346733093262,-0.42493587732315063,-1.1512104272842407,0.0,0.0,-0.0008922350825741887,-0.1575666218996048,0.0,0.0,0.15162930550062842,0.1779945066656558,-0.01856633462011814,0.084552101790905,0.0,0.0,0.0,0.0
0.7523360252380371,-0.42493587732315063,-1.1512104272842407,0.0,0.0,-0.0008922350825741887,-0.1575666218996048,0.0,0.0,0.15162930550062842,0.1779945066656558,-0.01856633462011814,0.084552101790905,0.0,0.0,0.0,0.0
0.7544004917144775,-0.42493587732315063,-1.1512104272842407,0.0,0.0,-0.0008922350825741887,-0.1575666218996048,0.0,0.0,0.15162930550062842,0.1779945066656558,-0.01856633462011814,0.084552101790905,0.0,0.0,0.0,0.0
0.7565467357635498,-0.42493587732315063,-1.1512104272842407,0.0,0.0,-0.0008922350825741887,-0.1575666218996048,0.0,0.0,0.15162930550062842,0.1779945066656558,-0.01856633462011814,0.084552101790905,0.0,0.0,0.0,0.0
0.7583458423614502,-0.42493587732315063,-1.1512104272842407,0.0,0.0,-0.0008922350825741887,-0.1575666218996048,0.0,0.0,0.15162930550062842,0.1779945066656558,-0.01856633462011814,0.084552101790905,0.0,0.0,0.0,0.0
0.7602062225341797,-0.42493587732315063,-1.1512104272842407,0.0,0.0,-0.0008922350825741887,-0.1575666218996048,0.0,0.0,0.15162930550062842,0.1779945066656558,-0.01856633462011814,0.084552101790905,0.0,0.0,0.0,0.0
0.762009859085083,-0.42493587732315063,-1.1512104272842407,0.0,0.0,-0.0008922350825741887,-0.1575666218996048,0.0,0.0,0.15162930550062842,0.1779945066656558,-0.01856633462011814,0.084552101790905,0.0,0.0,0.0,0.0
0.7637207508087158,-0.42493587732315063,-1.1512104272842407,0.0,0.0,-0.0008922350825741887,-0.1575666218996048,0.0,0.0,0.15162930550062842,0.1779945066656558,-0.01856633462011814,0.084552101790905,0.0,0.0,0.0,0.0
0.7657673358917236,-0.42530685663223267,-1.151842474937439,0.0,0.0,-0.000892988929990679,-0.15756705403327942,0.0,0.0,0.15162930550062842,0.1779945066656558,-0.01856633462011814,0.084552101790905,0.0,0.0,0.0,0.0
0.7677483558654785,-0.42530685663223267,-1.151842474937439,0.0,0.0,-0.000892988929990679,-0.15756705403327942,0.0,0.0,0.15162930550062842,0.1779945066656558,-0.01856633462011814,0.084552101790905,0.0,0.0,0.0,0.0
0.7697269916534424,-0.42530685663223267,-1.151842474937439,0.0,0.0,-0.000892988929990679,-0.15756705403327942,0.0,0.0,0.15162930550062842,0.1779945066656558,-0.01856633462011814,0.084552101790905,0.0,0.0,0.0,0.0
0.7715632915496826,-0.42530685663223267,-1.151842474937439,0.0,0.0,-0.000892988929990679,-0.15756705403327942,0.0,0.0,0.15162930550062842,0.1779945066656558,-0.01856633462011814,0.084552101790905,0.0,0.0,0.0,0.0
0.7734293937683105,-0.42530685663223267,-1.151842474937439,0.0,0.0,-0.000892988929990679,-0.15756705403327942,0.0,0.0,0.15162930550062842,0.1779945066656558,-0.01856633462011814,0.084552101790905,0.0,0.0,0.0,0.0
0.7754073143005371,-0.42530685663223267,-1.151842474937439,0.0,0.0,-0.000892988929990679,-0.15756705403327942,0.0,0.0,0.15162930550062842,0.1779945066656558,-0.01856633462011814,0.084552101790905,0.0,0.0,0.0,0.0
0.7773246765136719,-0.42530685663223267,-1.151842474937439,0.0,0.0,-0.000892988929990679,-0.15756705403327942,0.0,0.0,0.15162930550062842,0.1779945066656558,-0.01856633462011814,0.084552101790905,0.0,0.0,0.0,0.0
0.7792518138885498,-0.42530685663223267,-1.151842474937439,0.0,0.0,-0.000892988929990679,-0.15756705403327942,0.0,0.0,0.15162930550062842,0.1779945066656558,-0.01856633462011814,0.084552101790905,0.0,0.0,0.0,0.0
0.7814328670501709,-0.42530685663223267,-1.151842474937439,0.0,0.0,-0.000892988929990679,-0.15756705403327942,0.0,0.0,0.15162930550062842,0.1779945066656558,-0.01856633462011814,0.084552101790905,0.0,0.0,0.0,0.0
0.7833249568939209,-0.42530685663223267,-1.151842474937439,0.0,0.0,-0.000892988929990679,-0.15756705403327942,0.0,0.0,0.15162930550062842,0.1779945066656558,-0.01856633462011814,0.084552101790905,0.0,0.0,0.0,0.0
0.7849783897399902,-0.42530685663223267,-1.151842474937439,0.0,0.0,-0.000892988929990679,-0.15756705403327942,0.0,0.0,0.15162930550062842,0.1779945066656558,-0.01856633462011814,0.084552101790905,0.0,0.0,0.0,0.0
0.7867200374603271,-0.42530685663223267,-1.151842474937439,0.0,0.0,-0.000892988929990679,-0.15756705403327942,0.0,0.0,0.15162930550062842,0.1779945066656558,-0.01856633462011814,0.084552101790905,0.0,0.0,0.0,0.0
0.7882249355316162,-0.42530685663223267,-1.151842474937439,0.0,0.0,-0.000892988929990679,-0.15756705403327942,0.0,0.0,0.15162930550062842,0.1779945066656558,-0.01856633462011814,0.084552101790905,0.0,0.0,0.0,0.0
0.7897450923919678,-0.42530685663223267,-1.151842474937439,0.0,0.0,-0.000892988929990679,-0.15756705403327942,0.0,0.0,0.15162930550062842,0.1779945066656558,-0.01856633462011814,0.084552101790905,0.0,0.0,0.0,0.0
0.7913863658905029,-0.42530685663223267,-1.151842474937439,0.0,0.0,-0.000892988929990679,-0.15756705403327942,0.0,0.0,0.15162930550062842,0.1779945066656558,-0.01856633462011814,0.084552101790905,0.0,0.0,0.0,0.0
0.793170690536499,-0.42530685663223267,-1.151842474937439,0.0,0.0,-0.000892988929990679,-0.15756705403327942,0.0,0.0,0.15162930550062842,0.1779945066656558,-0.01856633462011814,0.084552101790905,0.0,0.0,0.0,0.0
0.7956182956695557,-0.42530685663223267,-1.151842474937439,0.0,0.0,-0.000892988929990679,-0.15756705403327942,0.0,0.0,0.15162930550062842,0.1779945066656558,-0.01856633462011814,0.084552101790905,0.0,0.0,0.0,0.0
0.7975325584411621,-0.42530685663223267,-1.151842474937439,0.0,0.0,-0.000892988929990679,-0.15756705403327942,0.0,0.0,0.15162930550062842,0.1779945066656558,-0.01856633462011814,0.084552101790905,0.0,0.0,0.0,0.0
0.7994563579559326,-0.42530685663223267,-1.151842474937439,0.0,0.0,-0.000892988929990679,-0.15756705403327942,0.0,0.0,0.15162930550062842,0.1779945066656558,-0.01856633462011814,0.084552101790905,0.0,0.0,0.0,0.0
0.8023717403411865,-0.42530685663223267,-1.151842474937439,0.0,0.0,-0.000892988929990679,-0.15756705403327942,0.0,0.0,0.15162930550062842,0.1779945066656558,-0.01856633462011814,0.084552101790905,0.0,0.0,0.0,0.0
0.8041648864746094,-0.42530685663223267,-1.151842474937439,0.0,0.0,-0.000892988929990679,-0.15756705403327942,0.0,0.0,0.15162930550062842,0.1779945066656558,-0.01856633462011814,0.084552101790905,0.0,0.0,0.0,0.0
0.806687593460083,-0.42530685663223267,-1.151842474937439,0.0,0.0,-0.000892988929990679,-0.15756705403327942,0.0,0.0,0.15162930550062842,0.1779945066656558,-0.01856633462011814,0.084552101790905,0.0,0.0,0.0,0.0
0.8084733486175537,-0.42530685663223267,-1.151842474937439,0.0,0.0,-0.000892988929990679,-0.15756705403327942,0.0,0.0,0.15162930550062842,0.1779945066656558,-0.01856633462011814,0.084552101790905,0.0,0.0,0.0,0.0
0.8102140426635742,-0.42530685663223267,-1.151842474937439,0.0,0.0,-0.000892988929990679,-0.15756705403327942,0.0,0.0,0.15162930550062842,0.1779945066656558,-0.01856633462011814,0.084552101790905,0.0,0.0,0.0,0.0
0.8117179870605469,-0.42530685663223267,-1.151842474937439,0.0,0.0,-0.000892988929990679,-0.15756705403327942,0.0,0.0,0.15162930550062842,0.1779945066656558,-0.01856633462011814,0.084552101790905,0.0,0.0,0.0,0.0
0.813389778137207,-0.42530685663223267,-1.151842474937439,0.0,0.0,-0.000892988929990679,-0.15756705403327942,0.0,0.0,0.15162930550062842,0.1779945066656558,-0.01856633462011814,0.084552101790905,0.0,0.0,0.0,0.0
0.8156285285949707,-0.42530685663223267,-1.151842474937439,0.0,0.0,-0.000892988929990679,-0.15756705403327942,0.0,0.0,0.15162930550062842,0.17798970829435581,-0.01856633462011814,0.08458073437213898,0.0,0.0,0.0,0.0
0.8177919387817383,-0.42530685663223267,-1.151842474937439,0.0,0.0,-0.000892988929990679,-0.15756705403327942,0.0,0.0,0.15162930550062842,0.17798970829435581,-0.01856633462011814,0.08458073437213898,0.0,0.0,0.0,0.0
0.8198442459106445,-0.42530685663223267,-1.151842474937439,0.0,0.0,-0.000892988929990679,-0.15756705403327942,0.0,0.0,0.15162930550062842,0.17798970829435581,-0.01856633462011814,0.08458073437213898,0.0,0.0,0.0,0.0
0.822735071182251,-0.42530685663223267,-1.151842474937439,0.0,0.0,-0.000892988929990679,-0.15756705403327942,0.0,0.0,0.15162930550062842,0.17786028100604687,-0.01856633462011814,0.08669788390398026,0.0,0.0,0.0,0.0
0.8247873783111572,-0.42530685663223267,-1.151842474937439,0.0,0.0,-0.000892988929990679,-0.15756705403327942,0.0,0.0,0.15162930550062842,0.17786028100604687,-0.01856633462011814,0.08669788390398026,0.0,0.0,0.0,0.0
0.8265511989593506,-0.42530685663223267,-1.151842474937439,0.0,0.0,-0.000892988929990679,-0.15756705403327942,0.0,0.0,0.15162930550062842,0.17786028100604687,-0.01856633462011814,0.08535320311784744,0.0,0.0,0.0,0.0
0.8280861377716064,-0.42530685663223267,-1.151842474937439,0.0,0.0,-0.000892988929990679,-0.15756705403327942,0.0,0.0,0.15162930550062842,0.17797532488380044,-0.01856633462011814,0.08383689820766449,0.0,0.0,0.0,0.0
0.8294799327850342,-0.42530685663223267,-1.151842474937439,0.0,0.0,-0.000892988929990679,-0.15756705403327942,0.0,0.0,0.15162930550062842,0.17797532488380044,-0.01856633462011814,0.08383689820766449,0.0,0.0,0.0,0.0
0.830836296081543,-0.42530685663223267,-1.151842474937439,0.0,0.0,-0.000892988929990679,-0.15756705403327942,0.0,0.0,0.15162930550062842,0.17797532488380044,-0.01856633462011814,0.08383689820766449,0.0,0.0,0.0,0.0
0.8321926593780518,-0.42530685663223267,-1.151842474937439,0.0,0.0,-0.000892988929990679,-0.15756705403327942,0.0,0.0,0.15162930550062842,0.17808558209359865,-0.01856633462011814,0.08320742100477219,0.0,0.0,0.0,0.0
0.833613395690918,-0.42530685663223267,-1.151842474937439,0.0,0.0,-0.000892988929990679,-0.15756705403327942,0.0,0.0,0.15162930550062842,0.17819104093209687,-0.01856633462011814,0.08260665088891983,0.0,0.0,0.0,0.0
0.8350389003753662,-0.42530685663223267,-1.151842474937439,0.0,0.0,-0.000892988929990679,-0.15756705403327942,0.0,0.0,0.15162930550062842,0.17819104093209687,-0.01856633462011814,0.08260665088891983,0.0,0.0,0.0,0.0
0.8366281986236572,-0.42530685663223267,-1.151842474937439,0.0,0.0,-0.000892988929990679,-0.15756705403327942,0.0,0.0,0.15162930550062842,0.17817187085358616,-0.01856633462011814,0.08349353820085526,0.0,0.0,0.0,0.0
0.8379435539245605,-0.42530685663223267,-1.151842474937439,0.0,0.0,-0.000892988929990679,-0.15756705403327942,0.0,0.0,0.15162930550062842,0.17817187085358616,-0.01856633462011814,0.08349353820085526,0.0,0.0,0.0,0.0
0.8392789363861084,-0.42530685663223267,-1.151842474937439,0.0,0.0,-0.000892988929990679,-0.15756705403327942,0.0,0.0,0.15162930550062842,0.17817187085358616,-0.01856633462011814,0.08349353820085526,0.0,0.0,0.0,0.0
0.8405921459197998,-0.42530685663223267,-1.151842474937439,0.0,0.0,-0.000892988929990679,-0.15756705403327942,0.0,0.0,0.15162930550062842,0.17817187085358616,-0.01856633462011814,0.08349353820085526,0.0,0.0,0.0,0.0
0.8418724536895752,-0.42530685663223267,-1.151842474937439,0.0,0.0,-0.000892988929990679,-0.15756705403327942,0.0,0.0,0.15162930550062842,0.17817187085358616,-0.01856633462011814,0.08349353820085526,0.0,0.0,0.0,0.0
0.843174934387207,-0.42530685663223267,-1.151842474937439,0.0,0.0,-0.000892988929990679,-0.15756705403327942,0.0,0.0,0.15162930550062842,0.17817187085358616,-0.01856633462011814,0.08349353820085526,0.0,0.0,0.0,0.0
0.8444881439208984,-0.42530685663223267,-1.151842474937439,0.0,0.0,-0.000892988929990679,-0.15756705403327942,0.0,0.0,0.15162930550062842,0.17817187085358616,-0.01856633462011814,0.08349353820085526,0.0,0.0,0.0,0.0
0.8457934856414795,-0.43544813990592957,-1.1693178415298462,0.0,0.0,-0.0009024489554576576,-0.15757237374782562,0.0,0.0,0.15162930550062842,0.17817187085358616,-0.01856633462011814,0.08349353820085526,0.0,0.0,0.0,0.0
0.8471059799194336,-0.43544813990592957,-1.1693178415298462,0.0,0.0,-0.0009024489554576576,-0.15757237374782562,0.0,0.0,0.15162930550062842,0.1782054243426522,-0.01856633462011814,0.08329327404499054,0.0,0.0,0.0,0.0
0.8484175205230713,-0.43544813990592957,-1.1693178415298462,0.0,0.0,-0.0009024489554576576,-0.15757237374782562,0.0,0.0,0.15162930550062842,0.1782054243426522,-0.01856633462011814,0.08329327404499054,0.0,0.0,0.0,0.0
0.8496890068054199,-0.43544813990592957,-1.1693178415298462,0.0,0.0,-0.0009024489554576576,-0.15757237374782562,0.0,0.0,0.15162930550062842,0.1782054243426522,-0.01856633462011814,0.08329327404499054,0.0,0.0,0.0,0.0
0.850975513458252,-0.43544813990592957,-1.1693178415298462,0.0,0.0,-0.0009024489554576576,-0.15757237374782562,0.0,0.0,0.15162930550062842,0.1782054243426522,-0.01856633462011814,0.08329327404499054,0.0,0.0,0.0,0.0
0.8523895740509033,-0.43544813990592957,-1.1693178415298462,0.0,0.0,-0.0009024489554576576,-0.15757237374782562,0.0,0.0,0.15162930550062842,0.1782054243426522,-0.01856633462011814,0.08329327404499054,0.0,0.0,0.0,0.0
0.853675127029419,-0.43544813990592957,-1.1693178415298462,0.0,0.0,-0.0009024489554576576,-0.15757237374782562,0.0,0.0,0.15162930550062842,0.1782054243426522,-0.01856633462011814,0.08329327404499054,0.0,0.0,0.0,0.0
0.8551690578460693,-0.43544813990592957,-1.1693178415298462,0.0,0.0,-0.0009024489554576576,-0.15757237374782562,0.0,0.0,0.15162930550062842,0.1782054243426522,-0.01856633462011814,0.08329327404499054,0.0,0.0,0.0,0.0
0.8567285537719727,-0.4166468679904938,-1.1368993520736694,0.0,0.0,-0.000885790737811476,-0.15756303071975708,0.0,0.0,0.15162930550062842,0.1782054243426522,-0.01856633462011814,0.08329327404499054,0.0,0.0,0.0,0.0
0.8580374717712402,-0.4166468679904938,-1.1368993520736694,0.0,0.0,-0.000885790737811476,-0.15756303071975708,0.0,0.0,0.15162930550062842,0.1782054243426522,-0.01856633462011814,0.08329327404499054,0.0,0.0,0.0,0.0
0.8593285083770752,-0.4166468679904938,-1.1368993520736694,0.0,0.0,-0.000885790737811476,-0.15756303071975708,0.0,0.0,0.15162930550062842,0.1782054243426522,-0.01856633462011814,0.08329327404499054,0.0,0.0,0.0,0.0
0.8606162071228027,-0.4166468679904938,-1.1368993520736694,0.0,0.0,-0.000885790737811476,-0.15756303071975708,0.0,0.0,0.15162930550062842,0.1782054243426522,-0.01856633462011814,0.08329327404499054,0.0,0.0,0.0,0.0
0.8619098663330078,-0.4166468679904938,-1.1368993520736694,0.0,0.0,-0.000885790737811476,-0.15756303071975708,0.0,0.0,0.15162930550062842,0.1782054243426522,-0.01856633462011814,0.08329327404499054,0.0,0.0,0.0,0.0
0.8631794452667236,-0.4166468679904938,-1.1368993520736694,0.0,0.0,-0.000885790737811476,-0.15756303071975708,0.0,0.0,0.15162930550062842,0.1782054243426522,-0.01856633462011814,0.08329327404499054,0.0,0.0,0.0,0.0
0.8644363880157471,-0.4166468679904938,-1.1368993520736694,0.0,0.0,-0.000885790737811476,-0.15756303071975708,0.0,0.0,0.15162930550062842,0.1782054243426522,-0.01856633462011814,0.08329327404499054,0.0,0.0,0.0,0.0
0.8656895160675049,-0.4184417724609375,-1.1401485204696655,0.0,0.0,-0.0008789697894826531,-0.15755921602249146,0.0,0.0,0.15162930550062842,0.1782054243426522,-0.01856633462011814,0.08329327404499054,0.0,0.0,0.0,0.0
0.8670394420623779,-0.4184417724609375,-1.1401485204696655,0.0,0.0,-0.0008789697894826531,-0.15755921602249146,0.0,0.0,0.15162930550062842,0.1782054243426522,-0.01856633462011814,0.08329327404499054,0.0,0.0,0.0,0.0
0.868304967880249,-0.4184417724609375,-1.1401485204696655,0.0,0.0,-0.0008789697894826531,-0.15755921602249146,0.0,0.0,0.15162930550062842,0.1782054243426522,-0.01856633462011814,0.08329327404499054,0.0,0.0,0.0,0.0
0.869544267654419,-0.4184417724609375,-1.1401485204696655,0.0,0.0,-0.0008789697894826531,-0.15755921602249146,0.0,0.0,0.15162930550062842,0.1782054243426522,-0.01856633462011814,0.08329327404499054,0.0,0.0,0.0,0.0
0.8708178997039795,-0.4184417724609375,-1.1401485204696655,0.0,0.0,-0.0008789697894826531,-0.15755921602249146,0.0,0.0,0.15162930550062842,0.1782054243426522,-0.01856633462011814,0.08329327404499054,0.0,0.0,0.0,0.0
0.8720893859863281,-0.4184417724609375,-1.1401485204696655,0.0,0.0,-0.0008789697894826531,-0.15755921602249146,0.0,0.0,0.15162930550062842,0.1782054243426522,-0.01856633462011814,0.08329327404499054,0.0,0.0,0.0,0.0
0.8733463287353516,-0.4184417724609375,-1.1401485204696655,0.0,0.0,-0.0008789697894826531,-0.15755921602249146,0.0,0.0,0.15162930550062842,0.1782054243426522,-0.01856633462011814,0.08329327404499054,0.0,0.0,0.0,0.0
0.87459397315979,-0.4184417724609375,-1.1401485204696655,0.0,0.0,-0.0008789697894826531,-0.15755921602249146,0.0,0.0,0.15162930550062842,0.1782054243426522,-0.01856633462011814,0.08329327404499054,0.0,0.0,0.0,0.0
0.875908613204956,-0.41714322566986084,-1.1379358768463135,0.0,0.0,-0.0008763319929130375,-0.15755774080753326,0.0,0.0,0.15162930550062842,0.1782054243426522,-0.01856633462011814,0.08329327404499054,0.0,0.0,0.0,0.0
0.8773880004882812,-0.41714322566986084,-1.1379358768463135,0.0,0.0,-0.0008763319929130375,-0.15755774080753326,0.0,0.0,0.15162930550062842,0.1782054243426522,-0.01856633462011814,0.08329327404499054,0.0,0.0,0.0,0.0
0.8787193298339844,-0.41714322566986084,-1.1379358768463135,0.0,0.0,-0.0008763319929130375,-0.15755774080753326,0.0,0.0,0.15162930550062842,0.1782054243426522,-0.01856633462011814,0.08329327404499054,0.0,0.0,0.0,0.0
0.880091667175293,-0.41714322566986084,-1.1379358768463135,0.0,0.0,-0.0008763319929130375,-0.15755774080753326,0.0,0.0,0.15162930550062842,0.17763976658645048,-0.01856633462011814,0.0899880975484848,0.0,0.0,0.0,0.0
0.8813507556915283,-0.41714322566986084,-1.1379358768463135,0.0,0.0,-0.0008763319929130375,-0.15755774080753326,0.0,0.0,0.15162930550062842,0.17763976658645048,-0.01856633462011814,0.0899880975484848,0.0,0.0,0.0,0.0
0.8825984001159668,-0.41714322566986084,-1.1379358768463135,0.0,0.0,-0.0008763319929130375,-0.15755774080753326,0.0,0.0,0.15162930550062842,0.17766373503626118,-0.01856633462011814,0.08729872852563858,0.0,0.0,0.0,0.0
0.8838980197906494,-0.41714322566986084,-1.1379358768463135,0.0,0.0,-0.0008763319929130375,-0.15755774080753326,0.0,0.0,0.15162930550062842,0.17766373503626118,-0.01856633462011814,0.08729872852563858,0.0,0.0,0.0,0.0
0.8854837417602539,-0.41714322566986084,-1.1379358768463135,0.0,0.0,-0.0008763319929130375,-0.15755774080753326,0.0,0.0,0.15162930550062842,0.17770688526792724,-0.01856633462011814,0.08626871556043625,0.0,0.0,0.0,0.0
0.886765718460083,-0.41714322566986084,-1.1379358768463135,0.0,0.0,-0.0008763319929130375,-0.15755774080753326,0.0,0.0,0.15162930550062842,0.17770688526792724,-0.01856633462011814,0.08626871556043625,0.0,0.0,0.0,0.0
0.8881049156188965,-0.41714322566986084,-1.1379358768463135,0.0,0.0,-0.0008763319929130375,-0.15755774080753326,0.0,0.0,0.15162930550062842,0.17770688526792724,-0.01856633462011814,0.08626871556043625,0.0,0.0,0.0,0.0
0.8897695541381836,-0.41714322566986084,-1.1379358768463135,0.0,0.0,-0.0008763319929130375,-0.15755774080753326,0.0,0.0,0.15162930550062842,0.17770688526792724,-0.01856633462011814,0.08626871556043625,0.0,0.0,0.0,0.0
0.891596794128418,-0.41714322566986084,-1.1379358768463135,0.0,0.0,-0.0008763319929130375,-0.15755774080753326,0.0,0.0,0.15162930550062842,0.17770688526792724,-0.01856633462011814,0.08626871556043625,0.0,0.0,0.0,0.0
0.8929691314697266,-0.41714322566986084,-1.1379358768463135,0.0,0.0,-0.0008763319929130375,-0.15755774080753326,0.0,0.0,0.15162930550062842,0.17770688526792724,-0.01856633462011814,0.08626871556043625,0.0,0.0,0.0,0.0
0.8943295478820801,-0.41714322566986084,-1.1379358768463135,0.0,0.0,-0.0008763319929130375,-0.15755774080753326,0.0,0.0,0.15162930550062842,0.17770688526792724,-0.01856633462011814,0.08626871556043625,0.0,0.0,0.0,0.0
0.8961031436920166,-0.41714322566986084,-1.1379358768463135,0.0,0.0,-0.0008763319929130375,-0.15755774080753326,0.0,0.0,0.15162930550062842,0.17770688526792724,-0.01856633462011814,0.08626871556043625,0.0,0.0,0.0,0.0
0.8976414203643799,-0.41714322566986084,-1.1379358768463135,0.0,0.0,-0.0008763319929130375,-0.15755774080753326,0.0,0.0,0.15162930550062842,0.17770688526792724,-0.01856633462011814,0.08626871556043625,0.0,0.0,0.0,0.0
0.8990213871002197,-0.41714322566986084,-1.1379358768463135,0.0,0.0,-0.0008763319929130375,-0.15755774080753326,0.0,0.0,0.15162930550062842,0.17770688526792724,-0.01856633462011814,0.08626871556043625,0.0,0.0,0.0,0.0
0.9003798961639404,-0.41714322566986084,-1.1379358768463135,0.0,0.0,-0.0008763319929130375,-0.15755774080753326,0.0,0.0,0.15162930550062842,0.17770688526792724,-0.01856633462011814,0.08626871556043625,0.0,0.0,0.0,0.0
0.9018087387084961,-0.41714322566986084,-1.1379358768463135,0.0,0.0,-0.0008763319929130375,-0.15755774080753326,0.0,0.0,0.15162930550062842,0.17770688526792724,-0.01856633462011814,0.08626871556043625,0.0,0.0,0.0,0.0
0.9036045074462891,-0.41714322566986084,-1.1379358768463135,0.0,0.0,-0.0008763319929130375,-0.15755774080753326,0.0,0.0,0.15162930550062842,0.17770688526792724,-0.01856633462011814,0.08626871556043625,0.0,0.0,0.0,0.0
0.9050450325012207,-0.41714322566986084,-1.1379358768463135,0.0,0.0,-0.0008763319929130375,-0.15755774080753326,0.0,0.0,0.15162930550062842,0.17787466441660224,-0.01856633462011814,0.08626871556043625,0.0,0.0,0.0,0.0
0.9068305492401123,-0.4430658519268036,-1.1822595596313477,0.0,0.0,-0.0009191465214826167,-0.15758168697357178,0.0,0.0,0.15162930550062842,0.1782198077532076,-0.01856633462011814,0.08071838319301605,0.0,0.0,0.0,0.0
0.9082584381103516,-0.4430658519268036,-1.1822595596313477,0.0,0.0,-0.0009191465214826167,-0.15758168697357178,0.0,0.0,0.15162930550062842,0.1782198077532076,-0.01856633462011814,0.08071838319301605,0.0,0.0,0.0,0.0
0.9097566604614258,-0.4430658519268036,-1.1822595596313477,0.0,0.0,-0.0009191465214826167,-0.15758168697357178,0.0,0.0,0.15162930550062842,0.17823419116376293,-0.01856633462011814,0.08232054859399796,0.0,0.0,0.0,0.0
0.9110918045043945,-0.4430658519268036,-1.1822595596313477,0.0,0.0,-0.0009191465214826167,-0.15758168697357178,0.0,0.0,0.15162930550062842,0.17823419116376293,-0.01856633462011814,0.08232054859399796,0.0,0.0,0.0,0.0
0.9123778343200684,-0.4430658519268036,-1.1822595596313477,0.0,0.0,-0.0009191465214826167,-0.15758168697357178,0.0,0.0,0.15162930550062842,0.17817187085358616,-0.01856633462011814,0.08349353820085526,0.0,0.0,0.0,0.0
0.9136736392974854,-0.4430658519268036,-1.1822595596313477,0.0,0.0,-0.0009191465214826167,-0.15758168697357178,0.0,0.0,0.15162930550062842,0.17817187085358616,-0.01856633462011814,0.08349353820085526,0.0,0.0,0.0,0.0
0.9149484634399414,-0.4430658519268036,-1.1822595596313477,0.0,0.0,-0.0009191465214826167,-0.15758168697357178,0.0,0.0,0.15162930550062842,0.17817187085358616,-0.01856633462011814,0.08349353820085526,0.0,0.0,0.0,0.0
0.9164652824401855,-0.43644243478775024,-1.1707996129989624,0.0,0.0,-0.0009157164604403079,-0.15757979452610016,0.0,0.0,0.15162930550062842,0.17817187085358616,-0.01856633462011814,0.08349353820085526,0.0,0.0,0.0,0.0
0.9176945686340332,-0.43644243478775024,-1.1707996129989624,0.0,0.0,-0.0009157164604403079,-0.15757979452610016,0.0,0.0,0.15162930550062842,0.17817187085358616,-0.01856633462011814,0.08349353820085526,0.0,0.0,0.0,0.0
0.9189245700836182,-0.43644243478775024,-1.1707996129989624,0.0,0.0,-0.0009157164604403079,-0.15757979452610016,0.0,0.0,0.15162930550062842,0.17817187085358616,-0.01856633462011814,0.08349353820085526,0.0,0.0,0.0,0.0
0.9201300144195557,-0.43644243478775024,-1.1707996129989624,0.0,0.0,-0.0009157164604403079,-0.15757979452610016,0.0,0.0,0.15162930550062842,0.17817187085358616,-0.01856633462011814,0.08349353820085526,0.0,0.0,0.0,0.0
0.9213788509368896,-0.43644243478775024,-1.1707996129989624,0.0,0.0,-0.0009157164604403079,-0.15757979452610016,0.0,0.0,0.15162930550062842,0.17817187085358616,-0.01856633462011814,0.08349353820085526,0.0,0.0,0.0,0.0
0.9226195812225342,-0.43644243478775024,-1.1707996129989624,0.0,0.0,-0.0009157164604403079,-0.15757979452610016,0.0,0.0,0.15162930550062842,0.17817187085358616,-0.01856633462011814,0.08349353820085526,0.0,0.0,0.0,0.0
0.9238719940185547,-0.43644243478775024,-1.1707996129989624,0.0,0.0,-0.0009157164604403079,-0.15757979452610016,0.0,0.0,0.15162930550062842,0.17817187085358616,-0.01856633462011814,0.08349353820085526,0.0,0.0,0.0,0.0
0.9252519607543945,-0.43644243478775024,-1.1707996129989624,0.0,0.0,-0.0009157164604403079,-0.15757979452610016,0.0,0.0,0.15162930550062842,0.17775960883550404,-0.01856633462011814,0.0884430930018425,0.0,0.0,0.0,0.0
0.9265048503875732,-0.43644243478775024,-1.1707996129989624,0.0,0.0,-0.0009157164604403079,-0.15757979452610016,0.0,0.0,0.15162930550062842,0.17775960883550404,-0.01856633462011814,0.0884430930018425,0.0,0.0,0.0,0.0
0.9277541637420654,-0.43644243478775024,-1.1707996129989624,0.0,0.0,-0.0009157164604403079,-0.15757979452610016,0.0,0.0,0.15162930550062842,0.17769728852532723,-0.01856633462011814,0.08850035816431046,0.0,0.0,0.0,0.0
0.928961992263794,-0.43644243478775024,-1.1707996129989624,0.0,0.0,-0.0009157164604403079,-0.15757979452610016,0.0,0.0,0.15162930550062842,0.17769728852532723,-0.01856633462011814,0.08850035816431046,0.0,0.0,0.0,0.0
0.9301474094390869,-0.43644243478775024,-1.1707996129989624,0.0,0.0,-0.0009157164604403079,-0.15757979452610016,0.0,0.0,0.15162930550062842,0.17770688526792724,-0.01856633462011814,0.08626871556043625,0.0,0.0,0.0,0.0
0.9313364028930664,-0.43644243478775024,-1.1707996129989624,0.0,0.0,-0.0009157164604403079,-0.15757979452610016,0.0,0.0,0.15162930550062842,0.17770688526792724,-0.01856633462011814,0.08626871556043625,0.0,0.0,0.0,0.0
0.9325308799743652,-0.43644243478775024,-1.1707996129989624,0.0,0.0,-0.0009157164604403079,-0.15757979452610016,0.0,0.0,0.15162930550062842,0.17770688526792724,-0.01856633462011814,0.08626871556043625,0.0,0.0,0.0,0.0
0.9337480068206787,-0.43644243478775024,-1.1707996129989624,0.0,0.0,-0.0009157164604403079,-0.15757979452610016,0.0,0.0,0.15162930550062842,0.17770688526792724,-0.01856633462011814,0.08626871556043625,0.0,0.0,0.0,0.0
0.9349625110626221,-0.43644243478775024,-1.1707996129989624,0.0,0.0,-0.0009157164604403079,-0.15757979452610016,0.0,0.0,0.15162930550062842,0.17770688526792724,-0.01856633462011814,0.08626871556043625,0.0,0.0,0.0,0.0
0.93621826171875,-0.4184417724609375,-1.1401485204696655,0.0,0.0,-0.0008789697894826531,-0.15755921602249146,0.0,0.0,0.15162930550062842,0.17770688526792724,-0.01856633462011814,0.08626871556043625,0.0,0.0,0.0,0.0
0.937441349029541,-0.4184417724609375,-1.1401485204696655,0.0,0.0,-0.0008789697894826531,-0.15755921602249146,0.0,0.0,0.15162930550062842,0.17770688526792724,-0.01856633462011814,0.08626871556043625,0.0,0.0,0.0,0.0
0.9386587142944336,-0.4184417724609375,-1.1401485204696655,0.0,0.0,-0.0008789697894826531,-0.15755921602249146,0.0,0.0,0.15162930550062842,0.17770688526792724,-0.01856633462011814,0.08626871556043625,0.0,0.0,0.0,0.0
0.939871072769165,-0.4184417724609375,-1.1401485204696655,0.0,0.0,-0.0008789697894826531,-0.15755921602249146,0.0,0.0,0.15162930550062842,0.17770688526792724,-0.01856633462011814,0.08626871556043625,0.0,0.0,0.0,0.0
0.9411072731018066,-0.4184417724609375,-1.1401485204696655,0.0,0.0,-0.0008789697894826531,-0.15755921602249146,0.0,0.0,0.15162930550062842,0.17770688526792724,-0.01856633462011814,0.08626871556043625,0.0,0.0,0.0,0.0
0.942359209060669,-0.4184417724609375,-1.1401485204696655,0.0,0.0,-0.0008789697894826531,-0.15755921602249146,0.0,0.0,0.15162930550062842,0.17770688526792724,-0.01856633462011814,0.08626871556043625,0.0,0.0,0.0,0.0
0.9437475204467773,-0.4184417724609375,-1.1401485204696655,0.0,0.0,-0.0008789697894826531,-0.15755921602249146,0.0,0.0,0.15162930550062842,0.17770688526792724,-0.01856633462011814,0.08626871556043625,0.0,0.0,0.0,0.0
0.9449834823608398,-0.4184417724609375,-1.1401485204696655,0.0,0.0,-0.0008789697894826531,-0.15755921602249146,0.0,0.0,0.15162930550062842,0.17770688526792724,-0.01856633462011814,0.08626871556043625,0.0,0.0,0.0,0.0
0.9462587833404541,-0.4184417724609375,-1.1401485204696655,0.0,0.0,-0.0008789697894826531,-0.15755921602249146,0.0,0.0,0.15162930550062842,0.17770688526792724,-0.01856633462011814,0.08626871556043625,0.0,0.0,0.0,0.0
0.947476863861084,-0.4184417724609375,-1.1401485204696655,0.0,0.0,-0.0008789697894826531,-0.15755921602249146,0.0,0.0,0.15162930550062842,0.17770688526792724,-0.01856633462011814,0.08626871556043625,0.0,0.0,0.0,0.0
0.9487149715423584,-0.4184417724609375,-1.1401485204696655,0.0,0.0,-0.0008789697894826531,-0.15755921602249146,0.0,0.0,0.15162930550062842,0.17770688526792724,-0.01856633462011814,0.08626871556043625,0.0,0.0,0.0,0.0
0.9499573707580566,-0.4184417724609375,-1.1401485204696655,0.0,0.0,-0.0008789697894826531,-0.15755921602249146,0.0,0.0,0.15162930550062842,0.17770688526792724,-0.01856633462011814,0.08626871556043625,0.0,0.0,0.0,0.0
0.9514114856719971,-0.4184417724609375,-1.1401485204696655,0.0,0.0,-0.0008789697894826531,-0.15755921602249146,0.0,0.0,0.15162930550062842,0.17770688526792724,-0.01856633462011814,0.08626871556043625,0.0,0.0,0.0,0.0
0.9528155326843262,-0.4184417724609375,-1.1401485204696655,0.0,0.0,-0.0008789697894826531,-0.15755921602249146,0.0,0.0,0.15162930550062842,0.17770688526792724,-0.01856633462011814,0.08626871556043625,0.0,0.0,0.0,0.0
0.9540970325469971,-0.4184417724609375,-1.1401485204696655,0.0,0.0,-0.0008789697894826531,-0.15755921602249146,0.0,0.0,0.15162930550062842,0.17770688526792724,-0.01856633462011814,0.08626871556043625,0.0,0.0,0.0,0.0
0.955449104309082,-0.43644243478775024,-1.1707996129989624,0.0,0.0,-0.0009157164604403079,-0.15757979452610016,0.0,0.0,0.15162930550062842,0.17770688526792724,-0.01856633462011814,0.08626871556043625,0.0,0.0,0.0,0.0
0.9569191932678223,-0.43644243478775024,-1.1707996129989624,0.0,0.0,-0.0009157164604403079,-0.15757979452610016,0.0,0.0,0.15162930550062842,0.17770688526792724,-0.01856633462011814,0.08626871556043625,0.0,0.0,0.0,0.0
0.958315372467041,-0.43644243478775024,-1.1707996129989624,0.0,0.0,-0.0009157164604403079,-0.15757979452610016,0.0,0.0,0.15162930550062842,0.17770688526792724,-0.01856633462011814,0.08626871556043625,0.0,0.0,0.0,0.0
0.9596621990203857,-0.43644243478775024,-1.1707996129989624,0.0,0.0,-0.0009157164604403079,-0.15757979452610016,0.0,0.0,0.15162930550062842,0.17770688526792724,-0.01856633462011814,0.08626871556043625,0.0,0.0,0.0,0.0
0.9609236717224121,-0.43644243478775024,-1.1707996129989624,0.0,0.0,-0.0009157164604403079,-0.15757979452610016,0.0,0.0,0.15162930550062842,0.17770688526792724,-0.01856633462011814,0.08626871556043625,0.0,0.0,0.0,0.0
0.9623610973358154,-0.43644243478775024,-1.1707996129989624,0.0,0.0,-0.0009157164604403079,-0.15757979452610016,0.0,0.0,0.15162930550062842,0.17770688526792724,-0.01856633462011814,0.08626871556043625,0.0,0.0,0.0,0.0
0.9638495445251465,-0.43644243478775024,-1.1707996129989624,0.0,0.0,-0.0009157164604403079,-0.15757979452610016,0.0,0.0,0.15162930550062842,0.17770688526792724,-0.01856633462011814,0.08626871556043625,0.0,0.0,0.0,0.0
0.9654035568237305,-0.43644243478775024,-1.1707996129989624,0.0,0.0,-0.0009157164604403079,-0.15757979452610016,0.0,0.0,0.15162930550062842,0.17770688526792724,-0.01856633462011814,0.08626871556043625,0.0,0.0,0.0,0.0
0.966768741607666,-0.43644243478775024,-1.1707996129989624,0.0,0.0,-0.0009157164604403079,-0.15757979452610016,0.0,0.0,0.15162930550062842,0.17770688526792724,-0.01856633462011814,0.08626871556043625,0.0,0.0,0.0,0.0
0.9680547714233398,-0.43644243478775024,-1.1707996129989624,0.0,0.0,-0.0009157164604403079,-0.15757979452610016,0.0,0.0,0.15162930550062842,0.17770688526792724,-0.01856633462011814,0.08626871556043625,0.0,0.0,0.0,0.0
0.9693241119384766,-0.43644243478775024,-1.1707996129989624,0.0,0.0,-0.0009157164604403079,-0.15757979452610016,0.0,0.0,0.15162930550062842,0.17770688526792724,-0.01856633462011814,0.08626871556043625,0.0,0.0,0.0,0.0
0.9706249237060547,-0.43644243478775024,-1.1707996129989624,0.0,0.0,-0.0009157164604403079,-0.15757979452610016,0.0,0.0,0.15162930550062842,0.17770688526792724,-0.01856633462011814,0.08626871556043625,0.0,0.0,0.0,0.0
0.9719011783599854,-0.43644243478775024,-1.1707996129989624,0.0,0.0,-0.0009157164604403079,-0.15757979452610016,0.0,0.0,0.15162930550062842,0.17770688526792724,-0.01856633462011814,0.08626871556043625,0.0,0.0,0.0,0.0
0.9731817245483398,-0.43644243478775024,-1.1707996129989624,0.0,0.0,-0.0009157164604403079,-0.15757979452610016,0.0,0.0,0.15162930550062842,0.17770688526792724,-0.01856633462011814,0.08626871556043625,0.0,0.0,0.0,0.0
0.9744689464569092,-0.43644243478775024,-1.1707996129989624,0.0,0.0,-0.0009157164604403079,-0.15757979452610016,0.0,0.0,0.15162930550062842,0.17770688526792724,-0.01856633462011814,0.08626871556043625,0.0,0.0,0.0,0.0
0.9757366180419922,-0.43644243478775024,-1.1707996129989624,0.0,0.0,-0.0009157164604403079,-0.15757979452610016,0.0,0.0,0.15162930550062842,0.17770688526792724,-0.01856633462011814,0.08626871556043625,0.0,0.0,0.0,0.0
0.9770827293395996,-0.43644243478775024,-1.1707996129989624,0.0,0.0,-0.0009157164604403079,-0.15757979452610016,0.0,0.0,0.15162930550062842,0.17770688526792724,-0.01856633462011814,0.08626871556043625,0.0,0.0,0.0,0.0
0.9783840179443359,-0.43644243478775024,-1.1707996129989624,0.0,0.0,-0.0009157164604403079,-0.15757979452610016,0.0,0.0,0.15162930550062842,0.17770688526792724,-0.01856633462011814,0.08626871556043625,0.0,0.0,0.0,0.0
0.9796562194824219,-0.43644243478775024,-1.1707996129989624,0.0,0.0,-0.0009157164604403079,-0.15757979452610016,0.0,0.0,0.15162930550062842,0.17770688526792724,-0.01856633462011814,0.08626871556043625,0.0,0.0,0.0,0.0
0.9809322357177734,-0.43644243478775024,-1.1707996129989624,0.0,0.0,-0.0009157164604403079,-0.15757979452610016,0.0,0.0,0.15162930550062842,0.17770688526792724,-0.01856633462011814,0.08626871556043625,0.0,0.0,0.0,0.0
0.9822239875793457,-0.43644243478775024,-1.1707996129989624,0.0,0.0,-0.0009157164604403079,-0.15757979452610016,0.0,0.0,0.15162930550062842,0.17770688526792724,-0.01856633462011814,0.08626871556043625,0.0,0.0,0.0,0.0
0.9835295677185059,-0.43644243478775024,-1.1707996129989624,0.0,0.0,-0.0009157164604403079,-0.15757979452610016,0.0,0.0,0.15162930550062842,0.17770688526792724,-0.01856633462011814,0.08626871556043625,0.0,0.0,0.0,0.0
0.9848124980926514,-0.43644243478775024,-1.1707996129989624,0.0,0.0,-0.0009157164604403079,-0.15757979452610016,0.0,0.0,0.15162930550062842,0.17770688526792724,-0.01856633462011814,0.08626871556043625,0.0,0.0,0.0,0.0
0.9863181114196777,-0.43644243478775024,-1.1707996129989624,0.0,0.0,-0.0009157164604403079,-0.15757979452610016,0.0,0.0,0.15162930550062842,0.17770688526792724,-0.01856633462011814,0.08626871556043625,0.0,0.0,0.0,0.0
0.9875950813293457,-0.43644243478775024,-1.1707996129989624,0.0,0.0,-0.0009157164604403079,-0.15757979452610016,0.0,0.0,0.15162930550062842,0.17770688526792724,-0.01856633462011814,0.08626871556043625,0.0,0.0,0.0,0.0
0.988900899887085,-0.43644243478775024,-1.1707996129989624,0.0,0.0,-0.0009157164604403079,-0.15757979452610016,0.0,0.0,0.15162930550062842,0.17770688526792724,-0.01856633462011814,0.08626871556043625,0.0,0.0,0.0,0.0
0.9901869297027588,-0.43644243478775024,-1.1707996129989624,0.0,0.0,-0.0009157164604403079,-0.15757979452610016,0.0,0.0,0.15162930550062842,0.17770688526792724,-0.01856633462011814,0.08626871556043625,0.0,0.0,0.0,0.0
0.991502046585083,-0.43644243478775024,-1.1707996129989624,0.0,0.0,-0.0009157164604403079,-0.15757979452610016,0.0,0.0,0.15162930550062842,0.1780184751154665,-0.01856633462011814,0.08192000538110733,0.0,0.0,0.0,0.0
0.992788553237915,-0.43644243478775024,-1.1707996129989624,0.0,0.0,-0.0009157164604403079,-0.15757979452610016,0.0,0.0,0.15162930550062842,0.1780184751154665,-0.01856633462011814,0.08192000538110733,0.0,0.0,0.0,0.0
0.994086742401123,-0.43644243478775024,-1.1707996129989624,0.0,0.0,-0.0009157164604403079,-0.15757979452610016,0.0,0.0,0.15162930550062842,0.1782102227139522,-0.01856633462011814,0.08166248351335526,0.0,0.0,0.0,0.0
0.9953708648681641,-0.43644243478775024,-1.1707996129989624,0.0,0.0,-0.0009157164604403079,-0.15757979452610016,0.0,0.0,0.15162930550062842,0.1782102227139522,-0.01856633462011814,0.08166248351335526,0.0,0.0,0.0,0.0
0.9967291355133057,-0.43644243478775024,-1.1707996129989624,0.0,0.0,-0.0009157164604403079,-0.15757979452610016,0.0,0.0,0.15162930550062842,0.17817187085358616,-0.01856633462011814,0.08217749744653702,0.0,0.0,0.0,0.0
0.99802565574646,-0.43644243478775024,-1.1707996129989624,0.0,0.0,-0.0009157164604403079,-0.15757979452610016,0.0,0.0,0.15162930550062842,0.17817187085358616,-0.01856633462011814,0.08217749744653702,0.0,0.0,0.0,0.0
0.9993252754211426,-0.43644243478775024,-1.1707996129989624,0.0,0.0,-0.0009157164604403079,-0.15757979452610016,0.0,0.0,0.15162930550062842,0.17817187085358616,-0.01856633462011814,0.08349353820085526,0.0,0.0,0.0,0.0
1.0006272792816162,-0.43644243478775024,-1.1707996129989624,0.0,0.0,-0.0009157164604403079,-0.15757979452610016,0.0,0.0,0.15162930550062842,0.17817187085358616,-0.01856633462011814,0.08349353820085526,0.0,0.0,0.0,0.0
1.0019559860229492,-0.43644243478775024,-1.1707996129989624,0.0,0.0,-0.0009157164604403079,-0.15757979452610016,0.0,0.0,0.15162930550062842,0.17817187085358616,-0.01856633462011814,0.08349353820085526,0.0,0.0,0.0,0.0
1.00325608253479,-0.43644243478775024,-1.1707996129989624,0.0,0.0,-0.0009157164604403079,-0.15757979452610016,0.0,0.0,0.15162930550062842,0.17817187085358616,-0.01856633462011814,0.08349353820085526,0.0,0.0,0.0,0.0
1.004573106765747,-0.43644243478775024,-1.1707996129989624,0.0,0.0,-0.0009157164604403079,-0.15757979452610016,0.0,0.0,0.15162930550062842,0.17817187085358616,-0.01856633462011814,0.08349353820085526,0.0,0.0,0.0,0.0
1.0058789253234863,-0.43644243478775024,-1.1707996129989624,0.0,0.0,-0.0009157164604403079,-0.15757979452610016,0.0,0.0,0.15162930550062842,0.17817187085358616,-0.01856633462011814,0.08349353820085526,0.0,0.0,0.0,0.0
1.0071866512298584,-0.43644243478775024,-1.1707996129989624,0.0,0.0,-0.0009157164604403079,-0.15757979452610016,0.0,0.0,0.15162930550062842,0.17817187085358616,-0.01856633462011814,0.08349353820085526,0.0,0.0,0.0,0.0
1.008460521697998,-0.43644243478775024,-1.1707996129989624,0.0,0.0,-0.0009157164604403079,-0.15757979452610016,0.0,0.0,0.15162930550062842,0.17817187085358616,-0.01856633462011814,0.08349353820085526,0.0,0.0,0.0,0.0
1.0097744464874268,-0.43644243478775024,-1.1707996129989624,0.0,0.0,-0.0009157164604403079,-0.15757979452610016,0.0,0.0,0.15162930550062842,0.17817187085358616,-0.01856633462011814,0.08349353820085526,0.0,0.0,0.0,0.0
1.0112555027008057,-0.43644243478775024,-1.1707996129989624,0.0,0.0,-0.0009157164604403079,-0.15757979452610016,0.0,0.0,0.15162930550062842,0.17817187085358616,-0.01856633462011814,0.08349353820085526,0.0,0.0,0.0,0.0
1.0126047134399414,-0.43644243478775024,-1.1707996129989624,0.0,0.0,-0.0009157164604403079,-0.15757979452610016,0.0,0.0,0.15162930550062842,0.17817187085358616,-0.01856633462011814,0.08349353820085526,0.0,0.0,0.0,0.0
1.0140719413757324,-0.43644243478775024,-1.1707996129989624,0.0,0.0,-0.0009157164604403079,-0.15757979452610016,0.0,0.0,0.15162930550062842,0.17817187085358616,-0.01856633462011814,0.08349353820085526,0.0,0.0,0.0,0.0
1.015385389328003,-0.4084252119064331,-1.1224911212921143,0.0,0.0,-0.0008911045733839273,-0.15756601095199585,0.0,0.0,0.15162930550062842,0.17817187085358616,-0.01856633462011814,0.08349353820085526,0.0,0.0,0.0,0.0
1.0166606903076172,-0.4084252119064331,-1.1224911212921143,0.0,0.0,-0.0008911045733839273,-0.15756601095199585,0.0,0.0,0.15162930550062842,0.17817187085358616,-0.01856633462011814,0.08349353820085526,0.0,0.0,0.0,0.0
1.0179457664489746,-0.4084252119064331,-1.1224911212921143,0.0,0.0,-0.0008911045733839273,-0.15756601095199585,0.0,0.0,0.15162930550062842,0.17817187085358616,-0.01856633462011814,0.08349353820085526,0.0,0.0,0.0,0.0
1.0192272663116455,-0.4084252119064331,-1.1224911212921143,0.0,0.0,-0.0008911045733839273,-0.15756601095199585,0.0,0.0,0.15162930550062842,0.17817187085358616,-0.01856633462011814,0.08349353820085526,0.0,0.0,0.0,0.0
1.0205020904541016,-0.4084252119064331,-1.1224911212921143,0.0,0.0,-0.0008911045733839273,-0.15756601095199585,0.0,0.0,0.15162930550062842,0.17817187085358616,-0.01856633462011814,0.08349353820085526,0.0,0.0,0.0,0.0
1.0217750072479248,-0.4084252119064331,-1.1224911212921143,0.0,0.0,-0.0008911045733839273,-0.15756601095199585,0.0,0.0,0.15162930550062842,0.17817187085358616,-0.01856633462011814,0.08349353820085526,0.0,0.0,0.0,0.0
1.0230369567871094,-0.4084252119064331,-1.1224911212921143,0.0,0.0,-0.0008911045733839273,-0.15756601095199585,0.0,0.0,0.15162930550062842,0.17817187085358616,-0.01856633462011814,0.08349353820085526,0.0,0.0,0.0,0.0
1.024397611618042,-0.4084252119064331,-1.1224911212921143,0.0,0.0,-0.0008911045733839273,-0.15756601095199585,0.0,0.0,0.15162930550062842,0.17796573984454508,-0.01856633462011814,0.086383156478405,0.0,0.0,0.0,0.0
1.025977373123169,-0.4184417724609375,-1.1401485204696655,0.0,0.0,-0.0008789697894826531,-0.15755921602249146,0.0,0.0,0.15162930550062842,0.17801367674416652,-0.01856633462011814,0.08575373142957687,0.0,0.0,0.0,0.0
1.0273945331573486,-0.4184417724609375,-1.1401485204696655,0.0,0.0,-0.0008789697894826531,-0.15755921602249146,0.0,0.0,0.15162930550062842,0.17801367674416652,-0.01856633462011814,0.08575373142957687,0.0,0.0,0.0,0.0
1.0288159847259521,-0.4184417724609375,-1.1401485204696655,0.0,0.0,-0.0008789697894826531,-0.15755921602249146,0.0,0.0,0.15162930550062842,0.17801367674416652,-0.01856633462011814,0.08443768322467804,0.0,0.0,0.0,0.0
1.0301148891448975,-0.4184417724609375,-1.1401485204696655,0.0,0.0,-0.0008789697894826531,-0.15755921602249146,0.0,0.0,0.15162930550062842,0.17801367674416652,-0.01856633462011814,0.08443768322467804,0.0,0.0,0.0,0.0
1.0316674709320068,-0.4184417724609375,-1.1401485204696655,0.0,0.0,-0.0008789697894826531,-0.15755921602249146,0.0,0.0,0.15162930550062842,0.17801367674416652,-0.01856633462011814,0.08443768322467804,0.0,0.0,0.0,0.0
1.0329463481903076,-0.4184417724609375,-1.1401485204696655,0.0,0.0,-0.0008789697894826531,-0.15755921602249146,0.0,0.0,0.15162930550062842,0.17801367674416652,-0.01856633462011814,0.08443768322467804,0.0,0.0,0.0,0.0
1.0342414379119873,-0.4184417724609375,-1.1401485204696655,0.0,0.0,-0.0008789697894826531,-0.15755921602249146,0.0,0.0,0.15162930550062842,0.17786028100604687,-0.01856633462011814,0.08615431934595108,0.0,0.0,0.0,0.0
1.0355160236358643,-0.4184417724609375,-1.1401485204696655,0.0,0.0,-0.0008789697894826531,-0.15755921602249146,0.0,0.0,0.15162930550062842,0.17786028100604687,-0.01856633462011814,0.08615431934595108,0.0,0.0,0.0,0.0
1.0368475914001465,-0.4184417724609375,-1.1401485204696655,0.0,0.0,-0.0008789697894826531,-0.15755921602249146,0.0,0.0,0.15162930550062842,0.17775482216754868,-0.01856633462011814,0.08681236207485199,0.0,0.0,0.0,0.0
1.0389137268066406,-0.4184417724609375,-1.1401485204696655,0.0,0.0,-0.0008789697894826531,-0.15755921602249146,0.0,0.0,0.15162930550062842,0.17775482216754868,-0.01856633462011814,0.08681236207485199,0.0,0.0,0.0,0.0
1.041243553161621,-0.4184417724609375,-1.1401485204696655,0.0,0.0,-0.0008789697894826531,-0.15755921602249146,0.0,0.0,0.15162930550062842,0.17766373503626118,-0.01856633462011814,0.08735592663288116,0.0,0.0,0.0,0.0
1.0430495738983154,-0.4184417724609375,-1.1401485204696655,0.0,0.0,-0.0008789697894826531,-0.15755921602249146,0.0,0.0,0.15162930550062842,0.17770688526792724,-0.01856633462011814,0.08626871556043625,0.0,0.0,0.0,0.0
1.0445964336395264,-0.4184417724609375,-1.1401485204696655,0.0,0.0,-0.0008789697894826531,-0.15755921602249146,0.0,0.0,0.15162930550062842,0.17770688526792724,-0.01856633462011814,0.08626871556043625,0.0,0.0,0.0,0.0
1.0459942817687988,-0.4184417724609375,-1.1401485204696655,0.0,0.0,-0.0008789697894826531,-0.15755921602249146,0.0,0.0,0.15162930550062842,0.17770688526792724,-0.01856633462011814,0.08626871556043625,0.0,0.0,0.0,0.0
1.0473711490631104,-0.4184417724609375,-1.1401485204696655,0.0,0.0,-0.0008789697894826531,-0.15755921602249146,0.0,0.0,0.15162930550062842,0.17770688526792724,-0.01856633462011814,0.08626871556043625,0.0,0.0,0.0,0.0
1.0488295555114746,-0.4184417724609375,-1.1401485204696655,0.0,0.0,-0.0008789697894826531,-0.15755921602249146,0.0,0.0,0.15162930550062842,0.17770688526792724,-0.01856633462011814,0.08626871556043625,0.0,0.0,0.0,0.0
1.0502727031707764,-0.4184417724609375,-1.1401485204696655,0.0,0.0,-0.0008789697894826531,-0.15755921602249146,0.0,0.0,0.15162930550062842,0.17770688526792724,-0.01856633462011814,0.08626871556043625,0.0,0.0,0.0,0.0
1.0516080856323242,-0.4184417724609375,-1.1401485204696655,0.0,0.0,-0.0008789697894826531,-0.15755921602249146,0.0,0.0,0.15162930550062842,0.17770688526792724,-0.01856633462011814,0.08626871556043625,0.0,0.0,0.0,0.0
1.05305814743042,-0.4184417724609375,-1.1401485204696655,0.0,0.0,-0.0008789697894826531,-0.15755921602249146,0.0,0.0,0.15162930550062842,0.17770688526792724,-0.01856633462011814,0.08626871556043625,0.0,0.0,0.0,0.0
1.0545086860656738,-0.4184417724609375,-1.1401485204696655,0.0,0.0,-0.0008789697894826531,-0.15755921602249146,0.0,0.0,0.15162930550062842,0.17770688526792724,-0.01856633462011814,0.08626871556043625,0.0,0.0,0.0,0.0
1.056492805480957,-0.42456483840942383,-1.1505783796310425,0.0,0.0,-0.0008914812933653593,-0.15756618976593018,0.0,0.0,0.15162930550062842,0.17770688526792724,-0.01856633462011814,0.08626871556043625,0.0,0.0,0.0,0.0
1.0579113960266113,-0.42456483840942383,-1.1505783796310425,0.0,0.0,-0.0008914812933653593,-0.15756618976593018,0.0,0.0,0.15162930550062842,0.17770688526792724,-0.01856633462011814,0.08626871556043625,0.0,0.0,0.0,0.0
1.0593435764312744,-0.42456483840942383,-1.1505783796310425,0.0,0.0,-0.0008914812933653593,-0.15756618976593018,0.0,0.0,0.15162930550062842,0.17770688526792724,-0.01856633462011814,0.08626871556043625,0.0,0.0,0.0,0.0
1.0607843399047852,-0.42456483840942383,-1.1505783796310425,0.0,0.0,-0.0008914812933653593,-0.15756618976593018,0.0,0.0,0.15162930550062842,0.17770688526792724,-0.01856633462011814,0.08626871556043625,0.0,0.0,0.0,0.0
1.0622329711914062,-0.42456483840942383,-1.1505783796310425,0.0,0.0,-0.0008914812933653593,-0.15756618976593018,0.0,0.0,0.15162930550062842,0.17770688526792724,-0.01856633462011814,0.08626871556043625,0.0,0.0,0.0,0.0
1.0637884140014648,-0.42456483840942383,-1.1505783796310425,0.0,0.0,-0.0008914812933653593,-0.15756618976593018,0.0,0.0,0.15162930550062842,0.17770688526792724,-0.01856633462011814,0.08626871556043625,0.0,0.0,0.0,0.0
1.065412998199463,-0.43644243478775024,-1.1707996129989624,0.0,0.0,-0.0009157164604403079,-0.15757979452610016,0.0,0.0,0.15162930550062842,0.17770688526792724,-0.01856633462011814,0.08626871556043625,0.0,0.0,0.0,0.0
1.0668487548828125,-0.43644243478775024,-1.1707996129989624,0.0,0.0,-0.0009157164604403079,-0.15757979452610016,0.0,0.0,0.15162930550062842,0.17800887837286652,-0.01856633462011814,0.08197720348834991,0.0,0.0,0.0,0.0
1.068547010421753,-0.43644243478775024,-1.1707996129989624,0.0,0.0,-0.0009157164604403079,-0.15757979452610016,0.0,0.0,0.15162930550062842,0.17819583930339686,-0.01856633462011814,0.08043228089809418,0.0,0.0,0.0,0.0
1.070000171661377,-0.43644243478775024,-1.1707996129989624,0.0,0.0,-0.0009157164604403079,-0.15757979452610016,0.0,0.0,0.15162930550062842,0.17819583930339686,-0.01856633462011814,0.08043228089809418,0.0,0.0,0.0,0.0
1.0714397430419922,-0.43644243478775024,-1.1707996129989624,0.0,0.0,-0.0009157164604403079,-0.15757979452610016,0.0,0.0,0.15162930550062842,0.1782389778317183,-0.01856633462011814,0.08226333558559418,0.0,0.0,0.0,0.0
1.0728771686553955,-0.43644243478775024,-1.1707996129989624,0.0,0.0,-0.0009157164604403079,-0.15757979452610016,0.0,0.0,0.15162930550062842,0.1782389778317183,-0.01856633462011814,0.08226333558559418,0.0,0.0,0.0,0.0
1.0743136405944824,-0.43644243478775024,-1.1707996129989624,0.0,0.0,-0.0009157164604403079,-0.15757979452610016,0.0,0.0,0.15162930550062842,0.17778837565661473,-0.01856633462011814,0.0881856232881546,0.0,0.0,0.0,0.0
1.0756776332855225,-0.43644243478775024,-1.1707996129989624,0.0,0.0,-0.0009157164604403079,-0.15757979452610016,0.0,0.0,0.15162930550062842,0.17770688526792724,-0.01856633462011814,0.08838587254285812,0.0,0.0,0.0,0.0
1.0770204067230225,-0.43644243478775024,-1.1707996129989624,0.0,0.0,-0.0009157164604403079,-0.15757979452610016,0.0,0.0,0.15162930550062842,0.17770688526792724,-0.01856633462011814,0.08838587254285812,0.0,0.0,0.0,0.0
1.07826566696167,-0.43644243478775024,-1.1707996129989624,0.0,0.0,-0.0009157164604403079,-0.15757979452610016,0.0,0.0,0.15162930550062842,0.17770688526792724,-0.01856633462011814,0.08838587254285812,0.0,0.0,0.0,0.0
1.0795063972473145,-0.43644243478775024,-1.1707996129989624,0.0,0.0,-0.0009157164604403079,-0.15757979452610016,0.0,0.0,0.15162930550062842,0.17770688526792724,-0.01856633462011814,0.08626871556043625,0.0,0.0,0.0,0.0
1.0807580947875977,-0.43644243478775024,-1.1707996129989624,0.0,0.0,-0.0009157164604403079,-0.15757979452610016,0.0,0.0,0.15162930550062842,0.17770688526792724,-0.01856633462011814,0.08626871556043625,0.0,0.0,0.0,0.0
1.082000494003296,-0.43644243478775024,-1.1707996129989624,0.0,0.0,-0.0009157164604403079,-0.15757979452610016,0.0,0.0,0.15162930550062842,0.17770688526792724,-0.01856633462011814,0.08626871556043625,0.0,0.0,0.0,0.0
1.0832407474517822,-0.43644243478775024,-1.1707996129989624,0.0,0.0,-0.0009157164604403079,-0.15757979452610016,0.0,0.0,0.15162930550062842,0.17770688526792724,-0.01856633462011814,0.08626871556043625,0.0,0.0,0.0,0.0
1.0845072269439697,-0.43644243478775024,-1.1707996129989624,0.0,0.0,-0.0009157164604403079,-0.15757979452610016,0.0,0.0,0.15162930550062842,0.17770688526792724,-0.01856633462011814,0.08626871556043625,0.0,0.0,0.0,0.0
1.08579683303833,-0.43644243478775024,-1.1707996129989624,0.0,0.0,-0.0009157164604403079,-0.15757979452610016,0.0,0.0,0.15162930550062842,0.17770688526792724,-0.01856633462011814,0.08626871556043625,0.0,0.0,0.0,0.0
1.0870540142059326,-0.43644243478775024,-1.1707996129989624,0.0,0.0,-0.0009157164604403079,-0.15757979452610016,0.0,0.0,0.15162930550062842,0.17770688526792724,-0.01856633462011814,0.08626871556043625,0.0,0.0,0.0,0.0
1.0883278846740723,-0.43644243478775024,-1.1707996129989624,0.0,0.0,-0.0009157164604403079,-0.15757979452610016,0.0,0.0,0.15162930550062842,0.17770688526792724,-0.01856633462011814,0.08626871556043625,0.0,0.0,0.0,0.0
1.0895984172821045,-0.43644243478775024,-1.1707996129989624,0.0,0.0,-0.0009157164604403079,-0.15757979452610016,0.0,0.0,0.15162930550062842,0.17770688526792724,-0.01856633462011814,0.08626871556043625,0.0,0.0,0.0,0.0
1.0908522605895996,-0.43644243478775024,-1.1707996129989624,0.0,0.0,-0.0009157164604403079,-0.15757979452610016,0.0,0.0,0.15162930550062842,0.17770688526792724,-0.01856633462011814,0.08626871556043625,0.0,0.0,0.0,0.0
1.0920922756195068,-0.43644243478775024,-1.1707996129989624,0.0,0.0,-0.0009157164604403079,-0.15757979452610016,0.0,0.0,0.15162930550062842,0.17770688526792724,-0.01856633462011814,0.08626871556043625,0.0,0.0,0.0,0.0
1.0933308601379395,-0.43644243478775024,-1.1707996129989624,0.0,0.0,-0.0009157164604403079,-0.15757979452610016,0.0,0.0,0.15162930550062842,0.17770688526792724,-0.01856633462011814,0.08626871556043625,0.0,0.0,0.0,0.0
1.094597578048706,-0.43644243478775024,-1.1707996129989624,0.0,0.0,-0.0009157164604403079,-0.15757979452610016,0.0,0.0,0.15162930550062842,0.17770688526792724,-0.01856633462011814,0.08626871556043625,0.0,0.0,0.0,0.0
1.095909595489502,-0.4105273187160492,-1.1264647245407104,0.0,0.0,-0.0008736565941944718,-0.15755625069141388,0.0,0.0,0.15162930550062842,0.17770688526792724,-0.01856633462011814,0.08626871556043625,0.0,0.0,0.0,0.0
1.0971825122833252,-0.4105273187160492,-1.1264647245407104,0.0,0.0,-0.0008736565941944718,-0.15755625069141388,0.0,0.0,0.15162930550062842,0.17770688526792724,-0.01856633462011814,0.08626871556043625,0.0,0.0,0.0,0.0
1.0985021591186523,-0.4105273187160492,-1.1264647245407104,0.0,0.0,-0.0008736565941944718,-0.15755625069141388,0.0,0.0,0.15162930550062842,0.17770688526792724,-0.01856633462011814,0.08626871556043625,0.0,0.0,0.0,0.0
1.1000149250030518,-0.4105273187160492,-1.1264647245407104,0.0,0.0,-0.0008736565941944718,-0.15755625069141388,0.0,0.0,0.15162930550062842,0.17770688526792724,-0.01856633462011814,0.08626871556043625,0.0,0.0,0.0,0.0
1.1013314723968506,-0.4105273187160492,-1.1264647245407104,0.0,0.0,-0.0008736565941944718,-0.15755625069141388,0.0,0.0,0.15162930550062842,0.17770688526792724,-0.01856633462011814,0.08626871556043625,0.0,0.0,0.0,0.0
1.102593183517456,-0.4105273187160492,-1.1264647245407104,0.0,0.0,-0.0008736565941944718,-0.15755625069141388,0.0,0.0,0.15162930550062842,0.17770688526792724,-0.01856633462011814,0.08626871556043625,0.0,0.0,0.0,0.0
1.1038599014282227,-0.4105273187160492,-1.1264647245407104,0.0,0.0,-0.0008736565941944718,-0.15755625069141388,0.0,0.0,0.15162930550062842,0.17770688526792724,-0.01856633462011814,0.08626871556043625,0.0,0.0,0.0,0.0
1.1051154136657715,-0.4105273187160492,-1.1264647245407104,0.0,0.0,-0.0008736565941944718,-0.15755625069141388,0.0,0.0,0.15162930550062842,0.17770688526792724,-0.01856633462011814,0.08626871556043625,0.0,0.0,0.0,0.0
1.1068575382232666,-0.43644243478775024,-1.1707996129989624,0.0,0.0,-0.0009157164604403079,-0.15757979452610016,0.0,0.0,0.15162930550062842,0.1780520286045326,-0.01856633462011814,0.081805519759655,0.0,0.0,0.0,0.0
1.1081397533416748,-0.43644243478775024,-1.1707996129989624,0.0,0.0,-0.0009157164604403079,-0.15757979452610016,0.0,0.0,0.15162930550062842,0.1780520286045326,-0.01856633462011814,0.081805519759655,0.0,0.0,0.0,0.0
1.1096630096435547,-0.43644243478775024,-1.1707996129989624,0.0,0.0,-0.0009157164604403079,-0.15757979452610016,0.0,0.0,0.15162930550062842,0.1781862542641415,-0.01856633462011814,0.08123333007097244,0.0,0.0,0.0,0.0
1.1109628677368164,-0.43644243478775024,-1.1707996129989624,0.0,0.0,-0.0009157164604403079,-0.15757979452610016,0.0,0.0,0.15162930550062842,0.1781862542641415,-0.01856633462011814,0.08123333007097244,0.0,0.0,0.0,0.0
1.112635850906372,-0.43644243478775024,-1.1707996129989624,0.0,0.0,-0.0009157164604403079,-0.15757979452610016,0.0,0.0,0.15162930550062842,0.17817187085358616,-0.01856633462011814,0.08349353820085526,0.0,0.0,0.0,0.0
1.1145081520080566,-0.43644243478775024,-1.1707996129989624,0.0,0.0,-0.0009157164604403079,-0.15757979452610016,0.0,0.0,0.15162930550062842,0.17817187085358616,-0.01856633462011814,0.08349353820085526,0.0,0.0,0.0,0.0
1.1158723831176758,-0.43644243478775024,-1.1707996129989624,0.0,0.0,-0.0009157164604403079,-0.15757979452610016,0.0,0.0,0.15162930550062842,0.17817187085358616,-0.01856633462011814,0.08349353820085526,0.0,0.0,0.0,0.0
1.1172053813934326,-0.43644243478775024,-1.1707996129989624,0.0,0.0,-0.0009157164604403079,-0.15757979452610016,0.0,0.0,0.15162930550062842,0.17817187085358616,-0.01856633462011814,0.08349353820085526,0.0,0.0,0.0,0.0
1.1185002326965332,-0.43644243478775024,-1.1707996129989624,0.0,0.0,-0.0009157164604403079,-0.15757979452610016,0.0,0.0,0.15162930550062842,0.17817187085358616,-0.01856633462011814,0.08349353820085526,0.0,0.0,0.0,0.0
1.1197447776794434,-0.43644243478775024,-1.1707996129989624,0.0,0.0,-0.0009157164604403079,-0.15757979452610016,0.0,0.0,0.15162930550062842,0.17806161364378795,-0.01856633462011814,0.084981270134449,0.0,0.0,0.0,0.0
1.121030569076538,-0.43644243478775024,-1.1707996129989624,0.0,0.0,-0.0009157164604403079,-0.15757979452610016,0.0,0.0,0.15162930550062842,0.17806161364378795,-0.01856633462011814,0.084981270134449,0.0,0.0,0.0,0.0
1.1226599216461182,-0.43644243478775024,-1.1707996129989624,0.0,0.0,-0.0009157164604403079,-0.15757979452610016,0.0,0.0,0.15162930550062842,0.17764456495775047,-0.01856633462011814,0.08904393017292023,0.0,0.0,0.0,0.0
1.123999834060669,-0.43644243478775024,-1.1707996129989624,0.0,0.0,-0.0009157164604403079,-0.15757979452610016,0.0,0.0,0.15162930550062842,0.17764935162570583,-0.01856633462011814,0.08744177967309952,0.0,0.0,0.0,0.0
1.1253423690795898,-0.43644243478775024,-1.1707996129989624,0.0,0.0,-0.0009157164604403079,-0.15757979452610016,0.0,0.0,0.15162930550062842,0.17764935162570583,-0.01856633462011814,0.08744177967309952,0.0,0.0,0.0,0.0
1.1265535354614258,-0.43644243478775024,-1.1707996129989624,0.0,0.0,-0.0009157164604403079,-0.15757979452610016,0.0,0.0,0.15162930550062842,0.17805681527248796,-0.01856633462011814,0.08177695423364639,0.0,0.0,0.0,0.0
1.1277611255645752,-0.43644243478775024,-1.1707996129989624,0.0,0.0,-0.0009157164604403079,-0.15757979452610016,0.0,0.0,0.15162930550062842,0.17805681527248796,-0.01856633462011814,0.08177695423364639,0.0,0.0,0.0,0.0
1.1291770935058594,-0.43644243478775024,-1.1707996129989624,0.0,0.0,-0.0009157164604403079,-0.15757979452610016,0.0,0.0,0.15162930550062842,0.1782389778317183,-0.01856633462011814,0.08143358677625656,0.0,0.0,0.0,0.0
1.1304094791412354,-0.43644243478775024,-1.1707996129989624,0.0,0.0,-0.0009157164604403079,-0.15757979452610016,0.0,0.0,0.15162930550062842,0.1782389778317183,-0.01856633462011814,0.08143358677625656,0.0,0.0,0.0,0.0
1.1316263675689697,-0.43644243478775024,-1.1707996129989624,0.0,0.0,-0.0009157164604403079,-0.15757979452610016,0.0,0.0,0.15162930550062842,0.1781287206219201,-0.01856633462011814,0.08375106751918793,0.0,0.0,0.0,0.0
1.132852554321289,-0.43644243478775024,-1.1707996129989624,0.0,0.0,-0.0009157164604403079,-0.15757979452610016,0.0,0.0,0.15162930550062842,0.1781287206219201,-0.01856633462011814,0.08375106751918793,0.0,0.0,0.0,0.0
1.1342790126800537,-0.43644243478775024,-1.1707996129989624,0.0,0.0,-0.0009157164604403079,-0.15757979452610016,0.0,0.0,0.15162930550062842,0.1781287206219201,-0.01856633462011814,0.08375106751918793,0.0,0.0,0.0,0.0
1.1355078220367432,-0.4184417724609375,-1.1401485204696655,0.0,0.0,-0.0008789697894826531,-0.15755921602249146,0.0,0.0,0.15162930550062842,0.1781287206219201,-0.01856633462011814,0.08375106751918793,0.0,0.0,0.0,0.0
1.1369726657867432,-0.4184417724609375,-1.1401485204696655,0.0,0.0,-0.0008789697894826531,-0.15755921602249146,0.0,0.0,0.15162930550062842,0.1781287206219201,-0.01856633462011814,0.08375106751918793,0.0,0.0,0.0,0.0
1.1381940841674805,-0.4184417724609375,-1.1401485204696655,0.0,0.0,-0.0008789697894826531,-0.15755921602249146,0.0,0.0,0.15162930550062842,0.1781287206219201,-0.01856633462011814,0.08375106751918793,0.0,0.0,0.0,0.0
1.1394374370574951,-0.4184417724609375,-1.1401485204696655,0.0,0.0,-0.0008789697894826531,-0.15755921602249146,0.0,0.0,0.15162930550062842,0.1781287206219201,-0.01856633462011814,0.08375106751918793,0.0,0.0,0.0,0.0
1.140676736831665,-0.4184417724609375,-1.1401485204696655,0.0,0.0,-0.0008789697894826531,-0.15755921602249146,0.0,0.0,0.15162930550062842,0.1781287206219201,-0.01856633462011814,0.08375106751918793,0.0,0.0,0.0,0.0
1.1419126987457275,-0.4184417724609375,-1.1401485204696655,0.0,0.0,-0.0008789697894826531,-0.15755921602249146,0.0,0.0,0.15162930550062842,0.1781287206219201,-0.01856633462011814,0.08375106751918793,0.0,0.0,0.0,0.0
1.1431422233581543,-0.4184417724609375,-1.1401485204696655,0.0,0.0,-0.0008789697894826531,-0.15755921602249146,0.0,0.0,0.15162930550062842,0.1781287206219201,-0.01856633462011814,0.08375106751918793,0.0,0.0,0.0,0.0
1.144397258758545,-0.4184417724609375,-1.1401485204696655,0.0,0.0,-0.0008789697894826531,-0.15755921602249146,0.0,0.0,0.15162930550062842,0.1781287206219201,-0.01856633462011814,0.08375106751918793,0.0,0.0,0.0,0.0
1.1456215381622314,-0.4542633295059204,-1.2017133235931396,0.0,0.0,-0.0009206542745232582,-0.15758253633975983,0.0,0.0,0.15162930550062842,0.1781287206219201,-0.01856633462011814,0.08375106751918793,0.0,0.0,0.0,0.0
1.146859884262085,-0.4542633295059204,-1.2017133235931396,0.0,0.0,-0.0009206542745232582,-0.15758253633975983,0.0,0.0,0.15162930550062842,0.1781287206219201,-0.01856633462011814,0.08375106751918793,0.0,0.0,0.0,0.0
1.1481075286865234,-0.4542633295059204,-1.2017133235931396,0.0,0.0,-0.0009206542745232582,-0.15758253633975983,0.0,0.0,0.15162930550062842,0.1781287206219201,-0.01856633462011814,0.08375106751918793,0.0,0.0,0.0,0.0
1.1493301391601562,-0.4542633295059204,-1.2017133235931396,0.0,0.0,-0.0009206542745232582,-0.15758253633975983,0.0,0.0,0.15162930550062842,0.1781287206219201,-0.01856633462011814,0.08375106751918793,0.0,0.0,0.0,0.0
1.150554895401001,-0.4542633295059204,-1.2017133235931396,0.0,0.0,-0.0009206542745232582,-0.15758253633975983,0.0,0.0,0.15162930550062842,0.1781287206219201,-0.01856633462011814,0.08375106751918793,0.0,0.0,0.0,0.0
1.151756763458252,-0.4542633295059204,-1.2017133235931396,0.0,0.0,-0.0009206542745232582,-0.15758253633975983,0.0,0.0,0.15162930550062842,0.1780520286045326,-0.01856633462011814,0.08375106751918793,0.0,0.0,0.0,0.0
1.1531352996826172,-0.4542633295059204,-1.2017133235931396,0.0,0.0,-0.0009206542745232582,-0.15758253633975983,0.0,0.0,0.15162930550062842,0.1780520286045326,-0.01856633462011814,0.08375106751918793,0.0,0.0,0.0,0.0
1.154538631439209,-0.4542633295059204,-1.2017133235931396,0.0,0.0,-0.0009206542745232582,-0.15758253633975983,0.0,0.0,0.15162930550062842,0.17765414999700582,-0.01856633462011814,0.08915834873914719,0.0,0.0,0.0,0.0
1.1559884548187256,-0.4201119542121887,-1.1429935693740845,0.0,0.0,-0.0008823990356177092,-0.15756112337112427,0.0,0.0,0.15162930550062842,0.17766853340756117,-0.01856633462011814,0.08735592663288116,0.0,0.0,0.0,0.0
1.1574041843414307,-0.4201119542121887,-1.1429935693740845,0.0,0.0,-0.0008823990356177092,-0.15756112337112427,0.0,0.0,0.15162930550062842,0.17766853340756117,-0.01856633462011814,0.08735592663288116,0.0,0.0,0.0,0.0
1.1588001251220703,-0.4201119542121887,-1.1429935693740845,0.0,0.0,-0.0008823990356177092,-0.15756112337112427,0.0,0.0,0.15162930550062842,0.17770688526792724,-0.01856633462011814,0.08626871556043625,0.0,0.0,0.0,0.0
1.1602025032043457,-0.4201119542121887,-1.1429935693740845,0.0,0.0,-0.0008823990356177092,-0.15756112337112427,0.0,0.0,0.15162930550062842,0.17770688526792724,-0.01856633462011814,0.08626871556043625,0.0,0.0,0.0,0.0
1.1615734100341797,-0.4201119542121887,-1.1429935693740845,0.0,0.0,-0.0008823990356177092,-0.15756112337112427,0.0,0.0,0.15162930550062842,0.17770688526792724,-0.01856633462011814,0.08626871556043625,0.0,0.0,0.0,0.0
1.1628978252410889,-0.4201119542121887,-1.1429935693740845,0.0,0.0,-0.0008823990356177092,-0.15756112337112427,0.0,0.0,0.15162930550062842,0.17770688526792724,-0.01856633462011814,0.08626871556043625,0.0,0.0,0.0,0.0
1.164289951324463,-0.4201119542121887,-1.1429935693740845,0.0,0.0,-0.0008823990356177092,-0.15756112337112427,0.0,0.0,0.15162930550062842,0.17802326178342187,-0.01856633462011814,0.08206305652856827,0.0,0.0,0.0,0.0
1.165611982345581,-0.4201119542121887,-1.1429935693740845,0.0,0.0,-0.0008823990356177092,-0.15756112337112427,0.0,0.0,0.15162930550062842,0.17819583930339686,-0.01856633462011814,0.08163391053676605,0.0,0.0,0.0,0.0
1.166930913925171,-0.4201119542121887,-1.1429935693740845,0.0,0.0,-0.0008823990356177092,-0.15756112337112427,0.0,0.0,0.15162930550062842,0.17819583930339686,-0.01856633462011814,0.08163391053676605,0.0,0.0,0.0,0.0
1.1681640148162842,-0.4201119542121887,-1.1429935693740845,0.0,0.0,-0.0008823990356177092,-0.15756112337112427,0.0,0.0,0.15162930550062842,0.17819583930339686,-0.01856633462011814,0.08163391053676605,0.0,0.0,0.0,0.0
1.1694178581237793,-0.4201119542121887,-1.1429935693740845,0.0,0.0,-0.0008823990356177092,-0.15756112337112427,0.0,0.0,0.15162930550062842,0.17817187085358616,-0.01856633462011814,0.0822346955537796,0.0,0.0,0.0,0.0
1.170799732208252,-0.4201119542121887,-1.1429935693740845,0.0,0.0,-0.0008823990356177092,-0.15756112337112427,0.0,0.0,0.15162930550062842,0.17817187085358616,-0.01856633462011814,0.08349353820085526,0.0,0.0,0.0,0.0
1.1720283031463623,-0.4201119542121887,-1.1429935693740845,0.0,0.0,-0.0008823990356177092,-0.15756112337112427,0.0,0.0,0.15162930550062842,0.17817187085358616,-0.01856633462011814,0.08349353820085526,0.0,0.0,0.0,0.0
1.1732804775238037,-0.4201119542121887,-1.1429935693740845,0.0,0.0,-0.0008823990356177092,-0.15756112337112427,0.0,0.0,0.15162930550062842,0.17817187085358616,-0.01856633462011814,0.08349353820085526,0.0,0.0,0.0,0.0
1.1745314598083496,-0.4201119542121887,-1.1429935693740845,0.0,0.0,-0.0008823990356177092,-0.15756112337112427,0.0,0.0,0.15162930550062842,0.17817187085358616,-0.01856633462011814,0.08349353820085526,0.0,0.0,0.0,0.0
1.1758143901824951,-0.420146644115448,-1.1429429054260254,0.0,0.0,-0.0008884664275683463,-0.15756452083587646,0.0,0.0,0.15162930550062842,0.17817187085358616,-0.01856633462011814,0.08349353820085526,0.0,0.0,0.0,0.0
1.1770727634429932,-0.420146644115448,-1.1429429054260254,0.0,0.0,-0.0008884664275683463,-0.15756452083587646,0.0,0.0,0.15162930550062842,0.17817187085358616,-0.01856633462011814,0.08349353820085526,0.0,0.0,0.0,0.0
1.1783058643341064,-0.420146644115448,-1.1429429054260254,0.0,0.0,-0.0008884664275683463,-0.15756452083587646,0.0,0.0,0.15162930550062842,0.17817187085358616,-0.01856633462011814,0.08349353820085526,0.0,0.0,0.0,0.0
1.1795735359191895,-0.420146644115448,-1.1429429054260254,0.0,0.0,-0.0008884664275683463,-0.15756452083587646,0.0,0.0,0.15162930550062842,0.17817187085358616,-0.01856633462011814,0.08349353820085526,0.0,0.0,0.0,0.0
1.1808538436889648,-0.420146644115448,-1.1429429054260254,0.0,0.0,-0.0008884664275683463,-0.15756452083587646,0.0,0.0,0.15162930550062842,0.17817187085358616,-0.01856633462011814,0.08349353820085526,0.0,0.0,0.0,0.0
1.1821014881134033,-0.420146644115448,-1.1429429054260254,0.0,0.0,-0.0008884664275683463,-0.15756452083587646,0.0,0.0,0.15162930550062842,0.17817187085358616,-0.01856633462011814,0.08349353820085526,0.0,0.0,0.0,0.0
1.1833465099334717,-0.420146644115448,-1.1429429054260254,0.0,0.0,-0.0008884664275683463,-0.15756452083587646,0.0,0.0,0.15162930550062842,0.17800409170491116,-0.01856633462011814,0.08349353820085526,0.0,0.0,0.0,0.0
1.184607744216919,-0.420146644115448,-1.1429429054260254,0.0,0.0,-0.0008884664275683463,-0.15756452083587646,0.0,0.0,0.15162930550062842,0.17800409170491116,-0.01856633462011814,0.08349353820085526,0.0,0.0,0.0,0.0
1.186161994934082,-0.4093400239944458,-1.124090313911438,0.0,0.0,-0.0008907276205718517,-0.15756578743457794,0.0,0.0,0.15162930550062842,0.1776589483683058,-0.01856633462011814,0.08904393017292023,0.0,0.0,0.0,0.0
1.18743896484375,-0.4093400239944458,-1.124090313911438,0.0,0.0,-0.0008907276205718517,-0.15756578743457794,0.0,0.0,0.15162930550062842,0.1776589483683058,-0.01856633462011814,0.08738456666469574,0.0,0.0,0.0,0.0
1.1887426376342773,-0.4093400239944458,-1.124090313911438,0.0,0.0,-0.0008907276205718517,-0.15756578743457794,0.0,0.0,0.15162930550062842,0.1776589483683058,-0.01856633462011814,0.08738456666469574,0.0,0.0,0.0,0.0
1.189995527267456,-0.4093400239944458,-1.124090313911438,0.0,0.0,-0.0008907276205718517,-0.15756578743457794,0.0,0.0,0.15162930550062842,0.17770688526792724,-0.01856633462011814,0.08626871556043625,0.0,0.0,0.0,0.0
1.1912658214569092,-0.4093400239944458,-1.124090313911438,0.0,0.0,-0.0008907276205718517,-0.15756578743457794,0.0,0.0,0.15162930550062842,0.17770688526792724,-0.01856633462011814,0.08626871556043625,0.0,0.0,0.0,0.0
1.1925301551818848,-0.4093400239944458,-1.124090313911438,0.0,0.0,-0.0008907276205718517,-0.15756578743457794,0.0,0.0,0.15162930550062842,0.17789383449511295,-0.01856633462011814,0.08432326465845108,0.0,0.0,0.0,0.0
1.1937906742095947,-0.4093400239944458,-1.124090313911438,0.0,0.0,-0.0008907276205718517,-0.15756578743457794,0.0,0.0,0.15162930550062842,0.17789383449511295,-0.01856633462011814,0.08432326465845108,0.0,0.0,0.0,0.0
1.1950538158416748,-0.4093400239944458,-1.124090313911438,0.0,0.0,-0.0008907276205718517,-0.15756578743457794,0.0,0.0,0.15162930550062842,0.17786506767400223,-0.01856633462011814,0.08532463014125824,0.0,0.0,0.0,0.0
1.1966001987457275,-0.4184417724609375,-1.1401485204696655,0.0,0.0,-0.0008789697894826531,-0.15755921602249146,0.0,0.0,0.15162930550062842,0.17786506767400223,-0.01856633462011814,0.08532463014125824,0.0,0.0,0.0,0.0
1.19789457321167,-0.4184417724609375,-1.1401485204696655,0.0,0.0,-0.0008789697894826531,-0.15755921602249146,0.0,0.0,0.15162930550062842,0.17786506767400223,-0.01856633462011814,0.08532463014125824,0.0,0.0,0.0,0.0
1.1992363929748535,-0.4184417724609375,-1.1401485204696655,0.0,0.0,-0.0008789697894826531,-0.15755921602249146,0.0,0.0,0.15162930550062842,0.17786506767400223,-0.01856633462011814,0.08532463014125824,0.0,0.0,0.0,0.0
1.2005035877227783,-0.4184417724609375,-1.1401485204696655,0.0,0.0,-0.0008789697894826531,-0.15755921602249146,0.0,0.0,0.15162930550062842,0.17786506767400223,-0.01856633462011814,0.08532463014125824,0.0,0.0,0.0,0.0
1.201781988143921,-0.4184417724609375,-1.1401485204696655,0.0,0.0,-0.0008789697894826531,-0.15755921602249146,0.0,0.0,0.15162930550062842,0.17786506767400223,-0.01856633462011814,0.08532463014125824,0.0,0.0,0.0,0.0
1.2032740116119385,-0.4184417724609375,-1.1401485204696655,0.0,0.0,-0.0008789697894826531,-0.15755921602249146,0.0,0.0,0.15162930550062842,0.17786986604530225,-0.01856633462011814,0.08529599010944366,0.0,0.0,0.0,0.0
1.2045652866363525,-0.4184417724609375,-1.1401485204696655,0.0,0.0,-0.0008789697894826531,-0.15755921602249146,0.0,0.0,0.15162930550062842,0.17786986604530225,-0.01856633462011814,0.08529599010944366,0.0,0.0,0.0,0.0
1.2058696746826172,-0.41851744055747986,-1.140038013458252,0.0,0.0,-0.0008922350825741887,-0.1575666218996048,0.0,0.0,0.15162930550062842,0.17786986604530225,-0.01856633462011814,0.08529599010944366,0.0,0.0,0.0,0.0
1.2072203159332275,-0.41851744055747986,-1.140038013458252,0.0,0.0,-0.0008922350825741887,-0.1575666218996048,0.0,0.0,0.15162930550062842,0.17802326178342187,-0.01856633462011814,0.08352215588092804,0.0,0.0,0.0,0.0
1.2085058689117432,-0.41851744055747986,-1.140038013458252,0.0,0.0,-0.0008922350825741887,-0.1575666218996048,0.0,0.0,0.15162930550062842,0.17802326178342187,-0.01856633462011814,0.08352215588092804,0.0,0.0,0.0,0.0
1.2097773551940918,-0.41851744055747986,-1.140038013458252,0.0,0.0,-0.0008922350825741887,-0.1575666218996048,0.0,0.0,0.15162930550062842,0.17802326178342187,-0.01856633462011814,0.08352215588092804,0.0,0.0,0.0,0.0
1.211052417755127,-0.41851744055747986,-1.140038013458252,0.0,0.0,-0.0008922350825741887,-0.1575666218996048,0.0,0.0,0.15162930550062842,0.1781287206219201,-0.01856633462011814,0.08292131870985031,0.0,0.0,0.0,0.0
1.2124488353729248,-0.41851744055747986,-1.140038013458252,0.0,0.0,-0.0008922350825741887,-0.1575666218996048,0.0,0.0,0.15162930550062842,0.17822939279246294,-0.01856633462011814,0.08237774670124054,0.0,0.0,0.0,0.0
1.2137346267700195,-0.41851744055747986,-1.140038013458252,0.0,0.0,-0.0008922350825741887,-0.1575666218996048,0.0,0.0,0.15162930550062842,0.17822939279246294,-0.01856633462011814,0.08237774670124054,0.0,0.0,0.0,0.0
1.2149806022644043,-0.41851744055747986,-1.140038013458252,0.0,0.0,-0.0008922350825741887,-0.1575666218996048,0.0,0.0,0.15162930550062842,0.17817187085358616,-0.01856633462011814,0.08349353820085526,0.0,0.0,0.0,0.0
1.2162485122680664,-0.4238857328891754,-1.1492222547531128,0.0,0.0,-0.0009009412606246769,-0.15757150948047638,0.0,0.0,0.15162930550062842,0.17817187085358616,-0.01856633462011814,0.08349353820085526,0.0,0.0,0.0,0.0
1.217618465423584,-0.4238857328891754,-1.1492222547531128,0.0,0.0,-0.0009009412606246769,-0.15757150948047638,0.0,0.0,0.15162930550062842,0.17817187085358616,-0.01856633462011814,0.08349353820085526,0.0,0.0,0.0,0.0
1.218869924545288,-0.4238857328891754,-1.1492222547531128,0.0,0.0,-0.0009009412606246769,-0.15757150948047638,0.0,0.0,0.15162930550062842,0.17817187085358616,-0.01856633462011814,0.08349353820085526,0.0,0.0,0.0,0.0
1.2201511859893799,-0.4238857328891754,-1.1492222547531128,0.0,0.0,-0.0009009412606246769,-0.15757150948047638,0.0,0.0,0.15162930550062842,0.17817187085358616,-0.01856633462011814,0.08349353820085526,0.0,0.0,0.0,0.0
1.221388578414917,-0.4238857328891754,-1.1492222547531128,0.0,0.0,-0.0009009412606246769,-0.15757150948047638,0.0,0.0,0.15162930550062842,0.17817187085358616,-0.01856633462011814,0.08349353820085526,0.0,0.0,0.0,0.0
1.222801923751831,-0.4238857328891754,-1.1492222547531128,0.0,0.0,-0.0009009412606246769,-0.15757150948047638,0.0,0.0,0.15162930550062842,0.17817187085358616,-0.01856633462011814,0.08349353820085526,0.0,0.0,0.0,0.0
1.2241320610046387,-0.4238857328891754,-1.1492222547531128,0.0,0.0,-0.0009009412606246769,-0.15757150948047638,0.0,0.0,0.15162930550062842,0.17817187085358616,-0.01856633462011814,0.08349353820085526,0.0,0.0,0.0,0.0
1.225367546081543,-0.43013209104537964,-1.1600581407546997,0.0,0.0,-0.0009028633940033615,-0.15757259726524353,0.0,0.0,0.15162930550062842,0.17817187085358616,-0.01856633462011814,0.08349353820085526,0.0,0.0,0.0,0.0
1.226635217666626,-0.43013209104537964,-1.1600581407546997,0.0,0.0,-0.0009028633940033615,-0.15757259726524353,0.0,0.0,0.15162930550062842,0.17817187085358616,-0.01856633462011814,0.08349353820085526,0.0,0.0,0.0,0.0
1.227937936782837,-0.43013209104537964,-1.1600581407546997,0.0,0.0,-0.0009028633940033615,-0.15757259726524353,0.0,0.0,0.15162930550062842,0.17817187085358616,-0.01856633462011814,0.08349353820085526,0.0,0.0,0.0,0.0
1.2292077541351318,-0.43013209104537964,-1.1600581407546997,0.0,0.0,-0.0009028633940033615,-0.15757259726524353,0.0,0.0,0.15162930550062842,0.17817187085358616,-0.01856633462011814,0.08349353820085526,0.0,0.0,0.0,0.0
1.2304482460021973,-0.43013209104537964,-1.1600581407546997,0.0,0.0,-0.0009028633940033615,-0.15757259726524353,0.0,0.0,0.15162930550062842,0.17817187085358616,-0.01856633462011814,0.08349353820085526,0.0,0.0,0.0,0.0
1.231703281402588,-0.43013209104537964,-1.1600581407546997,0.0,0.0,-0.0009028633940033615,-0.15757259726524353,0.0,0.0,0.15162930550062842,0.17817187085358616,-0.01856633462011814,0.08349353820085526,0.0,0.0,0.0,0.0
1.2329826354980469,-0.43013209104537964,-1.1600581407546997,0.0,0.0,-0.0009028633940033615,-0.15757259726524353,0.0,0.0,0.15162930550062842,0.17817187085358616,-0.01856633462011814,0.08349353820085526,0.0,0.0,0.0,0.0
1.234269142150879,-0.43013209104537964,-1.1600581407546997,0.0,0.0,-0.0009028633940033615,-0.15757259726524353,0.0,0.0,0.15162930550062842,0.17817187085358616,-0.01856633462011814,0.08349353820085526,0.0,0.0,0.0,0.0
1.2355577945709229,-0.4112650454044342,-1.1277352571487427,0.0,0.0,-0.0008744478691369295,-0.1575566828250885,0.0,0.0,0.15162930550062842,0.17817187085358616,-0.01856633462011814,0.08349353820085526,0.0,0.0,0.0,0.0
1.2368273735046387,-0.4112650454044342,-1.1277352571487427,0.0,0.0,-0.0008744478691369295,-0.1575566828250885,0.0,0.0,0.15162930550062842,0.17817187085358616,-0.01856633462011814,0.08349353820085526,0.0,0.0,0.0,0.0
1.2381384372711182,-0.4112650454044342,-1.1277352571487427,0.0,0.0,-0.0008744478691369295,-0.1575566828250885,0.0,0.0,0.15162930550062842,0.17817187085358616,-0.01856633462011814,0.08349353820085526,0.0,0.0,0.0,0.0
1.2394015789031982,-0.4112650454044342,-1.1277352571487427,0.0,0.0,-0.0008744478691369295,-0.1575566828250885,0.0,0.0,0.15162930550062842,0.17817187085358616,-0.01856633462011814,0.08349353820085526,0.0,0.0,0.0,0.0
1.2406601905822754,-0.4112650454044342,-1.1277352571487427,0.0,0.0,-0.0008744478691369295,-0.1575566828250885,0.0,0.0,0.15162930550062842,0.17817187085358616,-0.01856633462011814,0.08349353820085526,0.0,0.0,0.0,0.0
1.241915225982666,-0.4112650454044342,-1.1277352571487427,0.0,0.0,-0.0008744478691369295,-0.1575566828250885,0.0,0.0,0.15162930550062842,0.17817187085358616,-0.01856633462011814,0.08349353820085526,0.0,0.0,0.0,0.0
1.2432122230529785,-0.4112650454044342,-1.1277352571487427,0.0,0.0,-0.0008744478691369295,-0.1575566828250885,0.0,0.0,0.15162930550062842,0.17817187085358616,-0.01856633462011814,0.08349353820085526,0.0,0.0,0.0,0.0
1.2444772720336914,-0.4112650454044342,-1.1277352571487427,0.0,0.0,-0.0008744478691369295,-0.1575566828250885,0.0,0.0,0.15162930550062842,0.17817187085358616,-0.01856633462011814,0.08349353820085526,0.0,0.0,0.0,0.0
1.2457098960876465,-0.4184417724609375,-1.1401485204696655,0.0,0.0,-0.0008789697894826531,-0.15755921602249146,0.0,0.0,0.15162930550062842,0.17817187085358616,-0.01856633462011814,0.08349353820085526,0.0,0.0,0.0,0.0
1.2469685077667236,-0.4184417724609375,-1.1401485204696655,0.0,0.0,-0.0008789697894826531,-0.15755921602249146,0.0,0.0,0.15162930550062842,0.17817187085358616,-0.01856633462011814,0.08349353820085526,0.0,0.0,0.0,0.0
1.2482562065124512,-0.4184417724609375,-1.1401485204696655,0.0,0.0,-0.0008789697894826531,-0.15755921602249146,0.0,0.0,0.15162930550062842,0.17817187085358616,-0.01856633462011814,0.08349353820085526,0.0,0.0,0.0,0.0
1.2495355606079102,-0.4184417724609375,-1.1401485204696655,0.0,0.0,-0.0008789697894826531,-0.15755921602249146,0.0,0.0,0.15162930550062842,0.17817187085358616,-0.01856633462011814,0.08349353820085526,0.0,0.0,0.0,0.0
1.2507908344268799,-0.4184417724609375,-1.1401485204696655,0.0,0.0,-0.0008789697894826531,-0.15755921602249146,0.0,0.0,0.15162930550062842,0.17817187085358616,-0.01856633462011814,0.08349353820085526,0.0,0.0,0.0,0.0
1.2520287036895752,-0.4184417724609375,-1.1401485204696655,0.0,0.0,-0.0008789697894826531,-0.15755921602249146,0.0,0.0,0.15162930550062842,0.17817187085358616,-0.01856633462011814,0.08349353820085526,0.0,0.0,0.0,0.0
1.253293514251709,-0.4184417724609375,-1.1401485204696655,0.0,0.0,-0.0008789697894826531,-0.15755921602249146,0.0,0.0,0.15162930550062842,0.17817187085358616,-0.01856633462011814,0.08349353820085526,0.0,0.0,0.0,0.0
1.2545793056488037,-0.4184417724609375,-1.1401485204696655,0.0,0.0,-0.0008789697894826531,-0.15755921602249146,0.0,0.0,0.15162930550062842,0.17817187085358616,-0.01856633462011814,0.08349353820085526,0.0,0.0,0.0,0.0
1.2558579444885254,-0.4184417724609375,-1.1401485204696655,0.0,0.0,-0.0008789697894826531,-0.15755921602249146,0.0,0.0,0.15162930550062842,0.17817187085358616,-0.01856633462011814,0.08349353820085526,0.0,0.0,0.0,0.0
1.257150650024414,-0.4184417724609375,-1.1401485204696655,0.0,0.0,-0.0008789697894826531,-0.15755921602249146,0.0,0.0,0.15162930550062842,0.17817187085358616,-0.01856633462011814,0.08349353820085526,0.0,0.0,0.0,0.0
1.2584364414215088,-0.4184417724609375,-1.1401485204696655,0.0,0.0,-0.0008789697894826531,-0.15755921602249146,0.0,0.0,0.15162930550062842,0.17817187085358616,-0.01856633462011814,0.08349353820085526,0.0,0.0,0.0,0.0
1.2598190307617188,-0.4184417724609375,-1.1401485204696655,0.0,0.0,-0.0008789697894826531,-0.15755921602249146,0.0,0.0,0.15162930550062842,0.17817187085358616,-0.01856633462011814,0.08349353820085526,0.0,0.0,0.0,0.0
1.261115550994873,-0.4184417724609375,-1.1401485204696655,0.0,0.0,-0.0008789697894826531,-0.15755921602249146,0.0,0.0,0.15162930550062842,0.17817187085358616,-0.01856633462011814,0.08349353820085526,0.0,0.0,0.0,0.0
1.262376070022583,-0.4184417724609375,-1.1401485204696655,0.0,0.0,-0.0008789697894826531,-0.15755921602249146,0.0,0.0,0.15162930550062842,0.17817187085358616,-0.01856633462011814,0.08349353820085526,0.0,0.0,0.0,0.0
1.263911247253418,-0.4184417724609375,-1.1401485204696655,0.0,0.0,-0.0008789697894826531,-0.15755921602249146,0.0,0.0,0.15162930550062842,0.17817187085358616,-0.01856633462011814,0.08349353820085526,0.0,0.0,0.0,0.0
1.2653443813323975,-0.4184417724609375,-1.1401485204696655,0.0,0.0,-0.0008789697894826531,-0.15755921602249146,0.0,0.0,0.15162930550062842,0.17817187085358616,-0.01856633462011814,0.08349353820085526,0.0,0.0,0.0,0.0
1.2667641639709473,-0.4184417724609375,-1.1401485204696655,0.0,0.0,-0.0008789697894826531,-0.15755921602249146,0.0,0.0,0.15162930550062842,0.17817187085358616,-0.01856633462011814,0.08349353820085526,0.0,0.0,0.0,0.0
1.268127202987671,-0.4184417724609375,-1.1401485204696655,0.0,0.0,-0.0008789697894826531,-0.15755921602249146,0.0,0.0,0.15162930550062842,0.17817187085358616,-0.01856633462011814,0.08349353820085526,0.0,0.0,0.0,0.0
1.2695066928863525,-0.4184417724609375,-1.1401485204696655,0.0,0.0,-0.0008789697894826531,-0.15755921602249146,0.0,0.0,0.15162930550062842,0.17817187085358616,-0.01856633462011814,0.08349353820085526,0.0,0.0,0.0,0.0
1.2709167003631592,-0.4184417724609375,-1.1401485204696655,0.0,0.0,-0.0008789697894826531,-0.15755921602249146,0.0,0.0,0.15162930550062842,0.17817187085358616,-0.01856633462011814,0.08349353820085526,0.0,0.0,0.0,0.0
1.2724263668060303,-0.4184417724609375,-1.1401485204696655,0.0,0.0,-0.0008789697894826531,-0.15755921602249146,0.0,0.0,0.15162930550062842,0.17817187085358616,-0.01856633462011814,0.08349353820085526,0.0,0.0,0.0,0.0
1.2737746238708496,-0.4184417724609375,-1.1401485204696655,0.0,0.0,-0.0008789697894826531,-0.15755921602249146,0.0,0.0,0.15162930550062842,0.17817187085358616,-0.01856633462011814,0.08349353820085526,0.0,0.0,0.0,0.0
1.2750260829925537,-0.4184417724609375,-1.1401485204696655,0.0,0.0,-0.0008789697894826531,-0.15755921602249146,0.0,0.0,0.15162930550062842,0.17817187085358616,-0.01856633462011814,0.08349353820085526,0.0,0.0,0.0,0.0
1.2765121459960938,-0.4184417724609375,-1.1401485204696655,0.0,0.0,-0.0008789697894826531,-0.15755921602249146,0.0,0.0,0.15162930550062842,0.17817187085358616,-0.01856633462011814,0.08349353820085526,0.0,0.0,0.0,0.0
1.278024673461914,-0.4184417724609375,-1.1401485204696655,0.0,0.0,-0.0008789697894826531,-0.15755921602249146,0.0,0.0,0.15162930550062842,0.17817187085358616,-0.01856633462011814,0.08349353820085526,0.0,0.0,0.0,0.0
1.279282569885254,-0.4184417724609375,-1.1401485204696655,0.0,0.0,-0.0008789697894826531,-0.15755921602249146,0.0,0.0,0.15162930550062842,0.17817187085358616,-0.01856633462011814,0.08349353820085526,0.0,0.0,0.0,0.0
1.280534029006958,-0.4184417724609375,-1.1401485204696655,0.0,0.0,-0.0008789697894826531,-0.15755921602249146,0.0,0.0,0.15162930550062842,0.17817187085358616,-0.01856633462011814,0.08349353820085526,0.0,0.0,0.0,0.0
1.2817718982696533,-0.4184417724609375,-1.1401485204696655,0.0,0.0,-0.0008789697894826531,-0.15755921602249146,0.0,0.0,0.15162930550062842,0.17817187085358616,-0.01856633462011814,0.08349353820085526,0.0,0.0,0.0,0.0
1.283003330230713,-0.4184417724609375,-1.1401485204696655,0.0,0.0,-0.0008789697894826531,-0.15755921602249146,0.0,0.0,0.15162930550062842,0.17817187085358616,-0.01856633462011814,0.08349353820085526,0.0,0.0,0.0,0.0
1.284379243850708,-0.4184417724609375,-1.1401485204696655,0.0,0.0,-0.0008789697894826531,-0.15755921602249146,0.0,0.0,0.15162930550062842,0.17817187085358616,-0.01856633462011814,0.08349353820085526,0.0,0.0,0.0,0.0
1.2856416702270508,-0.4184417724609375,-1.1401485204696655,0.0,0.0,-0.0008789697894826531,-0.15755921602249146,0.0,0.0,0.15162930550062842,0.17817187085358616,-0.01856633462011814,0.08349353820085526,0.0,0.0,0.0,0.0
1.2869064807891846,-0.4184417724609375,-1.1401485204696655,0.0,0.0,-0.0008789697894826531,-0.15755921602249146,0.0,0.0,0.15162930550062842,0.17817187085358616,-0.01856633462011814,0.08349353820085526,0.0,0.0,0.0,0.0
1.288153886795044,-0.4184417724609375,-1.1401485204696655,0.0,0.0,-0.0008789697894826531,-0.15755921602249146,0.0,0.0,0.15162930550062842,0.17817187085358616,-0.01856633462011814,0.08349353820085526,0.0,0.0,0.0,0.0
1.2894108295440674,-0.4184417724609375,-1.1401485204696655,0.0,0.0,-0.0008789697894826531,-0.15755921602249146,0.0,0.0,0.15162930550062842,0.178095167132854,-0.01856633462011814,0.08349353820085526,0.0,0.0,0.0,0.0
1.2906489372253418,-0.4184417724609375,-1.1401485204696655,0.0,0.0,-0.0008789697894826531,-0.15755921602249146,0.0,0.0,0.15162930550062842,0.178095167132854,-0.01856633462011814,0.08349353820085526,0.0,0.0,0.0,0.0
1.2918999195098877,-0.4184417724609375,-1.1401485204696655,0.0,0.0,-0.0008789697894826531,-0.15755921602249146,0.0,0.0,0.15162930550062842,0.17766853340756117,-0.01856633462011814,0.08890087902545929,0.0,0.0,0.0,0.0
1.2931509017944336,-0.4184417724609375,-1.1401485204696655,0.0,0.0,-0.0008789697894826531,-0.15755921602249146,0.0,0.0,0.15162930550062842,0.17766853340756117,-0.01856633462011814,0.08890087902545929,0.0,0.0,0.0,0.0
1.2946252822875977,-0.4184417724609375,-1.1401485204696655,0.0,0.0,-0.0008789697894826531,-0.15755921602249146,0.0,0.0,0.15162930550062842,0.17766853340756117,-0.01856633462011814,0.08729872852563858,0.0,0.0,0.0,0.0
1.2958498001098633,-0.4184417724609375,-1.1401485204696655,0.0,0.0,-0.0008789697894826531,-0.15755921602249146,0.0,0.0,0.15162930550062842,0.17770688526792724,-0.01856633462011814,0.08626871556043625,0.0,0.0,0.0,0.0
1.2971429824829102,-0.4184417724609375,-1.1401485204696655,0.0,0.0,-0.0008789697894826531,-0.15755921602249146,0.0,0.0,0.15162930550062842,0.17770688526792724,-0.01856633462011814,0.08626871556043625,0.0,0.0,0.0,0.0
1.298574447631836,-0.4184417724609375,-1.1401485204696655,0.0,0.0,-0.0008789697894826531,-0.15755921602249146,0.0,0.0,0.15162930550062842,0.17770688526792724,-0.01856633462011814,0.08626871556043625,0.0,0.0,0.0,0.0
1.2998168468475342,-0.4184417724609375,-1.1401485204696655,0.0,0.0,-0.0008789697894826531,-0.15755921602249146,0.0,0.0,0.15162930550062842,0.17770688526792724,-0.01856633462011814,0.08626871556043625,0.0,0.0,0.0,0.0
1.3010613918304443,-0.4184417724609375,-1.1401485204696655,0.0,0.0,-0.0008789697894826531,-0.15755921602249146,0.0,0.0,0.15162930550062842,0.17795135643398974,-0.01856633462011814,0.08626871556043625,0.0,0.0,0.0,0.0
1.3023042678833008,-0.4184417724609375,-1.1401485204696655,0.0,0.0,-0.0008789697894826531,-0.15755921602249146,0.0,0.0,0.15162930550062842,0.17795135643398974,-0.01856633462011814,0.08626871556043625,0.0,0.0,0.0,0.0
1.3035540580749512,-0.4184417724609375,-1.1401485204696655,0.0,0.0,-0.0008789697894826531,-0.15755921602249146,0.0,0.0,0.15162930550062842,0.1782389778317183,-0.01856633462011814,0.08068974316120148,0.0,0.0,0.0,0.0
1.3048217296600342,-0.4184417724609375,-1.1401485204696655,0.0,0.0,-0.0008789697894826531,-0.15755921602249146,0.0,0.0,0.15162930550062842,0.1782389778317183,-0.01856633462011814,0.08068974316120148,0.0,0.0,0.0,0.0
1.3060998916625977,-0.4184417724609375,-1.1401485204696655,0.0,0.0,-0.0008789697894826531,-0.15755921602249146,0.0,0.0,0.15162930550062842,0.1782198077532076,-0.01856633462011814,0.08240638673305511,0.0,0.0,0.0,0.0
1.3073463439941406,-0.4184417724609375,-1.1401485204696655,0.0,0.0,-0.0008789697894826531,-0.15755921602249146,0.0,0.0,0.15162930550062842,0.1782198077532076,-0.01856633462011814,0.08240638673305511,0.0,0.0,0.0,0.0
1.3085978031158447,-0.4184417724609375,-1.1401485204696655,0.0,0.0,-0.0008789697894826531,-0.15755921602249146,0.0,0.0,0.15162930550062842,0.17817187085358616,-0.01856633462011814,0.08349353820085526,0.0,0.0,0.0,0.0
1.3098554611206055,-0.4184417724609375,-1.1401485204696655,0.0,0.0,-0.0008789697894826531,-0.15755921602249146,0.0,0.0,0.15162930550062842,0.17817187085358616,-0.01856633462011814,0.08349353820085526,0.0,0.0,0.0,0.0
1.3111159801483154,-0.4184417724609375,-1.1401485204696655,0.0,0.0,-0.0008789697894826531,-0.15755921602249146,0.0,0.0,0.15162930550062842,0.17817187085358616,-0.01856633462011814,0.08349353820085526,0.0,0.0,0.0,0.0
1.3123571872711182,-0.4184417724609375,-1.1401485204696655,0.0,0.0,-0.0008789697894826531,-0.15755921602249146,0.0,0.0,0.15162930550062842,0.17817187085358616,-0.01856633462011814,0.08349353820085526,0.0,0.0,0.0,0.0
1.3136062622070312,-0.4184417724609375,-1.1401485204696655,0.0,0.0,-0.0008789697894826531,-0.15755921602249146,0.0,0.0,0.15162930550062842,0.17817187085358616,-0.01856633462011814,0.08349353820085526,0.0,0.0,0.0,0.0
1.3149597644805908,-0.4184417724609375,-1.1401485204696655,0.0,0.0,-0.0008789697894826531,-0.15755921602249146,0.0,0.0,0.15162930550062842,0.17817187085358616,-0.01856633462011814,0.08349353820085526,0.0,0.0,0.0,0.0
1.316462516784668,-0.4430636465549469,-1.1822627782821655,0.0,0.0,-0.0009187695104628801,-0.15758146345615387,0.0,0.0,0.15162930550062842,0.17817187085358616,-0.01856633462011814,0.08349353820085526,0.0,0.0,0.0,0.0
1.3177146911621094,-0.4430636465549469,-1.1822627782821655,0.0,0.0,-0.0009187695104628801,-0.15758146345615387,0.0,0.0,0.15162930550062842,0.17786028100604687,-0.01856633462011814,0.0879281610250473,0.0,0.0,0.0,0.0
1.3189668655395508,-0.4430636465549469,-1.1822627782821655,0.0,0.0,-0.0009187695104628801,-0.15758146345615387,0.0,0.0,0.15162930550062842,0.17786028100604687,-0.01856633462011814,0.0879281610250473,0.0,0.0,0.0,0.0
1.3201837539672852,-0.4430636465549469,-1.1822627782821655,0.0,0.0,-0.0009187695104628801,-0.15758146345615387,0.0,0.0,0.15162930550062842,0.17791300457362366,-0.01856633462011814,0.08809977024793625,0.0,0.0,0.0,0.0
1.32155179977417,-0.4430636465549469,-1.1822627782821655,0.0,0.0,-0.0009187695104628801,-0.15758146345615387,0.0,0.0,0.15162930550062842,0.17791300457362366,-0.01856633462011814,0.08809977024793625,0.0,0.0,0.0,0.0
1.3228044509887695,-0.4430636465549469,-1.1822627782821655,0.0,0.0,-0.0009187695104628801,-0.15758146345615387,0.0,0.0,0.15162930550062842,0.1781862542641415,-0.01856633462011814,0.08180553466081619,0.0,0.0,0.0,0.0
1.3240444660186768,-0.4430636465549469,-1.1822627782821655,0.0,0.0,-0.0009187695104628801,-0.15758146345615387,0.0,0.0,0.15162930550062842,0.1781862542641415,-0.01856633462011814,0.08180553466081619,0.0,0.0,0.0,0.0
1.3252942562103271,-0.4004424512386322,-1.1089051961898804,0.0,0.0,-0.0008736565941944718,-0.15755625069141388,0.0,0.0,0.15162930550062842,0.1782389778317183,-0.01856633462011814,0.08229190856218338,0.0,0.0,0.0,0.0
1.326542854309082,-0.4004424512386322,-1.1089051961898804,0.0,0.0,-0.0008736565941944718,-0.15755625069141388,0.0,0.0,0.15162930550062842,0.1782389778317183,-0.01856633462011814,0.08229190856218338,0.0,0.0,0.0,0.0
1.3278155326843262,-0.4004424512386322,-1.1089051961898804,0.0,0.0,-0.0008736565941944718,-0.15755625069141388,0.0,0.0,0.15162930550062842,0.17817187085358616,-0.01856633462011814,0.08349353820085526,0.0,0.0,0.0,0.0
1.3290815353393555,-0.4004424512386322,-1.1089051961898804,0.0,0.0,-0.0008736565941944718,-0.15755625069141388,0.0,0.0,0.15162930550062842,0.17817187085358616,-0.01856633462011814,0.08349353820085526,0.0,0.0,0.0,0.0
1.3304944038391113,-0.4004424512386322,-1.1089051961898804,0.0,0.0,-0.0008736565941944718,-0.15755625069141388,0.0,0.0,0.15162930550062842,0.17817187085358616,-0.01856633462011814,0.08349353820085526,0.0,0.0,0.0,0.0
1.3317370414733887,-0.4004424512386322,-1.1089051961898804,0.0,0.0,-0.0008736565941944718,-0.15755625069141388,0.0,0.0,0.15162930550062842,0.17817187085358616,-0.01856633462011814,0.08349353820085526,0.0,0.0,0.0,0.0
1.332977056503296,-0.4004424512386322,-1.1089051961898804,0.0,0.0,-0.0008736565941944718,-0.15755625069141388,0.0,0.0,0.15162930550062842,0.17817187085358616,-0.01856633462011814,0.08349353820085526,0.0,0.0,0.0,0.0
1.3342020511627197,-0.4004424512386322,-1.1089051961898804,0.0,0.0,-0.0008736565941944718,-0.15755625069141388,0.0,0.0,0.15162930550062842,0.17817187085358616,-0.01856633462011814,0.08349353820085526,0.0,0.0,0.0,0.0
1.3354301452636719,-0.4184417724609375,-1.1401485204696655,0.0,0.0,-0.0008789697894826531,-0.15755921602249146,0.0,0.0,0.15162930550062842,0.17817187085358616,-0.01856633462011814,0.08349353820085526,0.0,0.0,0.0,0.0
1.336669921875,-0.4184417724609375,-1.1401485204696655,0.0,0.0,-0.0008789697894826531,-0.15755921602249146,0.0,0.0,0.15162930550062842,0.17817187085358616,-0.01856633462011814,0.08349353820085526,0.0,0.0,0.0,0.0
1.338179111480713,-0.4184417724609375,-1.1401485204696655,0.0,0.0,-0.0008789697894826531,-0.15755921602249146,0.0,0.0,0.15162930550062842,0.17817187085358616,-0.01856633462011814,0.08349353820085526,0.0,0.0,0.0,0.0
1.3393855094909668,-0.4184417724609375,-1.1401485204696655,0.0,0.0,-0.0008789697894826531,-0.15755921602249146,0.0,0.0,0.15162930550062842,0.17817187085358616,-0.01856633462011814,0.08349353820085526,0.0,0.0,0.0,0.0
1.3406081199645996,-0.4184417724609375,-1.1401485204696655,0.0,0.0,-0.0008789697894826531,-0.15755921602249146,0.0,0.0,0.15162930550062842,0.17817187085358616,-0.01856633462011814,0.08349353820085526,0.0,0.0,0.0,0.0
1.341813087463379,-0.4184417724609375,-1.1401485204696655,0.0,0.0,-0.0008789697894826531,-0.15755921602249146,0.0,0.0,0.15162930550062842,0.17817187085358616,-0.01856633462011814,0.08349353820085526,0.0,0.0,0.0,0.0
1.3430414199829102,-0.4184417724609375,-1.1401485204696655,0.0,0.0,-0.0008789697894826531,-0.15755921602249146,0.0,0.0,0.15162930550062842,0.17817187085358616,-0.01856633462011814,0.08349353820085526,0.0,0.0,0.0,0.0
1.3442590236663818,-0.4184417724609375,-1.1401485204696655,0.0,0.0,-0.0008789697894826531,-0.15755921602249146,0.0,0.0,0.15162930550062842,0.17817187085358616,-0.01856633462011814,0.08349353820085526,0.0,0.0,0.0,0.0
1.3455088138580322,-0.40761691331863403,-1.1213223934173584,0.0,0.0,-0.0008778392220847309,-0.15755857527256012,0.0,0.0,0.15162930550062842,0.17817187085358616,-0.01856633462011814,0.08349353820085526,0.0,0.0,0.0,0.0
1.34674072265625,-0.40761691331863403,-1.1213223934173584,0.0,0.0,-0.0008778392220847309,-0.15755857527256012,0.0,0.0,0.15162930550062842,0.17817187085358616,-0.01856633462011814,0.08349353820085526,0.0,0.0,0.0,0.0
1.3479502201080322,-0.40761691331863403,-1.1213223934173584,0.0,0.0,-0.0008778392220847309,-0.15755857527256012,0.0,0.0,0.15162930550062842,0.17817187085358616,-0.01856633462011814,0.08349353820085526,0.0,0.0,0.0,0.0
1.3491716384887695,-0.40761691331863403,-1.1213223934173584,0.0,0.0,-0.0008778392220847309,-0.15755857527256012,0.0,0.0,0.15162930550062842,0.17817187085358616,-0.01856633462011814,0.08349353820085526,0.0,0.0,0.0,0.0
1.3504087924957275,-0.40761691331863403,-1.1213223934173584,0.0,0.0,-0.0008778392220847309,-0.15755857527256012,0.0,0.0,0.15162930550062842,0.17817187085358616,-0.01856633462011814,0.08349353820085526,0.0,0.0,0.0,0.0
1.3516316413879395,-0.40761691331863403,-1.1213223934173584,0.0,0.0,-0.0008778392220847309,-0.15755857527256012,0.0,0.0,0.15162930550062842,0.17817187085358616,-0.01856633462011814,0.08349353820085526,0.0,0.0,0.0,0.0
1.3528480529785156,-0.40761691331863403,-1.1213223934173584,0.0,0.0,-0.0008778392220847309,-0.15755857527256012,0.0,0.0,0.15162930550062842,0.17817187085358616,-0.01856633462011814,0.08349353820085526,0.0,0.0,0.0,0.0
1.3540573120117188,-0.40761691331863403,-1.1213223934173584,0.0,0.0,-0.0008778392220847309,-0.15755857527256012,0.0,0.0,0.15162930550062842,0.17817187085358616,-0.01856633462011814,0.08349353820085526,0.0,0.0,0.0,0.0
1.355318307876587,-0.4184417724609375,-1.1401485204696655,0.0,0.0,-0.0008789697894826531,-0.15755921602249146,0.0,0.0,0.15162930550062842,0.17817187085358616,-0.01856633462011814,0.08349353820085526,0.0,0.0,0.0,0.0
1.3567125797271729,-0.4184417724609375,-1.1401485204696655,0.0,0.0,-0.0008789697894826531,-0.15755921602249146,0.0,0.0,0.15162930550062842,0.17817187085358616,-0.01856633462011814,0.08349353820085526,0.0,0.0,0.0,0.0
1.3579175472259521,-0.4184417724609375,-1.1401485204696655,0.0,0.0,-0.0008789697894826531,-0.15755921602249146,0.0,0.0,0.15162930550062842,0.17817187085358616,-0.01856633462011814,0.08349353820085526,0.0,0.0,0.0,0.0
1.3591315746307373,-0.4184417724609375,-1.1401485204696655,0.0,0.0,-0.0008789697894826531,-0.15755921602249146,0.0,0.0,0.15162930550062842,0.17817187085358616,-0.01856633462011814,0.08349353820085526,0.0,0.0,0.0,0.0
1.3603651523590088,-0.4184417724609375,-1.1401485204696655,0.0,0.0,-0.0008789697894826531,-0.15755921602249146,0.0,0.0,0.15162930550062842,0.17817187085358616,-0.01856633462011814,0.08349353820085526,0.0,0.0,0.0,0.0
1.361823558807373,-0.4184417724609375,-1.1401485204696655,0.0,0.0,-0.0008789697894826531,-0.15755921602249146,0.0,0.0,0.15162930550062842,0.17817187085358616,-0.01856633462011814,0.08349353820085526,0.0,0.0,0.0,0.0
1.3630397319793701,-0.4184417724609375,-1.1401485204696655,0.0,0.0,-0.0008789697894826531,-0.15755921602249146,0.0,0.0,0.15162930550062842,0.17817187085358616,-0.01856633462011814,0.08349353820085526,0.0,0.0,0.0,0.0
1.3642544746398926,-0.4184417724609375,-1.1401485204696655,0.0,0.0,-0.0008789697894826531,-0.15755921602249146,0.0,0.0,0.15162930550062842,0.17817187085358616,-0.01856633462011814,0.08349353820085526,0.0,0.0,0.0,0.0
1.3654670715332031,-0.4184417724609375,-1.1401485204696655,0.0,0.0,-0.0008789697894826531,-0.15755921602249146,0.0,0.0,0.15162930550062842,0.17817187085358616,-0.01856633462011814,0.08349353820085526,0.0,0.0,0.0,0.0
1.366990089416504,-0.4184417724609375,-1.1401485204696655,0.0,0.0,-0.0008789697894826531,-0.15755921602249146,0.0,0.0,0.15162930550062842,0.17817187085358616,-0.01856633462011814,0.08349353820085526,0.0,0.0,0.0,0.0
1.3682575225830078,-0.4184417724609375,-1.1401485204696655,0.0,0.0,-0.0008789697894826531,-0.15755921602249146,0.0,0.0,0.15162930550062842,0.17817187085358616,-0.01856633462011814,0.08349353820085526,0.0,0.0,0.0,0.0
1.3695013523101807,-0.4184417724609375,-1.1401485204696655,0.0,0.0,-0.0008789697894826531,-0.15755921602249146,0.0,0.0,0.15162930550062842,0.17817187085358616,-0.01856633462011814,0.08349353820085526,0.0,0.0,0.0,0.0
1.3707613945007324,-0.4184417724609375,-1.1401485204696655,0.0,0.0,-0.0008789697894826531,-0.15755921602249146,0.0,0.0,0.15162930550062842,0.17817187085358616,-0.01856633462011814,0.08349353820085526,0.0,0.0,0.0,0.0
1.3720061779022217,-0.4184417724609375,-1.1401485204696655,0.0,0.0,-0.0008789697894826531,-0.15755921602249146,0.0,0.0,0.15162930550062842,0.17817187085358616,-0.01856633462011814,0.08349353820085526,0.0,0.0,0.0,0.0
1.3732588291168213,-0.4184417724609375,-1.1401485204696655,0.0,0.0,-0.0008789697894826531,-0.15755921602249146,0.0,0.0,0.15162930550062842,0.17817187085358616,-0.01856633462011814,0.08349353820085526,0.0,0.0,0.0,0.0
1.3745028972625732,-0.4184417724609375,-1.1401485204696655,0.0,0.0,-0.0008789697894826531,-0.15755921602249146,0.0,0.0,0.15162930550062842,0.17817187085358616,-0.01856633462011814,0.08349353820085526,0.0,0.0,0.0,0.0
1.3757243156433105,-0.4184417724609375,-1.1401485204696655,0.0,0.0,-0.0008789697894826531,-0.15755921602249146,0.0,0.0,0.15162930550062842,0.17817187085358616,-0.01856633462011814,0.08349353820085526,0.0,0.0,0.0,0.0
1.376976728439331,-0.4184417724609375,-1.1401485204696655,0.0,0.0,-0.0008789697894826531,-0.15755921602249146,0.0,0.0,0.15162930550062842,0.17817187085358616,-0.01856633462011814,0.08349353820085526,0.0,0.0,0.0,0.0
1.3782227039337158,-0.4184417724609375,-1.1401485204696655,0.0,0.0,-0.0008789697894826531,-0.15755921602249146,0.0,0.0,0.15162930550062842,0.17817187085358616,-0.01856633462011814,0.08349353820085526,0.0,0.0,0.0,0.0
1.3794589042663574,-0.4184417724609375,-1.1401485204696655,0.0,0.0,-0.0008789697894826531,-0.15755921602249146,0.0,0.0,0.15162930550062842,0.17817187085358616,-0.01856633462011814,0.08349353820085526,0.0,0.0,0.0,0.0
1.3807218074798584,-0.4184417724609375,-1.1401485204696655,0.0,0.0,-0.0008789697894826531,-0.15755921602249146,0.0,0.0,0.15162930550062842,0.17817187085358616,-0.01856633462011814,0.08349353820085526,0.0,0.0,0.0,0.0
1.381960153579712,-0.4184417724609375,-1.1401485204696655,0.0,0.0,-0.0008789697894826531,-0.15755921602249146,0.0,0.0,0.15162930550062842,0.17817187085358616,-0.01856633462011814,0.08349353820085526,0.0,0.0,0.0,0.0
1.3833110332489014,-0.4184417724609375,-1.1401485204696655,0.0,0.0,-0.0008789697894826531,-0.15755921602249146,0.0,0.0,0.15162930550062842,0.17817187085358616,-0.01856633462011814,0.08349353820085526,0.0,0.0,0.0,0.0
1.3845584392547607,-0.4184417724609375,-1.1401485204696655,0.0,0.0,-0.0008789697894826531,-0.15755921602249146,0.0,0.0,0.15162930550062842,0.17817187085358616,-0.01856633462011814,0.08349353820085526,0.0,0.0,0.0,0.0
1.38621187210083,-0.4184417724609375,-1.1401485204696655,0.0,0.0,-0.0008789697894826531,-0.15755921602249146,0.0,0.0,0.15162930550062842,0.17817187085358616,-0.01856633462011814,0.08349353820085526,0.0,0.0,0.0,0.0
1.3874943256378174,-0.4184417724609375,-1.1401485204696655,0.0,0.0,-0.0008789697894826531,-0.15755921602249146,0.0,0.0,0.15162930550062842,0.17817187085358616,-0.01856633462011814,0.08349353820085526,0.0,0.0,0.0,0.0
1.3887362480163574,-0.4184417724609375,-1.1401485204696655,0.0,0.0,-0.0008789697894826531,-0.15755921602249146,0.0,0.0,0.15162930550062842,0.17817187085358616,-0.01856633462011814,0.08349353820085526,0.0,0.0,0.0,0.0
1.390087604522705,-0.4184417724609375,-1.1401485204696655,0.0,0.0,-0.0008789697894826531,-0.15755921602249146,0.0,0.0,0.15162930550062842,0.17796573984454508,-0.01856633462011814,0.086383156478405,0.0,0.0,0.0,0.0
1.3913254737854004,-0.4184417724609375,-1.1401485204696655,0.0,0.0,-0.0008789697894826531,-0.15755921602249146,0.0,0.0,0.15162930550062842,0.17796573984454508,-0.01856633462011814,0.086383156478405,0.0,0.0,0.0,0.0
1.3925864696502686,-0.4184417724609375,-1.1401485204696655,0.0,0.0,-0.0008789697894826531,-0.15755921602249146,0.0,0.0,0.15162930550062842,0.17801367674416652,-0.01856633462011814,0.08572516590356827,0.0,0.0,0.0,0.0
1.3938424587249756,-0.4184417724609375,-1.1401485204696655,0.0,0.0,-0.0008789697894826531,-0.15755921602249146,0.0,0.0,0.15162930550062842,0.17801367674416652,-0.01856633462011814,0.08572516590356827,0.0,0.0,0.0,0.0
1.3950769901275635,-0.4184417724609375,-1.1401485204696655,0.0,0.0,-0.0008789697894826531,-0.15755921602249146,0.0,0.0,0.15162930550062842,0.17801367674416652,-0.01856633462011814,0.08443768322467804,0.0,0.0,0.0,0.0
1.3965137004852295,-0.4184417724609375,-1.1401485204696655,0.0,0.0,-0.0008789697894826531,-0.15755921602249146,0.0,0.0,0.15162930550062842,0.17801367674416652,-0.01856633462011814,0.08443768322467804,0.0,0.0,0.0,0.0
1.3977694511413574,-0.4184417724609375,-1.1401485204696655,0.0,0.0,-0.0008789697894826531,-0.15755921602249146,0.0,0.0,0.15162930550062842,0.17801367674416652,-0.01856633462011814,0.08443768322467804,0.0,0.0,0.0,0.0
1.3990178108215332,-0.4184417724609375,-1.1401485204696655,0.0,0.0,-0.0008789697894826531,-0.15755921602249146,0.0,0.0,0.15162930550062842,0.17801367674416652,-0.01856633462011814,0.08443768322467804,0.0,0.0,0.0,0.0
1.4002728462219238,-0.4184417724609375,-1.1401485204696655,0.0,0.0,-0.0008789697894826531,-0.15755921602249146,0.0,0.0,0.15162930550062842,0.17801367674416652,-0.01856633462011814,0.08443768322467804,0.0,0.0,0.0,0.0
1.4015376567840576,-0.4184417724609375,-1.1401485204696655,0.0,0.0,-0.0008789697894826531,-0.15755921602249146,0.0,0.0,0.15162930550062842,0.17801367674416652,-0.01856633462011814,0.08443768322467804,0.0,0.0,0.0,0.0
1.402796983718872,-0.4184417724609375,-1.1401485204696655,0.0,0.0,-0.0008789697894826531,-0.15755921602249146,0.0,0.0,0.15162930550062842,0.17801367674416652,-0.01856633462011814,0.08443768322467804,0.0,0.0,0.0,0.0
1.404033899307251,-0.4184417724609375,-1.1401485204696655,0.0,0.0,-0.0008789697894826531,-0.15755921602249146,0.0,0.0,0.15162930550062842,0.17801367674416652,-0.01856633462011814,0.08443768322467804,0.0,0.0,0.0,0.0
1.405606985092163,-0.4184417724609375,-1.1401485204696655,0.0,0.0,-0.0008789697894826531,-0.15755921602249146,0.0,0.0,0.15162930550062842,0.17801367674416652,-0.01856633462011814,0.08443768322467804,0.0,0.0,0.0,0.0
1.406848430633545,-0.4184417724609375,-1.1401485204696655,0.0,0.0,-0.0008789697894826531,-0.15755921602249146,0.0,0.0,0.15162930550062842,0.17801367674416652,-0.01856633462011814,0.08443768322467804,0.0,0.0,0.0,0.0
1.408076286315918,-0.4184417724609375,-1.1401485204696655,0.0,0.0,-0.0008789697894826531,-0.15755921602249146,0.0,0.0,0.15162930550062842,0.17801367674416652,-0.01856633462011814,0.08443768322467804,0.0,0.0,0.0,0.0
1.4092998504638672,-0.4184417724609375,-1.1401485204696655,0.0,0.0,-0.0008789697894826531,-0.15755921602249146,0.0,0.0,0.15162930550062842,0.17801367674416652,-0.01856633462011814,0.08443768322467804,0.0,0.0,0.0,0.0
1.410526990890503,-0.4184417724609375,-1.1401485204696655,0.0,0.0,-0.0008789697894826531,-0.15755921602249146,0.0,0.0,0.15162930550062842,0.17801367674416652,-0.01856633462011814,0.08443768322467804,0.0,0.0,0.0,0.0
1.4117302894592285,-0.4184417724609375,-1.1401485204696655,0.0,0.0,-0.0008789697894826531,-0.15755921602249146,0.0,0.0,0.15162930550062842,0.17801367674416652,-0.01856633462011814,0.08443768322467804,0.0,0.0,0.0,0.0
1.412940263748169,-0.4184417724609375,-1.1401485204696655,0.0,0.0,-0.0008789697894826531,-0.15755921602249146,0.0,0.0,0.15162930550062842,0.17801367674416652,-0.01856633462011814,0.08443768322467804,0.0,0.0,0.0,0.0
1.4141693115234375,-0.4184417724609375,-1.1401485204696655,0.0,0.0,-0.0008789697894826531,-0.15755921602249146,0.0,0.0,0.15162930550062842,0.17801367674416652,-0.01856633462011814,0.08443768322467804,0.0,0.0,0.0,0.0
1.4154119491577148,-0.43281713128089905,-1.1649430990219116,0.0,0.0,-0.0008914812933653593,-0.15756618976593018,0.0,0.0,0.15162930550062842,0.17801367674416652,-0.01856633462011814,0.08443768322467804,0.0,0.0,0.0,0.0
1.4169471263885498,-0.43281713128089905,-1.1649430990219116,0.0,0.0,-0.0008914812933653593,-0.15756618976593018,0.0,0.0,0.15162930550062842,0.17801367674416652,-0.01856633462011814,0.08443768322467804,0.0,0.0,0.0,0.0
1.4181559085845947,-0.43281713128089905,-1.1649430990219116,0.0,0.0,-0.0008914812933653593,-0.15756618976593018,0.0,0.0,0.15162930550062842,0.17801367674416652,-0.01856633462011814,0.08443768322467804,0.0,0.0,0.0,0.0
1.4193682670593262,-0.43281713128089905,-1.1649430990219116,0.0,0.0,-0.0008914812933653593,-0.15756618976593018,0.0,0.0,0.15162930550062842,0.17801367674416652,-0.01856633462011814,0.08443768322467804,0.0,0.0,0.0,0.0
1.420605182647705,-0.43281713128089905,-1.1649430990219116,0.0,0.0,-0.0008914812933653593,-0.15756618976593018,0.0,0.0,0.15162930550062842,0.17801367674416652,-0.01856633462011814,0.08443768322467804,0.0,0.0,0.0,0.0
1.4218454360961914,-0.43281713128089905,-1.1649430990219116,0.0,0.0,-0.0008914812933653593,-0.15756618976593018,0.0,0.0,0.15162930550062842,0.17801367674416652,-0.01856633462011814,0.08443768322467804,0.0,0.0,0.0,0.0
1.4230706691741943,-0.43281713128089905,-1.1649430990219116,0.0,0.0,-0.0008914812933653593,-0.15756618976593018,0.0,0.0,0.15162930550062842,0.17801367674416652,-0.01856633462011814,0.08443768322467804,0.0,0.0,0.0,0.0
1.4242827892303467,-0.43281713128089905,-1.1649430990219116,0.0,0.0,-0.0008914812933653593,-0.15756618976593018,0.0,0.0,0.15162930550062842,0.17801367674416652,-0.01856633462011814,0.08443768322467804,0.0,0.0,0.0,0.0
1.4255180358886719,-0.42456483840942383,-1.1505783796310425,0.0,0.0,-0.0008914812933653593,-0.15756618976593018,0.0,0.0,0.15162930550062842,0.17801367674416652,-0.01856633462011814,0.08443768322467804,0.0,0.0,0.0,0.0
1.4268903732299805,-0.42456483840942383,-1.1505783796310425,0.0,0.0,-0.0008914812933653593,-0.15756618976593018,0.0,0.0,0.15162930550062842,0.17811913558266473,-0.01856633462011814,0.08297859132289886,0.0,0.0,0.0,0.0
1.428093433380127,-0.42456483840942383,-1.1505783796310425,0.0,0.0,-0.0008914812933653593,-0.15756618976593018,0.0,0.0,0.15162930550062842,0.17811913558266473,-0.01856633462011814,0.08297859132289886,0.0,0.0,0.0,0.0
1.4293694496154785,-0.42456483840942383,-1.1505783796310425,0.0,0.0,-0.0008914812933653593,-0.15756618976593018,0.0,0.0,0.15162930550062842,0.1782198077532076,-0.01856633462011814,0.08240638673305511,0.0,0.0,0.0,0.0
1.4305806159973145,-0.42456483840942383,-1.1505783796310425,0.0,0.0,-0.0008914812933653593,-0.15756618976593018,0.0,0.0,0.15162930550062842,0.1782198077532076,-0.01856633462011814,0.08240638673305511,0.0,0.0,0.0,0.0
1.4320461750030518,-0.42456483840942383,-1.1505783796310425,0.0,0.0,-0.0008914812933653593,-0.15756618976593018,0.0,0.0,0.15162930550062842,0.17817187085358616,-0.01856633462011814,0.08349353820085526,0.0,0.0,0.0,0.0
1.4332621097564697,-0.42456483840942383,-1.1505783796310425,0.0,0.0,-0.0008914812933653593,-0.15756618976593018,0.0,0.0,0.15162930550062842,0.17817187085358616,-0.01856633462011814,0.08349353820085526,0.0,0.0,0.0,0.0
1.4345121383666992,-0.42456483840942383,-1.1505783796310425,0.0,0.0,-0.0008914812933653593,-0.15756618976593018,0.0,0.0,0.15162930550062842,0.17817187085358616,-0.01856633462011814,0.08349353820085526,0.0,0.0,0.0,0.0
1.4357326030731201,-0.42456483840942383,-1.1505783796310425,0.0,0.0,-0.0008914812933653593,-0.15756618976593018,0.0,0.0,0.15162930550062842,0.17817187085358616,-0.01856633462011814,0.08349353820085526,0.0,0.0,0.0,0.0
1.4369943141937256,-0.42456483840942383,-1.1505783796310425,0.0,0.0,-0.0008914812933653593,-0.15756618976593018,0.0,0.0,0.15162930550062842,0.17817187085358616,-0.01856633462011814,0.08349353820085526,0.0,0.0,0.0,0.0
1.4382908344268799,-0.42456483840942383,-1.1505783796310425,0.0,0.0,-0.0008914812933653593,-0.15756618976593018,0.0,0.0,0.15162930550062842,0.17808558209359865,-0.01856633462011814,0.08349353820085526,0.0,0.0,0.0,0.0
1.4394972324371338,-0.42456483840942383,-1.1505783796310425,0.0,0.0,-0.0008914812933653593,-0.15756618976593018,0.0,0.0,0.15162930550062842,0.17808558209359865,-0.01856633462011814,0.08349353820085526,0.0,0.0,0.0,0.0
1.4409568309783936,-0.42456483840942383,-1.1505783796310425,0.0,0.0,-0.0008914812933653593,-0.15756618976593018,0.0,0.0,0.15162930550062842,0.17798970829435581,-0.01856633462011814,0.08538185060024261,0.0,0.0,0.0,0.0
1.442214012145996,-0.42456483840942383,-1.1505783796310425,0.0,0.0,-0.0008914812933653593,-0.15756618976593018,0.0,0.0,0.15162930550062842,0.17798970829435581,-0.01856633462011814,0.08538185060024261,0.0,0.0,0.0,0.0
1.4434962272644043,-0.42456483840942383,-1.1505783796310425,0.0,0.0,-0.0008914812933653593,-0.15756618976593018,0.0,0.0,0.15162930550062842,0.17801367674416652,-0.01856633462011814,0.08443768322467804,0.0,0.0,0.0,0.0
1.444916009902954,-0.42456483840942383,-1.1505783796310425,0.0,0.0,-0.0008914812933653593,-0.15756618976593018,0.0,0.0,0.15162930550062842,0.17801367674416652,-0.01856633462011814,0.08443768322467804,0.0,0.0,0.0,0.0
1.4461843967437744,-0.42456483840942383,-1.1505783796310425,0.0,0.0,-0.0008914812933653593,-0.15756618976593018,0.0,0.0,0.15162930550062842,0.17801367674416652,-0.01856633462011814,0.08443768322467804,0.0,0.0,0.0,0.0
1.4476873874664307,-0.42456483840942383,-1.1505783796310425,0.0,0.0,-0.0008914812933653593,-0.15756618976593018,0.0,0.0,0.15162930550062842,0.17801367674416652,-0.01856633462011814,0.08443768322467804,0.0,0.0,0.0,0.0
1.4489538669586182,-0.42456483840942383,-1.1505783796310425,0.0,0.0,-0.0008914812933653593,-0.15756618976593018,0.0,0.0,0.15162930550062842,0.17801367674416652,-0.01856633462011814,0.08443768322467804,0.0,0.0,0.0,0.0
1.4502384662628174,-0.42456483840942383,-1.1505783796310425,0.0,0.0,-0.0008914812933653593,-0.15756618976593018,0.0,0.0,0.15162930550062842,0.17801367674416652,-0.01856633462011814,0.08443768322467804,0.0,0.0,0.0,0.0
1.451495885848999,-0.42456483840942383,-1.1505783796310425,0.0,0.0,-0.0008914812933653593,-0.15756618976593018,0.0,0.0,0.15162930550062842,0.17801367674416652,-0.01856633462011814,0.08443768322467804,0.0,0.0,0.0,0.0
1.4527921676635742,-0.42456483840942383,-1.1505783796310425,0.0,0.0,-0.0008914812933653593,-0.15756618976593018,0.0,0.0,0.15162930550062842,0.17801367674416652,-0.01856633462011814,0.08443768322467804,0.0,0.0,0.0,0.0
1.4540441036224365,-0.42456483840942383,-1.1505783796310425,0.0,0.0,-0.0008914812933653593,-0.15756618976593018,0.0,0.0,0.15162930550062842,0.17801367674416652,-0.01856633462011814,0.08443768322467804,0.0,0.0,0.0,0.0
1.4553937911987305,-0.4184417724609375,-1.1401485204696655,0.0,0.0,-0.0008789697894826531,-0.15755921602249146,0.0,0.0,0.15162930550062842,0.17801367674416652,-0.01856633462011814,0.08443768322467804,0.0,0.0,0.0,0.0
1.4567804336547852,-0.4184417724609375,-1.1401485204696655,0.0,0.0,-0.0008789697894826531,-0.15755921602249146,0.0,0.0,0.15162930550062842,0.17801367674416652,-0.01856633462011814,0.08443768322467804,0.0,0.0,0.0,0.0
1.458080530166626,-0.4184417724609375,-1.1401485204696655,0.0,0.0,-0.0008789697894826531,-0.15755921602249146,0.0,0.0,0.15162930550062842,0.17801367674416652,-0.01856633462011814,0.08443768322467804,0.0,0.0,0.0,0.0
1.4595649242401123,-0.4184417724609375,-1.1401485204696655,0.0,0.0,-0.0008789697894826531,-0.15755921602249146,0.0,0.0,0.15162930550062842,0.17801367674416652,-0.01856633462011814,0.08443768322467804,0.0,0.0,0.0,0.0
1.4609596729278564,-0.4184417724609375,-1.1401485204696655,0.0,0.0,-0.0008789697894826531,-0.15755921602249146,0.0,0.0,0.15162930550062842,0.17801367674416652,-0.01856633462011814,0.08443768322467804,0.0,0.0,0.0,0.0
1.462310791015625,-0.4184417724609375,-1.1401485204696655,0.0,0.0,-0.0008789697894826531,-0.15755921602249146,0.0,0.0,0.15162930550062842,0.17801367674416652,-0.01856633462011814,0.08443768322467804,0.0,0.0,0.0,0.0
1.4635653495788574,-0.4184417724609375,-1.1401485204696655,0.0,0.0,-0.0008789697894826531,-0.15755921602249146,0.0,0.0,0.15162930550062842,0.17801367674416652,-0.01856633462011814,0.08443768322467804,0.0,0.0,0.0,0.0
1.464836835861206,-0.4184417724609375,-1.1401485204696655,0.0,0.0,-0.0008789697894826531,-0.15755921602249146,0.0,0.0,0.15162930550062842,0.17801367674416652,-0.01856633462011814,0.08443768322467804,0.0,0.0,0.0,0.0
1.4661426544189453,-0.42456483840942383,-1.1505783796310425,0.0,0.0,-0.0008914812933653593,-0.15756618976593018,0.0,0.0,0.15162930550062842,0.17801367674416652,-0.01856633462011814,0.08443768322467804,0.0,0.0,0.0,0.0
1.4674773216247559,-0.42456483840942383,-1.1505783796310425,0.0,0.0,-0.0008914812933653593,-0.15756618976593018,0.0,0.0,0.15162930550062842,0.17801367674416652,-0.01856633462011814,0.08443768322467804,0.0,0.0,0.0,0.0
1.4688236713409424,-0.42456483840942383,-1.1505783796310425,0.0,0.0,-0.0008914812933653593,-0.15756618976593018,0.0,0.0,0.15162930550062842,0.17801367674416652,-0.01856633462011814,0.08443768322467804,0.0,0.0,0.0,0.0
1.4701504707336426,-0.42456483840942383,-1.1505783796310425,0.0,0.0,-0.0008914812933653593,-0.15756618976593018,0.0,0.0,0.15162930550062842,0.17801367674416652,-0.01856633462011814,0.08443768322467804,0.0,0.0,0.0,0.0
1.4714939594268799,-0.42456483840942383,-1.1505783796310425,0.0,0.0,-0.0008914812933653593,-0.15756618976593018,0.0,0.0,0.15162930550062842,0.17801367674416652,-0.01856633462011814,0.08443768322467804,0.0,0.0,0.0,0.0
1.472790002822876,-0.42456483840942383,-1.1505783796310425,0.0,0.0,-0.0008914812933653593,-0.15756618976593018,0.0,0.0,0.15162930550062842,0.17801367674416652,-0.01856633462011814,0.08443768322467804,0.0,0.0,0.0,0.0
1.4741077423095703,-0.42456483840942383,-1.1505783796310425,0.0,0.0,-0.0008914812933653593,-0.15756618976593018,0.0,0.0,0.15162930550062842,0.17801367674416652,-0.01856633462011814,0.08443768322467804,0.0,0.0,0.0,0.0
1.4753828048706055,-0.42456483840942383,-1.1505783796310425,0.0,0.0,-0.0008914812933653593,-0.15756618976593018,0.0,0.0,0.15162930550062842,0.17801367674416652,-0.01856633462011814,0.08443768322467804,0.0,0.0,0.0,0.0
1.476733922958374,-0.42456483840942383,-1.1505783796310425,0.0,0.0,-0.0008914812933653593,-0.15756618976593018,0.0,0.0,0.15162930550062842,0.17801367674416652,-0.01856633462011814,0.08443768322467804,0.0,0.0,0.0,0.0
1.4780521392822266,-0.42456483840942383,-1.1505783796310425,0.0,0.0,-0.0008914812933653593,-0.15756618976593018,0.0,0.0,0.15162930550062842,0.17801367674416652,-0.01856633462011814,0.08443768322467804,0.0,0.0,0.0,0.0
1.4793879985809326,-0.42456483840942383,-1.1505783796310425,0.0,0.0,-0.0008914812933653593,-0.15756618976593018,0.0,0.0,0.15162930550062842,0.17801367674416652,-0.01856633462011814,0.08443768322467804,0.0,0.0,0.0,0.0
1.4807212352752686,-0.42456483840942383,-1.1505783796310425,0.0,0.0,-0.0008914812933653593,-0.15756618976593018,0.0,0.0,0.15162930550062842,0.17801367674416652,-0.01856633462011814,0.08443768322467804,0.0,0.0,0.0,0.0
1.4820349216461182,-0.42456483840942383,-1.1505783796310425,0.0,0.0,-0.0008914812933653593,-0.15756618976593018,0.0,0.0,0.15162930550062842,0.17801367674416652,-0.01856633462011814,0.08443768322467804,0.0,0.0,0.0,0.0
1.4833595752716064,-0.42456483840942383,-1.1505783796310425,0.0,0.0,-0.0008914812933653593,-0.15756618976593018,0.0,0.0,0.15162930550062842,0.17801367674416652,-0.01856633462011814,0.08443768322467804,0.0,0.0,0.0,0.0
1.4849560260772705,-0.42456483840942383,-1.1505783796310425,0.0,0.0,-0.0008914812933653593,-0.15756618976593018,0.0,0.0,0.15162930550062842,0.17801367674416652,-0.01856633462011814,0.08443768322467804,0.0,0.0,0.0,0.0
1.486405372619629,-0.42456483840942383,-1.1505783796310425,0.0,0.0,-0.0008914812933653593,-0.15756618976593018,0.0,0.0,0.15162930550062842,0.17801367674416652,-0.01856633462011814,0.08443768322467804,0.0,0.0,0.0,0.0
1.4877002239227295,-0.42456483840942383,-1.1505783796310425,0.0,0.0,-0.0008914812933653593,-0.15756618976593018,0.0,0.0,0.15162930550062842,0.17801367674416652,-0.01856633462011814,0.08443768322467804,0.0,0.0,0.0,0.0
1.4889774322509766,-0.42456483840942383,-1.1505783796310425,0.0,0.0,-0.0008914812933653593,-0.15756618976593018,0.0,0.0,0.15162930550062842,0.17801367674416652,-0.01856633462011814,0.08443768322467804,0.0,0.0,0.0,0.0
1.4902698993682861,-0.42456483840942383,-1.1505783796310425,0.0,0.0,-0.0008914812933653593,-0.15756618976593018,0.0,0.0,0.15162930550062842,0.17801367674416652,-0.01856633462011814,0.08443768322467804,0.0,0.0,0.0,0.0
1.4915413856506348,-0.42456483840942383,-1.1505783796310425,0.0,0.0,-0.0008914812933653593,-0.15756618976593018,0.0,0.0,0.15162930550062842,0.17801367674416652,-0.01856633462011814,0.08443768322467804,0.0,0.0,0.0,0.0
1.493384838104248,-0.42456483840942383,-1.1505783796310425,0.0,0.0,-0.0008914812933653593,-0.15756618976593018,0.0,0.0,0.15162930550062842,0.17801367674416652,-0.01856633462011814,0.08443768322467804,0.0,0.0,0.0,0.0
1.494920015335083,-0.42456483840942383,-1.1505783796310425,0.0,0.0,-0.0008914812933653593,-0.15756618976593018,0.0,0.0,0.15162930550062842,0.17792260131622367,-0.01856633462011814,0.08443768322467804,0.0,0.0,0.0,0.0
1.4963586330413818,-0.42456483840942383,-1.1505783796310425,0.0,0.0,-0.0008914812933653593,-0.15756618976593018,0.0,0.0,0.15162930550062842,0.17792260131622367,-0.01856633462011814,0.08443768322467804,0.0,0.0,0.0,0.0
1.4976792335510254,-0.42456483840942383,-1.1505783796310425,0.0,0.0,-0.0008914812933653593,-0.15756618976593018,0.0,0.0,0.15162930550062842,0.1778267275169808,-0.01856633462011814,0.08638320863246918,0.0,0.0,0.0,0.0
1.499074935913086,-0.42456483840942383,-1.1505783796310425,0.0,0.0,-0.0008914812933653593,-0.15756618976593018,0.0,0.0,0.15162930550062842,0.1778267275169808,-0.01856633462011814,0.08638320863246918,0.0,0.0,0.0,0.0
1.5003662109375,-0.42456483840942383,-1.1505783796310425,0.0,0.0,-0.0008914812933653593,-0.15756618976593018,0.0,0.0,0.15162930550062842,0.17773085371773795,-0.01856633462011814,0.08692677319049835,0.0,0.0,0.0,0.0
1.5016536712646484,-0.42456483840942383,-1.1505783796310425,0.0,0.0,-0.0008914812933653593,-0.15756618976593018,0.0,0.0,0.15162930550062842,0.17773085371773795,-0.01856633462011814,0.08692677319049835,0.0,0.0,0.0,0.0
1.5029363632202148,-0.42456483840942383,-1.1505783796310425,0.0,0.0,-0.0008914812933653593,-0.15756618976593018,0.0,0.0,0.15162930550062842,0.17802806015472186,-0.01856633462011814,0.08186279237270355,0.0,0.0,0.0,0.0
1.5042319297790527,-0.42456483840942383,-1.1505783796310425,0.0,0.0,-0.0008914812933653593,-0.15756618976593018,0.0,0.0,0.15162930550062842,0.17802806015472186,-0.01856633462011814,0.08186279237270355,0.0,0.0,0.0,0.0
1.5056138038635254,-0.42456483840942383,-1.1505783796310425,0.0,0.0,-0.0008914812933653593,-0.15756618976593018,0.0,0.0,0.15162930550062842,0.17817665752154152,-0.01856633462011814,0.0813191682100296,0.0,0.0,0.0,0.0
1.5070128440856934,-0.42456483840942383,-1.1505783796310425,0.0,0.0,-0.0008914812933653593,-0.15756618976593018,0.0,0.0,0.15162930550062842,0.17817665752154152,-0.01856633462011814,0.0813191682100296,0.0,0.0,0.0,0.0
1.5083351135253906,-0.42456483840942383,-1.1505783796310425,0.0,0.0,-0.0008914812933653593,-0.15756618976593018,0.0,0.0,0.15162930550062842,0.17817187085358616,-0.01856633462011814,0.08349353820085526,0.0,0.0,0.0,0.0
1.5096418857574463,-0.42456483840942383,-1.1505783796310425,0.0,0.0,-0.0008914812933653593,-0.15756618976593018,0.0,0.0,0.15162930550062842,0.17817187085358616,-0.01856633462011814,0.08349353820085526,0.0,0.0,0.0,0.0
1.5109801292419434,-0.42456483840942383,-1.1505783796310425,0.0,0.0,-0.0008914812933653593,-0.15756618976593018,0.0,0.0,0.15162930550062842,0.17817187085358616,-0.01856633462011814,0.08349353820085526,0.0,0.0,0.0,0.0
1.5122778415679932,-0.42456483840942383,-1.1505783796310425,0.0,0.0,-0.0008914812933653593,-0.15756618976593018,0.0,0.0,0.15162930550062842,0.17817187085358616,-0.01856633462011814,0.08349353820085526,0.0,0.0,0.0,0.0
1.5135798454284668,-0.42456483840942383,-1.1505783796310425,0.0,0.0,-0.0008914812933653593,-0.15756618976593018,0.0,0.0,0.15162930550062842,0.17817187085358616,-0.01856633462011814,0.08349353820085526,0.0,0.0,0.0,0.0
1.5148873329162598,-0.42456483840942383,-1.1505783796310425,0.0,0.0,-0.0008914812933653593,-0.15756618976593018,0.0,0.0,0.15162930550062842,0.17817187085358616,-0.01856633462011814,0.08349353820085526,0.0,0.0,0.0,0.0
1.5162103176116943,-0.42456483840942383,-1.1505783796310425,0.0,0.0,-0.0008914812933653593,-0.15756618976593018,0.0,0.0,0.15162930550062842,0.17817187085358616,-0.01856633462011814,0.08349353820085526,0.0,0.0,0.0,0.0
1.5175130367279053,-0.42456483840942383,-1.1505783796310425,0.0,0.0,-0.0008914812933653593,-0.15756618976593018,0.0,0.0,0.15162930550062842,0.17817187085358616,-0.01856633462011814,0.08349353820085526,0.0,0.0,0.0,0.0
1.5188827514648438,-0.42456483840942383,-1.1505783796310425,0.0,0.0,-0.0008914812933653593,-0.15756618976593018,0.0,0.0,0.15162930550062842,0.17817187085358616,-0.01856633462011814,0.08349353820085526,0.0,0.0,0.0,0.0
1.5201575756072998,-0.42456483840942383,-1.1505783796310425,0.0,0.0,-0.0008914812933653593,-0.15756618976593018,0.0,0.0,0.15162930550062842,0.17817187085358616,-0.01856633462011814,0.08349353820085526,0.0,0.0,0.0,0.0
1.521458387374878,-0.42456483840942383,-1.1505783796310425,0.0,0.0,-0.0008914812933653593,-0.15756618976593018,0.0,0.0,0.15162930550062842,0.17817187085358616,-0.01856633462011814,0.08349353820085526,0.0,0.0,0.0,0.0
1.5227384567260742,-0.42456483840942383,-1.1505783796310425,0.0,0.0,-0.0008914812933653593,-0.15756618976593018,0.0,0.0,0.15162930550062842,0.17817187085358616,-0.01856633462011814,0.08349353820085526,0.0,0.0,0.0,0.0
1.5240330696105957,-0.42456483840942383,-1.1505783796310425,0.0,0.0,-0.0008914812933653593,-0.15756618976593018,0.0,0.0,0.15162930550062842,0.17800409170491116,-0.01856633462011814,0.08666925877332687,0.0,0.0,0.0,0.0
1.525376558303833,-0.42456483840942383,-1.1505783796310425,0.0,0.0,-0.0008914812933653593,-0.15756618976593018,0.0,0.0,0.15162930550062842,0.17801367674416652,-0.01856633462011814,0.08443768322467804,0.0,0.0,0.0,0.0
1.526672601699829,-0.4080542325973511,-1.1218589544296265,0.0,0.0,-0.0008903507841750979,-0.15756557881832123,0.0,0.0,0.15162930550062842,0.17801367674416652,-0.01856633462011814,0.08443768322467804,0.0,0.0,0.0,0.0
1.528055191040039,-0.4080542325973511,-1.1218589544296265,0.0,0.0,-0.0008903507841750979,-0.15756557881832123,0.0,0.0,0.15162930550062842,0.17801367674416652,-0.01856633462011814,0.08443768322467804,0.0,0.0,0.0,0.0
1.5293495655059814,-0.4080542325973511,-1.1218589544296265,0.0,0.0,-0.0008903507841750979,-0.15756557881832123,0.0,0.0,0.15162930550062842,0.17801367674416652,-0.01856633462011814,0.08443768322467804,0.0,0.0,0.0,0.0
1.5306477546691895,-0.4080542325973511,-1.1218589544296265,0.0,0.0,-0.0008903507841750979,-0.15756557881832123,0.0,0.0,0.15162930550062842,0.17801367674416652,-0.01856633462011814,0.08443768322467804,0.0,0.0,0.0,0.0
1.531935453414917,-0.4080542325973511,-1.1218589544296265,0.0,0.0,-0.0008903507841750979,-0.15756557881832123,0.0,0.0,0.15162930550062842,0.17801367674416652,-0.01856633462011814,0.08443768322467804,0.0,0.0,0.0,0.0
1.5332484245300293,-0.4080542325973511,-1.1218589544296265,0.0,0.0,-0.0008903507841750979,-0.15756557881832123,0.0,0.0,0.15162930550062842,0.17801367674416652,-0.01856633462011814,0.08443768322467804,0.0,0.0,0.0,0.0
1.5345959663391113,-0.4080542325973511,-1.1218589544296265,0.0,0.0,-0.0008903507841750979,-0.15756557881832123,0.0,0.0,0.15162930550062842,0.17801367674416652,-0.01856633462011814,0.08443768322467804,0.0,0.0,0.0,0.0
1.536156415939331,-0.4184417724609375,-1.1401485204696655,0.0,0.0,-0.0008789697894826531,-0.15755921602249146,0.0,0.0,0.15162930550062842,0.17801367674416652,-0.01856633462011814,0.08443768322467804,0.0,0.0,0.0,0.0
1.5375540256500244,-0.4184417724609375,-1.1401485204696655,0.0,0.0,-0.0008789697894826531,-0.15755921602249146,0.0,0.0,0.15162930550062842,0.17801367674416652,-0.01856633462011814,0.08443768322467804,0.0,0.0,0.0,0.0
1.53885817527771,-0.4184417724609375,-1.1401485204696655,0.0,0.0,-0.0008789697894826531,-0.15755921602249146,0.0,0.0,0.15162930550062842,0.17801367674416652,-0.01856633462011814,0.08443768322467804,0.0,0.0,0.0,0.0
1.540153980255127,-0.4184417724609375,-1.1401485204696655,0.0,0.0,-0.0008789697894826531,-0.15755921602249146,0.0,0.0,0.15162930550062842,0.17801367674416652,-0.01856633462011814,0.08443768322467804,0.0,0.0,0.0,0.0
1.5414493083953857,-0.4184417724609375,-1.1401485204696655,0.0,0.0,-0.0008789697894826531,-0.15755921602249146,0.0,0.0,0.15162930550062842,0.17801367674416652,-0.01856633462011814,0.08443768322467804,0.0,0.0,0.0,0.0
1.5427398681640625,-0.4184417724609375,-1.1401485204696655,0.0,0.0,-0.0008789697894826531,-0.15755921602249146,0.0,0.0,0.15162930550062842,0.17801367674416652,-0.01856633462011814,0.08443768322467804,0.0,0.0,0.0,0.0
1.5440380573272705,-0.4184417724609375,-1.1401485204696655,0.0,0.0,-0.0008789697894826531,-0.15755921602249146,0.0,0.0,0.15162930550062842,0.17801367674416652,-0.01856633462011814,0.08443768322467804,0.0,0.0,0.0,0.0
1.5454785823822021,-0.4184417724609375,-1.1401485204696655,0.0,0.0,-0.0008789697894826531,-0.15755921602249146,0.0,0.0,0.15162930550062842,0.17801367674416652,-0.01856633462011814,0.08443768322467804,0.0,0.0,0.0,0.0
1.5468311309814453,-0.4184417724609375,-1.1401485204696655,0.0,0.0,-0.0008789697894826531,-0.15755921602249146,0.0,0.0,0.15162930550062842,0.17801367674416652,-0.01856633462011814,0.08443768322467804,0.0,0.0,0.0,0.0
1.5481312274932861,-0.4184417724609375,-1.1401485204696655,0.0,0.0,-0.0008789697894826531,-0.15755921602249146,0.0,0.0,0.15162930550062842,0.17801367674416652,-0.01856633462011814,0.08443768322467804,0.0,0.0,0.0,0.0
1.549433708190918,-0.4184417724609375,-1.1401485204696655,0.0,0.0,-0.0008789697894826531,-0.15755921602249146,0.0,0.0,0.15162930550062842,0.17821500938190757,-0.01856633462011814,0.08246359974145889,0.0,0.0,0.0,0.0
1.5507216453552246,-0.4184417724609375,-1.1401485204696655,0.0,0.0,-0.0008789697894826531,-0.15755921602249146,0.0,0.0,0.15162930550062842,0.17821500938190757,-0.01856633462011814,0.08246359974145889,0.0,0.0,0.0,0.0
1.552022933959961,-0.4184417724609375,-1.1401485204696655,0.0,0.0,-0.0008789697894826531,-0.15755921602249146,0.0,0.0,0.15162930550062842,0.17817187085358616,-0.01856633462011814,0.08349353820085526,0.0,0.0,0.0,0.0
1.553295373916626,-0.4184417724609375,-1.1401485204696655,0.0,0.0,-0.0008789697894826531,-0.15755921602249146,0.0,0.0,0.15162930550062842,0.17817187085358616,-0.01856633462011814,0.08349353820085526,0.0,0.0,0.0,0.0
1.5545885562896729,-0.4184417724609375,-1.1401485204696655,0.0,0.0,-0.0008789697894826531,-0.15755921602249146,0.0,0.0,0.15162930550062842,0.17817187085358616,-0.01856633462011814,0.08349353820085526,0.0,0.0,0.0,0.0
1.555971622467041,-0.42456483840942383,-1.1505783796310425,0.0,0.0,-0.0008914812933653593,-0.15756618976593018,0.0,0.0,0.15162930550062842,0.17817187085358616,-0.01856633462011814,0.08349353820085526,0.0,0.0,0.0,0.0
1.5572948455810547,-0.42456483840942383,-1.1505783796310425,0.0,0.0,-0.0008914812933653593,-0.15756618976593018,0.0,0.0,0.15162930550062842,0.17817187085358616,-0.01856633462011814,0.08349353820085526,0.0,0.0,0.0,0.0
1.5586905479431152,-0.42456483840942383,-1.1505783796310425,0.0,0.0,-0.0008914812933653593,-0.15756618976593018,0.0,0.0,0.15162930550062842,0.17817187085358616,-0.01856633462011814,0.08349353820085526,0.0,0.0,0.0,0.0
1.560035228729248,-0.42456483840942383,-1.1505783796310425,0.0,0.0,-0.0008914812933653593,-0.15756618976593018,0.0,0.0,0.15162930550062842,0.17817187085358616,-0.01856633462011814,0.08349353820085526,0.0,0.0,0.0,0.0
1.5616481304168701,-0.42456483840942383,-1.1505783796310425,0.0,0.0,-0.0008914812933653593,-0.15756618976593018,0.0,0.0,0.15162930550062842,0.17817187085358616,-0.01856633462011814,0.08349353820085526,0.0,0.0,0.0,0.0
1.5629298686981201,-0.42456483840942383,-1.1505783796310425,0.0,0.0,-0.0008914812933653593,-0.15756618976593018,0.0,0.0,0.15162930550062842,0.17817187085358616,-0.01856633462011814,0.08349353820085526,0.0,0.0,0.0,0.0
1.564220666885376,-0.42456483840942383,-1.1505783796310425,0.0,0.0,-0.0008914812933653593,-0.15756618976593018,0.0,0.0,0.15162930550062842,0.17817187085358616,-0.01856633462011814,0.08349353820085526,0.0,0.0,0.0,0.0
1.5656254291534424,-0.42456483840942383,-1.1505783796310425,0.0,0.0,-0.0008914812933653593,-0.15756618976593018,0.0,0.0,0.15162930550062842,0.17817187085358616,-0.01856633462011814,0.08349353820085526,0.0,0.0,0.0,0.0
1.5669169425964355,-0.42456483840942383,-1.1505783796310425,0.0,0.0,-0.0008914812933653593,-0.15756618976593018,0.0,0.0,0.15162930550062842,0.17817187085358616,-0.01856633462011814,0.08349353820085526,0.0,0.0,0.0,0.0
1.5682129859924316,-0.42456483840942383,-1.1505783796310425,0.0,0.0,-0.0008914812933653593,-0.15756618976593018,0.0,0.0,0.15162930550062842,0.17817187085358616,-0.01856633462011814,0.08349353820085526,0.0,0.0,0.0,0.0
1.5694963932037354,-0.42456483840942383,-1.1505783796310425,0.0,0.0,-0.0008914812933653593,-0.15756618976593018,0.0,0.0,0.15162930550062842,0.17817187085358616,-0.01856633462011814,0.08349353820085526,0.0,0.0,0.0,0.0
1.5707883834838867,-0.42456483840942383,-1.1505783796310425,0.0,0.0,-0.0008914812933653593,-0.15756618976593018,0.0,0.0,0.15162930550062842,0.17817187085358616,-0.01856633462011814,0.08349353820085526,0.0,0.0,0.0,0.0
1.5720791816711426,-0.42456483840942383,-1.1505783796310425,0.0,0.0,-0.0008914812933653593,-0.15756618976593018,0.0,0.0,0.15162930550062842,0.17817187085358616,-0.01856633462011814,0.08349353820085526,0.0,0.0,0.0,0.0
1.5733718872070312,-0.42456483840942383,-1.1505783796310425,0.0,0.0,-0.0008914812933653593,-0.15756618976593018,0.0,0.0,0.15162930550062842,0.17817187085358616,-0.01856633462011814,0.08349353820085526,0.0,0.0,0.0,0.0
1.5746729373931885,-0.42456483840942383,-1.1505783796310425,0.0,0.0,-0.0008914812933653593,-0.15756618976593018,0.0,0.0,0.15162930550062842,0.17817187085358616,-0.01856633462011814,0.08349353820085526,0.0,0.0,0.0,0.0
1.5759735107421875,-0.4184417724609375,-1.1401485204696655,0.0,0.0,-0.0008789697894826531,-0.15755921602249146,0.0,0.0,0.15162930550062842,0.17817187085358616,-0.01856633462011814,0.08349353820085526,0.0,0.0,0.0,0.0
1.5772814750671387,-0.4184417724609375,-1.1401485204696655,0.0,0.0,-0.0008789697894826531,-0.15755921602249146,0.0,0.0,0.15162930550062842,0.17817187085358616,-0.01856633462011814,0.08349353820085526,0.0,0.0,0.0,0.0
1.5785739421844482,-0.4184417724609375,-1.1401485204696655,0.0,0.0,-0.0008789697894826531,-0.15755921602249146,0.0,0.0,0.15162930550062842,0.17817187085358616,-0.01856633462011814,0.08349353820085526,0.0,0.0,0.0,0.0
1.5798888206481934,-0.4184417724609375,-1.1401485204696655,0.0,0.0,-0.0008789697894826531,-0.15755921602249146,0.0,0.0,0.15162930550062842,0.17817187085358616,-0.01856633462011814,0.08349353820085526,0.0,0.0,0.0,0.0
1.5814032554626465,-0.4184417724609375,-1.1401485204696655,0.0,0.0,-0.0008789697894826531,-0.15755921602249146,0.0,0.0,0.15162930550062842,0.17817187085358616,-0.01856633462011814,0.08349353820085526,0.0,0.0,0.0,0.0
1.58268404006958,-0.4184417724609375,-1.1401485204696655,0.0,0.0,-0.0008789697894826531,-0.15755921602249146,0.0,0.0,0.15162930550062842,0.17817187085358616,-0.01856633462011814,0.08349353820085526,0.0,0.0,0.0,0.0
1.5842158794403076,-0.4184417724609375,-1.1401485204696655,0.0,0.0,-0.0008789697894826531,-0.15755921602249146,0.0,0.0,0.15162930550062842,0.17817187085358616,-0.01856633462011814,0.08349353820085526,0.0,0.0,0.0,0.0
1.5855712890625,-0.4184417724609375,-1.1401485204696655,0.0,0.0,-0.0008789697894826531,-0.15755921602249146,0.0,0.0,0.15162930550062842,0.17817187085358616,-0.01856633462011814,0.08349353820085526,0.0,0.0,0.0,0.0
1.5868561267852783,-0.4184417724609375,-1.1401485204696655,0.0,0.0,-0.0008789697894826531,-0.15755921602249146,0.0,0.0,0.15162930550062842,0.17817187085358616,-0.01856633462011814,0.08349353820085526,0.0,0.0,0.0,0.0
1.5881495475769043,-0.4184417724609375,-1.1401485204696655,0.0,0.0,-0.0008789697894826531,-0.15755921602249146,0.0,0.0,0.15162930550062842,0.17817187085358616,-0.01856633462011814,0.08349353820085526,0.0,0.0,0.0,0.0
1.5894420146942139,-0.4184417724609375,-1.1401485204696655,0.0,0.0,-0.0008789697894826531,-0.15755921602249146,0.0,0.0,0.15162930550062842,0.17817187085358616,-0.01856633462011814,0.08349353820085526,0.0,0.0,0.0,0.0
1.5907299518585205,-0.4184417724609375,-1.1401485204696655,0.0,0.0,-0.0008789697894826531,-0.15755921602249146,0.0,0.0,0.15162930550062842,0.17817187085358616,-0.01856633462011814,0.08349353820085526,0.0,0.0,0.0,0.0
1.5920279026031494,-0.4184417724609375,-1.1401485204696655,0.0,0.0,-0.0008789697894826531,-0.15755921602249146,0.0,0.0,0.15162930550062842,0.17817187085358616,-0.01856633462011814,0.08349353820085526,0.0,0.0,0.0,0.0
1.5933244228363037,-0.4184417724609375,-1.1401485204696655,0.0,0.0,-0.0008789697894826531,-0.15755921602249146,0.0,0.0,0.15162930550062842,0.17817187085358616,-0.01856633462011814,0.08349353820085526,0.0,0.0,0.0,0.0
1.5946333408355713,-0.4184417724609375,-1.1401485204696655,0.0,0.0,-0.0008789697894826531,-0.15755921602249146,0.0,0.0,0.15162930550062842,0.17817187085358616,-0.01856633462011814,0.08349353820085526,0.0,0.0,0.0,0.0
1.5959250926971436,-0.4184417724609375,-1.1401485204696655,0.0,0.0,-0.0008789697894826531,-0.15755921602249146,0.0,0.0,0.15162930550062842,0.17817187085358616,-0.01856633462011814,0.08349353820085526,0.0,0.0,0.0,0.0
1.597219467163086,-0.4184417724609375,-1.1401485204696655,0.0,0.0,-0.0008789697894826531,-0.15755921602249146,0.0,0.0,0.15162930550062842,0.17817187085358616,-0.01856633462011814,0.08349353820085526,0.0,0.0,0.0,0.0
1.5985031127929688,-0.4184417724609375,-1.1401485204696655,0.0,0.0,-0.0008789697894826531,-0.15755921602249146,0.0,0.0,0.15162930550062842,0.17817187085358616,-0.01856633462011814,0.08349353820085526,0.0,0.0,0.0,0.0
1.5997743606567383,-0.4184417724609375,-1.1401485204696655,0.0,0.0,-0.0008789697894826531,-0.15755921602249146,0.0,0.0,0.15162930550062842,0.17817187085358616,-0.01856633462011814,0.08349353820085526,0.0,0.0,0.0,0.0
1.6010780334472656,-0.4184417724609375,-1.1401485204696655,0.0,0.0,-0.0008789697894826531,-0.15755921602249146,0.0,0.0,0.15162930550062842,0.17817187085358616,-0.01856633462011814,0.08349353820085526,0.0,0.0,0.0,0.0
1.6023762226104736,-0.4184417724609375,-1.1401485204696655,0.0,0.0,-0.0008789697894826531,-0.15755921602249146,0.0,0.0,0.15162930550062842,0.17817187085358616,-0.01856633462011814,0.08349353820085526,0.0,0.0,0.0,0.0
1.6036560535430908,-0.4184417724609375,-1.1401485204696655,0.0,0.0,-0.0008789697894826531,-0.15755921602249146,0.0,0.0,0.15162930550062842,0.17817187085358616,-0.01856633462011814,0.08349353820085526,0.0,0.0,0.0,0.0
1.6049306392669678,-0.4184417724609375,-1.1401485204696655,0.0,0.0,-0.0008789697894826531,-0.15755921602249146,0.0,0.0,0.15162930550062842,0.17817187085358616,-0.01856633462011814,0.08349353820085526,0.0,0.0,0.0,0.0
1.6062183380126953,-0.4184417724609375,-1.1401485204696655,0.0,0.0,-0.0008789697894826531,-0.15755921602249146,0.0,0.0,0.15162930550062842,0.17817187085358616,-0.01856633462011814,0.08349353820085526,0.0,0.0,0.0,0.0
1.6075153350830078,-0.4184417724609375,-1.1401485204696655,0.0,0.0,-0.0008789697894826531,-0.15755921602249146,0.0,0.0,0.15162930550062842,0.17817187085358616,-0.01856633462011814,0.08349353820085526,0.0,0.0,0.0,0.0
1.6087994575500488,-0.4184417724609375,-1.1401485204696655,0.0,0.0,-0.0008789697894826531,-0.15755921602249146,0.0,0.0,0.15162930550062842,0.17817187085358616,-0.01856633462011814,0.08349353820085526,0.0,0.0,0.0,0.0
1.6100883483886719,-0.4184417724609375,-1.1401485204696655,0.0,0.0,-0.0008789697894826531,-0.15755921602249146,0.0,0.0,0.15162930550062842,0.17817187085358616,-0.01856633462011814,0.08349353820085526,0.0,0.0,0.0,0.0
1.6115434169769287,-0.4184417724609375,-1.1401485204696655,0.0,0.0,-0.0008789697894826531,-0.15755921602249146,0.0,0.0,0.15162930550062842,0.17817187085358616,-0.01856633462011814,0.08349353820085526,0.0,0.0,0.0,0.0
1.6128206253051758,-0.4184417724609375,-1.1401485204696655,0.0,0.0,-0.0008789697894826531,-0.15755921602249146,0.0,0.0,0.15162930550062842,0.17817187085358616,-0.01856633462011814,0.08349353820085526,0.0,0.0,0.0,0.0
1.6141154766082764,-0.4184417724609375,-1.1401485204696655,0.0,0.0,-0.0008789697894826531,-0.15755921602249146,0.0,0.0,0.15162930550062842,0.17817187085358616,-0.01856633462011814,0.08349353820085526,0.0,0.0,0.0,0.0
1.6154093742370605,-0.4184417724609375,-1.1401485204696655,0.0,0.0,-0.0008789697894826531,-0.15755921602249146,0.0,0.0,0.15162930550062842,0.17817187085358616,-0.01856633462011814,0.08349353820085526,0.0,0.0,0.0,0.0
1.616701602935791,-0.4184417724609375,-1.1401485204696655,0.0,0.0,-0.0008789697894826531,-0.15755921602249146,0.0,0.0,0.15162930550062842,0.17817187085358616,-0.01856633462011814,0.08349353820085526,0.0,0.0,0.0,0.0
1.6180129051208496,-0.4184417724609375,-1.1401485204696655,0.0,0.0,-0.0008789697894826531,-0.15755921602249146,0.0,0.0,0.15162930550062842,0.17817187085358616,-0.01856633462011814,0.08349353820085526,0.0,0.0,0.0,0.0
1.6193172931671143,-0.4184417724609375,-1.1401485204696655,0.0,0.0,-0.0008789697894826531,-0.15755921602249146,0.0,0.0,0.15162930550062842,0.17817187085358616,-0.01856633462011814,0.08349353820085526,0.0,0.0,0.0,0.0
1.6206395626068115,-0.4184417724609375,-1.1401485204696655,0.0,0.0,-0.0008789697894826531,-0.15755921602249146,0.0,0.0,0.15162930550062842,0.17817187085358616,-0.01856633462011814,0.08349353820085526,0.0,0.0,0.0,0.0
1.6218972206115723,-0.4184417724609375,-1.1401485204696655,0.0,0.0,-0.0008789697894826531,-0.15755921602249146,0.0,0.0,0.15162930550062842,0.17817187085358616,-0.01856633462011814,0.08349353820085526,0.0,0.0,0.0,0.0
1.623154640197754,-0.4184417724609375,-1.1401485204696655,0.0,0.0,-0.0008789697894826531,-0.15755921602249146,0.0,0.0,0.15162930550062842,0.17817187085358616,-0.01856633462011814,0.08349353820085526,0.0,0.0,0.0,0.0
1.6244616508483887,-0.4184417724609375,-1.1401485204696655,0.0,0.0,-0.0008789697894826531,-0.15755921602249146,0.0,0.0,0.15162930550062842,0.17817187085358616,-0.01856633462011814,0.08349353820085526,0.0,0.0,0.0,0.0
1.6257336139678955,-0.4184417724609375,-1.1401485204696655,0.0,0.0,-0.0008789697894826531,-0.15755921602249146,0.0,0.0,0.15162930550062842,0.17817187085358616,-0.01856633462011814,0.08349353820085526,0.0,0.0,0.0,0.0
1.6270020008087158,-0.4184417724609375,-1.1401485204696655,0.0,0.0,-0.0008789697894826531,-0.15755921602249146,0.0,0.0,0.15162930550062842,0.17817187085358616,-0.01856633462011814,0.08349353820085526,0.0,0.0,0.0,0.0
1.6282551288604736,-0.4184417724609375,-1.1401485204696655,0.0,0.0,-0.0008789697894826531,-0.15755921602249146,0.0,0.0,0.15162930550062842,0.17817187085358616,-0.01856633462011814,0.08349353820085526,0.0,0.0,0.0,0.0
1.629535436630249,-0.4184417724609375,-1.1401485204696655,0.0,0.0,-0.0008789697894826531,-0.15755921602249146,0.0,0.0,0.15162930550062842,0.17817187085358616,-0.01856633462011814,0.08349353820085526,0.0,0.0,0.0,0.0
1.6308176517486572,-0.4184417724609375,-1.1401485204696655,0.0,0.0,-0.0008789697894826531,-0.15755921602249146,0.0,0.0,0.15162930550062842,0.17817187085358616,-0.01856633462011814,0.08349353820085526,0.0,0.0,0.0,0.0
1.6320853233337402,-0.4184417724609375,-1.1401485204696655,0.0,0.0,-0.0008789697894826531,-0.15755921602249146,0.0,0.0,0.15162930550062842,0.17817187085358616,-0.01856633462011814,0.08349353820085526,0.0,0.0,0.0,0.0
1.633347511291504,-0.4184417724609375,-1.1401485204696655,0.0,0.0,-0.0008789697894826531,-0.15755921602249146,0.0,0.0,0.15162930550062842,0.17817187085358616,-0.01856633462011814,0.08349353820085526,0.0,0.0,0.0,0.0
1.6346251964569092,-0.4184417724609375,-1.1401485204696655,0.0,0.0,-0.0008789697894826531,-0.15755921602249146,0.0,0.0,0.15162930550062842,0.17817187085358616,-0.01856633462011814,0.08349353820085526,0.0,0.0,0.0,0.0
1.6358988285064697,-0.4184417724609375,-1.1401485204696655,0.0,0.0,-0.0008789697894826531,-0.15755921602249146,0.0,0.0,0.15162930550062842,0.17817187085358616,-0.01856633462011814,0.08349353820085526,0.0,0.0,0.0,0.0
1.6371557712554932,-0.4184417724609375,-1.1401485204696655,0.0,0.0,-0.0008789697894826531,-0.15755921602249146,0.0,0.0,0.15162930550062842,0.17817187085358616,-0.01856633462011814,0.08349353820085526,0.0,0.0,0.0,0.0
1.638674020767212,-0.4184417724609375,-1.1401485204696655,0.0,0.0,-0.0008789697894826531,-0.15755921602249146,0.0,0.0,0.15162930550062842,0.17817187085358616,-0.01856633462011814,0.08349353820085526,0.0,0.0,0.0,0.0
1.6400015354156494,-0.4184417724609375,-1.1401485204696655,0.0,0.0,-0.0008789697894826531,-0.15755921602249146,0.0,0.0,0.15162930550062842,0.17817187085358616,-0.01856633462011814,0.08349353820085526,0.0,0.0,0.0,0.0
1.641279697418213,-0.4184417724609375,-1.1401485204696655,0.0,0.0,-0.0008789697894826531,-0.15755921602249146,0.0,0.0,0.15162930550062842,0.17817187085358616,-0.01856633462011814,0.08349353820085526,0.0,0.0,0.0,0.0
1.6425650119781494,-0.4184417724609375,-1.1401485204696655,0.0,0.0,-0.0008789697894826531,-0.15755921602249146,0.0,0.0,0.15162930550062842,0.17817187085358616,-0.01856633462011814,0.08349353820085526,0.0,0.0,0.0,0.0
1.643845796585083,-0.4184417724609375,-1.1401485204696655,0.0,0.0,-0.0008789697894826531,-0.15755921602249146,0.0,0.0,0.15162930550062842,0.17817187085358616,-0.01856633462011814,0.08349353820085526,0.0,0.0,0.0,0.0
1.645108938217163,-0.4184417724609375,-1.1401485204696655,0.0,0.0,-0.0008789697894826531,-0.15755921602249146,0.0,0.0,0.15162930550062842,0.17817187085358616,-0.01856633462011814,0.08349353820085526,0.0,0.0,0.0,0.0
1.6467804908752441,-0.4184417724609375,-1.1401485204696655,0.0,0.0,-0.0008789697894826531,-0.15755921602249146,0.0,0.0,0.15162930550062842,0.17817187085358616,-0.01856633462011814,0.08349353820085526,0.0,0.0,0.0,0.0
1.6480648517608643,-0.4184417724609375,-1.1401485204696655,0.0,0.0,-0.0008789697894826531,-0.15755921602249146,0.0,0.0,0.15162930550062842,0.17817187085358616,-0.01856633462011814,0.08349353820085526,0.0,0.0,0.0,0.0
1.6493642330169678,-0.4184417724609375,-1.1401485204696655,0.0,0.0,-0.0008789697894826531,-0.15755921602249146,0.0,0.0,0.15162930550062842,0.17817187085358616,-0.01856633462011814,0.08349353820085526,0.0,0.0,0.0,0.0
1.6506478786468506,-0.4184417724609375,-1.1401485204696655,0.0,0.0,-0.0008789697894826531,-0.15755921602249146,0.0,0.0,0.15162930550062842,0.17817187085358616,-0.01856633462011814,0.08349353820085526,0.0,0.0,0.0,0.0
1.652003288269043,-0.4184417724609375,-1.1401485204696655,0.0,0.0,-0.0008789697894826531,-0.15755921602249146,0.0,0.0,0.15162930550062842,0.17817187085358616,-0.01856633462011814,0.08349353820085526,0.0,0.0,0.0,0.0
1.6533167362213135,-0.4184417724609375,-1.1401485204696655,0.0,0.0,-0.0008789697894826531,-0.15755921602249146,0.0,0.0,0.15162930550062842,0.17817187085358616,-0.01856633462011814,0.08349353820085526,0.0,0.0,0.0,0.0
1.6545979976654053,-0.4184417724609375,-1.1401485204696655,0.0,0.0,-0.0008789697894826531,-0.15755921602249146,0.0,0.0,0.15162930550062842,0.17817187085358616,-0.01856633462011814,0.08349353820085526,0.0,0.0,0.0,0.0
1.6559689044952393,-0.4184417724609375,-1.1401485204696655,0.0,0.0,-0.0008789697894826531,-0.15755921602249146,0.0,0.0,0.15162930550062842,0.17817187085358616,-0.01856633462011814,0.08349353820085526,0.0,0.0,0.0,0.0
1.6574223041534424,-0.4184417724609375,-1.1401485204696655,0.0,0.0,-0.0008789697894826531,-0.15755921602249146,0.0,0.0,0.15162930550062842,0.17817187085358616,-0.01856633462011814,0.08349353820085526,0.0,0.0,0.0,0.0
1.658740520477295,-0.4184417724609375,-1.1401485204696655,0.0,0.0,-0.0008789697894826531,-0.15755921602249146,0.0,0.0,0.15162930550062842,0.17817187085358616,-0.01856633462011814,0.08349353820085526,0.0,0.0,0.0,0.0
1.6602349281311035,-0.4184417724609375,-1.1401485204696655,0.0,0.0,-0.0008789697894826531,-0.15755921602249146,0.0,0.0,0.15162930550062842,0.17817187085358616,-0.01856633462011814,0.08349353820085526,0.0,0.0,0.0,0.0
1.6616582870483398,-0.4184417724609375,-1.1401485204696655,0.0,0.0,-0.0008789697894826531,-0.15755921602249146,0.0,0.0,0.15162930550062842,0.17817187085358616,-0.01856633462011814,0.08349353820085526,0.0,0.0,0.0,0.0
1.6630828380584717,-0.4184417724609375,-1.1401485204696655,0.0,0.0,-0.0008789697894826531,-0.15755921602249146,0.0,0.0,0.15162930550062842,0.17817187085358616,-0.01856633462011814,0.08349353820085526,0.0,0.0,0.0,0.0
1.6647722721099854,-0.4184417724609375,-1.1401485204696655,0.0,0.0,-0.0008789697894826531,-0.15755921602249146,0.0,0.0,0.15162930550062842,0.17817187085358616,-0.01856633462011814,0.08349353820085526,0.0,0.0,0.0,0.0
1.6662535667419434,-0.4184417724609375,-1.1401485204696655,0.0,0.0,-0.0008789697894826531,-0.15755921602249146,0.0,0.0,0.15162930550062842,0.17817187085358616,-0.01856633462011814,0.08349353820085526,0.0,0.0,0.0,0.0
1.6676533222198486,-0.4184417724609375,-1.1401485204696655,0.0,0.0,-0.0008789697894826531,-0.15755921602249146,0.0,0.0,0.15162930550062842,0.17817187085358616,-0.01856633462011814,0.08349353820085526,0.0,0.0,0.0,0.0
1.6691486835479736,-0.4184417724609375,-1.1401485204696655,0.0,0.0,-0.0008789697894826531,-0.15755921602249146,0.0,0.0,0.15162930550062842,0.17817187085358616,-0.01856633462011814,0.08349353820085526,0.0,0.0,0.0,0.0
1.6706573963165283,-0.4184417724609375,-1.1401485204696655,0.0,0.0,-0.0008789697894826531,-0.15755921602249146,0.0,0.0,0.15162930550062842,0.17817187085358616,-0.01856633462011814,0.08349353820085526,0.0,0.0,0.0,0.0
1.672091007232666,-0.4184417724609375,-1.1401485204696655,0.0,0.0,-0.0008789697894826531,-0.15755921602249146,0.0,0.0,0.15162930550062842,0.17817187085358616,-0.01856633462011814,0.08349353820085526,0.0,0.0,0.0,0.0
1.6736009120941162,-0.4184417724609375,-1.1401485204696655,0.0,0.0,-0.0008789697894826531,-0.15755921602249146,0.0,0.0,0.15162930550062842,0.17817187085358616,-0.01856633462011814,0.08349353820085526,0.0,0.0,0.0,0.0
1.6751179695129395,-0.4184417724609375,-1.1401485204696655,0.0,0.0,-0.0008789697894826531,-0.15755921602249146,0.0,0.0,0.15162930550062842,0.17817187085358616,-0.01856633462011814,0.08349353820085526,0.0,0.0,0.0,0.0
1.6770200729370117,-0.4184417724609375,-1.1401485204696655,0.0,0.0,-0.0008789697894826531,-0.15755921602249146,0.0,0.0,0.15162930550062842,0.17817187085358616,-0.01856633462011814,0.08349353820085526,0.0,0.0,0.0,0.0
1.6785392761230469,-0.4184417724609375,-1.1401485204696655,0.0,0.0,-0.0008789697894826531,-0.15755921602249146,0.0,0.0,0.15162930550062842,0.17817187085358616,-0.01856633462011814,0.08349353820085526,0.0,0.0,0.0,0.0
1.6799709796905518,-0.4184417724609375,-1.1401485204696655,0.0,0.0,-0.0008789697894826531,-0.15755921602249146,0.0,0.0,0.15162930550062842,0.17817187085358616,-0.01856633462011814,0.08349353820085526,0.0,0.0,0.0,0.0
1.6814823150634766,-0.4184417724609375,-1.1401485204696655,0.0,0.0,-0.0008789697894826531,-0.15755921602249146,0.0,0.0,0.15162930550062842,0.17817187085358616,-0.01856633462011814,0.08349353820085526,0.0,0.0,0.0,0.0
1.6829779148101807,-0.4184417724609375,-1.1401485204696655,0.0,0.0,-0.0008789697894826531,-0.15755921602249146,0.0,0.0,0.15162930550062842,0.17817187085358616,-0.01856633462011814,0.08349353820085526,0.0,0.0,0.0,0.0
1.684490442276001,-0.4184417724609375,-1.1401485204696655,0.0,0.0,-0.0008789697894826531,-0.15755921602249146,0.0,0.0,0.15162930550062842,0.17817187085358616,-0.01856633462011814,0.08349353820085526,0.0,0.0,0.0,0.0
1.6859149932861328,-0.4184417724609375,-1.1401485204696655,0.0,0.0,-0.0008789697894826531,-0.15755921602249146,0.0,0.0,0.15162930550062842,0.17817187085358616,-0.01856633462011814,0.08349353820085526,0.0,0.0,0.0,0.0
1.6873891353607178,-0.4184417724609375,-1.1401485204696655,0.0,0.0,-0.0008789697894826531,-0.15755921602249146,0.0,0.0,0.15162930550062842,0.17817187085358616,-0.01856633462011814,0.08349353820085526,0.0,0.0,0.0,0.0
1.6889078617095947,-0.4184417724609375,-1.1401485204696655,0.0,0.0,-0.0008789697894826531,-0.15755921602249146,0.0,0.0,0.15162930550062842,0.17817187085358616,-0.01856633462011814,0.08349353820085526,0.0,0.0,0.0,0.0
1.6904182434082031,-0.4184417724609375,-1.1401485204696655,0.0,0.0,-0.0008789697894826531,-0.15755921602249146,0.0,0.0,0.15162930550062842,0.17817187085358616,-0.01856633462011814,0.08349353820085526,0.0,0.0,0.0,0.0
1.691920518875122,-0.4184417724609375,-1.1401485204696655,0.0,0.0,-0.0008789697894826531,-0.15755921602249146,0.0,0.0,0.15162930550062842,0.17817187085358616,-0.01856633462011814,0.08349353820085526,0.0,0.0,0.0,0.0
1.6933035850524902,-0.4184417724609375,-1.1401485204696655,0.0,0.0,-0.0008789697894826531,-0.15755921602249146,0.0,0.0,0.15162930550062842,0.17817187085358616,-0.01856633462011814,0.08349353820085526,0.0,0.0,0.0,0.0
1.6946303844451904,-0.4184417724609375,-1.1401485204696655,0.0,0.0,-0.0008789697894826531,-0.15755921602249146,0.0,0.0,0.15162930550062842,0.17817187085358616,-0.01856633462011814,0.08349353820085526,0.0,0.0,0.0,0.0
1.6960420608520508,-0.4184417724609375,-1.1401485204696655,0.0,0.0,-0.0008789697894826531,-0.15755921602249146,0.0,0.0,0.15162930550062842,0.17817187085358616,-0.01856633462011814,0.08349353820085526,0.0,0.0,0.0,0.0
1.6973633766174316,-0.4184417724609375,-1.1401485204696655,0.0,0.0,-0.0008789697894826531,-0.15755921602249146,0.0,0.0,0.15162930550062842,0.17817187085358616,-0.01856633462011814,0.08349353820085526,0.0,0.0,0.0,0.0
1.698674201965332,-0.4184417724609375,-1.1401485204696655,0.0,0.0,-0.0008789697894826531,-0.15755921602249146,0.0,0.0,0.15162930550062842,0.17817187085358616,-0.01856633462011814,0.08349353820085526,0.0,0.0,0.0,0.0
1.6999707221984863,-0.4184417724609375,-1.1401485204696655,0.0,0.0,-0.0008789697894826531,-0.15755921602249146,0.0,0.0,0.15162930550062842,0.17817187085358616,-0.01856633462011814,0.08349353820085526,0.0,0.0,0.0,0.0
1.7012732028961182,-0.4184417724609375,-1.1401485204696655,0.0,0.0,-0.0008789697894826531,-0.15755921602249146,0.0,0.0,0.15162930550062842,0.17817187085358616,-0.01856633462011814,0.08349353820085526,0.0,0.0,0.0,0.0
1.7025668621063232,-0.4184417724609375,-1.1401485204696655,0.0,0.0,-0.0008789697894826531,-0.15755921602249146,0.0,0.0,0.15162930550062842,0.17817187085358616,-0.01856633462011814,0.08349353820085526,0.0,0.0,0.0,0.0
1.703866958618164,-0.4184417724609375,-1.1401485204696655,0.0,0.0,-0.0008789697894826531,-0.15755921602249146,0.0,0.0,0.15162930550062842,0.17817187085358616,-0.01856633462011814,0.08349353820085526,0.0,0.0,0.0,0.0
1.7051362991333008,-0.4184417724609375,-1.1401485204696655,0.0,0.0,-0.0008789697894826531,-0.15755921602249146,0.0,0.0,0.15162930550062842,0.17817187085358616,-0.01856633462011814,0.08349353820085526,0.0,0.0,0.0,0.0
1.7064270973205566,-0.4184417724609375,-1.1401485204696655,0.0,0.0,-0.0008789697894826531,-0.15755921602249146,0.0,0.0,0.15162930550062842,0.17817187085358616,-0.01856633462011814,0.08349353820085526,0.0,0.0,0.0,0.0
1.707693099975586,-0.4184417724609375,-1.1401485204696655,0.0,0.0,-0.0008789697894826531,-0.15755921602249146,0.0,0.0,0.15162930550062842,0.17817187085358616,-0.01856633462011814,0.08349353820085526,0.0,0.0,0.0,0.0
1.7089812755584717,-0.4184417724609375,-1.1401485204696655,0.0,0.0,-0.0008789697894826531,-0.15755921602249146,0.0,0.0,0.15162930550062842,0.17817187085358616,-0.01856633462011814,0.08349353820085526,0.0,0.0,0.0,0.0
1.7102439403533936,-0.4184417724609375,-1.1401485204696655,0.0,0.0,-0.0008789697894826531,-0.15755921602249146,0.0,0.0,0.15162930550062842,0.17817187085358616,-0.01856633462011814,0.08349353820085526,0.0,0.0,0.0,0.0
1.7118504047393799,-0.4184417724609375,-1.1401485204696655,0.0,0.0,-0.0008789697894826531,-0.15755921602249146,0.0,0.0,0.15162930550062842,0.17817187085358616,-0.01856633462011814,0.08349353820085526,0.0,0.0,0.0,0.0
1.713296890258789,-0.4184417724609375,-1.1401485204696655,0.0,0.0,-0.0008789697894826531,-0.15755921602249146,0.0,0.0,0.15162930550062842,0.1778267275169808,-0.01856633462011814,0.08804257214069366,0.0,0.0,0.0,0.0
1.714585304260254,-0.4184417724609375,-1.1401485204696655,0.0,0.0,-0.0008789697894826531,-0.15755921602249146,0.0,0.0,0.15162930550062842,0.1778267275169808,-0.01856633462011814,0.08804257214069366,0.0,0.0,0.0,0.0
1.715843915939331,-0.4184417724609375,-1.1401485204696655,0.0,0.0,-0.0008789697894826531,-0.15755921602249146,0.0,0.0,0.15162930550062842,0.17765414999700582,-0.01856633462011814,0.088185615837574,0.0,0.0,0.0,0.0
1.717113971710205,-0.4184417724609375,-1.1401485204696655,0.0,0.0,-0.0008789697894826531,-0.15755921602249146,0.0,0.0,0.15162930550062842,0.17765414999700582,-0.01856633462011814,0.088185615837574,0.0,0.0,0.0,0.0
1.7184014320373535,-0.4184417724609375,-1.1401485204696655,0.0,0.0,-0.0008789697894826531,-0.15755921602249146,0.0,0.0,0.15162930550062842,0.17770688526792724,-0.01856633462011814,0.08758483082056046,0.0,0.0,0.0,0.0
1.719627857208252,-0.4184417724609375,-1.1401485204696655,0.0,0.0,-0.0008789697894826531,-0.15755921602249146,0.0,0.0,0.15162930550062842,0.17770688526792724,-0.01856633462011814,0.08758483082056046,0.0,0.0,0.0,0.0
1.7208750247955322,-0.4184417724609375,-1.1401485204696655,0.0,0.0,-0.0008789697894826531,-0.15755921602249146,0.0,0.0,0.15162930550062842,0.17770688526792724,-0.01856633462011814,0.08626871556043625,0.0,0.0,0.0,0.0
1.722278356552124,-0.4184417724609375,-1.1401485204696655,0.0,0.0,-0.0008789697894826531,-0.15755921602249146,0.0,0.0,0.15162930550062842,0.17770688526792724,-0.01856633462011814,0.08626871556043625,0.0,0.0,0.0,0.0
1.7235112190246582,-0.4184417724609375,-1.1401485204696655,0.0,0.0,-0.0008789697894826531,-0.15755921602249146,0.0,0.0,0.15162930550062842,0.17770688526792724,-0.01856633462011814,0.08626871556043625,0.0,0.0,0.0,0.0
1.7247326374053955,-0.4184417724609375,-1.1401485204696655,0.0,0.0,-0.0008789697894826531,-0.15755921602249146,0.0,0.0,0.15162930550062842,0.17770688526792724,-0.01856633462011814,0.08626871556043625,0.0,0.0,0.0,0.0
1.7264225482940674,-0.4184417724609375,-1.1401485204696655,0.0,0.0,-0.0008789697894826531,-0.15755921602249146,0.0,0.0,0.15162930550062842,0.17770688526792724,-0.01856633462011814,0.08626871556043625,0.0,0.0,0.0,0.0
1.7276661396026611,-0.4184417724609375,-1.1401485204696655,0.0,0.0,-0.0008789697894826531,-0.15755921602249146,0.0,0.0,0.15162930550062842,0.17787466441660224,-0.01856633462011814,0.08626871556043625,0.0,0.0,0.0,0.0
1.7289142608642578,-0.4184417724609375,-1.1401485204696655,0.0,0.0,-0.0008789697894826531,-0.15755921602249146,0.0,0.0,0.15162930550062842,0.17787466441660224,-0.01856633462011814,0.08626871556043625,0.0,0.0,0.0,0.0
1.7301445007324219,-0.4184417724609375,-1.1401485204696655,0.0,0.0,-0.0008789697894826531,-0.15755921602249146,0.0,0.0,0.15162930550062842,0.17791780294492365,-0.01856633462011814,0.08418021351099014,0.0,0.0,0.0,0.0
1.7313578128814697,-0.4184417724609375,-1.1401485204696655,0.0,0.0,-0.0008789697894826531,-0.15755921602249146,0.0,0.0,0.15162930550062842,0.17791780294492365,-0.01856633462011814,0.08418021351099014,0.0,0.0,0.0,0.0
1.7325756549835205,-0.4184417724609375,-1.1401485204696655,0.0,0.0,-0.0008789697894826531,-0.15755921602249146,0.0,0.0,0.15162930550062842,0.17786506767400223,-0.01856633462011814,0.08532463014125824,0.0,0.0,0.0,0.0
1.7338414192199707,-0.4184417724609375,-1.1401485204696655,0.0,0.0,-0.0008789697894826531,-0.15755921602249146,0.0,0.0,0.15162930550062842,0.17786506767400223,-0.01856633462011814,0.08532463014125824,0.0,0.0,0.0,0.0
1.735109806060791,-0.4184417724609375,-1.1401485204696655,0.0,0.0,-0.0008789697894826531,-0.15755921602249146,0.0,0.0,0.15162930550062842,0.17786506767400223,-0.01856633462011814,0.08532463014125824,0.0,0.0,0.0,0.0
1.736598253250122,-0.44775837659835815,-1.1906700134277344,0.0,0.0,-0.0009062555618584156,-0.15757447481155396,0.0,0.0,0.15162930550062842,0.17786506767400223,-0.01856633462011814,0.08532463014125824,0.0,0.0,0.0,0.0
1.7378697395324707,-0.44775837659835815,-1.1906700134277344,0.0,0.0,-0.0009062555618584156,-0.15757447481155396,0.0,0.0,0.15162930550062842,0.17786506767400223,-0.01856633462011814,0.08532463014125824,0.0,0.0,0.0,0.0
1.739109992980957,-0.44775837659835815,-1.1906700134277344,0.0,0.0,-0.0009062555618584156,-0.15757447481155396,0.0,0.0,0.15162930550062842,0.17786506767400223,-0.01856633462011814,0.08532463014125824,0.0,0.0,0.0,0.0
1.7403275966644287,-0.44775837659835815,-1.1906700134277344,0.0,0.0,-0.0009062555618584156,-0.15757447481155396,0.0,0.0,0.15162930550062842,0.17786506767400223,-0.01856633462011814,0.08532463014125824,0.0,0.0,0.0,0.0
1.7415671348571777,-0.44775837659835815,-1.1906700134277344,0.0,0.0,-0.0009062555618584156,-0.15757447481155396,0.0,0.0,0.15162930550062842,0.17786506767400223,-0.01856633462011814,0.08532463014125824,0.0,0.0,0.0,0.0
1.742835283279419,-0.44775837659835815,-1.1906700134277344,0.0,0.0,-0.0009062555618584156,-0.15757447481155396,0.0,0.0,0.15162930550062842,0.17786506767400223,-0.01856633462011814,0.08532463014125824,0.0,0.0,0.0,0.0
1.7440834045410156,-0.44775837659835815,-1.1906700134277344,0.0,0.0,-0.0009062555618584156,-0.15757447481155396,0.0,0.0,0.15162930550062842,0.17786506767400223,-0.01856633462011814,0.08532463014125824,0.0,0.0,0.0,0.0
1.7456066608428955,-0.43644243478775024,-1.1707996129989624,0.0,0.0,-0.0009157164604403079,-0.15757979452610016,0.0,0.0,0.15162930550062842,0.1779849099230558,-0.01856633462011814,0.08377962559461594,0.0,0.0,0.0,0.0
1.7468652725219727,-0.43644243478775024,-1.1707996129989624,0.0,0.0,-0.0009157164604403079,-0.15757979452610016,0.0,0.0,0.15162930550062842,0.1780711986830433,-0.01856633462011814,0.08323605358600616,0.0,0.0,0.0,0.0
1.7480888366699219,-0.43644243478775024,-1.1707996129989624,0.0,0.0,-0.0009157164604403079,-0.15757979452610016,0.0,0.0,0.15162930550062842,0.1780711986830433,-0.01856633462011814,0.08323605358600616,0.0,0.0,0.0,0.0
1.749314308166504,-0.43644243478775024,-1.1707996129989624,0.0,0.0,-0.0009157164604403079,-0.15757979452610016,0.0,0.0,0.15162930550062842,0.17815748744303078,-0.01856633462011814,0.08272106200456619,0.0,0.0,0.0,0.0
1.750537633895874,-0.43644243478775024,-1.1707996129989624,0.0,0.0,-0.0009157164604403079,-0.15757979452610016,0.0,0.0,0.15162930550062842,0.17815748744303078,-0.01856633462011814,0.08272106200456619,0.0,0.0,0.0,0.0
1.751807689666748,-0.43644243478775024,-1.1707996129989624,0.0,0.0,-0.0009157164604403079,-0.15757979452610016,0.0,0.0,0.15162930550062842,0.17817187085358616,-0.01856633462011814,0.08214885741472244,0.0,0.0,0.0,0.0
1.753077507019043,-0.43644243478775024,-1.1707996129989624,0.0,0.0,-0.0009157164604403079,-0.15757979452610016,0.0,0.0,0.15162930550062842,0.17817187085358616,-0.01856633462011814,0.08214885741472244,0.0,0.0,0.0,0.0
1.7542808055877686,-0.43644243478775024,-1.1707996129989624,0.0,0.0,-0.0009157164604403079,-0.15757979452610016,0.0,0.0,0.15162930550062842,0.17817187085358616,-0.01856633462011814,0.08349353820085526,0.0,0.0,0.0,0.0
1.7554705142974854,-0.4303179681301117,-1.1603745222091675,0.0,0.0,-0.0009032401721924543,-0.15757277607917786,0.0,0.0,0.15162930550062842,0.17817187085358616,-0.01856633462011814,0.08349353820085526,0.0,0.0,0.0,0.0
1.7566742897033691,-0.4303179681301117,-1.1603745222091675,0.0,0.0,-0.0009032401721924543,-0.15757277607917786,0.0,0.0,0.15162930550062842,0.17817187085358616,-0.01856633462011814,0.08349353820085526,0.0,0.0,0.0,0.0
1.7581734657287598,-0.4303179681301117,-1.1603745222091675,0.0,0.0,-0.0009032401721924543,-0.15757277607917786,0.0,0.0,0.15162930550062842,0.17817187085358616,-0.01856633462011814,0.08349353820085526,0.0,0.0,0.0,0.0
1.7593739032745361,-0.4303179681301117,-1.1603745222091675,0.0,0.0,-0.0009032401721924543,-0.15757277607917786,0.0,0.0,0.15162930550062842,0.17817187085358616,-0.01856633462011814,0.08349353820085526,0.0,0.0,0.0,0.0
1.7605764865875244,-0.4303179681301117,-1.1603745222091675,0.0,0.0,-0.0009032401721924543,-0.15757277607917786,0.0,0.0,0.15162930550062842,0.17817187085358616,-0.01856633462011814,0.08349353820085526,0.0,0.0,0.0,0.0
1.7617747783660889,-0.4303179681301117,-1.1603745222091675,0.0,0.0,-0.0009032401721924543,-0.15757277607917786,0.0,0.0,0.15162930550062842,0.17817187085358616,-0.01856633462011814,0.08349353820085526,0.0,0.0,0.0,0.0
1.7629990577697754,-0.4303179681301117,-1.1603745222091675,0.0,0.0,-0.0009032401721924543,-0.15757277607917786,0.0,0.0,0.15162930550062842,0.17817187085358616,-0.01856633462011814,0.08349353820085526,0.0,0.0,0.0,0.0
1.7642440795898438,-0.4303179681301117,-1.1603745222091675,0.0,0.0,-0.0009032401721924543,-0.15757277607917786,0.0,0.0,0.15162930550062842,0.17817187085358616,-0.01856633462011814,0.08349353820085526,0.0,0.0,0.0,0.0
1.765507698059082,-0.4303179681301117,-1.1603745222091675,0.0,0.0,-0.0009032401721924543,-0.15757277607917786,0.0,0.0,0.15162930550062842,0.17817187085358616,-0.01856633462011814,0.08349353820085526,0.0,0.0,0.0,0.0
1.766719102859497,-0.4303179681301117,-1.1603745222091675,0.0,0.0,-0.0009032401721924543,-0.15757277607917786,0.0,0.0,0.15162930550062842,0.17817187085358616,-0.01856633462011814,0.08349353820085526,0.0,0.0,0.0,0.0
1.7679252624511719,-0.4303179681301117,-1.1603745222091675,0.0,0.0,-0.0009032401721924543,-0.15757277607917786,0.0,0.0,0.15162930550062842,0.17817187085358616,-0.01856633462011814,0.08349353820085526,0.0,0.0,0.0,0.0
1.7691280841827393,-0.4303179681301117,-1.1603745222091675,0.0,0.0,-0.0009032401721924543,-0.15757277607917786,0.0,0.0,0.15162930550062842,0.17817187085358616,-0.01856633462011814,0.08349353820085526,0.0,0.0,0.0,0.0
1.7703802585601807,-0.4303179681301117,-1.1603745222091675,0.0,0.0,-0.0009032401721924543,-0.15757277607917786,0.0,0.0,0.15162930550062842,0.17817187085358616,-0.01856633462011814,0.08349353820085526,0.0,0.0,0.0,0.0
1.7716069221496582,-0.4303179681301117,-1.1603745222091675,0.0,0.0,-0.0009032401721924543,-0.15757277607917786,0.0,0.0,0.15162930550062842,0.17817187085358616,-0.01856633462011814,0.08349353820085526,0.0,0.0,0.0,0.0
1.7728173732757568,-0.4303179681301117,-1.1603745222091675,0.0,0.0,-0.0009032401721924543,-0.15757277607917786,0.0,0.0,0.15162930550062842,0.17817187085358616,-0.01856633462011814,0.08349353820085526,0.0,0.0,0.0,0.0
1.7740247249603271,-0.4303179681301117,-1.1603745222091675,0.0,0.0,-0.0009032401721924543,-0.15757277607917786,0.0,0.0,0.15162930550062842,0.17817187085358616,-0.01856633462011814,0.08349353820085526,0.0,0.0,0.0,0.0
1.7753727436065674,-0.4098236560821533,-1.1251440048217773,0.0,0.0,-0.0008789697894826531,-0.15755921602249146,0.0,0.0,0.15162930550062842,0.17817187085358616,-0.01856633462011814,0.08349353820085526,0.0,0.0,0.0,0.0
1.7766234874725342,-0.4098236560821533,-1.1251440048217773,0.0,0.0,-0.0008789697894826531,-0.15755921602249146,0.0,0.0,0.15162930550062842,0.17817187085358616,-0.01856633462011814,0.08349353820085526,0.0,0.0,0.0,0.0
1.7778737545013428,-0.4098236560821533,-1.1251440048217773,0.0,0.0,-0.0008789697894826531,-0.15755921602249146,0.0,0.0,0.15162930550062842,0.17817187085358616,-0.01856633462011814,0.08349353820085526,0.0,0.0,0.0,0.0
1.7790870666503906,-0.4098236560821533,-1.1251440048217773,0.0,0.0,-0.0008789697894826531,-0.15755921602249146,0.0,0.0,0.15162930550062842,0.17817187085358616,-0.01856633462011814,0.08349353820085526,0.0,0.0,0.0,0.0
1.78029465675354,-0.4098236560821533,-1.1251440048217773,0.0,0.0,-0.0008789697894826531,-0.15755921602249146,0.0,0.0,0.15162930550062842,0.17817187085358616,-0.01856633462011814,0.08349353820085526,0.0,0.0,0.0,0.0
1.7815320491790771,-0.4098236560821533,-1.1251440048217773,0.0,0.0,-0.0008789697894826531,-0.15755921602249146,0.0,0.0,0.15162930550062842,0.1779034195343683,-0.01856633462011814,0.08812842518091202,0.0,0.0,0.0,0.0
1.7827825546264648,-0.4098236560821533,-1.1251440048217773,0.0,0.0,-0.0008789697894826531,-0.15755921602249146,0.0,0.0,0.15162930550062842,0.1779034195343683,-0.01856633462011814,0.08812842518091202,0.0,0.0,0.0,0.0
1.7840163707733154,-0.4098236560821533,-1.1251440048217773,0.0,0.0,-0.0008789697894826531,-0.15755921602249146,0.0,0.0,0.15162930550062842,0.17769728852532723,-0.01856633462011814,0.0879281535744667,0.0,0.0,0.0,0.0
1.7853472232818604,-0.4184417724609375,-1.1401485204696655,0.0,0.0,-0.0008789697894826531,-0.15755921602249146,0.0,0.0,0.15162930550062842,0.17769728852532723,-0.01856633462011814,0.0879281535744667,0.0,0.0,0.0,0.0
1.7865986824035645,-0.4184417724609375,-1.1401485204696655,0.0,0.0,-0.0008789697894826531,-0.15755921602249146,0.0,0.0,0.15162930550062842,0.1776349799184951,-0.01856633462011814,0.0874989777803421,0.0,0.0,0.0,0.0
1.7878501415252686,-0.4184417724609375,-1.1401485204696655,0.0,0.0,-0.0008789697894826531,-0.15755921602249146,0.0,0.0,0.15162930550062842,0.1776349799184951,-0.01856633462011814,0.0874989777803421,0.0,0.0,0.0,0.0
1.789081335067749,-0.4184417724609375,-1.1401485204696655,0.0,0.0,-0.0008789697894826531,-0.15755921602249146,0.0,0.0,0.15162930550062842,0.17770688526792724,-0.01856633462011814,0.08626871556043625,0.0,0.0,0.0,0.0
1.7903010845184326,-0.4184417724609375,-1.1401485204696655,0.0,0.0,-0.0008789697894826531,-0.15755921602249146,0.0,0.0,0.15162930550062842,0.17770688526792724,-0.01856633462011814,0.08626871556043625,0.0,0.0,0.0,0.0
1.791572093963623,-0.4184417724609375,-1.1401485204696655,0.0,0.0,-0.0008789697894826531,-0.15755921602249146,0.0,0.0,0.15162930550062842,0.17770688526792724,-0.01856633462011814,0.08626871556043625,0.0,0.0,0.0,0.0
1.7928271293640137,-0.4184417724609375,-1.1401485204696655,0.0,0.0,-0.0008789697894826531,-0.15755921602249146,0.0,0.0,0.15162930550062842,0.17770688526792724,-0.01856633462011814,0.08626871556043625,0.0,0.0,0.0,0.0
1.794090747833252,-0.4184417724609375,-1.1401485204696655,0.0,0.0,-0.0008789697894826531,-0.15755921602249146,0.0,0.0,0.15162930550062842,0.17770688526792724,-0.01856633462011814,0.08626871556043625,0.0,0.0,0.0,0.0
1.7954142093658447,-0.4184417724609375,-1.1401485204696655,0.0,0.0,-0.0008789697894826531,-0.15755921602249146,0.0,0.0,0.15162930550062842,0.17770688526792724,-0.01856633462011814,0.08626871556043625,0.0,0.0,0.0,0.0
1.7966511249542236,-0.4184417724609375,-1.1401485204696655,0.0,0.0,-0.0008789697894826531,-0.15755921602249146,0.0,0.0,0.15162930550062842,0.17806641201508794,-0.01856633462011814,0.0815480500459671,0.0,0.0,0.0,0.0
1.7978966236114502,-0.4184417724609375,-1.1401485204696655,0.0,0.0,-0.0008789697894826531,-0.15755921602249146,0.0,0.0,0.15162930550062842,0.17806641201508794,-0.01856633462011814,0.0815480500459671,0.0,0.0,0.0,0.0
1.7991788387298584,-0.4184417724609375,-1.1401485204696655,0.0,0.0,-0.0008789697894826531,-0.15755921602249146,0.0,0.0,0.15162930550062842,0.1782437762030183,-0.01856633462011814,0.08146221935749054,0.0,0.0,0.0,0.0
1.8004119396209717,-0.4184417724609375,-1.1401485204696655,0.0,0.0,-0.0008789697894826531,-0.15755921602249146,0.0,0.0,0.15162930550062842,0.1782437762030183,-0.01856633462011814,0.08146221935749054,0.0,0.0,0.0,0.0
1.8016324043273926,-0.4184417724609375,-1.1401485204696655,0.0,0.0,-0.0008789697894826531,-0.15755921602249146,0.0,0.0,0.15162930550062842,0.17817187085358616,-0.01856633462011814,0.08214885741472244,0.0,0.0,0.0,0.0
1.8029546737670898,-0.4184417724609375,-1.1401485204696655,0.0,0.0,-0.0008789697894826531,-0.15755921602249146,0.0,0.0,0.15162930550062842,0.17817187085358616,-0.01856633462011814,0.08214885741472244,0.0,0.0,0.0,0.0
1.8041985034942627,-0.4184417724609375,-1.1401485204696655,0.0,0.0,-0.0008789697894826531,-0.15755921602249146,0.0,0.0,0.15162930550062842,0.17817187085358616,-0.01856633462011814,0.08349353820085526,0.0,0.0,0.0,0.0
1.8054556846618652,-0.44827279448509216,-1.191680669784546,0.0,0.0,-0.0009001874132081866,-0.15757107734680176,0.0,0.0,0.15162930550062842,0.17817187085358616,-0.01856633462011814,0.08349353820085526,0.0,0.0,0.0,0.0
1.8069374561309814,-0.44827279448509216,-1.191680669784546,0.0,0.0,-0.0009001874132081866,-0.15757107734680176,0.0,0.0,0.15162930550062842,0.17817187085358616,-0.01856633462011814,0.08349353820085526,0.0,0.0,0.0,0.0
1.8081681728363037,-0.44827279448509216,-1.191680669784546,0.0,0.0,-0.0009001874132081866,-0.15757107734680176,0.0,0.0,0.15162930550062842,0.17789863286641294,-0.01856633462011814,0.0876992717385292,0.0,0.0,0.0,0.0
1.8093831539154053,-0.44827279448509216,-1.191680669784546,0.0,0.0,-0.0009001874132081866,-0.15757107734680176,0.0,0.0,0.15162930550062842,0.17789863286641294,-0.01856633462011814,0.0876992717385292,0.0,0.0,0.0,0.0
1.8105955123901367,-0.44827279448509216,-1.191680669784546,0.0,0.0,-0.0009001874132081866,-0.15757107734680176,0.0,0.0,0.15162930550062842,0.17781234410642546,-0.01856633462011814,0.08646898716688156,0.0,0.0,0.0,0.0
1.811840295791626,-0.44827279448509216,-1.191680669784546,0.0,0.0,-0.0009001874132081866,-0.15757107734680176,0.0,0.0,0.15162930550062842,0.17781234410642546,-0.01856633462011814,0.08646898716688156,0.0,0.0,0.0,0.0
1.8131046295166016,-0.44827279448509216,-1.191680669784546,0.0,0.0,-0.0009001874132081866,-0.15757107734680176,0.0,0.0,0.15162930550062842,0.17772605534643796,-0.01856633462011814,0.0870126262307167,0.0,0.0,0.0,0.0
1.814345121383667,-0.44827279448509216,-1.191680669784546,0.0,0.0,-0.0009001874132081866,-0.15757107734680176,0.0,0.0,0.15162930550062842,0.17772605534643796,-0.01856633462011814,0.0870126262307167,0.0,0.0,0.0,0.0
1.8155901432037354,-0.43644243478775024,-1.1707996129989624,0.0,0.0,-0.0009157164604403079,-0.15757979452610016,0.0,0.0,0.15162930550062842,0.17809038046489864,-0.01856633462011814,0.08232052624225616,0.0,0.0,0.0,0.0
1.8168201446533203,-0.43644243478775024,-1.1707996129989624,0.0,0.0,-0.0009157164604403079,-0.15757979452610016,0.0,0.0,0.15162930550062842,0.17809038046489864,-0.01856633462011814,0.08232052624225616,0.0,0.0,0.0,0.0
1.8180899620056152,-0.43644243478775024,-1.1707996129989624,0.0,0.0,-0.0009157164604403079,-0.15757979452610016,0.0,0.0,0.15162930550062842,0.1782054243426522,-0.01856633462011814,0.08246359974145889,0.0,0.0,0.0,0.0
1.8193461894989014,-0.43644243478775024,-1.1707996129989624,0.0,0.0,-0.0009157164604403079,-0.15757979452610016,0.0,0.0,0.15162930550062842,0.1782054243426522,-0.01856633462011814,0.08246359974145889,0.0,0.0,0.0,0.0
1.8205633163452148,-0.43644243478775024,-1.1707996129989624,0.0,0.0,-0.0009157164604403079,-0.15757979452610016,0.0,0.0,0.15162930550062842,0.17817187085358616,-0.01856633462011814,0.08349353820085526,0.0,0.0,0.0,0.0
1.8217854499816895,-0.43644243478775024,-1.1707996129989624,0.0,0.0,-0.0009157164604403079,-0.15757979452610016,0.0,0.0,0.15162930550062842,0.17817187085358616,-0.01856633462011814,0.08349353820085526,0.0,0.0,0.0,0.0
1.8230195045471191,-0.43644243478775024,-1.1707996129989624,0.0,0.0,-0.0009157164604403079,-0.15757979452610016,0.0,0.0,0.15162930550062842,0.17817187085358616,-0.01856633462011814,0.08349353820085526,0.0,0.0,0.0,0.0
1.8242623805999756,-0.43644243478775024,-1.1707996129989624,0.0,0.0,-0.0009157164604403079,-0.15757979452610016,0.0,0.0,0.15162930550062842,0.17817187085358616,-0.01856633462011814,0.08349353820085526,0.0,0.0,0.0,0.0
1.8255047798156738,-0.4184417724609375,-1.1401485204696655,0.0,0.0,-0.0008789697894826531,-0.15755921602249146,0.0,0.0,0.15162930550062842,0.17817187085358616,-0.01856633462011814,0.08349353820085526,0.0,0.0,0.0,0.0
1.826751470565796,-0.4184417724609375,-1.1401485204696655,0.0,0.0,-0.0008789697894826531,-0.15755921602249146,0.0,0.0,0.15162930550062842,0.17817187085358616,-0.01856633462011814,0.08349353820085526,0.0,0.0,0.0,0.0
1.8279647827148438,-0.4184417724609375,-1.1401485204696655,0.0,0.0,-0.0008789697894826531,-0.15755921602249146,0.0,0.0,0.15162930550062842,0.17817187085358616,-0.01856633462011814,0.08349353820085526,0.0,0.0,0.0,0.0
1.829209804534912,-0.4184417724609375,-1.1401485204696655,0.0,0.0,-0.0008789697894826531,-0.15755921602249146,0.0,0.0,0.15162930550062842,0.17817187085358616,-0.01856633462011814,0.08349353820085526,0.0,0.0,0.0,0.0
1.8304691314697266,-0.4184417724609375,-1.1401485204696655,0.0,0.0,-0.0008789697894826531,-0.15755921602249146,0.0,0.0,0.15162930550062842,0.17769728852532723,-0.01856633462011814,0.08872919529676437,0.0,0.0,0.0,0.0
1.8317162990570068,-0.4184417724609375,-1.1401485204696655,0.0,0.0,-0.0008789697894826531,-0.15755921602249146,0.0,0.0,0.15162930550062842,0.17769728852532723,-0.01856633462011814,0.08872919529676437,0.0,0.0,0.0,0.0
1.8332328796386719,-0.4184417724609375,-1.1401485204696655,0.0,0.0,-0.0008789697894826531,-0.15755921602249146,0.0,0.0,0.15162930550062842,0.17766853340756117,-0.01856633462011814,0.08732729405164719,0.0,0.0,0.0,0.0
1.834482192993164,-0.4184417724609375,-1.1401485204696655,0.0,0.0,-0.0008789697894826531,-0.15755921602249146,0.0,0.0,0.15162930550062842,0.17766853340756117,-0.01856633462011814,0.08732729405164719,0.0,0.0,0.0,0.0
1.8357126712799072,-0.4376777112483978,-1.1731054782867432,0.0,0.0,-0.0009073862456716597,-0.1575751155614853,0.0,0.0,0.15162930550062842,0.17814790240377543,-0.01856633462011814,0.0810616984963417,0.0,0.0,0.0,0.0
1.8371410369873047,-0.4376777112483978,-1.1731054782867432,0.0,0.0,-0.0009073862456716597,-0.1575751155614853,0.0,0.0,0.15162930550062842,0.1781862542641415,-0.01856633462011814,0.08257801085710526,0.0,0.0,0.0,0.0
1.8383862972259521,-0.4376777112483978,-1.1731054782867432,0.0,0.0,-0.0009073862456716597,-0.1575751155614853,0.0,0.0,0.15162930550062842,0.1781862542641415,-0.01856633462011814,0.08257801085710526,0.0,0.0,0.0,0.0
1.8396146297454834,-0.4376777112483978,-1.1731054782867432,0.0,0.0,-0.0009073862456716597,-0.1575751155614853,0.0,0.0,0.15162930550062842,0.1781862542641415,-0.01856633462011814,0.08257801085710526,0.0,0.0,0.0,0.0
1.8411908149719238,-0.4376777112483978,-1.1731054782867432,0.0,0.0,-0.0009073862456716597,-0.1575751155614853,0.0,0.0,0.15162930550062842,0.17817187085358616,-0.01856633462011814,0.08349353820085526,0.0,0.0,0.0,0.0
1.8424184322357178,-0.4376777112483978,-1.1731054782867432,0.0,0.0,-0.0009073862456716597,-0.1575751155614853,0.0,0.0,0.15162930550062842,0.17817187085358616,-0.01856633462011814,0.08349353820085526,0.0,0.0,0.0,0.0
1.843949794769287,-0.4376777112483978,-1.1731054782867432,0.0,0.0,-0.0009073862456716597,-0.1575751155614853,0.0,0.0,0.15162930550062842,0.17817187085358616,-0.01856633462011814,0.08349353820085526,0.0,0.0,0.0,0.0
1.8452556133270264,-0.4184417724609375,-1.1401485204696655,0.0,0.0,-0.0008789697894826531,-0.15755921602249146,0.0,0.0,0.15162930550062842,0.17817187085358616,-0.01856633462011814,0.08349353820085526,0.0,0.0,0.0,0.0
1.8465073108673096,-0.4184417724609375,-1.1401485204696655,0.0,0.0,-0.0008789697894826531,-0.15755921602249146,0.0,0.0,0.15162930550062842,0.17817187085358616,-0.01856633462011814,0.08349353820085526,0.0,0.0,0.0,0.0
1.8479576110839844,-0.4184417724609375,-1.1401485204696655,0.0,0.0,-0.0008789697894826531,-0.15755921602249146,0.0,0.0,0.15162930550062842,0.17817187085358616,-0.01856633462011814,0.08349353820085526,0.0,0.0,0.0,0.0
1.849189281463623,-0.4184417724609375,-1.1401485204696655,0.0,0.0,-0.0008789697894826531,-0.15755921602249146,0.0,0.0,0.15162930550062842,0.17817187085358616,-0.01856633462011814,0.08349353820085526,0.0,0.0,0.0,0.0
1.8504128456115723,-0.4184417724609375,-1.1401485204696655,0.0,0.0,-0.0008789697894826531,-0.15755921602249146,0.0,0.0,0.15162930550062842,0.17817187085358616,-0.01856633462011814,0.08349353820085526,0.0,0.0,0.0,0.0
1.851639747619629,-0.4184417724609375,-1.1401485204696655,0.0,0.0,-0.0008789697894826531,-0.15755921602249146,0.0,0.0,0.15162930550062842,0.17817187085358616,-0.01856633462011814,0.08349353820085526,0.0,0.0,0.0,0.0
1.8528861999511719,-0.4184417724609375,-1.1401485204696655,0.0,0.0,-0.0008789697894826531,-0.15755921602249146,0.0,0.0,0.15162930550062842,0.17817187085358616,-0.01856633462011814,0.08349353820085526,0.0,0.0,0.0,0.0
1.8541560173034668,-0.4184417724609375,-1.1401485204696655,0.0,0.0,-0.0008789697894826531,-0.15755921602249146,0.0,0.0,0.15162930550062842,0.17817187085358616,-0.01856633462011814,0.08349353820085526,0.0,0.0,0.0,0.0
1.8554041385650635,-0.4432468116283417,-1.1825814247131348,0.0,0.0,-0.0009187695104628801,-0.15758146345615387,0.0,0.0,0.15162930550062842,0.17817187085358616,-0.01856633462011814,0.08349353820085526,0.0,0.0,0.0,0.0
1.8566596508026123,-0.4432468116283417,-1.1825814247131348,0.0,0.0,-0.0009187695104628801,-0.15758146345615387,0.0,0.0,0.15162930550062842,0.17817187085358616,-0.01856633462011814,0.08349353820085526,0.0,0.0,0.0,0.0
1.8579204082489014,-0.4432468116283417,-1.1825814247131348,0.0,0.0,-0.0009187695104628801,-0.15758146345615387,0.0,0.0,0.15162930550062842,0.17817187085358616,-0.01856633462011814,0.08349353820085526,0.0,0.0,0.0,0.0
1.8591852188110352,-0.4432468116283417,-1.1825814247131348,0.0,0.0,-0.0009187695104628801,-0.15758146345615387,0.0,0.0,0.15162930550062842,0.17817187085358616,-0.01856633462011814,0.08349353820085526,0.0,0.0,0.0,0.0
1.8604564666748047,-0.4432468116283417,-1.1825814247131348,0.0,0.0,-0.0009187695104628801,-0.15758146345615387,0.0,0.0,0.15162930550062842,0.17799929333361117,-0.01856633462011814,0.08669789135456085,0.0,0.0,0.0,0.0
1.8617019653320312,-0.4432468116283417,-1.1825814247131348,0.0,0.0,-0.0009187695104628801,-0.15758146345615387,0.0,0.0,0.15162930550062842,0.17799929333361117,-0.01856633462011814,0.08669789135456085,0.0,0.0,0.0,0.0
1.8629765510559082,-0.4432468116283417,-1.1825814247131348,0.0,0.0,-0.0009187695104628801,-0.15758146345615387,0.0,0.0,0.15162930550062842,0.17801367674416652,-0.01856633462011814,0.08443768322467804,0.0,0.0,0.0,0.0
1.8642668724060059,-0.4432468116283417,-1.1825814247131348,0.0,0.0,-0.0009187695104628801,-0.15758146345615387,0.0,0.0,0.15162930550062842,0.17801367674416652,-0.01856633462011814,0.08443768322467804,0.0,0.0,0.0,0.0
1.8655283451080322,-0.4184417724609375,-1.1401485204696655,0.0,0.0,-0.0008789697894826531,-0.15755921602249146,0.0,0.0,0.15162930550062842,0.17800887837286652,-0.01856633462011814,0.08446632325649261,0.0,0.0,0.0,0.0
1.8668060302734375,-0.4184417724609375,-1.1401485204696655,0.0,0.0,-0.0008789697894826531,-0.15755921602249146,0.0,0.0,0.15162930550062842,0.17800887837286652,-0.01856633462011814,0.08446632325649261,0.0,0.0,0.0,0.0
1.8681232929229736,-0.4184417724609375,-1.1401485204696655,0.0,0.0,-0.0008789697894826531,-0.15755921602249146,0.0,0.0,0.15162930550062842,0.17800887837286652,-0.01856633462011814,0.08446632325649261,0.0,0.0,0.0,0.0
1.8694043159484863,-0.4184417724609375,-1.1401485204696655,0.0,0.0,-0.0008789697894826531,-0.15755921602249146,0.0,0.0,0.15162930550062842,0.17800887837286652,-0.01856633462011814,0.08446632325649261,0.0,0.0,0.0,0.0
1.8706789016723633,-0.4184417724609375,-1.1401485204696655,0.0,0.0,-0.0008789697894826531,-0.15755921602249146,0.0,0.0,0.15162930550062842,0.17800887837286652,-0.01856633462011814,0.08446632325649261,0.0,0.0,0.0,0.0
1.8719379901885986,-0.4184417724609375,-1.1401485204696655,0.0,0.0,-0.0008789697894826531,-0.15755921602249146,0.0,0.0,0.15162930550062842,0.17800887837286652,-0.01856633462011814,0.08446632325649261,0.0,0.0,0.0,0.0
1.8735988140106201,-0.4184417724609375,-1.1401485204696655,0.0,0.0,-0.0008789697894826531,-0.15755921602249146,0.0,0.0,0.15162930550062842,0.17800887837286652,-0.01856633462011814,0.08446632325649261,0.0,0.0,0.0,0.0
1.8751194477081299,-0.4184417724609375,-1.1401485204696655,0.0,0.0,-0.0008789697894826531,-0.15755921602249146,0.0,0.0,0.15162930550062842,0.17800887837286652,-0.01856633462011814,0.08446632325649261,0.0,0.0,0.0,0.0
1.877446174621582,-0.4184417724609375,-1.1401485204696655,0.0,0.0,-0.0008789697894826531,-0.15755921602249146,0.0,0.0,0.15162930550062842,0.17800887837286652,-0.01856633462011814,0.08446632325649261,0.0,0.0,0.0,0.0
1.8791286945343018,-0.4184417724609375,-1.1401485204696655,0.0,0.0,-0.0008789697894826531,-0.15755921602249146,0.0,0.0,0.15162930550062842,0.17800887837286652,-0.01856633462011814,0.08446632325649261,0.0,0.0,0.0,0.0
1.8806560039520264,-0.4184417724609375,-1.1401485204696655,0.0,0.0,-0.0008789697894826531,-0.15755921602249146,0.0,0.0,0.15162930550062842,0.17800887837286652,-0.01856633462011814,0.08446632325649261,0.0,0.0,0.0,0.0
1.882157325744629,-0.4184417724609375,-1.1401485204696655,0.0,0.0,-0.0008789697894826531,-0.15755921602249146,0.0,0.0,0.15162930550062842,0.17800887837286652,-0.01856633462011814,0.08446632325649261,0.0,0.0,0.0,0.0
1.883549451828003,-0.4184417724609375,-1.1401485204696655,0.0,0.0,-0.0008789697894826531,-0.15755921602249146,0.0,0.0,0.15162930550062842,0.17800887837286652,-0.01856633462011814,0.08446632325649261,0.0,0.0,0.0,0.0
1.884903907775879,-0.4184417724609375,-1.1401485204696655,0.0,0.0,-0.0008789697894826531,-0.15755921602249146,0.0,0.0,0.15162930550062842,0.17800887837286652,-0.01856633462011814,0.08446632325649261,0.0,0.0,0.0,0.0
1.8865978717803955,-0.42456483840942383,-1.1505783796310425,0.0,0.0,-0.0008914812933653593,-0.15756618976593018,0.0,0.0,0.15162930550062842,0.17800887837286652,-0.01856633462011814,0.08446632325649261,0.0,0.0,0.0,0.0
1.8879740238189697,-0.42456483840942383,-1.1505783796310425,0.0,0.0,-0.0008914812933653593,-0.15756618976593018,0.0,0.0,0.15162930550062842,0.17800887837286652,-0.01856633462011814,0.08446632325649261,0.0,0.0,0.0,0.0
1.889324426651001,-0.42456483840942383,-1.1505783796310425,0.0,0.0,-0.0008914812933653593,-0.15756618976593018,0.0,0.0,0.15162930550062842,0.17800887837286652,-0.01856633462011814,0.08446632325649261,0.0,0.0,0.0,0.0
1.8905885219573975,-0.42456483840942383,-1.1505783796310425,0.0,0.0,-0.0008914812933653593,-0.15756618976593018,0.0,0.0,0.15162930550062842,0.17800887837286652,-0.01856633462011814,0.08446632325649261,0.0,0.0,0.0,0.0
1.8918392658233643,-0.42456483840942383,-1.1505783796310425,0.0,0.0,-0.0008914812933653593,-0.15756618976593018,0.0,0.0,0.15162930550062842,0.17800887837286652,-0.01856633462011814,0.08446632325649261,0.0,0.0,0.0,0.0
1.8930881023406982,-0.42456483840942383,-1.1505783796310425,0.0,0.0,-0.0008914812933653593,-0.15756618976593018,0.0,0.0,0.15162930550062842,0.17800887837286652,-0.01856633462011814,0.08446632325649261,0.0,0.0,0.0,0.0
1.8943579196929932,-0.42456483840942383,-1.1505783796310425,0.0,0.0,-0.0008914812933653593,-0.15756618976593018,0.0,0.0,0.15162930550062842,0.17800887837286652,-0.01856633462011814,0.08446632325649261,0.0,0.0,0.0,0.0
1.8955941200256348,-0.42475053668022156,-1.1508947610855103,0.0,0.0,-0.0008918582461774349,-0.15756641328334808,0.0,0.0,0.15162930550062842,0.17800887837286652,-0.01856633462011814,0.08446632325649261,0.0,0.0,0.0,0.0
1.8968989849090576,-0.42475053668022156,-1.1508947610855103,0.0,0.0,-0.0008918582461774349,-0.15756641328334808,0.0,0.0,0.15162930550062842,0.17800887837286652,-0.01856633462011814,0.08446632325649261,0.0,0.0,0.0,0.0
1.898169755935669,-0.42475053668022156,-1.1508947610855103,0.0,0.0,-0.0008918582461774349,-0.15756641328334808,0.0,0.0,0.15162930550062842,0.17800887837286652,-0.01856633462011814,0.08446632325649261,0.0,0.0,0.0,0.0
1.8994581699371338,-0.42475053668022156,-1.1508947610855103,0.0,0.0,-0.0008918582461774349,-0.15756641328334808,0.0,0.0,0.15162930550062842,0.17800887837286652,-0.01856633462011814,0.08446632325649261,0.0,0.0,0.0,0.0
1.900702953338623,-0.42475053668022156,-1.1508947610855103,0.0,0.0,-0.0008918582461774349,-0.15756641328334808,0.0,0.0,0.15162930550062842,0.17800887837286652,-0.01856633462011814,0.08446632325649261,0.0,0.0,0.0,0.0
1.9020519256591797,-0.42475053668022156,-1.1508947610855103,0.0,0.0,-0.0008918582461774349,-0.15756641328334808,0.0,0.0,0.15162930550062842,0.17800887837286652,-0.01856633462011814,0.08446632325649261,0.0,0.0,0.0,0.0
1.9032866954803467,-0.42475053668022156,-1.1508947610855103,0.0,0.0,-0.0008918582461774349,-0.15756641328334808,0.0,0.0,0.15162930550062842,0.17800887837286652,-0.01856633462011814,0.08446632325649261,0.0,0.0,0.0,0.0
1.9045348167419434,-0.42475053668022156,-1.1508947610855103,0.0,0.0,-0.0008918582461774349,-0.15756641328334808,0.0,0.0,0.15162930550062842,0.17800887837286652,-0.01856633462011814,0.08446632325649261,0.0,0.0,0.0,0.0
1.9057693481445312,-0.42475053668022156,-1.1508947610855103,0.0,0.0,-0.0008918582461774349,-0.15756641328334808,0.0,0.0,0.15162930550062842,0.178267744652829,-0.01856633462011814,0.08309300243854523,0.0,0.0,0.0,0.0
1.9070227146148682,-0.42475053668022156,-1.1508947610855103,0.0,0.0,-0.0008918582461774349,-0.15756641328334808,0.0,0.0,0.15162930550062842,0.178267744652829,-0.01856633462011814,0.08309300243854523,0.0,0.0,0.0,0.0
1.9082729816436768,-0.42475053668022156,-1.1508947610855103,0.0,0.0,-0.0008918582461774349,-0.15756641328334808,0.0,0.0,0.15162930550062842,0.17817187085358616,-0.01856633462011814,0.08226333558559418,0.0,0.0,0.0,0.0
1.9095523357391357,-0.42475053668022156,-1.1508947610855103,0.0,0.0,-0.0008918582461774349,-0.15756641328334808,0.0,0.0,0.15162930550062842,0.17817187085358616,-0.01856633462011814,0.08349353820085526,0.0,0.0,0.0,0.0
1.9108586311340332,-0.42475053668022156,-1.1508947610855103,0.0,0.0,-0.0008918582461774349,-0.15756641328334808,0.0,0.0,0.15162930550062842,0.17817187085358616,-0.01856633462011814,0.08349353820085526,0.0,0.0,0.0,0.0
1.9122629165649414,-0.42475053668022156,-1.1508947610855103,0.0,0.0,-0.0008918582461774349,-0.15756641328334808,0.0,0.0,0.15162930550062842,0.17817187085358616,-0.01856633462011814,0.08349353820085526,0.0,0.0,0.0,0.0
1.9135568141937256,-0.42475053668022156,-1.1508947610855103,0.0,0.0,-0.0008918582461774349,-0.15756641328334808,0.0,0.0,0.15162930550062842,0.17817187085358616,-0.01856633462011814,0.08349353820085526,0.0,0.0,0.0,0.0
1.9148471355438232,-0.42475053668022156,-1.1508947610855103,0.0,0.0,-0.0008918582461774349,-0.15756641328334808,0.0,0.0,0.15162930550062842,0.17817187085358616,-0.01856633462011814,0.08349353820085526,0.0,0.0,0.0,0.0
1.9161386489868164,-0.42475053668022156,-1.1508947610855103,0.0,0.0,-0.0008918582461774349,-0.15756641328334808,0.0,0.0,0.15162930550062842,0.17817187085358616,-0.01856633462011814,0.08349353820085526,0.0,0.0,0.0,0.0
1.9173963069915771,-0.42475053668022156,-1.1508947610855103,0.0,0.0,-0.0008918582461774349,-0.15756641328334808,0.0,0.0,0.15162930550062842,0.17817187085358616,-0.01856633462011814,0.08349353820085526,0.0,0.0,0.0,0.0
1.9186370372772217,-0.42475053668022156,-1.1508947610855103,0.0,0.0,-0.0008918582461774349,-0.15756641328334808,0.0,0.0,0.15162930550062842,0.17817187085358616,-0.01856633462011814,0.08349353820085526,0.0,0.0,0.0,0.0
1.9201295375823975,-0.42475053668022156,-1.1508947610855103,0.0,0.0,-0.0008918582461774349,-0.15756641328334808,0.0,0.0,0.15162930550062842,0.17817187085358616,-0.01856633462011814,0.08349353820085526,0.0,0.0,0.0,0.0
1.9213745594024658,-0.42475053668022156,-1.1508947610855103,0.0,0.0,-0.0008918582461774349,-0.15756641328334808,0.0,0.0,0.15162930550062842,0.17817187085358616,-0.01856633462011814,0.08349353820085526,0.0,0.0,0.0,0.0
1.9226219654083252,-0.42475053668022156,-1.1508947610855103,0.0,0.0,-0.0008918582461774349,-0.15756641328334808,0.0,0.0,0.15162930550062842,0.17817187085358616,-0.01856633462011814,0.08349353820085526,0.0,0.0,0.0,0.0
1.9239234924316406,-0.42475053668022156,-1.1508947610855103,0.0,0.0,-0.0008918582461774349,-0.15756641328334808,0.0,0.0,0.15162930550062842,0.17817187085358616,-0.01856633462011814,0.08349353820085526,0.0,0.0,0.0,0.0
1.9252092838287354,-0.42475053668022156,-1.1508947610855103,0.0,0.0,-0.0008918582461774349,-0.15756641328334808,0.0,0.0,0.15162930550062842,0.17817187085358616,-0.01856633462011814,0.08349353820085526,0.0,0.0,0.0,0.0
1.9275782108306885,-0.42475053668022156,-1.1508947610855103,0.0,0.0,-0.0008918582461774349,-0.15756641328334808,0.0,0.0,0.15162930550062842,0.17817187085358616,-0.01856633462011814,0.08349353820085526,0.0,0.0,0.0,0.0
1.9292540550231934,-0.42475053668022156,-1.1508947610855103,0.0,0.0,-0.0008918582461774349,-0.15756641328334808,0.0,0.0,0.15162930550062842,0.17817187085358616,-0.01856633462011814,0.08349353820085526,0.0,0.0,0.0,0.0
1.9308431148529053,-0.42475053668022156,-1.1508947610855103,0.0,0.0,-0.0008918582461774349,-0.15756641328334808,0.0,0.0,0.15162930550062842,0.17817187085358616,-0.01856633462011814,0.08349353820085526,0.0,0.0,0.0,0.0
1.932497501373291,-0.42475053668022156,-1.1508947610855103,0.0,0.0,-0.0008918582461774349,-0.15756641328334808,0.0,0.0,0.15162930550062842,0.17817187085358616,-0.01856633462011814,0.08349353820085526,0.0,0.0,0.0,0.0
1.934314489364624,-0.42475053668022156,-1.1508947610855103,0.0,0.0,-0.0008918582461774349,-0.15756641328334808,0.0,0.0,0.15162930550062842,0.17817187085358616,-0.01856633462011814,0.08349353820085526,0.0,0.0,0.0,0.0
1.9360291957855225,-0.4184417724609375,-1.1401485204696655,0.0,0.0,-0.0008789697894826531,-0.15755921602249146,0.0,0.0,0.15162930550062842,0.17817187085358616,-0.01856633462011814,0.08349353820085526,0.0,0.0,0.0,0.0
1.9377810955047607,-0.4184417724609375,-1.1401485204696655,0.0,0.0,-0.0008789697894826531,-0.15755921602249146,0.0,0.0,0.15162930550062842,0.17817187085358616,-0.01856633462011814,0.08349353820085526,0.0,0.0,0.0,0.0
1.9399831295013428,-0.4184417724609375,-1.1401485204696655,0.0,0.0,-0.0008789697894826531,-0.15755921602249146,0.0,0.0,0.15162930550062842,0.17817187085358616,-0.01856633462011814,0.08349353820085526,0.0,0.0,0.0,0.0
1.9417989253997803,-0.4184417724609375,-1.1401485204696655,0.0,0.0,-0.0008789697894826531,-0.15755921602249146,0.0,0.0,0.15162930550062842,0.17817187085358616,-0.01856633462011814,0.08349353820085526,0.0,0.0,0.0,0.0
1.943725824356079,-0.4184417724609375,-1.1401485204696655,0.0,0.0,-0.0008789697894826531,-0.15755921602249146,0.0,0.0,0.15162930550062842,0.17817187085358616,-0.01856633462011814,0.08349353820085526,0.0,0.0,0.0,0.0
1.9451556205749512,-0.4184417724609375,-1.1401485204696655,0.0,0.0,-0.0008789697894826531,-0.15755921602249146,0.0,0.0,0.15162930550062842,0.17817187085358616,-0.01856633462011814,0.08349353820085526,0.0,0.0,0.0,0.0
1.9465603828430176,-0.4184417724609375,-1.1401485204696655,0.0,0.0,-0.0008789697894826531,-0.15755921602249146,0.0,0.0,0.15162930550062842,0.17817187085358616,-0.01856633462011814,0.08349353820085526,0.0,0.0,0.0,0.0
1.9478507041931152,-0.4184417724609375,-1.1401485204696655,0.0,0.0,-0.0008789697894826531,-0.15755921602249146,0.0,0.0,0.15162930550062842,0.17817187085358616,-0.01856633462011814,0.08349353820085526,0.0,0.0,0.0,0.0
1.9491569995880127,-0.4184417724609375,-1.1401485204696655,0.0,0.0,-0.0008789697894826531,-0.15755921602249146,0.0,0.0,0.15162930550062842,0.17817187085358616,-0.01856633462011814,0.08349353820085526,0.0,0.0,0.0,0.0
1.950857162475586,-0.4184417724609375,-1.1401485204696655,0.0,0.0,-0.0008789697894826531,-0.15755921602249146,0.0,0.0,0.15162930550062842,0.17817187085358616,-0.01856633462011814,0.08349353820085526,0.0,0.0,0.0,0.0
1.9521541595458984,-0.4184417724609375,-1.1401485204696655,0.0,0.0,-0.0008789697894826531,-0.15755921602249146,0.0,0.0,0.15162930550062842,0.17817187085358616,-0.01856633462011814,0.08349353820085526,0.0,0.0,0.0,0.0
1.9535136222839355,-0.4184417724609375,-1.1401485204696655,0.0,0.0,-0.0008789697894826531,-0.15755921602249146,0.0,0.0,0.15162930550062842,0.17817187085358616,-0.01856633462011814,0.08349353820085526,0.0,0.0,0.0,0.0
1.9547979831695557,-0.4184417724609375,-1.1401485204696655,0.0,0.0,-0.0008789697894826531,-0.15755921602249146,0.0,0.0,0.15162930550062842,0.17817187085358616,-0.01856633462011814,0.08349353820085526,0.0,0.0,0.0,0.0
1.9561197757720947,-0.4184417724609375,-1.1401485204696655,0.0,0.0,-0.0008789697894826531,-0.15755921602249146,0.0,0.0,0.15162930550062842,0.17817187085358616,-0.01856633462011814,0.08349353820085526,0.0,0.0,0.0,0.0
1.957392930984497,-0.4184417724609375,-1.1401485204696655,0.0,0.0,-0.0008789697894826531,-0.15755921602249146,0.0,0.0,0.15162930550062842,0.17817187085358616,-0.01856633462011814,0.08349353820085526,0.0,0.0,0.0,0.0
1.958679437637329,-0.4184417724609375,-1.1401485204696655,0.0,0.0,-0.0008789697894826531,-0.15755921602249146,0.0,0.0,0.15162930550062842,0.17808078372229866,-0.01856633462011814,0.08486685901880264,0.0,0.0,0.0,0.0
1.9599781036376953,-0.4184417724609375,-1.1401485204696655,0.0,0.0,-0.0008789697894826531,-0.15755921602249146,0.0,0.0,0.15162930550062842,0.17808078372229866,-0.01856633462011814,0.08486685901880264,0.0,0.0,0.0,0.0
1.9612829685211182,-0.4184417724609375,-1.1401485204696655,0.0,0.0,-0.0008789697894826531,-0.15755921602249146,0.0,0.0,0.15162930550062842,0.17797532488380044,-0.01856633462011814,0.08543906360864639,0.0,0.0,0.0,0.0
1.962545394897461,-0.4184417724609375,-1.1401485204696655,0.0,0.0,-0.0008789697894826531,-0.15755921602249146,0.0,0.0,0.15162930550062842,0.17797532488380044,-0.01856633462011814,0.08543906360864639,0.0,0.0,0.0,0.0
1.963777780532837,-0.4184417724609375,-1.1401485204696655,0.0,0.0,-0.0008789697894826531,-0.15755921602249146,0.0,0.0,0.15162930550062842,0.17801367674416652,-0.01856633462011814,0.08443768322467804,0.0,0.0,0.0,0.0
1.9656333923339844,-0.4184417724609375,-1.1401485204696655,0.0,0.0,-0.0008789697894826531,-0.15755921602249146,0.0,0.0,0.15162930550062842,0.17801367674416652,-0.01856633462011814,0.08443768322467804,0.0,0.0,0.0,0.0
1.967043161392212,-0.4184417724609375,-1.1401485204696655,0.0,0.0,-0.0008789697894826531,-0.15755921602249146,0.0,0.0,0.15162930550062842,0.17801367674416652,-0.01856633462011814,0.08443768322467804,0.0,0.0,0.0,0.0
1.9684326648712158,-0.4184417724609375,-1.1401485204696655,0.0,0.0,-0.0008789697894826531,-0.15755921602249146,0.0,0.0,0.15162930550062842,0.17801367674416652,-0.01856633462011814,0.08443768322467804,0.0,0.0,0.0,0.0
1.969818115234375,-0.4184417724609375,-1.1401485204696655,0.0,0.0,-0.0008789697894826531,-0.15755921602249146,0.0,0.0,0.15162930550062842,0.17801367674416652,-0.01856633462011814,0.08443768322467804,0.0,0.0,0.0,0.0
1.9711236953735352,-0.4184417724609375,-1.1401485204696655,0.0,0.0,-0.0008789697894826531,-0.15755921602249146,0.0,0.0,0.15162930550062842,0.17801367674416652,-0.01856633462011814,0.08443768322467804,0.0,0.0,0.0,0.0
1.972508430480957,-0.4184417724609375,-1.1401485204696655,0.0,0.0,-0.0008789697894826531,-0.15755921602249146,0.0,0.0,0.15162930550062842,0.17801367674416652,-0.01856633462011814,0.08443768322467804,0.0,0.0,0.0,0.0
1.9740285873413086,-0.4184417724609375,-1.1401485204696655,0.0,0.0,-0.0008789697894826531,-0.15755921602249146,0.0,0.0,0.15162930550062842,0.17801367674416652,-0.01856633462011814,0.08443768322467804,0.0,0.0,0.0,0.0
1.9756979942321777,-0.4184417724609375,-1.1401485204696655,0.0,0.0,-0.0008789697894826531,-0.15755921602249146,0.0,0.0,0.15162930550062842,0.17801367674416652,-0.01856633462011814,0.08443768322467804,0.0,0.0,0.0,0.0
1.9774408340454102,-0.4184417724609375,-1.1401485204696655,0.0,0.0,-0.0008789697894826531,-0.15755921602249146,0.0,0.0,0.15162930550062842,0.17801367674416652,-0.01856633462011814,0.08443768322467804,0.0,0.0,0.0,0.0
1.9790613651275635,-0.4184417724609375,-1.1401485204696655,0.0,0.0,-0.0008789697894826531,-0.15755921602249146,0.0,0.0,0.15162930550062842,0.17801367674416652,-0.01856633462011814,0.08443768322467804,0.0,0.0,0.0,0.0
1.9807722568511963,-0.4184417724609375,-1.1401485204696655,0.0,0.0,-0.0008789697894826531,-0.15755921602249146,0.0,0.0,0.15162930550062842,0.17801367674416652,-0.01856633462011814,0.08443768322467804,0.0,0.0,0.0,0.0
1.983438491821289,-0.4184417724609375,-1.1401485204696655,0.0,0.0,-0.0008789697894826531,-0.15755921602249146,0.0,0.0,0.15162930550062842,0.17801367674416652,-0.01856633462011814,0.08443768322467804,0.0,0.0,0.0,0.0
1.9852726459503174,-0.4184417724609375,-1.1401485204696655,0.0,0.0,-0.0008789697894826531,-0.15755921602249146,0.0,0.0,0.15162930550062842,0.17801367674416652,-0.01856633462011814,0.08443768322467804,0.0,0.0,0.0,0.0
1.987182855606079,-0.43100109696388245,-1.161725401878357,0.0,0.0,-0.0008945339359343052,-0.15756790339946747,0.0,0.0,0.15162930550062842,0.17801367674416652,-0.01856633462011814,0.08443768322467804,0.0,0.0,0.0,0.0
1.9889779090881348,-0.43100109696388245,-1.161725401878357,0.0,0.0,-0.0008945339359343052,-0.15756790339946747,0.0,0.0,0.15162930550062842,0.17801367674416652,-0.01856633462011814,0.08443768322467804,0.0,0.0,0.0,0.0
1.9916069507598877,-0.43100109696388245,-1.161725401878357,0.0,0.0,-0.0008945339359343052,-0.15756790339946747,0.0,0.0,0.15162930550062842,0.17801367674416652,-0.01856633462011814,0.08443768322467804,0.0,0.0,0.0,0.0
1.9934160709381104,-0.43100109696388245,-1.161725401878357,0.0,0.0,-0.0008945339359343052,-0.15756790339946747,0.0,0.0,0.15162930550062842,0.17801367674416652,-0.01856633462011814,0.08443768322467804,0.0,0.0,0.0,0.0
1.9962825775146484,-0.42456483840942383,-1.1505783796310425,0.0,0.0,-0.0008914812933653593,-0.15756618976593018,0.0,0.0,0.15162930550062842,0.17801367674416652,-0.01856633462011814,0.08443768322467804,0.0,0.0,0.0,0.0
1.9981367588043213,-0.42456483840942383,-1.1505783796310425,0.0,0.0,-0.0008914812933653593,-0.15756618976593018,0.0,0.0,0.15162930550062842,0.17801367674416652,-0.01856633462011814,0.08443768322467804,0.0,0.0,0.0,0.0
1.9997117519378662,-0.42456483840942383,-1.1505783796310425,0.0,0.0,-0.0008914812933653593,-0.15756618976593018,0.0,0.0,0.15162930550062842,0.17801367674416652,-0.01856633462011814,0.08443768322467804,0.0,0.0,0.0,0.0
2.0018692016601562,-0.42456483840942383,-1.1505783796310425,0.0,0.0,-0.0008914812933653593,-0.15756618976593018,0.0,0.0,0.15162930550062842,0.17801367674416652,-0.01856633462011814,0.08443768322467804,0.0,0.0,0.0,0.0
2.003504753112793,-0.42456483840942383,-1.1505783796310425,0.0,0.0,-0.0008914812933653593,-0.15756618976593018,0.0,0.0,0.15162930550062842,0.17801367674416652,-0.01856633462011814,0.08443768322467804,0.0,0.0,0.0,0.0
2.0054690837860107,-0.42456483840942383,-1.1505783796310425,0.0,0.0,-0.0008914812933653593,-0.15756618976593018,0.0,0.0,0.15162930550062842,0.17801367674416652,-0.01856633462011814,0.08443768322467804,0.0,0.0,0.0,0.0
2.0070178508758545,-0.42456483840942383,-1.1505783796310425,0.0,0.0,-0.0008914812933653593,-0.15756618976593018,0.0,0.0,0.15162930550062842,0.17801367674416652,-0.01856633462011814,0.08443768322467804,0.0,0.0,0.0,0.0
2.0085859298706055,-0.42456483840942383,-1.1505783796310425,0.0,0.0,-0.0008914812933653593,-0.15756618976593018,0.0,0.0,0.15162930550062842,0.17801367674416652,-0.01856633462011814,0.08443768322467804,0.0,0.0,0.0,0.0
2.0101561546325684,-0.42456483840942383,-1.1505783796310425,0.0,0.0,-0.0008914812933653593,-0.15756618976593018,0.0,0.0,0.15162930550062842,0.17801367674416652,-0.01856633462011814,0.08443768322467804,0.0,0.0,0.0,0.0
2.012056589126587,-0.42456483840942383,-1.1505783796310425,0.0,0.0,-0.0008914812933653593,-0.15756618976593018,0.0,0.0,0.15162930550062842,0.17801367674416652,-0.01856633462011814,0.08443768322467804,0.0,0.0,0.0,0.0
2.013707160949707,-0.42456483840942383,-1.1505783796310425,0.0,0.0,-0.0008914812933653593,-0.15756618976593018,0.0,0.0,0.15162930550062842,0.17801367674416652,-0.01856633462011814,0.08443768322467804,0.0,0.0,0.0,0.0
2.0161001682281494,-0.42456483840942383,-1.1505783796310425,0.0,0.0,-0.0008914812933653593,-0.15756618976593018,0.0,0.0,0.15162930550062842,0.17801367674416652,-0.01856633462011814,0.08443768322467804,0.0,0.0,0.0,0.0
2.017596483230591,-0.42456483840942383,-1.1505783796310425,0.0,0.0,-0.0008914812933653593,-0.15756618976593018,0.0,0.0,0.15162930550062842,0.17801367674416652,-0.01856633462011814,0.08443768322467804,0.0,0.0,0.0,0.0
2.0189833641052246,-0.42456483840942383,-1.1505783796310425,0.0,0.0,-0.0008914812933653593,-0.15756618976593018,0.0,0.0,0.15162930550062842,0.17801367674416652,-0.01856633462011814,0.08443768322467804,0.0,0.0,0.0,0.0
2.020301103591919,-0.42456483840942383,-1.1505783796310425,0.0,0.0,-0.0008914812933653593,-0.15756618976593018,0.0,0.0,0.15162930550062842,0.17801367674416652,-0.01856633462011814,0.08443768322467804,0.0,0.0,0.0,0.0
2.021636486053467,-0.42456483840942383,-1.1505783796310425,0.0,0.0,-0.0008914812933653593,-0.15756618976593018,0.0,0.0,0.15162930550062842,0.17801367674416652,-0.01856633462011814,0.08443768322467804,0.0,0.0,0.0,0.0
2.0229175090789795,-0.42456483840942383,-1.1505783796310425,0.0,0.0,-0.0008914812933653593,-0.15756618976593018,0.0,0.0,0.15162930550062842,0.17801367674416652,-0.01856633462011814,0.08443768322467804,0.0,0.0,0.0,0.0
2.024568796157837,-0.42456483840942383,-1.1505783796310425,0.0,0.0,-0.0008914812933653593,-0.15756618976593018,0.0,0.0,0.15162930550062842,0.17801367674416652,-0.01856633462011814,0.08443768322467804,0.0,0.0,0.0,0.0
2.025829315185547,-0.42456483840942383,-1.1505783796310425,0.0,0.0,-0.0008914812933653593,-0.15756618976593018,0.0,0.0,0.15162930550062842,0.17801367674416652,-0.01856633462011814,0.08443768322467804,0.0,0.0,0.0,0.0
2.0274713039398193,-0.42456483840942383,-1.1505783796310425,0.0,0.0,-0.0008914812933653593,-0.15756618976593018,0.0,0.0,0.15162930550062842,0.17801367674416652,-0.01856633462011814,0.08443768322467804,0.0,0.0,0.0,0.0
2.02872371673584,-0.42456483840942383,-1.1505783796310425,0.0,0.0,-0.0008914812933653593,-0.15756618976593018,0.0,0.0,0.15162930550062842,0.17801367674416652,-0.01856633462011814,0.08443768322467804,0.0,0.0,0.0,0.0
2.0299887657165527,-0.42456483840942383,-1.1505783796310425,0.0,0.0,-0.0008914812933653593,-0.15756618976593018,0.0,0.0,0.15162930550062842,0.17801367674416652,-0.01856633462011814,0.08443768322467804,0.0,0.0,0.0,0.0
2.0312857627868652,-0.42456483840942383,-1.1505783796310425,0.0,0.0,-0.0008914812933653593,-0.15756618976593018,0.0,0.0,0.15162930550062842,0.17801367674416652,-0.01856633462011814,0.08443768322467804,0.0,0.0,0.0,0.0
2.0325331687927246,-0.42456483840942383,-1.1505783796310425,0.0,0.0,-0.0008914812933653593,-0.15756618976593018,0.0,0.0,0.15162930550062842,0.17801367674416652,-0.01856633462011814,0.08443768322467804,0.0,0.0,0.0,0.0
2.0337722301483154,-0.42456483840942383,-1.1505783796310425,0.0,0.0,-0.0008914812933653593,-0.15756618976593018,0.0,0.0,0.15162930550062842,0.17801367674416652,-0.01856633462011814,0.08443768322467804,0.0,0.0,0.0,0.0
2.035032033920288,-0.42456483840942383,-1.1505783796310425,0.0,0.0,-0.0008914812933653593,-0.15756618976593018,0.0,0.0,0.15162930550062842,0.17801367674416652,-0.01856633462011814,0.08443768322467804,0.0,0.0,0.0,0.0
2.036486864089966,-0.42456483840942383,-1.1505783796310425,0.0,0.0,-0.0008914812933653593,-0.15756618976593018,0.0,0.0,0.15162930550062842,0.17801367674416652,-0.01856633462011814,0.08443768322467804,0.0,0.0,0.0,0.0
2.0377161502838135,-0.42456483840942383,-1.1505783796310425,0.0,0.0,-0.0008914812933653593,-0.15756618976593018,0.0,0.0,0.15162930550062842,0.17801367674416652,-0.01856633462011814,0.08443768322467804,0.0,0.0,0.0,0.0
2.038975954055786,-0.42456483840942383,-1.1505783796310425,0.0,0.0,-0.0008914812933653593,-0.15756618976593018,0.0,0.0,0.15162930550062842,0.17801367674416652,-0.01856633462011814,0.08443768322467804,0.0,0.0,0.0,0.0
2.040217161178589,-0.42456483840942383,-1.1505783796310425,0.0,0.0,-0.0008914812933653593,-0.15756618976593018,0.0,0.0,0.15162930550062842,0.17801367674416652,-0.01856633462011814,0.08443768322467804,0.0,0.0,0.0,0.0
2.0416932106018066,-0.42456483840942383,-1.1505783796310425,0.0,0.0,-0.0008914812933653593,-0.15756618976593018,0.0,0.0,0.15162930550062842,0.17801367674416652,-0.01856633462011814,0.08443768322467804,0.0,0.0,0.0,0.0
2.0429439544677734,-0.42456483840942383,-1.1505783796310425,0.0,0.0,-0.0008914812933653593,-0.15756618976593018,0.0,0.0,0.15162930550062842,0.17801367674416652,-0.01856633462011814,0.08443768322467804,0.0,0.0,0.0,0.0
2.0443737506866455,-0.42456483840942383,-1.1505783796310425,0.0,0.0,-0.0008914812933653593,-0.15756618976593018,0.0,0.0,0.15162930550062842,0.17801367674416652,-0.01856633462011814,0.08443768322467804,0.0,0.0,0.0,0.0
2.045602798461914,-0.42456483840942383,-1.1505783796310425,0.0,0.0,-0.0008914812933653593,-0.15756618976593018,0.0,0.0,0.15162930550062842,0.17801367674416652,-0.01856633462011814,0.08443768322467804,0.0,0.0,0.0,0.0
2.0468578338623047,-0.42456483840942383,-1.1505783796310425,0.0,0.0,-0.0008914812933653593,-0.15756618976593018,0.0,0.0,0.15162930550062842,0.17801367674416652,-0.01856633462011814,0.08443768322467804,0.0,0.0,0.0,0.0
2.0481042861938477,-0.42456483840942383,-1.1505783796310425,0.0,0.0,-0.0008914812933653593,-0.15756618976593018,0.0,0.0,0.15162930550062842,0.17801367674416652,-0.01856633462011814,0.08443768322467804,0.0,0.0,0.0,0.0
2.049330711364746,-0.42456483840942383,-1.1505783796310425,0.0,0.0,-0.0008914812933653593,-0.15756618976593018,0.0,0.0,0.15162930550062842,0.17801367674416652,-0.01856633462011814,0.08443768322467804,0.0,0.0,0.0,0.0
2.0505483150482178,-0.42456483840942383,-1.1505783796310425,0.0,0.0,-0.0008914812933653593,-0.15756618976593018,0.0,0.0,0.15162930550062842,0.17801367674416652,-0.01856633462011814,0.08443768322467804,0.0,0.0,0.0,0.0
2.0522544384002686,-0.42456483840942383,-1.1505783796310425,0.0,0.0,-0.0008914812933653593,-0.15756618976593018,0.0,0.0,0.15162930550062842,0.17801367674416652,-0.01856633462011814,0.08443768322467804,0.0,0.0,0.0,0.0
2.053523302078247,-0.42456483840942383,-1.1505783796310425,0.0,0.0,-0.0008914812933653593,-0.15756618976593018,0.0,0.0,0.15162930550062842,0.17801367674416652,-0.01856633462011814,0.08443768322467804,0.0,0.0,0.0,0.0
2.0549509525299072,-0.42456483840942383,-1.1505783796310425,0.0,0.0,-0.0008914812933653593,-0.15756618976593018,0.0,0.0,0.15162930550062842,0.17801367674416652,-0.01856633462011814,0.08443768322467804,0.0,0.0,0.0,0.0
2.0567500591278076,-0.42456483840942383,-1.1505783796310425,0.0,0.0,-0.0008914812933653593,-0.15756618976593018,0.0,0.0,0.15162930550062842,0.17801367674416652,-0.01856633462011814,0.08443768322467804,0.0,0.0,0.0,0.0
2.058178424835205,-0.42456483840942383,-1.1505783796310425,0.0,0.0,-0.0008914812933653593,-0.15756618976593018,0.0,0.0,0.15162930550062842,0.17801367674416652,-0.01856633462011814,0.08443768322467804,0.0,0.0,0.0,0.0
2.0595502853393555,-0.42456483840942383,-1.1505783796310425,0.0,0.0,-0.0008914812933653593,-0.15756618976593018,0.0,0.0,0.15162930550062842,0.17801367674416652,-0.01856633462011814,0.08443768322467804,0.0,0.0,0.0,0.0
2.0609657764434814,-0.42456483840942383,-1.1505783796310425,0.0,0.0,-0.0008914812933653593,-0.15756618976593018,0.0,0.0,0.15162930550062842,0.17801367674416652,-0.01856633462011814,0.08443768322467804,0.0,0.0,0.0,0.0
2.0623116493225098,-0.42456483840942383,-1.1505783796310425,0.0,0.0,-0.0008914812933653593,-0.15756618976593018,0.0,0.0,0.15162930550062842,0.17801367674416652,-0.01856633462011814,0.08443768322467804,0.0,0.0,0.0,0.0
2.063627004623413,-0.42456483840942383,-1.1505783796310425,0.0,0.0,-0.0008914812933653593,-0.15756618976593018,0.0,0.0,0.15162930550062842,0.17801367674416652,-0.01856633462011814,0.08443768322467804,0.0,0.0,0.0,0.0
2.0650455951690674,-0.42456483840942383,-1.1505783796310425,0.0,0.0,-0.0008914812933653593,-0.15756618976593018,0.0,0.0,0.15162930550062842,0.17801367674416652,-0.01856633462011814,0.08443768322467804,0.0,0.0,0.0,0.0
2.066535711288452,-0.42456483840942383,-1.1505783796310425,0.0,0.0,-0.0008914812933653593,-0.15756618976593018,0.0,0.0,0.15162930550062842,0.17801367674416652,-0.01856633462011814,0.08443768322467804,0.0,0.0,0.0,0.0
2.0679798126220703,-0.42456483840942383,-1.1505783796310425,0.0,0.0,-0.0008914812933653593,-0.15756618976593018,0.0,0.0,0.15162930550062842,0.17801367674416652,-0.01856633462011814,0.08443768322467804,0.0,0.0,0.0,0.0
2.069196939468384,-0.42456483840942383,-1.1505783796310425,0.0,0.0,-0.0008914812933653593,-0.15756618976593018,0.0,0.0,0.15162930550062842,0.17801367674416652,-0.01856633462011814,0.08443768322467804,0.0,0.0,0.0,0.0
2.0707035064697266,-0.42456483840942383,-1.1505783796310425,0.0,0.0,-0.0008914812933653593,-0.15756618976593018,0.0,0.0,0.15162930550062842,0.17801367674416652,-0.01856633462011814,0.08443768322467804,0.0,0.0,0.0,0.0
2.0719869136810303,-0.42456483840942383,-1.1505783796310425,0.0,0.0,-0.0008914812933653593,-0.15756618976593018,0.0,0.0,0.15162930550062842,0.17801367674416652,-0.01856633462011814,0.08443768322467804,0.0,0.0,0.0,0.0
2.073221206665039,-0.42456483840942383,-1.1505783796310425,0.0,0.0,-0.0008914812933653593,-0.15756618976593018,0.0,0.0,0.15162930550062842,0.17801367674416652,-0.01856633462011814,0.08443768322467804,0.0,0.0,0.0,0.0
2.0744426250457764,-0.42456483840942383,-1.1505783796310425,0.0,0.0,-0.0008914812933653593,-0.15756618976593018,0.0,0.0,0.15162930550062842,0.17801367674416652,-0.01856633462011814,0.08443768322467804,0.0,0.0,0.0,0.0
2.0756728649139404,-0.42456483840942383,-1.1505783796310425,0.0,0.0,-0.0008914812933653593,-0.15756618976593018,0.0,0.0,0.15162930550062842,0.17801367674416652,-0.01856633462011814,0.08443768322467804,0.0,0.0,0.0,0.0
2.077009677886963,-0.42456483840942383,-1.1505783796310425,0.0,0.0,-0.0008914812933653593,-0.15756618976593018,0.0,0.0,0.15162930550062842,0.17801367674416652,-0.01856633462011814,0.08443768322467804,0.0,0.0,0.0,0.0
2.078244209289551,-0.42456483840942383,-1.1505783796310425,0.0,0.0,-0.0008914812933653593,-0.15756618976593018,0.0,0.0,0.15162930550062842,0.17801367674416652,-0.01856633462011814,0.08443768322467804,0.0,0.0,0.0,0.0
2.0794639587402344,-0.42456483840942383,-1.1505783796310425,0.0,0.0,-0.0008914812933653593,-0.15756618976593018,0.0,0.0,0.15162930550062842,0.17801367674416652,-0.01856633462011814,0.08443768322467804,0.0,0.0,0.0,0.0
2.08076810836792,-0.42456483840942383,-1.1505783796310425,0.0,0.0,-0.0008914812933653593,-0.15756618976593018,0.0,0.0,0.15162930550062842,0.17801367674416652,-0.01856633462011814,0.08443768322467804,0.0,0.0,0.0,0.0
2.082035779953003,-0.42456483840942383,-1.1505783796310425,0.0,0.0,-0.0008914812933653593,-0.15756618976593018,0.0,0.0,0.15162930550062842,0.17801367674416652,-0.01856633462011814,0.08443768322467804,0.0,0.0,0.0,0.0
2.0832748413085938,-0.42456483840942383,-1.1505783796310425,0.0,0.0,-0.0008914812933653593,-0.15756618976593018,0.0,0.0,0.15162930550062842,0.17801367674416652,-0.01856633462011814,0.08443768322467804,0.0,0.0,0.0,0.0
2.084500551223755,-0.42456483840942383,-1.1505783796310425,0.0,0.0,-0.0008914812933653593,-0.15756618976593018,0.0,0.0,0.15162930550062842,0.17801367674416652,-0.01856633462011814,0.08443768322467804,0.0,0.0,0.0,0.0
2.0857458114624023,-0.42456483840942383,-1.1505783796310425,0.0,0.0,-0.0008914812933653593,-0.15756618976593018,0.0,0.0,0.15162930550062842,0.17801367674416652,-0.01856633462011814,0.08443768322467804,0.0,0.0,0.0,0.0
2.0870301723480225,-0.42456483840942383,-1.1505783796310425,0.0,0.0,-0.0008914812933653593,-0.15756618976593018,0.0,0.0,0.15162930550062842,0.17801367674416652,-0.01856633462011814,0.08443768322467804,0.0,0.0,0.0,0.0
2.088275909423828,-0.42456483840942383,-1.1505783796310425,0.0,0.0,-0.0008914812933653593,-0.15756618976593018,0.0,0.0,0.15162930550062842,0.17801367674416652,-0.01856633462011814,0.08443768322467804,0.0,0.0,0.0,0.0
2.0895330905914307,-0.42456483840942383,-1.1505783796310425,0.0,0.0,-0.0008914812933653593,-0.15756618976593018,0.0,0.0,0.15162930550062842,0.17801367674416652,-0.01856633462011814,0.08443768322467804,0.0,0.0,0.0,0.0
2.0908756256103516,-0.42456483840942383,-1.1505783796310425,0.0,0.0,-0.0008914812933653593,-0.15756618976593018,0.0,0.0,0.15162930550062842,0.17801367674416652,-0.01856633462011814,0.08443768322467804,0.0,0.0,0.0,0.0
2.0922048091888428,-0.42456483840942383,-1.1505783796310425,0.0,0.0,-0.0008914812933653593,-0.15756618976593018,0.0,0.0,0.15162930550062842,0.17801367674416652,-0.01856633462011814,0.08443768322467804,0.0,0.0,0.0,0.0
2.093435764312744,-0.42456483840942383,-1.1505783796310425,0.0,0.0,-0.0008914812933653593,-0.15756618976593018,0.0,0.0,0.15162930550062842,0.17801367674416652,-0.01856633462011814,0.08443768322467804,0.0,0.0,0.0,0.0
2.094658136367798,-0.42456483840942383,-1.1505783796310425,0.0,0.0,-0.0008914812933653593,-0.15756618976593018,0.0,0.0,0.15162930550062842,0.17801367674416652,-0.01856633462011814,0.08443768322467804,0.0,0.0,0.0,0.0
2.0959880352020264,-0.42456483840942383,-1.1505783796310425,0.0,0.0,-0.0008914812933653593,-0.15756618976593018,0.0,0.0,0.15162930550062842,0.17801367674416652,-0.01856633462011814,0.08443768322467804,0.0,0.0,0.0,0.0
2.097245693206787,-0.42456483840942383,-1.1505783796310425,0.0,0.0,-0.0008914812933653593,-0.15756618976593018,0.0,0.0,0.15162930550062842,0.17801367674416652,-0.01856633462011814,0.08443768322467804,0.0,0.0,0.0,0.0
2.0984718799591064,-0.42456483840942383,-1.1505783796310425,0.0,0.0,-0.0008914812933653593,-0.15756618976593018,0.0,0.0,0.15162930550062842,0.17801367674416652,-0.01856633462011814,0.08443768322467804,0.0,0.0,0.0,0.0
2.0997557640075684,-0.42456483840942383,-1.1505783796310425,0.0,0.0,-0.0008914812933653593,-0.15756618976593018,0.0,0.0,0.15162930550062842,0.17801367674416652,-0.01856633462011814,0.08443768322467804,0.0,0.0,0.0,0.0
2.1009950637817383,-0.42456483840942383,-1.1505783796310425,0.0,0.0,-0.0008914812933653593,-0.15756618976593018,0.0,0.0,0.15162930550062842,0.17801367674416652,-0.01856633462011814,0.08443768322467804,0.0,0.0,0.0,0.0
2.1022963523864746,-0.42456483840942383,-1.1505783796310425,0.0,0.0,-0.0008914812933653593,-0.15756618976593018,0.0,0.0,0.15162930550062842,0.17801367674416652,-0.01856633462011814,0.08443768322467804,0.0,0.0,0.0,0.0
2.103555202484131,-0.42456483840942383,-1.1505783796310425,0.0,0.0,-0.0008914812933653593,-0.15756618976593018,0.0,0.0,0.15162930550062842,0.17801367674416652,-0.01856633462011814,0.08443768322467804,0.0,0.0,0.0,0.0
2.104825258255005,-0.42456483840942383,-1.1505783796310425,0.0,0.0,-0.0008914812933653593,-0.15756618976593018,0.0,0.0,0.15162930550062842,0.17801367674416652,-0.01856633462011814,0.08443768322467804,0.0,0.0,0.0,0.0
2.1060683727264404,-0.42456483840942383,-1.1505783796310425,0.0,0.0,-0.0008914812933653593,-0.15756618976593018,0.0,0.0,0.15162930550062842,0.17801367674416652,-0.01856633462011814,0.08443768322467804,0.0,0.0,0.0,0.0
2.107395887374878,-0.42456483840942383,-1.1505783796310425,0.0,0.0,-0.0008914812933653593,-0.15756618976593018,0.0,0.0,0.15162930550062842,0.17801367674416652,-0.01856633462011814,0.08443768322467804,0.0,0.0,0.0,0.0
2.108671188354492,-0.42456483840942383,-1.1505783796310425,0.0,0.0,-0.0008914812933653593,-0.15756618976593018,0.0,0.0,0.15162930550062842,0.17801367674416652,-0.01856633462011814,0.08443768322467804,0.0,0.0,0.0,0.0
2.10996150970459,-0.42456483840942383,-1.1505783796310425,0.0,0.0,-0.0008914812933653593,-0.15756618976593018,0.0,0.0,0.15162930550062842,0.17801367674416652,-0.01856633462011814,0.08443768322467804,0.0,0.0,0.0,0.0
2.1112611293792725,-0.42456483840942383,-1.1505783796310425,0.0,0.0,-0.0008914812933653593,-0.15756618976593018,0.0,0.0,0.15162930550062842,0.17800887837286652,-0.01856633462011814,0.08446632325649261,0.0,0.0,0.0,0.0
2.1125504970550537,-0.42456483840942383,-1.1505783796310425,0.0,0.0,-0.0008914812933653593,-0.15756618976593018,0.0,0.0,0.15162930550062842,0.17800887837286652,-0.01856633462011814,0.08446632325649261,0.0,0.0,0.0,0.0
2.113859176635742,-0.42456483840942383,-1.1505783796310425,0.0,0.0,-0.0008914812933653593,-0.15756618976593018,0.0,0.0,0.15162930550062842,0.17800887837286652,-0.01856633462011814,0.08446632325649261,0.0,0.0,0.0,0.0
2.115605592727661,-0.42456483840942383,-1.1505783796310425,0.0,0.0,-0.0008914812933653593,-0.15756618976593018,0.0,0.0,0.15162930550062842,0.17800887837286652,-0.01856633462011814,0.08446632325649261,0.0,0.0,0.0,0.0
2.1170966625213623,-0.42456483840942383,-1.1505783796310425,0.0,0.0,-0.0008914812933653593,-0.15756618976593018,0.0,0.0,0.15162930550062842,0.17800887837286652,-0.01856633462011814,0.08446632325649261,0.0,0.0,0.0,0.0
2.1185717582702637,-0.42456483840942383,-1.1505783796310425,0.0,0.0,-0.0008914812933653593,-0.15756618976593018,0.0,0.0,0.15162930550062842,0.17800887837286652,-0.01856633462011814,0.08446632325649261,0.0,0.0,0.0,0.0
2.120081901550293,-0.42456483840942383,-1.1505783796310425,0.0,0.0,-0.0008914812933653593,-0.15756618976593018,0.0,0.0,0.15162930550062842,0.17800887837286652,-0.01856633462011814,0.08446632325649261,0.0,0.0,0.0,0.0
2.1215639114379883,-0.42456483840942383,-1.1505783796310425,0.0,0.0,-0.0008914812933653593,-0.15756618976593018,0.0,0.0,0.15162930550062842,0.17800887837286652,-0.01856633462011814,0.08446632325649261,0.0,0.0,0.0,0.0
2.123030424118042,-0.42456483840942383,-1.1505783796310425,0.0,0.0,-0.0008914812933653593,-0.15756618976593018,0.0,0.0,0.15162930550062842,0.17800887837286652,-0.01856633462011814,0.08446632325649261,0.0,0.0,0.0,0.0
2.1245083808898926,-0.42456483840942383,-1.1505783796310425,0.0,0.0,-0.0008914812933653593,-0.15756618976593018,0.0,0.0,0.15162930550062842,0.17800887837286652,-0.01856633462011814,0.08446632325649261,0.0,0.0,0.0,0.0
2.1264591217041016,-0.42456483840942383,-1.1505783796310425,0.0,0.0,-0.0008914812933653593,-0.15756618976593018,0.0,0.0,0.15162930550062842,0.17800887837286652,-0.01856633462011814,0.08446632325649261,0.0,0.0,0.0,0.0
2.127870559692383,-0.42456483840942383,-1.1505783796310425,0.0,0.0,-0.0008914812933653593,-0.15756618976593018,0.0,0.0,0.15162930550062842,0.17800887837286652,-0.01856633462011814,0.08446632325649261,0.0,0.0,0.0,0.0
2.1292710304260254,-0.42456483840942383,-1.1505783796310425,0.0,0.0,-0.0008914812933653593,-0.15756618976593018,0.0,0.0,0.15162930550062842,0.17800887837286652,-0.01856633462011814,0.08446632325649261,0.0,0.0,0.0,0.0
2.130659341812134,-0.42456483840942383,-1.1505783796310425,0.0,0.0,-0.0008914812933653593,-0.15756618976593018,0.0,0.0,0.15162930550062842,0.17800887837286652,-0.01856633462011814,0.08446632325649261,0.0,0.0,0.0,0.0
2.132154703140259,-0.42456483840942383,-1.1505783796310425,0.0,0.0,-0.0008914812933653593,-0.15756618976593018,0.0,0.0,0.15162930550062842,0.17800887837286652,-0.01856633462011814,0.08446632325649261,0.0,0.0,0.0,0.0
2.133775472640991,-0.42456483840942383,-1.1505783796310425,0.0,0.0,-0.0008914812933653593,-0.15756618976593018,0.0,0.0,0.15162930550062842,0.1779034195343683,-0.01856633462011814,0.08592541515827179,0.0,0.0,0.0,0.0
2.1352434158325195,-0.42475053668022156,-1.1508947610855103,0.0,0.0,-0.0008918582461774349,-0.15756641328334808,0.0,0.0,0.15162930550062842,0.17781234410642546,-0.01856633462011814,0.08646898716688156,0.0,0.0,0.0,0.0
2.1367273330688477,-0.42475053668022156,-1.1508947610855103,0.0,0.0,-0.0008918582461774349,-0.15756641328334808,0.0,0.0,0.15162930550062842,0.17781234410642546,-0.01856633462011814,0.08646898716688156,0.0,0.0,0.0,0.0
2.138136386871338,-0.42475053668022156,-1.1508947610855103,0.0,0.0,-0.0008918582461774349,-0.15756641328334808,0.0,0.0,0.15162930550062842,0.17770688526792724,-0.01856633462011814,0.08709846436977386,0.0,0.0,0.0,0.0
2.1395928859710693,-0.42475053668022156,-1.1508947610855103,0.0,0.0,-0.0008918582461774349,-0.15756641328334808,0.0,0.0,0.15162930550062842,0.17770688526792724,-0.01856633462011814,0.08709846436977386,0.0,0.0,0.0,0.0
2.141477108001709,-0.42475053668022156,-1.1508947610855103,0.0,0.0,-0.0008918582461774349,-0.15756641328334808,0.0,0.0,0.15162930550062842,0.17772605534643796,-0.01856633462011814,0.08615429699420929,0.0,0.0,0.0,0.0
2.142925262451172,-0.42475053668022156,-1.1508947610855103,0.0,0.0,-0.0008918582461774349,-0.15756641328334808,0.0,0.0,0.15162930550062842,0.17772605534643796,-0.01856633462011814,0.08615429699420929,0.0,0.0,0.0,0.0
2.1445999145507812,-0.42475053668022156,-1.1508947610855103,0.0,0.0,-0.0008918582461774349,-0.15756641328334808,0.0,0.0,0.15162930550062842,0.17772605534643796,-0.01856633462011814,0.08615429699420929,0.0,0.0,0.0,0.0
2.1460537910461426,-0.42475053668022156,-1.1508947610855103,0.0,0.0,-0.0008918582461774349,-0.15756641328334808,0.0,0.0,0.15162930550062842,0.17772605534643796,-0.01856633462011814,0.08615429699420929,0.0,0.0,0.0,0.0
2.147498846054077,-0.42475053668022156,-1.1508947610855103,0.0,0.0,-0.0008918582461774349,-0.15756641328334808,0.0,0.0,0.15162930550062842,0.17802806015472186,-0.01856633462011814,0.08186279237270355,0.0,0.0,0.0,0.0
2.14892840385437,-0.42475053668022156,-1.1508947610855103,0.0,0.0,-0.0008918582461774349,-0.15756641328334808,0.0,0.0,0.15162930550062842,0.17802806015472186,-0.01856633462011814,0.08186279237270355,0.0,0.0,0.0,0.0
2.150385856628418,-0.42475053668022156,-1.1508947610855103,0.0,0.0,-0.0008918582461774349,-0.15756641328334808,0.0,0.0,0.15162930550062842,0.17822939279246294,-0.01856633462011814,0.08154807239770889,0.0,0.0,0.0,0.0
2.1520745754241943,-0.42475053668022156,-1.1508947610855103,0.0,0.0,-0.0008918582461774349,-0.15756641328334808,0.0,0.0,0.15162930550062842,0.17817187085358616,-0.01856633462011814,0.08217749744653702,0.0,0.0,0.0,0.0
2.1535372734069824,-0.42475053668022156,-1.1508947610855103,0.0,0.0,-0.0008918582461774349,-0.15756641328334808,0.0,0.0,0.15162930550062842,0.17817187085358616,-0.01856633462011814,0.08217749744653702,0.0,0.0,0.0,0.0
2.154881238937378,-0.42475053668022156,-1.1508947610855103,0.0,0.0,-0.0008918582461774349,-0.15756641328334808,0.0,0.0,0.15162930550062842,0.17817187085358616,-0.01856633462011814,0.08349353820085526,0.0,0.0,0.0,0.0
2.1563217639923096,-0.4341513216495514,-1.1671029329299927,0.0,0.0,-0.0009001874132081866,-0.15757107734680176,0.0,0.0,0.15162930550062842,0.17817187085358616,-0.01856633462011814,0.08349353820085526,0.0,0.0,0.0,0.0
2.157759189605713,-0.4341513216495514,-1.1671029329299927,0.0,0.0,-0.0009001874132081866,-0.15757107734680176,0.0,0.0,0.15162930550062842,0.1777691938747594,-0.01856633462011814,0.08830004185438156,0.0,0.0,0.0,0.0
2.159214973449707,-0.4341513216495514,-1.1671029329299927,0.0,0.0,-0.0009001874132081866,-0.15757107734680176,0.0,0.0,0.15162930550062842,0.1777691938747594,-0.01856633462011814,0.08830004185438156,0.0,0.0,0.0,0.0
2.160672426223755,-0.4341513216495514,-1.1671029329299927,0.0,0.0,-0.0009001874132081866,-0.15757107734680176,0.0,0.0,0.15162930550062842,0.17768291681811652,-0.01856633462011814,0.0872415155172348,0.0,0.0,0.0,0.0
2.1622586250305176,-0.4341513216495514,-1.1671029329299927,0.0,0.0,-0.0009001874132081866,-0.15757107734680176,0.0,0.0,0.15162930550062842,0.17770688526792724,-0.01856633462011814,0.08626871556043625,0.0,0.0,0.0,0.0
2.163649559020996,-0.4341513216495514,-1.1671029329299927,0.0,0.0,-0.0009001874132081866,-0.15757107734680176,0.0,0.0,0.15162930550062842,0.17770688526792724,-0.01856633462011814,0.08626871556043625,0.0,0.0,0.0,0.0
2.1655044555664062,-0.4357002377510071,-1.1695363521575928,0.0,0.0,-0.0009142085327766836,-0.15757891535758972,0.0,0.0,0.15162930550062842,0.17770688526792724,-0.01856633462011814,0.08626871556043625,0.0,0.0,0.0,0.0
2.166904926300049,-0.4357002377510071,-1.1695363521575928,0.0,0.0,-0.0009142085327766836,-0.15757891535758972,0.0,0.0,0.15162930550062842,0.17770688526792724,-0.01856633462011814,0.08626871556043625,0.0,0.0,0.0,0.0
2.1685194969177246,-0.4357002377510071,-1.1695363521575928,0.0,0.0,-0.0009142085327766836,-0.15757891535758972,0.0,0.0,0.15162930550062842,0.17770688526792724,-0.01856633462011814,0.08626871556043625,0.0,0.0,0.0,0.0
2.169793128967285,-0.4357002377510071,-1.1695363521575928,0.0,0.0,-0.0009142085327766836,-0.15757891535758972,0.0,0.0,0.15162930550062842,0.17770688526792724,-0.01856633462011814,0.08626871556043625,0.0,0.0,0.0,0.0
2.1714491844177246,-0.4357002377510071,-1.1695363521575928,0.0,0.0,-0.0009142085327766836,-0.15757891535758972,0.0,0.0,0.15162930550062842,0.17810955054340938,-0.01856633462011814,0.08137636631727219,0.0,0.0,0.0,0.0
2.1729214191436768,-0.4357002377510071,-1.1695363521575928,0.0,0.0,-0.0009142085327766836,-0.15757891535758972,0.0,0.0,0.15162930550062842,0.1781814558928415,-0.01856633462011814,0.08129053562879562,0.0,0.0,0.0,0.0
2.174376964569092,-0.4357002377510071,-1.1695363521575928,0.0,0.0,-0.0009142085327766836,-0.15757891535758972,0.0,0.0,0.15162930550062842,0.1781814558928415,-0.01856633462011814,0.08129053562879562,0.0,0.0,0.0,0.0
2.176119565963745,-0.41000720858573914,-1.1254634857177734,0.0,0.0,-0.0008789697894826531,-0.15755921602249146,0.0,0.0,0.15162930550062842,0.17802806015472186,-0.01856633462011814,0.0852101594209671,0.0,0.0,0.0,0.0
2.1775569915771484,-0.41000720858573914,-1.1254634857177734,0.0,0.0,-0.0008789697894826531,-0.15755921602249146,0.0,0.0,0.15162930550062842,0.17801367674416652,-0.01856633462011814,0.08575373142957687,0.0,0.0,0.0,0.0
2.178981065750122,-0.41000720858573914,-1.1254634857177734,0.0,0.0,-0.0008789697894826531,-0.15755921602249146,0.0,0.0,0.15162930550062842,0.17801367674416652,-0.01856633462011814,0.08575373142957687,0.0,0.0,0.0,0.0
2.18042254447937,-0.41000720858573914,-1.1254634857177734,0.0,0.0,-0.0008789697894826531,-0.15755921602249146,0.0,0.0,0.15162930550062842,0.17786028100604687,-0.01856633462011814,0.08615431934595108,0.0,0.0,0.0,0.0
2.1821846961975098,-0.41000720858573914,-1.1254634857177734,0.0,0.0,-0.0008789697894826531,-0.15755921602249146,0.0,0.0,0.15162930550062842,0.1777691938747594,-0.01856633462011814,0.08672652393579483,0.0,0.0,0.0,0.0
2.1835882663726807,-0.41000720858573914,-1.1254634857177734,0.0,0.0,-0.0008789697894826531,-0.15755921602249146,0.0,0.0,0.15162930550062842,0.1777691938747594,-0.01856633462011814,0.08672652393579483,0.0,0.0,0.0,0.0
2.1850171089172363,-0.41000720858573914,-1.1254634857177734,0.0,0.0,-0.0008789697894826531,-0.15755921602249146,0.0,0.0,0.15162930550062842,0.17767332007551653,-0.01856633462011814,0.087270088493824,0.0,0.0,0.0,0.0
2.1866579055786133,-0.43644243478775024,-1.1707996129989624,0.0,0.0,-0.0009157164604403079,-0.15757979452610016,0.0,0.0,0.15162930550062842,0.17770688526792724,-0.01856633462011814,0.08626871556043625,0.0,0.0,0.0,0.0
2.1880176067352295,-0.43644243478775024,-1.1707996129989624,0.0,0.0,-0.0009157164604403079,-0.15757979452610016,0.0,0.0,0.15162930550062842,0.17770688526792724,-0.01856633462011814,0.08626871556043625,0.0,0.0,0.0,0.0
2.1894619464874268,-0.43644243478775024,-1.1707996129989624,0.0,0.0,-0.0009157164604403079,-0.15757979452610016,0.0,0.0,0.15162930550062842,0.17770688526792724,-0.01856633462011814,0.08626871556043625,0.0,0.0,0.0,0.0
2.190873861312866,-0.43644243478775024,-1.1707996129989624,0.0,0.0,-0.0009157164604403079,-0.15757979452610016,0.0,0.0,0.15162930550062842,0.17770688526792724,-0.01856633462011814,0.08626871556043625,0.0,0.0,0.0,0.0
2.1923041343688965,-0.43644243478775024,-1.1707996129989624,0.0,0.0,-0.0009157164604403079,-0.15757979452610016,0.0,0.0,0.15162930550062842,0.17770688526792724,-0.01856633462011814,0.08626871556043625,0.0,0.0,0.0,0.0
2.1936609745025635,-0.43644243478775024,-1.1707996129989624,0.0,0.0,-0.0009157164604403079,-0.15757979452610016,0.0,0.0,0.15162930550062842,0.17795135643398974,-0.01856633462011814,0.08489546924829483,0.0,0.0,0.0,0.0
2.19510817527771,-0.43644243478775024,-1.1707996129989624,0.0,0.0,-0.0009157164604403079,-0.15757979452610016,0.0,0.0,0.15162930550062842,0.17795135643398974,-0.01856633462011814,0.08489546924829483,0.0,0.0,0.0,0.0
2.196852445602417,-0.40431836247444153,-1.115572452545166,0.0,0.0,-0.0008782161748968065,-0.15755879878997803,0.0,0.0,0.15162930550062842,0.17819583930339686,-0.01856633462011814,0.08086143434047699,0.0,0.0,0.0,0.0
2.19828462600708,-0.40431836247444153,-1.115572452545166,0.0,0.0,-0.0008782161748968065,-0.15755879878997803,0.0,0.0,0.15162930550062842,0.17819583930339686,-0.01856633462011814,0.08086143434047699,0.0,0.0,0.0,0.0
2.1999356746673584,-0.40431836247444153,-1.115572452545166,0.0,0.0,-0.0008782161748968065,-0.15755879878997803,0.0,0.0,0.15162930550062842,0.17822939279246294,-0.01856633462011814,0.08234911412000656,0.0,0.0,0.0,0.0
2.201381206512451,-0.40431836247444153,-1.115572452545166,0.0,0.0,-0.0008782161748968065,-0.15755879878997803,0.0,0.0,0.15162930550062842,0.17817187085358616,-0.01856633462011814,0.08349353820085526,0.0,0.0,0.0,0.0
2.2028162479400635,-0.40431836247444153,-1.115572452545166,0.0,0.0,-0.0008782161748968065,-0.15755879878997803,0.0,0.0,0.15162930550062842,0.17817187085358616,-0.01856633462011814,0.08349353820085526,0.0,0.0,0.0,0.0
2.2042646408081055,-0.40431836247444153,-1.115572452545166,0.0,0.0,-0.0008782161748968065,-0.15755879878997803,0.0,0.0,0.15162930550062842,0.17817187085358616,-0.01856633462011814,0.08349353820085526,0.0,0.0,0.0,0.0
2.2057459354400635,-0.4393486976623535,-1.1759487390518188,0.0,0.0,-0.0009108162485063076,-0.1575770378112793,0.0,0.0,0.15162930550062842,0.17817187085358616,-0.01856633462011814,0.08349353820085526,0.0,0.0,0.0,0.0
2.207418441772461,-0.4393486976623535,-1.1759487390518188,0.0,0.0,-0.0009108162485063076,-0.1575770378112793,0.0,0.0,0.15162930550062842,0.17800409170491116,-0.01856633462011814,0.08486685901880264,0.0,0.0,0.0,0.0
2.2089006900787354,-0.4393486976623535,-1.1759487390518188,0.0,0.0,-0.0009108162485063076,-0.1575770378112793,0.0,0.0,0.15162930550062842,0.17768770348607188,-0.01856633462011814,0.08895809203386307,0.0,0.0,0.0,0.0
2.2103664875030518,-0.4393486976623535,-1.1759487390518188,0.0,0.0,-0.0009108162485063076,-0.1575770378112793,0.0,0.0,0.15162930550062842,0.17768770348607188,-0.01856633462011814,0.08895809203386307,0.0,0.0,0.0,0.0
2.212003469467163,-0.4393486976623535,-1.1759487390518188,0.0,0.0,-0.0009108162485063076,-0.1575770378112793,0.0,0.0,0.15162930550062842,0.1776589483683058,-0.01856633462011814,0.08738456666469574,0.0,0.0,0.0,0.0
2.2134833335876465,-0.4393486976623535,-1.1759487390518188,0.0,0.0,-0.0009108162485063076,-0.1575770378112793,0.0,0.0,0.15162930550062842,0.17770688526792724,-0.01856633462011814,0.08626871556043625,0.0,0.0,0.0,0.0
2.214921474456787,-0.4393486976623535,-1.1759487390518188,0.0,0.0,-0.0009108162485063076,-0.1575770378112793,0.0,0.0,0.15162930550062842,0.17770688526792724,-0.01856633462011814,0.08626871556043625,0.0,0.0,0.0,0.0
2.216512441635132,-0.43644243478775024,-1.1707996129989624,0.0,0.0,-0.0009157164604403079,-0.15757979452610016,0.0,0.0,0.15162930550062842,0.17795135643398974,-0.01856633462011814,0.08626871556043625,0.0,0.0,0.0,0.0
2.2179462909698486,-0.43644243478775024,-1.1707996129989624,0.0,0.0,-0.0009157164604403079,-0.15757979452610016,0.0,0.0,0.15162930550062842,0.17795135643398974,-0.01856633462011814,0.08626871556043625,0.0,0.0,0.0,0.0
2.2197446823120117,-0.43644243478775024,-1.1707996129989624,0.0,0.0,-0.0009157164604403079,-0.15757979452610016,0.0,0.0,0.15162930550062842,0.1782389778317183,-0.01856633462011814,0.08060390502214432,0.0,0.0,0.0,0.0
2.2211711406707764,-0.43644243478775024,-1.1707996129989624,0.0,0.0,-0.0009157164604403079,-0.15757979452610016,0.0,0.0,0.15162930550062842,0.17821500938190757,-0.01856633462011814,0.08240638673305511,0.0,0.0,0.0,0.0
2.222587823867798,-0.43644243478775024,-1.1707996129989624,0.0,0.0,-0.0009157164604403079,-0.15757979452610016,0.0,0.0,0.15162930550062842,0.17821500938190757,-0.01856633462011814,0.08240638673305511,0.0,0.0,0.0,0.0
2.223940134048462,-0.43644243478775024,-1.1707996129989624,0.0,0.0,-0.0009157164604403079,-0.15757979452610016,0.0,0.0,0.15162930550062842,0.17817187085358616,-0.01856633462011814,0.08349353820085526,0.0,0.0,0.0,0.0
2.225337028503418,-0.4184417724609375,-1.1401485204696655,0.0,0.0,-0.0008789697894826531,-0.15755921602249146,0.0,0.0,0.15162930550062842,0.17817187085358616,-0.01856633462011814,0.08349353820085526,0.0,0.0,0.0,0.0
2.2266759872436523,-0.4184417724609375,-1.1401485204696655,0.0,0.0,-0.0008789697894826531,-0.15755921602249146,0.0,0.0,0.15162930550062842,0.17817187085358616,-0.01856633462011814,0.08349353820085526,0.0,0.0,0.0,0.0
2.2279210090637207,-0.4184417724609375,-1.1401485204696655,0.0,0.0,-0.0008789697894826531,-0.15755921602249146,0.0,0.0,0.15162930550062842,0.17817187085358616,-0.01856633462011814,0.08349353820085526,0.0,0.0,0.0,0.0
2.2291533946990967,-0.4184417724609375,-1.1401485204696655,0.0,0.0,-0.0008789697894826531,-0.15755921602249146,0.0,0.0,0.15162930550062842,0.17817187085358616,-0.01856633462011814,0.08349353820085526,0.0,0.0,0.0,0.0
2.2303640842437744,-0.4184417724609375,-1.1401485204696655,0.0,0.0,-0.0008789697894826531,-0.15755921602249146,0.0,0.0,0.15162930550062842,0.17817187085358616,-0.01856633462011814,0.08349353820085526,0.0,0.0,0.0,0.0
2.2315785884857178,-0.4184417724609375,-1.1401485204696655,0.0,0.0,-0.0008789697894826531,-0.15755921602249146,0.0,0.0,0.15162930550062842,0.17817187085358616,-0.01856633462011814,0.08349353820085526,0.0,0.0,0.0,0.0
2.2328219413757324,-0.4184417724609375,-1.1401485204696655,0.0,0.0,-0.0008789697894826531,-0.15755921602249146,0.0,0.0,0.15162930550062842,0.17817187085358616,-0.01856633462011814,0.08349353820085526,0.0,0.0,0.0,0.0
2.2340681552886963,-0.4184417724609375,-1.1401485204696655,0.0,0.0,-0.0008789697894826531,-0.15755921602249146,0.0,0.0,0.15162930550062842,0.17817187085358616,-0.01856633462011814,0.08349353820085526,0.0,0.0,0.0,0.0
2.2352845668792725,-0.43644243478775024,-1.1707996129989624,0.0,0.0,-0.0009157164604403079,-0.15757979452610016,0.0,0.0,0.15162930550062842,0.17817187085358616,-0.01856633462011814,0.08349353820085526,0.0,0.0,0.0,0.0
2.2366254329681396,-0.43644243478775024,-1.1707996129989624,0.0,0.0,-0.0009157164604403079,-0.15757979452610016,0.0,0.0,0.15162930550062842,0.17817187085358616,-0.01856633462011814,0.08349353820085526,0.0,0.0,0.0,0.0
2.2379186153411865,-0.43644243478775024,-1.1707996129989624,0.0,0.0,-0.0009157164604403079,-0.15757979452610016,0.0,0.0,0.15162930550062842,0.17817187085358616,-0.01856633462011814,0.08349353820085526,0.0,0.0,0.0,0.0
2.239243268966675,-0.43644243478775024,-1.1707996129989624,0.0,0.0,-0.0009157164604403079,-0.15757979452610016,0.0,0.0,0.15162930550062842,0.17817187085358616,-0.01856633462011814,0.08349353820085526,0.0,0.0,0.0,0.0
2.2404608726501465,-0.43644243478775024,-1.1707996129989624,0.0,0.0,-0.0009157164604403079,-0.15757979452610016,0.0,0.0,0.15162930550062842,0.17817187085358616,-0.01856633462011814,0.08349353820085526,0.0,0.0,0.0,0.0
2.2417025566101074,-0.43644243478775024,-1.1707996129989624,0.0,0.0,-0.0009157164604403079,-0.15757979452610016,0.0,0.0,0.15162930550062842,0.17817187085358616,-0.01856633462011814,0.08349353820085526,0.0,0.0,0.0,0.0
2.2429494857788086,-0.43644243478775024,-1.1707996129989624,0.0,0.0,-0.0009157164604403079,-0.15757979452610016,0.0,0.0,0.15162930550062842,0.17817187085358616,-0.01856633462011814,0.08349353820085526,0.0,0.0,0.0,0.0
2.244199752807617,-0.43644243478775024,-1.1707996129989624,0.0,0.0,-0.0009157164604403079,-0.15757979452610016,0.0,0.0,0.15162930550062842,0.17817187085358616,-0.01856633462011814,0.08349353820085526,0.0,0.0,0.0,0.0
2.2454257011413574,-0.4184417724609375,-1.1401485204696655,0.0,0.0,-0.0008789697894826531,-0.15755921602249146,0.0,0.0,0.15162930550062842,0.17817187085358616,-0.01856633462011814,0.08349353820085526,0.0,0.0,0.0,0.0
2.2466378211975098,-0.4184417724609375,-1.1401485204696655,0.0,0.0,-0.0008789697894826531,-0.15755921602249146,0.0,0.0,0.15162930550062842,0.17819583930339686,-0.01856633462011814,0.08212028443813324,0.0,0.0,0.0,0.0
2.2478737831115723,-0.4184417724609375,-1.1401485204696655,0.0,0.0,-0.0008789697894826531,-0.15755921602249146,0.0,0.0,0.15162930550062842,0.17819583930339686,-0.01856633462011814,0.08212028443813324,0.0,0.0,0.0,0.0
2.249127149581909,-0.4184417724609375,-1.1401485204696655,0.0,0.0,-0.0008789697894826531,-0.15755921602249146,0.0,0.0,0.15162930550062842,0.17819583930339686,-0.01856633462011814,0.08335048705339432,0.0,0.0,0.0,0.0
2.250427007675171,-0.4184417724609375,-1.1401485204696655,0.0,0.0,-0.0008789697894826531,-0.15755921602249146,0.0,0.0,0.15162930550062842,0.17819583930339686,-0.01856633462011814,0.08335048705339432,0.0,0.0,0.0,0.0
2.251648426055908,-0.4184417724609375,-1.1401485204696655,0.0,0.0,-0.0008789697894826531,-0.15755921602249146,0.0,0.0,0.15162930550062842,0.17819583930339686,-0.01856633462011814,0.08335048705339432,0.0,0.0,0.0,0.0
2.2528622150421143,-0.4184417724609375,-1.1401485204696655,0.0,0.0,-0.0008789697894826531,-0.15755921602249146,0.0,0.0,0.15162930550062842,0.17819583930339686,-0.01856633462011814,0.08335048705339432,0.0,0.0,0.0,0.0
2.254101037979126,-0.4184417724609375,-1.1401485204696655,0.0,0.0,-0.0008789697894826531,-0.15755921602249146,0.0,0.0,0.15162930550062842,0.17819583930339686,-0.01856633462011814,0.08335048705339432,0.0,0.0,0.0,0.0
2.2555105686187744,-0.4184417724609375,-1.1401485204696655,0.0,0.0,-0.0008789697894826531,-0.15755921602249146,0.0,0.0,0.15162930550062842,0.17819583930339686,-0.01856633462011814,0.08335048705339432,0.0,0.0,0.0,0.0
2.2567412853240967,-0.4184417724609375,-1.1401485204696655,0.0,0.0,-0.0008789697894826531,-0.15755921602249146,0.0,0.0,0.15162930550062842,0.17819583930339686,-0.01856633462011814,0.08335048705339432,0.0,0.0,0.0,0.0
2.2579596042633057,-0.4184417724609375,-1.1401485204696655,0.0,0.0,-0.0008789697894826531,-0.15755921602249146,0.0,0.0,0.15162930550062842,0.17819583930339686,-0.01856633462011814,0.08335048705339432,0.0,0.0,0.0,0.0
2.2592461109161377,-0.4184417724609375,-1.1401485204696655,0.0,0.0,-0.0008789697894826531,-0.15755921602249146,0.0,0.0,0.15162930550062842,0.17819583930339686,-0.01856633462011814,0.08335048705339432,0.0,0.0,0.0,0.0
2.2605388164520264,-0.4184417724609375,-1.1401485204696655,0.0,0.0,-0.0008789697894826531,-0.15755921602249146,0.0,0.0,0.15162930550062842,0.17819583930339686,-0.01856633462011814,0.08335048705339432,0.0,0.0,0.0,0.0
2.2617814540863037,-0.4184417724609375,-1.1401485204696655,0.0,0.0,-0.0008789697894826531,-0.15755921602249146,0.0,0.0,0.15162930550062842,0.17819583930339686,-0.01856633462011814,0.08335048705339432,0.0,0.0,0.0,0.0
2.2630162239074707,-0.4184417724609375,-1.1401485204696655,0.0,0.0,-0.0008789697894826531,-0.15755921602249146,0.0,0.0,0.15162930550062842,0.17819583930339686,-0.01856633462011814,0.08335048705339432,0.0,0.0,0.0,0.0
2.2645976543426514,-0.4184417724609375,-1.1401485204696655,0.0,0.0,-0.0008789697894826531,-0.15755921602249146,0.0,0.0,0.15162930550062842,0.17819583930339686,-0.01856633462011814,0.08335048705339432,0.0,0.0,0.0,0.0
2.2658638954162598,-0.4184417724609375,-1.1401485204696655,0.0,0.0,-0.0008789697894826531,-0.15755921602249146,0.0,0.0,0.15162930550062842,0.17819583930339686,-0.01856633462011814,0.08335048705339432,0.0,0.0,0.0,0.0
2.26713228225708,-0.4184417724609375,-1.1401485204696655,0.0,0.0,-0.0008789697894826531,-0.15755921602249146,0.0,0.0,0.15162930550062842,0.17819583930339686,-0.01856633462011814,0.08335048705339432,0.0,0.0,0.0,0.0
2.268613815307617,-0.4184417724609375,-1.1401485204696655,0.0,0.0,-0.0008789697894826531,-0.15755921602249146,0.0,0.0,0.15162930550062842,0.17819583930339686,-0.01856633462011814,0.08335048705339432,0.0,0.0,0.0,0.0
2.269895315170288,-0.4184417724609375,-1.1401485204696655,0.0,0.0,-0.0008789697894826531,-0.15755921602249146,0.0,0.0,0.15162930550062842,0.17819583930339686,-0.01856633462011814,0.08335048705339432,0.0,0.0,0.0,0.0
2.271184206008911,-0.4184417724609375,-1.1401485204696655,0.0,0.0,-0.0008789697894826531,-0.15755921602249146,0.0,0.0,0.15162930550062842,0.17819583930339686,-0.01856633462011814,0.08335048705339432,0.0,0.0,0.0,0.0
2.2724385261535645,-0.4184417724609375,-1.1401485204696655,0.0,0.0,-0.0008789697894826531,-0.15755921602249146,0.0,0.0,0.15162930550062842,0.17819583930339686,-0.01856633462011814,0.08335048705339432,0.0,0.0,0.0,0.0
2.2737295627593994,-0.4184417724609375,-1.1401485204696655,0.0,0.0,-0.0008789697894826531,-0.15755921602249146,0.0,0.0,0.15162930550062842,0.17819583930339686,-0.01856633462011814,0.08335048705339432,0.0,0.0,0.0,0.0
2.2750089168548584,-0.4184417724609375,-1.1401485204696655,0.0,0.0,-0.0008789697894826531,-0.15755921602249146,0.0,0.0,0.15162930550062842,0.17772125697513796,-0.01856633462011814,0.08858614414930344,0.0,0.0,0.0,0.0
2.2765190601348877,-0.41751426458358765,-1.1385680437088013,0.0,0.0,-0.0008770855492912233,-0.1575581431388855,0.0,0.0,0.15162930550062842,0.17772125697513796,-0.01856633462011814,0.08858614414930344,0.0,0.0,0.0,0.0
2.2778310775756836,-0.41751426458358765,-1.1385680437088013,0.0,0.0,-0.0008770855492912233,-0.1575581431388855,0.0,0.0,0.15162930550062842,0.17768291681811652,-0.01856633462011814,0.0872415155172348,0.0,0.0,0.0,0.0
2.279104471206665,-0.41751426458358765,-1.1385680437088013,0.0,0.0,-0.0008770855492912233,-0.1575581431388855,0.0,0.0,0.15162930550062842,0.17768291681811652,-0.01856633462011814,0.0872415155172348,0.0,0.0,0.0,0.0
2.280629873275757,-0.41751426458358765,-1.1385680437088013,0.0,0.0,-0.0008770855492912233,-0.1575581431388855,0.0,0.0,0.15162930550062842,0.17817187085358616,-0.01856633462011814,0.08117610961198807,0.0,0.0,0.0,0.0
2.281903028488159,-0.41751426458358765,-1.1385680437088013,0.0,0.0,-0.0008770855492912233,-0.1575581431388855,0.0,0.0,0.15162930550062842,0.17820062597135222,-0.01856633462011814,0.0824921652674675,0.0,0.0,0.0,0.0
2.2831568717956543,-0.41751426458358765,-1.1385680437088013,0.0,0.0,-0.0008770855492912233,-0.1575581431388855,0.0,0.0,0.15162930550062842,0.17820062597135222,-0.01856633462011814,0.0824921652674675,0.0,0.0,0.0,0.0
2.2844085693359375,-0.41751426458358765,-1.1385680437088013,0.0,0.0,-0.0008770855492912233,-0.1575581431388855,0.0,0.0,0.15162930550062842,0.17820062597135222,-0.01856633462011814,0.0824921652674675,0.0,0.0,0.0,0.0
2.2858853340148926,-0.41751426458358765,-1.1385680437088013,0.0,0.0,-0.0008770855492912233,-0.1575581431388855,0.0,0.0,0.15162930550062842,0.17817187085358616,-0.01856633462011814,0.08349353820085526,0.0,0.0,0.0,0.0
2.2871904373168945,-0.41751426458358765,-1.1385680437088013,0.0,0.0,-0.0008770855492912233,-0.1575581431388855,0.0,0.0,0.15162930550062842,0.17817187085358616,-0.01856633462011814,0.08349353820085526,0.0,0.0,0.0,0.0
2.2884767055511475,-0.41751426458358765,-1.1385680437088013,0.0,0.0,-0.0008770855492912233,-0.1575581431388855,0.0,0.0,0.15162930550062842,0.17817187085358616,-0.01856633462011814,0.08349353820085526,0.0,0.0,0.0,0.0
2.2897510528564453,-0.41751426458358765,-1.1385680437088013,0.0,0.0,-0.0008770855492912233,-0.1575581431388855,0.0,0.0,0.15162930550062842,0.17817187085358616,-0.01856633462011814,0.08349353820085526,0.0,0.0,0.0,0.0
2.291013240814209,-0.41751426458358765,-1.1385680437088013,0.0,0.0,-0.0008770855492912233,-0.1575581431388855,0.0,0.0,0.15162930550062842,0.17817187085358616,-0.01856633462011814,0.08349353820085526,0.0,0.0,0.0,0.0
2.292289972305298,-0.41751426458358765,-1.1385680437088013,0.0,0.0,-0.0008770855492912233,-0.1575581431388855,0.0,0.0,0.15162930550062842,0.17817187085358616,-0.01856633462011814,0.08349353820085526,0.0,0.0,0.0,0.0
2.2935879230499268,-0.41751426458358765,-1.1385680437088013,0.0,0.0,-0.0008770855492912233,-0.1575581431388855,0.0,0.0,0.15162930550062842,0.17817187085358616,-0.01856633462011814,0.08349353820085526,0.0,0.0,0.0,0.0
2.294853925704956,-0.41751426458358765,-1.1385680437088013,0.0,0.0,-0.0008770855492912233,-0.1575581431388855,0.0,0.0,0.15162930550062842,0.17817187085358616,-0.01856633462011814,0.08349353820085526,0.0,0.0,0.0,0.0
2.2961063385009766,-0.41751426458358765,-1.1385680437088013,0.0,0.0,-0.0008770855492912233,-0.1575581431388855,0.0,0.0,0.15162930550062842,0.17817187085358616,-0.01856633462011814,0.08349353820085526,0.0,0.0,0.0,0.0
2.29738712310791,-0.41751426458358765,-1.1385680437088013,0.0,0.0,-0.0008770855492912233,-0.1575581431388855,0.0,0.0,0.15162930550062842,0.17817187085358616,-0.01856633462011814,0.08349353820085526,0.0,0.0,0.0,0.0
2.2986648082733154,-0.41751426458358765,-1.1385680437088013,0.0,0.0,-0.0008770855492912233,-0.1575581431388855,0.0,0.0,0.15162930550062842,0.17817187085358616,-0.01856633462011814,0.08349353820085526,0.0,0.0,0.0,0.0
2.2999093532562256,-0.41751426458358765,-1.1385680437088013,0.0,0.0,-0.0008770855492912233,-0.1575581431388855,0.0,0.0,0.15162930550062842,0.17817187085358616,-0.01856633462011814,0.08349353820085526,0.0,0.0,0.0,0.0
2.301154851913452,-0.41751426458358765,-1.1385680437088013,0.0,0.0,-0.0008770855492912233,-0.1575581431388855,0.0,0.0,0.15162930550062842,0.17817187085358616,-0.01856633462011814,0.08349353820085526,0.0,0.0,0.0,0.0
2.3024239540100098,-0.41751426458358765,-1.1385680437088013,0.0,0.0,-0.0008770855492912233,-0.1575581431388855,0.0,0.0,0.15162930550062842,0.17817187085358616,-0.01856633462011814,0.08349353820085526,0.0,0.0,0.0,0.0
2.3036935329437256,-0.41751426458358765,-1.1385680437088013,0.0,0.0,-0.0008770855492912233,-0.1575581431388855,0.0,0.0,0.15162930550062842,0.17817187085358616,-0.01856633462011814,0.08349353820085526,0.0,0.0,0.0,0.0
2.305488109588623,-0.41201117634773254,-1.1289931535720825,0.0,0.0,-0.0008767087128944695,-0.15755793452262878,0.0,0.0,0.15162930550062842,0.17817187085358616,-0.01856633462011814,0.08349353820085526,0.0,0.0,0.0,0.0
2.306973695755005,-0.41201117634773254,-1.1289931535720825,0.0,0.0,-0.0008767087128944695,-0.15755793452262878,0.0,0.0,0.15162930550062842,0.17817187085358616,-0.01856633462011814,0.08349353820085526,0.0,0.0,0.0,0.0
2.3082873821258545,-0.41201117634773254,-1.1289931535720825,0.0,0.0,-0.0008767087128944695,-0.15755793452262878,0.0,0.0,0.15162930550062842,0.17817187085358616,-0.01856633462011814,0.08349353820085526,0.0,0.0,0.0,0.0
2.309502601623535,-0.41201117634773254,-1.1289931535720825,0.0,0.0,-0.0008767087128944695,-0.15755793452262878,0.0,0.0,0.15162930550062842,0.17817187085358616,-0.01856633462011814,0.08349353820085526,0.0,0.0,0.0,0.0
2.3107247352600098,-0.41201117634773254,-1.1289931535720825,0.0,0.0,-0.0008767087128944695,-0.15755793452262878,0.0,0.0,0.15162930550062842,0.17817187085358616,-0.01856633462011814,0.08349353820085526,0.0,0.0,0.0,0.0
2.312018632888794,-0.41201117634773254,-1.1289931535720825,0.0,0.0,-0.0008767087128944695,-0.15755793452262878,0.0,0.0,0.15162930550062842,0.17817187085358616,-0.01856633462011814,0.08349353820085526,0.0,0.0,0.0,0.0
2.3132805824279785,-0.41201117634773254,-1.1289931535720825,0.0,0.0,-0.0008767087128944695,-0.15755793452262878,0.0,0.0,0.15162930550062842,0.17817187085358616,-0.01856633462011814,0.08349353820085526,0.0,0.0,0.0,0.0
2.31490159034729,-0.41201117634773254,-1.1289931535720825,0.0,0.0,-0.0008767087128944695,-0.15755793452262878,0.0,0.0,0.15162930550062842,0.17817187085358616,-0.01856633462011814,0.08349353820085526,0.0,0.0,0.0,0.0
2.3161444664001465,-0.4184417724609375,-1.1401485204696655,0.0,0.0,-0.0008789697894826531,-0.15755921602249146,0.0,0.0,0.15162930550062842,0.17817187085358616,-0.01856633462011814,0.08349353820085526,0.0,0.0,0.0,0.0
2.317638397216797,-0.4184417724609375,-1.1401485204696655,0.0,0.0,-0.0008789697894826531,-0.15755921602249146,0.0,0.0,0.15162930550062842,0.17817187085358616,-0.01856633462011814,0.08349353820085526,0.0,0.0,0.0,0.0
2.318909168243408,-0.4184417724609375,-1.1401485204696655,0.0,0.0,-0.0008789697894826531,-0.15755921602249146,0.0,0.0,0.15162930550062842,0.17817187085358616,-0.01856633462011814,0.08349353820085526,0.0,0.0,0.0,0.0
2.320159912109375,-0.4184417724609375,-1.1401485204696655,0.0,0.0,-0.0008789697894826531,-0.15755921602249146,0.0,0.0,0.15162930550062842,0.17817187085358616,-0.01856633462011814,0.08349353820085526,0.0,0.0,0.0,0.0
2.321402072906494,-0.4184417724609375,-1.1401485204696655,0.0,0.0,-0.0008789697894826531,-0.15755921602249146,0.0,0.0,0.15162930550062842,0.17817187085358616,-0.01856633462011814,0.08349353820085526,0.0,0.0,0.0,0.0
2.3226804733276367,-0.4184417724609375,-1.1401485204696655,0.0,0.0,-0.0008789697894826531,-0.15755921602249146,0.0,0.0,0.15162930550062842,0.17817187085358616,-0.01856633462011814,0.08349353820085526,0.0,0.0,0.0,0.0
2.3239831924438477,-0.4184417724609375,-1.1401485204696655,0.0,0.0,-0.0008789697894826531,-0.15755921602249146,0.0,0.0,0.15162930550062842,0.17817187085358616,-0.01856633462011814,0.08349353820085526,0.0,0.0,0.0,0.0
2.325477361679077,-0.4184417724609375,-1.1401485204696655,0.0,0.0,-0.0008789697894826531,-0.15755921602249146,0.0,0.0,0.15162930550062842,0.17817187085358616,-0.01856633462011814,0.08349353820085526,0.0,0.0,0.0,0.0
2.326986789703369,-0.4184417724609375,-1.1401485204696655,0.0,0.0,-0.0008789697894826531,-0.15755921602249146,0.0,0.0,0.15162930550062842,0.17817187085358616,-0.01856633462011814,0.08349353820085526,0.0,0.0,0.0,0.0
2.3282406330108643,-0.4184417724609375,-1.1401485204696655,0.0,0.0,-0.0008789697894826531,-0.15755921602249146,0.0,0.0,0.15162930550062842,0.17817187085358616,-0.01856633462011814,0.08349353820085526,0.0,0.0,0.0,0.0
2.3295164108276367,-0.4184417724609375,-1.1401485204696655,0.0,0.0,-0.0008789697894826531,-0.15755921602249146,0.0,0.0,0.15162930550062842,0.17817187085358616,-0.01856633462011814,0.08349353820085526,0.0,0.0,0.0,0.0
2.3307652473449707,-0.4184417724609375,-1.1401485204696655,0.0,0.0,-0.0008789697894826531,-0.15755921602249146,0.0,0.0,0.15162930550062842,0.17817187085358616,-0.01856633462011814,0.08349353820085526,0.0,0.0,0.0,0.0
2.3319928646087646,-0.4184417724609375,-1.1401485204696655,0.0,0.0,-0.0008789697894826531,-0.15755921602249146,0.0,0.0,0.15162930550062842,0.17817187085358616,-0.01856633462011814,0.08349353820085526,0.0,0.0,0.0,0.0
2.333223581314087,-0.4184417724609375,-1.1401485204696655,0.0,0.0,-0.0008789697894826531,-0.15755921602249146,0.0,0.0,0.15162930550062842,0.17817187085358616,-0.01856633462011814,0.08349353820085526,0.0,0.0,0.0,0.0
2.3345041275024414,-0.4184417724609375,-1.1401485204696655,0.0,0.0,-0.0008789697894826531,-0.15755921602249146,0.0,0.0,0.15162930550062842,0.17817187085358616,-0.01856633462011814,0.08349353820085526,0.0,0.0,0.0,0.0
2.3357527256011963,-0.4184417724609375,-1.1401485204696655,0.0,0.0,-0.0008789697894826531,-0.15755921602249146,0.0,0.0,0.15162930550062842,0.1781862542641415,-0.01856633462011814,0.0834076926112175,0.0,0.0,0.0,0.0
2.3370354175567627,-0.4184417724609375,-1.1401485204696655,0.0,0.0,-0.0008789697894826531,-0.15755921602249146,0.0,0.0,0.15162930550062842,0.1781862542641415,-0.01856633462011814,0.0834076926112175,0.0,0.0,0.0,0.0
2.338306188583374,-0.4184417724609375,-1.1401485204696655,0.0,0.0,-0.0008789697894826531,-0.15755921602249146,0.0,0.0,0.15162930550062842,0.1781862542641415,-0.01856633462011814,0.0834076926112175,0.0,0.0,0.0,0.0
2.3395450115203857,-0.4184417724609375,-1.1401485204696655,0.0,0.0,-0.0008789697894826531,-0.15755921602249146,0.0,0.0,0.15162930550062842,0.1781862542641415,-0.01856633462011814,0.0834076926112175,0.0,0.0,0.0,0.0
2.340811014175415,-0.4184417724609375,-1.1401485204696655,0.0,0.0,-0.0008789697894826531,-0.15755921602249146,0.0,0.0,0.15162930550062842,0.1781862542641415,-0.01856633462011814,0.0834076926112175,0.0,0.0,0.0,0.0
2.342038631439209,-0.4184417724609375,-1.1401485204696655,0.0,0.0,-0.0008789697894826531,-0.15755921602249146,0.0,0.0,0.15162930550062842,0.1781862542641415,-0.01856633462011814,0.0834076926112175,0.0,0.0,0.0,0.0
2.343273401260376,-0.4184417724609375,-1.1401485204696655,0.0,0.0,-0.0008789697894826531,-0.15755921602249146,0.0,0.0,0.15162930550062842,0.1781862542641415,-0.01856633462011814,0.0834076926112175,0.0,0.0,0.0,0.0
2.3445370197296143,-0.4184417724609375,-1.1401485204696655,0.0,0.0,-0.0008789697894826531,-0.15755921602249146,0.0,0.0,0.15162930550062842,0.1777404387569933,-0.01856633462011814,0.08864341676235199,0.0,0.0,0.0,0.0
2.3458056449890137,-0.4184417724609375,-1.1401485204696655,0.0,0.0,-0.0008789697894826531,-0.15755921602249146,0.0,0.0,0.15162930550062842,0.1777404387569933,-0.01856633462011814,0.08864341676235199,0.0,0.0,0.0,0.0
2.347055196762085,-0.4184417724609375,-1.1401485204696655,0.0,0.0,-0.0008789697894826531,-0.15755921602249146,0.0,0.0,0.15162930550062842,0.1777404387569933,-0.01856633462011814,0.08864341676235199,0.0,0.0,0.0,0.0
2.3483121395111084,-0.4184417724609375,-1.1401485204696655,0.0,0.0,-0.0008789697894826531,-0.15755921602249146,0.0,0.0,0.15162930550062842,0.17767811844681652,-0.01856633462011814,0.0872415155172348,0.0,0.0,0.0,0.0
2.3495945930480957,-0.4184417724609375,-1.1401485204696655,0.0,0.0,-0.0008789697894826531,-0.15755921602249146,0.0,0.0,0.15162930550062842,0.17786506767400223,-0.06499453634023666,0.13436400890350342,0.0,0.0,0.0,0.0
2.3508546352386475,-0.4184417724609375,-1.1401485204696655,0.0,0.0,-0.0008789697894826531,-0.15755921602249146,0.0,0.0,0.15162930550062842,0.17786506767400223,-0.06499453634023666,0.13436400890350342,0.0,0.0,0.0,0.0
2.3521130084991455,-0.4184417724609375,-1.1401485204696655,0.0,0.0,-0.0008789697894826531,-0.15755921602249146,0.0,0.0,0.15162930550062842,0.17786506767400223,-0.06499453634023666,0.13436400890350342,0.0,0.0,0.0,0.0
2.3536181449890137,-0.4184417724609375,-1.1401485204696655,0.0,0.0,-0.0008789697894826531,-0.15755921602249146,0.0,0.0,0.15162930550062842,0.1782389778317183,-0.06499453634023666,0.12878504395484924,0.0,0.0,0.0,0.0
2.3548829555511475,-0.4184417724609375,-1.1401485204696655,0.0,0.0,-0.0008789697894826531,-0.15755921602249146,0.0,0.0,0.1519312986055677,0.17821500938190757,-0.060703031718730927,0.1305302530527115,0.0,0.0,0.0,0.0
2.3561482429504395,-0.4184417724609375,-1.1401485204696655,0.0,0.0,-0.0008789697894826531,-0.15755921602249146,0.0,0.0,0.1519312986055677,0.17821500938190757,-0.060703031718730927,0.1305302530527115,0.0,0.0,0.0,0.0
2.3574070930480957,-0.4184417724609375,-1.1401485204696655,0.0,0.0,-0.0008789697894826531,-0.15755921602249146,0.0,0.0,0.1524058809338266,0.17824856287097365,-0.05603959411382675,0.13158883154392242,0.0,0.0,0.0,0.0
2.358656644821167,-0.4184417724609375,-1.1401485204696655,0.0,0.0,-0.0008789697894826531,-0.15755921602249146,0.0,0.0,0.1524058809338266,0.17824856287097365,-0.05603959411382675,0.13158883154392242,0.0,0.0,0.0,0.0
2.3600070476531982,-0.4184417724609375,-1.1401485204696655,0.0,0.0,-0.0008789697894826531,-0.15755921602249146,0.0,0.0,0.1528996333405962,0.178766283727554,-0.04633662849664688,0.1185077652335167,0.0,0.0,0.0,0.0
2.3614344596862793,-0.4184417724609375,-1.1401485204696655,0.0,0.0,-0.0008789697894826531,-0.15755921602249146,0.0,0.0,0.1528996333405962,0.178766283727554,-0.04633662849664688,0.1185077652335167,0.0,0.0,0.0,0.0
2.362955093383789,-0.4184417724609375,-1.1401485204696655,0.0,0.0,-0.0008789697894826531,-0.15755921602249146,0.0,0.0,0.15330229861607833,0.17958121102111824,-0.04407644644379616,0.10992471128702164,0.0,0.0,0.0,0.0
2.3641915321350098,-0.4184417724609375,-1.1401485204696655,0.0,0.0,-0.0008789697894826531,-0.15755921602249146,0.0,0.0,0.1538871264507908,0.17991198265051284,-0.03975633531808853,0.1102679967880249,0.0,0.0,0.0,0.0
2.36543345451355,-0.4178851842880249,-1.139200210571289,0.0,0.0,-0.0008778392220847309,-0.15755857527256012,0.0,0.0,0.1538871264507908,0.17991198265051284,-0.03975633531808853,0.1102679967880249,0.0,0.0,0.0,0.0
2.366661310195923,-0.4178851842880249,-1.139200210571289,0.0,0.0,-0.0008778392220847309,-0.15755857527256012,0.0,0.0,0.15430897350812828,0.1803434147471057,-0.03821134939789772,0.10769307613372803,0.0,0.0,0.0,0.0
2.3679113388061523,-0.4178851842880249,-1.139200210571289,0.0,0.0,-0.0008778392220847309,-0.15755857527256012,0.0,0.0,0.15430897350812828,0.1803434147471057,-0.03821134939789772,0.10769307613372803,0.0,0.0,0.0,0.0
2.3691751956939697,-0.4178851842880249,-1.139200210571289,0.0,0.0,-0.0008778392220847309,-0.15755857527256012,0.0,0.0,0.1545582430454908,0.18062623777353426,-0.030196310952305794,0.09839126467704773,0.0,0.0,0.0,0.0
2.370518684387207,-0.4178851842880249,-1.139200210571289,0.0,0.0,-0.0008778392220847309,-0.15755857527256012,0.0,0.0,0.1545582430454908,0.18062623777353426,-0.030196310952305794,0.09839126467704773,0.0,0.0,0.0,0.0
2.3723464012145996,-0.4178851842880249,-1.139200210571289,0.0,0.0,-0.0008778392220847309,-0.15755857527256012,0.0,0.0,0.154668500255289,0.18087072064294138,-0.03159821033477783,0.09944985806941986,0.0,0.0,0.0,0.0
2.3737618923187256,-0.4178851842880249,-1.139200210571289,0.0,0.0,-0.0008778392220847309,-0.15755857527256012,0.0,0.0,0.1548602478537747,0.1809426259923735,-0.030568284913897514,0.0993640199303627,0.0,0.0,0.0,0.0
2.3754146099090576,-0.41689035296440125,-2.1669607162475586,0.0,0.0,-0.0008736565941944718,-0.15755625069141388,0.0,0.0,0.1548602478537747,0.1809426259923735,-0.030568284913897514,0.0993640199303627,0.0,0.0,0.0,0.0
2.3772034645080566,-0.41689035296440125,-2.1669607162475586,0.0,0.0,-0.0008736565941944718,-0.15755625069141388,0.0,0.0,0.15491776979265148,0.18093302924977353,-0.03099745325744152,0.10156702250242233,0.0,0.0,0.0,0.0
2.378612756729126,-0.41689035296440125,-2.1669607162475586,0.0,0.0,-0.0008736565941944718,-0.15755625069141388,0.0,0.0,0.1546972670763997,0.18093302924977353,-0.032199081033468246,0.10156702250242233,0.0,0.0,0.0,0.0
2.3799471855163574,-0.41689035296440125,-2.1669607162475586,0.0,0.0,-0.0008736565941944718,-0.15755625069141388,0.0,0.0,0.15428980342961757,0.18093302924977353,-0.03075582906603813,0.09480296075344086,0.0,0.0,0.0,0.0
2.3813557624816895,-0.41689035296440125,-2.1669607162475586,0.0,0.0,-0.0008736565941944718,-0.15755625069141388,0.0,0.0,0.15428980342961757,0.18093302924977353,-0.03075582906603813,0.09480296075344086,0.0,0.0,0.0,0.0
2.382754325866699,-0.41689035296440125,-2.1669607162475586,0.0,0.0,-0.0008736565941944718,-0.15755625069141388,0.0,0.0,0.15405011893151044,0.18063103614483425,-0.03396017476916313,0.09918031841516495,0.0,0.0,0.0,0.0
2.3841588497161865,-0.41689035296440125,-2.1669607162475586,0.0,0.0,-0.0008736565941944718,-0.15755625069141388,0.0,0.0,0.15405011893151044,0.18063103614483425,-0.03396017476916313,0.09918031841516495,0.0,0.0,0.0,0.0
2.385463237762451,-0.45783641934394836,-1.6793862581253052,0.0,0.0,-0.0009187238174490631,-0.15738055109977722,0.0,0.0,0.15361388846361762,0.1802283591660075,-0.034732624888420105,0.10244186222553253,0.0,0.0,0.0,0.0
2.386922836303711,-0.45783641934394836,-1.6793862581253052,0.0,0.0,-0.0009187238174490631,-0.15738055109977722,0.0,0.0,0.15361388846361762,0.1802283591660075,-0.034732624888420105,0.10244186222553253,0.0,0.0,0.0,0.0
2.38835072517395,-0.45783641934394836,-1.6793862581253052,0.0,0.0,-0.0009187238174490631,-0.15738055109977722,0.0,0.0,0.1532351916379462,0.1800893468384432,-0.0384233295917511,0.10149775445461273,0.0,0.0,0.0,0.0
2.389777421951294,-0.45783641934394836,-1.6793862581253052,0.0,0.0,-0.0009187238174490631,-0.15738055109977722,0.0,0.0,0.1532351916379462,0.1800893468384432,-0.0384233295917511,0.10149775445461273,0.0,0.0,0.0,0.0
2.391479730606079,-0.45783641934394836,-1.6793862581253052,0.0,0.0,-0.0009187238174490631,-0.15738055109977722,0.0,0.0,0.1530961676070373,0.1798928008686575,-0.030854513868689537,0.09593168646097183,0.0,0.0,0.0,0.0
2.3929107189178467,-0.45783641934394836,-1.6793862581253052,0.0,0.0,-0.0009187238174490631,-0.15738055109977722,0.0,0.0,0.15290442000855156,0.17981131047997,-0.03199892118573189,0.09555979073047638,0.0,0.0,0.0,0.0
2.394486427307129,-0.45783641934394836,-1.6793862581253052,0.0,0.0,-0.0009187238174490631,-0.15738055109977722,0.0,0.0,0.15282772799116406,0.17985444900829142,-0.03165559843182564,0.09450121223926544,0.0,0.0,0.0,0.0
2.3958258628845215,-0.4458320736885071,-1.4553526639938354,0.0,0.0,-0.0009137023007497191,-0.1572912633419037,0.0,0.0,0.15282772799116406,0.17985444900829142,-0.03165559843182564,0.09450121223926544,0.0,0.0,0.0,0.0
2.3974761962890625,-0.4458320736885071,-1.4553526639938354,0.0,0.0,-0.0009137023007497191,-0.1572912633419037,0.0,0.0,0.15285648310893016,0.17985444900829142,-0.030625661835074425,0.09450121223926544,0.0,0.0,0.0,0.0
2.3989202976226807,-0.4458320736885071,-1.4553526639938354,0.0,0.0,-0.0009137023007497191,-0.1572912633419037,0.0,0.0,0.15285648310893016,0.17985444900829142,-0.030625661835074425,0.09450121223926544,0.0,0.0,0.0,0.0
2.4003689289093018,-0.4458320736885071,-1.4553526639938354,0.0,0.0,-0.0009137023007497191,-0.1572912633419037,0.0,0.0,0.15285648310893016,0.17985444900829142,-0.02389792539179325,0.08777347952127457,0.0,0.0,0.0,0.0
2.401928186416626,-0.4458320736885071,-1.4553526639938354,0.0,0.0,-0.0009137023007497191,-0.1572912633419037,0.0,0.0,0.15285648310893016,0.17985444900829142,-0.02389792539179325,0.08777347952127457,0.0,0.0,0.0,0.0
2.403372049331665,-0.4458320736885071,-1.4553526639938354,0.0,0.0,-0.0009137023007497191,-0.1572912633419037,0.0,0.0,0.15285648310893016,0.17985444900829142,-0.02389792539179325,0.08777347952127457,0.0,0.0,0.0,0.0
2.4048044681549072,-0.4458320736885071,-1.4553526639938354,0.0,0.0,-0.0009137023007497191,-0.1572912633419037,0.0,0.0,0.15285648310893016,0.17985444900829142,-0.02389792539179325,0.08777347952127457,0.0,0.0,0.0,0.0
2.4062604904174805,-0.4228023588657379,-1.4909262657165527,0.0,0.0,-0.0008747538668103516,-0.15734146535396576,0.0,0.0,0.15285648310893016,0.17985444900829142,-0.02389792539179325,0.08777347952127457,0.0,0.0,0.0,0.0
2.4078176021575928,-0.4228023588657379,-1.4909262657165527,0.0,0.0,-0.0008747538668103516,-0.15734146535396576,0.0,0.0,0.15285648310893016,0.17985444900829142,-0.02389792539179325,0.08777347952127457,0.0,0.0,0.0,0.0
2.4092659950256348,-0.4228023588657379,-1.4909262657165527,0.0,0.0,-0.0008747538668103516,-0.15734146535396576,0.0,0.0,0.15285648310893016,0.17985444900829142,-0.017141761258244514,0.08101724088191986,0.0,0.0,0.0,0.0
2.4107284545898438,-0.4228023588657379,-1.4909262657165527,0.0,0.0,-0.0008747538668103516,-0.15734146535396576,0.0,0.0,0.15285648310893016,0.17985444900829142,-0.017141761258244514,0.08101724088191986,0.0,0.0,0.0,0.0
2.4121932983398438,-0.4228023588657379,-1.4909262657165527,0.0,0.0,-0.0008747538668103516,-0.15734146535396576,0.0,0.0,0.15285648310893016,0.17985444900829142,-0.017141761258244514,0.08101724088191986,0.0,0.0,0.0,0.0
2.4136579036712646,-0.4228023588657379,-1.4909262657165527,0.0,0.0,-0.0008747538668103516,-0.15734146535396576,0.0,0.0,0.15285648310893016,0.17985444900829142,-0.017141761258244514,0.08101724088191986,0.0,0.0,0.0,0.0
2.415550947189331,-0.41144511103630066,-1.427341341972351,0.0,0.0,-0.0008495679358020425,-0.1574292629957199,0.0,0.0,0.15285648310893016,0.17985444900829142,-0.017141761258244514,0.08101724088191986,0.0,0.0,0.0,0.0
2.417025327682495,-0.41144511103630066,-1.427341341972351,0.0,0.0,-0.0008495679358020425,-0.1574292629957199,0.0,0.0,0.15285648310893016,0.17976817195164857,-0.017141761258244514,0.08236192166805267,0.0,0.0,0.0,0.0
2.41851544380188,-0.41144511103630066,-1.427341341972351,0.0,0.0,-0.0008495679358020425,-0.1574292629957199,0.0,0.0,0.15285648310893016,0.17976817195164857,-0.017141761258244514,0.08236192166805267,0.0,0.0,0.0,0.0
2.420208215713501,-0.41144511103630066,-1.427341341972351,0.0,0.0,-0.0008495679358020425,-0.1574292629957199,0.0,0.0,0.15285648310893016,0.17966749978110572,-0.010394049808382988,0.07624159753322601,0.0,0.0,0.0,0.0
2.4217069149017334,-0.41144511103630066,-1.427341341972351,0.0,0.0,-0.0008495679358020425,-0.1574292629957199,0.0,0.0,0.15271747078136585,0.17956682761056286,-0.012024832889437675,0.07678516209125519,0.0,0.0,0.0,0.0
2.4231960773468018,-0.41144511103630066,-1.427341341972351,0.0,0.0,-0.0008495679358020425,-0.1574292629957199,0.0,0.0,0.15271747078136585,0.17956682761056286,-0.012024832889437675,0.07678516209125519,0.0,0.0,0.0,0.0
2.4248764514923096,-0.41144511103630066,-1.427341341972351,0.0,0.0,-0.0008495679358020425,-0.1574292629957199,0.0,0.0,0.15263118202137838,0.1793702933441218,-0.012597037479281425,0.07875925302505493,0.0,0.0,0.0,0.0
2.426375150680542,-0.4124258756637573,-1.249301791191101,0.0,0.0,-0.0008424376719631255,-0.1574295312166214,0.0,0.0,0.15252572318288016,0.1790682885358379,-0.0131692411378026,0.08001814782619476,0.0,0.0,0.0,0.0
2.427757501602173,-0.4124258756637573,-1.249301791191101,0.0,0.0,-0.0008424376719631255,-0.1574295312166214,0.0,0.0,0.15252572318288016,0.1790682885358379,-0.0131692411378026,0.08001814782619476,0.0,0.0,0.0,0.0
2.429237127304077,-0.4124258756637573,-1.249301791191101,0.0,0.0,-0.0008424376719631255,-0.1574295312166214,0.0,0.0,0.15254969163269086,0.1789005093871629,-0.00551445409655571,0.07619922608137131,0.0,0.0,0.0,0.0
2.430746555328369,-0.4124258756637573,-1.249301791191101,0.0,0.0,-0.0008424376719631255,-0.1574295312166214,0.0,0.0,0.15254969163269086,0.1789005093871629,-0.00551445409655571,0.07619922608137131,0.0,0.0,0.0,0.0
2.432614326477051,-0.4124258756637573,-1.249301791191101,0.0,0.0,-0.0008424376719631255,-0.1574295312166214,0.0,0.0,0.1524298493836373,0.1791545772958254,-0.00703082513064146,0.07010523229837418,0.0,0.0,0.0,0.0
2.434056282043457,-0.4124258756637573,-1.249301791191101,0.0,0.0,-0.0008424376719631255,-0.1574295312166214,0.0,0.0,0.15233876225234982,0.1790922569856486,-0.007603029254823923,0.07076329737901688,0.0,0.0,0.0,0.0
2.4356038570404053,-0.4116150736808777,-1.0978717803955078,0.0,0.0,-0.0008424376719631255,-0.1574295312166214,0.0,0.0,0.1522572718636623,0.1790922569856486,-0.008089388720691204,0.07210797816514969,0.0,0.0,0.0,0.0
2.4370360374450684,-0.4116150736808777,-1.0978717803955078,0.0,0.0,-0.0008424376719631255,-0.1574295312166214,0.0,0.0,0.1522572718636623,0.1790922569856486,-0.008089388720691204,0.07210797816514969,0.0,0.0,0.0,0.0
2.4384703636169434,-0.4116150736808777,-1.0978717803955078,0.0,0.0,-0.0008424376719631255,-0.1574295312166214,0.0,0.0,0.15224288845310696,0.1790922569856486,-0.008661593310534954,0.07210797816514969,0.0,0.0,0.0,0.0
2.439823627471924,-0.4116150736808777,-1.0978717803955078,0.0,0.0,-0.0008424376719631255,-0.1574295312166214,0.0,0.0,0.15224288845310696,0.1790922569856486,-0.008661593310534954,0.07210797816514969,0.0,0.0,0.0,0.0
2.4412858486175537,-0.4116150736808777,-1.0978717803955078,0.0,0.0,-0.0008424376719631255,-0.1574295312166214,0.0,0.0,0.15224288845310696,0.1790922569856486,-0.0005893176421523094,0.06535244733095169,0.0,0.0,0.0,0.0
2.4427554607391357,-0.4116150736808777,-1.0978717803955078,0.0,0.0,-0.0008424376719631255,-0.1574295312166214,0.0,0.0,0.15224288845310696,0.1790922569856486,-0.0005893176421523094,0.06535244733095169,0.0,0.0,0.0,0.0
2.4442291259765625,-0.4116150736808777,-1.0978717803955078,0.0,0.0,-0.0008424376719631255,-0.1574295312166214,0.0,0.0,0.15224288845310696,0.1790922569856486,-0.0005893176421523094,0.06535244733095169,0.0,0.0,0.0,0.0
2.4457380771636963,-0.4166978597640991,-0.9928717017173767,0.0,0.0,-0.0008542140712961555,-0.15744848549365997,0.0,0.0,0.15224288845310696,0.1790922569856486,-0.0005893176421523094,0.06535244733095169,0.0,0.0,0.0,0.0
2.44748854637146,-0.4166978597640991,-0.9928717017173767,0.0,0.0,-0.0008542140712961555,-0.15744848549365997,0.0,0.0,0.15224288845310696,0.1790922569856486,-0.0005893176421523094,0.06535244733095169,0.0,0.0,0.0,0.0
2.449132204055786,-0.4166978597640991,-0.9928717017173767,0.0,0.0,-0.0008542140712961555,-0.15744848549365997,0.0,0.0,0.15213742961460874,0.1790922569856486,-0.0020197732374072075,0.06535244733095169,0.0,0.0,0.0,0.0
2.450615882873535,-0.4166978597640991,-0.9928717017173767,0.0,0.0,-0.0008542140712961555,-0.15744848549365997,0.0,0.0,0.15213742961460874,0.1790922569856486,-0.0020197732374072075,0.06535244733095169,0.0,0.0,0.0,0.0
2.4523508548736572,-0.4166978597640991,-0.9928717017173767,0.0,0.0,-0.0008542140712961555,-0.15744848549365997,0.0,0.0,0.1520415558153659,0.1790922569856486,0.004055849276483059,0.05867527797818184,0.0,0.0,0.0,0.0
2.453810214996338,-0.4166978597640991,-0.9928717017173767,0.0,0.0,-0.0008542140712961555,-0.15744848549365997,0.0,0.0,0.1517874879067034,0.1790922569856486,0.0035122830886393785,0.05867527797818184,0.0,0.0,0.0,0.0
2.4556286334991455,-0.4052538573741913,-0.8618617057800293,0.0,0.0,-0.0008642206084914505,-0.1574796736240387,0.0,0.0,0.15161012371877305,0.1790922569856486,-0.0007506416295655072,0.05867527797818184,0.0,0.0,0.0,0.0
2.4569942951202393,-0.4052538573741913,-0.8618617057800293,0.0,0.0,-0.0008642206084914505,-0.1574796736240387,0.0,0.0,0.15161012371877305,0.1790922569856486,-0.0007506416295655072,0.05867527797818184,0.0,0.0,0.0,0.0
2.4583523273468018,-0.4052538573741913,-0.8618617057800293,0.0,0.0,-0.0008642206084914505,-0.1574796736240387,0.0,0.0,0.151571771858407,0.1786895917101665,0.0012520326999947429,0.0635676309466362,0.0,0.0,0.0,0.0
2.459669589996338,-0.4052538573741913,-0.8618617057800293,0.0,0.0,-0.0008642206084914505,-0.1574796736240387,0.0,0.0,0.151571771858407,0.1786895917101665,0.0012520326999947429,0.0635676309466362,0.0,0.0,0.0,0.0
2.461090564727783,-0.4052538573741913,-0.8618617057800293,0.0,0.0,-0.0008642206084914505,-0.1574796736240387,0.0,0.0,0.15150466488027486,0.1785218125614915,0.007590778172016144,0.05568177253007889,0.0,0.0,0.0,0.0
2.4624581336975098,-0.4052538573741913,-0.8618617057800293,0.0,0.0,-0.0008642206084914505,-0.1574796736240387,0.0,0.0,0.15126018201086772,0.1783492350415165,0.007018572650849819,0.05799916386604309,0.0,0.0,0.0,0.0
2.463791608810425,-0.4052538573741913,-0.8618617057800293,0.0,0.0,-0.0008642206084914505,-0.1574796736240387,0.0,0.0,0.15126018201086772,0.1783492350415165,0.007018572650849819,0.05799916386604309,0.0,0.0,0.0,0.0
2.46551251411438,-0.415213406085968,-0.7363607287406921,0.0,0.0,-0.0008544438169337809,-0.1574908345937729,0.0,0.0,0.15095818890592844,0.17827732969208435,0.0027270799037069082,0.05765584856271744,0.0,0.0,0.0,0.0
2.46696400642395,-0.415213406085968,-0.7363607287406921,0.0,0.0,-0.0008544438169337809,-0.1574908345937729,0.0,0.0,0.15095818890592844,0.17827732969208435,0.0027270799037069082,0.05765584856271744,0.0,0.0,0.0,0.0
2.468386650085449,-0.415213406085968,-0.7363607287406921,0.0,0.0,-0.0008544438169337809,-0.1574908345937729,0.0,0.0,0.1509677739451838,0.1783204682204058,0.004329239018261433,0.0565686970949173,0.0,0.0,0.0,0.0
2.4700300693511963,-0.415213406085968,-0.7363607287406921,0.0,0.0,-0.0008544438169337809,-0.1574908345937729,0.0,0.0,0.15101571084480522,0.1783204682204058,0.012190012261271477,0.04985234886407852,0.0,0.0,0.0,0.0
2.471471071243286,-0.415213406085968,-0.7363607287406921,0.0,0.0,-0.0008544438169337809,-0.1574908345937729,0.0,0.0,0.15101571084480522,0.1783204682204058,0.012190012261271477,0.04985234886407852,0.0,0.0,0.0,0.0
2.472975969314575,-0.415213406085968,-0.7363607287406921,0.0,0.0,-0.0008544438169337809,-0.1574908345937729,0.0,0.0,0.1508575167353856,0.1783204682204058,0.010444745421409607,0.04985234886407852,0.0,0.0,0.0,0.0
2.4743869304656982,-0.415213406085968,-0.7363607287406921,0.0,0.0,-0.0008544438169337809,-0.1574908345937729,0.0,0.0,0.1507712279753981,0.17821500938190757,0.009872540831565857,0.051311444491147995,0.0,0.0,0.0,0.0
2.4757027626037598,-0.3980133533477783,-0.6157001256942749,0.0,0.0,-0.0008186904015019536,-0.157511368393898,0.0,0.0,0.1507712279753981,0.17821500938190757,0.009872540831565857,0.051311444491147995,0.0,0.0,0.0,0.0
2.4771199226379395,-0.3980133533477783,-0.6157001256942749,0.0,0.0,-0.0008186904015019536,-0.157511368393898,0.0,0.0,0.15068973758671061,0.17812393395396472,0.009386180900037289,0.05185500904917717,0.0,0.0,0.0,0.0
2.4785192012786865,-0.3980133533477783,-0.6157001256942749,0.0,0.0,-0.0008186904015019536,-0.157511368393898,0.0,0.0,0.15068973758671061,0.17812393395396472,0.009386180900037289,0.05185500904917717,0.0,0.0,0.0,0.0
2.479830503463745,-0.3980133533477783,-0.6157001256942749,0.0,0.0,-0.0008186904015019536,-0.157511368393898,0.0,0.0,0.1504164995995374,0.17803284682267723,0.013736444525420666,0.045703738927841187,0.0,0.0,0.0,0.0
2.4812557697296143,-0.3980133533477783,-0.6157001256942749,0.0,0.0,-0.0008186904015019536,-0.157511368393898,0.0,0.0,0.1504164995995374,0.17803284682267723,0.013736444525420666,0.045703738927841187,0.0,0.0,0.0,0.0
2.4829556941986084,-0.3980133533477783,-0.6157001256942749,0.0,0.0,-0.0008186904015019536,-0.157511368393898,0.0,0.0,0.15035897766066061,0.1777979606958701,0.014136973768472672,0.04784952104091644,0.0,0.0,0.0,0.0
2.4846315383911133,-0.3980133533477783,-0.6157001256942749,0.0,0.0,-0.0008186904015019536,-0.157511368393898,0.0,0.0,0.15040211618898205,0.1776349799184951,0.01525275968015194,0.04887951910495758,0.0,0.0,0.0,0.0
2.4860708713531494,-0.4156486690044403,-0.5684399604797363,0.0,0.0,-0.0008359656203538179,-0.15756800770759583,0.0,0.0,0.15029665735048384,0.17780275906717008,0.013793665915727615,0.04673372209072113,0.0,0.0,0.0,0.0
2.4874610900878906,-0.4156486690044403,-0.5684399604797363,0.0,0.0,-0.0008359656203538179,-0.15756800770759583,0.0,0.0,0.15029665735048384,0.17780275906717008,0.013793665915727615,0.04673372209072113,0.0,0.0,0.0,0.0
2.4888768196105957,-0.4156486690044403,-0.5684399604797363,0.0,0.0,-0.0008359656203538179,-0.15756800770759583,0.0,0.0,0.15020557021919634,0.17789383449511295,0.019889753311872482,0.038206517696380615,0.0,0.0,0.0,0.0
2.4903924465179443,-0.4156486690044403,-0.5684399604797363,0.0,0.0,-0.0008359656203538179,-0.15756800770759583,0.0,0.0,0.1501144947912535,0.17748157247703084,0.019317548722028732,0.04392854869365692,0.0,0.0,0.0,0.0
2.4916861057281494,-0.4156486690044403,-0.5684399604797363,0.0,0.0,-0.0008359656203538179,-0.15756800770759583,0.0,0.0,0.1501144947912535,0.17748157247703084,0.019317548722028732,0.04392854869365692,0.0,0.0,0.0,0.0
2.4930777549743652,-0.4156486690044403,-0.5684399604797363,0.0,0.0,-0.0008359656203538179,-0.15756800770759583,0.0,0.0,0.1498891937037017,0.1773569435600219,0.01720040664076805,0.0439286045730114,0.0,0.0,0.0,0.0
2.494471788406372,-0.4156486690044403,-0.5684399604797363,0.0,0.0,-0.0008359656203538179,-0.15756800770759583,0.0,0.0,0.1498891937037017,0.1773569435600219,0.01720040664076805,0.0439286045730114,0.0,0.0,0.0,0.0
2.4958817958831787,-0.38487374782562256,-0.43905892968177795,0.0,0.0,-0.0008066492155194283,-0.1575874239206314,0.0,0.0,0.1497789364939035,0.1771651959615362,0.0159987211227417,0.0450730137526989,0.0,0.0,0.0,0.0
2.4973032474517822,-0.38487374782562256,-0.43905892968177795,0.0,0.0,-0.0008066492155194283,-0.1575874239206314,0.0,0.0,0.1497789364939035,0.1771651959615362,0.0159987211227417,0.0450730137526989,0.0,0.0,0.0,0.0
2.4987194538116455,-0.38487374782562256,-0.43905892968177795,0.0,0.0,-0.0008066492155194283,-0.1575874239206314,0.0,0.0,0.14978852153315886,0.1768679895245523,0.01820172183215618,0.04776236042380333,0.0,0.0,0.0,0.0
2.500119686126709,-0.38487374782562256,-0.43905892968177795,0.0,0.0,-0.0008066492155194283,-0.1575874239206314,0.0,0.0,0.14978852153315886,0.1768679895245523,0.01820172183215618,0.04776236042380333,0.0,0.0,0.0,0.0
2.501842975616455,-0.38487374782562256,-0.43905892968177795,0.0,0.0,-0.0008066492155194283,-0.1575874239206314,0.0,0.0,0.14978852153315886,0.17678648743252015,0.024883918464183807,0.041049350053071976,0.0,0.0,0.0,0.0
2.503265380859375,-0.38487374782562256,-0.43905892968177795,0.0,0.0,-0.0008066492155194283,-0.1575874239206314,0.0,0.0,0.14964950920559458,0.17678648743252015,0.02319592610001564,0.04024830833077431,0.0,0.0,0.0,0.0
2.504788398742676,-0.38487374782562256,-0.43905892968177795,0.0,0.0,-0.0008066492155194283,-0.1575874239206314,0.0,0.0,0.14957280548486246,0.17666185851551122,0.022738134488463402,0.04053441062569618,0.0,0.0,0.0,0.0
2.506190538406372,-0.4087893068790436,-0.3740249574184418,0.0,0.0,-0.0008250255486927927,-0.1576383113861084,0.0,0.0,0.14957280548486246,0.17666185851551122,0.022738134488463402,0.04053441062569618,0.0,0.0,0.0,0.0
2.507694721221924,-0.4087893068790436,-0.3740249574184418,0.0,0.0,-0.0008250255486927927,-0.1576383113861084,0.0,0.0,0.14949131509617494,0.17658036812682373,0.022280413657426834,0.04104940965771675,0.0,0.0,0.0,0.0
2.5090925693511963,-0.4087893068790436,-0.3740249574184418,0.0,0.0,-0.0008250255486927927,-0.1576383113861084,0.0,0.0,0.1494817300569196,0.17649407936683623,0.028487421572208405,0.03484372794628143,0.0,0.0,0.0,0.0
2.5104894638061523,-0.4087893068790436,-0.3740249574184418,0.0,0.0,-0.0008250255486927927,-0.1576383113861084,0.0,0.0,0.1494817300569196,0.17649407936683623,0.028487421572208405,0.03484372794628143,0.0,0.0,0.0,0.0
2.5117874145507812,-0.4087893068790436,-0.3740249574184418,0.0,0.0,-0.0008250255486927927,-0.1576383113861084,0.0,0.0,0.1494817300569196,0.17640779060684875,0.029774894937872887,0.03538736328482628,0.0,0.0,0.0,0.0
2.5132391452789307,-0.4087893068790436,-0.3740249574184418,0.0,0.0,-0.0008250255486927927,-0.1576383113861084,0.0,0.0,0.1494817300569196,0.17640779060684875,0.029774894937872887,0.03538736328482628,0.0,0.0,0.0,0.0
2.5150980949401855,-0.4087893068790436,-0.3740249574184418,0.0,0.0,-0.0008250255486927927,-0.1576383113861084,0.0,0.0,0.14933791935805532,0.17630233176835053,0.02811547741293907,0.03598813712596893,0.0,0.0,0.0,0.0
2.51676082611084,-0.3892119824886322,-0.2969095706939697,0.0,0.0,-0.000806677620857954,-0.15767376124858856,0.0,0.0,0.14924683222676782,0.17620165959780767,0.02757190726697445,0.03653177246451378,0.0,0.0,0.0,0.0
2.518157720565796,-0.3892119824886322,-0.2969095706939697,0.0,0.0,-0.000806677620857954,-0.15767376124858856,0.0,0.0,0.14924683222676782,0.17620165959780767,0.02757190726697445,0.03653177246451378,0.0,0.0,0.0,0.0
2.5195417404174805,-0.3892119824886322,-0.2969095706939697,0.0,0.0,-0.000806677620857954,-0.15767376124858856,0.0,0.0,0.14915575679882495,0.1759715601389559,0.033670373260974884,0.03209342807531357,0.0,0.0,0.0,0.0
2.5211334228515625,-0.3892119824886322,-0.2969095706939697,0.0,0.0,-0.000806677620857954,-0.15767376124858856,0.0,0.0,0.14893524237922856,0.1758085793615809,0.03149602189660072,0.033123426139354706,0.0,0.0,0.0,0.0
2.5225460529327393,-0.3892119824886322,-0.2969095706939697,0.0,0.0,-0.000806677620857954,-0.15767376124858856,0.0,0.0,0.14893524237922856,0.1758085793615809,0.03149602189660072,0.033123426139354706,0.0,0.0,0.0,0.0
2.5242109298706055,-0.3892119824886322,-0.2969095706939697,0.0,0.0,-0.000806677620857954,-0.15767376124858856,0.0,0.0,0.14876746323055356,0.17566476866271663,0.03183934465050697,0.03398173302412033,0.0,0.0,0.0,0.0
2.5255746841430664,-0.40328001976013184,-0.18850596249103546,0.0,0.0,-0.0008329582633450627,-0.15770989656448364,0.0,0.0,0.14860448245317856,0.17536756222573271,0.029521873220801353,0.03644218295812607,0.0,0.0,0.0,0.0
2.52697491645813,-0.40328001976013184,-0.18850596249103546,0.0,0.0,-0.0008329582633450627,-0.15770989656448364,0.0,0.0,0.14860448245317856,0.17536756222573271,0.029521873220801353,0.03644218295812607,0.0,0.0,0.0,0.0
2.5283639430999756,-0.40328001976013184,-0.18850596249103546,0.0,0.0,-0.0008329582633450627,-0.15770989656448364,0.0,0.0,0.14835041454451608,0.17521416648761307,0.02723311074078083,0.03781548887491226,0.0,0.0,0.0,0.0
2.529649496078491,-0.40328001976013184,-0.18850596249103546,0.0,0.0,-0.0008329582633450627,-0.15770989656448364,0.0,0.0,0.14818743376714108,0.17510390927781486,0.03380956873297691,0.029292812570929527,0.0,0.0,0.0,0.0
2.531039237976074,-0.40328001976013184,-0.18850596249103546,0.0,0.0,-0.0008329582633450627,-0.15770989656448364,0.0,0.0,0.14818743376714108,0.17510390927781486,0.03380956873297691,0.029292812570929527,0.0,0.0,0.0,0.0
2.532329797744751,-0.40328001976013184,-0.18850596249103546,0.0,0.0,-0.0008329582633450627,-0.15770989656448364,0.0,0.0,0.14816346531733038,0.1749025766400738,0.03443899378180504,0.031753331422805786,0.0,0.0,0.0,0.0
2.533720016479492,-0.40328001976013184,-0.18850596249103546,0.0,0.0,-0.0008329582633450627,-0.15770989656448364,0.0,0.0,0.14816346531733038,0.1749025766400738,0.03443899378180504,0.031753331422805786,0.0,0.0,0.0,0.0
2.535278081893921,-0.4068344533443451,-0.08580061048269272,0.0,0.0,-0.0008467606967315078,-0.1577453911304474,0.0,0.0,0.14808197492864286,0.17473958415935417,0.03392399474978447,0.03278325870633125,0.0,0.0,0.0,0.0
2.536766767501831,-0.4068344533443451,-0.08580061048269272,0.0,0.0,-0.0008467606967315078,-0.1577453911304474,0.0,0.0,0.14774161825999288,0.17457660338197917,0.0304335318505764,0.03381325677037239,0.0,0.0,0.0,0.0
2.53818941116333,-0.4068344533443451,-0.08580061048269272,0.0,0.0,-0.0008467606967315078,-0.1577453911304474,0.0,0.0,0.14774161825999288,0.17457660338197917,0.0304335318505764,0.03381325677037239,0.0,0.0,0.0,0.0
2.5395874977111816,-0.4068344533443451,-0.08580061048269272,0.0,0.0,-0.0008467606967315078,-0.1577453911304474,0.0,0.0,0.1476026059324286,0.1744279943118149,0.03555696830153465,0.02811823971569538,0.0,0.0,0.0,0.0
2.540985107421875,-0.4068344533443451,-0.08580061048269272,0.0,0.0,-0.0008467606967315078,-0.1577453911304474,0.0,0.0,0.1476026059324286,0.1744279943118149,0.03555696830153465,0.02811823971569538,0.0,0.0,0.0,0.0
2.542710781097412,-0.4068344533443451,-0.08580061048269272,0.0,0.0,-0.0008467606967315078,-0.1577453911304474,0.0,0.0,0.14743961345170897,0.1738767199661685,0.035928934812545776,0.0324956476688385,0.0,0.0,0.0,0.0
2.544128656387329,-0.4068344533443451,-0.08580061048269272,0.0,0.0,-0.0008467606967315078,-0.1577453911304474,0.0,0.0,0.1470225647656715,0.17365621724991673,0.03160880133509636,0.03341114893555641,0.0,0.0,0.0,0.0
2.5456864833831787,-0.41723567247390747,-0.021678278222680092,0.0,0.0,-0.0008523180731572211,-0.15779943764209747,0.0,0.0,0.14691710592717327,0.17339735096995423,0.03415512666106224,0.03512776270508766,0.0,0.0,0.0,0.0
2.5470924377441406,-0.41723567247390747,-0.021678278222680092,0.0,0.0,-0.0008523180731572211,-0.15779943764209747,0.0,0.0,0.14691710592717327,0.17339735096995423,0.03415512666106224,0.03512776270508766,0.0,0.0,0.0,0.0
2.548553466796875,-0.41723567247390747,-0.021678278222680092,0.0,0.0,-0.0008523180731572211,-0.15779943764209747,0.0,0.0,0.1467445284071983,0.17275500119636497,0.03839942812919617,0.03445829823613167,0.0,0.0,0.0,0.0
2.5499613285064697,-0.41723567247390747,-0.021678278222680092,0.0,0.0,-0.0008523180731572211,-0.15779943764209747,0.0,0.0,0.1467445284071983,0.17275500119636497,0.03839942812919617,0.03445829823613167,0.0,0.0,0.0,0.0
2.551609754562378,-0.41723567247390747,-0.021678278222680092,0.0,0.0,-0.0008523180731572211,-0.15779943764209747,0.0,0.0,0.14645690700946973,0.1726687124363775,0.0358244925737381,0.03257002308964729,0.0,0.0,0.0,0.0
2.553194761276245,-0.41723567247390747,-0.021678278222680092,0.0,0.0,-0.0008523180731572211,-0.15779943764209747,0.0,0.0,0.1461644989437858,0.17228041886810608,0.034250929951667786,0.0358029380440712,0.0,0.0,0.0,0.0
2.554532051086426,-0.41723567247390747,-0.021678278222680092,0.0,0.0,-0.0008523180731572211,-0.15779943764209747,0.0,0.0,0.1461644989437858,0.17228041886810608,0.034250929951667786,0.0358029380440712,0.0,0.0,0.0,0.0
2.5558078289031982,-0.4191320538520813,0.03228170424699783,0.0,0.0,-0.0008651814423501492,-0.15786051750183105,0.0,0.0,0.1457810037468144,0.1719544573133561,0.030932102352380753,0.03774844855070114,0.0,0.0,0.0,0.0
2.5572097301483154,-0.4191320538520813,0.03228170424699783,0.0,0.0,-0.0008651814423501492,-0.15786051750183105,0.0,0.0,0.1457810037468144,0.1719544573133561,0.030932102352380753,0.03774844855070114,0.0,0.0,0.0,0.0
2.5588297843933105,-0.4191320538520813,0.03228170424699783,0.0,0.0,-0.0008651814423501492,-0.15786051750183105,0.0,0.0,0.14559884118758407,0.17135524606808825,0.03078906424343586,0.04281247407197952,0.0,0.0,0.0,0.0
2.5602359771728516,-0.4191320538520813,0.03228170424699783,0.0,0.0,-0.0008651814423501492,-0.15786051750183105,0.0,0.0,0.14532560320041085,0.17094778242130612,0.03588365763425827,0.037948161363601685,0.0,0.0,0.0,0.0
2.5616514682769775,-0.4191320538520813,0.03228170424699783,0.0,0.0,-0.0008651814423501492,-0.15786051750183105,0.0,0.0,0.14532560320041085,0.17094778242130612,0.03588365763425827,0.037948161363601685,0.0,0.0,0.0,0.0
2.5630908012390137,-0.4191320538520813,0.03228170424699783,0.0,0.0,-0.0008651814423501492,-0.15786051750183105,0.0,0.0,0.1449229262215841,0.1702383139662401,0.03256482630968094,0.043012168258428574,0.0,0.0,0.0,0.0
2.564432144165039,-0.4191320538520813,0.03228170424699783,0.0,0.0,-0.0008651814423501492,-0.15786051750183105,0.0,0.0,0.1449229262215841,0.1702383139662401,0.03256482630968094,0.043012168258428574,0.0,0.0,0.0,0.0
2.566059112548828,-0.41170209646224976,-0.01782587543129921,0.0,0.0,-0.0008740534540265799,-0.1579674482345581,0.0,0.0,0.14455861280646803,0.1695719840394955,0.03001854568719864,0.047532618045806885,0.0,0.0,0.0,0.0
2.5675048828125,-0.41170209646224976,-0.01782587543129921,0.0,0.0,-0.0008740534540265799,-0.1579674482345581,0.0,0.0,0.14391625132953415,0.16878102519574195,0.024897314608097076,0.054456304758787155,0.0,0.0,0.0,0.0
2.568937301635742,-0.41170209646224976,-0.01782587543129921,0.0,0.0,-0.0008740534540265799,-0.1579674482345581,0.0,0.0,0.14391625132953415,0.16878102519574195,0.024897314608097076,0.054456304758787155,0.0,0.0,0.0,0.0
2.570373058319092,-0.41170209646224976,-0.01782587543129921,0.0,0.0,-0.0008740534540265799,-0.1579674482345581,0.0,0.0,0.14339374380499845,0.1679181610025563,0.02853589691221714,0.05276322737336159,0.0,0.0,0.0,0.0
2.571713447570801,-0.41170209646224976,-0.01782587543129921,0.0,0.0,-0.0008740534540265799,-0.1579674482345581,0.0,0.0,0.14339374380499845,0.1679181610025563,0.02853589691221714,0.05276322737336159,0.0,0.0,0.0,0.0
2.5731637477874756,-0.41170209646224976,-0.01782587543129921,0.0,0.0,-0.0008740534540265799,-0.1579674482345581,0.0,0.0,0.1428328844200967,0.16666221657314384,0.02484520524740219,0.06546621769666672,0.0,0.0,0.0,0.0
2.5746212005615234,-0.41170209646224976,-0.01782587543129921,0.0,0.0,-0.0008740534540265799,-0.1579674482345581,0.0,0.0,0.1428328844200967,0.16666221657314384,0.02484520524740219,0.06546621769666672,0.0,0.0,0.0,0.0
2.576322555541992,-0.44327521324157715,-0.01472898107022047,0.0,0.0,-0.0009155349689535797,-0.15806739032268524,0.0,0.0,0.1419987753446771,0.1654062721437314,0.018608134239912033,0.0741923525929451,0.0,0.0,0.0,0.0
2.5778098106384277,-0.44327521324157715,-0.01472898107022047,0.0,0.0,-0.0009155349689535797,-0.15806739032268524,0.0,0.0,0.14120781650092357,0.16400651701545468,0.013658616691827774,0.07891301810741425,0.0,0.0,0.0,0.0
2.5791826248168945,-0.44327521324157715,-0.01472898107022047,0.0,0.0,-0.0009155349689535797,-0.15806739032268524,0.0,0.0,0.14120781650092357,0.16400651701545468,0.013658616691827774,0.07891301810741425,0.0,0.0,0.0,0.0
2.580674409866333,-0.44327521324157715,-0.01472898107022047,0.0,0.0,-0.0009155349689535797,-0.15806739032268524,0.0,0.0,0.14027304695830575,0.16245335444571368,0.0110252620652318,0.08535078912973404,0.0,0.0,0.0,0.0
2.5821619033813477,-0.44327521324157715,-0.01472898107022047,0.0,0.0,-0.0009155349689535797,-0.15806739032268524,0.0,0.0,0.13896436725797187,0.16054067683215664,0.003987102769315243,0.09979891777038574,0.0,0.0,0.0,0.0
2.583697557449341,-0.44327521324157715,-0.01472898107022047,0.0,0.0,-0.0009155349689535797,-0.15806739032268524,0.0,0.0,0.13896436725797187,0.16054067683215664,0.003987102769315243,0.09979891777038574,0.0,0.0,0.0,0.0
2.585446357727051,-0.47838878631591797,-0.11332016438245773,0.0,0.0,-0.0009797229431569576,-0.15821442008018494,0.0,0.0,0.1378522335274237,0.1590306644940817,-0.002936573000624776,0.10560678690671921,0.0,0.0,0.0,0.0
2.5869250297546387,-0.47838878631591797,-0.11332016438245773,0.0,0.0,-0.0009797229431569576,-0.15821442008018494,0.0,0.0,0.136457276770447,0.15725220083678892,-0.012521014548838139,0.11536289006471634,0.0,0.0,0.0,0.0
2.5883729457855225,-0.47838878631591797,-0.11332016438245773,0.0,0.0,-0.0009797229431569576,-0.15821442008018494,0.0,0.0,0.136457276770447,0.15725220083678892,-0.012521014548838139,0.11536289006471634,0.0,0.0,0.0,0.0
2.590134859085083,-0.47838878631591797,-0.11332016438245773,0.0,0.0,-0.0009797229431569576,-0.15821442008018494,0.0,0.0,0.13506710668142563,0.15563194299226044,-0.014578716829419136,0.1219409853219986,0.0,0.0,0.0,0.0
2.5916340351104736,-0.47838878631591797,-0.11332016438245773,0.0,0.0,-0.0009797229431569576,-0.15821442008018494,0.0,0.0,0.13394537620827748,0.1544478922089355,-0.02230347879230976,0.12700501084327698,0.0,0.0,0.0,0.0
2.593095302581787,-0.47838878631591797,-0.11332016438245773,0.0,0.0,-0.0009797229431569576,-0.15821442008018494,0.0,0.0,0.13394537620827748,0.1544478922089355,-0.02230347879230976,0.12700501084327698,0.0,0.0,0.0,0.0
2.594566822052002,-0.47838878631591797,-0.11332016438245773,0.0,0.0,-0.0009797229431569576,-0.15821442008018494,0.0,0.0,0.1325935579796222,0.15322071460063377,-0.030743494629859924,0.13095325231552124,0.0,0.0,0.0,0.0
2.596008062362671,-0.5730028748512268,-0.4471607208251953,0.0,0.0,-0.0010990669252350926,-0.15846846997737885,0.0,0.0,0.1325935579796222,0.15322071460063377,-0.030743494629859924,0.13095325231552124,0.0,0.0,0.0,0.0
2.5978336334228516,-0.5730028748512268,-0.4471607208251953,0.0,0.0,-0.0010990669252350926,-0.15846846997737885,0.0,0.0,0.13131364510039903,0.15264547180517665,-0.035893309861421585,0.12980884313583374,0.0,0.0,0.0,0.0
2.5993175506591797,-0.5730028748512268,-0.4471607208251953,0.0,0.0,-0.0010990669252350926,-0.15846846997737885,0.0,0.0,0.13031175687630445,0.15218048621951774,-0.035116150975227356,0.1245957463979721,0.0,0.0,0.0,0.0
2.6006884574890137,-0.5730028748512268,-0.4471607208251953,0.0,0.0,-0.0010990669252350926,-0.15846846997737885,0.0,0.0,0.13031175687630445,0.15218048621951774,-0.035116150975227356,0.1245957463979721,0.0,0.0,0.0,0.0
2.60217022895813,-0.5730028748512268,-0.4471607208251953,0.0,0.0,-0.0010990669252350926,-0.15846846997737885,0.0,0.0,0.12951601136459553,0.15187368303993384,-0.03800578415393829,0.12442410737276077,0.0,0.0,0.0,0.0
2.6037116050720215,-0.5730028748512268,-0.4471607208251953,0.0,0.0,-0.0010990669252350926,-0.15846846997737885,0.0,0.0,0.12890241670877237,0.1519072365289999,-0.040294576436281204,0.12170609086751938,0.0,0.0,0.0,0.0
2.605219602584839,-0.5730028748512268,-0.4471607208251953,0.0,0.0,-0.0010990669252350926,-0.15846846997737885,0.0,0.0,0.12890241670877237,0.1519072365289999,-0.040294576436281204,0.12170609086751938,0.0,0.0,0.0,0.0
2.6067075729370117,-0.661582887172699,-1.0546629428863525,0.0,0.0,-0.0012812184868380427,-0.15891776978969574,0.0,0.0,0.12828882205294917,0.15193600335011062,-0.04246896877884865,0.1207333579659462,0.0,0.0,0.0,0.0
2.6080892086029053,-0.661582887172699,-1.0546629428863525,0.0,0.0,-0.0012812184868380427,-0.15891776978969574,0.0,0.0,0.12828882205294917,0.15193600335011062,-0.04246896877884865,0.1207333579659462,0.0,0.0,0.0,0.0
2.6095845699310303,-0.661582887172699,-1.0546629428863525,0.0,0.0,-0.0012812184868380427,-0.15891776978969574,0.0,0.0,0.12827443864239382,0.15271737715460879,-0.03199270740151405,0.10957323014736176,0.0,0.0,0.0,0.0
2.611050605773926,-0.661582887172699,-1.0546629428863525,0.0,0.0,-0.0012812184868380427,-0.15891776978969574,0.0,0.0,0.1281162562363188,0.15366173173648195,-0.032994065433740616,0.09552561491727829,0.0,0.0,0.0,0.0
2.612539768218994,-0.661582887172699,-1.0546629428863525,0.0,0.0,-0.0012812184868380427,-0.15891776978969574,0.0,0.0,0.1281162562363188,0.15366173173648195,-0.032994065433740616,0.09552561491727829,0.0,0.0,0.0,0.0
2.6140780448913574,-0.661582887172699,-1.0546629428863525,0.0,0.0,-0.0012812184868380427,-0.15891776978969574,0.0,0.0,0.12799641398726525,0.15465402321797656,-0.034081265330314636,0.09008967131376266,0.0,0.0,0.0,0.0
2.615722894668579,-0.6708583235740662,-1.639078974723816,0.0,0.0,-0.001370833721011877,-0.15942031145095825,0.0,0.0,0.1280059990265206,0.15568466655983723,-0.031935472041368484,0.08345212042331696,0.0,0.0,0.0,0.0
2.617194175720215,-0.6708583235740662,-1.639078974723816,0.0,0.0,-0.001370833721011877,-0.15942031145095825,0.0,0.0,0.1280059990265206,0.15568466655983723,-0.031935472041368484,0.08345212042331696,0.0,0.0,0.0,0.0
2.618589162826538,-0.6708583235740662,-1.639078974723816,0.0,0.0,-0.001370833721011877,-0.15942031145095825,0.0,0.0,0.1280059990265206,0.15670572486244252,-0.031935472041368484,0.07735811918973923,0.0,0.0,0.0,0.0
2.619964361190796,-0.6708583235740662,-1.639078974723816,0.0,0.0,-0.001370833721011877,-0.15942031145095825,0.0,0.0,0.1280059990265206,0.15670572486244252,-0.031935472041368484,0.07735811918973923,0.0,0.0,0.0,0.0
2.621339797973633,-0.6708583235740662,-1.639078974723816,0.0,0.0,-0.001370833721011877,-0.15942031145095825,0.0,0.0,0.1280059990265206,0.15744394843527465,-0.025361405685544014,0.06826427578926086,0.0,0.0,0.0,0.0
2.6227850914001465,-0.6708583235740662,-1.639078974723816,0.0,0.0,-0.001370833721011877,-0.15942031145095825,0.0,0.0,0.1280059990265206,0.15744394843527465,-0.025361405685544014,0.06826427578926086,0.0,0.0,0.0,0.0
2.6243083477020264,-0.6708583235740662,-1.639078974723816,0.0,0.0,-0.001370833721011877,-0.15942031145095825,0.0,0.0,0.1280059990265206,0.15767404789412642,-0.025361405685544014,0.06955172121524811,0.0,0.0,0.0,0.0
2.6260461807250977,-0.5546520948410034,-1.780376672744751,0.0,0.0,-0.0012254209723323584,-0.15973980724811554,0.0,0.0,0.1280059990265206,0.15779868851447998,-0.025361405685544014,0.0709536224603653,0.0,0.0,0.0,0.0
2.627570390701294,-0.5546520948410034,-1.780376672744751,0.0,0.0,-0.0012254209723323584,-0.15973980724811554,0.0,0.0,0.1280059990265206,0.15779868851447998,-0.025361405685544014,0.0709536224603653,0.0,0.0,0.0,0.0
2.6289618015289307,-0.5546520948410034,-1.780376672744751,0.0,0.0,-0.0012254209723323584,-0.15973980724811554,0.0,0.0,0.1280059990265206,0.1579233174314889,-0.01877029612660408,0.06316012889146805,0.0,0.0,0.0,0.0
2.6303176879882812,-0.5546520948410034,-1.780376672744751,0.0,0.0,-0.0012254209723323584,-0.15973980724811554,0.0,0.0,0.1280059990265206,0.1579233174314889,-0.01877029612660408,0.06316012889146805,0.0,0.0,0.0,0.0
2.6316635608673096,-0.5546520948410034,-1.780376672744751,0.0,0.0,-0.0012254209723323584,-0.15973980724811554,0.0,0.0,0.1279245086378331,0.1579233174314889,-0.01877029612660408,0.06522008031606674,0.0,0.0,0.0,0.0
2.6330175399780273,-0.5546520948410034,-1.780376672744751,0.0,0.0,-0.0012254209723323584,-0.15973980724811554,0.0,0.0,0.1279245086378331,0.1579233174314889,-0.01877029612660408,0.06522008031606674,0.0,0.0,0.0,0.0
2.634363889694214,-0.5546520948410034,-1.780376672744751,0.0,0.0,-0.0012254209723323584,-0.15973980724811554,0.0,0.0,0.12781903809599027,0.1579233174314889,-0.020687181502580643,0.06522008031606674,0.0,0.0,0.0,0.0
2.6357107162475586,-0.40006589889526367,-1.4098182916641235,0.0,0.0,-0.0009707141434773803,-0.15972387790679932,0.0,0.0,0.12781903809599027,0.1579233174314889,-0.020687181502580643,0.06522008031606674,0.0,0.0,0.0,0.0
2.637404203414917,-0.40006589889526367,-1.4098182916641235,0.0,0.0,-0.0009707141434773803,-0.15972387790679932,0.0,0.0,0.12745951134882957,0.15730493610771035,-0.02443510852754116,0.0701124295592308,0.0,0.0,0.0,0.0
2.6387951374053955,-0.40006589889526367,-1.4098182916641235,0.0,0.0,-0.0009707141434773803,-0.15972387790679932,0.0,0.0,0.12745951134882957,0.15730493610771035,-0.02443510852754116,0.0701124295592308,0.0,0.0,0.0,0.0
2.6401586532592773,-0.40006589889526367,-1.4098182916641235,0.0,0.0,-0.0009707141434773803,-0.15972387790679932,0.0,0.0,0.12736843592088673,0.15649480718544612,-0.016734344884753227,0.07451516389846802,0.0,0.0,0.0,0.0
2.641509771347046,-0.40006589889526367,-1.4098182916641235,0.0,0.0,-0.0009707141434773803,-0.15972387790679932,0.0,0.0,0.12736843592088673,0.15649480718544612,-0.016734344884753227,0.07451516389846802,0.0,0.0,0.0,0.0
2.6428780555725098,-0.40006589889526367,-1.4098182916641235,0.0,0.0,-0.0009707141434773803,-0.15972387790679932,0.0,0.0,0.12739240437069743,0.15576137028056936,-0.015761610120534897,0.07729033380746841,0.0,0.0,0.0,0.0
2.644256353378296,-0.40006589889526367,-1.4098182916641235,0.0,0.0,-0.0009707141434773803,-0.15972387790679932,0.0,0.0,0.12739240437069743,0.15576137028056936,-0.015761610120534897,0.07729033380746841,0.0,0.0,0.0,0.0
2.6456189155578613,-0.27313607931137085,-1.0291094779968262,0.0,0.0,-0.0006591285346075892,-0.15955853462219238,0.0,0.0,0.12739240437069743,0.1551669457032569,-0.015761610120534897,0.07915003597736359,0.0,0.0,0.0,0.0
2.647001266479492,-0.27313607931137085,-1.0291094779968262,0.0,0.0,-0.0006591285346075892,-0.15955853462219238,0.0,0.0,0.12739240437069743,0.1551669457032569,-0.015761610120534897,0.07915003597736359,0.0,0.0,0.0,0.0
2.6489317417144775,-0.27313607931137085,-1.0291094779968262,0.0,0.0,-0.0006591285346075892,-0.15955853462219238,0.0,0.0,0.12739240437069743,0.15442872213042477,-0.015761610120534897,0.08501509577035904,0.0,0.0,0.0,0.0
2.650326728820801,-0.27313607931137085,-1.0291094779968262,0.0,0.0,-0.0006591285346075892,-0.15955853462219238,0.0,0.0,0.12779506964617957,0.15436161515229263,-0.0044265808537602425,0.07628361135721207,0.0,0.0,0.0,0.0
2.651808261871338,-0.27313607931137085,-1.0291094779968262,0.0,0.0,-0.0006591285346075892,-0.15955853462219238,0.0,0.0,0.12779506964617957,0.15436161515229263,-0.0044265808537602425,0.07628361135721207,0.0,0.0,0.0,0.0
2.6531941890716553,-0.27313607931137085,-1.0291094779968262,0.0,0.0,-0.0006591285346075892,-0.15955853462219238,0.0,0.0,0.1282600669351831,0.1540643970119641,-0.0007358749862760305,0.0780574232339859,0.0,0.0,0.0,0.0
2.654592275619507,-0.27313607931137085,-1.0291094779968262,0.0,0.0,-0.0006591285346075892,-0.15955853462219238,0.0,0.0,0.1282600669351831,0.1540643970119641,-0.0007358749862760305,0.0780574232339859,0.0,0.0,0.0,0.0
2.656036615371704,-0.28174638748168945,-0.9006126523017883,0.0,0.0,-0.0006208117702044547,-0.15953689813613892,0.0,0.0,0.12866753058196523,0.15388703282403374,0.0016959946369752288,0.07771410048007965,0.0,0.0,0.0,0.0
2.657468318939209,-0.28174638748168945,-0.9006126523017883,0.0,0.0,-0.0006208117702044547,-0.15953689813613892,0.0,0.0,0.12866753058196523,0.15388703282403374,0.0016959946369752288,0.07771410048007965,0.0,0.0,0.0,0.0
2.6588613986968994,-0.28174638748168945,-0.9006126523017883,0.0,0.0,-0.0006208117702044547,-0.15953689813613892,0.0,0.0,0.12892158678728308,0.15377198894628016,0.0008662979234941304,0.07885850965976715,0.0,0.0,0.0,0.0
2.6602206230163574,-0.28174638748168945,-0.9006126523017883,0.0,0.0,-0.0006208117702044547,-0.15953689813613892,0.0,0.0,0.12892158678728308,0.15377198894628016,0.0008662979234941304,0.07885850965976715,0.0,0.0,0.0,0.0
2.661576986312866,-0.28174638748168945,-0.9006126523017883,0.0,0.0,-0.0006208117702044547,-0.15953689813613892,0.0,0.0,0.12908936593595807,0.15377677561423553,0.009477445855736732,0.07019027322530746,0.0,0.0,0.0,0.0
2.662998914718628,-0.28174638748168945,-0.9006126523017883,0.0,0.0,-0.0006208117702044547,-0.15953689813613892,0.0,0.0,0.12908936593595807,0.15377677561423553,0.009477445855736732,0.07019027322530746,0.0,0.0,0.0,0.0
2.6645636558532715,-0.28174638748168945,-0.9006126523017883,0.0,0.0,-0.0006208117702044547,-0.15953689813613892,0.0,0.0,0.1290845792680027,0.15377677561423553,0.0074461339972913265,0.07019027322530746,0.0,0.0,0.0,0.0
2.6659793853759766,-0.366260826587677,-1.001916766166687,0.0,0.0,-0.0006842788425274193,-0.15963053703308105,0.0,0.0,0.1290845792680027,0.15377677561423553,0.0074461339972913265,0.07019027322530746,0.0,0.0,0.0,0.0
2.6673662662506104,-0.366260826587677,-1.001916766166687,0.0,0.0,-0.0006842788425274193,-0.15963053703308105,0.0,0.0,0.1290845792680027,0.15377677561423553,0.0074461339972913265,0.07019027322530746,0.0,0.0,0.0,0.0
2.668733835220337,-0.366260826587677,-1.001916766166687,0.0,0.0,-0.0006842788425274193,-0.15963053703308105,0.0,0.0,0.1290845792680027,0.15377677561423553,0.0074461339972913265,0.07019027322530746,0.0,0.0,0.0,0.0
2.67032790184021,-0.366260826587677,-1.001916766166687,0.0,0.0,-0.0006842788425274193,-0.15963053703308105,0.0,0.0,0.1290845792680027,0.15377677561423553,0.014014474116265774,0.06362263113260269,0.0,0.0,0.0,0.0
2.671693801879883,-0.366260826587677,-1.001916766166687,0.0,0.0,-0.0006842788425274193,-0.15963053703308105,0.0,0.0,0.1290845792680027,0.15377677561423553,0.014014474116265774,0.06362263113260269,0.0,0.0,0.0,0.0
2.6731009483337402,-0.366260826587677,-1.001916766166687,0.0,0.0,-0.0006842788425274193,-0.15963053703308105,0.0,0.0,0.12900787554727056,0.15377677561423553,0.014014474116265774,0.06362263113260269,0.0,0.0,0.0,0.0
2.6745219230651855,-0.366260826587677,-1.001916766166687,0.0,0.0,-0.0006842788425274193,-0.15963053703308105,0.0,0.0,0.1283415573238706,0.15377677561423553,0.0054314034059643745,0.06362263113260269,0.0,0.0,0.0,0.0
2.6758337020874023,-0.4548536539077759,-0.8844835162162781,0.0,0.0,-0.00088904844596982,-0.15970714390277863,0.0,0.0,0.1283415573238706,0.15377677561423553,0.0054314034059643745,0.06362263113260269,0.0,0.0,0.0,0.0
2.677259683609009,-0.4548536539077759,-0.8844835162162781,0.0,0.0,-0.00088904844596982,-0.15970714390277863,0.0,0.0,0.12781903809599027,0.15377677561423553,0.0024558971635997295,0.06362263113260269,0.0,0.0,0.0,0.0
2.678617477416992,-0.4548536539077759,-0.8844835162162781,0.0,0.0,-0.00088904844596982,-0.15970714390277863,0.0,0.0,0.12781903809599027,0.15377677561423553,0.0024558971635997295,0.06362263113260269,0.0,0.0,0.0,0.0
2.679954767227173,-0.4548536539077759,-0.8844835162162781,0.0,0.0,-0.00088904844596982,-0.15970714390277863,0.0,0.0,0.12729173220015458,0.15377677561423553,0.0057397871278226376,0.05704856291413307,0.0,0.0,0.0,0.0
2.681380271911621,-0.4548536539077759,-0.8844835162162781,0.0,0.0,-0.00088904844596982,-0.15970714390277863,0.0,0.0,0.12729173220015458,0.15377677561423553,0.0057397871278226376,0.05704856291413307,0.0,0.0,0.0,0.0
2.6826164722442627,-0.4548536539077759,-0.8844835162162781,0.0,0.0,-0.00088904844596982,-0.15970714390277863,0.0,0.0,0.1268219599465403,0.15377677561423553,0.0030790914315730333,0.05704856291413307,0.0,0.0,0.0,0.0
2.683910369873047,-0.4548536539077759,-0.8844835162162781,0.0,0.0,-0.00088904844596982,-0.15970714390277863,0.0,0.0,0.1268219599465403,0.15377677561423553,0.0030790914315730333,0.05704856291413307,0.0,0.0,0.0,0.0
2.685274600982666,-0.503261148929596,-0.6641507148742676,0.0,0.0,-0.0010389001108705997,-0.15967395901679993,0.0,0.0,0.12645283645677963,0.15377677561423553,0.00010358580038882792,0.05704856291413307,0.0,0.0,0.0,0.0
2.6865854263305664,-0.503261148929596,-0.6641507148742676,0.0,0.0,-0.0010389001108705997,-0.15967395901679993,0.0,0.0,0.12645283645677963,0.15377677561423553,0.00010358580038882792,0.05704856291413307,0.0,0.0,0.0,0.0
2.6879005432128906,-0.503261148929596,-0.6641507148742676,0.0,0.0,-0.0010389001108705997,-0.15967395901679993,0.0,0.0,0.1260262027314868,0.15377677561423553,-0.0009263964602723718,0.05704856291413307,0.0,0.0,0.0,0.0
2.689183235168457,-0.503261148929596,-0.6641507148742676,0.0,0.0,-0.0010389001108705997,-0.15967395901679993,0.0,0.0,0.1260262027314868,0.15377677561423553,-0.0009263964602723718,0.05704856291413307,0.0,0.0,0.0,0.0
2.6904337406158447,-0.503261148929596,-0.6641507148742676,0.0,0.0,-0.0010389001108705997,-0.15967395901679993,0.0,0.0,0.12583925350430109,0.15377677561423553,0.004806420300155878,0.05045528709888458,0.0,0.0,0.0,0.0
2.6918318271636963,-0.503261148929596,-0.6641507148742676,0.0,0.0,-0.0010389001108705997,-0.15967395901679993,0.0,0.0,0.12568105939488144,0.15377677561423553,0.005206949543207884,0.05045528709888458,0.0,0.0,0.0,0.0
2.6931371688842773,-0.503261148929596,-0.6641507148742676,0.0,0.0,-0.0010389001108705997,-0.15967395901679993,0.0,0.0,0.12568105939488144,0.15377677561423553,0.005206949543207884,0.05045528709888458,0.0,0.0,0.0,0.0
2.6944386959075928,-0.503261148929596,-0.6641507148742676,0.0,0.0,-0.0010389001108705997,-0.15967395901679993,0.0,0.0,0.12523524388773324,0.15377677561423553,0.0010013016872107983,0.05045528709888458,0.0,0.0,0.0,0.0
2.6956443786621094,-0.48971691727638245,-0.5421664118766785,0.0,0.0,-0.0010324520990252495,-0.1596776843070984,0.0,0.0,0.12523524388773324,0.15377677561423553,0.0010013016872107983,0.05045528709888458,0.0,0.0,0.0,0.0
2.6969680786132812,-0.48971691727638245,-0.5421664118766785,0.0,0.0,-0.0010324520990252495,-0.1596776843070984,0.0,0.0,0.1251441684597904,0.15377677561423553,0.0033187302760779858,0.05045528709888458,0.0,0.0,0.0,0.0
2.698293685913086,-0.48971691727638245,-0.5421664118766785,0.0,0.0,-0.0010324520990252495,-0.1596776843070984,0.0,0.0,0.1251441684597904,0.15377677561423553,0.0033187302760779858,0.05045528709888458,0.0,0.0,0.0,0.0
2.699563980102539,-0.48971691727638245,-0.5421664118766785,0.0,0.0,-0.0010324520990252495,-0.1596776843070984,0.0,0.0,0.12495242086130469,0.15377677561423553,0.007538235746324062,0.04389121010899544,0.0,0.0,0.0,0.0
2.7011337280273438,-0.48971691727638245,-0.5421664118766785,0.0,0.0,-0.0010324520990252495,-0.1596776843070984,0.0,0.0,0.12489968559038327,0.15377677561423553,0.007938765920698643,0.04389121010899544,0.0,0.0,0.0,0.0
2.7023603916168213,-0.48971691727638245,-0.5421664118766785,0.0,0.0,-0.0010324520990252495,-0.1596776843070984,0.0,0.0,0.12489968559038327,0.15377677561423553,0.007938765920698643,0.04389121010899544,0.0,0.0,0.0,0.0
2.703784704208374,-0.48971691727638245,-0.5421664118766785,0.0,0.0,-0.0010324520990252495,-0.1596776843070984,0.0,0.0,0.12493803745074933,0.15377677561423553,0.00899734441190958,0.04389121010899544,0.0,0.0,0.0,0.0
2.7054712772369385,-0.37949323654174805,-0.5907422304153442,0.0,0.0,-0.000858396349940449,-0.1597781926393509,0.0,0.0,0.12493803745074933,0.15377677561423553,0.00899734441190958,0.04389121010899544,0.0,0.0,0.0,0.0
2.706787586212158,-0.37949323654174805,-0.5907422304153442,0.0,0.0,-0.000858396349940449,-0.1597781926393509,0.0,0.0,0.12493803745074933,0.15377677561423553,0.00899734441190958,0.04389121010899544,0.0,0.0,0.0,0.0
2.7080326080322266,-0.37949323654174805,-0.5907422304153442,0.0,0.0,-0.000858396349940449,-0.1597781926393509,0.0,0.0,0.12493803745074933,0.15377677561423553,0.00899734441190958,0.04389121010899544,0.0,0.0,0.0,0.0
2.7094411849975586,-0.37949323654174805,-0.5907422304153442,0.0,0.0,-0.000858396349940449,-0.1597781926393509,0.0,0.0,0.12493803745074933,0.15377677561423553,0.00899734441190958,0.04389121010899544,0.0,0.0,0.0,0.0
2.7108285427093506,-0.37949323654174805,-0.5907422304153442,0.0,0.0,-0.000858396349940449,-0.1597781926393509,0.0,0.0,0.12493803745074933,0.15377677561423553,0.015560026280581951,0.03732852637767792,0.0,0.0,0.0,0.0
2.7121574878692627,-0.37949323654174805,-0.5907422304153442,0.0,0.0,-0.000858396349940449,-0.1597781926393509,0.0,0.0,0.12493803745074933,0.15377677561423553,0.015560026280581951,0.03732852637767792,0.0,0.0,0.0,0.0
2.7134599685668945,-0.37949323654174805,-0.5907422304153442,0.0,0.0,-0.000858396349940449,-0.1597781926393509,0.0,0.0,0.12493803745074933,0.15377677561423553,0.015560026280581951,0.03732852637767792,0.0,0.0,0.0,0.0
2.7148921489715576,-0.37949323654174805,-0.5907422304153442,0.0,0.0,-0.000858396349940449,-0.1597781926393509,0.0,0.0,0.12493803745074933,0.15377677561423553,0.015560026280581951,0.03732852637767792,0.0,0.0,0.0,0.0
2.7162322998046875,-0.324382483959198,-0.5413711071014404,0.0,0.0,-0.0007320259464904666,-0.1598510593175888,0.0,0.0,0.12493803745074933,0.1536281782474159,0.015560026280581951,0.039016518741846085,0.0,0.0,0.0,0.0
2.717559576034546,-0.324382483959198,-0.5413711071014404,0.0,0.0,-0.0007320259464904666,-0.1598510593175888,0.0,0.0,0.12493803745074933,0.15354668785872838,0.015560026280581951,0.039531514048576355,0.0,0.0,0.0,0.0
2.7189149856567383,-0.324382483959198,-0.5413711071014404,0.0,0.0,-0.0007320259464904666,-0.1598510593175888,0.0,0.0,0.12493803745074933,0.15354668785872838,0.015560026280581951,0.039531514048576355,0.0,0.0,0.0,0.0
2.7202751636505127,-0.324382483959198,-0.5413711071014404,0.0,0.0,-0.0007320259464904666,-0.1598510593175888,0.0,0.0,0.12493803745074933,0.15316319266175699,0.022210925817489624,0.03682810068130493,0.0,0.0,0.0,0.0
2.7216856479644775,-0.324382483959198,-0.5413711071014404,0.0,0.0,-0.0007320259464904666,-0.1598510593175888,0.0,0.0,0.12493803745074933,0.15316319266175699,0.022210925817489624,0.03682810068130493,0.0,0.0,0.0,0.0
2.72302508354187,-0.324382483959198,-0.5413711071014404,0.0,0.0,-0.0007320259464904666,-0.1598510593175888,0.0,0.0,0.12493803745074933,0.15288515630328378,0.022210925817489624,0.038401663303375244,0.0,0.0,0.0,0.0
2.7244350910186768,-0.324382483959198,-0.5413711071014404,0.0,0.0,-0.0007320259464904666,-0.1598510593175888,0.0,0.0,0.12493803745074933,0.15288515630328378,0.022210925817489624,0.038401663303375244,0.0,0.0,0.0,0.0
2.7265067100524902,-0.33252349495887756,-0.38151347637176514,0.0,0.0,-0.0007083045202307403,-0.15986472368240356,0.0,0.0,0.12493803745074933,0.15274613227237488,0.022210925817489624,0.03717144951224327,0.0,0.0,0.0,0.0
2.7278687953948975,-0.33252349495887756,-0.38151347637176514,0.0,0.0,-0.0007083045202307403,-0.15986472368240356,0.0,0.0,0.12493803745074933,0.15234826536819274,0.022210925817489624,0.04240710660815239,0.0,0.0,0.0,0.0
2.7292537689208984,-0.33252349495887756,-0.38151347637176514,0.0,0.0,-0.0007083045202307403,-0.15986472368240356,0.0,0.0,0.12493803745074933,0.15234826536819274,0.022210925817489624,0.04240710660815239,0.0,0.0,0.0,0.0
2.730518341064453,-0.33252349495887756,-0.38151347637176514,0.0,0.0,-0.0007083045202307403,-0.15986472368240356,0.0,0.0,0.12493803745074933,0.1520989841274856,0.028654025867581367,0.03525005280971527,0.0,0.0,0.0,0.0
2.7317562103271484,-0.33252349495887756,-0.38151347637176514,0.0,0.0,-0.0007083045202307403,-0.15986472368240356,0.0,0.0,0.12493803745074933,0.1520989841274856,0.028654025867581367,0.03525005280971527,0.0,0.0,0.0,0.0
2.733072519302368,-0.33252349495887756,-0.38151347637176514,0.0,0.0,-0.0007083045202307403,-0.15986472368240356,0.0,0.0,0.12493803745074933,0.15190244986104454,0.028654025867581367,0.038368552923202515,0.0,0.0,0.0,0.0
2.7344536781311035,-0.33252349495887756,-0.38151347637176514,0.0,0.0,-0.0007083045202307403,-0.15986472368240356,0.0,0.0,0.12493803745074933,0.15190244986104454,0.028654025867581367,0.038368552923202515,0.0,0.0,0.0,0.0
2.735776901245117,-0.3318852186203003,-0.2374553680419922,0.0,0.0,-0.0007083045202307403,-0.15986472368240356,0.0,0.0,0.12493803745074933,0.1515573065244392,0.028654025867581367,0.0399707555770874,0.0,0.0,0.0,0.0
2.737380266189575,-0.3318852186203003,-0.2374553680419922,0.0,0.0,-0.0007083045202307403,-0.15986472368240356,0.0,0.0,0.12493803745074933,0.15146621939315172,0.028654025867581367,0.03962743282318115,0.0,0.0,0.0,0.0
2.738802671432495,-0.3318852186203003,-0.2374553680419922,0.0,0.0,-0.0007083045202307403,-0.15986472368240356,0.0,0.0,0.12493803745074933,0.15146621939315172,0.028654025867581367,0.03962743282318115,0.0,0.0,0.0,0.0
2.7401621341705322,-0.3318852186203003,-0.2374553680419922,0.0,0.0,-0.0007083045202307403,-0.15986472368240356,0.0,0.0,0.12482778024095112,0.15104917070711424,0.033763132989406586,0.03735002875328064,0.0,0.0,0.0,0.0
2.741591453552246,-0.3318852186203003,-0.2374553680419922,0.0,0.0,-0.0007083045202307403,-0.15986472368240356,0.0,0.0,0.12482778024095112,0.15104917070711424,0.033763132989406586,0.03735002875328064,0.0,0.0,0.0,0.0
2.7430288791656494,-0.3318852186203003,-0.2374553680419922,0.0,0.0,-0.0007083045202307403,-0.15986472368240356,0.0,0.0,0.12473190644170827,0.15094849853657138,0.03321949392557144,0.03623422980308533,0.0,0.0,0.0,0.0
2.744706630706787,-0.3318852186203003,-0.2374553680419922,0.0,0.0,-0.0007083045202307403,-0.15986472368240356,0.0,0.0,0.12464561768172078,0.15079510279845174,0.03273313492536545,0.03697812184691429,0.0,0.0,0.0,0.0
2.746636152267456,-0.379910945892334,-0.17579355835914612,0.0,0.0,-0.000779777008574456,-0.15990503132343292,0.0,0.0,0.12464561768172078,0.15079510279845174,0.03273313492536545,0.03697812184691429,0.0,0.0,0.0,0.0
2.748464822769165,-0.379910945892334,-0.17579355835914612,0.0,0.0,-0.000779777008574456,-0.15990503132343292,0.0,0.0,0.12437237969454758,0.1506992289992089,0.030329888686537743,0.03817974030971527,0.0,0.0,0.0,0.0
2.7498176097869873,-0.379910945892334,-0.17579355835914612,0.0,0.0,-0.000779777008574456,-0.15990503132343292,0.0,0.0,0.12404640643645294,0.15061773861052138,0.03386019542813301,0.0294417142868042,0.0,0.0,0.0,0.0
2.751161575317383,-0.379910945892334,-0.17579355835914612,0.0,0.0,-0.000779777008574456,-0.15990503132343292,0.0,0.0,0.12404640643645294,0.15061773861052138,0.03386019542813301,0.0294417142868042,0.0,0.0,0.0,0.0
2.7525241374969482,-0.379910945892334,-0.17579355835914612,0.0,0.0,-0.000779777008574456,-0.15990503132343292,0.0,0.0,0.12375399837076903,0.15052186481127855,0.0322866328060627,0.031387168914079666,0.0,0.0,0.0,0.0
2.7539632320404053,-0.379910945892334,-0.17579355835914612,0.0,0.0,-0.000779777008574456,-0.15990503132343292,0.0,0.0,0.12375399837076903,0.15052186481127855,0.0322866328060627,0.031387168914079666,0.0,0.0,0.0,0.0
2.7554428577423096,-0.41958343982696533,-0.1042972281575203,0.0,0.0,-0.0008585533942095935,-0.159949392080307,0.0,0.0,0.1236964647285476,0.1504259910120357,0.03351684287190437,0.03193080425262451,0.0,0.0,0.0,0.0
2.756899118423462,-0.41958343982696533,-0.1042972281575203,0.0,0.0,-0.0008585533942095935,-0.159949392080307,0.0,0.0,0.12347596201229583,0.15033970225204818,0.031313855201005936,0.032474372535943985,0.0,0.0,0.0,0.0
2.758341073989868,-0.41958343982696533,-0.1042972281575203,0.0,0.0,-0.0008585533942095935,-0.159949392080307,0.0,0.0,0.12347596201229583,0.15033970225204818,0.031313855201005936,0.032474372535943985,0.0,0.0,0.0,0.0
2.759676933288574,-0.41958343982696533,-0.1042972281575203,0.0,0.0,-0.0008585533942095935,-0.159949392080307,0.0,0.0,0.1231547871255012,0.1502773819418714,0.0352758951485157,0.026309411972761154,0.0,0.0,0.0,0.0
2.761124849319458,-0.41958343982696533,-0.1042972281575203,0.0,0.0,-0.0008585533942095935,-0.159949392080307,0.0,0.0,0.1231547871255012,0.1502773819418714,0.0352758951485157,0.026309411972761154,0.0,0.0,0.0,0.0
2.76257061958313,-0.41958343982696533,-0.1042972281575203,0.0,0.0,-0.0008585533942095935,-0.159949392080307,0.0,0.0,0.12289113417758335,0.1501767214746732,0.03361649066209793,0.026853051036596298,0.0,0.0,0.0,0.0
2.7642195224761963,-0.41958343982696533,-0.1042972281575203,0.0,0.0,-0.0008585533942095935,-0.159949392080307,0.0,0.0,0.12254597913763338,0.14984594984527858,0.030726885423064232,0.03051513247191906,0.0,0.0,0.0,0.0
2.765695333480835,-0.4342558681964874,-0.030557982623577118,0.0,0.0,-0.0009186908137053251,-0.1600019782781601,0.0,0.0,0.12254597913763338,0.14984594984527858,0.030726885423064232,0.03051513247191906,0.0,0.0,0.0,0.0
2.767169952392578,-0.4342558681964874,-0.030557982623577118,0.0,0.0,-0.0009186908137053251,-0.1600019782781601,0.0,0.0,0.12226795448250481,0.14956792519015,0.029897158965468407,0.03208869323134422,0.0,0.0,0.0,0.0
2.7687911987304688,-0.4342558681964874,-0.030557982623577118,0.0,0.0,-0.0009186908137053251,-0.1600019782781601,0.0,0.0,0.12201388657384232,0.14948163643016252,0.03488369286060333,0.025813914835453033,0.0,0.0,0.0,0.0
2.770256280899048,-0.4342558681964874,-0.030557982623577118,0.0,0.0,-0.0009186908137053251,-0.1600019782781601,0.0,0.0,0.12201388657384232,0.14948163643016252,0.03488369286060333,0.025813914835453033,0.0,0.0,0.0,0.0
2.7716128826141357,-0.4342558681964874,-0.030557982623577118,0.0,0.0,-0.0009186908137053251,-0.1600019782781601,0.0,0.0,0.12159683788780484,0.1492659203818661,0.03145045414566994,0.02658637799322605,0.0,0.0,0.0,0.0
2.7730722427368164,-0.4342558681964874,-0.030557982623577118,0.0,0.0,-0.0009186908137053251,-0.1600019782781601,0.0,0.0,0.12159683788780484,0.1492659203818661,0.03145045414566994,0.02658637799322605,0.0,0.0,0.0,0.0
2.774549722671509,-0.4342558681964874,-0.030557982623577118,0.0,0.0,-0.0009186908137053251,-0.1600019782781601,0.0,0.0,0.12125168284785487,0.14916524821132324,0.028932807967066765,0.027788063511252403,0.0,0.0,0.0,0.0
2.7760467529296875,-0.39773064851760864,0.01202978752553463,0.0,0.0,-0.0008749043918214738,-0.16006629168987274,0.0,0.0,0.12091612455050489,0.14894953216302684,0.02710171416401863,0.028531886637210846,0.0,0.0,0.0,0.0
2.777470350265503,-0.39773064851760864,0.01202978752553463,0.0,0.0,-0.0008749043918214738,-0.16006629168987274,0.0,0.0,0.12091612455050489,0.14894953216302684,0.02710171416401863,0.028531886637210846,0.0,0.0,0.0,0.0
2.7788889408111572,-0.39773064851760864,0.01202978752553463,0.0,0.0,-0.0008749043918214738,-0.16006629168987274,0.0,0.0,0.1204751074146567,0.1486571240973429,0.03175918757915497,0.02450600638985634,0.0,0.0,0.0,0.0
2.7803680896759033,-0.39773064851760864,0.01202978752553463,0.0,0.0,-0.0008749043918214738,-0.16006629168987274,0.0,0.0,0.1204751074146567,0.1486571240973429,0.03175918757915497,0.02450600638985634,0.0,0.0,0.0,0.0
2.7818546295166016,-0.39773064851760864,0.01202978752553463,0.0,0.0,-0.0008749043918214738,-0.16006629168987274,0.0,0.0,0.12000532345769778,0.14838387440682507,0.027896789833903313,0.026136772707104683,0.0,0.0,0.0,0.0
2.783242702484131,-0.39773064851760864,0.01202978752553463,0.0,0.0,-0.0008749043918214738,-0.16006629168987274,0.0,0.0,0.12000532345769778,0.14838387440682507,0.027896789833903313,0.026136772707104683,0.0,0.0,0.0,0.0
2.7849948406219482,-0.39773064851760864,0.01202978752553463,0.0,0.0,-0.0008749043918214738,-0.16006629168987274,0.0,0.0,0.11967456353164779,0.1477415246332358,0.026723826304078102,0.03254547715187073,0.0,0.0,0.0,0.0
2.786349296569824,-0.3772515654563904,0.07604081183671951,0.0,0.0,-0.0008338229381479323,-0.16012164950370789,0.0,0.0,0.11919039616413354,0.1476312674234376,0.023033050820231438,0.03117220290005207,0.0,0.0,0.0,0.0
2.7876462936401367,-0.3772515654563904,0.07604081183671951,0.0,0.0,-0.0008338229381479323,-0.16012164950370789,0.0,0.0,0.11919039616413354,0.1476312674234376,0.023033050820231438,0.03117220290005207,0.0,0.0,0.0,0.0
2.7890563011169434,-0.3772515654563904,0.07604081183671951,0.0,0.0,-0.0008338229381479323,-0.16012164950370789,0.0,0.0,0.11871582553921928,0.14718066524833406,0.026583274826407433,0.026248740032315254,0.0,0.0,0.0,0.0
2.7904534339904785,-0.3772515654563904,0.07604081183671951,0.0,0.0,-0.0008338229381479323,-0.16012164950370789,0.0,0.0,0.11871582553921928,0.14718066524833406,0.026583274826407433,0.026248740032315254,0.0,0.0,0.0,0.0
2.7917463779449463,-0.3772515654563904,0.07604081183671951,0.0,0.0,-0.0008338229381479323,-0.16012164950370789,0.0,0.0,0.11811661429395144,0.14667252943100909,0.021834006533026695,0.030854960903525352,0.0,0.0,0.0,0.0
2.793144702911377,-0.3772515654563904,0.07604081183671951,0.0,0.0,-0.0008338229381479323,-0.16012164950370789,0.0,0.0,0.11811661429395144,0.14667252943100909,0.021834006533026695,0.030854960903525352,0.0,0.0,0.0,0.0
2.794564962387085,-0.3772515654563904,0.07604081183671951,0.0,0.0,-0.0008338229381479323,-0.16012164950370789,0.0,0.0,0.11755095653774969,0.14615480857442875,0.018801294267177582,0.03466014936566353,0.0,0.0,0.0,0.0
2.795989990234375,-0.3619503676891327,0.05504468455910683,0.0,0.0,-0.0008035583305172622,-0.16022253036499023,0.0,0.0,0.11755095653774969,0.14615480857442875,0.018801294267177582,0.03466014936566353,0.0,0.0,0.0,0.0
2.7974696159362793,-0.3619503676891327,0.05504468455910683,0.0,0.0,-0.0008035583305172622,-0.16022253036499023,0.0,0.0,0.11682231800417293,0.14522963577441092,0.01376592181622982,0.04086851328611374,0.0,0.0,0.0,0.0
2.79906964302063,-0.3619503676891327,0.05504468455910683,0.0,0.0,-0.0008035583305172622,-0.16022253036499023,0.0,0.0,0.11583961156193369,0.14433800476011455,0.014203512109816074,0.040717024356126785,0.0,0.0,0.0,0.0
2.8005855083465576,-0.3619503676891327,0.05504468455910683,0.0,0.0,-0.0008035583305172622,-0.16022253036499023,0.0,0.0,0.11583961156193369,0.14433800476011455,0.014203512109816074,0.040717024356126785,0.0,0.0,0.0,0.0
2.802079677581787,-0.3619503676891327,0.05504468455910683,0.0,0.0,-0.0008035583305172622,-0.16022253036499023,0.0,0.0,0.11482813829858375,0.14309644374125746,0.00573482783511281,0.05107395723462105,0.0,0.0,0.0,0.0
2.803598165512085,-0.3619503676891327,0.05504468455910683,0.0,0.0,-0.0008035583305172622,-0.16022253036499023,0.0,0.0,0.11482813829858375,0.14309644374125746,0.00573482783511281,0.05107395723462105,0.0,0.0,0.0,0.0
2.8050999641418457,-0.3619503676891327,0.05504468455910683,0.0,0.0,-0.0008035583305172622,-0.16022253036499023,0.0,0.0,0.11359137565102666,0.14171585869149145,-0.0016180018428713083,0.06091587617993355,0.0,0.0,0.0,0.0
2.807018518447876,-0.33690541982650757,0.020812859758734703,0.0,0.0,-0.0007472817087545991,-0.16033583879470825,0.0,0.0,0.11222037564051601,0.14034007201302545,-0.011860435828566551,0.06855479627847672,0.0,0.0,0.0,0.0
2.8085439205169678,-0.33690541982650757,0.020812859758734703,0.0,0.0,-0.0007472817087545991,-0.16033583879470825,0.0,0.0,0.11222037564051601,0.14034007201302545,-0.011860435828566551,0.06855479627847672,0.0,0.0,0.0,0.0
2.810034990310669,-0.33690541982650757,0.020812859758734703,0.0,0.0,-0.0007472817087545991,-0.16033583879470825,0.0,0.0,0.11060010609264287,0.13867186556553088,-0.0166157279163599,0.0749674141407013,0.0,0.0,0.0,0.0
2.811527967453003,-0.33690541982650757,0.020812859758734703,0.0,0.0,-0.0007472817087545991,-0.16033583879470825,0.0,0.0,0.11060010609264287,0.13867186556553088,-0.0166157279163599,0.0749674141407013,0.0,0.0,0.0,0.0
2.8134915828704834,-0.33690541982650757,0.020812859758734703,0.0,0.0,-0.0007472817087545991,-0.16033583879470825,0.0,0.0,0.1089127295666376,0.1368982002795381,-0.02837452106177807,0.08769892156124115,0.0,0.0,0.0,0.0
2.814945936203003,-0.33690541982650757,0.020812859758734703,0.0,0.0,-0.0007472817087545991,-0.16033583879470825,0.0,0.0,0.10729246001876445,0.13500947941244715,-0.03853115066885948,0.09842776507139206,0.0,0.0,0.0,0.0
2.8169844150543213,-0.3287222683429718,-0.09699223935604095,0.0,0.0,-0.0007338145514950156,-0.1605006754398346,0.0,0.0,0.10570575566330204,0.1336528745158365,-0.048001162707805634,0.10669614374637604,0.0,0.0,0.0,0.0
2.818593978881836,-0.3287222683429718,-0.09699223935604095,0.0,0.0,-0.0007338145514950156,-0.1605006754398346,0.0,0.0,0.10456005674034316,0.1325694959030544,-0.0475265271961689,0.10679363459348679,0.0,0.0,0.0,0.0
2.8200488090515137,-0.3287222683429718,-0.09699223935604095,0.0,0.0,-0.0007338145514950156,-0.1605006754398346,0.0,0.0,0.10456005674034316,0.1325694959030544,-0.0475265271961689,0.10679363459348679,0.0,0.0,0.0,0.0
2.8215885162353516,-0.3287222683429718,-0.09699223935604095,0.0,0.0,-0.0007338145514950156,-0.1605006754398346,0.0,0.0,0.10333766579999679,0.13132313651289731,-0.05362049117684364,0.1122581958770752,0.0,0.0,0.0,0.0
2.8228600025177,-0.3287222683429718,-0.09699223935604095,0.0,0.0,-0.0007338145514950156,-0.1605006754398346,0.0,0.0,0.10333766579999679,0.13132313651289731,-0.05362049117684364,0.1122581958770752,0.0,0.0,0.0,0.0
2.824110746383667,-0.3287222683429718,-0.09699223935604095,0.0,0.0,-0.0007338145514950156,-0.1605006754398346,0.0,0.0,0.10262341067697539,0.1307478937174402,-0.052991077303886414,0.1113712415099144,0.0,0.0,0.0,0.0
2.8253886699676514,-0.3555753827095032,-0.4920937120914459,0.0,0.0,-0.0007583735277876258,-0.16081534326076508,0.0,0.0,0.10262341067697539,0.1307478937174402,-0.052991077303886414,0.1113712415099144,0.0,0.0,0.0,0.0
2.826671838760376,-0.3555753827095032,-0.4920937120914459,0.0,0.0,-0.0007583735277876258,-0.16081534326076508,0.0,0.0,0.10219197858038256,0.1303883669702795,-0.053334351629018784,0.10962601751089096,0.0,0.0,0.0,0.0
2.8279170989990234,-0.3555753827095032,-0.4920937120914459,0.0,0.0,-0.0007583735277876258,-0.16081534326076508,0.0,0.0,0.10219197858038256,0.1303883669702795,-0.053334351629018784,0.10962601751089096,0.0,0.0,0.0,0.0
2.829206943511963,-0.3555753827095032,-0.4920937120914459,0.0,0.0,-0.0007583735277876258,-0.16081534326076508,0.0,0.0,0.10216801013057185,0.13043630386990093,-0.04360129311680794,0.09912195801734924,0.0,0.0,0.0,0.0
2.8304708003997803,-0.3555753827095032,-0.4920937120914459,0.0,0.0,-0.0007583735277876258,-0.16081534326076508,0.0,0.0,0.10216801013057185,0.13043630386990093,-0.04360129311680794,0.09912195801734924,0.0,0.0,0.0,0.0
2.8317887783050537,-0.3555753827095032,-0.4920937120914459,0.0,0.0,-0.0007583735277876258,-0.16081534326076508,0.0,0.0,0.10223511710870399,0.13046027231971163,-0.04294329881668091,0.09814922511577606,0.0,0.0,0.0,0.0
2.8335399627685547,-0.3555753827095032,-0.4920937120914459,0.0,0.0,-0.0007583735277876258,-0.16081534326076508,0.0,0.0,0.10231182082943613,0.13046027231971163,-0.041598618030548096,0.09814922511577606,0.0,0.0,0.0,0.0
2.8349621295928955,-0.3555753827095032,-0.4920937120914459,0.0,0.0,-0.0007583735277876258,-0.16081534326076508,0.0,0.0,0.10231182082943613,0.13046027231971163,-0.041598618030548096,0.09814922511577606,0.0,0.0,0.0,0.0
2.8370139598846436,-0.3737277686595917,-1.2566481828689575,0.0,0.0,-0.0007838557939976454,-0.1613726168870926,0.0,0.0,0.1030883962626343,0.1308821193770491,-0.03181391954421997,0.0935143455862999,0.0,0.0,0.0,0.0
2.8384335041046143,-0.3737277686595917,-1.2566481828689575,0.0,0.0,-0.0007838557939976454,-0.1613726168870926,0.0,0.0,0.1038937385169432,0.1318792092298437,-0.02529074437916279,0.08195582032203674,0.0,0.0,0.0,0.0
2.839765787124634,-0.3737277686595917,-1.2566481828689575,0.0,0.0,-0.0007838557939976454,-0.1613726168870926,0.0,0.0,0.1038937385169432,0.1318792092298437,-0.02529074437916279,0.08195582032203674,0.0,0.0,0.0,0.0
2.841198682785034,-0.3737277686595917,-1.2566481828689575,0.0,0.0,-0.0007838557939976454,-0.1613726168870926,0.0,0.0,0.10473742092827351,0.13241130179363475,-0.012459153309464455,0.07441647350788116,0.0,0.0,0.0,0.0
2.8426589965820312,-0.3737277686595917,-1.2566481828689575,0.0,0.0,-0.0007838557939976454,-0.1613726168870926,0.0,0.0,0.10473742092827351,0.13241130179363475,-0.012459153309464455,0.07441647350788116,0.0,0.0,0.0,0.0
2.84405255317688,-0.3737277686595917,-1.2566481828689575,0.0,0.0,-0.0007838557939976454,-0.1613726168870926,0.0,0.0,0.1054660711651949,0.1331830905588776,-0.010227569378912449,0.0695813000202179,0.0,0.0,0.0,0.0
2.8455326557159424,-0.3709028959274292,-1.7893234491348267,0.0,0.0,-0.0007863200735300779,-0.16188788414001465,0.0,0.0,0.1054660711651949,0.1331830905588776,-0.010227569378912449,0.0695813000202179,0.0,0.0,0.0,0.0
2.847001791000366,-0.3709028959274292,-1.7893234491348267,0.0,0.0,-0.0007863200735300779,-0.16188788414001465,0.0,0.0,0.10580641613050025,0.133398806607174,-0.010370662435889244,0.0704396441578865,0.0,0.0,0.0,0.0
2.848500967025757,-0.3709028959274292,-1.7893234491348267,0.0,0.0,-0.0007863200735300779,-0.16188788414001465,0.0,0.0,0.10610362256748417,0.13341797668568472,-0.008339309133589268,0.07321479916572571,0.0,0.0,0.0,0.0
2.849992036819458,-0.3709028959274292,-1.7893234491348267,0.0,0.0,-0.0007863200735300779,-0.16188788414001465,0.0,0.0,0.10610362256748417,0.13341797668568472,-0.008339309133589268,0.07321479916572571,0.0,0.0,0.0,0.0
2.851491928100586,-0.3709028959274292,-1.7893234491348267,0.0,0.0,-0.0007863200735300779,-0.16188788414001465,0.0,0.0,0.10611321931008416,0.13337962482531865,-0.004617296624928713,0.06774967163801193,0.0,0.0,0.0,0.0
2.8529820442199707,-0.3709028959274292,-1.7893234491348267,0.0,0.0,-0.0007863200735300779,-0.16188788414001465,0.0,0.0,0.10611321931008416,0.13337962482531865,-0.004617296624928713,0.06774967163801193,0.0,0.0,0.0,0.0
2.8549928665161133,-0.3709028959274292,-1.7893234491348267,0.0,0.0,-0.0007863200735300779,-0.16188788414001465,0.0,0.0,0.10607486744971809,0.13313515365925616,-0.0057044439017772675,0.06774967163801193,0.0,0.0,0.0,0.0
2.8570752143859863,-0.34802600741386414,-1.520749807357788,0.0,0.0,-0.0007673756335861981,-0.16197901964187622,0.0,0.0,0.10571534070255739,0.13233939644420262,-0.010253485292196274,0.07876455783843994,0.0,0.0,0.0,0.0
2.8585054874420166,-0.34802600741386414,-1.520749807357788,0.0,0.0,-0.0007673756335861981,-0.16197901964187622,0.0,0.0,0.1049387652693592,0.13145736217250623,-0.01857907697558403,0.08534493297338486,0.0,0.0,0.0,0.0
2.859816789627075,-0.34802600741386414,-1.520749807357788,0.0,0.0,-0.0007673756335861981,-0.16197901964187622,0.0,0.0,0.1049387652693592,0.13145736217250623,-0.01857907697558403,0.08534493297338486,0.0,0.0,0.0,0.0
2.861123561859131,-0.34802600741386414,-1.520749807357788,0.0,0.0,-0.0007673756335861981,-0.16197901964187622,0.0,0.0,0.1042772337139146,0.13105948356497946,-0.01596420258283615,0.08172652125358582,0.0,0.0,0.0,0.0
2.8625407218933105,-0.34802600741386414,-1.520749807357788,0.0,0.0,-0.0007673756335861981,-0.16197901964187622,0.0,0.0,0.10393687704526462,0.13069995681781876,-0.014934234321117401,0.08181233704090118,0.0,0.0,0.0,0.0
2.863832473754883,-0.34802600741386414,-1.520749807357788,0.0,0.0,-0.0007673756335861981,-0.16197901964187622,0.0,0.0,0.10393687704526462,0.13069995681781876,-0.014934234321117401,0.08181233704090118,0.0,0.0,0.0,0.0
2.86564040184021,-0.3876873850822449,-0.9369745254516602,0.0,0.0,-0.0008109852205961943,-0.16177259385585785,0.0,0.0,0.10357256363014856,0.13031166324954738,-0.01736610382795334,0.08238460123538971,0.0,0.0,0.0,0.0
2.867072105407715,-0.3876873850822449,-0.9369745254516602,0.0,0.0,-0.0008109852205961943,-0.16177259385585785,0.0,0.0,0.10357256363014856,0.13031166324954738,-0.01736610382795334,0.08238460123538971,0.0,0.0,0.0,0.0
2.8690602779388428,-0.3876873850822449,-0.9369745254516602,0.0,0.0,-0.0008109852205961943,-0.16177259385585785,0.0,0.0,0.10343353959923965,0.13014388410087238,-0.016650818288326263,0.08347178995609283,0.0,0.0,0.0,0.0
2.870515823364258,-0.3876873850822449,-0.9369745254516602,0.0,0.0,-0.0008109852205961943,-0.16177259385585785,0.0,0.0,0.10346230642035036,0.13009594720125095,-0.009610006585717201,0.07522927969694138,0.0,0.0,0.0,0.0
2.871860980987549,-0.3876873850822449,-0.9369745254516602,0.0,0.0,-0.0008109852205961943,-0.16177259385585785,0.0,0.0,0.10346230642035036,0.13009594720125095,-0.009610006585717201,0.07522927969694138,0.0,0.0,0.0,0.0
2.873326063156128,-0.3876873850822449,-0.9369745254516602,0.0,0.0,-0.0008109852205961943,-0.16177259385585785,0.0,0.0,0.10346230642035036,0.13015348084347236,-0.00832253135740757,0.0740276426076889,0.0,0.0,0.0,0.0
2.875171422958374,-0.3876873850822449,-0.9369745254516602,0.0,0.0,-0.0008109852205961943,-0.16177259385585785,0.0,0.0,0.10346230642035036,0.13015348084347236,-0.00832253135740757,0.0740276426076889,0.0,0.0,0.0,0.0
2.877124786376953,-0.38797590136528015,-0.7923989295959473,0.0,0.0,-0.0008601170848123729,-0.1616770178079605,0.0,0.0,0.10346230642035036,0.13015348084347236,-0.00832253135740757,0.0740276426076889,0.0,0.0,0.0,0.0
2.878913402557373,-0.38797590136528015,-0.7923989295959473,0.0,0.0,-0.0008601170848123729,-0.1616770178079605,0.0,0.0,0.10346230642035036,0.1305561461189545,-0.00832253135740757,0.0692211389541626,0.0,0.0,0.0,0.0
2.8803858757019043,-0.38797590136528015,-0.7923989295959473,0.0,0.0,-0.0008601170848123729,-0.1616770178079605,0.0,0.0,0.10346230642035036,0.13080062898836162,-0.001890747924335301,0.06124519929289818,0.0,0.0,0.0,0.0
2.8818492889404297,-0.38797590136528015,-0.7923989295959473,0.0,0.0,-0.0008601170848123729,-0.1616770178079605,0.0,0.0,0.10346230642035036,0.13080062898836162,-0.001890747924335301,0.06124519929289818,0.0,0.0,0.0,0.0
2.883333444595337,-0.38797590136528015,-0.7923989295959473,0.0,0.0,-0.0008601170848123729,-0.1616770178079605,0.0,0.0,0.10346230642035036,0.13099237658684731,-0.001890747924335301,0.0609876811504364,0.0,0.0,0.0,0.0
2.884840488433838,-0.38797590136528015,-0.7923989295959473,0.0,0.0,-0.0008601170848123729,-0.1616770178079605,0.0,0.0,0.10346230642035036,0.13099237658684731,-0.001890747924335301,0.0609876811504364,0.0,0.0,0.0,0.0
2.886688470840454,-0.4188123345375061,-1.0423542261123657,0.0,0.0,-0.0008852888131514192,-0.1618884652853012,0.0,0.0,0.1038937385169432,0.13092525790537055,0.003087446792051196,0.06299042701721191,0.0,0.0,0.0,0.0
2.8881685733795166,-0.4188123345375061,-1.0423542261123657,0.0,0.0,-0.0008852888131514192,-0.1618884652853012,0.0,0.0,0.10394646208451998,0.13109303705404554,0.001828596112318337,0.06113074719905853,0.0,0.0,0.0,0.0
2.889683961868286,-0.4188123345375061,-1.0423542261123657,0.0,0.0,-0.0008852888131514192,-0.1618884652853012,0.0,0.0,0.10394646208451998,0.13109303705404554,0.001828596112318337,0.06113074719905853,0.0,0.0,0.0,0.0
2.8911683559417725,-0.4188123345375061,-1.0423542261123657,0.0,0.0,-0.0008852888131514192,-0.1618884652853012,0.0,0.0,0.10392729200600927,0.13120329426384375,0.00744424806907773,0.053997255861759186,0.0,0.0,0.0,0.0
2.8926968574523926,-0.4188123345375061,-1.0423542261123657,0.0,0.0,-0.0008852888131514192,-0.1618884652853012,0.0,0.0,0.10392729200600927,0.13120329426384375,0.00744424806907773,0.053997255861759186,0.0,0.0,0.0,0.0
2.894420623779297,-0.4188123345375061,-1.0423542261123657,0.0,0.0,-0.0008852888131514192,-0.1618884652853012,0.0,0.0,0.10392729200600927,0.1312943696917866,0.00744424806907773,0.05339641124010086,0.0,0.0,0.0,0.0
2.8958048820495605,-0.41026583313941956,-0.9134430289268494,0.0,0.0,-0.0008960636332631111,-0.1619383692741394,0.0,0.0,0.10351024331997179,0.13098757821554732,0.002466053469106555,0.054598044604063034,0.0,0.0,0.0,0.0
2.8972842693328857,-0.41026583313941956,-0.9134430289268494,0.0,0.0,-0.0008960636332631111,-0.1619383692741394,0.0,0.0,0.10351024331997179,0.13098757821554732,0.002466053469106555,0.054598044604063034,0.0,0.0,0.0,0.0
2.898775577545166,-0.41026583313941956,-0.9134430289268494,0.0,0.0,-0.0008960636332631111,-0.1619383692741394,0.0,0.0,0.10296375564228075,0.1303883669702795,-0.0009957564761862159,0.06363890320062637,0.0,0.0,0.0,0.0
2.9002580642700195,-0.41026583313941956,-0.9134430289268494,0.0,0.0,-0.0008960636332631111,-0.1619383692741394,0.0,0.0,0.10296375564228075,0.1303883669702795,-0.0009957564761862159,0.06363890320062637,0.0,0.0,0.0,0.0
2.9017128944396973,-0.41026583313941956,-0.9134430289268494,0.0,0.0,-0.0008960636332631111,-0.1619383692741394,0.0,0.0,0.10280077486490574,0.13015348084347236,0.005567511077970266,0.058480385690927505,0.0,0.0,0.0,0.0
2.9030673503875732,-0.41026583313941956,-0.9134430289268494,0.0,0.0,-0.0008960636332631111,-0.1619383692741394,0.0,0.0,0.10280077486490574,0.13015348084347236,0.005567511077970266,0.058480385690927505,0.0,0.0,0.0,0.0
2.9049088954925537,-0.41026583313941956,-0.9134430289268494,0.0,0.0,-0.0008960636332631111,-0.1619383692741394,0.0,0.0,0.10262819734493075,0.1301151289831063,0.004480308387428522,0.05561939626932144,0.0,0.0,0.0,0.0
2.9063832759857178,-0.37011975049972534,-0.6797141432762146,0.0,0.0,-0.0008388302521780133,-0.16190603375434875,0.0,0.0,0.1025323235456879,0.13003842526237416,0.004709218163043261,0.05613439157605171,0.0,0.0,0.0,0.0
2.908015251159668,-0.37011975049972534,-0.6797141432762146,0.0,0.0,-0.0008388302521780133,-0.16190603375434875,0.0,0.0,0.1025419202882879,0.12995213650238666,0.005624745972454548,0.05664931982755661,0.0,0.0,0.0,0.0
2.9094958305358887,-0.37011975049972534,-0.6797141432762146,0.0,0.0,-0.0008388302521780133,-0.16190603375434875,0.0,0.0,0.1025419202882879,0.12995213650238666,0.005624745972454548,0.05664931982755661,0.0,0.0,0.0,0.0
2.9109609127044678,-0.37011975049972534,-0.6797141432762146,0.0,0.0,-0.0008388302521780133,-0.16190603375434875,0.0,0.0,0.1025419202882879,0.12985147603518846,0.012039417400956154,0.05077541992068291,0.0,0.0,0.0,0.0
2.91235613822937,-0.37011975049972534,-0.6797141432762146,0.0,0.0,-0.0008388302521780133,-0.16190603375434875,0.0,0.0,0.1025419202882879,0.12985147603518846,0.012039417400956154,0.05077541992068291,0.0,0.0,0.0,0.0
2.9138340950012207,-0.37011975049972534,-0.6797141432762146,0.0,0.0,-0.0008388302521780133,-0.16190603375434875,0.0,0.0,0.1025419202882879,0.12984667766388847,0.012039417400956154,0.05000294744968414,0.0,0.0,0.0,0.0
2.915210008621216,-0.37011975049972534,-0.6797141432762146,0.0,0.0,-0.0008388302521780133,-0.16190603375434875,0.0,0.0,0.1025419202882879,0.12984667766388847,0.012039417400956154,0.05000294744968414,0.0,0.0,0.0,0.0
2.916891098022461,-0.382192999124527,-0.5007650256156921,0.0,0.0,-0.0008436776115559042,-0.16186583042144775,0.0,0.0,0.1025419202882879,0.12984667766388847,0.012039417400956154,0.05000294744968414,0.0,0.0,0.0,0.0
2.918147325515747,-0.382192999124527,-0.5007650256156921,0.0,0.0,-0.0008436776115559042,-0.16186583042144775,0.0,0.0,0.1025419202882879,0.12984667766388847,0.012039417400956154,0.05000294744968414,0.0,0.0,0.0,0.0
2.9194514751434326,-0.382192999124527,-0.5007650256156921,0.0,0.0,-0.0008436776115559042,-0.16186583042144775,0.0,0.0,0.1025419202882879,0.12984667766388847,0.012039417400956154,0.05000294744968414,0.0,0.0,0.0,0.0
2.9208877086639404,-0.382192999124527,-0.5007650256156921,0.0,0.0,-0.0008436776115559042,-0.16186583042144775,0.0,0.0,0.1025419202882879,0.12984667766388847,0.01854517124593258,0.043499357998371124,0.0,0.0,0.0,0.0
2.9221603870391846,-0.382192999124527,-0.5007650256156921,0.0,0.0,-0.0008436776115559042,-0.16186583042144775,0.0,0.0,0.1025419202882879,0.12984667766388847,0.01854517124593258,0.043499357998371124,0.0,0.0,0.0,0.0
2.923638343811035,-0.382192999124527,-0.5007650256156921,0.0,0.0,-0.0008436776115559042,-0.16186583042144775,0.0,0.0,0.1025419202882879,0.12984667766388847,0.01854517124593258,0.043499357998371124,0.0,0.0,0.0,0.0
2.9251177310943604,-0.382192999124527,-0.5007650256156921,0.0,0.0,-0.0008436776115559042,-0.16186583042144775,0.0,0.0,0.1025419202882879,0.12984667766388847,0.01854517124593258,0.043499357998371124,0.0,0.0,0.0,0.0
2.926518678665161,-0.39838212728500366,-0.5689277052879333,0.0,0.0,-0.000837947241961956,-0.16196666657924652,0.0,0.0,0.10246521656755576,0.12984667766388847,0.01854517124593258,0.043499357998371124,0.0,0.0,0.0,0.0
2.9278249740600586,-0.39838212728500366,-0.5689277052879333,0.0,0.0,-0.000837947241961956,-0.16196666657924652,0.0,0.0,0.10246521656755576,0.12984667766388847,0.01854517124593258,0.043499357998371124,0.0,0.0,0.0,0.0
2.9291558265686035,-0.39838212728500366,-0.5689277052879333,0.0,0.0,-0.000837947241961956,-0.16196666657924652,0.0,0.0,0.1023693427683129,0.12984667766388847,0.023080255836248398,0.03710312396287918,0.0,0.0,0.0,0.0
2.9304842948913574,-0.39838212728500366,-0.5689277052879333,0.0,0.0,-0.000837947241961956,-0.16196666657924652,0.0,0.0,0.1023693427683129,0.12984667766388847,0.023080255836248398,0.03710312396287918,0.0,0.0,0.0,0.0
2.9317779541015625,-0.39838212728500366,-0.5689277052879333,0.0,0.0,-0.000837947241961956,-0.16196666657924652,0.0,0.0,0.10199543261059686,0.12984667766388847,0.019275052472949028,0.03710312396287918,0.0,0.0,0.0,0.0
2.9330861568450928,-0.39838212728500366,-0.5689277052879333,0.0,0.0,-0.000837947241961956,-0.16196666657924652,0.0,0.0,0.10199543261059686,0.12984667766388847,0.019275052472949028,0.03710312396287918,0.0,0.0,0.0,0.0
2.934345006942749,-0.39838212728500366,-0.5689277052879333,0.0,0.0,-0.000837947241961956,-0.16196666657924652,0.0,0.0,0.10159276733511473,0.12984667766388847,0.016070706769824028,0.03710312396287918,0.0,0.0,0.0,0.0
2.9356272220611572,-0.3899240493774414,-0.4158936142921448,0.0,0.0,-0.0008415578049607575,-0.16199266910552979,0.0,0.0,0.10159276733511473,0.12984667766388847,0.016070706769824028,0.03710312396287918,0.0,0.0,0.0,0.0
2.9369373321533203,-0.3899240493774414,-0.4158936142921448,0.0,0.0,-0.0008415578049607575,-0.16199266910552979,0.0,0.0,0.10138663632607367,0.1296980802970688,0.01564156822860241,0.038819752633571625,0.0,0.0,0.0,0.0
2.9382224082946777,-0.3899240493774414,-0.4158936142921448,0.0,0.0,-0.0008415578049607575,-0.16199266910552979,0.0,0.0,0.10138663632607367,0.1296980802970688,0.01564156822860241,0.038819752633571625,0.0,0.0,0.0,0.0
2.9395196437835693,-0.3899240493774414,-0.4158936142921448,0.0,0.0,-0.0008415578049607575,-0.16199266910552979,0.0,0.0,0.10108942988908975,0.12936730866767418,0.020259227603673935,0.04253904148936272,0.0,0.0,0.0,0.0
2.9407589435577393,-0.3899240493774414,-0.4158936142921448,0.0,0.0,-0.0008415578049607575,-0.16199266910552979,0.0,0.0,0.10108942988908975,0.12936730866767418,0.020259227603673935,0.04253904148936272,0.0,0.0,0.0,0.0
2.9420831203460693,-0.3899240493774414,-0.4158936142921448,0.0,0.0,-0.0008415578049607575,-0.16199266910552979,0.0,0.0,0.10065319942119692,0.128931089903126,0.01671157404780388,0.039296165108680725,0.0,0.0,0.0,0.0
2.9433236122131348,-0.3899240493774414,-0.4158936142921448,0.0,0.0,-0.0008415578049607575,-0.16199266910552979,0.0,0.0,0.10065319942119692,0.128931089903126,0.01671157404780388,0.039296165108680725,0.0,0.0,0.0,0.0
2.9445877075195312,-0.3899240493774414,-0.4158936142921448,0.0,0.0,-0.0008415578049607575,-0.16199266910552979,0.0,0.0,0.10038475980532371,0.12870577711222958,0.01476606447249651,0.03992556408047676,0.0,0.0,0.0,0.0
2.9458413124084473,-0.3843967020511627,-0.26723018288612366,0.0,0.0,-0.0008419450605288148,-0.1619928628206253,0.0,0.0,0.10038475980532371,0.12870577711222958,0.01476606447249651,0.03992556408047676,0.0,0.0,0.0,0.0
2.94707989692688,-0.3843967020511627,-0.26723018288612366,0.0,0.0,-0.0008419450605288148,-0.1619928628206253,0.0,0.0,0.100351194612913,0.12861470168428674,0.01748407818377018,0.040068600326776505,0.0,0.0,0.0,0.0
2.9484007358551025,-0.3843967020511627,-0.26723018288612366,0.0,0.0,-0.0008419450605288148,-0.1619928628206253,0.0,0.0,0.100351194612913,0.12861470168428674,0.01748407818377018,0.040068600326776505,0.0,0.0,0.0,0.0
2.9496304988861084,-0.3843967020511627,-0.26723018288612366,0.0,0.0,-0.0008419450605288148,-0.1619928628206253,0.0,0.0,0.10012110685740587,0.12861950005558673,0.021647214889526367,0.03289996460080147,0.0,0.0,0.0,0.0
2.9509437084198,-0.3843967020511627,-0.26723018288612366,0.0,0.0,-0.0008419450605288148,-0.1619928628206253,0.0,0.0,0.10004920150797372,0.12861950005558673,0.022133588790893555,0.031555283814668655,0.0,0.0,0.0,0.0
2.9521734714508057,-0.3843967020511627,-0.26723018288612366,0.0,0.0,-0.0008419450605288148,-0.1619928628206253,0.0,0.0,0.10004920150797372,0.12861950005558673,0.022133588790893555,0.031555283814668655,0.0,0.0,0.0,0.0
2.9534249305725098,-0.3843967020511627,-0.26723018288612366,0.0,0.0,-0.0008419450605288148,-0.1619928628206253,0.0,0.0,0.10008754166499516,0.12861950005558673,0.023163530975580215,0.031555283814668655,0.0,0.0,0.0,0.0
2.9546444416046143,-0.3843967020511627,-0.26723018288612366,0.0,0.0,-0.0008419450605288148,-0.1619928628206253,0.0,0.0,0.10008754166499516,0.12861950005558673,0.023163530975580215,0.031555283814668655,0.0,0.0,0.0,0.0
2.9559576511383057,-0.3292221426963806,-0.22528281807899475,0.0,0.0,-0.0007652947679162025,-0.16203723847866058,0.0,0.0,0.0999676994159416,0.12850444447448853,0.02159002237021923,0.033043015748262405,0.0,0.0,0.0,0.0
2.957202911376953,-0.3292221426963806,-0.22528281807899475,0.0,0.0,-0.0007652947679162025,-0.16203723847866058,0.0,0.0,0.0999676994159416,0.12850444447448853,0.02159002237021923,0.033043015748262405,0.0,0.0,0.0,0.0
2.9584438800811768,-0.3292221426963806,-0.22528281807899475,0.0,0.0,-0.0007652947679162025,-0.16203723847866058,0.0,0.0,0.09988142235929874,0.12841815571450102,0.02107502520084381,0.033615220338106155,0.0,0.0,0.0,0.0
2.9596331119537354,-0.3292221426963806,-0.22528281807899475,0.0,0.0,-0.0007652947679162025,-0.16203723847866058,0.0,0.0,0.09988142235929874,0.12841815571450102,0.02107502520084381,0.033615220338106155,0.0,0.0,0.0,0.0
2.960827112197876,-0.3292221426963806,-0.22528281807899475,0.0,0.0,-0.0007652947679162025,-0.16203723847866058,0.0,0.0,0.09978554856005588,0.12832228191525819,0.027088552713394165,0.02760092355310917,0.0,0.0,0.0,0.0
2.9620749950408936,-0.3292221426963806,-0.22528281807899475,0.0,0.0,-0.0007652947679162025,-0.16203723847866058,0.0,0.0,0.09978554856005588,0.12832228191525819,0.027088552713394165,0.02760092355310917,0.0,0.0,0.0,0.0
2.9633522033691406,-0.3292221426963806,-0.22528281807899475,0.0,0.0,-0.0007652947679162025,-0.16203723847866058,0.0,0.0,0.09958420421897018,0.1283126968760028,0.025028612464666367,0.028144558891654015,0.0,0.0,0.0,0.0
2.964573860168457,-0.3292221426963806,-0.22528281807899475,0.0,0.0,-0.0007652947679162025,-0.16203723847866058,0.0,0.0,0.09958420421897018,0.1283126968760028,0.025028612464666367,0.028144558891654015,0.0,0.0,0.0,0.0
2.9658308029174805,-0.3385622203350067,-0.26952996850013733,0.0,0.0,-0.0007603970589116216,-0.1621462106704712,0.0,0.0,0.09946916034121661,0.1282360048586153,0.023941412568092346,0.02685708738863468,0.0,0.0,0.0,0.0
2.9671120643615723,-0.3385622203350067,-0.26952996850013733,0.0,0.0,-0.0007603970589116216,-0.1621462106704712,0.0,0.0,0.09946916034121661,0.1282360048586153,0.023941412568092346,0.02685708738863468,0.0,0.0,0.0,0.0
2.968332052230835,-0.3385622203350067,-0.26952996850013733,0.0,0.0,-0.0007603970589116216,-0.1621462106704712,0.0,0.0,0.09938766995252912,0.12813053431677246,0.026030002161860466,0.028773970901966095,0.0,0.0,0.0,0.0
2.969586133956909,-0.3385622203350067,-0.26952996850013733,0.0,0.0,-0.0007603970589116216,-0.1621462106704712,0.0,0.0,0.09938766995252912,0.12813053431677246,0.026030002161860466,0.028773970901966095,0.0,0.0,0.0,0.0
2.9708030223846436,-0.3385622203350067,-0.26952996850013733,0.0,0.0,-0.0007603970589116216,-0.1621462106704712,0.0,0.0,0.09929179615328627,0.12782854121183318,0.03042535111308098,0.025925688445568085,0.0,0.0,0.0,0.0
2.972050905227661,-0.3385622203350067,-0.26952996850013733,0.0,0.0,-0.0007603970589116216,-0.1621462106704712,0.0,0.0,0.09929179615328627,0.12782854121183318,0.03042535111308098,0.025925688445568085,0.0,0.0,0.0,0.0
2.973334550857544,-0.3385622203350067,-0.26952996850013733,0.0,0.0,-0.0007603970589116216,-0.1621462106704712,0.0,0.0,0.09920550739329877,0.12764158028130285,0.029910355806350708,0.026154570281505585,0.0,0.0,0.0,0.0
2.9747540950775146,-0.3385622203350067,-0.26952996850013733,0.0,0.0,-0.0007603970589116216,-0.1621462106704712,0.0,0.0,0.09898499297370236,0.12742107756505106,0.027821781113743782,0.02712729014456272,0.0,0.0,0.0,0.0
2.976004123687744,-0.33783605694770813,-0.0888679176568985,0.0,0.0,-0.0007433528662659228,-0.1621640920639038,0.0,0.0,0.09898499297370236,0.12742107756505106,0.027821781113743782,0.02712729014456272,0.0,0.0,0.0,0.0
2.977290153503418,-0.33783605694770813,-0.0888679176568985,0.0,0.0,-0.0007433528662659228,-0.1621640920639038,0.0,0.0,0.09898499297370236,0.12742107756505106,0.027821781113743782,0.02712729014456272,0.0,0.0,0.0,0.0
2.9785678386688232,-0.33783605694770813,-0.0888679176568985,0.0,0.0,-0.0007433528662659228,-0.1621640920639038,0.0,0.0,0.098812427157072,0.12704236903603502,0.026677370071411133,0.03176216036081314,0.0,0.0,0.0,0.0
2.9799458980560303,-0.33783605694770813,-0.0888679176568985,0.0,0.0,-0.0007433528662659228,-0.1621640920639038,0.0,0.0,0.0987069683185738,0.12679789786997253,0.03383008390665054,0.02572319656610489,0.0,0.0,0.0,0.0
2.981187582015991,-0.33783605694770813,-0.0888679176568985,0.0,0.0,-0.0007433528662659228,-0.1621640920639038,0.0,0.0,0.0987069683185738,0.12679789786997253,0.03383008390665054,0.02572319656610489,0.0,0.0,0.0,0.0
2.9824037551879883,-0.33783605694770813,-0.0888679176568985,0.0,0.0,-0.0007433528662659228,-0.1621640920639038,0.0,0.0,0.09851522072008809,0.12653903159001004,0.03145540505647659,0.027268121019005775,0.0,0.0,0.0,0.0
2.9835894107818604,-0.33783605694770813,-0.0888679176568985,0.0,0.0,-0.0007433528662659228,-0.1621640920639038,0.0,0.0,0.09851522072008809,0.12653903159001004,0.03145540505647659,0.027268121019005775,0.0,0.0,0.0,0.0
2.9848198890686035,-0.33783605694770813,-0.0888679176568985,0.0,0.0,-0.0007433528662659228,-0.1621640920639038,0.0,0.0,0.09833784482881311,0.12627059197413684,0.03033963404595852,0.0286986343562603,0.0,0.0,0.0,0.0
2.9860925674438477,-0.3279651701450348,-0.03209149092435837,0.0,0.0,-0.0007276309770531952,-0.16220173239707947,0.0,0.0,0.09833784482881311,0.12627059197413684,0.03033963404595852,0.0286986343562603,0.0,0.0,0.0,0.0
2.9873387813568115,-0.3279651701450348,-0.03209149092435837,0.0,0.0,-0.0007276309770531952,-0.16220173239707947,0.0,0.0,0.09792079614277562,0.12612198290397256,0.02619115822017193,0.028784461319446564,0.0,0.0,0.0,0.0
2.9885644912719727,-0.3279651701450348,-0.03209149092435837,0.0,0.0,-0.0007276309770531952,-0.16220173239707947,0.0,0.0,0.09792079614277562,0.12612198290397256,0.02619115822017193,0.028784461319446564,0.0,0.0,0.0,0.0
2.9897866249084473,-0.3279651701450348,-0.03209149092435837,0.0,0.0,-0.0007276309770531952,-0.16220173239707947,0.0,0.0,0.09791600362314794,0.12584874491679934,0.035020627081394196,0.025450294837355614,0.0,0.0,0.0,0.0
2.9910590648651123,-0.3279651701450348,-0.03209149092435837,0.0,0.0,-0.0007276309770531952,-0.16220173239707947,0.0,0.0,0.09791600362314794,0.12584874491679934,0.035020627081394196,0.025450294837355614,0.0,0.0,0.0,0.0
2.9923293590545654,-0.3279651701450348,-0.03209149092435837,0.0,0.0,-0.0007276309770531952,-0.16220173239707947,0.0,0.0,0.09766194156615778,0.125666582357569,0.03270319104194641,0.025106972083449364,0.0,0.0,0.0,0.0
2.9935879707336426,-0.3279651701450348,-0.03209149092435837,0.0,0.0,-0.0007276309770531952,-0.16220173239707947,0.0,0.0,0.09766194156615778,0.125666582357569,0.03270319104194641,0.025106972083449364,0.0,0.0,0.0,0.0
2.9948008060455322,-0.3279651701450348,-0.03209149092435837,0.0,0.0,-0.0007276309770531952,-0.16220173239707947,0.0,0.0,0.09732638326880778,0.12510092460136726,0.029956601560115814,0.02982768788933754,0.0,0.0,0.0,0.0
2.996044397354126,-0.3453510105609894,0.0420389398932457,0.0,0.0,-0.0007515240577049553,-0.16225038468837738,0.0,0.0,0.09732638326880778,0.12510092460136726,0.029956601560115814,0.02982768788933754,0.0,0.0,0.0,0.0
2.997281551361084,-0.3453510105609894,0.0420389398932457,0.0,0.0,-0.0007515240577049553,-0.16225038468837738,0.0,0.0,0.0970195859408962,0.12457361870553156,0.026752253994345665,0.03534943610429764,0.0,0.0,0.0,0.0
2.9985294342041016,-0.3453510105609894,0.0420389398932457,0.0,0.0,-0.0007515240577049553,-0.16225038468837738,0.0,0.0,0.0970195859408962,0.12457361870553156,0.026752253994345665,0.03534943610429764,0.0,0.0,0.0,0.0
2.9997518062591553,-0.3453510105609894,0.0420389398932457,0.0,0.0,-0.0007515240577049553,-0.16225038468837738,0.0,0.0,0.09664567578318015,0.12443939304592265,0.03232574835419655,0.026970703154802322,0.0,0.0,0.0,0.0
3.00105881690979,-0.3453510105609894,0.0420389398932457,0.0,0.0,-0.0007515240577049553,-0.16225038468837738,0.0,0.0,0.09639640624581766,0.12386415025046553,0.03083799220621586,0.031977519392967224,0.0,0.0,0.0,0.0
3.0022737979888916,-0.3453510105609894,0.0420389398932457,0.0,0.0,-0.0007515240577049553,-0.16225038468837738,0.0,0.0,0.09639640624581766,0.12386415025046553,0.03083799220621586,0.031977519392967224,0.0,0.0,0.0,0.0
3.003542423248291,-0.3453510105609894,0.0420389398932457,0.0,0.0,-0.0007515240577049553,-0.16225038468837738,0.0,0.0,0.0961375458175275,0.12335602613648519,0.029207224026322365,0.03538211062550545,0.0,0.0,0.0,0.0
3.004814863204956,-0.3453510105609894,0.0420389398932457,0.0,0.0,-0.0007515240577049553,-0.16225038468837738,0.0,0.0,0.0961375458175275,0.12335602613648519,0.029207224026322365,0.03538211062550545,0.0,0.0,0.0,0.0
3.00606107711792,-0.3615197539329529,0.04680522903800011,0.0,0.0,-0.0007853881106711924,-0.16233350336551666,0.0,0.0,0.09560544740206413,0.12291979566859236,0.0246581993997097,0.037613723427057266,0.0,0.0,0.0,0.0
3.007281541824341,-0.3615197539329529,0.04680522903800011,0.0,0.0,-0.0007853881106711924,-0.16233350336551666,0.0,0.0,0.09560544740206413,0.12291979566859236,0.0246581993997097,0.037613723427057266,0.0,0.0,0.0,0.0
3.008528232574463,-0.3615197539329529,0.04680522903800011,0.0,0.0,-0.0007853881106711924,-0.16233350336551666,0.0,0.0,0.09529385755452485,0.12214801860669418,0.02345656231045723,0.04470904543995857,0.0,0.0,0.0,0.0
3.0097408294677734,-0.3615197539329529,0.04680522903800011,0.0,0.0,-0.0007853881106711924,-0.16233350336551666,0.0,0.0,0.09529385755452485,0.12214801860669418,0.02345656231045723,0.04470904543995857,0.0,0.0,0.0,0.0
3.010957956314087,-0.3615197539329529,0.04680522903800011,0.0,0.0,-0.0007853881106711924,-0.16233350336551666,0.0,0.0,0.09529385755452485,0.12214801860669418,0.02345656231045723,0.04470904543995857,0.0,0.0,0.0,0.0
3.0122158527374268,-0.3615197539329529,0.04680522903800011,0.0,0.0,-0.0007853881106711924,-0.16233350336551666,0.0,0.0,0.0948911864273704,0.12149607209050492,0.027653558179736137,0.041599974036216736,0.0,0.0,0.0,0.0
3.013516426086426,-0.3615197539329529,0.04680522903800011,0.0,0.0,-0.0007853881106711924,-0.16233350336551666,0.0,0.0,0.09444537092022222,0.12055171750863175,0.025135839357972145,0.04517625272274017,0.0,0.0,0.0,0.0
3.0147550106048584,-0.3615197539329529,0.04680522903800011,0.0,0.0,-0.0007853881106711924,-0.16233350336551666,0.0,0.0,0.09444537092022222,0.12055171750863175,0.025135839357972145,0.04517625272274017,0.0,0.0,0.0,0.0
3.016040563583374,-0.3555395007133484,0.08340969681739807,0.0,0.0,-0.0007873252616263926,-0.16241373121738434,0.0,0.0,0.09393244843494188,0.11999085812372999,0.021015983074903488,0.050268884748220444,0.0,0.0,0.0,0.0
3.0174007415771484,-0.3555395007133484,0.08340969681739807,0.0,0.0,-0.0007873252616263926,-0.16241373121738434,0.0,0.0,0.09393244843494188,0.11999085812372999,0.021015983074903488,0.050268884748220444,0.0,0.0,0.0,0.0
3.018655776977539,-0.3555395007133484,0.08340969681739807,0.0,0.0,-0.0007873252616263926,-0.16241373121738434,0.0,0.0,0.0935106013776044,0.11919030253737646,0.02467883937060833,0.049324680119752884,0.0,0.0,0.0,0.0
3.019967555999756,-0.3555395007133484,0.08340969681739807,0.0,0.0,-0.0007873252616263926,-0.16241373121738434,0.0,0.0,0.0935106013776044,0.11919030253737646,0.02467883937060833,0.049324680119752884,0.0,0.0,0.0,0.0
3.021212339401245,-0.3555395007133484,0.08340969681739807,0.0,0.0,-0.0007873252616263926,-0.16241373121738434,0.0,0.0,0.09273402594440622,0.11782410089816582,0.01858488842844963,0.0618559755384922,0.0,0.0,0.0,0.0
3.0224344730377197,-0.3555395007133484,0.08340969681739807,0.0,0.0,-0.0007873252616263926,-0.16241373121738434,0.0,0.0,0.09273402594440622,0.11782410089816582,0.01858488842844963,0.0618559755384922,0.0,0.0,0.0,0.0
3.023634910583496,-0.3555395007133484,0.08340969681739807,0.0,0.0,-0.0007873252616263926,-0.16241373121738434,0.0,0.0,0.09218275159875983,0.11663047677893015,0.01509441714733839,0.0698668509721756,0.0,0.0,0.0,0.0
3.024885892868042,-0.3555395007133484,0.08340969681739807,0.0,0.0,-0.0007873252616263926,-0.16241373121738434,0.0,0.0,0.09218275159875983,0.11663047677893015,0.01509441714733839,0.0698668509721756,0.0,0.0,0.0,0.0
3.0261361598968506,-0.38647568225860596,-0.010263162665069103,0.0,0.0,-0.0008316569728776813,-0.1625562459230423,0.0,0.0,0.09128153554520808,0.11536494731026235,0.00931514985859394,0.07782051712274551,0.0,0.0,0.0,0.0
3.027383327484131,-0.38647568225860596,-0.010263162665069103,0.0,0.0,-0.0008316569728776813,-0.1625562459230423,0.0,0.0,0.09128153554520808,0.11536494731026235,0.00931514985859394,0.07782051712274551,0.0,0.0,0.0,0.0
3.028607130050659,-0.38647568225860596,-0.010263162665069103,0.0,0.0,-0.0008316569728776813,-0.1625562459230423,0.0,0.0,0.09044743817313312,0.11347622644317137,0.0028206277638673782,0.08880684524774551,0.0,0.0,0.0,0.0
3.029886245727539,-0.38647568225860596,-0.010263162665069103,0.0,0.0,-0.0008316569728776813,-0.1625562459230423,0.0,0.0,0.09044743817313312,0.11347622644317137,0.0028206277638673782,0.08880684524774551,0.0,0.0,0.0,0.0
3.0312905311584473,-0.38647568225860596,-0.010263162665069103,0.0,0.0,-0.0008316569728776813,-0.1625562459230423,0.0,0.0,0.08963730339919655,0.11245516814056607,0.004688989836722612,0.08922724425792694,0.0,0.0,0.0,0.0
3.0325443744659424,-0.38647568225860596,-0.010263162665069103,0.0,0.0,-0.0008316569728776813,-0.1625562459230423,0.0,0.0,0.08963730339919655,0.11245516814056607,0.004688989836722612,0.08922724425792694,0.0,0.0,0.0,0.0
3.0337419509887695,-0.38647568225860596,-0.010263162665069103,0.0,0.0,-0.0008316569728776813,-0.1625562459230423,0.0,0.0,0.08869294296565106,0.11083011192473757,-0.0032932646572589874,0.09835387766361237,0.0,0.0,0.0,0.0
3.034994602203369,-0.38647568225860596,-0.010263162665069103,0.0,0.0,-0.0008316569728776813,-0.1625562459230423,0.0,0.0,0.08869294296565106,0.11083011192473757,-0.0032932646572589874,0.09835387766361237,0.0,0.0,0.0,0.0
3.0362160205841064,-0.4263736605644226,-0.1472344547510147,0.0,0.0,-0.0009028067579492927,-0.16273626685142517,0.0,0.0,0.08767668303434575,0.1092529926085305,-0.008671967312693596,0.11165768653154373,0.0,0.0,0.0,0.0
3.037454843521118,-0.4263736605644226,-0.1472344547510147,0.0,0.0,-0.0009028067579492927,-0.16273626685142517,0.0,0.0,0.08767668303434575,0.1092529926085305,-0.008671967312693596,0.11165768653154373,0.0,0.0,0.0,0.0
3.0386416912078857,-0.4263736605644226,-0.1472344547510147,0.0,0.0,-0.0009028067579492927,-0.16273626685142517,0.0,0.0,0.0864494995743717,0.10757520112178058,-0.01651119254529476,0.1181235983967781,0.0,0.0,0.0,0.0
3.039931058883667,-0.4263736605644226,-0.1472344547510147,0.0,0.0,-0.0009028067579492927,-0.16273626685142517,0.0,0.0,0.0864494995743717,0.10757520112178058,-0.01651119254529476,0.1181235983967781,0.0,0.0,0.0,0.0
3.04120135307312,-0.4263736605644226,-0.1472344547510147,0.0,0.0,-0.0009028067579492927,-0.16273626685142517,0.0,0.0,0.08547637817138783,0.10665001661841812,-0.015454848296940327,0.11512036621570587,0.0,0.0,0.0,0.0
3.0424857139587402,-0.4263736605644226,-0.1472344547510147,0.0,0.0,-0.0009028067579492927,-0.16273626685142517,0.0,0.0,0.08462310486912983,0.10568169358673425,-0.021062444895505905,0.11958357691764832,0.0,0.0,0.0,0.0
3.043675422668457,-0.4263736605644226,-0.1472344547510147,0.0,0.0,-0.0009028067579492927,-0.16273626685142517,0.0,0.0,0.08462310486912983,0.10568169358673425,-0.021062444895505905,0.11958357691764832,0.0,0.0,0.0,0.0
3.0450754165649414,-0.4263736605644226,-0.1472344547510147,0.0,0.0,-0.0009028067579492927,-0.16273626685142517,0.0,0.0,0.08382255513444861,0.1044832710961986,-0.025153707712888718,0.12685056030750275,0.0,0.0,0.0,0.0
3.0465290546417236,-0.524810791015625,-0.5824685096740723,0.0,0.0,-0.0010806770296767354,-0.16308872401714325,0.0,0.0,0.08382255513444861,0.1044832710961986,-0.025153707712888718,0.12685056030750275,0.0,0.0,0.0,0.0
3.047718048095703,-0.524810791015625,-0.5824685096740723,0.0,0.0,-0.0010806770296767354,-0.16308872401714325,0.0,0.0,0.08270562888427277,0.10437780055435575,-0.030961595475673676,0.12433284521102905,0.0,0.0,0.0,0.0
3.0489842891693115,-0.524810791015625,-0.5824685096740723,0.0,0.0,-0.0010806770296767354,-0.16308872401714325,0.0,0.0,0.08270562888427277,0.10437780055435575,-0.030961595475673676,0.12433284521102905,0.0,0.0,0.0,0.0
3.0502612590789795,-0.524810791015625,-0.5824685096740723,0.0,0.0,-0.0010806770296767354,-0.16308872401714325,0.0,0.0,0.08218311550806476,0.10437301388640038,-0.026546649634838104,0.11433812975883484,0.0,0.0,0.0,0.0
3.0515358448028564,-0.524810791015625,-0.5824685096740723,0.0,0.0,-0.0010806770296767354,-0.16308872401714325,0.0,0.0,0.08218311550806476,0.10437301388640038,-0.026546649634838104,0.11433812975883484,0.0,0.0,0.0,0.0
3.0527548789978027,-0.524810791015625,-0.5824685096740723,0.0,0.0,-0.0010806770296767354,-0.16308872401714325,0.0,0.0,0.0813729807341282,0.10438259892565574,-0.031067045405507088,0.112106554210186,0.0,0.0,0.0,0.0
3.053941011428833,-0.524810791015625,-0.5824685096740723,0.0,0.0,-0.0010806770296767354,-0.16308872401714325,0.0,0.0,0.0813729807341282,0.10438259892565574,-0.031067045405507088,0.112106554210186,0.0,0.0,0.0,0.0
3.0553267002105713,-0.5897294282913208,-1.0792458057403564,0.0,0.0,-0.0012724505504593253,-0.16352228820323944,0.0,0.0,0.08100866146733982,0.10438259892565574,-0.031582050025463104,0.112106554210186,0.0,0.0,0.0,0.0
3.0567522048950195,-0.5897294282913208,-1.0792458057403564,0.0,0.0,-0.0012724505504593253,-0.16352228820323944,0.0,0.0,0.08043341867188271,0.10438259892565574,-0.03484358638525009,0.112106554210186,0.0,0.0,0.0,0.0
3.0580294132232666,-0.5897294282913208,-1.0792458057403564,0.0,0.0,-0.0012724505504593253,-0.16352228820323944,0.0,0.0,0.08043341867188271,0.10438259892565574,-0.03484358638525009,0.112106554210186,0.0,0.0,0.0,0.0
3.059398889541626,-0.5897294282913208,-1.0792458057403564,0.0,0.0,-0.0012724505504593253,-0.16352228820323944,0.0,0.0,0.08020811173265861,0.10560019149470211,-0.028440134599804878,0.09400365501642227,0.0,0.0,0.0,0.0
3.0606637001037598,-0.5897294282913208,-1.0792458057403564,0.0,0.0,-0.0012724505504593253,-0.16352228820323944,0.0,0.0,0.08020811173265861,0.10560019149470211,-0.028440134599804878,0.09400365501642227,0.0,0.0,0.0,0.0
3.061910390853882,-0.5897294282913208,-1.0792458057403564,0.0,0.0,-0.0012724505504593253,-0.16352228820323944,0.0,0.0,0.07977667963606577,0.10641511878826636,-0.03187337517738342,0.08559229969978333,0.0,0.0,0.0,0.0
3.063122272491455,-0.5897294282913208,-1.0792458057403564,0.0,0.0,-0.0012724505504593253,-0.16352228820323944,0.0,0.0,0.07977667963606577,0.10641511878826636,-0.03187337517738342,0.08559229969978333,0.0,0.0,0.0,0.0
3.0643322467803955,-0.5897294282913208,-1.0792458057403564,0.0,0.0,-0.0012724505504593253,-0.16352228820323944,0.0,0.0,0.0795226175790756,0.10699995832632347,-0.03276027366518974,0.08193019032478333,0.0,0.0,0.0,0.0
3.0655784606933594,-0.6133008003234863,-1.4897159337997437,0.0,0.0,-0.0013642411213368177,-0.16395454108715057,0.0,0.0,0.0795226175790756,0.10699995832632347,-0.03276027366518974,0.08193019032478333,0.0,0.0,0.0,0.0
3.0668509006500244,-0.6133008003234863,-1.4897159337997437,0.0,0.0,-0.0013642411213368177,-0.16395454108715057,0.0,0.0,0.07918226676209794,0.10763750972861273,-0.03361859917640686,0.07886885106563568,0.0,0.0,0.0,0.0
3.0680952072143555,-0.6133008003234863,-1.4897159337997437,0.0,0.0,-0.0013642411213368177,-0.16395454108715057,0.0,0.0,0.07918226676209794,0.10763750972861273,-0.03361859917640686,0.07886885106563568,0.0,0.0,0.0,0.0
3.0693328380584717,-0.6133008003234863,-1.4897159337997437,0.0,0.0,-0.0013642411213368177,-0.16395454108715057,0.0,0.0,0.07888505447344171,0.10867295144177339,-0.028926026076078415,0.065964475274086,0.0,0.0,0.0,0.0
3.0705580711364746,-0.6133008003234863,-1.4897159337997437,0.0,0.0,-0.0013642411213368177,-0.16395454108715057,0.0,0.0,0.07888505447344171,0.10867295144177339,-0.028926026076078415,0.065964475274086,0.0,0.0,0.0,0.0
3.071841239929199,-0.6133008003234863,-1.4897159337997437,0.0,0.0,-0.0013642411213368177,-0.16395454108715057,0.0,0.0,0.07835774857760602,0.10887908245081446,-0.03287426754832268,0.06994128227233887,0.0,0.0,0.0,0.0
3.0730741024017334,-0.6133008003234863,-1.4897159337997437,0.0,0.0,-0.0013642411213368177,-0.16395454108715057,0.0,0.0,0.07835774857760602,0.10887908245081446,-0.03287426754832268,0.06994128227233887,0.0,0.0,0.0,0.0
3.0744707584381104,-0.6133008003234863,-1.4897159337997437,0.0,0.0,-0.0013642411213368177,-0.16395454108715057,0.0,0.0,0.07802698279988371,0.10916190547724301,-0.03507724031805992,0.06851077079772949,0.0,0.0,0.0,0.0
3.0757133960723877,-0.5047639012336731,-1.5155444145202637,0.0,0.0,-0.0012058974243700504,-0.16416999697685242,0.0,0.0,0.07802698279988371,0.10916190547724301,-0.03507724031805992,0.06851077079772949,0.0,0.0,0.0,0.0
3.0769715309143066,-0.5047639012336731,-1.5155444145202637,0.0,0.0,-0.0012058974243700504,-0.16416999697685242,0.0,0.0,0.07784961861195336,0.109166703848543,-0.03396144136786461,0.06994124501943588,0.0,0.0,0.0,0.0
3.078190326690674,-0.5047639012336731,-1.5155444145202637,0.0,0.0,-0.0012058974243700504,-0.16416999697685242,0.0,0.0,0.07784961861195336,0.109166703848543,-0.03396144136786461,0.06994124501943588,0.0,0.0,0.0,0.0
3.079397678375244,-0.5047639012336731,-1.5155444145202637,0.0,0.0,-0.0012058974243700504,-0.16416999697685242,0.0,0.0,0.07755241217496944,0.1091427353987323,-0.029165873304009438,0.06457208842039108,0.0,0.0,0.0,0.0
3.0806374549865723,-0.5047639012336731,-1.5155444145202637,0.0,0.0,-0.0012058974243700504,-0.16416999697685242,0.0,0.0,0.07755241217496944,0.1091427353987323,-0.029165873304009438,0.06457208842039108,0.0,0.0,0.0,0.0
3.081934690475464,-0.5047639012336731,-1.5155444145202637,0.0,0.0,-0.0012058974243700504,-0.16416999697685242,0.0,0.0,0.07718329453688107,0.1091427353987323,-0.03351464495062828,0.06457208842039108,0.0,0.0,0.0,0.0
3.08321475982666,-0.5047639012336731,-1.5155444145202637,0.0,0.0,-0.0012058974243700504,-0.16416999697685242,0.0,0.0,0.07718329453688107,0.1091427353987323,-0.03351464495062828,0.06457208842039108,0.0,0.0,0.0,0.0
3.084409236907959,-0.5047639012336731,-1.5155444145202637,0.0,0.0,-0.0012058974243700504,-0.16416999697685242,0.0,0.0,0.07701551538820609,0.1087832086515716,-0.03291380777955055,0.0692928209900856,0.0,0.0,0.0,0.0
3.085618734359741,-0.334136962890625,-1.244786024093628,0.0,0.0,-0.000907878449652344,-0.1641513556241989,0.0,0.0,0.07701551538820609,0.1087832086515716,-0.03291380777955055,0.0692928209900856,0.0,0.0,0.0,0.0
3.0868773460388184,-0.334136962890625,-1.244786024093628,0.0,0.0,-0.000907878449652344,-0.1641513556241989,0.0,0.0,0.07707783569838286,0.10800663321837342,-0.03228438273072243,0.07744672149419785,0.0,0.0,0.0,0.0
3.0881361961364746,-0.334136962890625,-1.244786024093628,0.0,0.0,-0.000907878449652344,-0.1641513556241989,0.0,0.0,0.07707783569838286,0.10800663321837342,-0.03228438273072243,0.07744672149419785,0.0,0.0,0.0,0.0
3.089383602142334,-0.334136962890625,-1.244786024093628,0.0,0.0,-0.000907878449652344,-0.1641513556241989,0.0,0.0,0.07707783569838286,0.10773338352785558,-0.024576229974627495,0.07139796018600464,0.0,0.0,0.0,0.0
3.0905776023864746,-0.334136962890625,-1.244786024093628,0.0,0.0,-0.000907878449652344,-0.1641513556241989,0.0,0.0,0.07707783569838286,0.10773338352785558,-0.024576229974627495,0.07139796018600464,0.0,0.0,0.0,0.0
3.0917985439300537,-0.334136962890625,-1.244786024093628,0.0,0.0,-0.000907878449652344,-0.1641513556241989,0.0,0.0,0.07707783569838286,0.10708623538296633,-0.024576229974627495,0.07580392062664032,0.0,0.0,0.0,0.0
3.093132257461548,-0.334136962890625,-1.244786024093628,0.0,0.0,-0.000907878449652344,-0.1641513556241989,0.0,0.0,0.07707783569838286,0.10708623538296633,-0.024576229974627495,0.07580392062664032,0.0,0.0,0.0,0.0
3.0944135189056396,-0.334136962890625,-1.244786024093628,0.0,0.0,-0.000907878449652344,-0.1641513556241989,0.0,0.0,0.07707783569838286,0.10714376902518774,-0.024576229974627495,0.07231350243091583,0.0,0.0,0.0,0.0
3.095607042312622,-0.22979086637496948,-1.0907198190689087,0.0,0.0,-0.000589048839174211,-0.16410356760025024,0.0,0.0,0.07707783569838286,0.10714376902518774,-0.024576229974627495,0.07231350243091583,0.0,0.0,0.0,0.0
3.0968737602233887,-0.22979086637496948,-1.0907198190689087,0.0,0.0,-0.000589048839174211,-0.16410356760025024,0.0,0.0,0.07740860147610516,0.10704789522594489,-0.020113034173846245,0.0715123862028122,0.0,0.0,0.0,0.0
3.0981311798095703,-0.22979086637496948,-1.0907198190689087,0.0,0.0,-0.000589048839174211,-0.16410356760025024,0.0,0.0,0.07740860147610516,0.10704789522594489,-0.020113034173846245,0.0715123862028122,0.0,0.0,0.0,0.0
3.099376678466797,-0.22979086637496948,-1.0907198190689087,0.0,0.0,-0.000589048839174211,-0.16410356760025024,0.0,0.0,0.07797904590026229,0.10695202142670204,-0.010242210701107979,0.06570708006620407,0.0,0.0,0.0,0.0
3.1006083488464355,-0.22979086637496948,-1.0907198190689087,0.0,0.0,-0.000589048839174211,-0.16410356760025024,0.0,0.0,0.07797904590026229,0.10695202142670204,-0.010242210701107979,0.06570708006620407,0.0,0.0,0.0,0.0
3.1018548011779785,-0.22979086637496948,-1.0907198190689087,0.0,0.0,-0.000589048839174211,-0.16410356760025024,0.0,0.0,0.07842965392703816,0.1068561476274592,-0.005807646084576845,0.06625065207481384,0.0,0.0,0.0,0.0
3.1031339168548584,-0.22979086637496948,-1.0907198190689087,0.0,0.0,-0.000589048839174211,-0.16410356760025024,0.0,0.0,0.07842965392703816,0.1068561476274592,-0.005807646084576845,0.06625065207481384,0.0,0.0,0.0,0.0
3.1044251918792725,-0.22979086637496948,-1.0907198190689087,0.0,0.0,-0.000589048839174211,-0.16410356760025024,0.0,0.0,0.07860702396664082,0.1067650604961717,-0.007924782112240791,0.06682285666465759,0.0,0.0,0.0,0.0
3.105618476867676,-0.19219177961349487,-1.04045569896698,0.0,0.0,-0.0004711698566097766,-0.16414685547351837,0.0,0.0,0.07860702396664082,0.1067650604961717,-0.007924782112240791,0.06682285666465759,0.0,0.0,0.0,0.0
3.1068999767303467,-0.19219177961349487,-1.04045569896698,0.0,0.0,-0.0004711698566097766,-0.16414685547351837,0.0,0.0,0.07879397319382653,0.10675067708561635,-0.006208167877048254,0.06556402146816254,0.0,0.0,0.0,0.0
3.108142375946045,-0.19219177961349487,-1.04045569896698,0.0,0.0,-0.0004711698566097766,-0.16414685547351837,0.0,0.0,0.07879397319382653,0.10675067708561635,-0.006208167877048254,0.06556402146816254,0.0,0.0,0.0,0.0
3.109452247619629,-0.19219177961349487,-1.04045569896698,0.0,0.0,-0.0004711698566097766,-0.16414685547351837,0.0,0.0,0.07895695982287385,0.10666440002897348,0.0010252748616039753,0.06110430136322975,0.0,0.0,0.0,0.0
3.110644578933716,-0.19219177961349487,-1.04045569896698,0.0,0.0,-0.0004711698566097766,-0.16414685547351837,0.0,0.0,0.07895695982287385,0.10666440002897348,0.0010252748616039753,0.06110430136322975,0.0,0.0,0.0,0.0
3.1121938228607178,-0.19219177961349487,-1.04045569896698,0.0,0.0,-0.0004711698566097766,-0.16414685547351837,0.0,0.0,0.07908159459155509,0.106573312897686,0.0021696840412914753,0.0616765059530735,0.0,0.0,0.0,0.0
3.1135048866271973,-0.19219177961349487,-1.04045569896698,0.0,0.0,-0.0004711698566097766,-0.16414685547351837,0.0,0.0,0.07908159459155509,0.106573312897686,0.0021696840412914753,0.0616765059530735,0.0,0.0,0.0,0.0
3.114982843399048,-0.19219177961349487,-1.04045569896698,0.0,0.0,-0.0004711698566097766,-0.16414685547351837,0.0,0.0,0.07907680207192741,0.10622337118978066,8.112983778119087e-05,0.06576774269342422,0.0,0.0,0.0,0.0
3.1162023544311523,-0.3159812092781067,-1.0633326768875122,0.0,0.0,-0.0006316655781120062,-0.1642482429742813,0.0,0.0,0.07907680207192741,0.10616584925090387,8.112983778119087e-05,0.06405109912157059,0.0,0.0,0.0,0.0
3.1174516677856445,-0.3159812092781067,-1.0633326768875122,0.0,0.0,-0.0006316655781120062,-0.1642482429742813,0.0,0.0,0.07907680207192741,0.10616584925090387,8.112983778119087e-05,0.06405109912157059,0.0,0.0,0.0,0.0
3.1186394691467285,-0.3159812092781067,-1.0633326768875122,0.0,0.0,-0.0006316655781120062,-0.1642482429742813,0.0,0.0,0.07877480311531582,0.10607956049091638,0.002184351673349738,0.058170635253190994,0.0,0.0,0.0,0.0
3.119866371154785,-0.3159812092781067,-1.0633326768875122,0.0,0.0,-0.0006316655781120062,-0.1642482429742813,0.0,0.0,0.07877480311531582,0.10607956049091638,0.002184351673349738,0.058170635253190994,0.0,0.0,0.0,0.0
3.1211483478546143,-0.3159812092781067,-1.0633326768875122,0.0,0.0,-0.0006316655781120062,-0.1642482429742813,0.0,0.0,0.07838650954704442,0.10555705296638068,-0.0009627526742406189,0.06380687654018402,0.0,0.0,0.0,0.0
3.1224002838134766,-0.3159812092781067,-1.0633326768875122,0.0,0.0,-0.0006316655781120062,-0.1642482429742813,0.0,0.0,0.07838650954704442,0.10555705296638068,-0.0009627526742406189,0.06380687654018402,0.0,0.0,0.0,0.0
3.1236369609832764,-0.3159812092781067,-1.0633326768875122,0.0,0.0,-0.0006316655781120062,-0.1642482429742813,0.0,0.0,0.07794549241119622,0.1055810214161914,-0.0037093281280249357,0.06114613637328148,0.0,0.0,0.0,0.0
3.124908447265625,-0.3159812092781067,-1.0633326768875122,0.0,0.0,-0.0006316655781120062,-0.1642482429742813,0.0,0.0,0.07794549241119622,0.1055810214161914,-0.0037093281280249357,0.06114613637328148,0.0,0.0,0.0,0.0
3.126335859298706,-0.37165436148643494,-0.7627683281898499,0.0,0.0,-0.0007613133057020605,-0.16419480741024017,0.0,0.0,0.07746133089535427,0.10551870110601462,-0.0071711731143295765,0.060173336416482925,0.0,0.0,0.0,0.0
3.127568244934082,-0.37165436148643494,-0.7627683281898499,0.0,0.0,-0.0007613133057020605,-0.16419480741024017,0.0,0.0,0.07746133089535427,0.10551870110601462,-0.0071711731143295765,0.060173336416482925,0.0,0.0,0.0,0.0
3.128828525543213,-0.37165436148643494,-0.7627683281898499,0.0,0.0,-0.0007613133057020605,-0.16419480741024017,0.0,0.0,0.07708262821801054,0.10541804063881641,-0.00242965598590672,0.055832426995038986,0.0,0.0,0.0,0.0
3.1300742626190186,-0.37165436148643494,-0.7627683281898499,0.0,0.0,-0.0007613133057020605,-0.16419480741024017,0.0,0.0,0.07708262821801054,0.10541804063881641,-0.00242965598590672,0.055832426995038986,0.0,0.0,0.0,0.0
3.1314005851745605,-0.37165436148643494,-0.7627683281898499,0.0,0.0,-0.0007613133057020605,-0.16419480741024017,0.0,0.0,0.07705865976819982,0.10531257009697355,-5.4985706810839474e-05,0.05643320456147194,0.0,0.0,0.0,0.0
3.132608413696289,-0.37165436148643494,-0.7627683281898499,0.0,0.0,-0.0007613133057020605,-0.16419480741024017,0.0,0.0,0.07705865976819982,0.10531257009697355,-5.4985706810839474e-05,0.05643320456147194,0.0,0.0,0.0,0.0
3.133918285369873,-0.37165436148643494,-0.7627683281898499,0.0,0.0,-0.0007613133057020605,-0.16419480741024017,0.0,0.0,0.07680459185953735,0.1053029850577182,-0.0024868694599717855,0.05700541287660599,0.0,0.0,0.0,0.0
3.1351373195648193,-0.37165436148643494,-0.7627683281898499,0.0,0.0,-0.0007613133057020605,-0.16419480741024017,0.0,0.0,0.07680459185953735,0.1053029850577182,-0.0024868694599717855,0.05700541287660599,0.0,0.0,0.0,0.0
3.136613368988037,-0.3920990526676178,-0.6294099688529968,0.0,0.0,-0.0008380309445783496,-0.16417701542377472,0.0,0.0,0.07660325922179628,0.1053029850577182,-0.0036312786396592855,0.05568936839699745,0.0,0.0,0.0,0.0
3.137836456298828,-0.3920990526676178,-0.6294099688529968,0.0,0.0,-0.0008380309445783496,-0.16417701542377472,0.0,0.0,0.07660325922179628,0.1053029850577182,-0.0036312786396592855,0.05568936839699745,0.0,0.0,0.0,0.0
3.1390552520751953,-0.3920990526676178,-0.6294099688529968,0.0,0.0,-0.0008380309445783496,-0.16417701542377472,0.0,0.0,0.07641151162331057,0.1053029850577182,0.0016506827669218183,0.04932093247771263,0.0,0.0,0.0,0.0
3.140286445617676,-0.3920990526676178,-0.6294099688529968,0.0,0.0,-0.0008380309445783496,-0.16417701542377472,0.0,0.0,0.07641151162331057,0.1053029850577182,0.0016506827669218183,0.04932093247771263,0.0,0.0,0.0,0.0
3.1416869163513184,-0.3920990526676178,-0.6294099688529968,0.0,0.0,-0.0008380309445783496,-0.16417701542377472,0.0,0.0,0.07646424104255968,0.1053029850577182,0.0022228665184229612,0.04932093247771263,0.0,0.0,0.0,0.0
3.1429972648620605,-0.3920990526676178,-0.6294099688529968,0.0,0.0,-0.0008380309445783496,-0.16417701542377472,0.0,0.0,0.07646424104255968,0.1053029850577182,0.0022228665184229612,0.04932093247771263,0.0,0.0,0.0,0.0
3.1442461013793945,-0.3920990526676178,-0.6294099688529968,0.0,0.0,-0.0008380309445783496,-0.16417701542377472,0.0,0.0,0.07636357472368915,0.1053029850577182,0.002165660262107849,0.04932093247771263,0.0,0.0,0.0,0.0
3.145470380783081,-0.38620051741600037,-0.6848108172416687,0.0,0.0,-0.000864798785187304,-0.16425754129886627,0.0,0.0,0.07636357472368915,0.1053029850577182,0.002165660262107849,0.04932093247771263,0.0,0.0,0.0,0.0
3.1466922760009766,-0.38620051741600037,-0.6848108172416687,0.0,0.0,-0.000864798785187304,-0.16425754129886627,0.0,0.0,0.07626770092444629,0.1053029850577182,0.001564852544106543,0.04932093247771263,0.0,0.0,0.0,0.0
3.147984266281128,-0.38620051741600037,-0.6848108172416687,0.0,0.0,-0.000864798785187304,-0.16425754129886627,0.0,0.0,0.07626770092444629,0.1053029850577182,0.001564852544106543,0.04932093247771263,0.0,0.0,0.0,0.0
3.14922833442688,-0.38620051741600037,-0.6848108172416687,0.0,0.0,-0.000864798785187304,-0.16425754129886627,0.0,0.0,0.07599925545690077,0.1053029850577182,0.007299191318452358,0.04301578924059868,0.0,0.0,0.0,0.0
3.1505093574523926,-0.38620051741600037,-0.6848108172416687,0.0,0.0,-0.000864798785187304,-0.16425754129886627,0.0,0.0,0.07599925545690077,0.1053029850577182,0.007299191318452358,0.04301578924059868,0.0,0.0,0.0,0.0
3.151747465133667,-0.38620051741600037,-0.6848108172416687,0.0,0.0,-0.000864798785187304,-0.16425754129886627,0.0,0.0,0.07580750785841507,0.1053029850577182,0.004295103717595339,0.04301578924059868,0.0,0.0,0.0,0.0
3.1530487537384033,-0.38620051741600037,-0.6848108172416687,0.0,0.0,-0.000864798785187304,-0.16425754129886627,0.0,0.0,0.07580750785841507,0.1053029850577182,0.004295103717595339,0.04301578924059868,0.0,0.0,0.0,0.0
3.1543242931365967,-0.38620051741600037,-0.6848108172416687,0.0,0.0,-0.000864798785187304,-0.16425754129886627,0.0,0.0,0.07585065223840881,0.1053029850577182,0.004924529232084751,0.04301578924059868,0.0,0.0,0.0,0.0
3.155564069747925,-0.3458947539329529,-0.5970613956451416,0.0,0.0,-0.0007761335000395775,-0.16433213651180267,0.0,0.0,0.07585065223840881,0.1053029850577182,0.004924529232084751,0.04301578924059868,0.0,0.0,0.0,0.0
3.156831741333008,-0.3458947539329529,-0.5970613956451416,0.0,0.0,-0.0007761335000395775,-0.16433213651180267,0.0,0.0,0.07573560250898292,0.1053029850577182,0.004667029716074467,0.04301578924059868,0.0,0.0,0.0,0.0
3.1581149101257324,-0.3458947539329529,-0.5970613956451416,0.0,0.0,-0.0007761335000395775,-0.16433213651180267,0.0,0.0,0.07573560250898292,0.1053029850577182,0.004667029716074467,0.04301578924059868,0.0,0.0,0.0,0.0
3.159395933151245,-0.3458947539329529,-0.5970613956451416,0.0,0.0,-0.0007761335000395775,-0.16433213651180267,0.0,0.0,0.07564452122936775,0.1053029850577182,0.010455607436597347,0.036682214587926865,0.0,0.0,0.0,0.0
3.1606616973876953,-0.3458947539329529,-0.5970613956451416,0.0,0.0,-0.0007761335000395775,-0.16433213651180267,0.0,0.0,0.07564452122936775,0.1053029850577182,0.010455607436597347,0.036682214587926865,0.0,0.0,0.0,0.0
3.161952495574951,-0.3458947539329529,-0.5970613956451416,0.0,0.0,-0.0007761335000395775,-0.16433213651180267,0.0,0.0,0.07555343994975258,0.10517835614070926,0.009969247505068779,0.03825578838586807,0.0,0.0,0.0,0.0
3.1631972789764404,-0.3458947539329529,-0.5970613956451416,0.0,0.0,-0.0007761335000395775,-0.16433213651180267,0.0,0.0,0.07555343994975258,0.10517835614070926,0.009969247505068779,0.03825578838586807,0.0,0.0,0.0,0.0
3.1644256114959717,-0.3458947539329529,-0.5970613956451416,0.0,0.0,-0.0007761335000395775,-0.16433213651180267,0.0,0.0,0.07534251642108385,0.10488593637168071,0.007909310981631279,0.041660405695438385,0.0,0.0,0.0,0.0
3.1656200885772705,-0.31580641865730286,-0.49766814708709717,0.0,0.0,-0.0007282252190634608,-0.16436085104942322,0.0,0.0,0.07534251642108385,0.10488593637168071,0.007909310981631279,0.041660405695438385,0.0,0.0,0.0,0.0
3.1669023036956787,-0.31580641865730286,-0.49766814708709717,0.0,0.0,-0.0007282252190634608,-0.16436085104942322,0.0,0.0,0.07506448591428296,0.10467980536263966,0.006764901336282492,0.04329117760062218,0.0,0.0,0.0,0.0
3.1682162284851074,-0.31580641865730286,-0.49766814708709717,0.0,0.0,-0.0007282252190634608,-0.16436085104942322,0.0,0.0,0.07506448591428296,0.10467980536263966,0.006764901336282492,0.04329117760062218,0.0,0.0,0.0,0.0
3.1694772243499756,-0.31580641865730286,-0.49766814708709717,0.0,0.0,-0.0007282252190634608,-0.16436085104942322,0.0,0.0,0.07488711587468029,0.10455037807433074,0.01142894197255373,0.0351359061896801,0.0,0.0,0.0,0.0
3.170689821243286,-0.31580641865730286,-0.49766814708709717,0.0,0.0,-0.0007282252190634608,-0.16436085104942322,0.0,0.0,0.07488711587468029,0.10455037807433074,0.01142894197255373,0.0351359061896801,0.0,0.0,0.0,0.0
3.171936273574829,-0.31580641865730286,-0.49766814708709717,0.0,0.0,-0.0007282252190634608,-0.16436085104942322,0.0,0.0,0.07493026025467404,0.10434904543658967,0.01208697073161602,0.03762499615550041,0.0,0.0,0.0,0.0
3.1732144355773926,-0.31580641865730286,-0.49766814708709717,0.0,0.0,-0.0007282252190634608,-0.16436085104942322,0.0,0.0,0.07493026025467404,0.10434904543658967,0.01208697073161602,0.03762499615550041,0.0,0.0,0.0,0.0
3.174459934234619,-0.31580641865730286,-0.49766814708709717,0.0,0.0,-0.0007282252190634608,-0.16436085104942322,0.0,0.0,0.07481521052524816,0.1043106935762236,0.011858109384775162,0.03711005300283432,0.0,0.0,0.0,0.0
3.1756513118743896,-0.2894707918167114,-0.40901607275009155,0.0,0.0,-0.000674353155773133,-0.16439209878444672,0.0,0.0,0.07481521052524816,0.1043106935762236,0.011858109384775162,0.03711005300283432,0.0,0.0,0.0,0.0
3.176877021789551,-0.2894707918167114,-0.40901607275009155,0.0,0.0,-0.000674353155773133,-0.16439209878444672,0.0,0.0,0.07471454420637762,0.10438259892565574,0.011314507573843002,0.03582257777452469,0.0,0.0,0.0,0.0
3.178147554397583,-0.2894707918167114,-0.40901607275009155,0.0,0.0,-0.000674353155773133,-0.16439209878444672,0.0,0.0,0.07471454420637762,0.10438259892565574,0.011314507573843002,0.03582257777452469,0.0,0.0,0.0,0.0
3.1794235706329346,-0.2894707918167114,-0.40901607275009155,0.0,0.0,-0.000674353155773133,-0.16439209878444672,0.0,0.0,0.07462826129806244,0.10438259892565574,0.017034633085131645,0.02952958457171917,0.0,0.0,0.0,0.0
3.1806740760803223,-0.2894707918167114,-0.40901607275009155,0.0,0.0,-0.000674353155773133,-0.16439209878444672,0.0,0.0,0.07462826129806244,0.10438259892565574,0.017034633085131645,0.02952958457171917,0.0,0.0,0.0,0.0
3.1819379329681396,-0.2894707918167114,-0.40901607275009155,0.0,0.0,-0.000674353155773133,-0.16439209878444672,0.0,0.0,0.07462346292676245,0.10438259892565574,0.017864316701889038,0.02952958457171917,0.0,0.0,0.0,0.0
3.183222532272339,-0.2894707918167114,-0.40901607275009155,0.0,0.0,-0.000674353155773133,-0.16439209878444672,0.0,0.0,0.07462346292676245,0.10438259892565574,0.017864316701889038,0.02952958457171917,0.0,0.0,0.0,0.0
3.184455633163452,-0.2894707918167114,-0.40901607275009155,0.0,0.0,-0.000674353155773133,-0.16439209878444672,0.0,0.0,0.07451800408826424,0.10423398985549147,0.016376584768295288,0.031246213242411613,0.0,0.0,0.0,0.0
3.185725688934326,-0.2945266664028168,-0.2984364628791809,0.0,0.0,-0.000663803773932159,-0.16441002488136292,0.0,0.0,0.07451800408826424,0.10423398985549147,0.016376584768295288,0.031246213242411613,0.0,0.0,0.0,0.0
3.187241315841675,-0.2945266664028168,-0.2984364628791809,0.0,0.0,-0.000663803773932159,-0.16441002488136292,0.0,0.0,0.07442213028902138,0.1041477127988486,0.015861621126532555,0.03178977966308594,0.0,0.0,0.0,0.0
3.188556432723999,-0.2945266664028168,-0.2984364628791809,0.0,0.0,-0.000663803773932159,-0.16441002488136292,0.0,0.0,0.07442213028902138,0.1041477127988486,0.015861621126532555,0.03178977966308594,0.0,0.0,0.0,0.0
3.189899206161499,-0.2945266664028168,-0.2984364628791809,0.0,0.0,-0.000663803773932159,-0.16441002488136292,0.0,0.0,0.07402905005279461,0.10376900426983256,0.018237024545669556,0.02944580838084221,0.0,0.0,0.0,0.0
3.1913297176361084,-0.2945266664028168,-0.2984364628791809,0.0,0.0,-0.000663803773932159,-0.16441002488136292,0.0,0.0,0.07390440943244105,0.10374024915206648,0.018179796636104584,0.02787228859961033,0.0,0.0,0.0,0.0
3.1927731037139893,-0.2945266664028168,-0.2984364628791809,0.0,0.0,-0.000663803773932159,-0.16441002488136292,0.0,0.0,0.07390440943244105,0.10374024915206648,0.018179796636104584,0.02787228859961033,0.0,0.0,0.0,0.0
3.1940674781799316,-0.2945266664028168,-0.2984364628791809,0.0,0.0,-0.000663803773932159,-0.16441002488136292,0.0,0.0,0.07355447357620803,0.10365874706003435,0.01437462866306305,0.028330009430646896,0.0,0.0,0.0,0.0
3.1954801082611084,-0.3033542335033417,-0.26911959052085876,0.0,0.0,-0.0006810604827478528,-0.16447849571704865,0.0,0.0,0.07355447357620803,0.10365874706003435,0.01437462866306305,0.028330009430646896,0.0,0.0,0.0,0.0
3.197068452835083,-0.3033542335033417,-0.26911959052085876,0.0,0.0,-0.0006810604827478528,-0.16447849571704865,0.0,0.0,0.07328122973736251,0.1032369117060415,0.013773835264146328,0.033365409821271896,0.0,0.0,0.0,0.0
3.1986422538757324,-0.3033542335033417,-0.26911959052085876,0.0,0.0,-0.0006810604827478528,-0.16447849571704865,0.0,0.0,0.07308468961924913,0.10308830263587723,0.018414966762065887,0.02612006478011608,0.0,0.0,0.0,0.0
3.2000067234039307,-0.3033542335033417,-0.26911959052085876,0.0,0.0,-0.0006810604827478528,-0.16447849571704865,0.0,0.0,0.07308468961924913,0.10308830263587723,0.018414966762065887,0.02612006478011608,0.0,0.0,0.0,0.0
3.2016263008117676,-0.3033542335033417,-0.26911959052085876,0.0,0.0,-0.0006810604827478528,-0.16447849571704865,0.0,0.0,0.07278269066263753,0.10294929030831294,0.016984455287456512,0.027007009834051132,0.0,0.0,0.0,0.0
3.2031006813049316,-0.3033542335033417,-0.26911959052085876,0.0,0.0,-0.0006810604827478528,-0.16447849571704865,0.0,0.0,0.07246150992417058,0.10251305984042011,0.013865917921066284,0.03132713958621025,0.0,0.0,0.0,0.0
3.204564332962036,-0.3033542335033417,-0.26911959052085876,0.0,0.0,-0.0006810604827478528,-0.16447849571704865,0.0,0.0,0.07246150992417058,0.10251305984042011,0.013865917921066284,0.03132713958621025,0.0,0.0,0.0,0.0
3.206040143966675,-0.28860941529273987,-0.12234457582235336,0.0,0.0,-0.0006531124818138778,-0.16449154913425446,0.0,0.0,0.07211157406793756,0.10251305984042011,0.01306483056396246,0.028809452429413795,0.0,0.0,0.0,0.0
3.207441806793213,-0.28860941529273987,-0.12234457582235336,0.0,0.0,-0.0006531124818138778,-0.16449154913425446,0.0,0.0,0.07211157406793756,0.10251305984042011,0.01306483056396246,0.028809452429413795,0.0,0.0,0.0,0.0
3.2088844776153564,-0.28860941529273987,-0.12234457582235336,0.0,0.0,-0.0006531124818138778,-0.16449154913425446,0.0,0.0,0.07181436177928133,0.10243156945173261,0.01137685589492321,0.029324382543563843,0.0,0.0,0.0,0.0
3.210306167602539,-0.28860941529273987,-0.12234457582235336,0.0,0.0,-0.0006531124818138778,-0.16449154913425446,0.0,0.0,0.07181436177928133,0.10243156945173261,0.01137685589492321,0.029324382543563843,0.0,0.0,0.0,0.0
3.211616277694702,-0.28860941529273987,-0.12234457582235336,0.0,0.0,-0.0006531124818138778,-0.16449154913425446,0.0,0.0,0.07156509224191884,0.10207204270457192,0.016012607142329216,0.023601429536938667,0.0,0.0,0.0,0.0
3.2129404544830322,-0.28860941529273987,-0.12234457582235336,0.0,0.0,-0.0006531124818138778,-0.16449154913425446,0.0,0.0,0.0712151505340135,0.10154952347669159,0.014467648230493069,0.03295702859759331,0.0,0.0,0.0,0.0
3.2143194675445557,-0.28860941529273987,-0.12234457582235336,0.0,0.0,-0.0006531124818138778,-0.16449154913425446,0.0,0.0,0.0712151505340135,0.10154952347669159,0.014467648230493069,0.03295702859759331,0.0,0.0,0.0,0.0
3.215611219406128,-0.26003915071487427,-0.14665453135967255,0.0,0.0,-0.0006250404985621572,-0.16457636654376984,0.0,0.0,0.0708891831275912,0.10161184378686837,0.010805545374751091,0.02926628105342388,0.0,0.0,0.0,0.0
3.216928482055664,-0.26003915071487427,-0.14665453135967255,0.0,0.0,-0.0006250404985621572,-0.16457636654376984,0.0,0.0,0.0708891831275912,0.10161184378686837,0.010805545374751091,0.02926628105342388,0.0,0.0,0.0,0.0
3.2183287143707275,-0.26003915071487427,-0.14665453135967255,0.0,0.0,-0.0006250404985621572,-0.16457636654376984,0.0,0.0,0.07063032269930103,0.10162142882612372,0.010433612391352654,0.027034712955355644,0.0,0.0,0.0,0.0
3.2196929454803467,-0.26003915071487427,-0.14665453135967255,0.0,0.0,-0.0006250404985621572,-0.16457636654376984,0.0,0.0,0.0703906382011939,0.1014920015378148,0.015338107943534851,0.02230251207947731,0.0,0.0,0.0,0.0
3.221021890640259,-0.26003915071487427,-0.14665453135967255,0.0,0.0,-0.0006250404985621572,-0.16457636654376984,0.0,0.0,0.0703906382011939,0.1014920015378148,0.015338107943534851,0.02230251207947731,0.0,0.0,0.0,0.0
3.222423791885376,-0.26003915071487427,-0.14665453135967255,0.0,0.0,-0.0006250404985621572,-0.16457636654376984,0.0,0.0,0.07012219273364838,0.10140571277782731,0.013907596468925476,0.02281751111149788,0.0,0.0,0.0,0.0
3.2236807346343994,-0.26003915071487427,-0.14665453135967255,0.0,0.0,-0.0006250404985621572,-0.16457636654376984,0.0,0.0,0.07012219273364838,0.10140571277782731,0.013907596468925476,0.02281751111149788,0.0,0.0,0.0,0.0
3.224944829940796,-0.26003915071487427,-0.14665453135967255,0.0,0.0,-0.0006250404985621572,-0.16457636654376984,0.0,0.0,0.06974349005630465,0.10131463734988445,0.010731853544712067,0.023332510143518448,0.0,0.0,0.0,0.0
3.2264246940612793,-0.2751277685165405,-0.18353742361068726,0.0,0.0,-0.000629761372692883,-0.16468217968940735,0.0,0.0,0.06974349005630465,0.10131463734988445,0.010731853544712067,0.023332510143518448,0.0,0.0,0.0,0.0
3.2276699542999268,-0.2751277685165405,-0.18353742361068726,0.0,0.0,-0.000629761372692883,-0.16468217968940735,0.0,0.0,0.06938396330914394,0.10131463734988445,0.008586086332798004,0.02253139391541481,0.0,0.0,0.0,0.0
3.2289233207702637,-0.2751277685165405,-0.18353742361068726,0.0,0.0,-0.000629761372692883,-0.16468217968940735,0.0,0.0,0.06938396330914394,0.10131463734988445,0.008586086332798004,0.02253139391541481,0.0,0.0,0.0,0.0
3.2303972244262695,-0.2751277685165405,-0.18353742361068726,0.0,0.0,-0.000629761372692883,-0.16468217968940735,0.0,0.0,0.06903881412086628,0.10093114215291304,0.012932942248880863,0.019298313185572624,0.0,0.0,0.0,0.0
3.231602907180786,-0.2751277685165405,-0.18353742361068726,0.0,0.0,-0.000629761372692883,-0.16468217968940735,0.0,0.0,0.06866011729519488,0.10054764695594164,0.01253236923366785,0.022817328572273254,0.0,0.0,0.0,0.0
3.2328298091888428,-0.2751277685165405,-0.18353742361068726,0.0,0.0,-0.000629761372692883,-0.16468217968940735,0.0,0.0,0.06866011729519488,0.10054764695594164,0.01253236923366785,0.022817328572273254,0.0,0.0,0.0,0.0
3.234060049057007,-0.2751277685165405,-0.18353742361068726,0.0,0.0,-0.000629761372692883,-0.16468217968940735,0.0,0.0,0.06815677984916989,0.10022167369784701,0.005608701147139072,0.024734273552894592,0.0,0.0,0.0,0.0
3.235342025756836,-0.28850939869880676,-0.19424693286418915,0.0,0.0,-0.0006068634102120996,-0.16478684544563293,0.0,0.0,0.06815677984916989,0.10022167369784701,0.005608701147139072,0.024734273552894592,0.0,0.0,0.0,0.0
3.2365951538085938,-0.28850939869880676,-0.19424693286418915,0.0,0.0,-0.0006068634102120996,-0.16478684544563293,0.0,0.0,0.06762467558203421,0.0999532340819738,0.002547420794144273,0.025449512526392937,0.0,0.0,0.0,0.0
3.2378382682800293,-0.28850939869880676,-0.19424693286418915,0.0,0.0,-0.0006068634102120996,-0.16478684544563293,0.0,0.0,0.06762467558203421,0.0999532340819738,0.002547420794144273,0.025449512526392937,0.0,0.0,0.0,0.0
3.239058256149292,-0.28850939869880676,-0.19424693286418915,0.0,0.0,-0.0006068634102120996,-0.16478684544563293,0.0,0.0,0.0668816536379021,0.09945948167520419,0.0035012669395655394,0.025212276726961136,0.0,0.0,0.0,0.0
3.240316390991211,-0.28850939869880676,-0.19424693286418915,0.0,0.0,-0.0006068634102120996,-0.16478684544563293,0.0,0.0,0.0668816536379021,0.09945948167520419,0.0035012669395655394,0.025212276726961136,0.0,0.0,0.0,0.0
3.2415664196014404,-0.28850939869880676,-0.19424693286418915,0.0,0.0,-0.0006068634102120996,-0.16478684544563293,0.0,0.0,0.06617219103450839,0.09865413942089529,0.0002110904169967398,0.032736752182245255,0.0,0.0,0.0,0.0
3.2428219318389893,-0.28850939869880676,-0.19424693286418915,0.0,0.0,-0.0006068634102120996,-0.16478684544563293,0.0,0.0,0.06617219103450839,0.09865413942089529,0.0002110904169967398,0.032736752182245255,0.0,0.0,0.0,0.0
3.2440617084503174,-0.28850939869880676,-0.19424693286418915,0.0,0.0,-0.0006068634102120996,-0.16478684544563293,0.0,0.0,0.0654195781994486,0.09797823030656765,-0.0073992167599499226,0.035511989146471024,0.0,0.0,0.0,0.0
3.245342969894409,-0.22308430075645447,-0.09336239844560623,0.0,0.0,-0.0005288675893098116,-0.16484567523002625,0.0,0.0,0.0654195781994486,0.09797823030656765,-0.0073992167599499226,0.035511989146471024,0.0,0.0,0.0,0.0
3.2465591430664062,-0.22308430075645447,-0.09336239844560623,0.0,0.0,-0.0005288675893098116,-0.16484567523002625,0.0,0.0,0.06424992253002365,0.09723520836243554,-0.01503816433250904,0.03820134699344635,0.0,0.0,0.0,0.0
3.247810125350952,-0.22308430075645447,-0.09336239844560623,0.0,0.0,-0.0005288675893098116,-0.16484567523002625,0.0,0.0,0.06424992253002365,0.09723520836243554,-0.01503816433250904,0.03820134699344635,0.0,0.0,0.0,0.0
3.249194383621216,-0.22308430075645447,-0.09336239844560623,0.0,0.0,-0.0005288675893098116,-0.16484567523002625,0.0,0.0,0.06314257546743085,0.09637234416924988,-0.015108990482985973,0.04061746969819069,0.0,0.0,0.0,0.0
3.250450611114502,-0.22308430075645447,-0.09336239844560623,0.0,0.0,-0.0005288675893098116,-0.16484567523002625,0.0,0.0,0.06314257546743085,0.09637234416924988,-0.015108990482985973,0.04061746969819069,0.0,0.0,0.0,0.0
3.2516496181488037,-0.22308430075645447,-0.09336239844560623,0.0,0.0,-0.0005288675893098116,-0.16484567523002625,0.0,0.0,0.06173323529989877,0.09516912915908653,-0.024750614538788795,0.05028771609067917,0.0,0.0,0.0,0.0
3.2529470920562744,-0.22308430075645447,-0.09336239844560623,0.0,0.0,-0.0005288675893098116,-0.16484567523002625,0.0,0.0,0.06173323529989877,0.09516912915908653,-0.024750614538788795,0.05028771609067917,0.0,0.0,0.0,0.0
3.2541959285736084,-0.22308430075645447,-0.09336239844560623,0.0,0.0,-0.0005288675893098116,-0.16484567523002625,0.0,0.0,0.06024719141163456,0.09352489116140268,-0.037024419754743576,0.060358528047800064,0.0,0.0,0.0,0.0
3.2555630207061768,-0.21461164951324463,-0.10788647830486298,0.0,0.0,-0.000479390932014212,-0.16495570540428162,0.0,0.0,0.05863650690301678,0.09194297347389561,-0.04967013746500015,0.07403422147035599,0.0,0.0,0.0,0.0
3.256791591644287,-0.21461164951324463,-0.10788647830486298,0.0,0.0,-0.000479390932014212,-0.16495570540428162,0.0,0.0,0.05863650690301678,0.09194297347389561,-0.04967013746500015,0.07403422147035599,0.0,0.0,0.0,0.0
3.258039712905884,-0.21461164951324463,-0.10788647830486298,0.0,0.0,-0.000479390932014212,-0.16495570540428162,0.0,0.0,0.05863650690301678,0.09194297347389561,-0.04967013746500015,0.07403422147035599,0.0,0.0,0.0,0.0
3.259232521057129,-0.21461164951324463,-0.10788647830486298,0.0,0.0,-0.000479390932014212,-0.16495570540428162,0.0,0.0,0.05680052715851954,0.0901788932271582,-0.05879679694771767,0.08582163602113724,0.0,0.0,0.0,0.0
3.2604753971099854,-0.21461164951324463,-0.10788647830486298,0.0,0.0,-0.000479390932014212,-0.16495570540428162,0.0,0.0,0.05680052715851954,0.0901788932271582,-0.05879679694771767,0.08582163602113724,0.0,0.0,0.0,0.0
3.2616662979125977,-0.21461164951324463,-0.10788647830486298,0.0,0.0,-0.000479390932014212,-0.16495570540428162,0.0,0.0,0.05502686187252677,0.08830935414192258,-0.06583087891340256,0.0947432741522789,0.0,0.0,0.0,0.0
3.262977123260498,-0.21461164951324463,-0.10788647830486298,0.0,0.0,-0.000479390932014212,-0.16495570540428162,0.0,0.0,0.053440151665392024,0.08668429792609408,-0.0734984427690506,0.10100892186164856,0.0,0.0,0.0,0.0
3.2642734050750732,-0.21461164951324463,-0.10788647830486298,0.0,0.0,-0.000479390932014212,-0.16495570540428162,0.0,0.0,0.053440151665392024,0.08668429792609408,-0.0734984427690506,0.10100892186164856,0.0,0.0,0.0,0.0
3.265554666519165,-0.2003786712884903,-0.34211957454681396,0.0,0.0,-0.0004309297655709088,-0.16516363620758057,0.0,0.0,0.053440151665392024,0.08668429792609408,-0.0734984427690506,0.10100892186164856,0.0,0.0,0.0,0.0
3.2668378353118896,-0.2003786712884903,-0.34211957454681396,0.0,0.0,-0.0004309297655709088,-0.16516363620758057,0.0,0.0,0.05208353506543673,0.0850784117887763,-0.0787627249956131,0.10713151097297668,0.0,0.0,0.0,0.0
3.2681448459625244,-0.2003786712884903,-0.34211957454681396,0.0,0.0,-0.0004309297655709088,-0.16516363620758057,0.0,0.0,0.05111521203375285,0.0839710647261835,-0.0821959376335144,0.11208104342222214,0.0,0.0,0.0,0.0
3.2694242000579834,-0.2003786712884903,-0.34211957454681396,0.0,0.0,-0.0004309297655709088,-0.16516363620758057,0.0,0.0,0.05111521203375285,0.0839710647261835,-0.0821959376335144,0.11208104342222214,0.0,0.0,0.0,0.0
3.2706105709075928,-0.2003786712884903,-0.34211957454681396,0.0,0.0,-0.0004309297655709088,-0.16516363620758057,0.0,0.0,0.050827590636024295,0.08316572832354693,-0.07225003093481064,0.1079423651099205,0.0,0.0,0.0,0.0
3.271831512451172,-0.2003786712884903,-0.34211957454681396,0.0,0.0,-0.0004309297655709088,-0.16516363620758057,0.0,0.0,0.050827590636024295,0.08316572832354693,-0.07225003093481064,0.1079423651099205,0.0,0.0,0.0,0.0
3.2731406688690186,-0.2003786712884903,-0.34211957454681396,0.0,0.0,-0.0004309297655709088,-0.16516363620758057,0.0,0.0,0.050683779937160015,0.0828972828560014,-0.07133448123931885,0.10579659789800644,0.0,0.0,0.0,0.0
3.2744295597076416,-0.2003786712884903,-0.34211957454681396,0.0,0.0,-0.0004309297655709088,-0.16516363620758057,0.0,0.0,0.050683779937160015,0.0828972828560014,-0.07133448123931885,0.10579659789800644,0.0,0.0,0.0,0.0
3.2756187915802,-0.14308953285217285,-1.0217103958129883,0.0,0.0,-0.00036637004814110696,-0.16568946838378906,0.0,0.0,0.05063584303753858,0.0828972828560014,-0.06938900798559189,0.10319306701421738,0.0,0.0,0.0,0.0
3.2768356800079346,-0.14308953285217285,-1.0217103958129883,0.0,0.0,-0.00036637004814110696,-0.16568946838378906,0.0,0.0,0.05063584303753858,0.0828972828560014,-0.06938900798559189,0.10319306701421738,0.0,0.0,0.0,0.0
3.278085470199585,-0.14308953285217285,-1.0217103958129883,0.0,0.0,-0.00036637004814110696,-0.16568946838378906,0.0,0.0,0.05132612971074927,0.08290686789525677,-0.05931819602847099,0.10099005699157715,0.0,0.0,0.0,0.0
3.2793779373168945,-0.14308953285217285,-1.0217103958129883,0.0,0.0,-0.00036637004814110696,-0.16568946838378906,0.0,0.0,0.05132612971074927,0.08290686789525677,-0.05931819602847099,0.10099005699157715,0.0,0.0,0.0,0.0
3.2806408405303955,-0.14308953285217285,-1.0217103958129883,0.0,0.0,-0.00036637004814110696,-0.16568946838378906,0.0,0.0,0.052529350572584926,0.08290686789525677,-0.04350707307457924,0.09473548084497452,0.0,0.0,0.0,0.0
3.2818851470947266,-0.14308953285217285,-1.0217103958129883,0.0,0.0,-0.00036637004814110696,-0.16568946838378906,0.0,0.0,0.052529350572584926,0.08290686789525677,-0.04350707307457924,0.09473548084497452,0.0,0.0,0.0,0.0
3.283332109451294,-0.14308953285217285,-1.0217103958129883,0.0,0.0,-0.00036637004814110696,-0.16568946838378906,0.0,0.0,0.0538044709321804,0.08290686789525677,-0.033493489027023315,0.09473548084497452,0.0,0.0,0.0,0.0
3.2845804691314697,-0.14308953285217285,-1.0217103958129883,0.0,0.0,-0.00036637004814110696,-0.16568946838378906,0.0,0.0,0.05503165439215445,0.08365947487864422,-0.024080734699964523,0.08543714880943298,0.0,0.0,0.0,0.0
3.2857978343963623,-0.16944698989391327,-1.8226690292358398,0.0,0.0,-0.0003706268616952002,-0.1663411557674408,0.0,0.0,0.05503165439215445,0.08365947487864422,-0.024080734699964523,0.08543714880943298,0.0,0.0,0.0,0.0
3.2870566844940186,-0.16944698989391327,-1.8226690292358398,0.0,0.0,-0.0003706268616952002,-0.1663411557674408,0.0,0.0,0.0562588378521285,0.08428745294502277,-0.01701398380100727,0.08088812977075577,0.0,0.0,0.0,0.0
3.2883188724517822,-0.16944698989391327,-1.8226690292358398,0.0,0.0,-0.0003706268616952002,-0.1663411557674408,0.0,0.0,0.0562588378521285,0.08428745294502277,-0.01701398380100727,0.08088812977075577,0.0,0.0,0.0,0.0
3.2895686626434326,-0.16944698989391327,-1.8226690292358398,0.0,0.0,-0.0003706268616952002,-0.1663411557674408,0.0,0.0,0.05728948119398917,0.08460383531218972,-0.006049540359526873,0.0725264698266983,0.0,0.0,0.0,0.0
3.2907869815826416,-0.16944698989391327,-1.8226690292358398,0.0,0.0,-0.0003706268616952002,-0.1663411557674408,0.0,0.0,0.05728948119398917,0.08460383531218972,-0.006049540359526873,0.0725264698266983,0.0,0.0,0.0,0.0
3.2920360565185547,-0.16944698989391327,-1.8226690292358398,0.0,0.0,-0.0003706268616952002,-0.1663411557674408,0.0,0.0,0.05801332720793824,0.0846086278318174,-0.004762051161378622,0.07613136619329453,0.0,0.0,0.0,0.0
3.2933342456817627,-0.16944698989391327,-1.8226690292358398,0.0,0.0,-0.0003706268616952002,-0.1663411557674408,0.0,0.0,0.05801332720793824,0.0846086278318174,-0.004762051161378622,0.07613136619329453,0.0,0.0,0.0,0.0
3.294525146484375,-0.16944698989391327,-1.8226690292358398,0.0,0.0,-0.0003706268616952002,-0.1663411557674408,0.0,0.0,0.058531048064518566,0.08459904279256204,-0.0015577338635921478,0.07836294174194336,0.0,0.0,0.0,0.0
3.295748233795166,-0.21185116469860077,-1.8458447456359863,0.0,0.0,-0.00045714990119449794,-0.16665446758270264,0.0,0.0,0.058531048064518566,0.08459904279256204,-0.0015577338635921478,0.07836294174194336,0.0,0.0,0.0,0.0
3.2969717979431152,-0.21185116469860077,-1.8458447456359863,0.0,0.0,-0.00045714990119449794,-0.16665446758270264,0.0,0.0,0.058880989772423904,0.08459904279256204,-0.0034173850435763597,0.07836294174194336,0.0,0.0,0.0,0.0
3.298227071762085,-0.21185116469860077,-1.8458447456359863,0.0,0.0,-0.00045714990119449794,-0.16665446758270264,0.0,0.0,0.058880989772423904,0.08459904279256204,-0.0034173850435763597,0.07836294174194336,0.0,0.0,0.0,0.0
3.299443483352661,-0.21185116469860077,-1.8458447456359863,0.0,0.0,-0.00045714990119449794,-0.16665446758270264,0.0,0.0,0.05886181384224087,0.08388478181786832,0.0002053365169558674,0.07708913832902908,0.0,0.0,0.0,0.0
3.3006482124328613,-0.21185116469860077,-1.8458447456359863,0.0,0.0,-0.00045714990119449794,-0.16665446758270264,0.0,0.0,0.05886181384224087,0.08388478181786832,0.0002053365169558674,0.07708913832902908,0.0,0.0,0.0,0.0
3.3019444942474365,-0.21185116469860077,-1.8458447456359863,0.0,0.0,-0.00045714990119449794,-0.16665446758270264,0.0,0.0,0.05854063310377393,0.08290207537562909,-0.0035998113453388214,0.08936291933059692,0.0,0.0,0.0,0.0
3.3032033443450928,-0.21185116469860077,-1.8458447456359863,0.0,0.0,-0.00045714990119449794,-0.16665446758270264,0.0,0.0,0.05854063310377393,0.08290207537562909,-0.0035998113453388214,0.08936291933059692,0.0,0.0,0.0,0.0
3.304642915725708,-0.21185116469860077,-1.8458447456359863,0.0,0.0,-0.00045714990119449794,-0.16665446758270264,0.0,0.0,0.05779281864001414,0.0819864817631943,-0.012812327593564987,0.09482746571302414,0.0,0.0,0.0,0.0
3.305894613265991,-0.37355759739875793,-1.3364620208740234,0.0,0.0,-0.0007158049265854061,-0.16650347411632538,0.0,0.0,0.05779281864001414,0.0819864817631943,-0.012812327593564987,0.09482746571302414,0.0,0.0,0.0,0.0
3.3071670532226562,-0.37355759739875793,-1.3364620208740234,0.0,0.0,-0.0007158049265854061,-0.16650347411632538,0.0,0.0,0.05712170204531417,0.08126262989757291,-0.01839129999279976,0.09705907851457596,0.0,0.0,0.0,0.0
3.308469533920288,-0.37355759739875793,-1.3364620208740234,0.0,0.0,-0.0007158049265854061,-0.16650347411632538,0.0,0.0,0.05712170204531417,0.08126262989757291,-0.01839129999279976,0.09705907851457596,0.0,0.0,0.0,0.0
3.309673547744751,-0.37355759739875793,-1.3364620208740234,0.0,0.0,-0.0007158049265854061,-0.16650347411632538,0.0,0.0,0.05628759882156689,0.0805004378749301,-0.01665610820055008,0.09669500589370728,0.0,0.0,0.0,0.0
3.3109664916992188,-0.37355759739875793,-1.3364620208740234,0.0,0.0,-0.0007158049265854061,-0.16650347411632538,0.0,0.0,0.05628759882156689,0.0805004378749301,-0.01665610820055008,0.09669500589370728,0.0,0.0,0.0,0.0
3.3121962547302246,-0.37355759739875793,-1.3364620208740234,0.0,0.0,-0.0007158049265854061,-0.16650347411632538,0.0,0.0,0.05583219827516334,0.08038059562587653,-0.017857763916254044,0.09340482950210571,0.0,0.0,0.0,0.0
3.3134403228759766,-0.37355759739875793,-1.3364620208740234,0.0,0.0,-0.0007158049265854061,-0.16650347411632538,0.0,0.0,0.05583219827516334,0.08038059562587653,-0.017857763916254044,0.09340482950210571,0.0,0.0,0.0,0.0
3.3146603107452393,-0.37355759739875793,-1.3364620208740234,0.0,0.0,-0.0007158049265854061,-0.16650347411632538,0.0,0.0,0.0552090185800848,0.08012652771721404,-0.02091904543340206,0.09492119401693344,0.0,0.0,0.0,0.0
3.315904378890991,-0.43405061960220337,-0.8433866500854492,0.0,0.0,-0.000922923325560987,-0.1662195324897766,0.0,0.0,0.0552090185800848,0.08012652771721404,-0.02091904543340206,0.09492119401693344,0.0,0.0,0.0,0.0
3.3171417713165283,-0.43405061960220337,-0.8433866500854492,0.0,0.0,-0.000922923325560987,-0.1662195324897766,0.0,0.0,0.054744032994425894,0.08010255926740333,-0.02300759218633175,0.09346204251050949,0.0,0.0,0.0,0.0
3.3184406757354736,-0.43405061960220337,-0.8433866500854492,0.0,0.0,-0.000922923325560987,-0.1662195324897766,0.0,0.0,0.054744032994425894,0.08010255926740333,-0.02300759218633175,0.09346204251050949,0.0,0.0,0.0,0.0
3.319734811782837,-0.43405061960220337,-0.8433866500854492,0.0,0.0,-0.000922923325560987,-0.1662195324897766,0.0,0.0,0.05462419074537233,0.08014570364739707,-0.015052879229187965,0.08613607287406921,0.0,0.0,0.0,0.0
3.321035861968994,-0.43405061960220337,-0.8433866500854492,0.0,0.0,-0.000922923325560987,-0.1662195324897766,0.0,0.0,0.05462419074537233,0.08014570364739707,-0.015052879229187965,0.08613607287406921,0.0,0.0,0.0,0.0
3.322258472442627,-0.43405061960220337,-0.8433866500854492,0.0,0.0,-0.000922923325560987,-0.1662195324897766,0.0,0.0,0.05459063725630626,0.08014570364739707,-0.014480694197118282,0.08613607287406921,0.0,0.0,0.0,0.0
3.3234691619873047,-0.43405061960220337,-0.8433866500854492,0.0,0.0,-0.000922923325560987,-0.1662195324897766,0.0,0.0,0.05459063725630626,0.08014570364739707,-0.014480694197118282,0.08613607287406921,0.0,0.0,0.0,0.0
3.3246817588806152,-0.43405061960220337,-0.8433866500854492,0.0,0.0,-0.000922923325560987,-0.1662195324897766,0.0,0.0,0.05459063725630626,0.08014570364739707,-0.014480694197118282,0.08613607287406921,0.0,0.0,0.0,0.0
3.32596492767334,-0.522248387336731,-0.9681292176246643,0.0,0.0,-0.0011089645558968186,-0.1662747859954834,0.0,0.0,0.0544947634570634,0.08086475714171847,-0.015052899718284607,0.07669471949338913,0.0,0.0,0.0,0.0
3.327195405960083,-0.522248387336731,-0.9681292176246643,0.0,0.0,-0.0011089645558968186,-0.1662747859954834,0.0,0.0,0.05440368217744823,0.08158381063603987,-0.015567864291369915,0.07042907923460007,0.0,0.0,0.0,0.0
3.3285326957702637,-0.522248387336731,-0.9681292176246643,0.0,0.0,-0.0011089645558968186,-0.1662747859954834,0.0,0.0,0.05440368217744823,0.08158381063603987,-0.015567864291369915,0.07042907923460007,0.0,0.0,0.0,0.0
3.329751491546631,-0.522248387336731,-0.9681292176246643,0.0,0.0,-0.0011089645558968186,-0.1662747859954834,0.0,0.0,0.054312600897833054,0.08212070157113091,-0.00991622544825077,0.06329181045293808,0.0,0.0,0.0,0.0
3.3310015201568604,-0.522248387336731,-0.9681292176246643,0.0,0.0,-0.0011089645558968186,-0.1662747859954834,0.0,0.0,0.054312600897833054,0.08212070157113091,-0.00991622544825077,0.06329181045293808,0.0,0.0,0.0,0.0
3.3324365615844727,-0.522248387336731,-0.9681292176246643,0.0,0.0,-0.0011089645558968186,-0.1662747859954834,0.0,0.0,0.05437492120800984,0.08246105238810857,-0.008685956709086895,0.06297709792852402,0.0,0.0,0.0,0.0
3.333632469177246,-0.522248387336731,-0.9681292176246643,0.0,0.0,-0.0011089645558968186,-0.1662747859954834,0.0,0.0,0.05437492120800984,0.08246105238810857,-0.008685956709086895,0.06297709792852402,0.0,0.0,0.0,0.0
3.334904193878174,-0.522248387336731,-0.9681292176246643,0.0,0.0,-0.0011089645558968186,-0.1662747859954834,0.0,0.0,0.05437492120800984,0.08265759835789427,-0.008685956709086895,0.06240487098693848,0.0,0.0,0.0,0.0
3.336153507232666,-0.4612809717655182,-1.1578116416931152,0.0,0.0,-0.0010950713185593486,-0.16652530431747437,0.0,0.0,0.05437492120800984,0.08265759835789427,-0.008685956709086895,0.06240487098693848,0.0,0.0,0.0,0.0
3.337555170059204,-0.4612809717655182,-1.1578116416931152,0.0,0.0,-0.0010950713185593486,-0.16652530431747437,0.0,0.0,0.0542454880680286,0.08276305719639249,-0.010316739790141582,0.06217598915100098,0.0,0.0,0.0,0.0
3.338801622390747,-0.4612809717655182,-1.1578116416931152,0.0,0.0,-0.0010950713185593486,-0.16652530431747437,0.0,0.0,0.0542454880680286,0.08276305719639249,-0.010316739790141582,0.06217598915100098,0.0,0.0,0.0,0.0
3.3400626182556152,-0.4612809717655182,-1.1578116416931152,0.0,0.0,-0.0010950713185593486,-0.16652530431747437,0.0,0.0,0.05382843938199111,0.08296438983413355,-0.009131161496043205,0.05515320971608162,0.0,0.0,0.0,0.0
3.341353178024292,-0.4612809717655182,-1.1578116416931152,0.0,0.0,-0.0010950713185593486,-0.16652530431747437,0.0,0.0,0.05382843938199111,0.08296438983413355,-0.009131161496043205,0.05515320971608162,0.0,0.0,0.0,0.0
3.3425450325012207,-0.4612809717655182,-1.1578116416931152,0.0,0.0,-0.0010950713185593486,-0.16652530431747437,0.0,0.0,0.053583962364256305,0.08307464704393175,-0.00964614562690258,0.0540660098195076,0.0,0.0,0.0,0.0
3.3437671661376953,-0.4612809717655182,-1.1578116416931152,0.0,0.0,-0.0010950713185593486,-0.16652530431747437,0.0,0.0,0.053583962364256305,0.08307464704393175,-0.00964614562690258,0.0540660098195076,0.0,0.0,0.0,0.0
3.345043659210205,-0.4612809717655182,-1.1578116416931152,0.0,0.0,-0.0010950713185593486,-0.16652530431747437,0.0,0.0,0.052946399258622406,0.08290686789525677,-0.014595688320696354,0.056211765855550766,0.0,0.0,0.0,0.0
3.3462984561920166,-0.4364684820175171,-1.0466035604476929,0.0,0.0,-0.001011648797430098,-0.16659662127494812,0.0,0.0,0.052946399258622406,0.08290686789525677,-0.014595688320696354,0.056211765855550766,0.0,0.0,0.0,0.0
3.3475818634033203,-0.4364684820175171,-1.0466035604476929,0.0,0.0,-0.001011648797430098,-0.16659662127494812,0.0,0.0,0.05240950832353136,0.08232683258017197,-0.019001685082912445,0.06490928679704666,0.0,0.0,0.0,0.0
3.3488059043884277,-0.4364684820175171,-1.0466035604476929,0.0,0.0,-0.001011648797430098,-0.16659662127494812,0.0,0.0,0.05240950832353136,0.08232683258017197,-0.019001685082912445,0.06490928679704666,0.0,0.0,0.0,0.0
3.350043296813965,-0.4364684820175171,-1.0466035604476929,0.0,0.0,-0.001011648797430098,-0.16659662127494812,0.0,0.0,0.05213147196505816,0.08166050850509968,-0.01301236916333437,0.06395465135574341,0.0,0.0,0.0,0.0
3.351301908493042,-0.4364684820175171,-1.0466035604476929,0.0,0.0,-0.001011648797430098,-0.16659662127494812,0.0,0.0,0.05213147196505816,0.08166050850509968,-0.01301236916333437,0.06395465135574341,0.0,0.0,0.0,0.0
3.3525516986846924,-0.4364684820175171,-1.0466035604476929,0.0,0.0,-0.001011648797430098,-0.16659662127494812,0.0,0.0,0.05166648637939925,0.08145437749605862,-0.01650281623005867,0.06301052868366241,0.0,0.0,0.0,0.0
3.353834629058838,-0.4364684820175171,-1.0466035604476929,0.0,0.0,-0.001011648797430098,-0.16659662127494812,0.0,0.0,0.05166648637939925,0.08145437749605862,-0.01650281623005867,0.06301052868366241,0.0,0.0,0.0,0.0
3.355299234390259,-0.3296656608581543,-0.7462512850761414,0.0,0.0,-0.0008003319380804896,-0.1664971262216568,0.0,0.0,0.051244639322061775,0.0809126940413399,-0.018877480179071426,0.06687292456626892,0.0,0.0,0.0,0.0
3.356562376022339,-0.3296656608581543,-0.7462512850761414,0.0,0.0,-0.0008003319380804896,-0.1664971262216568,0.0,0.0,0.05128778370205552,0.08042373415419796,-0.015444264747202396,0.0703633576631546,0.0,0.0,0.0,0.0
3.3577849864959717,-0.3296656608581543,-0.7462512850761414,0.0,0.0,-0.0008003319380804896,-0.1664971262216568,0.0,0.0,0.05128778370205552,0.08042373415419796,-0.015444264747202396,0.0703633576631546,0.0,0.0,0.0,0.0
3.3590657711029053,-0.3296656608581543,-0.7462512850761414,0.0,0.0,-0.0008003319380804896,-0.1664971262216568,0.0,0.0,0.05128778370205552,0.08042373415419796,-0.015444264747202396,0.0703633576631546,0.0,0.0,0.0,0.0
3.3608222007751465,-0.3296656608581543,-0.7462512850761414,0.0,0.0,-0.0008003319380804896,-0.1664971262216568,0.0,0.0,0.05130695963223855,0.08043332504512563,-0.008233403787016869,0.060264330357313156,0.0,0.0,0.0,0.0
3.362253427505493,-0.3296656608581543,-0.7462512850761414,0.0,0.0,-0.0008003319380804896,-0.1664971262216568,0.0,0.0,0.05130695963223855,0.08055316729417919,-0.008233403787016869,0.05791827291250229,0.0,0.0,0.0,0.0
3.3635950088500977,-0.3296656608581543,-0.7462512850761414,0.0,0.0,-0.0008003319380804896,-0.1664971262216568,0.0,0.0,0.05130695963223855,0.08055316729417919,-0.008233403787016869,0.05791827291250229,0.0,0.0,0.0,0.0
3.365262031555176,-0.2695004940032959,-0.6637171506881714,0.0,0.0,-0.0006834619562141597,-0.16650615632534027,0.0,0.0,0.05130695963223855,0.08064424857379437,-0.008233403787016869,0.05731746926903725,0.0,0.0,0.0,0.0
3.366548776626587,-0.2695004940032959,-0.6637171506881714,0.0,0.0,-0.0006834619562141597,-0.16650615632534027,0.0,0.0,0.05130695963223855,0.08061068923305598,-0.008233403787016869,0.058347444981336594,0.0,0.0,0.0,0.0
3.3677825927734375,-0.2695004940032959,-0.6637171506881714,0.0,0.0,-0.0006834619562141597,-0.16650615632534027,0.0,0.0,0.05130695963223855,0.08061068923305598,-0.008233403787016869,0.058347444981336594,0.0,0.0,0.0,0.0
3.3690762519836426,-0.2695004940032959,-0.6637171506881714,0.0,0.0,-0.0006834619562141597,-0.16650615632534027,0.0,0.0,0.05130695963223855,0.08061068923305598,-0.0020292936824262142,0.05214123800396919,0.0,0.0,0.0,0.0
3.3703527450561523,-0.2695004940032959,-0.6637171506881714,0.0,0.0,-0.0006834619562141597,-0.16650615632534027,0.0,0.0,0.05130695963223855,0.08061068923305598,-0.0020292936824262142,0.05214123800396919,0.0,0.0,0.0,0.0
3.371570110321045,-0.2695004940032959,-0.6637171506881714,0.0,0.0,-0.0006834619562141597,-0.16650615632534027,0.0,0.0,0.05172400831827604,0.08061068923305598,0.0029488657601177692,0.05214123800396919,0.0,0.0,0.0,0.0
3.3727986812591553,-0.2695004940032959,-0.6637171506881714,0.0,0.0,-0.0006834619562141597,-0.16650615632534027,0.0,0.0,0.05172400831827604,0.08061068923305598,0.0029488657601177692,0.05214123800396919,0.0,0.0,0.0,0.0
3.3740651607513428,-0.2695004940032959,-0.6637171506881714,0.0,0.0,-0.0006834619562141597,-0.16650615632534027,0.0,0.0,0.05178153025715282,0.08061068923305598,0.003006093204021454,0.05214123800396919,0.0,0.0,0.0,0.0
3.3753271102905273,-0.2823050618171692,-0.8276119828224182,0.0,0.0,-0.0006594010628759861,-0.1666758805513382,0.0,0.0,0.05178153025715282,0.08061068923305598,0.003006093204021454,0.05214123800396919,0.0,0.0,0.0,0.0
3.376556634902954,-0.2823050618171692,-0.8276119828224182,0.0,0.0,-0.0006594010628759861,-0.1666758805513382,0.0,0.0,0.051771945217897464,0.08061068923305598,0.000745884666685015,0.05214123800396919,0.0,0.0,0.0,0.0
3.377782106399536,-0.2823050618171692,-0.8276119828224182,0.0,0.0,-0.0006594010628759861,-0.1666758805513382,0.0,0.0,0.051771945217897464,0.08061068923305598,0.000745884666685015,0.05214123800396919,0.0,0.0,0.0,0.0
3.379063129425049,-0.2823050618171692,-0.8276119828224182,0.0,0.0,-0.0006594010628759861,-0.1666758805513382,0.0,0.0,0.051771945217897464,0.08061068923305598,0.007066643796861172,0.04582257568836212,0.0,0.0,0.0,0.0
3.380324363708496,-0.2823050618171692,-0.8276119828224182,0.0,0.0,-0.0006594010628759861,-0.1666758805513382,0.0,0.0,0.051771945217897464,0.08061068923305598,0.007066643796861172,0.04582257568836212,0.0,0.0,0.0,0.0
3.3815460205078125,-0.2823050618171692,-0.8276119828224182,0.0,0.0,-0.0006594010628759861,-0.1666758805513382,0.0,0.0,0.051771945217897464,0.08061068923305598,0.007066643796861172,0.04582257568836212,0.0,0.0,0.0,0.0
3.382779836654663,-0.2823050618171692,-0.8276119828224182,0.0,0.0,-0.0006594010628759861,-0.1666758805513382,0.0,0.0,0.051771945217897464,0.08061068923305598,0.007066643796861172,0.04582257568836212,0.0,0.0,0.0,0.0
3.3840386867523193,-0.2823050618171692,-0.8276119828224182,0.0,0.0,-0.0006594010628759861,-0.1666758805513382,0.0,0.0,0.051771945217897464,0.08061068923305598,0.007066643796861172,0.04582257568836212,0.0,0.0,0.0,0.0
3.385425567626953,-0.30089274048805237,-0.6879069805145264,0.0,0.0,-0.0007047997787594795,-0.1667361706495285,0.0,0.0,0.051771945217897464,0.08002106887871582,0.007066643796861172,0.05349009111523628,0.0,0.0,0.0,0.0
3.386636257171631,-0.30089274048805237,-0.6879069805145264,0.0,0.0,-0.0007047997787594795,-0.1667361706495285,0.0,0.0,0.051771945217897464,0.08002106887871582,0.007066643796861172,0.05349009111523628,0.0,0.0,0.0,0.0
3.3879380226135254,-0.30089274048805237,-0.6879069805145264,0.0,0.0,-0.0007047997787594795,-0.1667361706495285,0.0,0.0,0.051771945217897464,0.08002106887871582,0.007066643796861172,0.05349009111523628,0.0,0.0,0.0,0.0
3.389226198196411,-0.30089274048805237,-0.6879069805145264,0.0,0.0,-0.0007047997787594795,-0.1667361706495285,0.0,0.0,0.05144117944017516,0.0797765860093087,0.002689291490241885,0.05328984558582306,0.0,0.0,0.0,0.0
3.3904802799224854,-0.30089274048805237,-0.6879069805145264,0.0,0.0,-0.0007047997787594795,-0.1667361706495285,0.0,0.0,0.05144117944017516,0.0797765860093087,0.002689291490241885,0.05328984558582306,0.0,0.0,0.0,0.0
3.39184308052063,-0.30089274048805237,-0.6879069805145264,0.0,0.0,-0.0007047997787594795,-0.1667361706495285,0.0,0.0,0.051028923273765354,0.07949855550250781,0.005491732619702816,0.04876860976219177,0.0,0.0,0.0,0.0
3.3931236267089844,-0.30089274048805237,-0.6879069805145264,0.0,0.0,-0.0007047997787594795,-0.1667361706495285,0.0,0.0,0.051028923273765354,0.07949855550250781,0.005491732619702816,0.04876860976219177,0.0,0.0,0.0,0.0
3.3943796157836914,-0.30089274048805237,-0.6879069805145264,0.0,0.0,-0.0007047997787594795,-0.1667361706495285,0.0,0.0,0.05076047780621983,0.0792253116636623,0.004890937823802233,0.05031357333064079,0.0,0.0,0.0,0.0
3.39560604095459,-0.33270055055618286,-0.5111089944839478,0.0,0.0,-0.0007346731144934893,-0.16671326756477356,0.0,0.0,0.05076047780621983,0.0792253116636623,0.004890937823802233,0.05031357333064079,0.0,0.0,0.0,0.0
3.396836042404175,-0.33270055055618286,-0.5111089944839478,0.0,0.0,-0.0007346731144934893,-0.16671326756477356,0.0,0.0,0.05037698260924842,0.07896645708704444,0.001257438911125064,0.051944371312856674,0.0,0.0,0.0,0.0
3.3980605602264404,-0.33270055055618286,-0.5111089944839478,0.0,0.0,-0.0007346731144934893,-0.16671326756477356,0.0,0.0,0.05037698260924842,0.07896645708704444,0.001257438911125064,0.051944371312856674,0.0,0.0,0.0,0.0
3.3993258476257324,-0.33270055055618286,-0.5111089944839478,0.0,0.0,-0.0007346731144934893,-0.16671326756477356,0.0,0.0,0.05007977032059219,0.07888496084668463,0.00028469806420616806,0.050742730498313904,0.0,0.0,0.0,0.0
3.4005966186523438,-0.33270055055618286,-0.5111089944839478,0.0,0.0,-0.0007346731144934893,-0.16671326756477356,0.0,0.0,0.05007977032059219,0.07888496084668463,0.00028469806420616806,0.050742730498313904,0.0,0.0,0.0,0.0
3.401890993118286,-0.33270055055618286,-0.5111089944839478,0.0,0.0,-0.0007346731144934893,-0.16671326756477356,0.0,0.0,0.04992637458247255,0.07891852018742303,0.008262167684733868,0.04345475509762764,0.0,0.0,0.0,0.0
3.4031407833099365,-0.33270055055618286,-0.5111089944839478,0.0,0.0,-0.0007346731144934893,-0.16671326756477356,0.0,0.0,0.04992637458247255,0.07891852018742303,0.008262167684733868,0.04345475509762764,0.0,0.0,0.0,0.0
3.404322862625122,-0.33270055055618286,-0.5111089944839478,0.0,0.0,-0.0007346731144934893,-0.16671326756477356,0.0,0.0,0.049725041944731485,0.07891852018742303,0.005715836770832539,0.04345475509762764,0.0,0.0,0.0,0.0
3.405545711517334,-0.31903398036956787,-0.40242239832878113,0.0,0.0,-0.0007386377546936274,-0.1667109578847885,0.0,0.0,0.049725041944731485,0.07891852018742303,0.005715836770832539,0.04345475509762764,0.0,0.0,0.0,0.0
3.406806230545044,-0.31903398036956787,-0.40242239832878113,0.0,0.0,-0.0007386377546936274,-0.1667109578847885,0.0,0.0,0.049772978844352916,0.07891852018742303,0.0062880548648536205,0.04345475509762764,0.0,0.0,0.0,0.0
3.4080207347869873,-0.31903398036956787,-0.40242239832878113,0.0,0.0,-0.0007386377546936274,-0.1667109578847885,0.0,0.0,0.049772978844352916,0.07891852018742303,0.0062880548648536205,0.04345475509762764,0.0,0.0,0.0,0.0
3.4092674255371094,-0.31903398036956787,-0.40242239832878113,0.0,0.0,-0.0007386377546936274,-0.1667109578847885,0.0,0.0,0.049772978844352916,0.07891852018742303,0.013785455375909805,0.03727202117443085,0.0,0.0,0.0,0.0
3.410480260848999,-0.31903398036956787,-0.40242239832878113,0.0,0.0,-0.0007386377546936274,-0.1667109578847885,0.0,0.0,0.049772978844352916,0.07891852018742303,0.013785455375909805,0.03727202117443085,0.0,0.0,0.0,0.0
3.4116950035095215,-0.31903398036956787,-0.40242239832878113,0.0,0.0,-0.0007386377546936274,-0.1667109578847885,0.0,0.0,0.049772978844352916,0.07891852018742303,0.013785455375909805,0.03727202117443085,0.0,0.0,0.0,0.0
3.412992477416992,-0.31903398036956787,-0.40242239832878113,0.0,0.0,-0.0007386377546936274,-0.1667109578847885,0.0,0.0,0.049772978844352916,0.07891852018742303,0.013785455375909805,0.03727202117443085,0.0,0.0,0.0,0.0
3.4142343997955322,-0.31903398036956787,-0.40242239832878113,0.0,0.0,-0.0007386377546936274,-0.1667109578847885,0.0,0.0,0.04961957725456096,0.07891852018742303,0.01201162114739418,0.03727202117443085,0.0,0.0,0.0,0.0
3.4154696464538574,-0.3273750841617584,-0.4491561949253082,0.0,0.0,-0.000769812788348645,-0.16679984331130981,0.0,0.0,0.04961957725456096,0.07891852018742303,0.01201162114739418,0.03727202117443085,0.0,0.0,0.0,0.0
3.4167442321777344,-0.3273750841617584,-0.4491561949253082,0.0,0.0,-0.000769812788348645,-0.16679984331130981,0.0,0.0,0.04926005050740026,0.07891852018742303,0.008320901542901993,0.03727202117443085,0.0,0.0,0.0,0.0
3.417994499206543,-0.3273750841617584,-0.4491561949253082,0.0,0.0,-0.000769812788348645,-0.16679984331130981,0.0,0.0,0.04926005050740026,0.07891852018742303,0.008320901542901993,0.03727202117443085,0.0,0.0,0.0,0.0
3.4192147254943848,-0.3273750841617584,-0.4491561949253082,0.0,0.0,-0.000769812788348645,-0.16679984331130981,0.0,0.0,0.04909227135872527,0.07891852018742303,0.014253240078687668,0.03108285367488861,0.0,0.0,0.0,0.0
3.4203970432281494,-0.3273750841617584,-0.4491561949253082,0.0,0.0,-0.000769812788348645,-0.16679984331130981,0.0,0.0,0.04909227135872527,0.07891852018742303,0.014253240078687668,0.03108285367488861,0.0,0.0,0.0,0.0
3.4215896129608154,-0.3273750841617584,-0.4491561949253082,0.0,0.0,-0.000769812788348645,-0.16679984331130981,0.0,0.0,0.04890052376023957,0.07891852018742303,0.013166073709726334,0.03108285367488861,0.0,0.0,0.0,0.0
3.4228034019470215,-0.3273750841617584,-0.4491561949253082,0.0,0.0,-0.000769812788348645,-0.16679984331130981,0.0,0.0,0.04890052376023957,0.07891852018742303,0.013166073709726334,0.03108285367488861,0.0,0.0,0.0,0.0
3.4240503311157227,-0.3273750841617584,-0.4491561949253082,0.0,0.0,-0.000769812788348645,-0.16679984331130981,0.0,0.0,0.048819033371552065,0.07891852018742303,0.013452173210680485,0.03108285367488861,0.0,0.0,0.0,0.0
3.425386667251587,-0.3114921748638153,-0.36491987109184265,0.0,0.0,-0.0007266184547916055,-0.16688086092472076,0.0,0.0,0.048819033371552065,0.07891852018742303,0.013452173210680485,0.03108285367488861,0.0,0.0,0.0,0.0
3.4265987873077393,-0.3114921748638153,-0.36491987109184265,0.0,0.0,-0.0007266184547916055,-0.16688086092472076,0.0,0.0,0.04856496546288958,0.07876991111725874,0.011163357645273209,0.032828088849782944,0.0,0.0,0.0,0.0
3.427821636199951,-0.3114921748638153,-0.36491987109184265,0.0,0.0,-0.0007266184547916055,-0.16688086092472076,0.0,0.0,0.04856496546288958,0.07876991111725874,0.011163357645273209,0.032828088849782944,0.0,0.0,0.0,0.0
3.4290404319763184,-0.3114921748638153,-0.36491987109184265,0.0,0.0,-0.0007266184547916055,-0.16688086092472076,0.0,0.0,0.0484211547640253,0.07866445227876054,0.017776362597942352,0.027187801897525787,0.0,0.0,0.0,0.0
3.4302940368652344,-0.3114921748638153,-0.36491987109184265,0.0,0.0,-0.0007266184547916055,-0.16688086092472076,0.0,0.0,0.0484211547640253,0.07866445227876054,0.017776362597942352,0.027187801897525787,0.0,0.0,0.0,0.0
3.4315292835235596,-0.3114921748638153,-0.36491987109184265,0.0,0.0,-0.0007266184547916055,-0.16688086092472076,0.0,0.0,0.048219822126284236,0.07830492553159984,0.015287271700799465,0.031078815460205078,0.0,0.0,0.0,0.0
3.432734727859497,-0.3114921748638153,-0.36491987109184265,0.0,0.0,-0.0007266184547916055,-0.16688086092472076,0.0,0.0,0.048219822126284236,0.07830492553159984,0.015287271700799465,0.031078815460205078,0.0,0.0,0.0,0.0
3.43395733833313,-0.3114921748638153,-0.36491987109184265,0.0,0.0,-0.0007266184547916055,-0.16688086092472076,0.0,0.0,0.04805204297760925,0.07827137204253377,0.014228691346943378,0.029505256563425064,0.0,0.0,0.0,0.0
3.4352126121520996,-0.3114921748638153,-0.36491987109184265,0.0,0.0,-0.0007266184547916055,-0.16688086092472076,0.0,0.0,0.04805204297760925,0.07827137204253377,0.014228691346943378,0.029505256563425064,0.0,0.0,0.0,0.0
3.4368717670440674,-0.3069779574871063,-0.243117094039917,0.0,0.0,-0.0007138384389691055,-0.1668882966041565,0.0,0.0,0.04786029537912354,0.07830492553159984,0.013198728673160076,0.028503885492682457,0.0,0.0,0.0,0.0
3.4381542205810547,-0.3069779574871063,-0.243117094039917,0.0,0.0,-0.0007138384389691055,-0.1668882966041565,0.0,0.0,0.04786029537912354,0.07830492553159984,0.013198728673160076,0.028503885492682457,0.0,0.0,0.0,0.0
3.439629077911377,-0.3069779574871063,-0.243117094039917,0.0,0.0,-0.0007138384389691055,-0.1668882966041565,0.0,0.0,0.04768772078498471,0.0781467314221802,0.01829254999756813,0.023954343050718307,0.0,0.0,0.0,0.0
3.4408843517303467,-0.3069779574871063,-0.243117094039917,0.0,0.0,-0.0007138384389691055,-0.1668882966041565,0.0,0.0,0.04768772078498471,0.0781467314221802,0.01829254999756813,0.023954343050718307,0.0,0.0,0.0,0.0
3.4423234462738037,-0.3069779574871063,-0.243117094039917,0.0,0.0,-0.0007138384389691055,-0.1668882966041565,0.0,0.0,0.047582259020650344,0.07805085762293736,0.018578650429844856,0.024640992283821106,0.0,0.0,0.0,0.0
3.4435718059539795,-0.3069779574871063,-0.243117094039917,0.0,0.0,-0.0007138384389691055,-0.1668882966041565,0.0,0.0,0.04735695793309856,0.0779597821949945,0.016318438574671745,0.025127388536930084,0.0,0.0,0.0,0.0
3.444797992706299,-0.3069779574871063,-0.243117094039917,0.0,0.0,-0.0007138384389691055,-0.1668882966041565,0.0,0.0,0.04735695793309856,0.0779597821949945,0.016318438574671745,0.025127388536930084,0.0,0.0,0.0,0.0
3.4460391998291016,-0.26578599214553833,-0.18538908660411835,0.0,0.0,-0.0006411850918084383,-0.16693051159381866,0.0,0.0,0.04728025713820259,0.07789266936519004,0.016776209697127342,0.02552790567278862,0.0,0.0,0.0,0.0
3.4472849369049072,-0.26578599214553833,-0.18538908660411835,0.0,0.0,-0.0006411850918084383,-0.16693051159381866,0.0,0.0,0.04728025713820259,0.07789266936519004,0.016776209697127342,0.02552790567278862,0.0,0.0,0.0,0.0
3.448530673980713,-0.26578599214553833,-0.18538908660411835,0.0,0.0,-0.0006411850918084383,-0.16693051159381866,0.0,0.0,0.04728025713820259,0.07789266936519004,0.016776209697127342,0.02552790567278862,0.0,0.0,0.0,0.0
3.449753522872925,-0.26578599214553833,-0.18538908660411835,0.0,0.0,-0.0006411850918084383,-0.16693051159381866,0.0,0.0,0.047179590819332054,0.07741330036897577,0.02230534888803959,0.02474738284945488,0.0,0.0,0.0,0.0
3.451000213623047,-0.26578599214553833,-0.18538908660411835,0.0,0.0,-0.0006411850918084383,-0.16693051159381866,0.0,0.0,0.047179590819332054,0.07741330036897577,0.02230534888803959,0.02474738284945488,0.0,0.0,0.0,0.0
3.4522509574890137,-0.26578599214553833,-0.18538908660411835,0.0,0.0,-0.0006411850918084383,-0.16693051159381866,0.0,0.0,0.046714602307836986,0.07714485490143025,0.017041068524122238,0.025348173454403877,0.0,0.0,0.0,0.0
3.4534435272216797,-0.26578599214553833,-0.18538908660411835,0.0,0.0,-0.0006411850918084383,-0.16693051159381866,0.0,0.0,0.046714602307836986,0.07714485490143025,0.017041068524122238,0.025348173454403877,0.0,0.0,0.0,0.0
3.4546399116516113,-0.26578599214553833,-0.18538908660411835,0.0,0.0,-0.0006411850918084383,-0.16693051159381866,0.0,0.0,0.04637904401048701,0.07675176881353116,0.014923905953764915,0.028695572167634964,0.0,0.0,0.0,0.0
3.4559288024902344,-0.2782745659351349,-0.16316881775856018,0.0,0.0,-0.0006358101381920278,-0.16699273884296417,0.0,0.0,0.04637904401048701,0.07675176881353116,0.014923905953764915,0.028695572167634964,0.0,0.0,0.0,0.0
3.4571900367736816,-0.2782745659351349,-0.16316881775856018,0.0,0.0,-0.0006358101381920278,-0.16699273884296417,0.0,0.0,0.04613935951237987,0.07651208431542403,0.014437543228268623,0.029124749824404716,0.0,0.0,0.0,0.0
3.4584267139434814,-0.2782745659351349,-0.16316881775856018,0.0,0.0,-0.0006358101381920278,-0.16699273884296417,0.0,0.0,0.04613935951237987,0.07651208431542403,0.014437543228268623,0.029124749824404716,0.0,0.0,0.0,0.0
3.4596199989318848,-0.2782745659351349,-0.16316881775856018,0.0,0.0,-0.0006358101381920278,-0.16699273884296417,0.0,0.0,0.045890087049181225,0.07602313027995442,0.01910790428519249,0.027628673240542412,0.0,0.0,0.0,0.0
3.4608726501464844,-0.2782745659351349,-0.16316881775856018,0.0,0.0,-0.0006358101381920278,-0.16699273884296417,0.0,0.0,0.045890087049181225,0.07602313027995442,0.01910790428519249,0.027628673240542412,0.0,0.0,0.0,0.0
3.462124824523926,-0.2782745659351349,-0.16316881775856018,0.0,0.0,-0.0006358101381920278,-0.16699273884296417,0.0,0.0,0.045372369118437055,0.07556772973355086,0.015874939039349556,0.030489696189761162,0.0,0.0,0.0,0.0
3.463543176651001,-0.2782745659351349,-0.16316881775856018,0.0,0.0,-0.0006358101381920278,-0.16699273884296417,0.0,0.0,0.04502722285599555,0.0750883607373366,0.01309974305331707,0.03335072100162506,0.0,0.0,0.0,0.0
3.464778184890747,-0.2782745659351349,-0.16316881775856018,0.0,0.0,-0.0006358101381920278,-0.16699273884296417,0.0,0.0,0.04502722285599555,0.0750883607373366,0.01309974305331707,0.03335072100162506,0.0,0.0,0.0,0.0
3.4660348892211914,-0.25896942615509033,-0.06209198012948036,0.0,0.0,-0.0006039545405656099,-0.16703571379184723,0.0,0.0,0.044485536475440665,0.0744507976317027,0.007978510111570358,0.037327565252780914,0.0,0.0,0.0,0.0
3.467229127883911,-0.25896942615509033,-0.06209198012948036,0.0,0.0,-0.0006039545405656099,-0.16703571379184723,0.0,0.0,0.044485536475440665,0.0744507976317027,0.007978510111570358,0.037327565252780914,0.0,0.0,0.0,0.0
3.4686594009399414,-0.25896942615509033,-0.06209198012948036,0.0,0.0,-0.0006039545405656099,-0.16703571379184723,0.0,0.0,0.04397261106432417,0.07369339812868755,0.012403224594891071,0.03590906783938408,0.0,0.0,0.0,0.0
3.469860553741455,-0.25896942615509033,-0.06209198012948036,0.0,0.0,-0.0006039545405656099,-0.16703571379184723,0.0,0.0,0.04397261106432417,0.07369339812868755,0.012403224594891071,0.03590906783938408,0.0,0.0,0.0,0.0
3.471137523651123,-0.25896942615509033,-0.06209198012948036,0.0,0.0,-0.0006039545405656099,-0.16703571379184723,0.0,0.0,0.043402163714330894,0.07305583502305366,0.009685253724455833,0.04103028401732445,0.0,0.0,0.0,0.0
3.4724178314208984,-0.25896942615509033,-0.06209198012948036,0.0,0.0,-0.0006039545405656099,-0.16703571379184723,0.0,0.0,0.043402163714330894,0.07305583502305366,0.009685253724455833,0.04103028401732445,0.0,0.0,0.0,0.0
3.4736297130584717,-0.25896942615509033,-0.06209198012948036,0.0,0.0,-0.0006039545405656099,-0.16703571379184723,0.0,0.0,0.04281733295378226,0.07216900238005727,0.003505441127344966,0.047524821013212204,0.0,0.0,0.0,0.0
3.474947690963745,-0.25896942615509033,-0.06209198012948036,0.0,0.0,-0.0006039545405656099,-0.16703571379184723,0.0,0.0,0.04281733295378226,0.07216900238005727,0.003505441127344966,0.047524821013212204,0.0,0.0,0.0,0.0
3.476162910461426,-0.25395432114601135,-0.08539292216300964,0.0,0.0,-0.0006074507255107164,-0.1671210527420044,0.0,0.0,0.04198802517549882,0.07139721946648678,-0.00187327538151294,0.05241716280579567,0.0,0.0,0.0,0.0
3.4774177074432373,-0.25395432114601135,-0.08539292216300964,0.0,0.0,-0.0006074507255107164,-0.1671210527420044,0.0,0.0,0.04198802517549882,0.07139721946648678,-0.00187327538151294,0.05241716280579567,0.0,0.0,0.0,0.0
3.4786036014556885,-0.25395432114601135,-0.08539292216300964,0.0,0.0,-0.0006074507255107164,-0.1671210527420044,0.0,0.0,0.04112036553684931,0.07015086007632969,-0.0023582882713526487,0.054475750774145126,0.0,0.0,0.0,0.0
3.479875326156616,-0.25395432114601135,-0.08539292216300964,0.0,0.0,-0.0006074507255107164,-0.1671210527420044,0.0,0.0,0.04112036553684931,0.07015086007632969,-0.0023582882713526487,0.054475750774145126,0.0,0.0,0.0,0.0
3.481194257736206,-0.25395432114601135,-0.08539292216300964,0.0,0.0,-0.0006074507255107164,-0.1671210527420044,0.0,0.0,0.040094517640452486,0.06878465843711905,-0.007222027517855167,0.06591984629631042,0.0,0.0,0.0,0.0
3.4824862480163574,-0.25395432114601135,-0.08539292216300964,0.0,0.0,-0.0006074507255107164,-0.1671210527420044,0.0,0.0,0.040094517640452486,0.06878465843711905,-0.007222027517855167,0.06591984629631042,0.0,0.0,0.0,0.0
3.4836714267730713,-0.25395432114601135,-0.08539292216300964,0.0,0.0,-0.0006074507255107164,-0.1671210527420044,0.0,0.0,0.0389296486389829,0.06753829904696196,-0.017435872927308083,0.07295796275138855,0.0,0.0,0.0,0.0
3.484919786453247,-0.25395432114601135,-0.08539292216300964,0.0,0.0,-0.0006074507255107164,-0.1671210527420044,0.0,0.0,0.0389296486389829,0.06753829904696196,-0.017435872927308083,0.07295796275138855,0.0,0.0,0.0,0.0
3.4861438274383545,-0.2777637541294098,-0.15066853165626526,0.0,0.0,-0.000627621600870043,-0.16726154088974,0.0,0.0,0.03767849672919813,0.06612416050812989,-0.02536090649664402,0.08357234299182892,0.0,0.0,0.0,0.0
3.4874050617218018,-0.2777637541294098,-0.15066853165626526,0.0,0.0,-0.000627621600870043,-0.16726154088974,0.0,0.0,0.03767849672919813,0.06612416050812989,-0.02536090649664402,0.08357234299182892,0.0,0.0,0.0,0.0
3.4886550903320312,-0.2777637541294098,-0.15066853165626526,0.0,0.0,-0.000627621600870043,-0.16726154088974,0.0,0.0,0.03639378840451114,0.06443198561082461,-0.027247533202171326,0.09052295982837677,0.0,0.0,0.0,0.0
3.490013599395752,-0.2777637541294098,-0.15066853165626526,0.0,0.0,-0.000627621600870043,-0.16726154088974,0.0,0.0,0.03639378840451114,0.06443198561082461,-0.027247533202171326,0.09052295982837677,0.0,0.0,0.0,0.0
3.491286039352417,-0.2777637541294098,-0.15066853165626526,0.0,0.0,-0.000627621600870043,-0.16726154088974,0.0,0.0,0.03494130093114916,0.06284048288406219,-0.03763303533196449,0.09773274511098862,0.0,0.0,0.0,0.0
3.49250864982605,-0.2777637541294098,-0.15066853165626526,0.0,0.0,-0.000627621600870043,-0.16726154088974,0.0,0.0,0.03494130093114916,0.06284048288406219,-0.03763303533196449,0.09773274511098862,0.0,0.0,0.0,0.0
3.4936978816986084,-0.2777637541294098,-0.15066853165626526,0.0,0.0,-0.000627621600870043,-0.16726154088974,0.0,0.0,0.033608652781004576,0.06099011972900959,-0.04461394250392914,0.11303920298814774,0.0,0.0,0.0,0.0
3.4950404167175293,-0.2777637541294098,-0.15066853165626526,0.0,0.0,-0.000627621600870043,-0.16726154088974,0.0,0.0,0.033608652781004576,0.06099011972900959,-0.04461394250392914,0.11303920298814774,0.0,0.0,0.0,0.0
3.496229887008667,-0.3041224181652069,-0.32368147373199463,0.0,0.0,-0.0006737923831678927,-0.16747739911079407,0.0,0.0,0.03202194257386983,0.05925000793208289,-0.05628690868616104,0.1181318461894989,0.0,0.0,0.0,0.0
3.4975152015686035,-0.3041224181652069,-0.32368147373199463,0.0,0.0,-0.0006737923831678927,-0.16747739911079407,0.0,0.0,0.03202194257386983,0.05925000793208289,-0.05628690868616104,0.1181318461894989,0.0,0.0,0.0,0.0
3.498708724975586,-0.3041224181652069,-0.32368147373199463,0.0,0.0,-0.0006737923831678927,-0.16747739911079407,0.0,0.0,0.030785171148804268,0.05807555389135795,-0.053155653178691864,0.11714635044336319,0.0,0.0,0.0,0.0
3.4999656677246094,-0.3041224181652069,-0.32368147373199463,0.0,0.0,-0.0006737923831678927,-0.16747739911079407,0.0,0.0,0.030785171148804268,0.05807555389135795,-0.053155653178691864,0.11714635044336319,0.0,0.0,0.0,0.0
3.5011868476867676,-0.3041224181652069,-0.32368147373199463,0.0,0.0,-0.0006737923831678927,-0.16747739911079407,0.0,0.0,0.029807257226192707,0.057135991829112456,-0.06010793149471283,0.12152372300624847,0.0,0.0,0.0,0.0
3.502556324005127,-0.3041224181652069,-0.32368147373199463,0.0,0.0,-0.0006737923831678927,-0.16747739911079407,0.0,0.0,0.029807257226192707,0.057135991829112456,-0.06010793149471283,0.12152372300624847,0.0,0.0,0.0,0.0
3.503803014755249,-0.3041224181652069,-0.32368147373199463,0.0,0.0,-0.0006737923831678927,-0.16747739911079407,0.0,0.0,0.029184077531114166,0.05686754636156693,-0.06059430539608002,0.11706050485372543,0.0,0.0,0.0,0.0
3.5050766468048096,-0.3041224181652069,-0.32368147373199463,0.0,0.0,-0.0006737923831678927,-0.16747739911079407,0.0,0.0,0.029184077531114166,0.05686754636156693,-0.06059430539608002,0.11706050485372543,0.0,0.0,0.0,0.0
3.506333112716675,-0.35311833024024963,-0.7546895146369934,0.0,0.0,-0.0007561392849311233,-0.16784308850765228,0.0,0.0,0.02884851923376418,0.05648405116459552,-0.05982181802392006,0.12000738084316254,0.0,0.0,0.0,0.0
3.50758957862854,-0.35311833024024963,-0.7546895146369934,0.0,0.0,-0.0007561392849311233,-0.16784308850765228,0.0,0.0,0.02884851923376418,0.05648405116459552,-0.05982181802392006,0.12000738084316254,0.0,0.0,0.0,0.0
3.508838176727295,-0.35311833024024963,-0.7546895146369934,0.0,0.0,-0.0007561392849311233,-0.16784308850765228,0.0,0.0,0.02888686816829409,0.05649842872347856,-0.04971790686249733,0.1099020317196846,0.0,0.0,0.0,0.0
3.510133981704712,-0.35311833024024963,-0.7546895146369934,0.0,0.0,-0.0007561392849311233,-0.16784308850765228,0.0,0.0,0.02888686816829409,0.05649842872347856,-0.04971790686249733,0.1099020317196846,0.0,0.0,0.0,0.0
3.511334180831909,-0.35311833024024963,-0.7546895146369934,0.0,0.0,-0.0007561392849311233,-0.16784308850765228,0.0,0.0,0.028910836618104802,0.056522397173289274,-0.04874516651034355,0.10895789414644241,0.0,0.0,0.0,0.0
3.5126068592071533,-0.35311833024024963,-0.7546895146369934,0.0,0.0,-0.0007561392849311233,-0.16784308850765228,0.0,0.0,0.028910836618104802,0.056522397173289274,-0.04874516651034355,0.10895789414644241,0.0,0.0,0.0,0.0
3.5138261318206787,-0.35311833024024963,-0.7546895146369934,0.0,0.0,-0.0007561392849311233,-0.16784308850765228,0.0,0.0,0.028910836618104802,0.05709763996874639,-0.04874516651034355,0.10337888449430466,0.0,0.0,0.0,0.0
3.51511287689209,-0.35311833024024963,-0.7546895146369934,0.0,0.0,-0.0007561392849311233,-0.16784308850765228,0.0,0.0,0.028910836618104802,0.05709763996874639,-0.04874516651034355,0.10337888449430466,0.0,0.0,0.0,0.0
3.51678204536438,-0.3637542128562927,-1.3928874731063843,0.0,0.0,-0.000825161871034652,-0.16838037967681885,0.0,0.0,0.029212841426388716,0.057994063502670445,-0.04445362836122513,0.0931936502456665,0.0,0.0,0.0,0.0
3.518065929412842,-0.3637542128562927,-1.3928874731063843,0.0,0.0,-0.000825161871034652,-0.16838037967681885,0.0,0.0,0.029212841426388716,0.057994063502670445,-0.04445362836122513,0.0931936502456665,0.0,0.0,0.0,0.0
3.5192902088165283,-0.3637542128562927,-1.3928874731063843,0.0,0.0,-0.000825161871034652,-0.16838037967681885,0.0,0.0,0.029701795461858336,0.058823368355117735,-0.03953267261385918,0.08775770664215088,0.0,0.0,0.0,0.0
3.520575523376465,-0.3637542128562927,-1.3928874731063843,0.0,0.0,-0.000825161871034652,-0.16838037967681885,0.0,0.0,0.030243484768249382,0.05993550793733821,-0.03045031987130642,0.07461343705654144,0.0,0.0,0.0,0.0
3.5218207836151123,-0.3637542128562927,-1.3928874731063843,0.0,0.0,-0.000825161871034652,-0.16838037967681885,0.0,0.0,0.030243484768249382,0.05993550793733821,-0.03045031987130642,0.07461343705654144,0.0,0.0,0.0,0.0
3.5230391025543213,-0.3637542128562927,-1.3928874731063843,0.0,0.0,-0.000825161871034652,-0.16838037967681885,0.0,0.0,0.030243484768249382,0.05993550793733821,-0.03045031987130642,0.07461343705654144,0.0,0.0,0.0,0.0
3.5245633125305176,-0.3637542128562927,-1.3928874731063843,0.0,0.0,-0.000825161871034652,-0.16838037967681885,0.0,0.0,0.0306653288997507,0.06024229941357749,-0.028762323781847954,0.07801803946495056,0.0,0.0,0.0,0.0
3.525810956954956,-0.37326788902282715,-1.862952470779419,0.0,0.0,-0.0008759076008573174,-0.1689070165157318,0.0,0.0,0.030622184519756953,0.06037173255355873,-0.031508903950452805,0.07684504240751266,0.0,0.0,0.0,0.0
3.527186393737793,-0.37326788902282715,-1.862952470779419,0.0,0.0,-0.0008759076008573174,-0.1689070165157318,0.0,0.0,0.030622184519756953,0.06037173255355873,-0.031508903950452805,0.07684504240751266,0.0,0.0,0.0,0.0
3.5285465717315674,-0.37326788902282715,-1.862952470779419,0.0,0.0,-0.0008759076008573174,-0.1689070165157318,0.0,0.0,0.03060301151541008,0.06042925449243551,-0.032453037798404694,0.07864749431610107,0.0,0.0,0.0,0.0
3.529813289642334,-0.37326788902282715,-1.862952470779419,0.0,0.0,-0.0008759076008573174,-0.1689070165157318,0.0,0.0,0.03060301151541008,0.06042925449243551,-0.032453037798404694,0.07864749431610107,0.0,0.0,0.0,0.0
3.5310282707214355,-0.37326788902282715,-1.862952470779419,0.0,0.0,-0.0008759076008573174,-0.1689070165157318,0.0,0.0,0.03060301151541008,0.060362141662631055,-0.02631441131234169,0.07371119409799576,0.0,0.0,0.0,0.0
3.532247543334961,-0.37326788902282715,-1.862952470779419,0.0,0.0,-0.0008759076008573174,-0.1689070165157318,0.0,0.0,0.03060301151541008,0.060362141662631055,-0.02631441131234169,0.07371119409799576,0.0,0.0,0.0,0.0
3.5335946083068848,-0.37326788902282715,-1.862952470779419,0.0,0.0,-0.0008759076008573174,-0.1689070165157318,0.0,0.0,0.03025786525296858,0.060362141662631055,-0.030691778287291527,0.07371119409799576,0.0,0.0,0.0,0.0
3.5348639488220215,-0.37326788902282715,-1.862952470779419,0.0,0.0,-0.0008759076008573174,-0.1689070165157318,0.0,0.0,0.03025786525296858,0.060362141662631055,-0.030691778287291527,0.07371119409799576,0.0,0.0,0.0,0.0
3.5361135005950928,-0.36448368430137634,-1.6165884733200073,0.0,0.0,-0.000852398166898638,-0.1689807027578354,0.0,0.0,0.029591541177896287,0.060362141662631055,-0.0375010147690773,0.07371119409799576,0.0,0.0,0.0,0.0
3.537336826324463,-0.36448368430137634,-1.6165884733200073,0.0,0.0,-0.000852398166898638,-0.1689807027578354,0.0,0.0,0.029591541177896287,0.060362141662631055,-0.0375010147690773,0.07371119409799576,0.0,0.0,0.0,0.0
3.5385866165161133,-0.36448368430137634,-1.6165884733200073,0.0,0.0,-0.000852398166898638,-0.1689807027578354,0.0,0.0,0.02909299917733515,0.05957118281887752,-0.039332065731287,0.0832383930683136,0.0,0.0,0.0,0.0
3.5398097038269043,-0.36448368430137634,-1.6165884733200073,0.0,0.0,-0.000852398166898638,-0.1689807027578354,0.0,0.0,0.02909299917733515,0.05957118281887752,-0.039332065731287,0.0832383930683136,0.0,0.0,0.0,0.0
3.541053056716919,-0.36448368430137634,-1.6165884733200073,0.0,0.0,-0.000852398166898638,-0.1689807027578354,0.0,0.0,0.028771821364704363,0.05917331006302307,-0.03316227346658707,0.076982781291008,0.0,0.0,0.0,0.0
3.5423336029052734,-0.36448368430137634,-1.6165884733200073,0.0,0.0,-0.000852398166898638,-0.1689807027578354,0.0,0.0,0.028771821364704363,0.05917331006302307,-0.03316227346658707,0.076982781291008,0.0,0.0,0.0,0.0
3.5436007976531982,-0.36448368430137634,-1.6165884733200073,0.0,0.0,-0.000852398166898638,-0.1689807027578354,0.0,0.0,0.028498580451695,0.05885212932455613,-0.03516498953104019,0.07984379678964615,0.0,0.0,0.0,0.0
3.544823408126831,-0.36448368430137634,-1.6165884733200073,0.0,0.0,-0.000852398166898638,-0.1689807027578354,0.0,0.0,0.028498580451695,0.05885212932455613,-0.03516498953104019,0.07984379678964615,0.0,0.0,0.0,0.0
3.5460617542266846,-0.26602622866630554,-1.0787726640701294,0.0,0.0,-0.0006756954244337976,-0.16875045001506805,0.0,0.0,0.02822533953868564,0.058665180097370415,-0.03688160330057144,0.08050183206796646,0.0,0.0,0.0,0.0
3.5473415851593018,-0.26602622866630554,-1.0787726640701294,0.0,0.0,-0.0006756954244337976,-0.16875045001506805,0.0,0.0,0.02822533953868564,0.058665180097370415,-0.03688160330057144,0.08050183206796646,0.0,0.0,0.0,0.0
3.548598527908325,-0.26602622866630554,-1.0787726640701294,0.0,0.0,-0.0006756954244337976,-0.16875045001506805,0.0,0.0,0.028239720023404837,0.05834399935890347,-0.03502194583415985,0.08204679191112518,0.0,0.0,0.0,0.0
3.5498435497283936,-0.26602622866630554,-1.0787726640701294,0.0,0.0,-0.0006756954244337976,-0.16875045001506805,0.0,0.0,0.028239720023404837,0.05834399935890347,-0.03502194583415985,0.08204679191112518,0.0,0.0,0.0,0.0
3.5510880947113037,-0.26602622866630554,-1.0787726640701294,0.0,0.0,-0.0006756954244337976,-0.16875045001506805,0.0,0.0,0.02829724488811778,0.058334414319648115,-0.02774176001548767,0.07430670410394669,0.0,0.0,0.0,0.0
3.5523388385772705,-0.26602622866630554,-1.0787726640701294,0.0,0.0,-0.0006756954244337976,-0.16875045001506805,0.0,0.0,0.02829724488811778,0.058334414319648115,-0.02774176001548767,0.07430670410394669,0.0,0.0,0.0,0.0
3.5535647869110107,-0.26602622866630554,-1.0787726640701294,0.0,0.0,-0.0006756954244337976,-0.16875045001506805,0.0,0.0,0.02829724488811778,0.0583631752890865,-0.02774176001548767,0.07330533117055893,0.0,0.0,0.0,0.0
3.554854393005371,-0.26602622866630554,-1.0787726640701294,0.0,0.0,-0.0006756954244337976,-0.16875045001506805,0.0,0.0,0.02829724488811778,0.0583631752890865,-0.02774176001548767,0.07330533117055893,0.0,0.0,0.0,0.0
3.5561437606811523,-0.25903353095054626,-1.0722123384475708,0.0,0.0,-0.0006408120971173048,-0.16872911155223846,0.0,0.0,0.02829724488811778,0.0583631752890865,-0.02774176001548767,0.07330533117055893,0.0,0.0,0.0,0.0
3.557335376739502,-0.25903353095054626,-1.0722123384475708,0.0,0.0,-0.0006408120971173048,-0.16872911155223846,0.0,0.0,0.02829724488811778,0.0583631752890865,-0.02774176001548767,0.07330533117055893,0.0,0.0,0.0,0.0
3.558579921722412,-0.25903353095054626,-1.0722123384475708,0.0,0.0,-0.0006408120971173048,-0.16872911155223846,0.0,0.0,0.028556105316407943,0.05827209400947133,-0.02496657334268093,0.07330533117055893,0.0,0.0,0.0,0.0
3.559915542602539,-0.25903353095054626,-1.0722123384475708,0.0,0.0,-0.0006408120971173048,-0.16872911155223846,0.0,0.0,0.028968361482817746,0.05817622021022848,-0.014379117637872696,0.06910007447004318,0.0,0.0,0.0,0.0
3.561202049255371,-0.25903353095054626,-1.0722123384475708,0.0,0.0,-0.0006408120971173048,-0.16872911155223846,0.0,0.0,0.028968361482817746,0.05817622021022848,-0.014379117637872696,0.06910007447004318,0.0,0.0,0.0,0.0
3.5624258518218994,-0.25903353095054626,-1.0722123384475708,0.0,0.0,-0.0006408120971173048,-0.16872911155223846,0.0,0.0,0.028968361482817746,0.05817622021022848,-0.014379117637872696,0.06910007447004318,0.0,0.0,0.0,0.0
3.5636210441589355,-0.25903353095054626,-1.0722123384475708,0.0,0.0,-0.0006408120971173048,-0.16872911155223846,0.0,0.0,0.02930391978016773,0.058080346410985625,-0.012147522531449795,0.06964368373155594,0.0,0.0,0.0,0.0
3.565307855606079,-0.26888081431388855,-1.1800004243850708,0.0,0.0,-0.0006203572847880423,-0.16888833045959473,0.0,0.0,0.02937582512959987,0.05798447261174277,-0.01309166755527258,0.07021588832139969,0.0,0.0,0.0,0.0
3.5666582584381104,-0.26888081431388855,-1.1800004243850708,0.0,0.0,-0.0006203572847880423,-0.16888833045959473,0.0,0.0,0.02937582512959987,0.05798447261174277,-0.01309166755527258,0.07021588832139969,0.0,0.0,0.0,0.0
3.567891836166382,-0.26888081431388855,-1.1800004243850708,0.0,0.0,-0.0006203572847880423,-0.16888833045959473,0.0,0.0,0.02937582512959987,0.05805637796117491,-0.01515160035341978,0.06898564845323563,0.0,0.0,0.0,0.0
3.5692737102508545,-0.26888081431388855,-1.1800004243850708,0.0,0.0,-0.0006203572847880423,-0.16888833045959473,0.0,0.0,0.02937582512959987,0.05805637796117491,-0.01515160035341978,0.06898564845323563,0.0,0.0,0.0,0.0
3.570666790008545,-0.26888081431388855,-1.1800004243850708,0.0,0.0,-0.0006203572847880423,-0.16888833045959473,0.0,0.0,0.02937582512959987,0.05840152714945257,-0.00901295617222786,0.058296553790569305,0.0,0.0,0.0,0.0
3.5720930099487305,-0.26888081431388855,-1.1800004243850708,0.0,0.0,-0.0006203572847880423,-0.16888833045959473,0.0,0.0,0.02937582512959987,0.058574098817755244,-0.00901295617222786,0.05803906172513962,0.0,0.0,0.0,0.0
3.5734970569610596,-0.26888081431388855,-1.1800004243850708,0.0,0.0,-0.0006203572847880423,-0.16888833045959473,0.0,0.0,0.02937582512959987,0.058574098817755244,-0.00901295617222786,0.05803906172513962,0.0,0.0,0.0,0.0
3.574913501739502,-0.26888081431388855,-1.1800004243850708,0.0,0.0,-0.0006203572847880423,-0.16888833045959473,0.0,0.0,0.02937582512959987,0.058444665677774,-0.00901295617222786,0.05878294259309769,0.0,0.0,0.0,0.0
3.576260566711426,-0.2736873924732208,-1.036348819732666,0.0,0.0,-0.0006447660271078348,-0.1689218431711197,0.0,0.0,0.02937582512959987,0.058444665677774,-0.00901295617222786,0.05878294259309769,0.0,0.0,0.0,0.0
3.5776031017303467,-0.2736873924732208,-1.036348819732666,0.0,0.0,-0.0006447660271078348,-0.1689218431711197,0.0,0.0,0.028944393033007033,0.05805158544154723,-0.013991132378578186,0.06573522090911865,0.0,0.0,0.0,0.0
3.5789730548858643,-0.2736873924732208,-1.036348819732666,0.0,0.0,-0.0006447660271078348,-0.1689218431711197,0.0,0.0,0.028944393033007033,0.05805158544154723,-0.013991132378578186,0.06573522090911865,0.0,0.0,0.0,0.0
3.580350637435913,-0.2736873924732208,-1.036348819732666,0.0,0.0,-0.0006447660271078348,-0.1689218431711197,0.0,0.0,0.028656771635278477,0.05750989613515619,-0.009580959565937519,0.06404231488704681,0.0,0.0,0.0,0.0
3.581799030303955,-0.2736873924732208,-1.036348819732666,0.0,0.0,-0.0006447660271078348,-0.1689218431711197,0.0,0.0,0.028656771635278477,0.05750989613515619,-0.009580959565937519,0.06404231488704681,0.0,0.0,0.0,0.0
3.583258628845215,-0.2736873924732208,-1.036348819732666,0.0,0.0,-0.0006447660271078348,-0.1689218431711197,0.0,0.0,0.02836435771792224,0.05738526136647495,-0.011326193809509277,0.06229708716273308,0.0,0.0,0.0,0.0
3.584752321243286,-0.2736873924732208,-1.036348819732666,0.0,0.0,-0.0006447660271078348,-0.1689218431711197,0.0,0.0,0.028143846224161984,0.05744278915702405,-0.012728084810078144,0.061581823974847794,0.0,0.0,0.0,0.0
3.5862183570861816,-0.3441838026046753,-0.8383634686470032,0.0,0.0,-0.0007535098120570183,-0.16888613998889923,0.0,0.0,0.028143846224161984,0.05744278915702405,-0.012728084810078144,0.061581823974847794,0.0,0.0,0.0,0.0
3.5876145362854004,-0.3441838026046753,-0.8383634686470032,0.0,0.0,-0.0007535098120570183,-0.16888613998889923,0.0,0.0,0.027923337656237886,0.05744278915702405,-0.01312863826751709,0.06029434874653816,0.0,0.0,0.0,0.0
3.5891120433807373,-0.3441838026046753,-0.8383634686470032,0.0,0.0,-0.0007535098120570183,-0.16888613998889923,0.0,0.0,0.027923337656237886,0.05744278915702405,-0.01312863826751709,0.06029434874653816,0.0,0.0,0.0,0.0
3.5906219482421875,-0.3441838026046753,-0.8383634686470032,0.0,0.0,-0.0007535098120570183,-0.16888613998889923,0.0,0.0,0.02790895717151869,0.05744278915702405,-0.0049442751333117485,0.05416993796825409,0.0,0.0,0.0,0.0
3.592041254043579,-0.3441838026046753,-0.8383634686470032,0.0,0.0,-0.0007535098120570183,-0.16888613998889923,0.0,0.0,0.02790895717151869,0.05744278915702405,-0.0049442751333117485,0.05416993796825409,0.0,0.0,0.0,0.0
3.593538761138916,-0.3441838026046753,-0.8383634686470032,0.0,0.0,-0.0007535098120570183,-0.16888613998889923,0.0,0.0,0.027817875891903515,0.05744278915702405,-0.0068039544858038425,0.05416993796825409,0.0,0.0,0.0,0.0
3.5950515270233154,-0.3441838026046753,-0.8383634686470032,0.0,0.0,-0.0007535098120570183,-0.16888613998889923,0.0,0.0,0.027722002092660663,0.05744278915702405,-0.007318934891372919,0.05416993796825409,0.0,0.0,0.0,0.0
3.596862554550171,-0.2932600975036621,-0.687421441078186,0.0,0.0,-0.0007177979568950832,-0.16885875165462494,0.0,0.0,0.027722002092660663,0.05744278915702405,-0.007318934891372919,0.05416993796825409,0.0,0.0,0.0,0.0
3.598379373550415,-0.2932600975036621,-0.687421441078186,0.0,0.0,-0.0007177979568950832,-0.16885875165462494,0.0,0.0,0.027515874009455762,0.05744278915702405,-0.009436095133423805,0.05416993796825409,0.0,0.0,0.0,0.0
3.599763870239258,-0.2932600975036621,-0.687421441078186,0.0,0.0,-0.0007177979568950832,-0.16885875165462494,0.0,0.0,0.027515874009455762,0.05744278915702405,-0.009436095133423805,0.05416993796825409,0.0,0.0,0.0,0.0
3.601781129837036,-0.2932600975036621,-0.687421441078186,0.0,0.0,-0.0007177979568950832,-0.16885875165462494,0.0,0.0,0.027333714376061573,0.05744278915702405,-0.004313198383897543,0.048017095774412155,0.0,0.0,0.0,0.0
3.6031553745269775,-0.2932600975036621,-0.687421441078186,0.0,0.0,-0.0007177979568950832,-0.16885875165462494,0.0,0.0,0.027376855830219163,0.05744278915702405,-0.003769600298255682,0.048017095774412155,0.0,0.0,0.0,0.0
3.6045334339141846,-0.2932600975036621,-0.687421441078186,0.0,0.0,-0.0007177979568950832,-0.16885875165462494,0.0,0.0,0.027376855830219163,0.05744278915702405,-0.003769600298255682,0.048017095774412155,0.0,0.0,0.0,0.0
3.6058549880981445,-0.3049372732639313,-0.7543086409568787,0.0,0.0,-0.0007332392269745469,-0.16896583139896393,0.0,0.0,0.02721387212700801,0.05744278915702405,-0.004284581169486046,0.048017095774412155,0.0,0.0,0.0,0.0
3.6071970462799072,-0.3049372732639313,-0.7543086409568787,0.0,0.0,-0.0007332392269745469,-0.16896583139896393,0.0,0.0,0.02721387212700801,0.05744278915702405,-0.004284581169486046,0.048017095774412155,0.0,0.0,0.0,0.0
3.6087591648101807,-0.3049372732639313,-0.7543086409568787,0.0,0.0,-0.0007332392269745469,-0.16896583139896393,0.0,0.0,0.026715327200610713,0.05744278915702405,-0.009720532223582268,0.048017095774412155,0.0,0.0,0.0,0.0
3.6100845336914062,-0.3049372732639313,-0.7543086409568787,0.0,0.0,-0.0007332392269745469,-0.16896583139896393,0.0,0.0,0.026715327200610713,0.05744278915702405,-0.009720532223582268,0.048017095774412155,0.0,0.0,0.0,0.0
3.6114110946655273,-0.3049372732639313,-0.7543086409568787,0.0,0.0,-0.0007332392269745469,-0.16896583139896393,0.0,0.0,0.026729707685329906,0.057337324466853516,-0.0009952953550964594,0.04335523769259453,0.0,0.0,0.0,0.0
3.612657308578491,-0.3049372732639313,-0.7543086409568787,0.0,0.0,-0.0007332392269745469,-0.16896583139896393,0.0,0.0,0.026729707685329906,0.057337324466853516,-0.0009952953550964594,0.04335523769259453,0.0,0.0,0.0,0.0
3.6140050888061523,-0.3049372732639313,-0.7543086409568787,0.0,0.0,-0.0007332392269745469,-0.16896583139896393,0.0,0.0,0.026763264100232137,0.05724145066761067,-2.2543827071785927e-05,0.04395604133605957,0.0,0.0,0.0,0.0
3.6153788566589355,-0.3049372732639313,-0.7543086409568787,0.0,0.0,-0.0007332392269745469,-0.16896583139896393,0.0,0.0,0.026643421851178573,0.05714557686836781,-0.0015961029566824436,0.04452824592590332,0.0,0.0,0.0,0.0
3.616823673248291,-0.2937733232975006,-0.6054415702819824,0.0,0.0,-0.0006899721338413656,-0.16898539662361145,0.0,0.0,0.026643421851178573,0.05714557686836781,-0.0015961029566824436,0.04452824592590332,0.0,0.0,0.0,0.0
3.618123769760132,-0.2937733232975006,-0.6054415702819824,0.0,0.0,-0.0006899721338413656,-0.16898539662361145,0.0,0.0,0.02654754805193572,0.057135991829112456,-0.0021683075465261936,0.04510045051574707,0.0,0.0,0.0,0.0
3.619398832321167,-0.2937733232975006,-0.6054415702819824,0.0,0.0,-0.0006899721338413656,-0.16898539662361145,0.0,0.0,0.02654754805193572,0.057135991829112456,-0.0021683075465261936,0.04510045051574707,0.0,0.0,0.0,0.0
3.620656728744507,-0.2937733232975006,-0.6054415702819824,0.0,0.0,-0.0006899721338413656,-0.16898539662361145,0.0,0.0,0.026351007933822335,0.057135991829112456,0.002041751053184271,0.03757017105817795,0.0,0.0,0.0,0.0
3.6219608783721924,-0.2937733232975006,-0.6054415702819824,0.0,0.0,-0.0006899721338413656,-0.16898539662361145,0.0,0.0,0.026351007933822335,0.057135991829112456,0.002041751053184271,0.03757017105817795,0.0,0.0,0.0,0.0
3.623288154602051,-0.2937733232975006,-0.6054415702819824,0.0,0.0,-0.0006899721338413656,-0.16898539662361145,0.0,0.0,0.026178433339683504,0.057135991829112456,0.0010117900092154741,0.03757017105817795,0.0,0.0,0.0,0.0
3.624594211578369,-0.2937733232975006,-0.6054415702819824,0.0,0.0,-0.0006899721338413656,-0.16898539662361145,0.0,0.0,0.026178433339683504,0.057135991829112456,0.0010117900092154741,0.03757017105817795,0.0,0.0,0.0,0.0
3.6258835792541504,-0.26382601261138916,-0.5303475856781006,0.0,0.0,-0.0006451083463616669,-0.16901151835918427,0.0,0.0,0.026106527990251364,0.057135991829112456,0.0014409399591386318,0.03757017105817795,0.0,0.0,0.0,0.0
3.6271567344665527,-0.26382601261138916,-0.5303475856781006,0.0,0.0,-0.0006451083463616669,-0.16901151835918427,0.0,0.0,0.026106527990251364,0.057135991829112456,0.0014409399591386318,0.03757017105817795,0.0,0.0,0.0,0.0
3.628483295440674,-0.26382601261138916,-0.5303475856781006,0.0,0.0,-0.0006451083463616669,-0.16901151835918427,0.0,0.0,0.02604900605137458,0.057135991829112456,0.0010690104681998491,0.03757017105817795,0.0,0.0,0.0,0.0
3.629694938659668,-0.26382601261138916,-0.5303475856781006,0.0,0.0,-0.0006451083463616669,-0.16901151835918427,0.0,0.0,0.02604900605137458,0.057135991829112456,0.0010690104681998491,0.03757017105817795,0.0,0.0,0.0,0.0
3.6309454441070557,-0.26382601261138916,-0.5303475856781006,0.0,0.0,-0.0006451083463616669,-0.16901151835918427,0.0,0.0,0.025957924771759407,0.05705929396005264,0.0066385939717292786,0.03148847073316574,0.0,0.0,0.0,0.0
3.6322038173675537,-0.26382601261138916,-0.5303475856781006,0.0,0.0,-0.0006451083463616669,-0.16901151835918427,0.0,0.0,0.025957924771759407,0.05705929396005264,0.0066385939717292786,0.03148847073316574,0.0,0.0,0.0,0.0
3.633457660675049,-0.26382601261138916,-0.5303475856781006,0.0,0.0,-0.0006451083463616669,-0.16901151835918427,0.0,0.0,0.025641542404592457,0.05687713140082229,0.003148130839690566,0.0334053561091423,0.0,0.0,0.0,0.0
3.6346592903137207,-0.26382601261138916,-0.5303475856781006,0.0,0.0,-0.0006451083463616669,-0.16901151835918427,0.0,0.0,0.025641542404592457,0.05687713140082229,0.003148130839690566,0.0334053561091423,0.0,0.0,0.0,0.0
3.635941743850708,-0.2521890699863434,-0.4540531039237976,0.0,0.0,-0.0005995030514895916,-0.16904836893081665,0.0,0.0,0.02553128519479425,0.05651281213403391,0.002718991367146373,0.03806883096694946,0.0,0.0,0.0,0.0
3.637261152267456,-0.2521890699863434,-0.4540531039237976,0.0,0.0,-0.0005995030514895916,-0.16904836893081665,0.0,0.0,0.02553128519479425,0.05651281213403391,0.002718991367146373,0.03806883096694946,0.0,0.0,0.0,0.0
3.6385419368743896,-0.2521890699863434,-0.4540531039237976,0.0,0.0,-0.0005995030514895916,-0.16904836893081665,0.0,0.0,0.02553608064025809,0.05615328538687322,0.004921976011246443,0.03975684195756912,0.0,0.0,0.0,0.0
3.639801502227783,-0.2521890699863434,-0.4540531039237976,0.0,0.0,-0.0005995030514895916,-0.16904836893081665,0.0,0.0,0.02553608064025809,0.05615328538687322,0.004921976011246443,0.03975684195756912,0.0,0.0,0.0,0.0
3.6410815715789795,-0.2521890699863434,-0.4540531039237976,0.0,0.0,-0.0005995030514895916,-0.16904836893081665,0.0,0.0,0.025401857906485324,0.055870456508772336,0.009472506120800972,0.03517700359225273,0.0,0.0,0.0,0.0
3.642369508743286,-0.2521890699863434,-0.4540531039237976,0.0,0.0,-0.0005995030514895916,-0.16904836893081665,0.0,0.0,0.025401857906485324,0.055870456508772336,0.009472506120800972,0.03517700359225273,0.0,0.0,0.0,0.0
3.6435647010803223,-0.2521890699863434,-0.4540531039237976,0.0,0.0,-0.0005995030514895916,-0.16904836893081665,0.0,0.0,0.025301188661778634,0.055870456508772336,0.008900301530957222,0.033689260482788086,0.0,0.0,0.0,0.0
3.6447956562042236,-0.2521890699863434,-0.4540531039237976,0.0,0.0,-0.0005995030514895916,-0.16904836893081665,0.0,0.0,0.025301188661778634,0.055870456508772336,0.008900301530957222,0.033689260482788086,0.0,0.0,0.0,0.0
3.646061897277832,-0.23554088175296783,-0.36356890201568604,0.0,0.0,-0.0005846075364388525,-0.16907666623592377,0.0,0.0,0.025205314862535782,0.055908808369138405,0.008270872756838799,0.03263068199157715,0.0,0.0,0.0,0.0
3.647338390350342,-0.23554088175296783,-0.36356890201568604,0.0,0.0,-0.0005846075364388525,-0.16907666623592377,0.0,0.0,0.025205314862535782,0.055908808369138405,0.008270872756838799,0.03263068199157715,0.0,0.0,0.0,0.0
3.6485886573791504,-0.23554088175296783,-0.36356890201568604,0.0,0.0,-0.0005846075364388525,-0.16907666623592377,0.0,0.0,0.02497042580989249,0.05582731212877859,0.006125108804553747,0.03263068199157715,0.0,0.0,0.0,0.0
3.649838924407959,-0.23554088175296783,-0.36356890201568604,0.0,0.0,-0.0005846075364388525,-0.16907666623592377,0.0,0.0,0.02497042580989249,0.05582731212877859,0.006125108804553747,0.03263068199157715,0.0,0.0,0.0,0.0
3.6510961055755615,-0.23554088175296783,-0.36356890201568604,0.0,0.0,-0.0005846075364388525,-0.16907666623592377,0.0,0.0,0.024812231700472854,0.055726645809908056,0.01249022874981165,0.028438519686460495,0.0,0.0,0.0,0.0
3.652379274368286,-0.23554088175296783,-0.36356890201568604,0.0,0.0,-0.0005846075364388525,-0.16907666623592377,0.0,0.0,0.024812231700472854,0.055726645809908056,0.01249022874981165,0.028438519686460495,0.0,0.0,0.0,0.0
3.6535985469818115,-0.23554088175296783,-0.36356890201568604,0.0,0.0,-0.0005846075364388525,-0.16907666623592377,0.0,0.0,0.02463007206707867,0.055276037783132184,0.010029757395386696,0.03416057303547859,0.0,0.0,0.0,0.0
3.6548244953155518,-0.23554088175296783,-0.36356890201568604,0.0,0.0,-0.0005846075364388525,-0.16907666623592377,0.0,0.0,0.02463007206707867,0.055276037783132184,0.010029757395386696,0.03416057303547859,0.0,0.0,0.0,0.0
3.6560723781585693,-0.22630921006202698,-0.25407832860946655,0.0,0.0,-0.0005579166463576257,-0.16909968852996826,0.0,0.0,0.02455816671764653,0.05499320890503131,0.010458908043801785,0.03453250601887703,0.0,0.0,0.0,0.0
3.6573522090911865,-0.22630921006202698,-0.25407832860946655,0.0,0.0,-0.0005579166463576257,-0.16909968852996826,0.0,0.0,0.02455816671764653,0.05499320890503131,0.010458908043801785,0.03453250601887703,0.0,0.0,0.0,0.0
3.658566474914551,-0.22630921006202698,-0.25407832860946655,0.0,0.0,-0.0005579166463576257,-0.16909968852996826,0.0,0.0,0.02447667486604095,0.05495965541596524,0.009972530417144299,0.033073365688323975,0.0,0.0,0.0,0.0
3.6597864627838135,-0.22630921006202698,-0.25407832860946655,0.0,0.0,-0.0005579166463576257,-0.16909968852996826,0.0,0.0,0.02447667486604095,0.05495965541596524,0.009972530417144299,0.033073365688323975,0.0,0.0,0.0,0.0
3.6610634326934814,-0.22630921006202698,-0.25407832860946655,0.0,0.0,-0.0005579166463576257,-0.16909968852996826,0.0,0.0,0.02437600708425234,0.05473435432841346,0.015601721592247486,0.029132205992937088,0.0,0.0,0.0,0.0
3.6623353958129883,-0.22630921006202698,-0.25407832860946655,0.0,0.0,-0.0005579166463576257,-0.16909968852996826,0.0,0.0,0.02437600708425234,0.05473435432841346,0.015601721592247486,0.029132205992937088,0.0,0.0,0.0,0.0
3.6635870933532715,-0.22630921006202698,-0.25407832860946655,0.0,0.0,-0.0005579166463576257,-0.16909968852996826,0.0,0.0,0.024289721250101003,0.054652858088053646,0.015029516071081161,0.02870303764939308,0.0,0.0,0.0,0.0
3.6648385524749756,-0.22630921006202698,-0.25407832860946655,0.0,0.0,-0.0005579166463576257,-0.16909968852996826,0.0,0.0,0.024289721250101003,0.054652858088053646,0.015029516071081161,0.02870303764939308,0.0,0.0,0.0,0.0
3.6660685539245605,-0.26485908031463623,-0.26248621940612793,0.0,0.0,-0.0006117243319749832,-0.169184610247612,0.0,0.0,0.024213021918123107,0.05468161905749204,0.014628973789513111,0.0277303047478199,0.0,0.0,0.0,0.0
3.6673450469970703,-0.26485908031463623,-0.26248621940612793,0.0,0.0,-0.0006117243319749832,-0.169184610247612,0.0,0.0,0.024213021918123107,0.05468161905749204,0.014628973789513111,0.0277303047478199,0.0,0.0,0.0,0.0
3.6688108444213867,-0.26485908031463623,-0.26248621940612793,0.0,0.0,-0.0006117243319749832,-0.169184610247612,0.0,0.0,0.024121942101426014,0.05457616021899383,0.014028158038854599,0.029160797595977783,0.0,0.0,0.0,0.0
3.67004132270813,-0.26485908031463623,-0.26248621940612793,0.0,0.0,-0.0006117243319749832,-0.169184610247612,0.0,0.0,0.024121942101426014,0.05457616021899383,0.014028158038854599,0.029160797595977783,0.0,0.0,0.0,0.0
3.6713788509368896,-0.26485908031463623,-0.26248621940612793,0.0,0.0,-0.0006117243319749832,-0.169184610247612,0.0,0.0,0.023863081673135847,0.05447070138049562,0.01963188871741295,0.02367222122848034,0.0,0.0,0.0,0.0
3.672849655151367,-0.26485908031463623,-0.26248621940612793,0.0,0.0,-0.0006117243319749832,-0.169184610247612,0.0,0.0,0.023656953589930946,0.05428853882126527,0.016570594161748886,0.02427302859723568,0.0,0.0,0.0,0.0
3.6741034984588623,-0.26485908031463623,-0.26248621940612793,0.0,0.0,-0.0006117243319749832,-0.169184610247612,0.0,0.0,0.023656953589930946,0.05428853882126527,0.016570594161748886,0.02427302859723568,0.0,0.0,0.0,0.0
3.6757001876831055,-0.24241793155670166,-0.16259270906448364,0.0,0.0,-0.0005740905180573463,-0.16922050714492798,0.0,0.0,0.023489174441255953,0.05408720618352421,0.01562645100057125,0.026762118563055992,0.0,0.0,0.0,0.0
3.6770029067993164,-0.24241793155670166,-0.16259270906448364,0.0,0.0,-0.0005740905180573463,-0.16922050714492798,0.0,0.0,0.023489174441255953,0.05408720618352421,0.01562645100057125,0.026762118563055992,0.0,0.0,0.0,0.0
3.678255796432495,-0.24241793155670166,-0.16259270906448364,0.0,0.0,-0.0005740905180573463,-0.16922050714492798,0.0,0.0,0.023201553043527397,0.054024885873347424,0.012937094084918499,0.026361552998423576,0.0,0.0,0.0,0.0
3.679468870162964,-0.24241793155670166,-0.16259270906448364,0.0,0.0,-0.0005740905180573463,-0.16922050714492798,0.0,0.0,0.023201553043527397,0.054024885873347424,0.012937094084918499,0.026361552998423576,0.0,0.0,0.0,0.0
3.680670976638794,-0.24241793155670166,-0.16259270906448364,0.0,0.0,-0.0005740905180573463,-0.16922050714492798,0.0,0.0,0.023009805445041692,0.053948188004287606,0.01876116171479225,0.02073635533452034,0.0,0.0,0.0,0.0
3.6818971633911133,-0.24241793155670166,-0.16259270906448364,0.0,0.0,-0.0005740905180573463,-0.16922050714492798,0.0,0.0,0.023009805445041692,0.053948188004287606,0.01876116171479225,0.02073635533452034,0.0,0.0,0.0,0.0
3.6831459999084473,-0.24241793155670166,-0.16259270906448364,0.0,0.0,-0.0005740905180573463,-0.16922050714492798,0.0,0.0,0.022856406781085893,0.05355510191638852,0.01784563809633255,0.02542841248214245,0.0,0.0,0.0,0.0
3.6843385696411133,-0.24241793155670166,-0.16259270906448364,0.0,0.0,-0.0005740905180573463,-0.16922050714492798,0.0,0.0,0.022856406781085893,0.05355510191638852,0.01784563809633255,0.02542841248214245,0.0,0.0,0.0,0.0
3.685559034347534,-0.25882688164711,-0.1390867680311203,0.0,0.0,-0.000621096114628017,-0.16929824650287628,0.0,0.0,0.022645484715335236,0.053114084780540326,0.016758445650339127,0.02963411435484886,0.0,0.0,0.0,0.0
3.686790943145752,-0.25882688164711,-0.1390867680311203,0.0,0.0,-0.000621096114628017,-0.16929824650287628,0.0,0.0,0.022645484715335236,0.053114084780540326,0.016758445650339127,0.02963411435484886,0.0,0.0,0.0,0.0
3.6880483627319336,-0.25882688164711,-0.1390867680311203,0.0,0.0,-0.000621096114628017,-0.16929824650287628,0.0,0.0,0.022266783500909583,0.05303259439185283,0.012609959580004215,0.025571491569280624,0.0,0.0,0.0,0.0
3.6893250942230225,-0.25882688164711,-0.1390867680311203,0.0,0.0,-0.000621096114628017,-0.16929824650287628,0.0,0.0,0.022266783500909583,0.05303259439185283,0.012609959580004215,0.025571491569280624,0.0,0.0,0.0,0.0
3.6905465126037598,-0.25882688164711,-0.1390867680311203,0.0,0.0,-0.000621096114628017,-0.16929824650287628,0.0,0.0,0.02182576343922523,0.05285043183262248,0.016357315704226494,0.02211236208677292,0.0,0.0,0.0,0.0
3.6917724609375,-0.25882688164711,-0.1390867680311203,0.0,0.0,-0.000621096114628017,-0.16929824650287628,0.0,0.0,0.02182576343922523,0.05285043183262248,0.016357315704226494,0.02211236208677292,0.0,0.0,0.0,0.0
3.692986488342285,-0.25882688164711,-0.1390867680311203,0.0,0.0,-0.000621096114628017,-0.16929824650287628,0.0,0.0,0.021518967574231718,0.05267306764469213,0.014182943850755692,0.02311372011899948,0.0,0.0,0.0,0.0
3.6942763328552246,-0.25882688164711,-0.1390867680311203,0.0,0.0,-0.000621096114628017,-0.16929824650287628,0.0,0.0,0.021518967574231718,0.05267306764469213,0.014182943850755692,0.02311372011899948,0.0,0.0,0.0,0.0
3.6955504417419434,-0.24145866930484772,-0.07800575345754623,0.0,0.0,-0.0005985029856674373,-0.16934701800346375,0.0,0.0,0.02133201395829177,0.051920454809632345,0.013925451785326004,0.03092431277036667,0.0,0.0,0.0,0.0
3.696822166442871,-0.24145866930484772,-0.07800575345754623,0.0,0.0,-0.0005985029856674373,-0.16934701800346375,0.0,0.0,0.02133201395829177,0.051920454809632345,0.013925451785326004,0.03092431277036667,0.0,0.0,0.0,0.0
3.6981008052825928,-0.24145866930484772,-0.07800575345754623,0.0,0.0,-0.0005985029856674373,-0.16934701800346375,0.0,0.0,0.020905375844244692,0.05167118527226986,0.010749717243015766,0.03075266256928444,0.0,0.0,0.0,0.0
3.6993908882141113,-0.24145866930484772,-0.07800575345754623,0.0,0.0,-0.0005985029856674373,-0.16934701800346375,0.0,0.0,0.020905375844244692,0.05167118527226986,0.010749717243015766,0.03075266256928444,0.0,0.0,0.0,0.0
3.7005867958068848,-0.24145866930484772,-0.07800575345754623,0.0,0.0,-0.0005985029856674373,-0.16934701800346375,0.0,0.0,0.020363688000771728,0.05123496065604934,0.012688489630818367,0.028468403965234756,0.0,0.0,0.0,0.0
3.7018423080444336,-0.24145866930484772,-0.07800575345754623,0.0,0.0,-0.0005985029856674373,-0.16934701800346375,0.0,0.0,0.020363688000771728,0.05123496065604934,0.012688489630818367,0.028468403965234756,0.0,0.0,0.0,0.0
3.7031238079071045,-0.24145866930484772,-0.07800575345754623,0.0,0.0,-0.0005985029856674373,-0.16934701800346375,0.0,0.0,0.020047305633604778,0.05067888793910294,0.01174435205757618,0.03267410770058632,0.0,0.0,0.0,0.0
3.704324960708618,-0.24145866930484772,-0.07800575345754623,0.0,0.0,-0.0005985029856674373,-0.16934701800346375,0.0,0.0,0.020047305633604778,0.05067888793910294,0.01174435205757618,0.03267410770058632,0.0,0.0,0.0,0.0
3.705578565597534,-0.25569024682044983,-0.07670146971940994,0.0,0.0,-0.0005931127816438675,-0.1694219708442688,0.0,0.0,0.019630254021731137,0.05002215475495833,0.009026381187140942,0.037280358374118805,0.0,0.0,0.0,0.0
3.706897020339966,-0.25569024682044983,-0.07670146971940994,0.0,0.0,-0.0005931127816438675,-0.1694219708442688,0.0,0.0,0.019630254021731137,0.05002215475495833,0.009026381187140942,0.037280358374118805,0.0,0.0,0.0,0.0
3.708167314529419,-0.25569024682044983,-0.07670146971940994,0.0,0.0,-0.0005931127816438675,-0.1694219708442688,0.0,0.0,0.019112536090986964,0.049542785758744066,0.005364277865737677,0.03899696096777916,0.0,0.0,0.0,0.0
3.709402322769165,-0.25569024682044983,-0.07670146971940994,0.0,0.0,-0.0005931127816438675,-0.1694219708442688,0.0,0.0,0.019112536090986964,0.049542785758744066,0.005364277865737677,0.03899696096777916,0.0,0.0,0.0,0.0
3.7106425762176514,-0.25569024682044983,-0.07670146971940994,0.0,0.0,-0.0005931127816438675,-0.1694219708442688,0.0,0.0,0.01878656429581042,0.04890522557894633,0.010067003779113293,0.03672755882143974,0.0,0.0,0.0,0.0
3.712027072906494,-0.25569024682044983,-0.07670146971940994,0.0,0.0,-0.0005931127816438675,-0.1694219708442688,0.0,0.0,0.01811065371856469,0.04812385470028431,0.004659669473767281,0.04176296666264534,0.0,0.0,0.0,0.0
3.7132725715637207,-0.25569024682044983,-0.07670146971940994,0.0,0.0,-0.0005931127816438675,-0.1694219708442688,0.0,0.0,0.01811065371856469,0.04812385470028431,0.004659669473767281,0.04176296666264534,0.0,0.0,0.0,0.0
3.7145307064056396,-0.25569024682044983,-0.07670146971940994,0.0,0.0,-0.0005931127816438675,-0.1694219708442688,0.0,0.0,0.01811065371856469,0.04812385470028431,0.004659669473767281,0.04176296666264534,0.0,0.0,0.0,0.0
3.7158071994781494,-0.22029612958431244,-0.09060639888048172,0.0,0.0,-0.000554851780179888,-0.16953060030937195,0.0,0.0,0.017468299556221197,0.04724660709654328,0.0006542366463690996,0.04805721342563629,0.0,0.0,0.0,0.0
3.717088460922241,-0.22029612958431244,-0.09060639888048172,0.0,0.0,-0.000554851780179888,-0.16953060030937195,0.0,0.0,0.016586260895770567,0.046489204667691984,-0.006841646507382393,0.053636208176612854,0.0,0.0,0.0,0.0
3.718337297439575,-0.22029612958431244,-0.09060639888048172,0.0,0.0,-0.000554851780179888,-0.16953060030937195,0.0,0.0,0.016586260895770567,0.046489204667691984,-0.006841646507382393,0.053636208176612854,0.0,0.0,0.0,0.0
3.719592571258545,-0.22029612958431244,-0.09060639888048172,0.0,0.0,-0.000554851780179888,-0.16953060030937195,0.0,0.0,0.015895969833805645,0.045549642605446486,-0.0035581958945840597,0.05292695015668869,0.0,0.0,0.0,0.0
3.7208423614501953,-0.22029612958431244,-0.09060639888048172,0.0,0.0,-0.000554851780179888,-0.16953060030937195,0.0,0.0,0.015895969833805645,0.045549642605446486,-0.0035581958945840597,0.05292695015668869,0.0,0.0,0.0,0.0
3.722109794616699,-0.22029612958431244,-0.09060639888048172,0.0,0.0,-0.000554851780179888,-0.16953060030937195,0.0,0.0,0.014956406308642074,0.04424575835057646,-0.011826553381979465,0.06746094673871994,0.0,0.0,0.0,0.0
3.723381519317627,-0.22029612958431244,-0.09060639888048172,0.0,0.0,-0.000554851780179888,-0.16953060030937195,0.0,0.0,0.014956406308642074,0.04424575835057646,-0.011826553381979465,0.06746094673871994,0.0,0.0,0.0,0.0
3.7246522903442383,-0.22029612958431244,-0.09060639888048172,0.0,0.0,-0.000554851780179888,-0.16953060030937195,0.0,0.0,0.013705252935939232,0.04259193531363725,-0.02032378688454628,0.07575791329145432,0.0,0.0,0.0,0.0
3.7259275913238525,-0.26249927282333374,-0.21287144720554352,0.0,0.0,-0.0005997504922561347,-0.1697000116109848,0.0,0.0,0.013705252935939232,0.04259193531363725,-0.02032378688454628,0.07575791329145432,0.0,0.0,0.0,0.0
3.7272000312805176,-0.26249927282333374,-0.21287144720554352,0.0,0.0,-0.0005997504922561347,-0.1697000116109848,0.0,0.0,0.012391782178895768,0.0406217299095311,-0.03016570396721363,0.08903305977582932,0.0,0.0,0.0,0.0
3.728519916534424,-0.26249927282333374,-0.21287144720554352,0.0,0.0,-0.0005997504922561347,-0.1697000116109848,0.0,0.0,0.011102279871663017,0.039068573191462425,-0.03381761536002159,0.09420131146907806,0.0,0.0,0.0,0.0
3.7297892570495605,-0.26249927282333374,-0.21287144720554352,0.0,0.0,-0.0005997504922561347,-0.1697000116109848,0.0,0.0,0.011102279871663017,0.039068573191462425,-0.03381761536002159,0.09420131146907806,0.0,0.0,0.0,0.0
3.731236457824707,-0.26249927282333374,-0.21287144720554352,0.0,0.0,-0.0005997504922561347,-0.1697000116109848,0.0,0.0,0.009640204433209515,0.037304495870561165,-0.043402042239904404,0.10713313519954681,0.0,0.0,0.0,0.0
3.7326221466064453,-0.26249927282333374,-0.21287144720554352,0.0,0.0,-0.0005997504922561347,-0.1697000116109848,0.0,0.0,0.009640204433209515,0.037304495870561165,-0.043402042239904404,0.10713313519954681,0.0,0.0,0.0,0.0
3.733912229537964,-0.26249927282333374,-0.21287144720554352,0.0,0.0,-0.0005997504922561347,-0.1697000116109848,0.0,0.0,0.008043905529524211,0.035123366937786275,-0.05338701233267784,0.12115214020013809,0.0,0.0,0.0,0.0
3.7351927757263184,-0.26249927282333374,-0.21287144720554352,0.0,0.0,-0.0005997504922561347,-0.1697000116109848,0.0,0.0,0.008043905529524211,0.035123366937786275,-0.05338701233267784,0.12115214020013809,0.0,0.0,0.0,0.0
3.7368500232696533,-0.274653822183609,-0.3774283528327942,0.0,0.0,-0.0006530722021125257,-0.16991981863975525,0.0,0.0,0.0064332254096606725,0.03380989471782473,-0.059509601444005966,0.12284015864133835,0.0,0.0,0.0,0.0
3.7381372451782227,-0.274653822183609,-0.3774283528327942,0.0,0.0,-0.0006530722021125257,-0.16991981863975525,0.0,0.0,0.0064332254096606725,0.03380989471782473,-0.059509601444005966,0.12284015864133835,0.0,0.0,0.0,0.0
3.7394375801086426,-0.274653822183609,-0.3774283528327942,0.0,0.0,-0.0006530722021125257,-0.16991981863975525,0.0,0.0,0.005282739818746442,0.03249642542369934,-0.06120418757200241,0.1243365928530693,0.0,0.0,0.0,0.0
3.741032123565674,-0.274653822183609,-0.3774283528327942,0.0,0.0,-0.0006530722021125257,-0.16991981863975525,0.0,0.0,0.004347970276128629,0.03164314626976903,-0.06357883661985397,0.12470854073762894,0.0,0.0,0.0,0.0
3.7423300743103027,-0.274653822183609,-0.3774283528327942,0.0,0.0,-0.0006530722021125257,-0.16991981863975525,0.0,0.0,0.004347970276128629,0.03164314626976903,-0.06357883661985397,0.12470854073762894,0.0,0.0,0.0,0.0
3.7440078258514404,-0.274653822183609,-0.3774283528327942,0.0,0.0,-0.0006530722021125257,-0.16991981863975525,0.0,0.0,0.0037535530134065595,0.031307587972419046,-0.06366465985774994,0.12173308432102203,0.0,0.0,0.0,0.0
3.7452890872955322,-0.274653822183609,-0.3774283528327942,0.0,0.0,-0.0006530722021125257,-0.16991981863975525,0.0,0.0,0.0037535530134065595,0.031307587972419046,-0.06366465985774994,0.12173308432102203,0.0,0.0,0.0,0.0
3.7469096183776855,-0.33014050126075745,-0.8056522011756897,0.0,0.0,-0.0007160206441767514,-0.17026466131210327,0.0,0.0,0.003374851433251388,0.031336351867693596,-0.06412242352962494,0.1190723106265068,0.0,0.0,0.0,0.0
3.7481813430786133,-0.33014050126075745,-0.8056522011756897,0.0,0.0,-0.0007160206441767514,-0.17026466131210327,0.0,0.0,0.003374851433251388,0.031336351867693596,-0.06412242352962494,0.1190723106265068,0.0,0.0,0.0,0.0
3.7494637966156006,-0.33014050126075745,-0.8056522011756897,0.0,0.0,-0.0007160206441767514,-0.17026466131210327,0.0,0.0,0.003432375566505291,0.03136511283713199,-0.054527346044778824,0.11199422925710678,0.0,0.0,0.0,0.0
3.750762701034546,-0.33014050126075745,-0.8056522011756897,0.0,0.0,-0.0007160206441767514,-0.17026466131210327,0.0,0.0,0.003432375566505291,0.03136511283713199,-0.054527346044778824,0.11199422925710678,0.0,0.0,0.0,0.0
3.7522380352020264,-0.33014050126075745,-0.8056522011756897,0.0,0.0,-0.0007160206441767514,-0.17026466131210327,0.0,0.0,0.003446756782683527,0.03182530882899937,-0.053611818701028824,0.1092190369963646,0.0,0.0,0.0,0.0
3.753509759902954,-0.33014050126075745,-0.8056522011756897,0.0,0.0,-0.0007160206441767514,-0.17026466131210327,0.0,0.0,0.003446756782683527,0.03182530882899937,-0.053611818701028824,0.1092190369963646,0.0,0.0,0.0,0.0
3.7550132274627686,-0.33014050126075745,-0.8056522011756897,0.0,0.0,-0.0007160206441767514,-0.17026466131210327,0.0,0.0,0.003978856295335455,0.03301414335444351,-0.04889112338423729,0.09468504041433334,0.0,0.0,0.0,0.0
3.756296157836914,-0.3806358873844147,-1.5246012210845947,0.0,0.0,-0.0008573518716730177,-0.17086726427078247,0.0,0.0,0.004702703406473088,0.03403999125084034,-0.04202467203140259,0.08558697998523712,0.0,0.0,0.0,0.0
3.75756573677063,-0.3806358873844147,-1.5246012210845947,0.0,0.0,-0.0008573518716730177,-0.17086726427078247,0.0,0.0,0.004702703406473088,0.03403999125084034,-0.04202467203140259,0.08558697998523712,0.0,0.0,0.0,0.0
3.758836507797241,-0.3806358873844147,-1.5246012210845947,0.0,0.0,-0.0008573518716730177,-0.17086726427078247,0.0,0.0,0.0051916600020493475,0.035262382191186714,-0.031622808426618576,0.07223823666572571,0.0,0.0,0.0,0.0
3.7601065635681152,-0.3806358873844147,-1.5246012210845947,0.0,0.0,-0.0008573518716730177,-0.17086726427078247,0.0,0.0,0.0051916600020493475,0.035262382191186714,-0.031622808426618576,0.07223823666572571,0.0,0.0,0.0,0.0
3.761538505554199,-0.3806358873844147,-1.5246012210845947,0.0,0.0,-0.0008573518716730177,-0.17086726427078247,0.0,0.0,0.005690203465528566,0.03582803994738847,-0.030135080218315125,0.07083635777235031,0.0,0.0,0.0,0.0
3.7629401683807373,-0.3806358873844147,-1.5246012210845947,0.0,0.0,-0.0008573518716730177,-0.17086726427078247,0.0,0.0,0.005690203465528566,0.03582803994738847,-0.030135080218315125,0.07083635777235031,0.0,0.0,0.0,0.0
3.7642507553100586,-0.3806358873844147,-1.5246012210845947,0.0,0.0,-0.0008573518716730177,-0.17086726427078247,0.0,0.0,0.005781283647955179,0.03613962979492774,-0.031880300492048264,0.0734112560749054,0.0,0.0,0.0,0.0
3.7655229568481445,-0.36652299761772156,-1.9011198282241821,0.0,0.0,-0.0008917380473576486,-0.1714080572128296,0.0,0.0,0.005781283647955179,0.03613962979492774,-0.031880300492048264,0.0734112560749054,0.0,0.0,0.0,0.0
3.766991138458252,-0.36652299761772156,-1.9011198282241821,0.0,0.0,-0.0008917380473576486,-0.1714080572128296,0.0,0.0,0.005752521581328228,0.0364416316773755,-0.03250972554087639,0.07218101620674133,0.0,0.0,0.0,0.0
3.768446683883667,-0.36652299761772156,-1.9011198282241821,0.0,0.0,-0.0008917380473576486,-0.1714080572128296,0.0,0.0,0.005752521581328228,0.0364416316773755,-0.03250972554087639,0.07218101620674133,0.0,0.0,0.0,0.0
3.769923210144043,-0.36652299761772156,-1.9011198282241821,0.0,0.0,-0.0008917380473576486,-0.1714080572128296,0.0,0.0,0.005752521581328228,0.03646560012718621,-0.027743780985474586,0.06861529499292374,0.0,0.0,0.0,0.0
3.771486759185791,-0.36652299761772156,-1.9011198282241821,0.0,0.0,-0.0008917380473576486,-0.1714080572128296,0.0,0.0,0.005138929119882163,0.03643204371228398,-0.03555437549948692,0.06964527070522308,0.0,0.0,0.0,0.0
3.7729461193084717,-0.36652299761772156,-1.9011198282241821,0.0,0.0,-0.0008917380473576486,-0.1714080572128296,0.0,0.0,0.005138929119882163,0.03643204371228398,-0.03555437549948692,0.06964527070522308,0.0,0.0,0.0,0.0
3.7744052410125732,-0.36652299761772156,-1.9011198282241821,0.0,0.0,-0.0008917380473576486,-0.1714080572128296,0.0,0.0,0.004347970276128629,0.03543974930495322,-0.04350801929831505,0.08169018477201462,0.0,0.0,0.0,0.0
3.7757785320281982,-0.3320075273513794,-1.643829345703125,0.0,0.0,-0.0007990542217157781,-0.1714440882205963,0.0,0.0,0.004347970276128629,0.03543974930495322,-0.04350801929831505,0.08169018477201462,0.0,0.0,0.0,0.0
3.77725887298584,-0.3320075273513794,-1.643829345703125,0.0,0.0,-0.0007990542217157781,-0.1714440882205963,0.0,0.0,0.003691234897606897,0.03454332869686532,-0.04605432599782944,0.08632504194974899,0.0,0.0,0.0,0.0
3.7787137031555176,-0.3320075273513794,-1.643829345703125,0.0,0.0,-0.0007990542217157781,-0.1714440882205963,0.0,0.0,0.003691234897606897,0.03454332869686532,-0.04605432599782944,0.08632504194974899,0.0,0.0,0.0,0.0
3.780421018600464,-0.3320075273513794,-1.643829345703125,0.0,0.0,-0.0007990542217157781,-0.1714440882205963,0.0,0.0,0.0031543417681387307,0.03392494444725062,-0.04193548858165741,0.0851258710026741,0.0,0.0,0.0,0.0
3.781878709793091,-0.3320075273513794,-1.643829345703125,0.0,0.0,-0.0007990542217157781,-0.1714440882205963,0.0,0.0,0.002799608637794272,0.03350789283537697,-0.04388098418712616,0.08498281240463257,0.0,0.0,0.0,0.0
3.783325433731079,-0.3320075273513794,-1.643829345703125,0.0,0.0,-0.0007990542217157781,-0.1714440882205963,0.0,0.0,0.002799608637794272,0.03350789283537697,-0.04388098418712616,0.08498281240463257,0.0,0.0,0.0,0.0
3.7847888469696045,-0.3320075273513794,-1.643829345703125,0.0,0.0,-0.0007990542217157781,-0.1714440882205963,0.0,0.0,0.0025263682733791906,0.03293744255954754,-0.043823763728141785,0.08918851613998413,0.0,0.0,0.0,0.0
3.7865331172943115,-0.24169181287288666,-1.021303415298462,0.0,0.0,-0.0006470968364737928,-0.17113596200942993,0.0,0.0,0.002468843957260527,0.03252039387351006,-0.04204992577433586,0.09101955592632294,0.0,0.0,0.0,0.0
3.7878823280334473,-0.24169181287288666,-1.021303415298462,0.0,0.0,-0.0006470968364737928,-0.17113596200942993,0.0,0.0,0.002468843957260527,0.03252039387351006,-0.04204992577433586,0.09101955592632294,0.0,0.0,0.0,0.0
3.7893483638763428,-0.24169181287288666,-1.021303415298462,0.0,0.0,-0.0006470968364737928,-0.17113596200942993,0.0,0.0,0.0025263682733791906,0.032577915812386844,-0.03481227159500122,0.0826081782579422,0.0,0.0,0.0,0.0
3.7908105850219727,-0.24169181287288666,-1.021303415298462,0.0,0.0,-0.0006470968364737928,-0.17113596200942993,0.0,0.0,0.0025263682733791906,0.032577915812386844,-0.03481227159500122,0.0826081782579422,0.0,0.0,0.0,0.0
3.79227352142334,-0.24169181287288666,-1.021303415298462,0.0,0.0,-0.0006470968364737928,-0.17113596200942993,0.0,0.0,0.0025263682733791906,0.0325922992229422,-0.03481227159500122,0.08037657290697098,0.0,0.0,0.0,0.0
3.7937369346618652,-0.24169181287288666,-1.021303415298462,0.0,0.0,-0.0006470968364737928,-0.17113596200942993,0.0,0.0,0.0025263682733791906,0.0325922992229422,-0.03481227159500122,0.08037657290697098,0.0,0.0,0.0,0.0
3.7953145503997803,-0.20261597633361816,-1.0643888711929321,0.0,0.0,-0.0005482251290231943,-0.17113368213176727,0.0,0.0,0.003020118302906929,0.0325922992229422,-0.02991992048919201,0.08037657290697098,0.0,0.0,0.0,0.0
3.7968060970306396,-0.20261597633361816,-1.0643888711929321,0.0,0.0,-0.0005482251290231943,-0.17113368213176727,0.0,0.0,0.003020118302906929,0.0325922992229422,-0.02991992048919201,0.08037657290697098,0.0,0.0,0.0,0.0
3.7982566356658936,-0.20261597633361816,-1.0643888711929321,0.0,0.0,-0.0005482251290231943,-0.17113368213176727,0.0,0.0,0.003643297997985471,0.033052492288973424,-0.022509872913360596,0.07514090836048126,0.0,0.0,0.0,0.0
3.799689292907715,-0.20261597633361816,-1.0643888711929321,0.0,0.0,-0.0005482251290231943,-0.17113368213176727,0.0,0.0,0.003974062678519216,0.03308125325841182,-0.016736725345253944,0.0706559270620346,0.0,0.0,0.0,0.0
3.801133155822754,-0.20261597633361816,-1.0643888711929321,0.0,0.0,-0.0005482251290231943,-0.17113368213176727,0.0,0.0,0.003974062678519216,0.03308125325841182,-0.016736725345253944,0.0706559270620346,0.0,0.0,0.0,0.0
3.8025858402252197,-0.20261597633361816,-1.0643888711929321,0.0,0.0,-0.0005482251290231943,-0.17113368213176727,0.0,0.0,0.003940506629346506,0.0330572848086011,-0.019569138064980507,0.07160007208585739,0.0,0.0,0.0,0.0
3.8039681911468506,-0.20261597633361816,-1.0643888711929321,0.0,0.0,-0.0005482251290231943,-0.17113368213176727,0.0,0.0,0.003940506629346506,0.0330572848086011,-0.019569138064980507,0.07160007208585739,0.0,0.0,0.0,0.0
3.8054182529449463,-0.24436020851135254,-1.3016904592514038,0.0,0.0,-0.000599198043346405,-0.17139367759227753,0.0,0.0,0.0041849851099993955,0.03322985940273993,-0.01725170947611332,0.06979762017726898,0.0,0.0,0.0,0.0
3.807004690170288,-0.24436020851135254,-1.3016904592514038,0.0,0.0,-0.000599198043346405,-0.17139367759227753,0.0,0.0,0.004271271309880251,0.033330525721610466,-0.01759503409266472,0.06913958489894867,0.0,0.0,0.0,0.0
3.8084557056427,-0.24436020851135254,-1.3016904592514038,0.0,0.0,-0.000599198043346405,-0.17139367759227753,0.0,0.0,0.004271271309880251,0.033330525721610466,-0.01759503409266472,0.06913958489894867,0.0,0.0,0.0,0.0
3.8098978996276855,-0.24436020851135254,-1.3016904592514038,0.0,0.0,-0.000599198043346405,-0.17139367759227753,0.0,0.0,0.004218540793442587,0.03342160700122564,-0.01263481192290783,0.06254716217517853,0.0,0.0,0.0,0.0
3.811377763748169,-0.24436020851135254,-1.3016904592514038,0.0,0.0,-0.000599198043346405,-0.17139367759227753,0.0,0.0,0.004218540793442587,0.03342160700122564,-0.01263481192290783,0.06254716217517853,0.0,0.0,0.0,0.0
3.8128864765167236,-0.24436020851135254,-1.3016904592514038,0.0,0.0,-0.000599198043346405,-0.17139367759227753,0.0,0.0,0.004218540793442587,0.03302852383916271,-0.01263481192290783,0.06818336993455887,0.0,0.0,0.0,0.0
3.8143763542175293,-0.24436020851135254,-1.3016904592514038,0.0,0.0,-0.000599198043346405,-0.17139367759227753,0.0,0.0,0.004218540793442587,0.03302852383916271,-0.01263481192290783,0.06818336993455887,0.0,0.0,0.0,0.0
3.816201686859131,-0.270193874835968,-1.1628735065460205,0.0,0.0,-0.0006544655770994723,-0.17145229876041412,0.0,0.0,0.0035042809159374307,0.0326306481574721,-0.021046219393610954,0.07138771563768387,0.0,0.0,0.0,0.0
3.817678451538086,-0.270193874835968,-1.1628735065460205,0.0,0.0,-0.0006544655770994723,-0.17145229876041412,0.0,0.0,0.003163929001771208,0.03257312329275916,-0.02236228995025158,0.06921333819627762,0.0,0.0,0.0,0.0
3.81913685798645,-0.270193874835968,-1.1628735065460205,0.0,0.0,-0.0006544655770994723,-0.17145229876041412,0.0,0.0,0.003163929001771208,0.03257312329275916,-0.02236228995025158,0.06921333819627762,0.0,0.0,0.0,0.0
3.8205838203430176,-0.270193874835968,-1.1628735065460205,0.0,0.0,-0.0006544655770994723,-0.17145229876041412,0.0,0.0,0.002909863470350601,0.03233343879465203,-0.016715267673134804,0.06551394611597061,0.0,0.0,0.0,0.0
3.8220314979553223,-0.270193874835968,-1.1628735065460205,0.0,0.0,-0.0006544655770994723,-0.17145229876041412,0.0,0.0,0.002909863470350601,0.03233343879465203,-0.016715267673134804,0.06551394611597061,0.0,0.0,0.0,0.0
3.8236515522003174,-0.270193874835968,-1.1628735065460205,0.0,0.0,-0.0006544655770994723,-0.17145229876041412,0.0,0.0,0.0026557979389299933,0.031906799217686875,-0.018403271213173866,0.0687469094991684,0.0,0.0,0.0,0.0
3.8254101276397705,-0.30758699774742126,-0.9204049706459045,0.0,0.0,-0.0007354126428253949,-0.17135903239250183,0.0,0.0,0.0024880187902550015,0.031930767667497584,-0.018632153049111366,0.06705890595912933,0.0,0.0,0.0,0.0
3.826866865158081,-0.30758699774742126,-0.9204049706459045,0.0,0.0,-0.0007354126428253949,-0.17135903239250183,0.0,0.0,0.0024880187902550015,0.031930767667497584,-0.018632153049111366,0.06705890595912933,0.0,0.0,0.0,0.0
3.828545570373535,-0.30758699774742126,-0.9204049706459045,0.0,0.0,-0.0007354126428253949,-0.17135903239250183,0.0,0.0,0.0025263682733791906,0.031978704567119015,-0.01803133822977543,0.06591450423002243,0.0,0.0,0.0,0.0
3.829906463623047,-0.30758699774742126,-0.9204049706459045,0.0,0.0,-0.0007354126428253949,-0.17135903239250183,0.0,0.0,0.0023825575745149113,0.031978704567119015,-0.01235286146402359,0.05986197292804718,0.0,0.0,0.0,0.0
3.8312759399414062,-0.30758699774742126,-0.9204049706459045,0.0,0.0,-0.0007354126428253949,-0.17135903239250183,0.0,0.0,0.0023825575745149113,0.031978704567119015,-0.01235286146402359,0.05986197292804718,0.0,0.0,0.0,0.0
3.832709550857544,-0.30758699774742126,-0.9204049706459045,0.0,0.0,-0.0007354126428253949,-0.17135903239250183,0.0,0.0,0.002286683775272059,0.031978704567119015,-0.01286784652620554,0.05986197292804718,0.0,0.0,0.0,0.0
3.8341457843780518,-0.30758699774742126,-0.9204049706459045,0.0,0.0,-0.0007354126428253949,-0.17135903239250183,0.0,0.0,0.002286683775272059,0.031978704567119015,-0.01286784652620554,0.05986197292804718,0.0,0.0,0.0,0.0
3.835697650909424,-0.32781392335891724,-0.8156803250312805,0.0,0.0,-0.000761627743486315,-0.17134658992290497,0.0,0.0,0.002195603592845445,0.031978704567119015,-0.013440052047371864,0.05986197292804718,0.0,0.0,0.0,0.0
3.8371431827545166,-0.32781392335891724,-0.8156803250312805,0.0,0.0,-0.000761627743486315,-0.17134658992290497,0.0,0.0,0.002219572042656158,0.031978704567119015,-0.012467303313314915,0.05986197292804718,0.0,0.0,0.0,0.0
3.838574171066284,-0.32781392335891724,-0.8156803250312805,0.0,0.0,-0.000761627743486315,-0.17134658992290497,0.0,0.0,0.002219572042656158,0.031978704567119015,-0.012467303313314915,0.05986197292804718,0.0,0.0,0.0,0.0
3.8399596214294434,-0.32781392335891724,-0.8156803250312805,0.0,0.0,-0.000761627743486315,-0.17134658992290497,0.0,0.0,0.002219572042656158,0.031978704567119015,-0.006348591763526201,0.05374467745423317,0.0,0.0,0.0,0.0
3.8415088653564453,-0.32781392335891724,-0.8156803250312805,0.0,0.0,-0.000761627743486315,-0.17134658992290497,0.0,0.0,0.002219572042656158,0.031978704567119015,-0.006348591763526201,0.05374467745423317,0.0,0.0,0.0,0.0
3.842949151992798,-0.32781392335891724,-0.8156803250312805,0.0,0.0,-0.000761627743486315,-0.17134658992290497,0.0,0.0,0.002219572042656158,0.031978704567119015,-0.006348591763526201,0.05374467745423317,0.0,0.0,0.0,0.0
3.8443870544433594,-0.32781392335891724,-0.8156803250312805,0.0,0.0,-0.000761627743486315,-0.17134658992290497,0.0,0.0,0.002219572042656158,0.031978704567119015,-0.006348591763526201,0.05374467745423317,0.0,0.0,0.0,0.0
3.8458454608917236,-0.2972981929779053,-0.8791916370391846,0.0,0.0,-0.000724441313650459,-0.17147953808307648,0.0,0.0,0.002219572042656158,0.031978704567119015,-0.006348591763526201,0.05374467745423317,0.0,0.0,0.0,0.0
3.847280502319336,-0.2972981929779053,-0.8791916370391846,0.0,0.0,-0.000724441313650459,-0.17147953808307648,0.0,0.0,0.0020997297936025923,0.031978704567119015,-0.007864934392273426,0.05374467745423317,0.0,0.0,0.0,0.0
3.8487114906311035,-0.2972981929779053,-0.8791916370391846,0.0,0.0,-0.000724441313650459,-0.17147953808307648,0.0,0.0,0.0020997297936025923,0.031978704567119015,-0.007864934392273426,0.05374467745423317,0.0,0.0,0.0,0.0
3.8501393795013428,-0.2972981929779053,-0.8791916370391846,0.0,0.0,-0.000724441313650459,-0.17147953808307648,0.0,0.0,0.00200385599435974,0.031978704567119015,-0.002432415261864662,0.047710634768009186,0.0,0.0,0.0,0.0
3.8516647815704346,-0.2972981929779053,-0.8791916370391846,0.0,0.0,-0.000724441313650459,-0.17147953808307648,0.0,0.0,0.001692266146820469,0.031978704567119015,-0.005865642800927162,0.047710634768009186,0.0,0.0,0.0,0.0
3.85310435295105,-0.2972981929779053,-0.8791916370391846,0.0,0.0,-0.000724441313650459,-0.17147953808307648,0.0,0.0,0.001692266146820469,0.031978704567119015,-0.005865642800927162,0.047710634768009186,0.0,0.0,0.0,0.0
3.854552745819092,-0.2972981929779053,-0.8791916370391846,0.0,0.0,-0.000724441313650459,-0.17147953808307648,0.0,0.0,0.0016011861472586151,0.031978704567119015,-0.006151745095849037,0.047710634768009186,0.0,0.0,0.0,0.0
3.855933427810669,-0.27696433663368225,-0.7335887551307678,0.0,0.0,-0.0006866417243145406,-0.17149442434310913,0.0,0.0,0.0016011861472586151,0.031978704567119015,-0.006151745095849037,0.047710634768009186,0.0,0.0,0.0,0.0
3.857372522354126,-0.27696433663368225,-0.7335887551307678,0.0,0.0,-0.0006866417243145406,-0.17149442434310913,0.0,0.0,0.0013375331079083905,0.031858862318065444,-0.007181713357567787,0.04925557225942612,0.0,0.0,0.0,0.0
3.858816146850586,-0.27696433663368225,-0.7335887551307678,0.0,0.0,-0.0006866417243145406,-0.17149442434310913,0.0,0.0,0.0013375331079083905,0.031858862318065444,-0.007181713357567787,0.04925557225942612,0.0,0.0,0.0,0.0
3.8605403900146484,-0.27696433663368225,-0.7335887551307678,0.0,0.0,-0.0006866417243145406,-0.17149442434310913,0.0,0.0,0.0012704214667248698,0.031475367121094035,-0.0007936717593111098,0.04810462146997452,0.0,0.0,0.0,0.0
3.8619613647460938,-0.27696433663368225,-0.7335887551307678,0.0,0.0,-0.0006866417243145406,-0.17149442434310913,0.0,0.0,0.0012991836247842014,0.03110625533467798,0.00023629653151147068,0.05007873475551605,0.0,0.0,0.0,0.0
3.8633739948272705,-0.27696433663368225,-0.7335887551307678,0.0,0.0,-0.0006866417243145406,-0.17149442434310913,0.0,0.0,0.0012991836247842014,0.03110625533467798,0.00023629653151147068,0.05007873475551605,0.0,0.0,0.0,0.0
3.864805221557617,-0.27696433663368225,-0.7335887551307678,0.0,0.0,-0.0006866417243145406,-0.17149442434310913,0.0,0.0,0.001136198184357828,0.031053522989592717,-0.0015375377843156457,0.04930625483393669,0.0,0.0,0.0,0.0
3.866546630859375,-0.27877143025398254,-0.6059273481369019,0.0,0.0,-0.0006809306214563549,-0.17149776220321655,0.0,0.0,0.0010355306768663568,0.031058318435056555,-0.002166963182389736,0.04716048389673233,0.0,0.0,0.0,0.0
3.867866277694702,-0.27877143025398254,-0.6059273481369019,0.0,0.0,-0.0006809306214563549,-0.17149776220321655,0.0,0.0,0.0010355306768663568,0.031058318435056555,-0.002166963182389736,0.04716048389673233,0.0,0.0,0.0,0.0
3.8693034648895264,-0.27877143025398254,-0.6059273481369019,0.0,0.0,-0.0006809306214563549,-0.17149776220321655,0.0,0.0,0.0009348631693748857,0.031058318435056555,0.003294165711849928,0.04112500697374344,0.0,0.0,0.0,0.0
3.870744228363037,-0.27877143025398254,-0.6059273481369019,0.0,0.0,-0.0006809306214563549,-0.17149776220321655,0.0,0.0,0.0009348631693748857,0.031058318435056555,0.003294165711849928,0.04112500697374344,0.0,0.0,0.0,0.0
3.8721697330474854,-0.27877143025398254,-0.6059273481369019,0.0,0.0,-0.0006809306214563549,-0.17149776220321655,0.0,0.0,0.0009923874854935492,0.031058318435056555,0.004438575357198715,0.04112500697374344,0.0,0.0,0.0,0.0
3.8735852241516113,-0.27877143025398254,-0.6059273481369019,0.0,0.0,-0.0006809306214563549,-0.17149776220321655,0.0,0.0,0.0009923874854935492,0.031058318435056555,0.004438575357198715,0.04112500697374344,0.0,0.0,0.0,0.0
3.875446319580078,-0.24596236646175385,-0.540204644203186,0.0,0.0,-0.0006358050159178674,-0.1715240478515625,0.0,0.0,0.0009923874854935492,0.031058318435056555,0.004438575357198715,0.04112500697374344,0.0,0.0,0.0,0.0
3.876803159713745,-0.24596236646175385,-0.540204644203186,0.0,0.0,-0.0006358050159178674,-0.1715240478515625,0.0,0.0,0.0009923874854935492,0.031058318435056555,0.004438575357198715,0.04112500697374344,0.0,0.0,0.0,0.0
3.878124475479126,-0.24596236646175385,-0.540204644203186,0.0,0.0,-0.0006358050159178674,-0.1715240478515625,0.0,0.0,0.0009923874854935492,0.031058318435056555,0.004438575357198715,0.04112500697374344,0.0,0.0,0.0,0.0
3.879530906677246,-0.24596236646175385,-0.540204644203186,0.0,0.0,-0.0006358050159178674,-0.1715240478515625,0.0,0.0,0.0009923874854935492,0.031058318435056555,0.010466217994689941,0.035098087042570114,0.0,0.0,0.0,0.0
3.88093638420105,-0.24596236646175385,-0.540204644203186,0.0,0.0,-0.0006358050159178674,-0.1715240478515625,0.0,0.0,0.0009923874854935492,0.031058318435056555,0.010466217994689941,0.035098087042570114,0.0,0.0,0.0,0.0
3.882549285888672,-0.24596236646175385,-0.540204644203186,0.0,0.0,-0.0006358050159178674,-0.1715240478515625,0.0,0.0,0.0009923874854935492,0.031058318435056555,0.010466217994689941,0.035098087042570114,0.0,0.0,0.0,0.0
3.8838582038879395,-0.24596236646175385,-0.540204644203186,0.0,0.0,-0.0006358050159178674,-0.1715240478515625,0.0,0.0,0.0008485767866292704,0.031058318435056555,0.008778213523328304,0.035098087042570114,0.0,0.0,0.0,0.0
3.8854000568389893,-0.2952154278755188,-0.5020495057106018,0.0,0.0,-0.0006771511980332434,-0.1715865284204483,0.0,0.0,0.0008485767866292704,0.031058318435056555,0.008778213523328304,0.035098087042570114,0.0,0.0,0.0,0.0
3.8870036602020264,-0.2952154278755188,-0.5020495057106018,0.0,0.0,-0.0006771511980332434,-0.1715865284204483,0.0,0.0,0.0007574966499188465,0.03096723715544138,0.00826322939246893,0.035098087042570114,0.0,0.0,0.0,0.0
3.8886470794677734,-0.2952154278755188,-0.5020495057106018,0.0,0.0,-0.0006771511980332434,-0.1715865284204483,0.0,0.0,0.00041235098178781513,0.03086657083657085,0.010551469400525093,0.03103671781718731,0.0,0.0,0.0,0.0
3.8900835514068604,-0.2952154278755188,-0.5020495057106018,0.0,0.0,-0.0006771511980332434,-0.1715865284204483,0.0,0.0,0.00041235098178781513,0.03086657083657085,0.010551469400525093,0.03103671781718731,0.0,0.0,0.0,0.0
3.8915531635284424,-0.2952154278755188,-0.5020495057106018,0.0,0.0,-0.0006771511980332434,-0.1715865284204483,0.0,0.0,0.00035962037391777023,0.030785077522047195,0.01058007963001728,0.031551700085401535,0.0,0.0,0.0,0.0
3.893007755279541,-0.2952154278755188,-0.5020495057106018,0.0,0.0,-0.0006771511980332434,-0.1715865284204483,0.0,0.0,0.00035962037391777023,0.030785077522047195,0.01058007963001728,0.031551700085401535,0.0,0.0,0.0,0.0
3.894672155380249,-0.2952154278755188,-0.5020495057106018,0.0,0.0,-0.0006771511980332434,-0.1715865284204483,0.0,0.0,-0.00018686028633810843,0.030531012539220866,0.005172744859009981,0.033811911940574646,0.0,0.0,0.0,0.0
3.896134614944458,-0.2669253647327423,-0.3693316876888275,0.0,0.0,-0.0006550453836098313,-0.171604186296463,0.0,0.0,-0.00029232145636200825,0.03024339114149231,0.007232682313770056,0.03641544654965401,0.0,0.0,0.0,0.0
3.8976023197174072,-0.2669253647327423,-0.3693316876888275,0.0,0.0,-0.0006550453836098313,-0.171604186296463,0.0,0.0,-0.00029232145636200825,0.03024339114149231,0.007232682313770056,0.03641544654965401,0.0,0.0,0.0,0.0
3.8990721702575684,-0.2669253647327423,-0.3693316876888275,0.0,0.0,-0.0006550453836098313,-0.171604186296463,0.0,0.0,-0.0005032438192679029,0.029941386333208395,0.011947100050747395,0.038132064044475555,0.0,0.0,0.0,0.0
3.9005558490753174,-0.2669253647327423,-0.3693316876888275,0.0,0.0,-0.0006550453836098313,-0.171604186296463,0.0,0.0,-0.0005032438192679029,0.029941386333208395,0.011947100050747395,0.038132064044475555,0.0,0.0,0.0,0.0
3.90203595161438,-0.2669253647327423,-0.3693316876888275,0.0,0.0,-0.0006550453836098313,-0.171604186296463,0.0,0.0,-0.000579942876948661,0.029764022145278044,0.012347642332315445,0.032416291534900665,0.0,0.0,0.0,0.0
3.9036989212036133,-0.2669253647327423,-0.3693316876888275,0.0,0.0,-0.0006550453836098313,-0.171604186296463,0.0,0.0,-0.000824421083304411,0.029567479101328502,0.010030213743448257,0.033532094210386276,0.0,0.0,0.0,0.0
3.9051902294158936,-0.2669253647327423,-0.3693316876888275,0.0,0.0,-0.0006550453836098313,-0.171604186296463,0.0,0.0,-0.000824421083304411,0.029567479101328502,0.010030213743448257,0.033532094210386276,0.0,0.0,0.0,0.0
3.906677722930908,-0.26646506786346436,-0.24764229357242584,0.0,0.0,-0.0006550453836098313,-0.171604186296463,0.0,0.0,-0.0009826128154821658,0.029490781232268684,0.010459368117153645,0.033217377960681915,0.0,0.0,0.0,0.0
3.908163547515869,-0.26646506786346436,-0.24764229357242584,0.0,0.0,-0.0006550453836098313,-0.171604186296463,0.0,0.0,-0.0009826128154821658,0.029490781232268684,0.010459368117153645,0.033217377960681915,0.0,0.0,0.0,0.0
3.909959077835083,-0.26646506786346436,-0.24764229357242584,0.0,0.0,-0.0006550453836098313,-0.171604186296463,0.0,0.0,-0.001174360413967871,0.028896362506628533,0.013972155749797821,0.03436734154820442,0.0,0.0,0.0,0.0
3.9113900661468506,-0.26646506786346436,-0.24764229357242584,0.0,0.0,-0.0006550453836098313,-0.171604186296463,0.0,0.0,-0.0012222973135892971,0.028896362506628533,0.014544360339641571,0.030733849853277206,0.0,0.0,0.0,0.0
3.912838935852051,-0.26646506786346436,-0.24764229357242584,0.0,0.0,-0.0006550453836098313,-0.171604186296463,0.0,0.0,-0.0012222973135892971,0.028896362506628533,0.014544360339641571,0.030733849853277206,0.0,0.0,0.0,0.0
3.9145379066467285,-0.26646506786346436,-0.24764229357242584,0.0,0.0,-0.0006550453836098313,-0.171604186296463,0.0,0.0,-0.0011551856724057764,0.02891074299134773,0.015745989978313446,0.029818324372172356,0.0,0.0,0.0,0.0
3.915898323059082,-0.2462194561958313,-0.21075597405433655,0.0,0.0,-0.0006243597017601132,-0.17164918780326843,0.0,0.0,-0.001289408954772818,0.02891074299134773,0.014086596667766571,0.029818324372172356,0.0,0.0,0.0,0.0
3.9173264503479004,-0.2462194561958313,-0.21075597405433655,0.0,0.0,-0.0006243597017601132,-0.17164918780326843,0.0,0.0,-0.001289408954772818,0.02891074299134773,0.014086596667766571,0.029818324372172356,0.0,0.0,0.0,0.0
3.918769598007202,-0.2462194561958313,-0.21075597405433655,0.0,0.0,-0.0006243597017601132,-0.17164918780326843,0.0,0.0,-0.0013900764622642892,0.02891074299134773,0.013543001376092434,0.029818324372172356,0.0,0.0,0.0,0.0
3.9202327728271484,-0.2462194561958313,-0.21075597405433655,0.0,0.0,-0.0006243597017601132,-0.17164918780326843,0.0,0.0,-0.0013900764622642892,0.02891074299134773,0.013543001376092434,0.029818324372172356,0.0,0.0,0.0,0.0
3.9216723442077637,-0.2462194561958313,-0.21075597405433655,0.0,0.0,-0.0006243597017601132,-0.17164918780326843,0.0,0.0,-0.0014811565532585232,0.02891074299134773,0.018958445638418198,0.023802774026989937,0.0,0.0,0.0,0.0
3.9231271743774414,-0.2462194561958313,-0.21075597405433655,0.0,0.0,-0.0006243597017601132,-0.17164918780326843,0.0,0.0,-0.0014619818116964286,0.028757347253228094,0.019931191578507423,0.025547988712787628,0.0,0.0,0.0,0.0
3.924574851989746,-0.2462194561958313,-0.21075597405433655,0.0,0.0,-0.0006243597017601132,-0.17164918780326843,0.0,0.0,-0.0014619818116964286,0.028757347253228094,0.019931191578507423,0.025547988712787628,0.0,0.0,0.0,0.0
3.92604923248291,-0.26138079166412354,-0.2014586478471756,0.0,0.0,-0.0006316742510534823,-0.17174632847309113,0.0,0.0,-0.0015434745776258052,0.028230041357392405,0.019931191578507423,0.031184211373329163,0.0,0.0,0.0,0.0
3.9275386333465576,-0.26138079166412354,-0.2014586478471756,0.0,0.0,-0.0006316742510534823,-0.17174632847309113,0.0,0.0,-0.0015434745776258052,0.028230041357392405,0.019931191578507423,0.031184211373329163,0.0,0.0,0.0,0.0
3.929007053375244,-0.26138079166412354,-0.2014586478471756,0.0,0.0,-0.0006316742510534823,-0.17174632847309113,0.0,0.0,-0.0016441419936848965,0.028268390291922314,0.01804291643202305,0.028494836762547493,0.0,0.0,0.0,0.0
3.930473804473877,-0.26138079166412354,-0.2014586478471756,0.0,0.0,-0.0006316742510534823,-0.17174632847309113,0.0,0.0,-0.0016441419936848965,0.028268390291922314,0.01804291643202305,0.028494836762547493,0.0,0.0,0.0,0.0
3.9318549633026123,-0.26138079166412354,-0.2014586478471756,0.0,0.0,-0.0006316742510534823,-0.17174632847309113,0.0,0.0,-0.0017496032094249864,0.02800473734400447,0.023458361625671387,0.024851810187101364,0.0,0.0,0.0,0.0
3.933568239212036,-0.26138079166412354,-0.2014586478471756,0.0,0.0,-0.0006316742510534823,-0.17174632847309113,0.0,0.0,-0.0018358895921706017,0.027836958195329477,0.022886157035827637,0.02591039426624775,0.0,0.0,0.0,0.0
3.9350523948669434,-0.26138079166412354,-0.2014586478471756,0.0,0.0,-0.0006316742510534823,-0.17174632847309113,0.0,0.0,-0.0018358895921706017,0.027836958195329477,0.022886157035827637,0.02591039426624775,0.0,0.0,0.0,0.0
3.9368858337402344,-0.26413434743881226,-0.1622185856103897,0.0,0.0,-0.0006513262051157653,-0.17182113230228424,0.0,0.0,-0.0018886202914730266,0.027645210596843772,0.02260005474090576,0.02694035694003105,0.0,0.0,0.0,0.0
3.938375234603882,-0.26413434743881226,-0.1622185856103897,0.0,0.0,-0.0006513262051157653,-0.17182113230228424,0.0,0.0,-0.0018886202914730266,0.027645210596843772,0.02260005474090576,0.02694035694003105,0.0,0.0,0.0,0.0
3.9402072429656982,-0.26413434743881226,-0.1622185856103897,0.0,0.0,-0.0006513262051157653,-0.17182113230228424,0.0,0.0,-0.002166654272704347,0.027357589199115212,0.021999241784214973,0.0281992107629776,0.0,0.0,0.0,0.0
3.9416418075561523,-0.26413434743881226,-0.1622185856103897,0.0,0.0,-0.0006513262051157653,-0.17182113230228424,0.0,0.0,-0.0024542756704329046,0.02670564560876212,0.023460783064365387,0.030429117381572723,0.0,0.0,0.0,0.0
3.9433493614196777,-0.26413434743881226,-0.1622185856103897,0.0,0.0,-0.0006513262051157653,-0.17182113230228424,0.0,0.0,-0.0027323096516642252,0.02628859692272464,0.021801386028528214,0.03143046051263809,0.0,0.0,0.0,0.0
3.944805383682251,-0.26413434743881226,-0.1622185856103897,0.0,0.0,-0.0006513262051157653,-0.17182113230228424,0.0,0.0,-0.0027323096516642252,0.02628859692272464,0.021801386028528214,0.03143046051263809,0.0,0.0,0.0,0.0
3.946286678314209,-0.24902796745300293,-0.04792625457048416,0.0,0.0,-0.0006278564687818289,-0.1718333512544632,0.0,0.0,-0.002837770867404315,0.025962623664630015,0.023489391431212425,0.03280375152826309,0.0,0.0,0.0,0.0
3.947648525238037,-0.24902796745300293,-0.04792625457048416,0.0,0.0,-0.0006278564687818289,-0.1718333512544632,0.0,0.0,-0.002837770867404315,0.025962623664630015,0.023489391431212425,0.03280375152826309,0.0,0.0,0.0,0.0
3.9490442276000977,-0.24902796745300293,-0.04792625457048416,0.0,0.0,-0.0006278564687818289,-0.1718333512544632,0.0,0.0,-0.0030295184658900203,0.025579128467658602,0.027019407600164413,0.02895902656018734,0.0,0.0,0.0,0.0
3.950500011444092,-0.24902796745300293,-0.04792625457048416,0.0,0.0,-0.0006278564687818289,-0.1718333512544632,0.0,0.0,-0.0030295184658900203,0.025579128467658602,0.027019407600164413,0.02895902656018734,0.0,0.0,0.0,0.0
3.9518840312957764,-0.24902796745300293,-0.04792625457048416,0.0,0.0,-0.0006278564687818289,-0.1718333512544632,0.0,0.0,-0.003182916581251536,0.025162079781621122,0.026103880256414413,0.0314481183886528,0.0,0.0,0.0,0.0
3.953386068344116,-0.24902796745300293,-0.04792625457048416,0.0,0.0,-0.0006278564687818289,-0.1718333512544632,0.0,0.0,-0.003182916581251536,0.025162079781621122,0.026103880256414413,0.0314481183886528,0.0,0.0,0.0,0.0
3.9548614025115967,-0.24902796745300293,-0.04792625457048416,0.0,0.0,-0.0006278564687818289,-0.1718333512544632,0.0,0.0,-0.00348491882942881,0.024644358925040792,0.02341451682150364,0.03522466868162155,0.0,0.0,0.0,0.0
3.9563350677490234,-0.28110191226005554,-0.012925821356475353,0.0,0.0,-0.0006829033955000341,-0.17189140617847443,0.0,0.0,-0.0039019700755729306,0.02409308604231247,0.02032461389899254,0.03948758915066719,0.0,0.0,0.0,0.0
3.957796096801758,-0.28110191226005554,-0.012925821356475353,0.0,0.0,-0.0006829033955000341,-0.17189140617847443,0.0,0.0,-0.0039019700755729306,0.02409308604231247,0.02032461389899254,0.03948758915066719,0.0,0.0,0.0,0.0
3.959275484085083,-0.28110191226005554,-0.012925821356475353,0.0,0.0,-0.0006829033955000341,-0.17189140617847443,0.0,0.0,-0.0040793364578804,0.023642479478454676,0.027205022051930428,0.033464062958955765,0.0,0.0,0.0,0.0
3.9606947898864746,-0.28110191226005554,-0.012925821356475353,0.0,0.0,-0.0006829033955000341,-0.17189140617847443,0.0,0.0,-0.0040793364578804,0.023642479478454676,0.027205022051930428,0.033464062958955765,0.0,0.0,0.0,0.0
3.9623780250549316,-0.28110191226005554,-0.012925821356475353,0.0,0.0,-0.0006829033955000341,-0.17189140617847443,0.0,0.0,-0.004376545454970955,0.022774821302723243,0.025431189686059952,0.04430733993649483,0.0,0.0,0.0,0.0
3.9638190269470215,-0.28110191226005554,-0.012925821356475353,0.0,0.0,-0.0006829033955000341,-0.17189140617847443,0.0,0.0,-0.004649785636521277,0.022094116742931758,0.022455725818872452,0.04708253964781761,0.0,0.0,0.0,0.0
3.965160846710205,-0.28110191226005554,-0.012925821356475353,0.0,0.0,-0.0006829033955000341,-0.17189140617847443,0.0,0.0,-0.004649785636521277,0.022094116742931758,0.022455725818872452,0.04708253964781761,0.0,0.0,0.0,0.0
3.9664554595947266,-0.3136243522167206,-0.06884315609931946,0.0,0.0,-0.0007343917386606336,-0.17199064791202545,0.0,0.0,-0.005181885149173205,0.02115455321776819,0.01790669932961464,0.0530620738863945,0.0,0.0,0.0,0.0
3.9676990509033203,-0.3136243522167206,-0.06884315609931946,0.0,0.0,-0.0007343917386606336,-0.17199064791202545,0.0,0.0,-0.005181885149173205,0.02115455321776819,0.01790669932961464,0.0530620738863945,0.0,0.0,0.0,0.0
3.9689478874206543,-0.3136243522167206,-0.06884315609931946,0.0,0.0,-0.0007343917386606336,-0.17199064791202545,0.0,0.0,-0.005507856212890711,0.019874638875626953,0.015274557285010815,0.06155931577086449,0.0,0.0,0.0,0.0
3.970200777053833,-0.3136243522167206,-0.06884315609931946,0.0,0.0,-0.0007343917386606336,-0.17199064791202545,0.0,0.0,-0.005507856212890711,0.019874638875626953,0.015274557285010815,0.06155931577086449,0.0,0.0,0.0,0.0
3.9714608192443848,-0.3136243522167206,-0.06884315609931946,0.0,0.0,-0.0007343917386606336,-0.17199064791202545,0.0,0.0,-0.0060543369417208745,0.01874332775197768,0.018567152321338654,0.06261760741472244,0.0,0.0,0.0,0.0
3.9727330207824707,-0.3136243522167206,-0.06884315609931946,0.0,0.0,-0.0007343917386606336,-0.17199064791202545,0.0,0.0,-0.0060543369417208745,0.01874332775197768,0.018567152321338654,0.06261760741472244,0.0,0.0,0.0,0.0
3.9740121364593506,-0.3136243522167206,-0.06884315609931946,0.0,0.0,-0.0007343917386606336,-0.17199064791202545,0.0,0.0,-0.006552880405200093,0.017736652859927725,0.01544863823801279,0.06879742443561554,0.0,0.0,0.0,0.0
3.9757654666900635,-0.33464834094047546,-0.05222363770008087,0.0,0.0,-0.0008049982716329396,-0.172103151679039,0.0,0.0,-0.007166472866646157,0.01635607073599788,0.010956831276416779,0.07901127636432648,0.0,0.0,0.0,0.0
3.977074146270752,-0.33464834094047546,-0.05222363770008087,0.0,0.0,-0.0008049982716329396,-0.172103151679039,0.0,0.0,-0.007166472866646157,0.01635607073599788,0.010956831276416779,0.07901127636432648,0.0,0.0,0.0,0.0
3.9786765575408936,-0.33464834094047546,-0.05222363770008087,0.0,0.0,-0.0008049982716329396,-0.172103151679039,0.0,0.0,-0.007880732378421792,0.0147501845986801,0.011860542930662632,0.08128329366445541,0.0,0.0,0.0,0.0
3.9800684452056885,-0.33464834094047546,-0.05222363770008087,0.0,0.0,-0.0008049982716329396,-0.172103151679039,0.0,0.0,-0.007880732378421792,0.0147501845986801,0.011860542930662632,0.08128329366445541,0.0,0.0,0.0,0.0
3.9814836978912354,-0.33464834094047546,-0.05222363770008087,0.0,0.0,-0.0008049982716329396,-0.172103151679039,0.0,0.0,-0.008839470370850318,0.012986105814860765,0.0047365957871079445,0.09696169942617416,0.0,0.0,0.0,0.0
3.9828853607177734,-0.33464834094047546,-0.05222363770008087,0.0,0.0,-0.0008049982716329396,-0.172103151679039,0.0,0.0,-0.008839470370850318,0.012986105814860765,0.0047365957871079445,0.09696169942617416,0.0,0.0,0.0,0.0
3.9842162132263184,-0.33464834094047546,-0.05222363770008087,0.0,0.0,-0.0008049982716329396,-0.172103151679039,0.0,0.0,-0.009611254747338897,0.011308314328110846,-0.00012714341573882848,0.10417146980762482,0.0,0.0,0.0,0.0
3.9858667850494385,-0.40578579902648926,-0.18764501810073853,0.0,0.0,-0.0009086413774639368,-0.17228062450885773,0.0,0.0,-0.010589167207032377,0.00982227043984663,-0.005191152915358543,0.11624499410390854,0.0,0.0,0.0,0.0
3.987337112426758,-0.40578579902648926,-0.18764501810073853,0.0,0.0,-0.0009086413774639368,-0.17228062450885773,0.0,0.0,-0.010589167207032377,0.00982227043984663,-0.005191152915358543,0.11624499410390854,0.0,0.0,0.0,0.0
3.9888908863067627,-0.40578579902648926,-0.18764501810073853,0.0,0.0,-0.0009086413774639368,-0.17228062450885773,0.0,0.0,-0.011365745566066716,0.008364988983938887,-0.005114289000630379,0.11725388467311859,0.0,0.0,0.0,0.0
3.9902923107147217,-0.40578579902648926,-0.18764501810073853,0.0,0.0,-0.0009086413774639368,-0.17228062450885773,0.0,0.0,-0.011365745566066716,0.008364988983938887,-0.005114289000630379,0.11725388467311859,0.0,0.0,0.0,0.0
3.991652011871338,-0.40578579902648926,-0.18764501810073853,0.0,0.0,-0.0009086413774639368,-0.17228062450885773,0.0,0.0,-0.012276546658873814,0.007142598043592517,-0.009520266205072403,0.12246094644069672,0.0,0.0,0.0,0.0
3.993044137954712,-0.40578579902648926,-0.18764501810073853,0.0,0.0,-0.0009086413774639368,-0.17228062450885773,0.0,0.0,-0.012276546658873814,0.007142598043592517,-0.009520266205072403,0.12246094644069672,0.0,0.0,0.0,0.0
3.9943559169769287,-0.40578579902648926,-0.18764501810073853,0.0,0.0,-0.0009086413774639368,-0.17228062450885773,0.0,0.0,-0.013139410852059488,0.006270146616774366,-0.015185088850557804,0.12517891824245453,0.0,0.0,0.0,0.0
3.9956274032592773,-0.4732956290245056,-0.4391007721424103,0.0,0.0,-0.001113260630518198,-0.1725635826587677,0.0,0.0,-0.013139410852059488,0.006270146616774366,-0.015185088850557804,0.12517891824245453,0.0,0.0,0.0,0.0
3.9969632625579834,-0.4732956290245056,-0.4391007721424103,0.0,0.0,-0.001113260630518198,-0.1725635826587677,0.0,0.0,-0.013925575713267264,0.005642172939150066,-0.01884719915688038,0.12726746499538422,0.0,0.0,0.0,0.0
3.998422145843506,-0.4732956290245056,-0.4391007721424103,0.0,0.0,-0.001113260630518198,-0.1725635826587677,0.0,0.0,-0.014711740574475038,0.0055846488058961625,-0.01907350681722164,0.1178535595536232,0.0,0.0,0.0,0.0
3.9996721744537354,-0.4732956290245056,-0.4391007721424103,0.0,0.0,-0.001113260630518198,-0.1725635826587677,0.0,0.0,-0.014711740574475038,0.0055846488058961625,-0.01907350681722164,0.1178535595536232,0.0,0.0,0.0,0.0
4.0009605884552,-0.4732956290245056,-0.4391007721424103,0.0,0.0,-0.001113260630518198,-0.1725635826587677,0.0,0.0,-0.014711740574475038,0.0055846488058961625,-0.01907350681722164,0.1178535595536232,0.0,0.0,0.0,0.0
4.002219915390015,-0.4732956290245056,-0.4391007721424103,0.0,0.0,-0.001113260630518198,-0.1725635826587677,0.0,0.0,-0.01519590355323506,0.005536711906274736,-0.018816018477082253,0.11610834300518036,0.0,0.0,0.0,0.0
4.003548860549927,-0.4732956290245056,-0.4391007721424103,0.0,0.0,-0.001113260630518198,-0.1725635826587677,0.0,0.0,-0.015728003431616507,0.00559423603952864,-0.020847341045737267,0.11493531614542007,0.0,0.0,0.0,0.0
4.004812955856323,-0.4732956290245056,-0.4391007721424103,0.0,0.0,-0.001113260630518198,-0.1725635826587677,0.0,0.0,-0.015728003431616507,0.00559423603952864,-0.020847341045737267,0.11493531614542007,0.0,0.0,0.0,0.0
4.006119251251221,-0.5951849222183228,-0.9186879992485046,0.0,0.0,-0.0013730813516303897,-0.17298780381679535,0.0,0.0,-0.01609711668095064,0.00559423603952864,-0.02367975190281868,0.11493531614542007,0.0,0.0,0.0,0.0
4.007397890090942,-0.5951849222183228,-0.9186879992485046,0.0,0.0,-0.0013730813516303897,-0.17298780381679535,0.0,0.0,-0.01609711668095064,0.00559423603952864,-0.02367975190281868,0.11493531614542007,0.0,0.0,0.0,0.0
4.008724689483643,-0.5951849222183228,-0.9186879992485046,0.0,0.0,-0.0013730813516303897,-0.17298780381679535,0.0,0.0,-0.01655251722735419,0.005881857437257197,-0.026655223220586777,0.11216011643409729,0.0,0.0,0.0,0.0
4.0100343227386475,-0.5951849222183228,-0.9186879992485046,0.0,0.0,-0.0013730813516303897,-0.17298780381679535,0.0,0.0,-0.01655251722735419,0.005881857437257197,-0.026655223220586777,0.11216011643409729,0.0,0.0,0.0,0.0
4.01133918762207,-0.5951849222183228,-0.9186879992485046,0.0,0.0,-0.0013730813516303897,-0.17298780381679535,0.0,0.0,-0.01701750573884926,0.006917294761663621,-0.023093298077583313,0.09414860606193542,0.0,0.0,0.0,0.0
4.012631177902222,-0.5951849222183228,-0.9186879992485046,0.0,0.0,-0.0013730813516303897,-0.17298780381679535,0.0,0.0,-0.01701750573884926,0.006917294761663621,-0.023093298077583313,0.09414860606193542,0.0,0.0,0.0,0.0
4.013932943344116,-0.5951849222183228,-0.9186879992485046,0.0,0.0,-0.0013730813516303897,-0.17298780381679535,0.0,0.0,-0.017535223669593432,0.007497330808207456,-0.0262118112295866,0.09203144907951355,0.0,0.0,0.0,0.0
4.015193462371826,-0.5951849222183228,-0.9186879992485046,0.0,0.0,-0.0013730813516303897,-0.17298780381679535,0.0,0.0,-0.017535223669593432,0.007497330808207456,-0.0262118112295866,0.09203144907951355,0.0,0.0,0.0,0.0
4.0166566371917725,-0.6631340384483337,-1.311891794204712,0.0,0.0,-0.0015854784287512302,-0.17345009744167328,0.0,0.0,-0.018038561115618405,0.008235559501252845,-0.029044222086668015,0.08742520213127136,0.0,0.0,0.0,0.0
4.017864465713501,-0.6631340384483337,-1.311891794204712,0.0,0.0,-0.0015854784287512302,-0.17345009744167328,0.0,0.0,-0.018038561115618405,0.008235559501252845,-0.029044222086668015,0.08742520213127136,0.0,0.0,0.0,0.0
4.019124269485474,-0.6631340384483337,-1.311891794204712,0.0,0.0,-0.0015854784287512302,-0.17345009744167328,0.0,0.0,-0.01868091674087998,0.008849151962698908,-0.029373595491051674,0.07728394865989685,0.0,0.0,0.0,0.0
4.020390748977661,-0.6631340384483337,-1.311891794204712,0.0,0.0,-0.0015854784287512302,-0.17345009744167328,0.0,0.0,-0.01868091674087998,0.008849151962698908,-0.029373595491051674,0.07728394865989685,0.0,0.0,0.0,0.0
4.021618366241455,-0.6631340384483337,-1.311891794204712,0.0,0.0,-0.0015854784287512302,-0.17345009744167328,0.0,0.0,-0.01946708160208776,0.00912718539533595,-0.0326351635158062,0.07731255888938904,0.0,0.0,0.0,0.0
4.022843360900879,-0.6631340384483337,-1.311891794204712,0.0,0.0,-0.0015854784287512302,-0.17345009744167328,0.0,0.0,-0.01946708160208776,0.00912718539533595,-0.0326351635158062,0.07731255888938904,0.0,0.0,0.0,0.0
4.024068832397461,-0.6631340384483337,-1.311891794204712,0.0,0.0,-0.0015854784287512302,-0.17345009744167328,0.0,0.0,-0.02015257868150692,0.009323726976367413,-0.03852887079119682,0.07834251970052719,0.0,0.0,0.0,0.0
4.025482177734375,-0.5715633630752563,-1.3407424688339233,0.0,0.0,-0.0014734722208231688,-0.17367781698703766,0.0,0.0,-0.02015257868150692,0.009323726976367413,-0.03852887079119682,0.07834251970052719,0.0,0.0,0.0,0.0
4.026700973510742,-0.5715633630752563,-1.3407424688339233,0.0,0.0,-0.0014734722208231688,-0.17367781698703766,0.0,0.0,-0.02099626840742764,0.009491506125042405,-0.04442258179187775,0.0780850350856781,0.0,0.0,0.0,0.0
4.0279295444488525,-0.5715633630752563,-1.3407424688339233,0.0,0.0,-0.0014734722208231688,-0.17367781698703766,0.0,0.0,-0.02099626840742764,0.009491506125042405,-0.04442258179187775,0.0780850350856781,0.0,0.0,0.0,0.0
4.029226064682007,-0.5715633630752563,-1.3407424688339233,0.0,0.0,-0.0014734722208231688,-0.17367781698703766,0.0,0.0,-0.021739290351559748,0.009433981991788501,-0.04879993945360184,0.0787716805934906,0.0,0.0,0.0,0.0
4.030469655990601,-0.5715633630752563,-1.3407424688339233,0.0,0.0,-0.0014734722208231688,-0.17367781698703766,0.0,0.0,-0.021739290351559748,0.009433981991788501,-0.04879993945360184,0.0787716805934906,0.0,0.0,0.0,0.0
4.031923532485962,-0.5715633630752563,-1.3407424688339233,0.0,0.0,-0.0014734722208231688,-0.17367781698703766,0.0,0.0,-0.022472724330600338,0.009433981991788501,-0.04550165310502052,0.07407218962907791,0.0,0.0,0.0,0.0
4.033226490020752,-0.5715633630752563,-1.3407424688339233,0.0,0.0,-0.0014734722208231688,-0.17367781698703766,0.0,0.0,-0.023287651624164584,0.009433981991788501,-0.05076593905687332,0.07407218962907791,0.0,0.0,0.0,0.0
4.034562587738037,-0.5715633630752563,-1.3407424688339233,0.0,0.0,-0.0014734722208231688,-0.17367781698703766,0.0,0.0,-0.023287651624164584,0.009433981991788501,-0.05076593905687332,0.07407218962907791,0.0,0.0,0.0,0.0
4.035737991333008,-0.41709083318710327,-1.1662133932113647,0.0,0.0,-0.0011955263325944543,-0.17370207607746124,0.0,0.0,-0.023915625301788885,0.009098423694438517,-0.05391306057572365,0.07856400310993195,0.0,0.0,0.0,0.0
4.037072420120239,-0.41709083318710327,-1.1662133932113647,0.0,0.0,-0.0011955263325944543,-0.17370207607746124,0.0,0.0,-0.023915625301788885,0.009098423694438517,-0.05391306057572365,0.07856400310993195,0.0,0.0,0.0,0.0
4.038386106491089,-0.41709083318710327,-1.1662133932113647,0.0,0.0,-0.0011955263325944543,-0.17370207607746124,0.0,0.0,-0.023915625301788885,0.009098423694438517,-0.05391306057572365,0.07856400310993195,0.0,0.0,0.0,0.0
4.039819717407227,-0.41709083318710327,-1.1662133932113647,0.0,0.0,-0.0011955263325944543,-0.17370207607746124,0.0,0.0,-0.024222421166782398,0.008901882113407053,-0.05445665866136551,0.07885010540485382,0.0,0.0,0.0,0.0
4.041055917739868,-0.41709083318710327,-1.1662133932113647,0.0,0.0,-0.0011955263325944543,-0.17370207607746124,0.0,0.0,-0.02418407223225249,0.008968994211752474,-0.04458639770746231,0.0722120925784111,0.0,0.0,0.0,0.0
4.042341470718384,-0.41709083318710327,-1.1662133932113647,0.0,0.0,-0.0011955263325944543,-0.17370207607746124,0.0,0.0,-0.02418407223225249,0.008968994211752474,-0.04458639770746231,0.0722120925784111,0.0,0.0,0.0,0.0
4.043564319610596,-0.41709083318710327,-1.1662133932113647,0.0,0.0,-0.0011955263325944543,-0.17370207607746124,0.0,0.0,-0.024164897764987533,0.008968994211752474,-0.043613653630018234,0.07086741179227829,0.0,0.0,0.0,0.0
4.044790744781494,-0.41709083318710327,-1.1662133932113647,0.0,0.0,-0.0011955263325944543,-0.17370207607746124,0.0,0.0,-0.024164897764987533,0.008968994211752474,-0.043613653630018234,0.07086741179227829,0.0,0.0,0.0,0.0
4.046069145202637,-0.26217159628868103,-1.0950665473937988,0.0,0.0,-0.0007909238920547068,-0.17371641099452972,0.0,0.0,-0.024164897764987533,0.008968994211752474,-0.043613653630018234,0.07086741179227829,0.0,0.0,0.0,0.0
4.047360897064209,-0.26217159628868103,-1.0950665473937988,0.0,0.0,-0.0007909238920547068,-0.17371641099452972,0.0,0.0,-0.024164897764987533,0.008968994211752474,-0.043613653630018234,0.07086741179227829,0.0,0.0,0.0,0.0
4.048598527908325,-0.26217159628868103,-1.0950665473937988,0.0,0.0,-0.0007909238920547068,-0.17371641099452972,0.0,0.0,-0.024164897764987533,0.008968994211752474,-0.043613653630018234,0.07086741179227829,0.0,0.0,0.0,0.0
4.049825429916382,-0.26217159628868103,-1.0950665473937988,0.0,0.0,-0.0007909238920547068,-0.17371641099452972,0.0,0.0,-0.024164897764987533,0.008968994211752474,-0.043613653630018234,0.07086741179227829,0.0,0.0,0.0,0.0
4.051054954528809,-0.26217159628868103,-1.0950665473937988,0.0,0.0,-0.0007909238920547068,-0.17371641099452972,0.0,0.0,-0.02379098907018956,0.008968994211752474,-0.03292224928736687,0.06489527225494385,0.0,0.0,0.0,0.0
4.052351713180542,-0.26217159628868103,-1.0950665473937988,0.0,0.0,-0.0007909238920547068,-0.17371641099452972,0.0,0.0,-0.02379098907018956,0.008968994211752474,-0.03292224928736687,0.06489527225494385,0.0,0.0,0.0,0.0
4.053609848022461,-0.26217159628868103,-1.0950665473937988,0.0,0.0,-0.0007909238920547068,-0.17371641099452972,0.0,0.0,-0.02306234907369473,0.008968994211752474,-0.02625606209039688,0.06489527225494385,0.0,0.0,0.0,0.0
4.054890394210815,-0.26217159628868103,-1.0950665473937988,0.0,0.0,-0.0007909238920547068,-0.17371641099452972,0.0,0.0,-0.02306234907369473,0.008968994211752474,-0.02625606209039688,0.06489527225494385,0.0,0.0,0.0,0.0
4.056150197982788,-0.1371200531721115,-1.2431340217590332,0.0,0.0,-0.0004328537324909121,-0.17389394342899323,0.0,0.0,-0.022827458558133357,0.008858739196331386,-0.026341890916228294,0.06635440140962601,0.0,0.0,0.0,0.0
4.057354211807251,-0.1371200531721115,-1.2431340217590332,0.0,0.0,-0.0004328537324909121,-0.17389394342899323,0.0,0.0,-0.022827458558133357,0.008858739196331386,-0.026341890916228294,0.06635440140962601,0.0,0.0,0.0,0.0
4.058550119400024,-0.1371200531721115,-1.2431340217590332,0.0,0.0,-0.0004328537324909121,-0.17389394342899323,0.0,0.0,-0.022314533147016865,0.008758071414542774,-0.023938633501529694,0.06698382645845413,0.0,0.0,0.0,0.0
4.059750318527222,-0.1371200531721115,-1.2431340217590332,0.0,0.0,-0.0004328537324909121,-0.17389394342899323,0.0,0.0,-0.022314533147016865,0.008758071414542774,-0.023938633501529694,0.06698382645845413,0.0,0.0,0.0,0.0
4.06096076965332,-0.1371200531721115,-1.2431340217590332,0.0,0.0,-0.0004328537324909121,-0.17389394342899323,0.0,0.0,-0.022156341963433388,0.008412925883560313,-0.016726283356547356,0.06463520973920822,0.0,0.0,0.0,0.0
4.062176942825317,-0.1371200531721115,-1.2431340217590332,0.0,0.0,-0.0004328537324909121,-0.17389394342899323,0.0,0.0,-0.022156341963433388,0.008412925883560313,-0.016726283356547356,0.06463520973920822,0.0,0.0,0.0,0.0
4.063472032546997,-0.1371200531721115,-1.2431340217590332,0.0,0.0,-0.0004328537324909121,-0.17389394342899323,0.0,0.0,-0.021854338618067556,0.0081061300185668,-0.014923840761184692,0.06646626442670822,0.0,0.0,0.0,0.0
4.064708948135376,-0.1371200531721115,-1.2431340217590332,0.0,0.0,-0.0004328537324909121,-0.17389394342899323,0.0,0.0,-0.021854338618067556,0.0081061300185668,-0.014923840761184692,0.06646626442670822,0.0,0.0,0.0,0.0
4.0659568309783936,-0.16144569218158722,-1.162577748298645,0.0,0.0,-0.0003954883140977472,-0.17396241426467896,0.0,0.0,-0.021859132600613312,0.007645935489617493,-0.016640447080135345,0.0683545395731926,0.0,0.0,0.0,0.0
4.0672032833099365,-0.16144569218158722,-1.162577748298645,0.0,0.0,-0.0003954883140977472,-0.17396241426467896,0.0,0.0,-0.021859132600613312,0.007645935489617493,-0.016640447080135345,0.0683545395731926,0.0,0.0,0.0,0.0
4.068633079528809,-0.16144569218158722,-1.162577748298645,0.0,0.0,-0.0003954883140977472,-0.17396241426467896,0.0,0.0,-0.021859132600613312,0.006898119562939627,-0.01198550220578909,0.06962261348962784,0.0,0.0,0.0,0.0
4.0699543952941895,-0.16144569218158722,-1.162577748298645,0.0,0.0,-0.0003954883140977472,-0.17396241426467896,0.0,0.0,-0.021859132600613312,0.006898119562939627,-0.01198550220578909,0.06962261348962784,0.0,0.0,0.0,0.0
4.071230888366699,-0.16144569218158722,-1.162577748298645,0.0,0.0,-0.0003954883140977472,-0.17396241426467896,0.0,0.0,-0.021859132600613312,0.0066296733639350635,-0.01198550220578909,0.07028064876794815,0.0,0.0,0.0,0.0
4.072515487670898,-0.16144569218158722,-1.162577748298645,0.0,0.0,-0.0003954883140977472,-0.17396241426467896,0.0,0.0,-0.021859132600613312,0.0066296733639350635,-0.01198550220578909,0.07028064876794815,0.0,0.0,0.0,0.0
4.073814868927002,-0.16144569218158722,-1.162577748298645,0.0,0.0,-0.0003954883140977472,-0.17396241426467896,0.0,0.0,-0.021859132600613312,0.006097573485553616,-0.01198550220578909,0.07414302974939346,0.0,0.0,0.0,0.0
4.075107097625732,-0.16144569218158722,-1.162577748298645,0.0,0.0,-0.0003954883140977472,-0.17396241426467896,0.0,0.0,-0.021859132600613312,0.006097573485553616,-0.01198550220578909,0.07414302974939346,0.0,0.0,0.0,0.0
4.0770251750946045,-0.18621833622455597,-0.9736031293869019,0.0,0.0,-0.00042961566941812634,-0.17394259572029114,0.0,0.0,-0.021859132600613312,0.005570267589717927,-0.01198550220578909,0.07857762277126312,0.0,0.0,0.0,0.0
4.0784080028533936,-0.18621833622455597,-0.9736031293869019,0.0,0.0,-0.00042961566941812634,-0.17394259572029114,0.0,0.0,-0.021859132600613312,0.005570267589717927,-0.01198550220578909,0.07857762277126312,0.0,0.0,0.0,0.0
4.079736948013306,-0.18621833622455597,-0.9736031293869019,0.0,0.0,-0.00042961566941812634,-0.17394259572029114,0.0,0.0,-0.022233039832493206,0.0055846488058961625,-0.010646788403391838,0.06808505207300186,0.0,0.0,0.0,0.0
4.08113956451416,-0.18621833622455597,-0.9736031293869019,0.0,0.0,-0.00042961566941812634,-0.17394259572029114,0.0,0.0,-0.02239602646154052,0.00559423603952864,-0.010818446055054665,0.06716952472925186,0.0,0.0,0.0,0.0
4.082478284835815,-0.18621833622455597,-0.9736031293869019,0.0,0.0,-0.00042961566941812634,-0.17394259572029114,0.0,0.0,-0.02239602646154052,0.00559423603952864,-0.010818446055054665,0.06716952472925186,0.0,0.0,0.0,0.0
4.083950757980347,-0.18621833622455597,-0.9736031293869019,0.0,0.0,-0.00042961566941812634,-0.17394259572029114,0.0,0.0,-0.02253024919531328,0.0054504253406643605,-0.01167675293982029,0.06882891803979874,0.0,0.0,0.0,0.0
4.085484027862549,-0.2784022092819214,-0.8094527125358582,0.0,0.0,-0.0006199822528287768,-0.17388787865638733,0.0,0.0,-0.02253024919531328,0.0054504253406643605,-0.01167675293982029,0.06882891803979874,0.0,0.0,0.0,0.0
4.086780071258545,-0.2784022092819214,-0.8094527125358582,0.0,0.0,-0.0006199822528287768,-0.17388787865638733,0.0,0.0,-0.02264529746182109,0.005354551541421508,-0.01282116211950779,0.06940112262964249,0.0,0.0,0.0,0.0
4.088101148605347,-0.2784022092819214,-0.8094527125358582,0.0,0.0,-0.0006199822528287768,-0.17388787865638733,0.0,0.0,-0.02264529746182109,0.005354551541421508,-0.01282116211950779,0.06940112262964249,0.0,0.0,0.0,0.0
4.089452266693115,-0.2784022092819214,-0.8094527125358582,0.0,0.0,-0.0006199822528287768,-0.17388787865638733,0.0,0.0,-0.022630916977101893,0.005258677742178656,-0.00463038170710206,0.06398481130599976,0.0,0.0,0.0,0.0
4.090945243835449,-0.2784022092819214,-0.8094527125358582,0.0,0.0,-0.0006199822528287768,-0.17388787865638733,0.0,0.0,-0.02277952165851193,0.005287440174535128,-0.00631838059052825,0.06301206350326538,0.0,0.0,0.0,0.0
4.092318534851074,-0.2784022092819214,-0.8094527125358582,0.0,0.0,-0.0006199822528287768,-0.17388787865638733,0.0,0.0,-0.02277952165851193,0.005287440174535128,-0.00631838059052825,0.06301206350326538,0.0,0.0,0.0,0.0
4.093597650527954,-0.2784022092819214,-0.8094527125358582,0.0,0.0,-0.0006199822528287768,-0.17388787865638733,0.0,0.0,-0.022870601475209026,0.005287440174535128,-0.006890584714710712,0.06301206350326538,0.0,0.0,0.0,0.0
4.094874143600464,-0.2784022092819214,-0.8094527125358582,0.0,0.0,-0.0006199822528287768,-0.17388787865638733,0.0,0.0,-0.022870601475209026,0.005287440174535128,-0.006890584714710712,0.06301206350326538,0.0,0.0,0.0,0.0
4.096153259277344,-0.3388686180114746,-0.8175538778305054,0.0,0.0,-0.0008012071484699845,-0.17396172881126404,0.0,0.0,-0.023273271139445387,0.005287440174535128,-0.01095324382185936,0.06301206350326538,0.0,0.0,0.0,0.0
4.097461938858032,-0.3388686180114746,-0.8175538778305054,0.0,0.0,-0.0008012071484699845,-0.17396172881126404,0.0,0.0,-0.023273271139445387,0.005287440174535128,-0.01095324382185936,0.06301206350326538,0.0,0.0,0.0,0.0
4.098686218261719,-0.3388686180114746,-0.8175538778305054,0.0,0.0,-0.0008012071484699845,-0.17396172881126404,0.0,0.0,-0.023407493873218152,0.005287440174535128,-0.00502535467967391,0.05705484747886658,0.0,0.0,0.0,0.0
4.099985599517822,-0.3388686180114746,-0.8175538778305054,0.0,0.0,-0.0008012071484699845,-0.17396172881126404,0.0,0.0,-0.023407493873218152,0.005287440174535128,-0.00502535467967391,0.05705484747886658,0.0,0.0,0.0,0.0
4.101279973983765,-0.3388686180114746,-0.8175538778305054,0.0,0.0,-0.0008012071484699845,-0.17396172881126404,0.0,0.0,-0.02358965496953042,0.005287440174535128,-0.006055325269699097,0.05705484747886658,0.0,0.0,0.0,0.0
4.102573871612549,-0.3388686180114746,-0.8175538778305054,0.0,0.0,-0.0008012071484699845,-0.17396172881126404,0.0,0.0,-0.02358965496953042,0.005287440174535128,-0.006055325269699097,0.05705484747886658,0.0,0.0,0.0,0.0
4.103867769241333,-0.3388686180114746,-0.8175538778305054,0.0,0.0,-0.0008012071484699845,-0.17396172881126404,0.0,0.0,-0.023771814602924605,0.005287440174535128,-0.007085294462740421,0.05705484747886658,0.0,0.0,0.0,0.0
4.105130672454834,-0.3388686180114746,-0.8175538778305054,0.0,0.0,-0.0008012071484699845,-0.17396172881126404,0.0,0.0,-0.023771814602924605,0.005287440174535128,-0.007085294462740421,0.05705484747886658,0.0,0.0,0.0,0.0
4.106449365615845,-0.3275420665740967,-0.7745820879936218,0.0,0.0,-0.0008449740707874298,-0.17404048144817352,0.0,0.0,-0.024030673568296693,0.005287440174535128,-0.009602997452020645,0.05705484747886658,0.0,0.0,0.0,0.0
4.107656717300415,-0.3275420665740967,-0.7745820879936218,0.0,0.0,-0.0008449740707874298,-0.17404048144817352,0.0,0.0,-0.024030673568296693,0.005287440174535128,-0.009602997452020645,0.05705484747886658,0.0,0.0,0.0,0.0
4.108938217163086,-0.3275420665740967,-0.7745820879936218,0.0,0.0,-0.0008449740707874298,-0.17404048144817352,0.0,0.0,-0.0242080406820632,0.005287440174535128,-0.009803266264498234,0.05705484747886658,0.0,0.0,0.0,0.0
4.11028528213501,-0.3275420665740967,-0.7745820879936218,0.0,0.0,-0.0008449740707874298,-0.17404048144817352,0.0,0.0,-0.02439020031545739,0.005287440174535128,-0.004828047938644886,0.05110619589686394,0.0,0.0,0.0,0.0
4.1115710735321045,-0.3275420665740967,-0.7745820879936218,0.0,0.0,-0.0008449740707874298,-0.17404048144817352,0.0,0.0,-0.02439020031545739,0.005287440174535128,-0.004828047938644886,0.05110619589686394,0.0,0.0,0.0,0.0
4.112831115722656,-0.3275420665740967,-0.7745820879936218,0.0,0.0,-0.0008449740707874298,-0.17404048144817352,0.0,0.0,-0.02463468025902836,0.005287440174535128,-0.005915233399719,0.05110619589686394,0.0,0.0,0.0,0.0
4.1141252517700195,-0.3275420665740967,-0.7745820879936218,0.0,0.0,-0.0008449740707874298,-0.17404048144817352,0.0,0.0,-0.02463468025902836,0.005287440174535128,-0.005915233399719,0.05110619589686394,0.0,0.0,0.0,0.0
4.115404367446899,-0.3257002830505371,-0.6939955353736877,0.0,0.0,-0.0008305138908326626,-0.17407983541488647,0.0,0.0,-0.02480725192733103,0.005287440174535128,-0.007431572303175926,0.05110619589686394,0.0,0.0,0.0,0.0
4.116638422012329,-0.3257002830505371,-0.6939955353736877,0.0,0.0,-0.0008305138908326626,-0.17407983541488647,0.0,0.0,-0.02480725192733103,0.005287440174535128,-0.007431572303175926,0.05110619589686394,0.0,0.0,0.0,0.0
4.117858409881592,-0.3257002830505371,-0.6939955353736877,0.0,0.0,-0.0008305138908326626,-0.17407983541488647,0.0,0.0,-0.024778490957892637,0.005287440174535128,-0.006802147254347801,0.05110619589686394,0.0,0.0,0.0,0.0
4.119140625,-0.3257002830505371,-0.6939955353736877,0.0,0.0,-0.0008305138908326626,-0.17407983541488647,0.0,0.0,-0.024778490957892637,0.005287440174535128,-0.006802147254347801,0.05110619589686394,0.0,0.0,0.0,0.0
4.120434522628784,-0.3257002830505371,-0.6939955353736877,0.0,0.0,-0.0008305138908326626,-0.17407983541488647,0.0,0.0,-0.024778490957892637,0.005287440174535128,0.00035341945476830006,0.04521016776561737,0.0,0.0,0.0,0.0
4.121631383895874,-0.3257002830505371,-0.6939955353736877,0.0,0.0,-0.0008305138908326626,-0.17407983541488647,0.0,0.0,-0.024778490957892637,0.005287440174535128,0.00035341945476830006,0.04521016776561737,0.0,0.0,0.0,0.0
4.12290096282959,-0.3257002830505371,-0.6939955353736877,0.0,0.0,-0.0008305138908326626,-0.17407983541488647,0.0,0.0,-0.024778490957892637,0.005287440174535128,0.00035341945476830006,0.04521016776561737,0.0,0.0,0.0,0.0
4.124149799346924,-0.3257002830505371,-0.6939955353736877,0.0,0.0,-0.0008305138908326626,-0.17407983541488647,0.0,0.0,-0.024778490957892637,0.005287440174535128,0.00035341945476830006,0.04521016776561737,0.0,0.0,0.0,0.0
4.125348329544067,-0.28972551226615906,-0.6367954611778259,0.0,0.0,-0.0007522671367041767,-0.17412547767162323,0.0,0.0,-0.02494627010656763,0.005287440174535128,-0.0014776214957237244,0.04521016776561737,0.0,0.0,0.0,0.0
4.126595497131348,-0.28972551226615906,-0.6367954611778259,0.0,0.0,-0.0007522671367041767,-0.17412547767162323,0.0,0.0,-0.02494627010656763,0.005287440174535128,-0.0014776214957237244,0.04521016776561737,0.0,0.0,0.0,0.0
4.127877235412598,-0.28972551226615906,-0.6367954611778259,0.0,0.0,-0.0007522671367041767,-0.17412547767162323,0.0,0.0,-0.02505172894506584,0.005287440174535128,-0.0021070498041808605,0.04521016776561737,0.0,0.0,0.0,0.0
4.129197597503662,-0.28972551226615906,-0.6367954611778259,0.0,0.0,-0.0007522671367041767,-0.17412547767162323,0.0,0.0,-0.02505172894506584,0.005287440174535128,-0.0021070498041808605,0.04521016776561737,0.0,0.0,0.0,0.0
4.130506753921509,-0.28972551226615906,-0.6367954611778259,0.0,0.0,-0.0007522671367041767,-0.17412547767162323,0.0,0.0,-0.025133222259589496,0.005287440174535128,0.0033173863776028156,0.03927075117826462,0.0,0.0,0.0,0.0
4.131765365600586,-0.28972551226615906,-0.6367954611778259,0.0,0.0,-0.0007522671367041767,-0.17412547767162323,0.0,0.0,-0.02508528535996807,0.005287440174535128,0.004461791832000017,0.03927075117826462,0.0,0.0,0.0,0.0
4.133029460906982,-0.28972551226615906,-0.6367954611778259,0.0,0.0,-0.0007522671367041767,-0.17412547767162323,0.0,0.0,-0.02508528535996807,0.005287440174535128,0.004461791832000017,0.03927075117826462,0.0,0.0,0.0,0.0
4.134314060211182,-0.28972551226615906,-0.6367954611778259,0.0,0.0,-0.0007522671367041767,-0.17412547767162323,0.0,0.0,-0.02508528535996807,0.005287440174535128,0.004461791832000017,0.03927075117826462,0.0,0.0,0.0,0.0
4.135566234588623,-0.261667400598526,-0.5660753846168518,0.0,0.0,-0.0006773355416953564,-0.1741691529750824,0.0,0.0,-0.02508528535996807,0.005287440174535128,0.004461791832000017,0.03927075117826462,0.0,0.0,0.0,0.0
4.136860132217407,-0.261667400598526,-0.5660753846168518,0.0,0.0,-0.0006773355416953564,-0.1741691529750824,0.0,0.0,-0.02508528535996807,0.005287440174535128,0.004461791832000017,0.03927075117826462,0.0,0.0,0.0,0.0
4.138095140457153,-0.261667400598526,-0.5660753846168518,0.0,0.0,-0.0006773355416953564,-0.1741691529750824,0.0,0.0,-0.02508528535996807,0.005287440174535128,0.004461791832000017,0.03927075117826462,0.0,0.0,0.0,0.0
4.139340400695801,-0.261667400598526,-0.5660753846168518,0.0,0.0,-0.0006773355416953564,-0.1741691529750824,0.0,0.0,-0.02508528535996807,0.005287440174535128,0.004461791832000017,0.03927075117826462,0.0,0.0,0.0,0.0
4.140655040740967,-0.261667400598526,-0.5660753846168518,0.0,0.0,-0.0006773355416953564,-0.1741691529750824,0.0,0.0,-0.02508528535996807,0.005287440174535128,0.010398362763226032,0.033334892243146896,0.0,0.0,0.0,0.0
4.142003297805786,-0.261667400598526,-0.5660753846168518,0.0,0.0,-0.0006773355416953564,-0.1741691529750824,0.0,0.0,-0.02508528535996807,0.005177185159114039,0.010398362763226032,0.034851234406232834,0.0,0.0,0.0,0.0
4.143325328826904,-0.261667400598526,-0.5660753846168518,0.0,0.0,-0.0006773355416953564,-0.1741691529750824,0.0,0.0,-0.02508528535996807,0.005177185159114039,0.010398362763226032,0.034851234406232834,0.0,0.0,0.0,0.0
4.144546270370483,-0.261667400598526,-0.5660753846168518,0.0,0.0,-0.0006773355416953564,-0.1741691529750824,0.0,0.0,-0.02508528535996807,0.0050813113598711865,0.010398362763226032,0.03536621853709221,0.0,0.0,0.0,0.0
4.145738124847412,-0.2632933259010315,-0.4450888931751251,0.0,0.0,-0.0006648225826211274,-0.1741764396429062,0.0,0.0,-0.02508528535996807,0.0050813113598711865,0.010398362763226032,0.03536621853709221,0.0,0.0,0.0,0.0
4.146990776062012,-0.2632933259010315,-0.4450888931751251,0.0,0.0,-0.0006648225826211274,-0.1741764396429062,0.0,0.0,-0.02508528535996807,0.0049950247942608115,0.010398362763226032,0.03590981289744377,0.0,0.0,0.0,0.0
4.148209095001221,-0.2632933259010315,-0.4450888931751251,0.0,0.0,-0.0006648225826211274,-0.1741764396429062,0.0,0.0,-0.02508528535996807,0.0049950247942608115,0.010398362763226032,0.03590981289744377,0.0,0.0,0.0,0.0
4.1494362354278564,-0.2632933259010315,-0.4450888931751251,0.0,0.0,-0.0006648225826211274,-0.1741764396429062,0.0,0.0,-0.02508528535996807,0.004803277195775106,0.01633208617568016,0.0319494791328907,0.0,0.0,0.0,0.0
4.150628089904785,-0.2632933259010315,-0.4450888931751251,0.0,0.0,-0.0006648225826211274,-0.1741764396429062,0.0,0.0,-0.02508528535996807,0.004803277195775106,0.01633208617568016,0.0319494791328907,0.0,0.0,0.0,0.0
4.151852369308472,-0.2632933259010315,-0.4450888931751251,0.0,0.0,-0.0006648225826211274,-0.1741764396429062,0.0,0.0,-0.02508528535996807,0.004621117196651398,0.01633208617568016,0.03297944739460945,0.0,0.0,0.0,0.0
4.153133392333984,-0.2632933259010315,-0.4450888931751251,0.0,0.0,-0.0006648225826211274,-0.1741764396429062,0.0,0.0,-0.02508528535996807,0.004621117196651398,0.01633208617568016,0.03297944739460945,0.0,0.0,0.0,0.0
4.1544249057769775,-0.2632933259010315,-0.4450888931751251,0.0,0.0,-0.0006648225826211274,-0.1741764396429062,0.0,0.0,-0.02508528535996807,0.0045156557980465485,0.01633208617568016,0.032378632575273514,0.0,0.0,0.0,0.0
4.155616760253906,-0.2523242235183716,-0.34521549940109253,0.0,0.0,-0.0006381772691383958,-0.17419195175170898,0.0,0.0,-0.02508528535996807,0.0045156557980465485,0.01633208617568016,0.032378632575273514,0.0,0.0,0.0,0.0
4.156865119934082,-0.2523242235183716,-0.34521549940109253,0.0,0.0,-0.0006381772691383958,-0.17419195175170898,0.0,0.0,-0.02508528535996807,0.004304733732295889,0.01633208617568016,0.034867722541093826,0.0,0.0,0.0,0.0
4.158094167709351,-0.2523242235183716,-0.34521549940109253,0.0,0.0,-0.0006381772691383958,-0.17419195175170898,0.0,0.0,-0.02508528535996807,0.004304733732295889,0.01633208617568016,0.034867722541093826,0.0,0.0,0.0,0.0
4.1593241691589355,-0.2523242235183716,-0.34521549940109253,0.0,0.0,-0.0006381772691383958,-0.17419195175170898,0.0,0.0,-0.02508528535996807,0.004290352516117653,0.022271504625678062,0.0269556175917387,0.0,0.0,0.0,0.0
4.160558462142944,-0.2523242235183716,-0.34521549940109253,0.0,0.0,-0.0006381772691383958,-0.17419195175170898,0.0,0.0,-0.02508528535996807,0.004290352516117653,0.022271504625678062,0.0269556175917387,0.0,0.0,0.0,0.0
4.1617913246154785,-0.2523242235183716,-0.34521549940109253,0.0,0.0,-0.0006381772691383958,-0.17419195175170898,0.0,0.0,-0.02508528535996807,0.0041848914832423225,0.022271504625678062,0.028872501105070114,0.0,0.0,0.0,0.0
4.163058519363403,-0.2523242235183716,-0.34521549940109253,0.0,0.0,-0.0006381772691383958,-0.17419195175170898,0.0,0.0,-0.02508528535996807,0.0041848914832423225,0.022271504625678062,0.028872501105070114,0.0,0.0,0.0,0.0
4.164495468139648,-0.2523242235183716,-0.34521549940109253,0.0,0.0,-0.0006381772691383958,-0.17419195175170898,0.0,0.0,-0.02508528535996807,0.0037103161038442986,0.022271504625678062,0.03336431086063385,0.0,0.0,0.0,0.0
4.165805816650391,-0.26066097617149353,-0.24218222498893738,0.0,0.0,-0.0006477914866991341,-0.1741974651813507,0.0,0.0,-0.02508528535996807,0.0037103161038442986,0.022271504625678062,0.03336431086063385,0.0,0.0,0.0,0.0
4.167064189910889,-0.26066097617149353,-0.24218222498893738,0.0,0.0,-0.0006477914866991341,-0.1741974651813507,0.0,0.0,-0.02522430353920467,0.0035665054049800198,0.020612100139260292,0.03333570063114166,0.0,0.0,0.0,0.0
4.168328046798706,-0.26066097617149353,-0.24218222498893738,0.0,0.0,-0.0006477914866991341,-0.1741974651813507,0.0,0.0,-0.02522430353920467,0.0035665054049800198,0.020612100139260292,0.03333570063114166,0.0,0.0,0.0,0.0
4.169556379318237,-0.26066097617149353,-0.24218222498893738,0.0,0.0,-0.0006477914866991341,-0.1741974651813507,0.0,0.0,-0.025324969858075204,0.003269296407889465,0.02597646415233612,0.030059881508350372,0.0,0.0,0.0,0.0
4.170782566070557,-0.26066097617149353,-0.24218222498893738,0.0,0.0,-0.0006477914866991341,-0.1741974651813507,0.0,0.0,-0.025324969858075204,0.003269296407889465,0.02597646415233612,0.030059881508350372,0.0,0.0,0.0,0.0
4.172031402587891,-0.26066097617149353,-0.24218222498893738,0.0,0.0,-0.0006477914866991341,-0.1741974651813507,0.0,0.0,-0.025416051137690375,0.0029960562263391427,0.02537565864622593,0.030288763344287872,0.0,0.0,0.0,0.0
4.173291206359863,-0.26066097617149353,-0.24218222498893738,0.0,0.0,-0.0006477914866991341,-0.1741974651813507,0.0,0.0,-0.025416051137690375,0.0029960562263391427,0.02537565864622593,0.030288763344287872,0.0,0.0,0.0,0.0
4.174551248550415,-0.26066097617149353,-0.24218222498893738,0.0,0.0,-0.0006477914866991341,-0.1741974651813507,0.0,0.0,-0.02567970408560822,0.002737196895237537,0.023058220744132996,0.033235616981983185,0.0,0.0,0.0,0.0
4.175825119018555,-0.2836901843547821,-0.164376363158226,0.0,0.0,-0.0006963710184209049,-0.17422527074813843,0.0,0.0,-0.02567970408560822,0.002737196895237537,0.023058220744132996,0.033235616981983185,0.0,0.0,0.0,0.0
4.1771299839019775,-0.2836901843547821,-0.164376363158226,0.0,0.0,-0.0006963710184209049,-0.17422527074813843,0.0,0.0,-0.025852275753910893,0.00251668723012488,0.02197103574872017,0.03486640006303787,0.0,0.0,0.0,0.0
4.178401947021484,-0.2836901843547821,-0.164376363158226,0.0,0.0,-0.0006963710184209049,-0.17422527074813843,0.0,0.0,-0.025852275753910893,0.00251668723012488,0.02197103574872017,0.03486640006303787,0.0,0.0,0.0,0.0
4.179607391357422,-0.2836901843547821,-0.164376363158226,0.0,0.0,-0.0006963710184209049,-0.17422527074813843,0.0,0.0,-0.026053611317488113,0.0021619540997804216,0.026720205321907997,0.030630074441432953,0.0,0.0,0.0,0.0
4.180839776992798,-0.2836901843547821,-0.164376363158226,0.0,0.0,-0.0006963710184209049,-0.17422527074813843,0.0,0.0,-0.026053611317488113,0.0021619540997804216,0.026720205321907997,0.030630074441432953,0.0,0.0,0.0,0.0
4.182137966156006,-0.2836901843547821,-0.164376363158226,0.0,0.0,-0.0006963710184209049,-0.17422527074813843,0.0,0.0,-0.026197422016352393,0.001874332702051864,0.025861898437142372,0.03217502683401108,0.0,0.0,0.0,0.0
4.1834492683410645,-0.2836901843547821,-0.164376363158226,0.0,0.0,-0.0006963710184209049,-0.17422527074813843,0.0,0.0,-0.026197422016352393,0.001874332702051864,0.025861898437142372,0.03217502683401108,0.0,0.0,0.0,0.0
4.184700012207031,-0.2836901843547821,-0.164376363158226,0.0,0.0,-0.0006963710184209049,-0.17422527074813843,0.0,0.0,-0.026317264265405958,0.0018695390852356251,0.02471749112010002,0.03077312558889389,0.0,0.0,0.0,0.0
4.18597936630249,-0.2937857210636139,-0.06438163667917252,0.0,0.0,-0.0007344711921177804,-0.17424702644348145,0.0,0.0,-0.026317264265405958,0.0018695390852356251,0.02471749112010002,0.03077312558889389,0.0,0.0,0.0,0.0
4.187235116958618,-0.2937857210636139,-0.06438163667917252,0.0,0.0,-0.0007344711921177804,-0.17424702644348145,0.0,0.0,-0.026561741283140768,0.0013997575055185996,0.02368752844631672,0.036094628274440765,0.0,0.0,0.0,0.0
4.188498258590698,-0.2937857210636139,-0.06438163667917252,0.0,0.0,-0.0007344711921177804,-0.17424702644348145,0.0,0.0,-0.026561741283140768,0.0013997575055185996,0.02368752844631672,0.036094628274440765,0.0,0.0,0.0,0.0
4.189742088317871,-0.2937857210636139,-0.06438163667917252,0.0,0.0,-0.0007344711921177804,-0.17424702644348145,0.0,0.0,-0.02687333113068004,0.0012415656819084648,0.026989268139004707,0.029476244002580643,0.0,0.0,0.0,0.0
4.191040992736816,-0.2937857210636139,-0.06438163667917252,0.0,0.0,-0.0007344711921177804,-0.17424702644348145,0.0,0.0,-0.02687333113068004,0.0012415656819084648,0.026989268139004707,0.029476244002580643,0.0,0.0,0.0,0.0
4.192331075668335,-0.2937857210636139,-0.06438163667917252,0.0,0.0,-0.0007344711921177804,-0.17424702644348145,0.0,0.0,-0.027026729794635836,0.0010498180834227597,0.02810506708920002,0.030620651319622993,0.0,0.0,0.0,0.0
4.193584680557251,-0.2937857210636139,-0.06438163667917252,0.0,0.0,-0.0007344711921177804,-0.17424702644348145,0.0,0.0,-0.027026729794635836,0.0010498180834227597,0.02810506708920002,0.030620651319622993,0.0,0.0,0.0,0.0
4.194825172424316,-0.2937857210636139,-0.06438163667917252,0.0,0.0,-0.0007344711921177804,-0.17424702644348145,0.0,0.0,-0.02721847739312154,0.0008964200594936236,0.025615977123379707,0.030277326703071594,0.0,0.0,0.0,0.0
4.196164608001709,-0.3195372521877289,-0.047336041927337646,0.0,0.0,-0.0008095633238554001,-0.1743231564760208,0.0,0.0,-0.02721847739312154,0.0008964200594936236,0.025615977123379707,0.030277326703071594,0.0,0.0,0.0,0.0
4.1974287033081055,-0.3195372521877289,-0.047336041927337646,0.0,0.0,-0.0008095633238554001,-0.1743231564760208,0.0,0.0,-0.027386256541796532,0.0006279734033271604,0.024614619091153145,0.03273781016469002,0.0,0.0,0.0,0.0
4.198659181594849,-0.3195372521877289,-0.047336041927337646,0.0,0.0,-0.0008095633238554001,-0.1743231564760208,0.0,0.0,-0.027386256541796532,0.0006279734033271604,0.024614619091153145,0.03273781016469002,0.0,0.0,0.0,0.0
4.199908018112183,-0.3195372521877289,-0.047336041927337646,0.0,0.0,-0.0008095633238554001,-0.1743231564760208,0.0,0.0,-0.027578004140282237,0.0003691141179417444,0.029541153460741043,0.030014270916581154,0.0,0.0,0.0,0.0
4.201313495635986,-0.3195372521877289,-0.047336041927337646,0.0,0.0,-0.0008095633238554001,-0.1743231564760208,0.0,0.0,-0.02774578328895723,0.0003115898475392709,0.02853979356586933,0.02821182832121849,0.0,0.0,0.0,0.0
4.202622175216675,-0.3195372521877289,-0.047336041927337646,0.0,0.0,-0.0008095633238554001,-0.1743231564760208,0.0,0.0,-0.02774578328895723,0.0003115898475392709,0.02853979356586933,0.02821182832121849,0.0,0.0,0.0,0.0
4.2038867473602295,-0.3195372521877289,-0.047336041927337646,0.0,0.0,-0.0008095633238554001,-0.1743231564760208,0.0,0.0,-0.028004643717247396,0.00026365294791784455,0.026022102683782578,0.028526540845632553,0.0,0.0,0.0,0.0
4.2051496505737305,-0.3195372521877289,-0.047336041927337646,0.0,0.0,-0.0008095633238554001,-0.1743231564760208,0.0,0.0,-0.028004643717247396,0.00026365294791784455,0.026022102683782578,0.028526540845632553,0.0,0.0,0.0,0.0
4.206613779067993,-0.3330387771129608,-0.061094850301742554,0.0,0.0,-0.0008396581397391856,-0.17441882193088531,0.0,0.0,-0.028311438119322827,-0.00023968449810713143,0.024276867508888245,0.0339052639901638,0.0,0.0,0.0,0.0
4.207875490188599,-0.3330387771129608,-0.061094850301742554,0.0,0.0,-0.0008396581397391856,-0.17441882193088531,0.0,0.0,-0.028311438119322827,-0.00023968449810713143,0.024276867508888245,0.0339052639901638,0.0,0.0,0.0,0.0
4.209145545959473,-0.3330387771129608,-0.061094850301742554,0.0,0.0,-0.0008396581397391856,-0.17441882193088531,0.0,0.0,-0.028484012713461657,-0.00032597092656893673,0.02998441644012928,0.026938872411847115,0.0,0.0,0.0,0.0
4.210449934005737,-0.3330387771129608,-0.061094850301742554,0.0,0.0,-0.0008396581397391856,-0.17441882193088531,0.0,0.0,-0.028484012713461657,-0.00032597092656893673,0.02998441644012928,0.026938872411847115,0.0,0.0,0.0,0.0
4.211669921875,-0.3330387771129608,-0.061094850301742554,0.0,0.0,-0.0008396581397391856,-0.17441882193088531,0.0,0.0,-0.02865658438176433,-0.0005368932666167364,0.028954435139894485,0.028054669499397278,0.0,0.0,0.0,0.0
4.2129151821136475,-0.3330387771129608,-0.061094850301742554,0.0,0.0,-0.0008396581397391856,-0.17441882193088531,0.0,0.0,-0.02865658438176433,-0.0005368932666167364,0.028954435139894485,0.028054669499397278,0.0,0.0,0.0,0.0
4.214132308959961,-0.3330387771129608,-0.061094850301742554,0.0,0.0,-0.0008396581397391856,-0.17441882193088531,0.0,0.0,-0.02897776219439512,-0.0008484831598721972,0.026350917294621468,0.03085847571492195,0.0,0.0,0.0,0.0
4.215379238128662,-0.3366454243659973,-0.023351818323135376,0.0,0.0,-0.0008396429475396872,-0.17450208961963654,0.0,0.0,-0.02897776219439512,-0.0008484831598721972,0.026350917294621468,0.03085847571492195,0.0,0.0,0.0,0.0
4.216624736785889,-0.3366454243659973,-0.023351818323135376,0.0,0.0,-0.0008396429475396872,-0.17450208961963654,0.0,0.0,-0.02922223921212993,-0.0011840414572221812,0.02489178441464901,0.03240342438220978,0.0,0.0,0.0,0.0
4.217934846878052,-0.3366454243659973,-0.023351818323135376,0.0,0.0,-0.0008396429475396872,-0.17450208961963654,0.0,0.0,-0.02922223921212993,-0.0011840414572221812,0.02489178441464901,0.03240342438220978,0.0,0.0,0.0,0.0
4.219417333602905,-0.3366454243659973,-0.023351818323135376,0.0,0.0,-0.0008396429475396872,-0.17450208961963654,0.0,0.0,-0.02959614936984598,-0.001524393371388404,0.02765561267733574,0.028895728290081024,0.0,0.0,0.0,0.0
4.220640420913696,-0.3366454243659973,-0.023351818323135376,0.0,0.0,-0.0008396429475396872,-0.17450208961963654,0.0,0.0,-0.029970056601725872,-0.0020085561672836655,0.025424018502235413,0.0335305817425251,0.0,0.0,0.0,0.0
4.221942901611328,-0.3366454243659973,-0.023351818323135376,0.0,0.0,-0.0008396429475396872,-0.17450208961963654,0.0,0.0,-0.029970056601725872,-0.0020085561672836655,0.025424018502235413,0.0335305817425251,0.0,0.0,0.0,0.0
4.223344564437866,-0.3366454243659973,-0.023351818323135376,0.0,0.0,-0.0008396429475396872,-0.17450208961963654,0.0,0.0,-0.030166596719839258,-0.002670085345486396,0.02516653575003147,0.03893791511654854,0.0,0.0,0.0,0.0
4.2246198654174805,-0.3366454243659973,-0.023351818323135376,0.0,0.0,-0.0008396429475396872,-0.17450208961963654,0.0,0.0,-0.030166596719839258,-0.002670085345486396,0.02516653575003147,0.03893791511654854,0.0,0.0,0.0,0.0
4.225943565368652,-0.32506030797958374,0.004821508191525936,0.0,0.0,-0.000841661065351218,-0.17457549273967743,0.0,0.0,-0.030559679881902186,-0.0031158984753927085,0.02179051749408245,0.041140902787446976,0.0,0.0,0.0,0.0
4.227210998535156,-0.32506030797958374,0.004821508191525936,0.0,0.0,-0.000841661065351218,-0.17457549273967743,0.0,0.0,-0.030559679881902186,-0.0031158984753927085,0.02179051749408245,0.041140902787446976,0.0,0.0,0.0,0.0
4.228447914123535,-0.32506030797958374,0.004821508191525936,0.0,0.0,-0.000841661065351218,-0.17457549273967743,0.0,0.0,-0.031115746747176265,-0.0037678402370982023,0.017899537459015846,0.04454552009701729,0.0,0.0,0.0,0.0
4.229672193527222,-0.32506030797958374,0.004821508191525936,0.0,0.0,-0.000841661065351218,-0.17457549273967743,0.0,0.0,-0.031115746747176265,-0.0037678402370982023,0.017899537459015846,0.04454552009701729,0.0,0.0,0.0,0.0
4.230897903442383,-0.32506030797958374,0.004821508191525936,0.0,0.0,-0.000841661065351218,-0.17457549273967743,0.0,0.0,-0.031422544075087856,-0.004549211847219258,0.022606322541832924,0.0453304722905159,0.0,0.0,0.0,0.0
4.232179403305054,-0.32506030797958374,0.004821508191525936,0.0,0.0,-0.000841661065351218,-0.17457549273967743,0.0,0.0,-0.031422544075087856,-0.004549211847219258,0.022606322541832924,0.0453304722905159,0.0,0.0,0.0,0.0
4.2334442138671875,-0.32506030797958374,0.004821508191525936,0.0,0.0,-0.000841661065351218,-0.17457549273967743,0.0,0.0,-0.03221350291884139,-0.0055846488058961625,0.01559680886566639,0.05182499811053276,0.0,0.0,0.0,0.0
4.23467230796814,-0.32506030797958374,0.004821508191525936,0.0,0.0,-0.000841661065351218,-0.17457549273967743,0.0,0.0,-0.03221350291884139,-0.0055846488058961625,0.01559680886566639,0.05182499811053276,0.0,0.0,0.0,0.0
4.23588752746582,-0.3263424038887024,0.010486957617104053,0.0,0.0,-0.0008366749389097095,-0.1746641993522644,0.0,0.0,-0.03296611282806502,-0.006735134396810393,0.011419721879065037,0.0613522045314312,0.0,0.0,0.0,0.0
4.237250328063965,-0.3263424038887024,0.010486957617104053,0.0,0.0,-0.0008366749389097095,-0.1746641993522644,0.0,0.0,-0.03296611282806502,-0.006735134396810393,0.011419721879065037,0.0613522045314312,0.0,0.0,0.0,0.0
4.238513231277466,-0.3263424038887024,0.010486957617104053,0.0,0.0,-0.0008366749389097095,-0.1746641993522644,0.0,0.0,-0.03393443878558506,-0.008082161568756088,0.003981050103902817,0.0691341832280159,0.0,0.0,0.0,0.0
4.239717245101929,-0.3263424038887024,0.010486957617104053,0.0,0.0,-0.0008366749389097095,-0.1746641993522644,0.0,0.0,-0.03393443878558506,-0.008082161568756088,0.003981050103902817,0.0691341832280159,0.0,0.0,0.0,0.0
4.24099588394165,-0.3263424038887024,0.010486957617104053,0.0,0.0,-0.0008366749389097095,-0.1746641993522644,0.0,0.0,-0.03495549416235421,-0.00982227043984663,0.0013715610839426517,0.07597942650318146,0.0,0.0,0.0,0.0
4.242238759994507,-0.3263424038887024,0.010486957617104053,0.0,0.0,-0.0008366749389097095,-0.1746641993522644,0.0,0.0,-0.03495549416235421,-0.00982227043984663,0.0013715610839426517,0.07597942650318146,0.0,0.0,0.0,0.0
4.243650436401367,-0.3263424038887024,0.010486957617104053,0.0,0.0,-0.0008366749389097095,-0.1746641993522644,0.0,0.0,-0.03594778856968496,-0.011356251227732272,-0.005409063771367073,0.09088535606861115,0.0,0.0,0.0,0.0
4.244926452636719,-0.3263424038887024,0.010486957617104053,0.0,0.0,-0.0008366749389097095,-0.1746641993522644,0.0,0.0,-0.037520118292100516,-0.012746421316753635,-0.01650983653962612,0.09574908763170242,0.0,0.0,0.0,0.0
4.246291637420654,-0.36731675267219543,-0.13457050919532776,0.0,0.0,-0.0008919984684325755,-0.17484770715236664,0.0,0.0,-0.037520118292100516,-0.012746421316753635,-0.01650983653962612,0.09574908763170242,0.0,0.0,0.0,0.0
4.247547149658203,-0.36731675267219543,-0.13457050919532776,0.0,0.0,-0.0008919984684325755,-0.17484770715236664,0.0,0.0,-0.039183529294131235,-0.014975487149149955,-0.027181442826986313,0.11282938718795776,0.0,0.0,0.0,0.0
4.248786926269531,-0.36731675267219543,-0.13457050919532776,0.0,0.0,-0.0008919984684325755,-0.17484770715236664,0.0,0.0,-0.039183529294131235,-0.014975487149149955,-0.027181442826986313,0.11282938718795776,0.0,0.0,0.0,0.0
4.250078916549683,-0.36731675267219543,-0.13457050919532776,0.0,0.0,-0.0008919984684325755,-0.17484770715236664,0.0,0.0,-0.04087090582013651,-0.016437562587603458,-0.033071838319301605,0.11328312754631042,0.0,0.0,0.0,0.0
4.251325845718384,-0.36731675267219543,-0.13457050919532776,0.0,0.0,-0.0008919984684325755,-0.17484770715236664,0.0,0.0,-0.04087090582013651,-0.016437562587603458,-0.033071838319301605,0.11328312754631042,0.0,0.0,0.0,0.0
4.252593040466309,-0.36731675267219543,-0.13457050919532776,0.0,0.0,-0.0008919984684325755,-0.17484770715236664,0.0,0.0,-0.042620602656318576,-0.0182543707906719,-0.04357178136706352,0.12049290537834167,0.0,0.0,0.0,0.0
4.253838300704956,-0.36731675267219543,-0.13457050919532776,0.0,0.0,-0.0008919984684325755,-0.17484770715236664,0.0,0.0,-0.042620602656318576,-0.0182543707906719,-0.04357178136706352,0.12049290537834167,0.0,0.0,0.0,0.0
4.25518798828125,-0.3870246708393097,-0.3563081920146942,0.0,0.0,-0.0009692971361801028,-0.17509782314300537,0.0,0.0,-0.04409706150532743,-0.019567843010633443,-0.05335647985339165,0.12927624583244324,0.0,0.0,0.0,0.0
4.2564051151275635,-0.3870246708393097,-0.3563081920146942,0.0,0.0,-0.0009692971361801028,-0.17509782314300537,0.0,0.0,-0.04409706150532743,-0.019567843010633443,-0.05335647985339165,0.12927624583244324,0.0,0.0,0.0,0.0
4.25764274597168,-0.3870246708393097,-0.3563081920146942,0.0,0.0,-0.0009692971361801028,-0.17509782314300537,0.0,0.0,-0.04570774016227289,-0.02030607097221979,-0.061138469725847244,0.13036343455314636,0.0,0.0,0.0,0.0
4.258959531784058,-0.3870246708393097,-0.3563081920146942,0.0,0.0,-0.0009692971361801028,-0.17509782314300537,0.0,0.0,-0.04570774016227289,-0.02030607097221979,-0.061138469725847244,0.13036343455314636,0.0,0.0,0.0,0.0
4.260242700576782,-0.3870246708393097,-0.3563081920146942,0.0,0.0,-0.0009692971361801028,-0.17509782314300537,0.0,0.0,-0.04704038538658131,-0.021130584767957476,-0.06156475469470024,0.12784428894519806,0.0,0.0,0.0,0.0
4.261517286300659,-0.3870246708393097,-0.3563081920146942,0.0,0.0,-0.0009692971361801028,-0.17509782314300537,0.0,0.0,-0.04704038538658131,-0.021130584767957476,-0.06156475469470024,0.12784428894519806,0.0,0.0,0.0,0.0
4.262763977050781,-0.3870246708393097,-0.3563081920146942,0.0,0.0,-0.0009692971361801028,-0.17509782314300537,0.0,0.0,-0.04815731456259331,-0.02111620428323828,-0.06582768261432648,0.1227230578660965,0.0,0.0,0.0,0.0
4.264056921005249,-0.3870246708393097,-0.3563081920146942,0.0,0.0,-0.0009692971361801028,-0.17509782314300537,0.0,0.0,-0.04815731456259331,-0.02111620428323828,-0.06582768261432648,0.1227230578660965,0.0,0.0,0.0,0.0
4.265319585800171,-0.49303579330444336,-0.9470529556274414,0.0,0.0,-0.0011507488088682294,-0.17557775974273682,0.0,0.0,-0.04859354210464999,-0.02114976069814051,-0.06545574218034744,0.12083477526903152,0.0,0.0,0.0,0.0
4.266579627990723,-0.49303579330444336,-0.9470529556274414,0.0,0.0,-0.0011507488088682294,-0.17557775974273682,0.0,0.0,-0.04859354210464999,-0.02114976069814051,-0.06545574218034744,0.12083477526903152,0.0,0.0,0.0,0.0
4.267985105514526,-0.49303579330444336,-0.9470529556274414,0.0,0.0,-0.0011507488088682294,-0.17557775974273682,0.0,0.0,-0.04907770362049193,-0.020823788902963963,-0.06651432812213898,0.11694378405809402,0.0,0.0,0.0,0.0
4.2692177295684814,-0.49303579330444336,-0.9470529556274414,0.0,0.0,-0.0011507488088682294,-0.17557775974273682,0.0,0.0,-0.04907770362049193,-0.019457587263753313,-0.05746477097272873,0.09490520507097244,0.0,0.0,0.0,0.0
4.270452499389648,-0.49303579330444336,-0.9470529556274414,0.0,0.0,-0.0011507488088682294,-0.17557775974273682,0.0,0.0,-0.04907770362049193,-0.019457587263753313,-0.05746477097272873,0.09490520507097244,0.0,0.0,0.0,0.0
4.271687030792236,-0.49303579330444336,-0.9470529556274414,0.0,0.0,-0.0011507488088682294,-0.17557775974273682,0.0,0.0,-0.04901538623615131,-0.018441325869529925,-0.05677812546491623,0.087209053337574,0.0,0.0,0.0,0.0
4.272949695587158,-0.49303579330444336,-0.9470529556274414,0.0,0.0,-0.0011507488088682294,-0.17557775974273682,0.0,0.0,-0.04901538623615131,-0.018441325869529925,-0.05677812546491623,0.087209053337574,0.0,0.0,0.0,0.0
4.274266958236694,-0.49303579330444336,-0.9470529556274414,0.0,0.0,-0.0011507488088682294,-0.17557775974273682,0.0,0.0,-0.04901538623615131,-0.016643692133726438,-0.05543343722820282,0.07447749376296997,0.0,0.0,0.0,0.0
4.275525093078613,-0.44712620973587036,-1.6101642847061157,0.0,0.0,-0.0011751834535971284,-0.17626646161079407,0.0,0.0,-0.04901538623615131,-0.016643692133726438,-0.05543343722820282,0.07447749376296997,0.0,0.0,0.0,0.0
4.276814699172974,-0.44712620973587036,-1.6101642847061157,0.0,0.0,-0.0011751834535971284,-0.17626646161079407,0.0,0.0,-0.04901538623615131,-0.01548361857772069,-0.05543343722820282,0.0700429156422615,0.0,0.0,0.0,0.0
4.278054237365723,-0.44712620973587036,-1.6101642847061157,0.0,0.0,-0.0011751834535971284,-0.17626646161079407,0.0,0.0,-0.04901538623615131,-0.01548361857772069,-0.05543343722820282,0.0700429156422615,0.0,0.0,0.0,0.0
4.279338359832764,-0.44712620973587036,-1.6101642847061157,0.0,0.0,-0.0011751834535971284,-0.17626646161079407,0.0,0.0,-0.04851204879012633,-0.014726216148869388,-0.04400371015071869,0.060043685138225555,0.0,0.0,0.0,0.0
4.280608892440796,-0.44712620973587036,-1.6101642847061157,0.0,0.0,-0.0011751834535971284,-0.17626646161079407,0.0,0.0,-0.04851204879012633,-0.014726216148869388,-0.04400371015071869,0.060043685138225555,0.0,0.0,0.0,0.0
4.281919002532959,-0.44712620973587036,-1.6101642847061157,0.0,0.0,-0.0011751834535971284,-0.17626646161079407,0.0,0.0,-0.04851204879012633,-0.01415576587303995,-0.04563448950648308,0.058269839733839035,0.0,0.0,0.0,0.0
4.283188581466675,-0.44712620973587036,-1.6101642847061157,0.0,0.0,-0.0011751834535971284,-0.17626646161079407,0.0,0.0,-0.04851204879012633,-0.01415576587303995,-0.04563448950648308,0.058269839733839035,0.0,0.0,0.0,0.0
4.284452199935913,-0.44712620973587036,-1.6101642847061157,0.0,0.0,-0.0011751834535971284,-0.17626646161079407,0.0,0.0,-0.04855039772465624,-0.013848970008046439,-0.046721674501895905,0.06047282740473747,0.0,0.0,0.0,0.0
4.285708427429199,-0.3318454921245575,-1.8479681015014648,0.0,0.0,-0.0009417000692337751,-0.17669548094272614,0.0,0.0,-0.04855039772465624,-0.013848970008046439,-0.046721674501895905,0.06047282740473747,0.0,0.0,0.0,0.0
4.287432432174683,-0.3318454921245575,-1.8479681015014648,0.0,0.0,-0.0009417000692337751,-0.17669548094272614,0.0,0.0,-0.04855039772465624,-0.013714747274273676,-0.046721674501895905,0.061245307326316833,0.0,0.0,0.0,0.0
4.288674831390381,-0.3318454921245575,-1.8479681015014648,0.0,0.0,-0.0009417000692337751,-0.17669548094272614,0.0,0.0,-0.04855039772465624,-0.013518205693242212,-0.0408334918320179,0.05504026636481285,0.0,0.0,0.0,0.0
4.289928436279297,-0.3318454921245575,-1.8479681015014648,0.0,0.0,-0.0009417000692337751,-0.17669548094272614,0.0,0.0,-0.04855039772465624,-0.013518205693242212,-0.0408334918320179,0.05504026636481285,0.0,0.0,0.0,0.0
4.291182041168213,-0.3318454921245575,-1.8479681015014648,0.0,0.0,-0.0009417000692337751,-0.17669548094272614,0.0,0.0,-0.04886678301765935,-0.013575730557955155,-0.04512502998113632,0.055812738835811615,0.0,0.0,0.0,0.0
4.292417049407959,-0.3318454921245575,-1.8479681015014648,0.0,0.0,-0.0009417000692337751,-0.17669548094272614,0.0,0.0,-0.04886678301765935,-0.013575730557955155,-0.04512502998113632,0.055812738835811615,0.0,0.0,0.0,0.0
4.293665885925293,-0.3318454921245575,-1.8479681015014648,0.0,0.0,-0.0009417000692337751,-0.17669548094272614,0.0,0.0,-0.04932697608369058,-0.014347513471525656,-0.050074588507413864,0.06679907441139221,0.0,0.0,0.0,0.0
4.294919013977051,-0.3318454921245575,-1.8479681015014648,0.0,0.0,-0.0009417000692337751,-0.17669548094272614,0.0,0.0,-0.04932697608369058,-0.014347513471525656,-0.050074588507413864,0.06679907441139221,0.0,0.0,0.0,0.0
4.296392440795898,-0.17734453082084656,-1.4125945568084717,0.0,0.0,-0.0006292462348937988,-0.1766042709350586,0.0,0.0,-0.04970088624140663,-0.015095329398203522,-0.0509042851626873,0.07217779755592346,0.0,0.0,0.0,0.0
4.297669887542725,-0.17734453082084656,-1.4125945568084717,0.0,0.0,-0.0006292462348937988,-0.1766042709350586,0.0,0.0,-0.04970088624140663,-0.015095329398203522,-0.0509042851626873,0.07217779755592346,0.0,0.0,0.0,0.0
4.298928499221802,-0.17734453082084656,-1.4125945568084717,0.0,0.0,-0.0006292462348937988,-0.1766042709350586,0.0,0.0,-0.04974402476972806,-0.015895876207048572,-0.04368280619382858,0.07253873348236084,0.0,0.0,0.0,0.0
4.300168514251709,-0.17734453082084656,-1.4125945568084717,0.0,0.0,-0.0006292462348937988,-0.1766042709350586,0.0,0.0,-0.04974402476972806,-0.015895876207048572,-0.04368280619382858,0.07253873348236084,0.0,0.0,0.0,0.0
4.301656246185303,-0.17734453082084656,-1.4125945568084717,0.0,0.0,-0.0006292462348937988,-0.1766042709350586,0.0,0.0,-0.049926187328958406,-0.016595755234105013,-0.04482721537351608,0.07620084285736084,0.0,0.0,0.0,0.0
4.302906036376953,-0.17734453082084656,-1.4125945568084717,0.0,0.0,-0.0006292462348937988,-0.1766042709350586,0.0,0.0,-0.04997412422857983,-0.01716141006447061,-0.044312238693237305,0.07863271236419678,0.0,0.0,0.0,0.0
4.304198503494263,-0.17734453082084656,-1.4125945568084717,0.0,0.0,-0.0006292462348937988,-0.1766042709350586,0.0,0.0,-0.04997412422857983,-0.01716141006447061,-0.044312238693237305,0.07863271236419678,0.0,0.0,0.0,0.0
4.30547833442688,-0.07955680787563324,-1.0534043312072754,0.0,0.0,-0.0002643918851390481,-0.17634771764278412,0.0,0.0,-0.04993577236821376,-0.01775582732719268,-0.04322502017021179,0.08198010921478271,0.0,0.0,0.0,0.0
4.306755542755127,-0.07955680787563324,-1.0534043312072754,0.0,0.0,-0.0002643918851390481,-0.17634771764278412,0.0,0.0,-0.04993577236821376,-0.01775582732719268,-0.04322502017021179,0.08198010921478271,0.0,0.0,0.0,0.0
4.308041572570801,-0.07955680787563324,-1.0534043312072754,0.0,0.0,-0.0002643918851390481,-0.17634771764278412,0.0,0.0,-0.04993577236821376,-0.0180338622227478,-0.04322502017021179,0.08160817623138428,0.0,0.0,0.0,0.0
4.30940842628479,-0.07955680787563324,-1.0534043312072754,0.0,0.0,-0.0002643918851390481,-0.17634771764278412,0.0,0.0,-0.04993577236821376,-0.0180338622227478,-0.04322502017021179,0.08160817623138428,0.0,0.0,0.0,0.0
4.310720443725586,-0.07955680787563324,-1.0534043312072754,0.0,0.0,-0.0002643918851390481,-0.17634771764278412,0.0,0.0,-0.04920713383463701,-0.018335864105195554,-0.028750626370310783,0.0761173814535141,0.0,0.0,0.0,0.0
4.312020301818848,-0.07955680787563324,-1.0534043312072754,0.0,0.0,-0.0002643918851390481,-0.17634771764278412,0.0,0.0,-0.04920713383463701,-0.018335864105195554,-0.028750626370310783,0.0761173814535141,0.0,0.0,0.0,0.0
4.313335657119751,-0.07955680787563324,-1.0534043312072754,0.0,0.0,-0.0002643918851390481,-0.17634771764278412,0.0,0.0,-0.048689415903892835,-0.018484468786605594,-0.027262886986136436,0.0763462632894516,0.0,0.0,0.0,0.0
4.31463885307312,-0.07955680787563324,-1.0534043312072754,0.0,0.0,-0.0002643918851390481,-0.17634771764278412,0.0,0.0,-0.048689415903892835,-0.018484468786605594,-0.027262886986136436,0.0763462632894516,0.0,0.0,0.0,0.0
4.315902948379517,-0.06179973483085632,-0.9919452667236328,0.0,0.0,-0.00021238539193291217,-0.17635001242160797,0.0,0.0,-0.04839220654107276,-0.01866662841999978,-0.024745192378759384,0.07743344455957413,0.0,0.0,0.0,0.0
4.317227125167847,-0.06179973483085632,-0.9919452667236328,0.0,0.0,-0.00021238539193291217,-0.17635001242160797,0.0,0.0,-0.04839220654107276,-0.01866662841999978,-0.024745192378759384,0.07743344455957413,0.0,0.0,0.0,0.0
4.3185508251190186,-0.06179973483085632,-0.9919452667236328,0.0,0.0,-0.00021238539193291217,-0.17635001242160797,0.0,0.0,-0.04801350386372903,-0.018714565319621207,-0.02271387167274952,0.07688985764980316,0.0,0.0,0.0,0.0
4.320291042327881,-0.06179973483085632,-0.9919452667236328,0.0,0.0,-0.00021238539193291217,-0.17635001242160797,0.0,0.0,-0.04788886909504779,-0.018642659970189067,-0.017669759690761566,0.06972716003656387,0.0,0.0,0.0,0.0
4.321571588516235,-0.06179973483085632,-0.9919452667236328,0.0,0.0,-0.00021238539193291217,-0.17635001242160797,0.0,0.0,-0.04788886909504779,-0.018642659970189067,-0.017669759690761566,0.06972716003656387,0.0,0.0,0.0,0.0
4.323060750961304,-0.06179973483085632,-0.9919452667236328,0.0,0.0,-0.00021238539193291217,-0.17635001242160797,0.0,0.0,-0.047615628182038426,-0.018642659970189067,-0.014665686525404453,0.06972716003656387,0.0,0.0,0.0,0.0
4.3245062828063965,-0.06179973483085632,-0.9919452667236328,0.0,0.0,-0.00021238539193291217,-0.17635001242160797,0.0,0.0,-0.047615628182038426,-0.018642659970189067,-0.014665686525404453,0.06972716003656387,0.0,0.0,0.0,0.0
4.3257975578308105,-0.19730064272880554,-1.2063149213790894,0.0,0.0,-0.0004315194673836231,-0.1765885055065155,0.0,0.0,-0.04756289876278932,-0.018642659970189067,-0.01652534492313862,0.06972716003656387,0.0,0.0,0.0,0.0
4.327556848526001,-0.19730064272880554,-1.2063149213790894,0.0,0.0,-0.0004315194673836231,-0.1765885055065155,0.0,0.0,-0.04763000866675762,-0.018642659970189067,-0.017726974561810493,0.06972716003656387,0.0,0.0,0.0,0.0
4.3288514614105225,-0.19730064272880554,-1.2063149213790894,0.0,0.0,-0.0004315194673836231,-0.1765885055065155,0.0,0.0,-0.04763000866675762,-0.018642659970189067,-0.017726974561810493,0.06972716003656387,0.0,0.0,0.0,0.0
4.330137491226196,-0.19730064272880554,-1.2063149213790894,0.0,0.0,-0.0004315194673836231,-0.1765885055065155,0.0,0.0,-0.04763000866675762,-0.018642659970189067,-0.011861545965075493,0.06386386603116989,0.0,0.0,0.0,0.0
4.332013130187988,-0.19730064272880554,-1.2063149213790894,0.0,0.0,-0.0004315194673836231,-0.1765885055065155,0.0,0.0,-0.047917630064486176,-0.018642659970189067,-0.016153087839484215,0.06386386603116989,0.0,0.0,0.0,0.0
4.333310604095459,-0.19730064272880554,-1.2063149213790894,0.0,0.0,-0.0004315194673836231,-0.1765885055065155,0.0,0.0,-0.047917630064486176,-0.018642659970189067,-0.016153087839484215,0.06386386603116989,0.0,0.0,0.0,0.0
4.33465576171875,-0.19730064272880554,-1.2063149213790894,0.0,0.0,-0.0004315194673836231,-0.1765885055065155,0.0,0.0,-0.04835385760654285,-0.018642659970189067,-0.019500484690070152,0.06386386603116989,0.0,0.0,0.0,0.0
4.3359668254852295,-0.28175851702690125,-1.0159395933151245,0.0,0.0,-0.000661740021314472,-0.1765897423028946,0.0,0.0,-0.04835385760654285,-0.018642659970189067,-0.019500484690070152,0.06386386603116989,0.0,0.0,0.0,0.0
4.337270021438599,-0.28175851702690125,-1.0159395933151245,0.0,0.0,-0.000661740021314472,-0.1765897423028946,0.0,0.0,-0.04885239960710399,-0.018642659970189067,-0.0219037514179945,0.06386386603116989,0.0,0.0,0.0,0.0
4.338608264923096,-0.28175851702690125,-1.0159395933151245,0.0,0.0,-0.000661740021314472,-0.1765897423028946,0.0,0.0,-0.04885239960710399,-0.018642659970189067,-0.0219037514179945,0.06386386603116989,0.0,0.0,0.0,0.0
4.339950084686279,-0.28175851702690125,-1.0159395933151245,0.0,0.0,-0.000661740021314472,-0.1765897423028946,0.0,0.0,-0.04932697608369058,-0.018642659970189067,-0.02024701237678528,0.05797140300273895,0.0,0.0,0.0,0.0
4.341275691986084,-0.28175851702690125,-1.0159395933151245,0.0,0.0,-0.000661740021314472,-0.1765897423028946,0.0,0.0,-0.04932697608369058,-0.018642659970189067,-0.02024701237678528,0.05797140300273895,0.0,0.0,0.0,0.0
4.342697858810425,-0.28175851702690125,-1.0159395933151245,0.0,0.0,-0.000661740021314472,-0.1765897423028946,0.0,0.0,-0.04964335845085752,-0.018796058634144863,-0.02290777862071991,0.05965941399335861,0.0,0.0,0.0,0.0
4.344171524047852,-0.28175851702690125,-1.0159395933151245,0.0,0.0,-0.000661740021314472,-0.1765897423028946,0.0,0.0,-0.04964335845085752,-0.018796058634144863,-0.02290777862071991,0.05965941399335861,0.0,0.0,0.0,0.0
4.34562611579895,-0.3154970407485962,-0.8272014260292053,0.0,0.0,-0.0007703286246396601,-0.17654265463352203,0.0,0.0,-0.05008917395800572,-0.018690596869810495,-0.022650286555290222,0.0573992058634758,0.0,0.0,0.0,0.0
4.347257614135742,-0.3154970407485962,-0.8272014260292053,0.0,0.0,-0.0007703286246396601,-0.17654265463352203,0.0,0.0,-0.050419939735728024,-0.018604311035659158,-0.024481313303112984,0.056912828236818314,0.0,0.0,0.0,0.0
4.348750352859497,-0.3154970407485962,-0.8272014260292053,0.0,0.0,-0.0007703286246396601,-0.17654265463352203,0.0,0.0,-0.050419939735728024,-0.018604311035659158,-0.024481313303112984,0.056912828236818314,0.0,0.0,0.0,0.0
4.35011887550354,-0.3154970407485962,-0.8272014260292053,0.0,0.0,-0.0007703286246396601,-0.17654265463352203,0.0,0.0,-0.0506452408232798,-0.018508437236416306,-0.019337009638547897,0.05048246309161186,0.0,0.0,0.0,0.0
4.3514814376831055,-0.3154970407485962,-0.8272014260292053,0.0,0.0,-0.0007703286246396601,-0.17654265463352203,0.0,0.0,-0.0506452408232798,-0.018508437236416306,-0.019337009638547897,0.05048246309161186,0.0,0.0,0.0,0.0
4.353389739990234,-0.3154970407485962,-0.8272014260292053,0.0,0.0,-0.0007703286246396601,-0.17654265463352203,0.0,0.0,-0.050904101251569966,-0.01842214993934689,-0.02219804748892784,0.0499388724565506,0.0,0.0,0.0,0.0
4.355144023895264,-0.3154970407485962,-0.8272014260292053,0.0,0.0,-0.0007703286246396601,-0.17654265463352203,0.0,0.0,-0.05091368629082532,-0.018484468786605594,-0.02051004394888878,0.05114050209522247,0.0,0.0,0.0,0.0
4.357012748718262,-0.2735312581062317,-0.7843992710113525,0.0,0.0,-0.0007437497843056917,-0.17655815184116364,0.0,0.0,-0.05091368629082532,-0.018484468786605594,-0.02051004394888878,0.05114050209522247,0.0,0.0,0.0,0.0
4.358890533447266,-0.2735312581062317,-0.7843992710113525,0.0,0.0,-0.0007437497843056917,-0.17655815184116364,0.0,0.0,-0.05119172264929852,-0.018484468786605594,-0.022941891103982925,0.05114050209522247,0.0,0.0,0.0,0.0
4.3602612018585205,-0.2735312581062317,-0.7843992710113525,0.0,0.0,-0.0007437497843056917,-0.17655815184116364,0.0,0.0,-0.051162961679860126,-0.018484468786605594,-0.016610153019428253,0.04526440054178238,0.0,0.0,0.0,0.0
4.361621379852295,-0.2735312581062317,-0.7843992710113525,0.0,0.0,-0.0007437497843056917,-0.17655815184116364,0.0,0.0,-0.051162961679860126,-0.018484468786605594,-0.016610153019428253,0.04526440054178238,0.0,0.0,0.0,0.0
4.363033056259155,-0.2735312581062317,-0.7843992710113525,0.0,0.0,-0.0007437497843056917,-0.17655815184116364,0.0,0.0,-0.051162961679860126,-0.018484468786605594,-0.015294110402464867,0.04526440054178238,0.0,0.0,0.0,0.0
4.364391326904297,-0.2735312581062317,-0.7843992710113525,0.0,0.0,-0.0007437497843056917,-0.17655815184116364,0.0,0.0,-0.051162961679860126,-0.018484468786605594,-0.015294110402464867,0.04526440054178238,0.0,0.0,0.0,0.0
4.366034507751465,-0.21626797318458557,-0.7668460607528687,0.0,0.0,-0.0006195694440975785,-0.176630437374115,0.0,0.0,-0.051162961679860126,-0.018484468786605594,-0.015294110402464867,0.04526440054178238,0.0,0.0,0.0,0.0
4.367439270019531,-0.21626797318458557,-0.7668460607528687,0.0,0.0,-0.0006195694440975785,-0.176630437374115,0.0,0.0,-0.051162961679860126,-0.018484468786605594,-0.015294110402464867,0.04526440054178238,0.0,0.0,0.0,0.0
4.368818521499634,-0.21626797318458557,-0.7668460607528687,0.0,0.0,-0.0006195694440975785,-0.176630437374115,0.0,0.0,-0.051162961679860126,-0.018484468786605594,-0.015294110402464867,0.04526440054178238,0.0,0.0,0.0,0.0
4.3707733154296875,-0.21626797318458557,-0.7668460607528687,0.0,0.0,-0.0006195694440975785,-0.176630437374115,0.0,0.0,-0.051162961679860126,-0.018484468786605594,-0.00944291241466999,0.0394132062792778,0.0,0.0,0.0,0.0
4.372183561325073,-0.21626797318458557,-0.7668460607528687,0.0,0.0,-0.0006195694440975785,-0.176630437374115,0.0,0.0,-0.051162961679860126,-0.018484468786605594,-0.00944291241466999,0.0394132062792778,0.0,0.0,0.0,0.0
4.3736138343811035,-0.21626797318458557,-0.7668460607528687,0.0,0.0,-0.0006195694440975785,-0.176630437374115,0.0,0.0,-0.051162961679860126,-0.018484468786605594,-0.00944291241466999,0.0394132062792778,0.0,0.0,0.0,0.0
4.375046253204346,-0.21626797318458557,-0.7668460607528687,0.0,0.0,-0.0006195694440975785,-0.176630437374115,0.0,0.0,-0.051162961679860126,-0.018719359302166966,-0.00944291241466999,0.04301809147000313,0.0,0.0,0.0,0.0
4.376763820648193,-0.158839151263237,-0.7072519659996033,0.0,0.0,-0.00046102950000204146,-0.17670005559921265,0.0,0.0,-0.051162961679860126,-0.018719359302166966,-0.00944291241466999,0.04301809147000313,0.0,0.0,0.0,0.0
4.378198862075806,-0.158839151263237,-0.7072519659996033,0.0,0.0,-0.00046102950000204146,-0.17670005559921265,0.0,0.0,-0.051162961679860126,-0.018820027083955575,-0.00944291241466999,0.042217008769512177,0.0,0.0,0.0,0.0
4.3795812129974365,-0.158839151263237,-0.7072519659996033,0.0,0.0,-0.00046102950000204146,-0.17670005559921265,0.0,0.0,-0.051162961679860126,-0.018820027083955575,-0.00944291241466999,0.042217008769512177,0.0,0.0,0.0,0.0
4.381412744522095,-0.158839151263237,-0.7072519659996033,0.0,0.0,-0.00046102950000204146,-0.17670005559921265,0.0,0.0,-0.05073152958326729,-0.018915900883198427,0.001409249729476869,0.03691738471388817,0.0,0.0,0.0,0.0
4.3830201625823975,-0.158839151263237,-0.7072519659996033,0.0,0.0,-0.00046102950000204146,-0.17670005559921265,0.0,0.0,-0.05067879431234587,-0.01909326653404686,0.0001790026726666838,0.03748958930373192,0.0,0.0,0.0,0.0
4.384646415710449,-0.158839151263237,-0.7072519659996033,0.0,0.0,-0.00046102950000204146,-0.17670005559921265,0.0,0.0,-0.05067879431234587,-0.01909326653404686,0.0001790026726666838,0.03748958930373192,0.0,0.0,0.0,0.0
4.3866660594940186,-0.17108580470085144,-0.5936012864112854,0.0,0.0,-0.00044371362309902906,-0.17671647667884827,0.0,0.0,-0.050472669154977126,-0.019285014132532564,0.0022675427608191967,0.03997867926955223,0.0,0.0,0.0,0.0
4.388293027877808,-0.17108580470085144,-0.5936012864112854,0.0,0.0,-0.00044371362309902906,-0.17671647667884827,0.0,0.0,-0.05037679535573428,-0.019424032311769163,0.003297538962215185,0.040865588933229446,0.0,0.0,0.0,0.0
4.389627695083618,-0.17108580470085144,-0.5936012864112854,0.0,0.0,-0.00044371362309902906,-0.17671647667884827,0.0,0.0,-0.05039117291461731,-0.019730828176762676,0.0068856640718877316,0.037447698414325714,0.0,0.0,0.0,0.0
4.3909430503845215,-0.17108580470085144,-0.5936012864112854,0.0,0.0,-0.00044371362309902906,-0.17671647667884827,0.0,0.0,-0.05039117291461731,-0.019730828176762676,0.0068856640718877316,0.037447698414325714,0.0,0.0,0.0,0.0
4.392258644104004,-0.17108580470085144,-0.5936012864112854,0.0,0.0,-0.00044371362309902906,-0.17671647667884827,0.0,0.0,-0.05039117291461731,-0.01989860732543767,0.0068856640718877316,0.03784824162721634,0.0,0.0,0.0,0.0
4.393563508987427,-0.17108580470085144,-0.5936012864112854,0.0,0.0,-0.00044371362309902906,-0.17671647667884827,0.0,0.0,-0.05039117291461731,-0.01989860732543767,0.0068856640718877316,0.03784824162721634,0.0,0.0,0.0,0.0
4.3950676918029785,-0.17108580470085144,-0.5936012864112854,0.0,0.0,-0.00044371362309902906,-0.17671647667884827,0.0,0.0,-0.05039117291461731,-0.020071180456658417,0.0068856640718877316,0.03887820616364479,0.0,0.0,0.0,0.0
4.396580219268799,-0.17079758644104004,-0.47881075739860535,0.0,0.0,-0.00044371362309902906,-0.17671647667884827,0.0,0.0,-0.05039117291461731,-0.020071180456658417,0.0068856640718877316,0.03887820616364479,0.0,0.0,0.0,0.0
4.398090124130249,-0.17079758644104004,-0.47881075739860535,0.0,0.0,-0.00044371362309902906,-0.17671647667884827,0.0,0.0,-0.05039117291461731,-0.02037797632165193,0.0068856640718877316,0.04139590635895729,0.0,0.0,0.0,0.0
4.399409532546997,-0.17079758644104004,-0.47881075739860535,0.0,0.0,-0.00044371362309902906,-0.17671647667884827,0.0,0.0,-0.05039117291461731,-0.020636835287024015,0.012756804004311562,0.03715556859970093,0.0,0.0,0.0,0.0
4.400652170181274,-0.17079758644104004,-0.47881075739860535,0.0,0.0,-0.00044371362309902906,-0.17671647667884827,0.0,0.0,-0.05039117291461731,-0.020636835287024015,0.012756804004311562,0.03715556859970093,0.0,0.0,0.0,0.0
4.4019763469696045,-0.17079758644104004,-0.47881075739860535,0.0,0.0,-0.00044371362309902906,-0.17671647667884827,0.0,0.0,-0.05039117291461731,-0.02092925066729833,0.012756804004311562,0.03747028112411499,0.0,0.0,0.0,0.0
4.403262615203857,-0.17079758644104004,-0.47881075739860535,0.0,0.0,-0.00044371362309902906,-0.17671647667884827,0.0,0.0,-0.05039117291461731,-0.02092925066729833,0.012756804004311562,0.03747028112411499,0.0,0.0,0.0,0.0
4.4046666622161865,-0.17079758644104004,-0.47881075739860535,0.0,0.0,-0.00044371362309902906,-0.17671647667884827,0.0,0.0,-0.050908893771197644,-0.02115455321776819,0.007263611536473036,0.039244115352630615,0.0,0.0,0.0,0.0
4.406017541885376,-0.21426784992218018,-0.3653205931186676,0.0,0.0,-0.0005402584793046117,-0.17672255635261536,0.0,0.0,-0.050908893771197644,-0.02115455321776819,0.007263611536473036,0.039244115352630615,0.0,0.0,0.0,0.0
4.407330274581909,-0.21426784992218018,-0.3653205931186676,0.0,0.0,-0.0005402584793046117,-0.17672255635261536,0.0,0.0,-0.050904101251569966,-0.02129836391663247,0.008865805342793465,0.04021686315536499,0.0,0.0,0.0,0.0
4.408756971359253,-0.21426784992218018,-0.3653205931186676,0.0,0.0,-0.0005402584793046117,-0.17672255635261536,0.0,0.0,-0.050856164351948535,-0.021470937047853217,0.01581570878624916,0.03546922281384468,0.0,0.0,0.0,0.0
4.4101176261901855,-0.21426784992218018,-0.3653205931186676,0.0,0.0,-0.0005402584793046117,-0.17672255635261536,0.0,0.0,-0.050856164351948535,-0.021470937047853217,0.01581570878624916,0.03546922281384468,0.0,0.0,0.0,0.0
4.411437749862671,-0.21426784992218018,-0.3653205931186676,0.0,0.0,-0.0005402584793046117,-0.17672255635261536,0.0,0.0,-0.051014352609695855,-0.02160516124454406,0.014070477336645126,0.036213092505931854,0.0,0.0,0.0,0.0
4.4127209186553955,-0.21426784992218018,-0.3653205931186676,0.0,0.0,-0.0005402584793046117,-0.17672255635261536,0.0,0.0,-0.051014352609695855,-0.02160516124454406,0.014070477336645126,0.036213092505931854,0.0,0.0,0.0,0.0
4.413994312286377,-0.21426784992218018,-0.3653205931186676,0.0,0.0,-0.0005402584793046117,-0.17672255635261536,0.0,0.0,-0.0511150247802387,-0.02171541552850611,0.013469669967889786,0.03741472214460373,0.0,0.0,0.0,0.0
4.415293216705322,-0.2541843354701996,-0.3027515411376953,0.0,0.0,-0.0006369245820678771,-0.1767486333847046,0.0,0.0,-0.0511150247802387,-0.02171541552850611,0.013469669967889786,0.03741472214460373,0.0,0.0,0.0,0.0
4.41657567024231,-0.2541843354701996,-0.3027515411376953,0.0,0.0,-0.0006369245820678771,-0.1767486333847046,0.0,0.0,-0.05120610020818156,-0.02171062154596035,0.012926069088280201,0.03524034470319748,0.0,0.0,0.0,0.0
4.417851686477661,-0.2541843354701996,-0.3027515411376953,0.0,0.0,-0.0006369245820678771,-0.1767486333847046,0.0,0.0,-0.05120610020818156,-0.02171062154596035,0.012926069088280201,0.03524034470319748,0.0,0.0,0.0,0.0
4.419124603271484,-0.2541843354701996,-0.3027515411376953,0.0,0.0,-0.0006369245820678771,-0.1767486333847046,0.0,0.0,-0.051162961679860126,-0.02171062154596035,0.01987852156162262,0.029348596930503845,0.0,0.0,0.0,0.0
4.420382976531982,-0.2541843354701996,-0.3027515411376953,0.0,0.0,-0.0006369245820678771,-0.1767486333847046,0.0,0.0,-0.051162961679860126,-0.02171062154596035,0.01987852156162262,0.029348596930503845,0.0,0.0,0.0,0.0
4.421632289886475,-0.2541843354701996,-0.3027515411376953,0.0,0.0,-0.0006369245820678771,-0.1767486333847046,0.0,0.0,-0.051162961679860126,-0.02171062154596035,0.01987852156162262,0.029348596930503845,0.0,0.0,0.0,0.0
4.422940254211426,-0.2541843354701996,-0.3027515411376953,0.0,0.0,-0.0006369245820678771,-0.1767486333847046,0.0,0.0,-0.051162961679860126,-0.02171062154596035,0.01987852156162262,0.029348596930503845,0.0,0.0,0.0,0.0
4.424199104309082,-0.2541843354701996,-0.3027515411376953,0.0,0.0,-0.0006369245820678771,-0.1767486333847046,0.0,0.0,-0.051249244588175306,-0.021835257777559673,0.018505237996578217,0.030922165140509605,0.0,0.0,0.0,0.0
4.425538778305054,-0.28508174419403076,-0.24113914370536804,0.0,0.0,-0.0007282480364665389,-0.17680086195468903,0.0,0.0,-0.051249244588175306,-0.021835257777559673,0.018505237996578217,0.030922165140509605,0.0,0.0,0.0,0.0
4.426819562911987,-0.28508174419403076,-0.24113914370536804,0.0,0.0,-0.0007282480364665389,-0.17680086195468903,0.0,0.0,-0.05134511838741816,-0.021792114860484005,0.017990274354815483,0.02983497455716133,0.0,0.0,0.0,0.0
4.4280641078948975,-0.28508174419403076,-0.24113914370536804,0.0,0.0,-0.0007282480364665389,-0.17680086195468903,0.0,0.0,-0.05134511838741816,-0.021792114860484005,0.017990274354815483,0.02983497455716133,0.0,0.0,0.0,0.0
4.4296276569366455,-0.28508174419403076,-0.24113914370536804,0.0,0.0,-0.0007282480364665389,-0.17680086195468903,0.0,0.0,-0.05143619966703333,-0.022252309389433313,0.023277929052710533,0.029953913763165474,0.0,0.0,0.0,0.0
4.430904388427734,-0.28508174419403076,-0.24113914370536804,0.0,0.0,-0.0007282480364665389,-0.17680086195468903,0.0,0.0,-0.05153207346627618,-0.02237215163848688,0.022705724462866783,0.029124218970537186,0.0,0.0,0.0,0.0
4.432173728942871,-0.28508174419403076,-0.24113914370536804,0.0,0.0,-0.0007282480364665389,-0.17680086195468903,0.0,0.0,-0.05153207346627618,-0.02237215163848688,0.022705724462866783,0.029124218970537186,0.0,0.0,0.0,0.0
4.433565616607666,-0.28508174419403076,-0.24113914370536804,0.0,0.0,-0.0007282480364665389,-0.17680086195468903,0.0,0.0,-0.051469753156099404,-0.022324214738865453,0.023878751322627068,0.027178727090358734,0.0,0.0,0.0,0.0
4.43481183052063,-0.28508174419403076,-0.24113914370536804,0.0,0.0,-0.0007282480364665389,-0.17680086195468903,0.0,0.0,-0.051469753156099404,-0.022324214738865453,0.023878751322627068,0.027178727090358734,0.0,0.0,0.0,0.0
4.436240911483765,-0.28519633412361145,-0.21584953367710114,0.0,0.0,-0.0007332014502026141,-0.1768670529127121,0.0,0.0,-0.051469753156099404,-0.022324214738865453,0.023878751322627068,0.027178727090358734,0.0,0.0,0.0,0.0
4.437523603439331,-0.28519633412361145,-0.21584953367710114,0.0,0.0,-0.0007332014502026141,-0.1768670529127121,0.0,0.0,-0.051469753156099404,-0.022324214738865453,0.023878751322627068,0.027178727090358734,0.0,0.0,0.0,0.0
4.4387595653533936,-0.28519633412361145,-0.21584953367710114,0.0,0.0,-0.0007332014502026141,-0.1768670529127121,0.0,0.0,-0.051469753156099404,-0.022429675040281743,0.029704347252845764,0.022782934829592705,0.0,0.0,0.0,0.0
4.440025329589844,-0.28519633412361145,-0.21584953367710114,0.0,0.0,-0.0007332014502026141,-0.1768670529127121,0.0,0.0,-0.051469753156099404,-0.022429675040281743,0.029704347252845764,0.022782934829592705,0.0,0.0,0.0,0.0
4.441263437271118,-0.28519633412361145,-0.21584953367710114,0.0,0.0,-0.0007332014502026141,-0.1768670529127121,0.0,0.0,-0.051613563854963684,-0.02252075485697884,0.0280449278652668,0.023355139419436455,0.0,0.0,0.0,0.0
4.44252872467041,-0.28519633412361145,-0.21584953367710114,0.0,0.0,-0.0007332014502026141,-0.1768670529127121,0.0,0.0,-0.051613563854963684,-0.02252075485697884,0.0280449278652668,0.023355139419436455,0.0,0.0,0.0,0.0
4.4437761306762695,-0.28519633412361145,-0.21584953367710114,0.0,0.0,-0.0007332014502026141,-0.1768670529127121,0.0,0.0,-0.05169985261495118,-0.02261662865622169,0.027529966086149216,0.023898733779788017,0.0,0.0,0.0,0.0
4.445186138153076,-0.27868595719337463,-0.09166589379310608,0.0,0.0,-0.0007294176612049341,-0.17688003182411194,0.0,0.0,-0.05169985261495118,-0.02261662865622169,0.027529966086149216,0.023898733779788017,0.0,0.0,0.0,0.0
4.446454286575317,-0.27868595719337463,-0.09166589379310608,0.0,0.0,-0.0007294176612049341,-0.17688003182411194,0.0,0.0,-0.052030618392673485,-0.022880281604139536,0.023782003670930862,0.026330607011914253,0.0,0.0,0.0,0.0
4.447688102722168,-0.27868595719337463,-0.09166589379310608,0.0,0.0,-0.0007294176612049341,-0.17688003182411194,0.0,0.0,-0.052030618392673485,-0.022880281604139536,0.023782003670930862,0.026330607011914253,0.0,0.0,0.0,0.0
4.448943614959717,-0.27868595719337463,-0.09166589379310608,0.0,0.0,-0.0007294176612049341,-0.17688003182411194,0.0,0.0,-0.05209773122247794,-0.022956980936117432,0.029676031321287155,0.020121147856116295,0.0,0.0,0.0,0.0
4.450228929519653,-0.27868595719337463,-0.09166589379310608,0.0,0.0,-0.0007294176612049341,-0.17688003182411194,0.0,0.0,-0.05209773122247794,-0.022956980936117432,0.029676031321287155,0.020121147856116295,0.0,0.0,0.0,0.0
4.451661586761475,-0.27868595719337463,-0.09166589379310608,0.0,0.0,-0.0007294176612049341,-0.17688003182411194,0.0,0.0,-0.05208334781192259,-0.023182284949505368,0.03190763667225838,0.022209689021110535,0.0,0.0,0.0,0.0
4.45290470123291,-0.27868595719337463,-0.09166589379310608,0.0,0.0,-0.0007294176612049341,-0.17688003182411194,0.0,0.0,-0.052217573471531505,-0.023268570783656704,0.0302482508122921,0.021952200680971146,0.0,0.0,0.0,0.0
4.454252243041992,-0.27868595719337463,-0.09166589379310608,0.0,0.0,-0.0007294176612049341,-0.17688003182411194,0.0,0.0,-0.052217573471531505,-0.023268570783656704,0.0302482508122921,0.021952200680971146,0.0,0.0,0.0,0.0
4.4555206298828125,-0.28871262073516846,-0.031099922955036163,0.0,0.0,-0.0007567768916487694,-0.1769268810749054,0.0,0.0,-0.05270173498737345,-0.023479492849407365,0.024898147210478783,0.024040749296545982,0.0,0.0,0.0,0.0
4.456843137741089,-0.28871262073516846,-0.031099922955036163,0.0,0.0,-0.0007567768916487694,-0.1769268810749054,0.0,0.0,-0.05270173498737345,-0.023479492849407365,0.024898147210478783,0.024040749296545982,0.0,0.0,0.0,0.0
4.458211660385132,-0.28871262073516846,-0.031099922955036163,0.0,0.0,-0.0007567768916487694,-0.1769268810749054,0.0,0.0,-0.0530708467737895,-0.02383422707694038,0.022809581831097603,0.026901768520474434,0.0,0.0,0.0,0.0
4.459455728530884,-0.28871262073516846,-0.031099922955036163,0.0,0.0,-0.0007567768916487694,-0.1769268810749054,0.0,0.0,-0.0530708467737895,-0.02383422707694038,0.022809581831097603,0.026901768520474434,0.0,0.0,0.0,0.0
4.460955619812012,-0.28871262073516846,-0.031099922955036163,0.0,0.0,-0.0007567768916487694,-0.1769268810749054,0.0,0.0,-0.053137959603593965,-0.023815051146757346,0.031147032976150513,0.018078673630952835,0.0,0.0,0.0,0.0
4.46217155456543,-0.28871262073516846,-0.031099922955036163,0.0,0.0,-0.0007567768916487694,-0.1769268810749054,0.0,0.0,-0.053137959603593965,-0.023815051146757346,0.031147032976150513,0.018078673630952835,0.0,0.0,0.0,0.0
4.463393211364746,-0.28871262073516846,-0.031099922955036163,0.0,0.0,-0.0007567768916487694,-0.1769268810749054,0.0,0.0,-0.05332970720207967,-0.024212928291366034,0.028715183958411217,0.02340017817914486,0.0,0.0,0.0,0.0
4.464641809463501,-0.28871262073516846,-0.031099922955036163,0.0,0.0,-0.0007567768916487694,-0.1769268810749054,0.0,0.0,-0.05332970720207967,-0.024212928291366034,0.028715183958411217,0.02340017817914486,0.0,0.0,0.0,0.0
4.465973615646362,-0.29028427600860596,0.04719807952642441,0.0,0.0,-0.0007614917121827602,-0.17694422602653503,0.0,0.0,-0.05367005801905733,-0.024347151025138795,0.025796940550208092,0.023314345628023148,0.0,0.0,0.0,0.0
4.467245817184448,-0.29028427600860596,0.04719807952642441,0.0,0.0,-0.0007614917121827602,-0.17694422602653503,0.0,0.0,-0.05367005801905733,-0.024347151025138795,0.025796940550208092,0.023314345628023148,0.0,0.0,0.0,0.0
4.468475341796875,-0.29028427600860596,0.04719807952642441,0.0,0.0,-0.0007614917121827602,-0.17694422602653503,0.0,0.0,-0.05393850348660286,-0.024634773885785433,0.02428058721125126,0.02591787464916706,0.0,0.0,0.0,0.0
4.46968674659729,-0.29028427600860596,0.04719807952642441,0.0,0.0,-0.0007614917121827602,-0.17694422602653503,0.0,0.0,-0.05393850348660286,-0.024634773885785433,0.02428058721125126,0.02591787464916706,0.0,0.0,0.0,0.0
4.471071720123291,-0.29028427600860596,0.04719807952642441,0.0,0.0,-0.0007614917121827602,-0.17694422602653503,0.0,0.0,-0.054206954805820697,-0.024826521484271138,0.028400640934705734,0.020282182842493057,0.0,0.0,0.0,0.0
4.4723265171051025,-0.29028427600860596,0.04719807952642441,0.0,0.0,-0.0007614917121827602,-0.17694422602653503,0.0,0.0,-0.054206954805820697,-0.024826521484271138,0.028400640934705734,0.020282182842493057,0.0,0.0,0.0,0.0
4.473568677902222,-0.29028427600860596,0.04719807952642441,0.0,0.0,-0.0007614917121827602,-0.17694422602653503,0.0,0.0,-0.05452333717298765,-0.0250278541220122,0.026684027165174484,0.02148381620645523,0.0,0.0,0.0,0.0
4.474808931350708,-0.29028427600860596,0.04719807952642441,0.0,0.0,-0.0007614917121827602,-0.17694422602653503,0.0,0.0,-0.05452333717298765,-0.0250278541220122,0.026684027165174484,0.02148381620645523,0.0,0.0,0.0,0.0
4.4762372970581055,-0.30532050132751465,0.09633193165063858,0.0,0.0,-0.0007787470240145922,-0.17700189352035522,0.0,0.0,-0.05490203985033138,-0.025344239415015308,0.024967415258288383,0.024259008467197418,0.0,0.0,0.0,0.0
4.477484464645386,-0.30532050132751465,0.09633193165063858,0.0,0.0,-0.0007787470240145922,-0.17700189352035522,0.0,0.0,-0.05490203985033138,-0.025344239415015308,0.024967415258288383,0.024259008467197418,0.0,0.0,0.0,0.0
4.478698492050171,-0.30532050132751465,0.09633193165063858,0.0,0.0,-0.0007787470240145922,-0.17700189352035522,0.0,0.0,-0.055333471946924215,-0.02583798889594877,0.019960595294833183,0.02900831028819084,0.0,0.0,0.0,0.0
4.479994297027588,-0.30532050132751465,0.09633193165063858,0.0,0.0,-0.0007787470240145922,-0.17700189352035522,0.0,0.0,-0.055333471946924215,-0.02583798889594877,0.019960595294833183,0.02900831028819084,0.0,0.0,0.0,0.0
4.481295347213745,-0.30532050132751465,0.09633193165063858,0.0,0.0,-0.0007787470240145922,-0.17700189352035522,0.0,0.0,-0.05567861528352956,-0.02635570682669294,0.024718910455703735,0.02610965631902218,0.0,0.0,0.0,0.0
4.482565402984619,-0.30532050132751465,0.09633193165063858,0.0,0.0,-0.0007787470240145922,-0.17700189352035522,0.0,0.0,-0.05567861528352956,-0.02635570682669294,0.024718910455703735,0.02610965631902218,0.0,0.0,0.0,0.0
4.4837987422943115,-0.30532050132751465,0.09633193165063858,0.0,0.0,-0.0007787470240145922,-0.17700189352035522,0.0,0.0,-0.05619153776880989,-0.02677755095819426,0.022029578685760498,0.02728267014026642,0.0,0.0,0.0,0.0
4.485076665878296,-0.30532050132751465,0.09633193165063858,0.0,0.0,-0.0007787470240145922,-0.17700189352035522,0.0,0.0,-0.05619153776880989,-0.02677755095819426,0.022029578685760498,0.02728267014026642,0.0,0.0,0.0,0.0
4.486659288406372,-0.27743205428123474,0.12910591065883636,0.0,0.0,-0.0007417182205244899,-0.17708821594715118,0.0,0.0,-0.056886622813320575,-0.027463050963449583,0.01502006221562624,0.03283305466175079,0.0,0.0,0.0,0.0
4.4879443645477295,-0.27743205428123474,0.12910591065883636,0.0,0.0,-0.0007417182205244899,-0.17708821594715118,0.0,0.0,-0.05748104153896073,-0.028330707676262935,0.0112721286714077,0.0398997962474823,0.0,0.0,0.0,0.0
4.4891626834869385,-0.27743205428123474,0.12910591065883636,0.0,0.0,-0.0007417182205244899,-0.17708821594715118,0.0,0.0,-0.05748104153896073,-0.028330707676262935,0.0112721286714077,0.0398997962474823,0.0,0.0,0.0,0.0
4.4903881549835205,-0.27743205428123474,0.12910591065883636,0.0,0.0,-0.0007417182205244899,-0.17708821594715118,0.0,0.0,-0.058305559723452645,-0.029275065183972264,0.012852014973759651,0.040236081928014755,0.0,0.0,0.0,0.0
4.491620779037476,-0.27743205428123474,0.12910591065883636,0.0,0.0,-0.0007417182205244899,-0.17708821594715118,0.0,0.0,-0.058305559723452645,-0.029275065183972264,0.012852014973759651,0.040236081928014755,0.0,0.0,0.0,0.0
4.4929139614105225,-0.27743205428123474,0.12910591065883636,0.0,0.0,-0.0007417182205244899,-0.17708821594715118,0.0,0.0,-0.059321819654757954,-0.03043993125960569,0.0037825775798410177,0.04996355250477791,0.0,0.0,0.0,0.0
4.494179964065552,-0.27743205428123474,0.12910591065883636,0.0,0.0,-0.0007417182205244899,-0.17708821594715118,0.0,0.0,-0.059321819654757954,-0.03043993125960569,0.0037825775798410177,0.04996355250477791,0.0,0.0,0.0,0.0
4.495436906814575,-0.2744070589542389,0.0805806964635849,0.0,0.0,-0.0007370938546955585,-0.1771945208311081,0.0,0.0,-0.06062570098379182,-0.03176778396428643,-0.004771881271153688,0.060062967240810394,0.0,0.0,0.0,0.0
4.496657371520996,-0.2744070589542389,0.0805806964635849,0.0,0.0,-0.0007370938546955585,-0.1771945208311081,0.0,0.0,-0.06062570098379182,-0.03176778396428643,-0.004771881271153688,0.060062967240810394,0.0,0.0,0.0,0.0
4.497929334640503,-0.2744070589542389,0.0805806964635849,0.0,0.0,-0.0007370938546955585,-0.1771945208311081,0.0,0.0,-0.06199670099430247,-0.03358938614990063,-0.01541490200906992,0.0742536410689354,0.0,0.0,0.0,0.0
4.499181509017944,-0.2744070589542389,0.0805806964635849,0.0,0.0,-0.0007370938546955585,-0.1771945208311081,0.0,0.0,-0.06199670099430247,-0.03358938614990063,-0.01541490200906992,0.0742536410689354,0.0,0.0,0.0,0.0
4.50045108795166,-0.2744070589542389,0.0805806964635849,0.0,0.0,-0.0007370938546955585,-0.1771945208311081,0.0,0.0,-0.06384706414935507,-0.035641084868530445,-0.023550784215331078,0.08181662857532501,0.0,0.0,0.0,0.0
4.501659393310547,-0.2744070589542389,0.0805806964635849,0.0,0.0,-0.0007370938546955585,-0.1771945208311081,0.0,0.0,-0.06384706414935507,-0.035641084868530445,-0.023550784215331078,0.08181662857532501,0.0,0.0,0.0,0.0
4.5029096603393555,-0.2744070589542389,0.0805806964635849,0.0,0.0,-0.0007370938546955585,-0.1771945208311081,0.0,0.0,-0.06560634602479248,-0.037457894534516964,-0.03679732605814934,0.09471985697746277,0.0,0.0,0.0,0.0
4.504143714904785,-0.2744070589542389,0.0805806964635849,0.0,0.0,-0.0007370938546955585,-0.1771945208311081,0.0,0.0,-0.06560634602479248,-0.037457894534516964,-0.03679732605814934,0.09471985697746277,0.0,0.0,0.0,0.0
4.505468845367432,-0.27818670868873596,-0.05019615218043327,0.0,0.0,-0.0007349702063947916,-0.1773957461118698,0.0,0.0,-0.06775871398812898,-0.039576703157115076,-0.05184631049633026,0.10836692899465561,0.0,0.0,0.0,0.0
4.506721019744873,-0.27818670868873596,-0.05019615218043327,0.0,0.0,-0.0007349702063947916,-0.1773957461118698,0.0,0.0,-0.06775871398812898,-0.039576703157115076,-0.05184631049633026,0.10836692899465561,0.0,0.0,0.0,0.0
4.508067607879639,-0.27818670868873596,-0.05019615218043327,0.0,0.0,-0.0007349702063947916,-0.1773957461118698,0.0,0.0,-0.06981520815222264,-0.0415996409063065,-0.06188851222395897,0.11949630081653595,0.0,0.0,0.0,0.0
4.509366989135742,-0.27818670868873596,-0.05019615218043327,0.0,0.0,-0.0007349702063947916,-0.1773957461118698,0.0,0.0,-0.07156969750803237,-0.04342603853738454,-0.06728686392307281,0.12589599192142487,0.0,0.0,0.0,0.0
4.510603189468384,-0.27818670868873596,-0.05019615218043327,0.0,0.0,-0.0007349702063947916,-0.1773957461118698,0.0,0.0,-0.07156969750803237,-0.04342603853738454,-0.06728686392307281,0.12589599192142487,0.0,0.0,0.0,0.0
4.511930465698242,-0.27818670868873596,-0.05019615218043327,0.0,0.0,-0.0007349702063947916,-0.1773957461118698,0.0,0.0,-0.07320434461478854,-0.04456214071774341,-0.07489718496799469,0.12829925119876862,0.0,0.0,0.0,0.0
4.513169050216675,-0.27818670868873596,-0.05019615218043327,0.0,0.0,-0.0007349702063947916,-0.1773957461118698,0.0,0.0,-0.07320434461478854,-0.04456214071774341,-0.07489718496799469,0.12829925119876862,0.0,0.0,0.0,0.0
4.51440691947937,-0.27818670868873596,-0.05019615218043327,0.0,0.0,-0.0007349702063947916,-0.1773957461118698,0.0,0.0,-0.07320434461478854,-0.04456214071774341,-0.07489718496799469,0.12829925119876862,0.0,0.0,0.0,0.0
4.515897035598755,-0.30436164140701294,-0.44928011298179626,0.0,0.0,-0.0007837039884179831,-0.17774327099323273,0.0,0.0,-0.07456096121474384,-0.04548252977564203,-0.08007562160491943,0.12623931467533112,0.0,0.0,0.0,0.0
4.517164945602417,-0.30436164140701294,-0.44928011298179626,0.0,0.0,-0.0007837039884179831,-0.17774327099323273,0.0,0.0,-0.07570185591473039,-0.04597148673694781,-0.08253610134124756,0.12807036936283112,0.0,0.0,0.0,0.0
4.5183799266815186,-0.30436164140701294,-0.44928011298179626,0.0,0.0,-0.0007837039884179831,-0.17774327099323273,0.0,0.0,-0.07570185591473039,-0.04597148673694781,-0.08253610134124756,0.12807036936283112,0.0,0.0,0.0,0.0
4.519685745239258,-0.30436164140701294,-0.44928011298179626,0.0,0.0,-0.0007837039884179831,-0.17774327099323273,0.0,0.0,-0.07604221258338037,-0.046014631116941554,-0.07570917904376984,0.11769717931747437,0.0,0.0,0.0,0.0
4.520952463150024,-0.30436164140701294,-0.44928011298179626,0.0,0.0,-0.0007837039884179831,-0.17774327099323273,0.0,0.0,-0.07604221258338037,-0.046014631116941554,-0.07570917904376984,0.11769717931747437,0.0,0.0,0.0,0.0
4.522192478179932,-0.30436164140701294,-0.44928011298179626,0.0,0.0,-0.0007837039884179831,-0.17774327099323273,0.0,0.0,-0.07604221258338037,-0.046014631116941554,-0.07570917904376984,0.11769717931747437,0.0,0.0,0.0,0.0
4.523640394210815,-0.30436164140701294,-0.44928011298179626,0.0,0.0,-0.0007837039884179831,-0.17774327099323273,0.0,0.0,-0.07634900405961964,-0.0459475182871371,-0.07579502463340759,0.11563725024461746,0.0,0.0,0.0,0.0
4.52487587928772,-0.30436164140701294,-0.44928011298179626,0.0,0.0,-0.0007837039884179831,-0.17774327099323273,0.0,0.0,-0.07635859495054732,-0.04481141318094206,-0.07296259701251984,0.10316319018602371,0.0,0.0,0.0,0.0
4.526124000549316,-0.33073148131370544,-1.2773687839508057,0.0,0.0,-0.0008521414129063487,-0.17842581868171692,0.0,0.0,-0.07635859495054732,-0.04481141318094206,-0.07296259701251984,0.10316319018602371,0.0,0.0,0.0,0.0
4.5274481773376465,-0.33073148131370544,-1.2773687839508057,0.0,0.0,-0.0008521414129063487,-0.17842581868171692,0.0,0.0,-0.0753423291675697,-0.04297543051060867,-0.061947666108608246,0.08244937658309937,0.0,0.0,0.0,0.0
4.5286619663238525,-0.33073148131370544,-1.2773687839508057,0.0,0.0,-0.0008521414129063487,-0.17842581868171692,0.0,0.0,-0.0753423291675697,-0.04297543051060867,-0.061947666108608246,0.08244937658309937,0.0,0.0,0.0,0.0
4.529905796051025,-0.33073148131370544,-1.2773687839508057,0.0,0.0,-0.0008521414129063487,-0.17842581868171692,0.0,0.0,-0.07432606923626438,-0.04190164278875425,-0.04584544897079468,0.07656244188547134,0.0,0.0,0.0,0.0
4.531130075454712,-0.33073148131370544,-1.2773687839508057,0.0,0.0,-0.0008521414129063487,-0.17842581868171692,0.0,0.0,-0.07432606923626438,-0.04190164278875425,-0.04584544897079468,0.07656244188547134,0.0,0.0,0.0,0.0
4.5323920249938965,-0.33073148131370544,-1.2773687839508057,0.0,0.0,-0.0008521414129063487,-0.17842581868171692,0.0,0.0,-0.07334815531365282,-0.040573793009909674,-0.03900761902332306,0.06297258287668228,0.0,0.0,0.0,0.0
4.533655881881714,-0.33073148131370544,-1.2773687839508057,0.0,0.0,-0.0008521414129063487,-0.17842581868171692,0.0,0.0,-0.07334815531365282,-0.040573793009909674,-0.03900761902332306,0.06297258287668228,0.0,0.0,0.0,0.0
4.534945249557495,-0.33073148131370544,-1.2773687839508057,0.0,0.0,-0.0008521414129063487,-0.17842581868171692,0.0,0.0,-0.07271539057931893,-0.03962943550220034,-0.03737682104110718,0.06280092149972916,0.0,0.0,0.0,0.0
4.536200523376465,-0.30694007873535156,-1.9673185348510742,0.0,0.0,-0.0008114996016956866,-0.17918333411216736,0.0,0.0,-0.07271539057931893,-0.03962943550220034,-0.03737682104110718,0.06280092149972916,0.0,0.0,0.0,0.0
4.537492513656616,-0.30694007873535156,-1.9673185348510742,0.0,0.0,-0.0008114996016956866,-0.17918333411216736,0.0,0.0,-0.07214014778386181,-0.03901104832674948,-0.03628964722156525,0.06128457561135292,0.0,0.0,0.0,0.0
4.53872013092041,-0.30694007873535156,-1.9673185348510742,0.0,0.0,-0.0008114996016956866,-0.17918333411216736,0.0,0.0,-0.07214014778386181,-0.03901104832674948,-0.03628964722156525,0.06128457561135292,0.0,0.0,0.0,0.0
4.540046691894531,-0.30694007873535156,-1.9673185348510742,0.0,0.0,-0.0008114996016956866,-0.17918333411216736,0.0,0.0,-0.07212097185367877,-0.03869466595958253,-0.03354225307703018,0.05621767416596413,0.0,0.0,0.0,0.0
4.541319131851196,-0.30694007873535156,-1.9673185348510742,0.0,0.0,-0.0008114996016956866,-0.17918333411216736,0.0,0.0,-0.07212097185367877,-0.03869466595958253,-0.03354225307703018,0.05621767416596413,0.0,0.0,0.0,0.0
4.542561769485474,-0.30694007873535156,-1.9673185348510742,0.0,0.0,-0.0008114996016956866,-0.17918333411216736,0.0,0.0,-0.07217370127292788,-0.0386467290599611,-0.034200284630060196,0.05699014291167259,0.0,0.0,0.0,0.0
4.543869256973267,-0.30694007873535156,-1.9673185348510742,0.0,0.0,-0.0008114996016956866,-0.17918333411216736,0.0,0.0,-0.07217370127292788,-0.0386467290599611,-0.034200284630060196,0.05699014291167259,0.0,0.0,0.0,0.0
4.54519510269165,-0.30694007873535156,-1.9673185348510742,0.0,0.0,-0.0008114996016956866,-0.17918333411216736,0.0,0.0,-0.07217370127292788,-0.03879533227845306,-0.03551635891199112,0.0608525313436985,0.0,0.0,0.0,0.0
4.546715021133423,-0.22882170975208282,-1.8518046140670776,0.0,0.0,-0.0006547566154040396,-0.17941789329051971,0.0,0.0,-0.07217370127292788,-0.03879533227845306,-0.03551635891199112,0.0608525313436985,0.0,0.0,0.0,0.0
4.548024654388428,-0.22882170975208282,-1.8518046140670776,0.0,0.0,-0.0006547566154040396,-0.17941789329051971,0.0,0.0,-0.07249008364009484,-0.040070455563884694,-0.0382915660738945,0.07613039016723633,0.0,0.0,0.0,0.0
4.549331426620483,-0.22882170975208282,-1.8518046140670776,0.0,0.0,-0.0006547566154040396,-0.17941789329051971,0.0,0.0,-0.07338650717401889,-0.041441449722723026,-0.04219362139701843,0.07991800457239151,0.0,0.0,0.0,0.0
4.550570249557495,-0.22882170975208282,-1.8518046140670776,0.0,0.0,-0.0006547566154040396,-0.17941789329051971,0.0,0.0,-0.07338650717401889,-0.041441449722723026,-0.04219362139701843,0.07991800457239151,0.0,0.0,0.0,0.0
4.551840543746948,-0.22882170975208282,-1.8518046140670776,0.0,0.0,-0.0006547566154040396,-0.17941789329051971,0.0,0.0,-0.07392339810910994,-0.0420981858327038,-0.0463993102312088,0.08237847685813904,0.0,0.0,0.0,0.0
4.553082466125488,-0.22882170975208282,-1.8518046140670776,0.0,0.0,-0.0006547566154040396,-0.17941789329051971,0.0,0.0,-0.07392339810910994,-0.0420981858327038,-0.0463993102312088,0.08237847685813904,0.0,0.0,0.0,0.0
4.554349899291992,-0.22882170975208282,-1.8518046140670776,0.0,0.0,-0.0006547566154040396,-0.17941789329051971,0.0,0.0,-0.07392339810910994,-0.0420981858327038,-0.0463993102312088,0.08237847685813904,0.0,0.0,0.0,0.0
4.555613994598389,-0.13632750511169434,-0.9886602759361267,0.0,0.0,-0.00044079284998588264,-0.1789863258600235,0.0,0.0,-0.07449864090456705,-0.04311924120947294,-0.048516497015953064,0.08930213749408722,0.0,0.0,0.0,0.0
4.556947708129883,-0.13632750511169434,-0.9886602759361267,0.0,0.0,-0.00044079284998588264,-0.1789863258600235,0.0,0.0,-0.07482940668228936,-0.04382870673870282,-0.04980394244194031,0.0936795026063919,0.0,0.0,0.0,0.0
4.558174133300781,-0.13632750511169434,-0.9886602759361267,0.0,0.0,-0.00044079284998588264,-0.1789863258600235,0.0,0.0,-0.07482940668228936,-0.04382870673870282,-0.04980394244194031,0.0936795026063919,0.0,0.0,0.0,0.0
4.559431076049805,-0.13632750511169434,-0.9886602759361267,0.0,0.0,-0.00044079284998588264,-0.1789863258600235,0.0,0.0,-0.07511702808001791,-0.04438956904944074,-0.045170970261096954,0.0889035314321518,0.0,0.0,0.0,0.0
4.560678482055664,-0.13632750511169434,-0.9886602759361267,0.0,0.0,-0.00044079284998588264,-0.1789863258600235,0.0,0.0,-0.07511702808001791,-0.04438956904944074,-0.045170970261096954,0.0889035314321518,0.0,0.0,0.0,0.0
4.562001943588257,-0.13632750511169434,-0.9886602759361267,0.0,0.0,-0.00044079284998588264,-0.1789863258600235,0.0,0.0,-0.07512661311927328,-0.04443271342943449,-0.04236718267202377,0.08618554472923279,0.0,0.0,0.0,0.0
4.5632805824279785,-0.13632750511169434,-0.9886602759361267,0.0,0.0,-0.00044079284998588264,-0.1789863258600235,0.0,0.0,-0.07512661311927328,-0.04443271342943449,-0.04236718267202377,0.08618554472923279,0.0,0.0,0.0,0.0
4.564549207687378,-0.13632750511169434,-0.9886602759361267,0.0,0.0,-0.00044079284998588264,-0.1789863258600235,0.0,0.0,-0.07509305963020721,-0.04458610916755413,-0.041337210685014725,0.0859280526638031,0.0,0.0,0.0,0.0
4.565824270248413,-0.12928713858127594,-0.8847748041152954,0.0,0.0,-0.00037312027416191995,-0.17882664501667023,0.0,0.0,-0.07509305963020721,-0.04458610916755413,-0.041337210685014725,0.0859280526638031,0.0,0.0,0.0,0.0
4.5672619342803955,-0.12928713858127594,-0.8847748041152954,0.0,0.0,-0.00037312027416191995,-0.17882664501667023,0.0,0.0,-0.07509305963020721,-0.044787444731131346,-0.041337210685014725,0.0870724618434906,0.0,0.0,0.0,0.0
4.568566560745239,-0.12928713858127594,-0.8847748041152954,0.0,0.0,-0.00037312027416191995,-0.17882664501667023,0.0,0.0,-0.07455137032381616,-0.04472033482716305,-0.030387399718165398,0.08061376214027405,0.0,0.0,0.0,0.0
4.569866895675659,-0.12928713858127594,-0.8847748041152954,0.0,0.0,-0.00037312027416191995,-0.17882664501667023,0.0,0.0,-0.07455137032381616,-0.04472033482716305,-0.030387399718165398,0.08061376214027405,0.0,0.0,0.0,0.0
4.5711328983306885,-0.12928713858127594,-0.8847748041152954,0.0,0.0,-0.00037312027416191995,-0.17882664501667023,0.0,0.0,-0.07455137032381616,-0.04472033482716305,-0.030387399718165398,0.08061376214027405,0.0,0.0,0.0,0.0
4.5723419189453125,-0.12928713858127594,-0.8847748041152954,0.0,0.0,-0.00037312027416191995,-0.17882664501667023,0.0,0.0,-0.07405762376871886,-0.04472033482716305,-0.025208959355950356,0.07926908135414124,0.0,0.0,0.0,0.0
4.573563098907471,-0.12928713858127594,-0.8847748041152954,0.0,0.0,-0.00037312027416191995,-0.17882664501667023,0.0,0.0,-0.07405762376871886,-0.04472033482716305,-0.025208959355950356,0.07926908135414124,0.0,0.0,0.0,0.0
4.57483172416687,-0.12928713858127594,-0.8847748041152954,0.0,0.0,-0.00037312027416191995,-0.17882664501667023,0.0,0.0,-0.07365016012193673,-0.04443271342943449,-0.022376539185643196,0.07506336271762848,0.0,0.0,0.0,0.0
4.576178312301636,-0.2045598179101944,-1.247623085975647,0.0,0.0,-0.0005260740872472525,-0.1790943741798401,0.0,0.0,-0.07365016012193673,-0.04443271342943449,-0.022376539185643196,0.07506336271762848,0.0,0.0,0.0,0.0
4.577607154846191,-0.2045598179101944,-1.247623085975647,0.0,0.0,-0.0005260740872472525,-0.1790943741798401,0.0,0.0,-0.07336253872420818,-0.04423137786585726,-0.021375194191932678,0.0734325721859932,0.0,0.0,0.0,0.0
4.578865051269531,-0.2045598179101944,-1.247623085975647,0.0,0.0,-0.0005260740872472525,-0.1790943741798401,0.0,0.0,-0.0733577462045805,-0.04419302893132736,-0.018547985702753067,0.06946238875389099,0.0,0.0,0.0,0.0
4.580108404159546,-0.2045598179101944,-1.247623085975647,0.0,0.0,-0.0005260740872472525,-0.1790943741798401,0.0,0.0,-0.0733577462045805,-0.04419302893132736,-0.018547985702753067,0.06946238875389099,0.0,0.0,0.0,0.0
4.581620931625366,-0.2045598179101944,-1.247623085975647,0.0,0.0,-0.0005260740872472525,-0.1790943741798401,0.0,0.0,-0.07340088473290193,-0.04425534631566798,-0.019606564193964005,0.07066401839256287,0.0,0.0,0.0,0.0
4.583018779754639,-0.2045598179101944,-1.247623085975647,0.0,0.0,-0.0005260740872472525,-0.1790943741798401,0.0,0.0,-0.07340088473290193,-0.04425534631566798,-0.019606564193964005,0.07066401839256287,0.0,0.0,0.0,0.0
4.584320068359375,-0.2045598179101944,-1.247623085975647,0.0,0.0,-0.0005260740872472525,-0.1790943741798401,0.0,0.0,-0.07340088473290193,-0.04425534631566798,-0.019606564193964005,0.07066401839256287,0.0,0.0,0.0,0.0
4.585554599761963,-0.24877583980560303,-1.2440770864486694,0.0,0.0,-0.000628039357252419,-0.17927661538124084,0.0,0.0,-0.07340088473290193,-0.04425534631566798,-0.019606564193964005,0.07066401839256287,0.0,0.0,0.0,0.0
4.58683180809021,-0.24877583980560303,-1.2440770864486694,0.0,0.0,-0.000628039357252419,-0.17927661538124084,0.0,0.0,-0.07340088473290193,-0.044135504066614414,-0.019606564193964005,0.06911906599998474,0.0,0.0,0.0,0.0
4.588133811950684,-0.24877583980560303,-1.2440770864486694,0.0,0.0,-0.000628039357252419,-0.17927661538124084,0.0,0.0,-0.07340088473290193,-0.044135504066614414,-0.019606564193964005,0.06911906599998474,0.0,0.0,0.0,0.0
4.58943510055542,-0.24877583980560303,-1.2440770864486694,0.0,0.0,-0.000628039357252419,-0.17927661538124084,0.0,0.0,-0.0739905109389144,-0.04403963026737156,-0.018959280103445053,0.06274831295013428,0.0,0.0,0.0,0.0
4.590656042098999,-0.24877583980560303,-1.2440770864486694,0.0,0.0,-0.000628039357252419,-0.17927661538124084,0.0,0.0,-0.0739905109389144,-0.04403963026737156,-0.018959280103445053,0.06274831295013428,0.0,0.0,0.0,0.0
4.591991901397705,-0.24877583980560303,-1.2440770864486694,0.0,0.0,-0.000628039357252419,-0.17927661538124084,0.0,0.0,-0.07434524516644742,-0.04420261397058271,-0.022650020197033882,0.062204714864492416,0.0,0.0,0.0,0.0
4.593247175216675,-0.24877583980560303,-1.2440770864486694,0.0,0.0,-0.000628039357252419,-0.17927661538124084,0.0,0.0,-0.07434524516644742,-0.04420261397058271,-0.022650020197033882,0.062204714864492416,0.0,0.0,0.0,0.0
4.594820261001587,-0.24877583980560303,-1.2440770864486694,0.0,0.0,-0.000628039357252419,-0.17927661538124084,0.0,0.0,-0.07458972218418222,-0.04437518856472154,-0.02213502861559391,0.06729733943939209,0.0,0.0,0.0,0.0
4.596134662628174,-0.3058406114578247,-1.0107210874557495,0.0,0.0,-0.0007494313176721334,-0.1792358160018921,0.0,0.0,-0.07483419920191704,-0.04444229846868985,-0.024938825517892838,0.0668109655380249,0.0,0.0,0.0,0.0
4.59735369682312,-0.3058406114578247,-1.0107210874557495,0.0,0.0,-0.0007494313176721334,-0.1792358160018921,0.0,0.0,-0.07483419920191704,-0.04444229846868985,-0.024938825517892838,0.0668109655380249,0.0,0.0,0.0,0.0
4.598705768585205,-0.3058406114578247,-1.0107210874557495,0.0,0.0,-0.0007494313176721334,-0.1792358160018921,0.0,0.0,-0.07514099652982863,-0.044413537499251456,-0.01999715343117714,0.060012489557266235,0.0,0.0,0.0,0.0
4.599938154220581,-0.3058406114578247,-1.0107210874557495,0.0,0.0,-0.0007494313176721334,-0.1792358160018921,0.0,0.0,-0.07514099652982863,-0.044413537499251456,-0.01999715343117714,0.060012489557266235,0.0,0.0,0.0,0.0
4.601176738739014,-0.3058406114578247,-1.0107210874557495,0.0,0.0,-0.0007494313176721334,-0.1792358160018921,0.0,0.0,-0.07546696978792326,-0.044413537499251456,-0.022743742913007736,0.060012489557266235,0.0,0.0,0.0,0.0
4.602428674697876,-0.3058406114578247,-1.0107210874557495,0.0,0.0,-0.0007494313176721334,-0.1792358160018921,0.0,0.0,-0.07546696978792326,-0.044413537499251456,-0.022743742913007736,0.060012489557266235,0.0,0.0,0.0,0.0
4.603787899017334,-0.3058406114578247,-1.0107210874557495,0.0,0.0,-0.0007494313176721334,-0.1792358160018921,0.0,0.0,-0.07546696978792326,-0.044413537499251456,-0.02117018774151802,0.060012489557266235,0.0,0.0,0.0,0.0
4.60505747795105,-0.3058406114578247,-1.0107210874557495,0.0,0.0,-0.0007494313176721334,-0.1792358160018921,0.0,0.0,-0.07546696978792326,-0.044413537499251456,-0.02117018774151802,0.060012489557266235,0.0,0.0,0.0,0.0
4.606505393981934,-0.28868988156318665,-0.8733924627304077,0.0,0.0,-0.0007664050790481269,-0.17917783558368683,0.0,0.0,-0.0753998569581188,-0.044413537499251456,-0.019939953461289406,0.060012489557266235,0.0,0.0,0.0,0.0
4.607774019241333,-0.28868988156318665,-0.8733924627304077,0.0,0.0,-0.0007664050790481269,-0.17917783558368683,0.0,0.0,-0.0753998569581188,-0.044413537499251456,-0.019939953461289406,0.060012489557266235,0.0,0.0,0.0,0.0
4.609057188034058,-0.28868988156318665,-0.8733924627304077,0.0,0.0,-0.0007664050790481269,-0.17917783558368683,0.0,0.0,-0.07549093823773396,-0.044413537499251456,-0.015516105107963085,0.05421322584152222,0.0,0.0,0.0,0.0
4.6104981899261475,-0.28868988156318665,-0.8733924627304077,0.0,0.0,-0.0007664050790481269,-0.17917783558368683,0.0,0.0,-0.07549093823773396,-0.044413537499251456,-0.015516105107963085,0.05421322584152222,0.0,0.0,0.0,0.0
4.611878156661987,-0.28868988156318665,-0.8733924627304077,0.0,0.0,-0.0007664050790481269,-0.17917783558368683,0.0,0.0,-0.07559639707623218,-0.044413537499251456,-0.01608830876648426,0.05421322584152222,0.0,0.0,0.0,0.0
4.613251209259033,-0.28868988156318665,-0.8733924627304077,0.0,0.0,-0.0007664050790481269,-0.17917783558368683,0.0,0.0,-0.07559639707623218,-0.044413537499251456,-0.01608830876648426,0.05421322584152222,0.0,0.0,0.0,0.0
4.614673852920532,-0.28868988156318665,-0.8733924627304077,0.0,0.0,-0.0007664050790481269,-0.17917783558368683,0.0,0.0,-0.07570665428603039,-0.044413537499251456,-0.016803564503788948,0.05421322584152222,0.0,0.0,0.0,0.0
4.616073131561279,-0.22380231320858002,-0.8211236000061035,0.0,0.0,-0.0006772528286091983,-0.17922423779964447,0.0,0.0,-0.07570665428603039,-0.044413537499251456,-0.016803564503788948,0.05421322584152222,0.0,0.0,0.0,0.0
4.617455244064331,-0.22380231320858002,-0.8211236000061035,0.0,0.0,-0.0006772528286091983,-0.17922423779964447,0.0,0.0,-0.07570665428603039,-0.044413537499251456,-0.015973882749676704,0.05421322584152222,0.0,0.0,0.0,0.0
4.618860483169556,-0.22380231320858002,-0.8211236000061035,0.0,0.0,-0.0006772528286091983,-0.17922423779964447,0.0,0.0,-0.07570665428603039,-0.044413537499251456,-0.015973882749676704,0.05421322584152222,0.0,0.0,0.0,0.0
4.620694637298584,-0.22380231320858002,-0.8211236000061035,0.0,0.0,-0.0006772528286091983,-0.17922423779964447,0.0,0.0,-0.07570665428603039,-0.044413537499251456,-0.010188134387135506,0.04842890799045563,0.0,0.0,0.0,0.0
4.622197389602661,-0.22380231320858002,-0.8211236000061035,0.0,0.0,-0.0006772528286091983,-0.17922423779964447,0.0,0.0,-0.07570665428603039,-0.044413537499251456,-0.010188134387135506,0.04842890799045563,0.0,0.0,0.0,0.0
4.623626947402954,-0.22380231320858002,-0.8211236000061035,0.0,0.0,-0.0006772528286091983,-0.17922423779964447,0.0,0.0,-0.07570665428603039,-0.044413537499251456,-0.010188134387135506,0.04842890799045563,0.0,0.0,0.0,0.0
4.62539267539978,-0.21052567660808563,-0.8006754517555237,0.0,0.0,-0.0005958662950433791,-0.17929330468177795,0.0,0.0,-0.07570665428603039,-0.044413537499251456,-0.010188134387135506,0.04842890799045563,0.0,0.0,0.0,0.0
4.627060174942017,-0.21052567660808563,-0.8006754517555237,0.0,0.0,-0.0005958662950433791,-0.17929330468177795,0.0,0.0,-0.07570665428603039,-0.044413537499251456,-0.010188134387135506,0.04842890799045563,0.0,0.0,0.0,0.0
4.628488302230835,-0.21052567660808563,-0.8006754517555237,0.0,0.0,-0.0005958662950433791,-0.17929330468177795,0.0,0.0,-0.07570665428603039,-0.044413537499251456,-0.010188134387135506,0.04842890799045563,0.0,0.0,0.0,0.0
4.629955768585205,-0.21052567660808563,-0.8006754517555237,0.0,0.0,-0.0005958662950433791,-0.17929330468177795,0.0,0.0,-0.07570665428603039,-0.044413537499251456,-0.010188134387135506,0.04842890799045563,0.0,0.0,0.0,0.0
4.631390333175659,-0.21052567660808563,-0.8006754517555237,0.0,0.0,-0.0005958662950433791,-0.17929330468177795,0.0,0.0,-0.07570665428603039,-0.044413537499251456,-0.004379649180918932,0.042618993669748306,0.0,0.0,0.0,0.0
4.63279128074646,-0.21052567660808563,-0.8006754517555237,0.0,0.0,-0.0005958662950433791,-0.17929330468177795,0.0,0.0,-0.07570665428603039,-0.044413537499251456,-0.004379649180918932,0.042618993669748306,0.0,0.0,0.0,0.0
4.634172439575195,-0.21052567660808563,-0.8006754517555237,0.0,0.0,-0.0005958662950433791,-0.17929330468177795,0.0,0.0,-0.07570665428603039,-0.044413537499251456,-0.004379649180918932,0.042618993669748306,0.0,0.0,0.0,0.0
4.63556694984436,-0.21806329488754272,-0.6745021939277649,0.0,0.0,-0.0005936903762631118,-0.17929458618164062,0.0,0.0,-0.07570665428603039,-0.044413537499251456,-0.004379649180918932,0.042618993669748306,0.0,0.0,0.0,0.0
4.636972427368164,-0.21806329488754272,-0.6745021939277649,0.0,0.0,-0.0005936903762631118,-0.17929458618164062,0.0,0.0,-0.07570665428603039,-0.04456693616320725,-0.004379649180918932,0.04436422511935234,0.0,0.0,0.0,0.0
4.638358116149902,-0.21806329488754272,-0.6745021939277649,0.0,0.0,-0.0005936903762631118,-0.17929458618164062,0.0,0.0,-0.07570665428603039,-0.04456693616320725,-0.004379649180918932,0.04436422511935234,0.0,0.0,0.0,0.0
4.6397223472595215,-0.21806329488754272,-0.6745021939277649,0.0,0.0,-0.0005936903762631118,-0.17929458618164062,0.0,0.0,-0.07570665428603039,-0.04474909579660144,0.001397542655467987,0.039216428995132446,0.0,0.0,0.0,0.0
4.6411049365997314,-0.21806329488754272,-0.6745021939277649,0.0,0.0,-0.0005936903762631118,-0.17929458618164062,0.0,0.0,-0.07570665428603039,-0.04474909579660144,0.001397542655467987,0.039216428995132446,0.0,0.0,0.0,0.0
4.642772912979126,-0.21806329488754272,-0.6745021939277649,0.0,0.0,-0.0005936903762631118,-0.17929458618164062,0.0,0.0,-0.07570665428603039,-0.04504150971395768,0.001397542655467987,0.04356519505381584,0.0,0.0,0.0,0.0
4.644460201263428,-0.21806329488754272,-0.6745021939277649,0.0,0.0,-0.0005936903762631118,-0.17929458618164062,0.0,0.0,-0.07570665428603039,-0.04502712922923848,0.001397542655467987,0.04173414036631584,0.0,0.0,0.0,0.0
4.6458351612091064,-0.21508735418319702,-0.5668988227844238,0.0,0.0,-0.0005744043155573308,-0.179305762052536,0.0,0.0,-0.07570665428603039,-0.04502712922923848,0.001397542655467987,0.04173414036631584,0.0,0.0,0.0,0.0
4.647195816040039,-0.21508735418319702,-0.5668988227844238,0.0,0.0,-0.0005744043155573308,-0.179305762052536,0.0,0.0,-0.07570665428603039,-0.04502712922923848,0.001397542655467987,0.04173414036631584,0.0,0.0,0.0,0.0
4.648800849914551,-0.21508735418319702,-0.5668988227844238,0.0,0.0,-0.0005744043155573308,-0.179305762052536,0.0,0.0,-0.07570665428603039,-0.045463356771295156,0.001397542655467987,0.043651025742292404,0.0,0.0,0.0,0.0
4.65019965171814,-0.21508735418319702,-0.5668988227844238,0.0,0.0,-0.0005744043155573308,-0.179305762052536,0.0,0.0,-0.07570665428603039,-0.04566948485450006,0.007200369145721197,0.041454508900642395,0.0,0.0,0.0,0.0
4.651573896408081,-0.21508735418319702,-0.5668988227844238,0.0,0.0,-0.0005744043155573308,-0.179305762052536,0.0,0.0,-0.07570665428603039,-0.04566948485450006,0.007200369145721197,0.041454508900642395,0.0,0.0,0.0,0.0
4.653164386749268,-0.21508735418319702,-0.5668988227844238,0.0,0.0,-0.0005744043155573308,-0.179305762052536,0.0,0.0,-0.07570665428603039,-0.04588520090279647,0.007200369145721197,0.0414259098470211,0.0,0.0,0.0,0.0
4.654525995254517,-0.21508735418319702,-0.5668988227844238,0.0,0.0,-0.0005744043155573308,-0.179305762052536,0.0,0.0,-0.07570665428603039,-0.04588520090279647,0.007200369145721197,0.0414259098470211,0.0,0.0,0.0,0.0
4.655880928039551,-0.21508735418319702,-0.5668988227844238,0.0,0.0,-0.0005744043155573308,-0.179305762052536,0.0,0.0,-0.07570665428603039,-0.0462782840648594,0.007200369145721197,0.04457303136587143,0.0,0.0,0.0,0.0
4.65727162361145,-0.21508735418319702,-0.5668988227844238,0.0,0.0,-0.0005744043155573308,-0.179305762052536,0.0,0.0,-0.07570665428603039,-0.0462782840648594,0.007200369145721197,0.04457303136587143,0.0,0.0,0.0,0.0
4.658931732177734,-0.21508735418319702,-0.5668988227844238,0.0,0.0,-0.0005744043155573308,-0.179305762052536,0.0,0.0,-0.07570665428603039,-0.04640291883354065,0.013051565736532211,0.03872183710336685,0.0,0.0,0.0,0.0
4.660312652587891,-0.21508735418319702,-0.5668988227844238,0.0,0.0,-0.0005744043155573308,-0.179305762052536,0.0,0.0,-0.07570665428603039,-0.04640291883354065,0.013051565736532211,0.03872183710336685,0.0,0.0,0.0,0.0
4.661769390106201,-0.21508735418319702,-0.5668988227844238,0.0,0.0,-0.0005744043155573308,-0.179305762052536,0.0,0.0,-0.07570665428603039,-0.04673368461126295,0.013051565736532211,0.04152563586831093,0.0,0.0,0.0,0.0
4.663418292999268,-0.21508735418319702,-0.5668988227844238,0.0,0.0,-0.0005744043155573308,-0.179305762052536,0.0,0.0,-0.07570665428603039,-0.04673368461126295,0.013051565736532211,0.04152563586831093,0.0,0.0,0.0,0.0
4.664829969406128,-0.21508735418319702,-0.5668988227844238,0.0,0.0,-0.0005744043155573308,-0.179305762052536,0.0,0.0,-0.07570665428603039,-0.04690146375993794,0.013051565736532211,0.041697293519973755,0.0,0.0,0.0,0.0
4.666213274002075,-0.2277168184518814,-0.3654017150402069,0.0,0.0,-0.0006045158370397985,-0.1793230026960373,0.0,0.0,-0.07570665428603039,-0.04690146375993794,0.013051565736532211,0.041697293519973755,0.0,0.0,0.0,0.0
4.667579889297485,-0.2277168184518814,-0.3654017150402069,0.0,0.0,-0.0006045158370397985,-0.1793230026960373,0.0,0.0,-0.07579772971397325,-0.04686790734503571,0.013051565736532211,0.04118231311440468,0.0,0.0,0.0,0.0
4.670318841934204,-0.2277168184518814,-0.3654017150402069,0.0,0.0,-0.0006045158370397985,-0.1793230026960373,0.0,0.0,-0.07590798692377144,-0.046963781144278564,0.016800323501229286,0.03543016314506531,0.0,0.0,0.0,0.0
4.67301607131958,-0.2277168184518814,-0.3654017150402069,0.0,0.0,-0.0006045158370397985,-0.1793230026960373,0.0,0.0,-0.07618602328224465,-0.04707403542824062,0.014826196245849133,0.03605959191918373,0.0,0.0,0.0,0.0
4.674734354019165,-0.2277168184518814,-0.3654017150402069,0.0,0.0,-0.0006045158370397985,-0.1793230026960373,0.0,0.0,-0.07618602328224465,-0.04707403542824062,0.014826196245849133,0.03605959191918373,0.0,0.0,0.0,0.0
4.6776299476623535,-0.2725203335285187,-0.3305356204509735,0.0,0.0,-0.0006872557569295168,-0.1793702393770218,0.0,0.0,-0.07632024309018126,-0.04717470174711114,0.015169533900916576,0.03588792309165001,0.0,0.0,0.0,0.0
4.679305076599121,-0.2725203335285187,-0.3305356204509735,0.0,0.0,-0.0006872557569295168,-0.1793702393770218,0.0,0.0,-0.07632024309018126,-0.04717470174711114,0.015169533900916576,0.03588792309165001,0.0,0.0,0.0,0.0
4.68089485168457,-0.2725203335285187,-0.3305356204509735,0.0,0.0,-0.0006872557569295168,-0.1793702393770218,0.0,0.0,-0.07647843719960089,-0.04730413196125623,0.019170202314853668,0.03171703219413757,0.0,0.0,0.0,0.0
4.682647705078125,-0.2725203335285187,-0.3305356204509735,0.0,0.0,-0.0006872557569295168,-0.1793702393770218,0.0,0.0,-0.07647843719960089,-0.04730413196125623,0.019170202314853668,0.03171703219413757,0.0,0.0,0.0,0.0
4.684845924377441,-0.2725203335285187,-0.3305356204509735,0.0,0.0,-0.0006872557569295168,-0.1793702393770218,0.0,0.0,-0.07685234150564463,-0.047409593725590594,0.015336431562900543,0.032346442341804504,0.0,0.0,0.0,0.0
4.688804864883423,-0.28961727023124695,-0.24722743034362793,0.0,0.0,-0.0007531875744462013,-0.17940784990787506,0.0,0.0,-0.07725022011317138,-0.047481499075022734,0.013247883878648281,0.031974516808986664,0.0,0.0,0.0,0.0
4.690483808517456,-0.28961727023124695,-0.24722743034362793,0.0,0.0,-0.0007531875744462013,-0.17940784990787506,0.0,0.0,-0.07725022011317138,-0.047481499075022734,0.013247883878648281,0.031974516808986664,0.0,0.0,0.0,0.0
4.692002534866333,-0.28961727023124695,-0.24722743034362793,0.0,0.0,-0.0007531875744462013,-0.17940784990787506,0.0,0.0,-0.07750428802183387,-0.047481499075022734,0.017951950430870056,0.026152482256293297,0.0,0.0,0.0,0.0
4.693467855453491,-0.28961727023124695,-0.24722743034362793,0.0,0.0,-0.0007531875744462013,-0.17940784990787506,0.0,0.0,-0.07750428802183387,-0.047481499075022734,0.017951950430870056,0.026152482256293297,0.0,0.0,0.0,0.0
4.696638345718384,-0.2918470501899719,-0.17899273335933685,0.0,0.0,-0.000785611686296761,-0.17944706976413727,0.0,0.0,-0.07789736825806064,-0.04766845415388076,0.016521451994776726,0.0280979685485363,0.0,0.0,0.0,0.0
4.698278903961182,-0.2918470501899719,-0.17899273335933685,0.0,0.0,-0.000785611686296761,-0.17944706976413727,0.0,0.0,-0.07789736825806064,-0.04766845415388076,0.016521451994776726,0.0280979685485363,0.0,0.0,0.0,0.0
4.700548887252808,-0.2918470501899719,-0.17899273335933685,0.0,0.0,-0.000785611686296761,-0.17944706976413727,0.0,0.0,-0.07813705275616778,-0.04801839293594994,0.019941534847021103,0.025966079905629158,0.0,0.0,0.0,0.0
4.701998949050903,-0.2918470501899719,-0.17899273335933685,0.0,0.0,-0.000785611686296761,-0.17944706976413727,0.0,0.0,-0.07830483190484276,-0.048119059254820476,0.020284857600927353,0.025050554424524307,0.0,0.0,0.0,0.0
4.704151391983032,-0.2918470501899719,-0.17899273335933685,0.0,0.0,-0.000785611686296761,-0.17944706976413727,0.0,0.0,-0.07848699446407312,-0.04809509080500976,0.01779576763510704,0.024106405675411224,0.0,0.0,0.0,0.0
4.7058305740356445,-0.2840157449245453,-0.12017045170068741,0.0,0.0,-0.0007651906926184893,-0.179494246840477,0.0,0.0,-0.07848699446407312,-0.04809509080500976,0.01779576763510704,0.024106405675411224,0.0,0.0,0.0,0.0
4.707340240478516,-0.2840157449245453,-0.12017045170068741,0.0,0.0,-0.0007651906926184893,-0.179494246840477,0.0,0.0,-0.07883693032030613,-0.048224521019154844,0.015020573511719704,0.025679966434836388,0.0,0.0,0.0,0.0
4.708759069442749,-0.2840157449245453,-0.12017045170068741,0.0,0.0,-0.0007651906926184893,-0.179494246840477,0.0,0.0,-0.07883693032030613,-0.048224521019154844,0.015020573511719704,0.025679966434836388,0.0,0.0,0.0,0.0
4.710242509841919,-0.2840157449245453,-0.12017045170068741,0.0,0.0,-0.0007651906926184893,-0.179494246840477,0.0,0.0,-0.07884172283993382,-0.049058624242902124,0.022425418719649315,0.030119769275188446,0.0,0.0,0.0,0.0
4.711988210678101,-0.2840157449245453,-0.12017045170068741,0.0,0.0,-0.0007651906926184893,-0.179494246840477,0.0,0.0,-0.07887048966104453,-0.04907300472762132,0.022196559235453606,0.025713803246617317,0.0,0.0,0.0,0.0
4.714015245437622,-0.2840157449245453,-0.12017045170068741,0.0,0.0,-0.0007651906926184893,-0.179494246840477,0.0,0.0,-0.07887048966104453,-0.04907300472762132,0.022196559235453606,0.025713803246617317,0.0,0.0,0.0,0.0
4.715655565261841,-0.24593029916286469,-0.07836631685495377,0.0,0.0,-0.0006892547244206071,-0.17955675721168518,0.0,0.0,-0.07913414260896237,-0.049274340291198544,0.021652957424521446,0.026972660794854164,0.0,0.0,0.0,0.0
4.71720814704895,-0.24593029916286469,-0.07836631685495377,0.0,0.0,-0.0006892547244206071,-0.17955675721168518,0.0,0.0,-0.079455317495757,-0.04946129537005657,0.016989484429359436,0.028031226247549057,0.0,0.0,0.0,0.0
4.719034671783447,-0.24593029916286469,-0.07836631685495377,0.0,0.0,-0.0006892547244206071,-0.17955675721168518,0.0,0.0,-0.0797333538542302,-0.04989751998627708,0.021261878311634064,0.026590509340167046,0.0,0.0,0.0,0.0
4.720403432846069,-0.24593029916286469,-0.07836631685495377,0.0,0.0,-0.0006892547244206071,-0.17955675721168518,0.0,0.0,-0.0797333538542302,-0.04989751998627708,0.021261878311634064,0.026590509340167046,0.0,0.0,0.0,0.0
4.721890449523926,-0.24593029916286469,-0.07836631685495377,0.0,0.0,-0.0006892547244206071,-0.17955675721168518,0.0,0.0,-0.07984360521235609,-0.050285807702876176,0.02134770154953003,0.028793519362807274,0.0,0.0,0.0,0.0
4.723272323608398,-0.24593029916286469,-0.07836631685495377,0.0,0.0,-0.0006892547244206071,-0.17955675721168518,0.0,0.0,-0.07984360521235609,-0.050285807702876176,0.02134770154953003,0.028793519362807274,0.0,0.0,0.0,0.0
4.724739074707031,-0.24593029916286469,-0.07836631685495377,0.0,0.0,-0.0006892547244206071,-0.17955675721168518,0.0,0.0,-0.08025106885913821,-0.05058301413986009,0.017485328018665314,0.031082337722182274,0.0,0.0,0.0,0.0
4.726149082183838,-0.25255006551742554,-0.04512563347816467,0.0,0.0,-0.0006748932064510882,-0.17963117361068726,0.0,0.0,-0.08025106885913821,-0.05058301413986009,0.017485328018665314,0.031082337722182274,0.0,0.0,0.0,0.0
4.727536201477051,-0.25255006551742554,-0.04512563347816467,0.0,0.0,-0.0006748932064510882,-0.17963117361068726,0.0,0.0,-0.08076399719609086,-0.05104321305756364,0.014652908779680729,0.03291339799761772,0.0,0.0,0.0,0.0
4.729017972946167,-0.25255006551742554,-0.04512563347816467,0.0,0.0,-0.0006748932064510882,-0.17963117361068726,0.0,0.0,-0.08076399719609086,-0.05104321305756364,0.014652908779680729,0.03291339799761772,0.0,0.0,0.0,0.0
4.73115348815918,-0.25255006551742554,-0.04512563347816467,0.0,0.0,-0.0006748932064510882,-0.17963117361068726,0.0,0.0,-0.08112831646287924,-0.0517958200409511,0.017901001498103142,0.03444317355751991,0.0,0.0,0.0,0.0
4.733320474624634,-0.25255006551742554,-0.04512563347816467,0.0,0.0,-0.0006748932064510882,-0.17963117361068726,0.0,0.0,-0.08170355925833635,-0.05263471578432606,0.013752537779510021,0.04047993943095207,0.0,0.0,0.0,0.0
4.7357776165008545,-0.2667289078235626,-0.03293796628713608,0.0,0.0,-0.0007100653019733727,-0.17970964312553406,0.0,0.0,-0.0824321977919131,-0.05363180563712066,0.007515500299632549,0.04854803904891014,0.0,0.0,0.0,0.0
4.738002061843872,-0.2667289078235626,-0.03293796628713608,0.0,0.0,-0.0007100653019733727,-0.17970964312553406,0.0,0.0,-0.08340531919489699,-0.05441317358994652,0.0005632069078274071,0.05057936906814575,0.0,0.0,0.0,0.0
4.740274667739868,-0.2667289078235626,-0.03293796628713608,0.0,0.0,-0.0007100653019733727,-0.17970964312553406,0.0,0.0,-0.08421545396883355,-0.05584648805896163,0.0006645228713750839,0.056459732353687286,0.0,0.0,0.0,0.0
4.742253303527832,-0.2667289078235626,-0.03293796628713608,0.0,0.0,-0.0007100653019733727,-0.17970964312553406,0.0,0.0,-0.08421545396883355,-0.05584648805896163,0.0006645228713750839,0.056459732353687286,0.0,0.0,0.0,0.0
4.744032621383667,-0.2667289078235626,-0.03293796628713608,0.0,0.0,-0.0007100653019733727,-0.17970964312553406,0.0,0.0,-0.08567273103598706,-0.05750031109590083,-0.009806821122765541,0.06870492547750473,0.0,0.0,0.0,0.0
4.745575189590454,-0.2791251838207245,-0.07078414410352707,0.0,0.0,-0.000732077460270375,-0.17982268333435059,0.0,0.0,-0.0872115101951727,-0.05917810258265075,-0.021451177075505257,0.08444053679704666,0.0,0.0,0.0,0.0
4.747413635253906,-0.2791251838207245,-0.07078414410352707,0.0,0.0,-0.000732077460270375,-0.17982268333435059,0.0,0.0,-0.08889888672117797,-0.061253772676927436,-0.03398248180747032,0.09248003363609314,0.0,0.0,0.0,0.0
4.74908971786499,-0.2791251838207245,-0.07078414410352707,0.0,0.0,-0.000732077460270375,-0.17982268333435059,0.0,0.0,-0.08889888672117797,-0.061253772676927436,-0.03398248180747032,0.09248003363609314,0.0,0.0,0.0,0.0
4.7506208419799805,-0.2791251838207245,-0.07078414410352707,0.0,0.0,-0.000732077460270375,-0.17982268333435059,0.0,0.0,-0.09097934933508234,-0.06352118451801751,-0.04234425723552704,0.1071045994758606,0.0,0.0,0.0,0.0
4.752106666564941,-0.2791251838207245,-0.07078414410352707,0.0,0.0,-0.000732077460270375,-0.17982268333435059,0.0,0.0,-0.09097934933508234,-0.06352118451801751,-0.04234425723552704,0.1071045994758606,0.0,0.0,0.0,0.0
4.753994703292847,-0.2791251838207245,-0.07078414410352707,0.0,0.0,-0.000732077460270375,-0.17982268333435059,0.0,0.0,-0.09314609485730188,-0.06590844445983346,-0.058051276952028275,0.12129528075456619,0.0,0.0,0.0,0.0
4.756174802780151,-0.30233123898506165,-0.2565954625606537,0.0,0.0,-0.0007770058000460267,-0.18004046380519867,0.0,0.0,-0.09516903553232946,-0.06795055521337176,-0.06949536502361298,0.13288240134716034,0.0,0.0,0.0,0.0
4.758219242095947,-0.30233123898506165,-0.2565954625606537,0.0,0.0,-0.0007770058000460267,-0.18004046380519867,0.0,0.0,-0.09737892543454275,-0.06957082476124489,-0.08368606865406036,0.13614396750926971,0.0,0.0,0.0,0.0
4.75968337059021,-0.30233123898506165,-0.2565954625606537,0.0,0.0,-0.0007770058000460267,-0.18004046380519867,0.0,0.0,-0.09737892543454275,-0.06957082476124489,-0.08368606865406036,0.13614396750926971,0.0,0.0,0.0,0.0
4.761931657791138,-0.30233123898506165,-0.2565954625606537,0.0,0.0,-0.0007770058000460267,-0.18004046380519867,0.0,0.0,-0.09873553618282573,-0.07050079593256271,-0.08258414268493652,0.13707485795021057,0.0,0.0,0.0,0.0
4.76405930519104,-0.30233123898506165,-0.2565954625606537,0.0,0.0,-0.0007770058000460267,-0.18004046380519867,0.0,0.0,-0.09997710890502744,-0.07113835903819661,-0.08656094968318939,0.13438549637794495,0.0,0.0,0.0,0.0
4.765548229217529,-0.32990211248397827,-0.7543969750404358,0.0,0.0,-0.0008598880958743393,-0.180498406291008,0.0,0.0,-0.10091187844764525,-0.07141159702536981,-0.0887925922870636,0.13226830959320068,0.0,0.0,0.0,0.0
4.766940355300903,-0.32990211248397827,-0.7543969750404358,0.0,0.0,-0.0008598880958743393,-0.180498406291008,0.0,0.0,-0.10091187844764525,-0.07141159702536981,-0.0887925922870636,0.13226830959320068,0.0,0.0,0.0,0.0
4.768412113189697,-0.32990211248397827,-0.7543969750404358,0.0,0.0,-0.0008598880958743393,-0.180498406291008,0.0,0.0,-0.10134331054423809,-0.0714451563661082,-0.08704733848571777,0.12966477870941162,0.0,0.0,0.0,0.0
4.769890308380127,-0.32990211248397827,-0.7543969750404358,0.0,0.0,-0.0008598880958743393,-0.180498406291008,0.0,0.0,-0.10154942984993452,-0.07054873283218414,-0.08021094650030136,0.11392992734909058,0.0,0.0,0.0,0.0
4.771230220794678,-0.32990211248397827,-0.7543969750404358,0.0,0.0,-0.0008598880958743393,-0.180498406291008,0.0,0.0,-0.10154942984993452,-0.07054873283218414,-0.08021094650030136,0.11392992734909058,0.0,0.0,0.0,0.0
4.772814989089966,-0.32990211248397827,-0.7543969750404358,0.0,0.0,-0.0008598880958743393,-0.180498406291008,0.0,0.0,-0.10118031806351846,-0.06892846913598331,-0.07714969664812088,0.09690683335065842,0.0,0.0,0.0,0.0
4.774181365966797,-0.32990211248397827,-0.7543969750404358,0.0,0.0,-0.0008598880958743393,-0.180498406291008,0.0,0.0,-0.10118031806351846,-0.06892846913598331,-0.07714969664812088,0.09690683335065842,0.0,0.0,0.0,0.0
4.776002883911133,-0.3577796220779419,-1.7185182571411133,0.0,0.0,-0.0009485572809353471,-0.18132421374320984,0.0,0.0,-0.10043729611938636,-0.06722670919942268,-0.06636364012956619,0.08551996946334839,0.0,0.0,0.0,0.0
4.777711391448975,-0.3577796220779419,-1.7185182571411133,0.0,0.0,-0.0009485572809353471,-0.18132421374320984,0.0,0.0,-0.09974700944617568,-0.06533799418400403,-0.06104208901524544,0.07301728427410126,0.0,0.0,0.0,0.0
4.779115438461304,-0.3577796220779419,-1.7185182571411133,0.0,0.0,-0.0009485572809353471,-0.18132421374320984,0.0,0.0,-0.09974700944617568,-0.06533799418400403,-0.06104208901524544,0.07301728427410126,0.0,0.0,0.0,0.0
4.780539035797119,-0.3577796220779419,-1.7185182571411133,0.0,0.0,-0.0009485572809353471,-0.18132421374320984,0.0,0.0,-0.09898001905223285,-0.06415395510402373,-0.05107059329748154,0.0614171102643013,0.0,0.0,0.0,0.0
4.781884431838989,-0.3577796220779419,-1.7185182571411133,0.0,0.0,-0.0009485572809353471,-0.18132421374320984,0.0,0.0,-0.09898001905223285,-0.06415395510402373,-0.05107059329748154,0.0614171102643013,0.0,0.0,0.0,0.0
4.783235549926758,-0.3577796220779419,-1.7185182571411133,0.0,0.0,-0.0009485572809353471,-0.18132421374320984,0.0,0.0,-0.09854858695564002,-0.0634684550987684,-0.04852425679564476,0.06301925331354141,0.0,0.0,0.0,0.0
4.784917116165161,-0.3577796220779419,-1.7185182571411133,0.0,0.0,-0.0009485572809353471,-0.18132421374320984,0.0,0.0,-0.09818906020847931,-0.06323835563991663,-0.04866733029484749,0.06376312673091888,0.0,0.0,0.0,0.0
4.7869532108306885,-0.27219679951667786,-2.112292766571045,0.0,0.0,-0.0008061764528974891,-0.18195447325706482,0.0,0.0,-0.09818906020847931,-0.06323835563991663,-0.04866733029484749,0.06376312673091888,0.0,0.0,0.0,0.0
4.78898549079895,-0.27219679951667786,-2.112292766571045,0.0,0.0,-0.0008061764528974891,-0.18195447325706482,0.0,0.0,-0.09821302865829003,-0.06292676579237735,-0.05127086862921715,0.06293344497680664,0.0,0.0,0.0,0.0
4.790504455566406,-0.27219679951667786,-2.112292766571045,0.0,0.0,-0.0008061764528974891,-0.18195447325706482,0.0,0.0,-0.0982513805186561,-0.063084959901797,-0.04660931974649429,0.05995776876807213,0.0,0.0,0.0,0.0
4.791945695877075,-0.27219679951667786,-2.112292766571045,0.0,0.0,-0.0008061764528974891,-0.18195447325706482,0.0,0.0,-0.0982513805186561,-0.063084959901797,-0.04660931974649429,0.05995776876807213,0.0,0.0,0.0,0.0
4.793472766876221,-0.27219679951667786,-2.112292766571045,0.0,0.0,-0.0008061764528974891,-0.18195447325706482,0.0,0.0,-0.09859652385526144,-0.06378962998556303,-0.05115829408168793,0.06819752603769302,0.0,0.0,0.0,0.0
4.795083999633789,-0.27219679951667786,-2.112292766571045,0.0,0.0,-0.0008061764528974891,-0.18195447325706482,0.0,0.0,-0.09919573510052927,-0.06471960700855317,-0.05590764433145523,0.07849720865488052,0.0,0.0,0.0,0.0
4.796518802642822,-0.11314921081066132,-1.6650338172912598,0.0,0.0,-0.0004955084295943379,-0.1819029599428177,0.0,0.0,-0.09919573510052927,-0.06471960700855317,-0.05590764433145523,0.07849720865488052,0.0,0.0,0.0,0.0
4.797941207885742,-0.11314921081066132,-1.6650338172912598,0.0,0.0,-0.0004955084295943379,-0.1819029599428177,0.0,0.0,-0.09983329820616317,-0.06583174659077365,-0.059512488543987274,0.0872519239783287,0.0,0.0,0.0,0.0
4.799575567245483,-0.11314921081066132,-1.6650338172912598,0.0,0.0,-0.0004955084295943379,-0.1819029599428177,0.0,0.0,-0.10026951697071136,-0.0670828985005584,-0.058541566133499146,0.08897243440151215,0.0,0.0,0.0,0.0
4.801044464111328,-0.11314921081066132,-1.6650338172912598,0.0,0.0,-0.0004955084295943379,-0.1819029599428177,0.0,0.0,-0.10026951697071136,-0.0670828985005584,-0.058541566133499146,0.08897243440151215,0.0,0.0,0.0,0.0
4.802523374557495,-0.11314921081066132,-1.6650338172912598,0.0,0.0,-0.0004955084295943379,-0.1819029599428177,0.0,0.0,-0.10061466030731671,-0.06790741083337802,-0.058741796761751175,0.09280617535114288,0.0,0.0,0.0,0.0
4.803930282592773,-0.11314921081066132,-1.6650338172912598,0.0,0.0,-0.0004955084295943379,-0.1819029599428177,0.0,0.0,-0.10061466030731671,-0.06790741083337802,-0.058741796761751175,0.09280617535114288,0.0,0.0,0.0,0.0
4.805395841598511,-0.08127110451459885,-1.069124698638916,0.0,0.0,-0.0002377328637521714,-0.1814810335636139,0.0,0.0,-0.10087352658727919,-0.06859770335826101,-0.0595715194940567,0.09532390534877777,0.0,0.0,0.0,0.0
4.806928634643555,-0.08127110451459885,-1.069124698638916,0.0,0.0,-0.0002377328637521714,-0.1814810335636139,0.0,0.0,-0.10092625015485597,-0.06896681514467708,-0.057654622942209244,0.09586749970912933,0.0,0.0,0.0,0.0
4.808406352996826,-0.08127110451459885,-1.069124698638916,0.0,0.0,-0.0002377328637521714,-0.1814810335636139,0.0,0.0,-0.10092625015485597,-0.06896681514467708,-0.057654622942209244,0.09586749970912933,0.0,0.0,0.0,0.0
4.809752464294434,-0.08127110451459885,-1.069124698638916,0.0,0.0,-0.0002377328637521714,-0.1814810335636139,0.0,0.0,-0.10086394154802383,-0.069455775031819,-0.050749946385622025,0.09110572189092636,0.0,0.0,0.0,0.0
4.811022996902466,-0.08127110451459885,-1.069124698638916,0.0,0.0,-0.0002377328637521714,-0.1814810335636139,0.0,0.0,-0.10086394154802383,-0.069455775031819,-0.050749946385622025,0.09110572189092636,0.0,0.0,0.0,0.0
4.81228232383728,-0.08127110451459885,-1.069124698638916,0.0,0.0,-0.0002377328637521714,-0.1814810335636139,0.0,0.0,-0.10050441480086313,-0.06958999483975561,-0.04620090499520302,0.09207846969366074,0.0,0.0,0.0,0.0
4.813585042953491,-0.08127110451459885,-1.069124698638916,0.0,0.0,-0.0002377328637521714,-0.1814810335636139,0.0,0.0,-0.10050441480086313,-0.06958999483975561,-0.04620090499520302,0.09207846969366074,0.0,0.0,0.0,0.0
4.814911842346191,-0.08127110451459885,-1.069124698638916,0.0,0.0,-0.0002377328637521714,-0.1814810335636139,0.0,0.0,-0.09984766991337389,-0.069623554180494,-0.03987804427742958,0.09016156196594238,0.0,0.0,0.0,0.0
4.8165247440338135,-0.09553465247154236,-1.1438817977905273,0.0,0.0,-0.00026255351258441806,-0.18150022625923157,0.0,0.0,-0.09922928858959534,-0.06957082476124489,-0.035185977816581726,0.08898857235908508,0.0,0.0,0.0,0.0
4.817808151245117,-0.09553465247154236,-1.1438817977905273,0.0,0.0,-0.00026255351258441806,-0.18150022625923157,0.0,0.0,-0.09922928858959534,-0.06957082476124489,-0.035185977816581726,0.08898857235908508,0.0,0.0,0.0,0.0
4.819316148757935,-0.09553465247154236,-1.1438817977905273,0.0,0.0,-0.00026255351258441806,-0.18150022625923157,0.0,0.0,-0.09882662331411321,-0.06957082476124489,-0.028819357976317406,0.08322276920080185,0.0,0.0,0.0,0.0
4.820681571960449,-0.09553465247154236,-1.1438817977905273,0.0,0.0,-0.00026255351258441806,-0.18150022625923157,0.0,0.0,-0.09882662331411321,-0.06957082476124489,-0.028819357976317406,0.08322276920080185,0.0,0.0,0.0,0.0
4.821958065032959,-0.09553465247154236,-1.1438817977905273,0.0,0.0,-0.00026255351258441806,-0.18150022625923157,0.0,0.0,-0.09836642439640966,-0.06925443654240562,-0.02741742879152298,0.07893122732639313,0.0,0.0,0.0,0.0
4.82322096824646,-0.09553465247154236,-1.1438817977905273,0.0,0.0,-0.00026255351258441806,-0.18150022625923157,0.0,0.0,-0.09836642439640966,-0.06925443654240562,-0.02741742879152298,0.07893122732639313,0.0,0.0,0.0,0.0
4.8244922161102295,-0.09553465247154236,-1.1438817977905273,0.0,0.0,-0.00026255351258441806,-0.18150022625923157,0.0,0.0,-0.09803565861868736,-0.06906268894391993,-0.024899715557694435,0.0785306915640831,0.0,0.0,0.0,0.0
4.825763702392578,-0.19097185134887695,-1.4500378370285034,0.0,0.0,-0.0004538840730674565,-0.18182016909122467,0.0,0.0,-0.09803565861868736,-0.06906268894391993,-0.024899715557694435,0.0785306915640831,0.0,0.0,0.0,0.0
4.827064037322998,-0.19097185134887695,-1.4500378370285034,0.0,0.0,-0.0004538840730674565,-0.18182016909122467,0.0,0.0,-0.09789664043945076,-0.06910583332391367,-0.02561500109732151,0.07918871939182281,0.0,0.0,0.0,0.0
4.828393936157227,-0.19097185134887695,-1.4500378370285034,0.0,0.0,-0.0004538840730674565,-0.18182016909122467,0.0,0.0,-0.09789664043945076,-0.06910583332391367,-0.02561500109732151,0.07918871939182281,0.0,0.0,0.0,0.0
4.829679489135742,-0.19097185134887695,-1.4500378370285034,0.0,0.0,-0.0004538840730674565,-0.18182016909122467,0.0,0.0,-0.09794457733907219,-0.06910583332391367,-0.020555593073368073,0.07473224401473999,0.0,0.0,0.0,0.0
4.830957412719727,-0.19097185134887695,-1.4500378370285034,0.0,0.0,-0.0004538840730674565,-0.18182016909122467,0.0,0.0,-0.09794457733907219,-0.06910583332391367,-0.020555593073368073,0.07473224401473999,0.0,0.0,0.0,0.0
4.832245111465454,-0.19097185134887695,-1.4500378370285034,0.0,0.0,-0.0004538840730674565,-0.18182016909122467,0.0,0.0,-0.09794457733907219,-0.06910583332391367,-0.02184303104877472,0.07473224401473999,0.0,0.0,0.0,0.0
4.833514928817749,-0.19097185134887695,-1.4500378370285034,0.0,0.0,-0.0004538840730674565,-0.18182016909122467,0.0,0.0,-0.09794457733907219,-0.06910583332391367,-0.02184303104877472,0.07473224401473999,0.0,0.0,0.0,0.0
4.834801197052002,-0.19097185134887695,-1.4500378370285034,0.0,0.0,-0.0004538840730674565,-0.18182016909122467,0.0,0.0,-0.0982753489684668,-0.06910583332391367,-0.026392070576548576,0.07473224401473999,0.0,0.0,0.0,0.0
4.836129903793335,-0.25669607520103455,-1.3221687078475952,0.0,0.0,-0.0006171126733534038,-0.18190184235572815,0.0,0.0,-0.09866842920469358,-0.06918253119297349,-0.029367519542574883,0.07473224401473999,0.0,0.0,0.0,0.0
4.837442636489868,-0.25669607520103455,-1.3221687078475952,0.0,0.0,-0.0006171126733534038,-0.18190184235572815,0.0,0.0,-0.09866842920469358,-0.06918253119297349,-0.029367519542574883,0.07473224401473999,0.0,0.0,0.0,0.0
4.83873724937439,-0.25669607520103455,-1.3221687078475952,0.0,0.0,-0.0006171126733534038,-0.18190184235572815,0.0,0.0,-0.0991621816114632,-0.06960917076993865,-0.02632523700594902,0.07432067394256592,0.0,0.0,0.0,0.0
4.840009689331055,-0.25669607520103455,-1.3221687078475952,0.0,0.0,-0.0006171126733534038,-0.18190184235572815,0.0,0.0,-0.0991621816114632,-0.06960917076993865,-0.02632523700594902,0.07432067394256592,0.0,0.0,0.0,0.0
4.841356515884399,-0.25669607520103455,-1.3221687078475952,0.0,0.0,-0.0006171126733534038,-0.18190184235572815,0.0,0.0,-0.09966072068618817,-0.06961876166086632,-0.030359255149960518,0.07286155968904495,0.0,0.0,0.0,0.0
4.842680931091309,-0.25669607520103455,-1.3221687078475952,0.0,0.0,-0.0006171126733534038,-0.18190184235572815,0.0,0.0,-0.09966072068618817,-0.06961876166086632,-0.030359255149960518,0.07286155968904495,0.0,0.0,0.0,0.0
4.843982219696045,-0.25669607520103455,-1.3221687078475952,0.0,0.0,-0.0006171126733534038,-0.18190184235572815,0.0,0.0,-0.10001544906204887,-0.06957082476124489,-0.03190423548221588,0.07177437841892242,0.0,0.0,0.0,0.0
4.845381498336792,-0.28776437044143677,-1.0168801546096802,0.0,0.0,-0.0007805348141118884,-0.18177199363708496,0.0,0.0,-0.10001544906204887,-0.06957082476124489,-0.03190423548221588,0.07177437841892242,0.0,0.0,0.0,0.0
4.8473286628723145,-0.28776437044143677,-1.0168801546096802,0.0,0.0,-0.0007805348141118884,-0.18177199363708496,0.0,0.0,-0.10018322821072387,-0.06957082476124489,-0.032047271728515625,0.07177437841892242,0.0,0.0,0.0,0.0
4.848802089691162,-0.28776437044143677,-1.0168801546096802,0.0,0.0,-0.0007805348141118884,-0.18177199363708496,0.0,0.0,-0.10036060410199886,-0.06957082476124489,-0.030788421630859375,0.07177437841892242,0.0,0.0,0.0,0.0
4.850458383560181,-0.28776437044143677,-1.0168801546096802,0.0,0.0,-0.0007805348141118884,-0.18177199363708496,0.0,0.0,-0.10054275495788456,-0.06931196433295474,-0.027542997151613235,0.06604199856519699,0.0,0.0,0.0,0.0
4.851875305175781,-0.28776437044143677,-1.0168801546096802,0.0,0.0,-0.0007805348141118884,-0.18177199363708496,0.0,0.0,-0.10054275495788456,-0.06931196433295474,-0.027542997151613235,0.06604199856519699,0.0,0.0,0.0,0.0
4.853256464004517,-0.28776437044143677,-1.0168801546096802,0.0,0.0,-0.0007805348141118884,-0.18177199363708496,0.0,0.0,-0.1008926966657899,-0.06903872049410921,-0.030375396832823753,0.060291338711977005,0.0,0.0,0.0,0.0
4.854569911956787,-0.28776437044143677,-1.0168801546096802,0.0,0.0,-0.0007805348141118884,-0.18177199363708496,0.0,0.0,-0.1008926966657899,-0.06903872049410921,-0.030375396832823753,0.060291338711977005,0.0,0.0,0.0,0.0
4.8558454513549805,-0.2951035797595978,-0.9233667254447937,0.0,0.0,-0.0008052353514358401,-0.18174207210540771,0.0,0.0,-0.1008974950370899,-0.06904831138503689,-0.028859078884124756,0.062122393399477005,0.0,0.0,0.0,0.0
4.857132196426392,-0.2951035797595978,-0.9233667254447937,0.0,0.0,-0.0008052353514358401,-0.18174207210540771,0.0,0.0,-0.1008974950370899,-0.06904831138503689,-0.028859078884124756,0.062122393399477005,0.0,0.0,0.0,0.0
4.85849666595459,-0.2951035797595978,-0.9233667254447937,0.0,0.0,-0.0008052353514358401,-0.18174207210540771,0.0,0.0,-0.10086394154802383,-0.06902434293522618,-0.027800502255558968,0.06326678395271301,0.0,0.0,0.0,0.0
4.859856367111206,-0.2951035797595978,-0.9233667254447937,0.0,0.0,-0.0008052353514358401,-0.18174207210540771,0.0,0.0,-0.10086394154802383,-0.06902434293522618,-0.027800502255558968,0.06326678395271301,0.0,0.0,0.0,0.0
4.861150741577148,-0.2951035797595978,-0.9233667254447937,0.0,0.0,-0.0008052353514358401,-0.18174207210540771,0.0,0.0,-0.10086394154802383,-0.06892367661635564,-0.0220489464700222,0.05562620982527733,0.0,0.0,0.0,0.0
4.862444162368774,-0.2951035797595978,-0.9233667254447937,0.0,0.0,-0.0008052353514358401,-0.18174207210540771,0.0,0.0,-0.10086394154802383,-0.06892367661635564,-0.0220489464700222,0.05562620982527733,0.0,0.0,0.0,0.0
4.863715171813965,-0.2951035797595978,-0.9233667254447937,0.0,0.0,-0.0008052353514358401,-0.18174207210540771,0.0,0.0,-0.10096940038652204,-0.06883738785636814,-0.0234794020652771,0.055082641541957855,0.0,0.0,0.0,0.0
4.864988565444946,-0.2951035797595978,-0.9233667254447937,0.0,0.0,-0.0008052353514358401,-0.18174207210540771,0.0,0.0,-0.10096940038652204,-0.06883738785636814,-0.0234794020652771,0.055082641541957855,0.0,0.0,0.0,0.0
4.866619348526001,-0.23748910427093506,-0.986881673336029,0.0,0.0,-0.0006963577470742166,-0.18185898661613464,0.0,0.0,-0.1010652741857649,-0.06873672153749762,-0.024080244824290276,0.054510436952114105,0.0,0.0,0.0,0.0
4.867973327636719,-0.23748910427093506,-0.986881673336029,0.0,0.0,-0.0006963577470742166,-0.18185898661613464,0.0,0.0,-0.10116593465296311,-0.06879903599600208,-0.024652449414134026,0.055683430284261703,0.0,0.0,0.0,0.0
4.869227170944214,-0.23748910427093506,-0.986881673336029,0.0,0.0,-0.0006963577470742166,-0.18185898661613464,0.0,0.0,-0.10116593465296311,-0.06879903599600208,-0.024652449414134026,0.055683430284261703,0.0,0.0,0.0,0.0
4.870512008666992,-0.23748910427093506,-0.986881673336029,0.0,0.0,-0.0006963577470742166,-0.18185898661613464,0.0,0.0,-0.1011707330242631,-0.0687942434763744,-0.019467193633317947,0.0499546118080616,0.0,0.0,0.0,0.0
4.8717827796936035,-0.23748910427093506,-0.986881673336029,0.0,0.0,-0.0006963577470742166,-0.18185898661613464,0.0,0.0,-0.1011707330242631,-0.0687942434763744,-0.019467193633317947,0.0499546118080616,0.0,0.0,0.0,0.0
4.873076915740967,-0.23748910427093506,-0.986881673336029,0.0,0.0,-0.0006963577470742166,-0.18185898661613464,0.0,0.0,-0.10131934209442738,-0.0687942434763744,-0.01989634707570076,0.04992600157856941,0.0,0.0,0.0,0.0
4.874349355697632,-0.23748910427093506,-0.986881673336029,0.0,0.0,-0.0006963577470742166,-0.18185898661613464,0.0,0.0,-0.10131934209442738,-0.0687942434763744,-0.01989634707570076,0.04992600157856941,0.0,0.0,0.0,0.0
4.875608444213867,-0.21455591917037964,-0.8947644233703613,0.0,0.0,-0.0005883619305677712,-0.1818893998861313,0.0,0.0,-0.1014248009329256,-0.0687942434763744,-0.020497191697359085,0.04992600157856941,0.0,0.0,0.0,0.0
4.876889944076538,-0.21455591917037964,-0.8947644233703613,0.0,0.0,-0.0005883619305677712,-0.1818893998861313,0.0,0.0,-0.1014248009329256,-0.0687942434763744,-0.020497191697359085,0.04992600157856941,0.0,0.0,0.0,0.0
4.8781867027282715,-0.21455591917037964,-0.8947644233703613,0.0,0.0,-0.0005883619305677712,-0.1818893998861313,0.0,0.0,-0.1015302597714238,-0.06913939266465206,-0.021098032593727112,0.054475050419569016,0.0,0.0,0.0,0.0
4.8794848918914795,-0.21455591917037964,-0.8947644233703613,0.0,0.0,-0.0005883619305677712,-0.1818893998861313,0.0,0.0,-0.1015302597714238,-0.06913939266465206,-0.021098032593727112,0.054475050419569016,0.0,0.0,0.0,0.0
4.880770206451416,-0.21455591917037964,-0.8947644233703613,0.0,0.0,-0.0005883619305677712,-0.1818893998861313,0.0,0.0,-0.10147752450050238,-0.06932154937221009,-0.014261878095567226,0.048952896147966385,0.0,0.0,0.0,0.0
4.88206672668457,-0.21455591917037964,-0.8947644233703613,0.0,0.0,-0.0005883619305677712,-0.1818893998861313,0.0,0.0,-0.10147752450050238,-0.06932154937221009,-0.014261878095567226,0.048952896147966385,0.0,0.0,0.0,0.0
4.883437871932983,-0.21455591917037964,-0.8947644233703613,0.0,0.0,-0.0005883619305677712,-0.1818893998861313,0.0,0.0,-0.10147752450050238,-0.0694605675514467,-0.014261878095567226,0.049782559275627136,0.0,0.0,0.0,0.0
4.884941816329956,-0.21455591917037964,-0.8947644233703613,0.0,0.0,-0.0005883619305677712,-0.1818893998861313,0.0,0.0,-0.10147752450050238,-0.0694605675514467,-0.014261878095567226,0.049782559275627136,0.0,0.0,0.0,0.0
4.886427164077759,-0.18674474954605103,-0.7426997423171997,0.0,0.0,-0.0005237801233306527,-0.18188610672950745,0.0,0.0,-0.10147752450050238,-0.06964273011067704,-0.014261878095567226,0.050869762897491455,0.0,0.0,0.0,0.0
4.8881707191467285,-0.18674474954605103,-0.7426997423171997,0.0,0.0,-0.0005237801233306527,-0.18188610672950745,0.0,0.0,-0.10147752450050238,-0.06957082476124489,-0.014261878095567226,0.048838455229997635,0.0,0.0,0.0,0.0
4.889659881591797,-0.18674474954605103,-0.7426997423171997,0.0,0.0,-0.0005237801233306527,-0.18188610672950745,0.0,0.0,-0.10147752450050238,-0.06957082476124489,-0.014261878095567226,0.048838455229997635,0.0,0.0,0.0,0.0
4.891152858734131,-0.18674474954605103,-0.7426997423171997,0.0,0.0,-0.0005237801233306527,-0.18188610672950745,0.0,0.0,-0.10147752450050238,-0.06957082476124489,-0.008533056825399399,0.04311176389455795,0.0,0.0,0.0,0.0
4.892873287200928,-0.18674474954605103,-0.7426997423171997,0.0,0.0,-0.0005237801233306527,-0.18188610672950745,0.0,0.0,-0.10147752450050238,-0.06957082476124489,-0.008533056825399399,0.04311176389455795,0.0,0.0,0.0,0.0
4.8943703174591064,-0.18674474954605103,-0.7426997423171997,0.0,0.0,-0.0005237801233306527,-0.18188610672950745,0.0,0.0,-0.10147752450050238,-0.06957082476124489,-0.008533056825399399,0.04311176389455795,0.0,0.0,0.0,0.0
4.895757436752319,-0.1668132096529007,-0.6676152348518372,0.0,0.0,-0.000470658706035465,-0.18190330266952515,0.0,0.0,-0.10147752450050238,-0.06957082476124489,-0.008533056825399399,0.04311176389455795,0.0,0.0,0.0,0.0
4.897416830062866,-0.1668132096529007,-0.6676152348518372,0.0,0.0,-0.000470658706035465,-0.18190330266952515,0.0,0.0,-0.10147752450050238,-0.06968586863899846,-0.008533056825399399,0.0445994958281517,0.0,0.0,0.0,0.0
4.8989081382751465,-0.1668132096529007,-0.6676152348518372,0.0,0.0,-0.000470658706035465,-0.18190330266952515,0.0,0.0,-0.10147752450050238,-0.06968586863899846,-0.008533056825399399,0.0445994958281517,0.0,0.0,0.0,0.0
4.90040135383606,-0.1668132096529007,-0.6676152348518372,0.0,0.0,-0.000470658706035465,-0.18190330266952515,0.0,0.0,-0.10147752450050238,-0.06978174243824131,-0.002838391810655594,0.03947699815034866,0.0,0.0,0.0,0.0
4.901898622512817,-0.1668132096529007,-0.6676152348518372,0.0,0.0,-0.000470658706035465,-0.18190330266952515,0.0,0.0,-0.10147752450050238,-0.06978174243824131,-0.002838391810655594,0.03947699815034866,0.0,0.0,0.0,0.0
4.903390407562256,-0.1668132096529007,-0.6676152348518372,0.0,0.0,-0.000470658706035465,-0.18190330266952515,0.0,0.0,-0.10147752450050238,-0.06988241460878417,-0.002838391810655594,0.040135011076927185,0.0,0.0,0.0,0.0
4.904891014099121,-0.1668132096529007,-0.6676152348518372,0.0,0.0,-0.000470658706035465,-0.18190330266952515,0.0,0.0,-0.10147752450050238,-0.06988241460878417,-0.002838391810655594,0.040135011076927185,0.0,0.0,0.0,0.0
4.9063944816589355,-0.19234882295131683,-0.6041983366012573,0.0,0.0,-0.0005043689743615687,-0.1819390058517456,0.0,0.0,-0.10147752450050238,-0.07013168414614666,-0.002838391810655594,0.04242384433746338,0.0,0.0,0.0,0.0
4.907793283462524,-0.19234882295131683,-0.6041983366012573,0.0,0.0,-0.0005043689743615687,-0.1819390058517456,0.0,0.0,-0.10147752450050238,-0.07022755794538951,-0.002838391810655594,0.042194969952106476,0.0,0.0,0.0,0.0
4.9093101024627686,-0.19234882295131683,-0.6041983366012573,0.0,0.0,-0.0005043689743615687,-0.1819390058517456,0.0,0.0,-0.10147752450050238,-0.07022755794538951,-0.002838391810655594,0.042194969952106476,0.0,0.0,0.0,0.0
4.910901069641113,-0.19234882295131683,-0.6041983366012573,0.0,0.0,-0.0005043689743615687,-0.1819390058517456,0.0,0.0,-0.10147752450050238,-0.07028028736463862,0.002918858081102371,0.0366937518119812,0.0,0.0,0.0,0.0
4.9123854637146,-0.19234882295131683,-0.6041983366012573,0.0,0.0,-0.0005043689743615687,-0.1819390058517456,0.0,0.0,-0.10147752450050238,-0.07028028736463862,0.002918858081102371,0.0366937518119812,0.0,0.0,0.0,0.0
4.913847208023071,-0.19234882295131683,-0.6041983366012573,0.0,0.0,-0.0005043689743615687,-0.1819390058517456,0.0,0.0,-0.10147752450050238,-0.07036178360499842,0.002918858081102371,0.03723735362291336,0.0,0.0,0.0,0.0
4.915589332580566,-0.19147244095802307,-0.49346715211868286,0.0,0.0,-0.0005270498804748058,-0.18195196986198425,0.0,0.0,-0.10156861163178987,-0.07045285903294128,0.002918858081102371,0.03775235265493393,0.0,0.0,0.0,0.0
4.917022228240967,-0.19147244095802307,-0.49346715211868286,0.0,0.0,-0.0005270498804748058,-0.18195196986198425,0.0,0.0,-0.10156861163178987,-0.07045285903294128,0.002918858081102371,0.03775235265493393,0.0,0.0,0.0,0.0
4.9184653759002686,-0.19147244095802307,-0.49346715211868286,0.0,0.0,-0.0005270498804748058,-0.18195196986198425,0.0,0.0,-0.10166448543103272,-0.07055353120348413,0.0009733344777487218,0.03832455724477768,0.0,0.0,0.0,0.0
4.919785499572754,-0.19147244095802307,-0.49346715211868286,0.0,0.0,-0.0005270498804748058,-0.18195196986198425,0.0,0.0,-0.10166448543103272,-0.07055353120348413,0.0009733344777487218,0.03832455724477768,0.0,0.0,0.0,0.0
4.921545743942261,-0.19147244095802307,-0.49346715211868286,0.0,0.0,-0.0005270498804748058,-0.18195196986198425,0.0,0.0,-0.10176035923027557,-0.07064460663142699,0.006104527041316032,0.033222004771232605,0.0,0.0,0.0,0.0
4.923009634017944,-0.19147244095802307,-0.49346715211868286,0.0,0.0,-0.0005270498804748058,-0.18195196986198425,0.0,0.0,-0.10199524535708271,-0.07073568791104216,0.003844262333586812,0.03373696655035019,0.0,0.0,0.0,0.0
4.924430847167969,-0.19147244095802307,-0.49346715211868286,0.0,0.0,-0.0005270498804748058,-0.18195196986198425,0.0,0.0,-0.10199524535708271,-0.07073568791104216,0.003844262333586812,0.03373696655035019,0.0,0.0,0.0,0.0
4.925855875015259,-0.20621511340141296,-0.41041430830955505,0.0,0.0,-0.0005554705858230591,-0.18196818232536316,0.0,0.0,-0.10210070419558093,-0.07083156171028501,0.0027571292594075203,0.03430917114019394,0.0,0.0,0.0,0.0
4.927186727523804,-0.20621511340141296,-0.41041430830955505,0.0,0.0,-0.0005554705858230591,-0.18196818232536316,0.0,0.0,-0.10210070419558093,-0.07083156171028501,0.0027571292594075203,0.03430917114019394,0.0,0.0,0.0,0.0
4.928539037704468,-0.20621511340141296,-0.41041430830955505,0.0,0.0,-0.0005554705858230591,-0.18196818232536316,0.0,0.0,-0.10209111915632556,-0.07079800822121894,0.004931492730975151,0.03330783545970917,0.0,0.0,0.0,0.0
4.929879665374756,-0.20621511340141296,-0.41041430830955505,0.0,0.0,-0.0005554705858230591,-0.18196818232536316,0.0,0.0,-0.10209111915632556,-0.07079800822121894,0.004931492730975151,0.03330783545970917,0.0,0.0,0.0,0.0
4.931539058685303,-0.20621511340141296,-0.41041430830955505,0.0,0.0,-0.0005554705858230591,-0.18196818232536316,0.0,0.0,-0.10209111915632556,-0.07079800822121894,0.01063754316419363,0.027603913098573685,0.0,0.0,0.0,0.0
4.93288516998291,-0.20621511340141296,-0.41041430830955505,0.0,0.0,-0.0005554705858230591,-0.18196818232536316,0.0,0.0,-0.10219657799482378,-0.07096099485026626,0.00917837955057621,0.02937774732708931,0.0,0.0,0.0,0.0
4.934242010116577,-0.20621511340141296,-0.41041430830955505,0.0,0.0,-0.0005554705858230591,-0.18196818232536316,0.0,0.0,-0.10219657799482378,-0.07096099485026626,0.00917837955057621,0.02937774732708931,0.0,0.0,0.0,0.0
4.935595273971558,-0.22172507643699646,-0.3274930417537689,0.0,0.0,-0.0005991545622237027,-0.18199309706687927,0.0,0.0,-0.10228286675481127,-0.07105207027820912,0.008634813129901886,0.02994995191693306,0.0,0.0,0.0,0.0
4.93724513053894,-0.22172507643699646,-0.3274930417537689,0.0,0.0,-0.0005991545622237027,-0.18199309706687927,0.0,0.0,-0.10237395388609875,-0.07113835903819661,0.008148453198373318,0.030464917421340942,0.0,0.0,0.0,0.0
4.938661336898804,-0.22172507643699646,-0.3274930417537689,0.0,0.0,-0.0005991545622237027,-0.18199309706687927,0.0,0.0,-0.10237395388609875,-0.07113835903819661,0.008148453198373318,0.030464917421340942,0.0,0.0,0.0,0.0
4.940009593963623,-0.22172507643699646,-0.3274930417537689,0.0,0.0,-0.0005991545622237027,-0.18199309706687927,0.0,0.0,-0.10256090311328446,-0.07139721946648678,0.011831727810204029,0.027067778632044792,0.0,0.0,0.0,0.0
4.941418170928955,-0.22172507643699646,-0.3274930417537689,0.0,0.0,-0.0005991545622237027,-0.18199309706687927,0.0,0.0,-0.10256090311328446,-0.07139721946648678,0.011831727810204029,0.027067778632044792,0.0,0.0,0.0,0.0
4.942843914031982,-0.22172507643699646,-0.3274930417537689,0.0,0.0,-0.0005991545622237027,-0.18199309706687927,0.0,0.0,-0.10276223575102553,-0.07146912481591891,0.010744594037532806,0.026695851236581802,0.0,0.0,0.0,0.0
4.944270610809326,-0.22172507643699646,-0.3274930417537689,0.0,0.0,-0.0005991545622237027,-0.18199309706687927,0.0,0.0,-0.10276223575102553,-0.07146912481591891,0.010744594037532806,0.026695851236581802,0.0,0.0,0.0,0.0
4.945973873138428,-0.20736345648765564,-0.28516823053359985,0.0,0.0,-0.000586200796533376,-0.1820397675037384,0.0,0.0,-0.10287729133212374,-0.07141159702536981,0.009943494573235512,0.025551429018378258,0.0,0.0,0.0,0.0
4.947386741638184,-0.20736345648765564,-0.28516823053359985,0.0,0.0,-0.000586200796533376,-0.1820397675037384,0.0,0.0,-0.10306903893060944,-0.07149309326572963,0.008913497440516949,0.025551429018378258,0.0,0.0,0.0,0.0
4.948806524276733,-0.20736345648765564,-0.28516823053359985,0.0,0.0,-0.000586200796533376,-0.1820397675037384,0.0,0.0,-0.10306903893060944,-0.07149309326572963,0.008913497440516949,0.025551429018378258,0.0,0.0,0.0,0.0
4.950586318969727,-0.20736345648765564,-0.28516823053359985,0.0,0.0,-0.000586200796533376,-0.1820397675037384,0.0,0.0,-0.10319366784761837,-0.0715841745453448,0.01374699268490076,0.02171640843153,0.0,0.0,0.0,0.0
4.951939582824707,-0.20736345648765564,-0.28516823053359985,0.0,0.0,-0.000586200796533376,-0.1820397675037384,0.0,0.0,-0.10337583040684871,-0.07190055691251175,0.012659789063036442,0.025349920615553856,0.0,0.0,0.0,0.0
4.95335578918457,-0.20736345648765564,-0.28516823053359985,0.0,0.0,-0.000586200796533376,-0.1820397675037384,0.0,0.0,-0.10337583040684871,-0.07190055691251175,0.012659789063036442,0.025349920615553856,0.0,0.0,0.0,0.0
4.954774379730225,-0.20736345648765564,-0.28516823053359985,0.0,0.0,-0.000586200796533376,-0.1820397675037384,0.0,0.0,-0.10349567265590227,-0.07209230451099746,0.013403697870671749,0.02552156150341034,0.0,0.0,0.0,0.0
4.9562013149261475,-0.21239666640758514,-0.19244222342967987,0.0,0.0,-0.0005884863785468042,-0.1820620745420456,0.0,0.0,-0.10349567265590227,-0.07209230451099746,0.013403697870671749,0.02552156150341034,0.0,0.0,0.0,0.0
4.957820415496826,-0.21239666640758514,-0.19244222342967987,0.0,0.0,-0.0005884863785468042,-0.1820620745420456,0.0,0.0,-0.10368742025438799,-0.07223132269023405,0.01085740141570568,0.026408473029732704,0.0,0.0,0.0,0.0
4.959244728088379,-0.21239666640758514,-0.19244222342967987,0.0,0.0,-0.0005884863785468042,-0.1820620745420456,0.0,0.0,-0.10368742025438799,-0.07223132269023405,0.01085740141570568,0.026408473029732704,0.0,0.0,0.0,0.0
4.960995197296143,-0.21239666640758514,-0.19244222342967987,0.0,0.0,-0.0005884863785468042,-0.1820620745420456,0.0,0.0,-0.10381206087474154,-0.07264837137627153,0.015919441357254982,0.02526884153485298,0.0,0.0,0.0,0.0
4.962423086166382,-0.21239666640758514,-0.19244222342967987,0.0,0.0,-0.0005884863785468042,-0.1820620745420456,0.0,0.0,-0.1039846266913719,-0.07267233982608225,0.014775033108890057,0.022407809272408485,0.0,0.0,0.0,0.0
4.963846683502197,-0.21239666640758514,-0.19244222342967987,0.0,0.0,-0.0005884863785468042,-0.1820620745420456,0.0,0.0,-0.10413802242949154,-0.07330510456041615,0.013973931781947613,0.029932299628853798,0.0,0.0,0.0,0.0
4.965479135513306,-0.2060694545507431,-0.15181434154510498,0.0,0.0,-0.0005833706818521023,-0.1821182519197464,0.0,0.0,-0.10413802242949154,-0.07330510456041615,0.013973931781947613,0.029932299628853798,0.0,0.0,0.0,0.0
4.966933012008667,-0.2060694545507431,-0.15181434154510498,0.0,0.0,-0.0005833706818521023,-0.1821182519197464,0.0,0.0,-0.10424349297133438,-0.07327634359097776,0.012829522602260113,0.026041295379400253,0.0,0.0,0.0,0.0
4.968365430831909,-0.2060694545507431,-0.15181434154510498,0.0,0.0,-0.0005833706818521023,-0.1821182519197464,0.0,0.0,-0.10424349297133438,-0.07327634359097776,0.012829522602260113,0.026041295379400253,0.0,0.0,0.0,0.0
4.96980094909668,-0.2060694545507431,-0.15181434154510498,0.0,0.0,-0.0005833706818521023,-0.1821182519197464,0.0,0.0,-0.10449754917665223,-0.07348247460001882,0.017471350729465485,0.022428814321756363,0.0,0.0,0.0,0.0
4.9713475704193115,-0.2060694545507431,-0.15181434154510498,0.0,0.0,-0.0005833706818521023,-0.1821182519197464,0.0,0.0,-0.10457905126868437,-0.07392828425549469,0.017814673483371735,0.02583341859281063,0.0,0.0,0.0,0.0
4.972790002822876,-0.2060694545507431,-0.15181434154510498,0.0,0.0,-0.0005833706818521023,-0.1821182519197464,0.0,0.0,-0.10457905126868437,-0.07392828425549469,0.017814673483371735,0.02583341859281063,0.0,0.0,0.0,0.0
4.974231004714966,-0.2060694545507431,-0.15181434154510498,0.0,0.0,-0.0005833706818521023,-0.1821182519197464,0.0,0.0,-0.10484749088455757,-0.07402895642603755,0.015440067276358604,0.025747593492269516,0.0,0.0,0.0,0.0
4.97559928894043,-0.2090217024087906,-0.12062246352434158,0.0,0.0,-0.0005669976235367358,-0.1821729689836502,0.0,0.0,-0.10484749088455757,-0.07402895642603755,0.015440067276358604,0.025747593492269516,0.0,0.0,0.0,0.0
4.977035045623779,-0.2090217024087906,-0.12062246352434158,0.0,0.0,-0.0005669976235367358,-0.1821729689836502,0.0,0.0,-0.1051734641426522,-0.07435013131283218,0.01260759774595499,0.028351131826639175,0.0,0.0,0.0,0.0
4.978479623794556,-0.2090217024087906,-0.12062246352434158,0.0,0.0,-0.0005669976235367358,-0.1821729689836502,0.0,0.0,-0.1051734641426522,-0.07435013131283218,0.01260759774595499,0.028351131826639175,0.0,0.0,0.0,0.0
4.980206489562988,-0.2090217024087906,-0.12062246352434158,0.0,0.0,-0.0005669976235367358,-0.1821729689836502,0.0,0.0,-0.10528372135245041,-0.07459940085019466,0.018416760489344597,0.022914651781320572,0.0,0.0,0.0,0.0
4.9816412925720215,-0.2090217024087906,-0.12062246352434158,0.0,0.0,-0.0005669976235367358,-0.1821729689836502,0.0,0.0,-0.10557612941813432,-0.07481511689849107,0.017329556867480278,0.025947343558073044,0.0,0.0,0.0,0.0
4.9831154346466064,-0.2090217024087906,-0.12062246352434158,0.0,0.0,-0.0005669976235367358,-0.1821729689836502,0.0,0.0,-0.10557612941813432,-0.07481511689849107,0.017329556867480278,0.025947343558073044,0.0,0.0,0.0,0.0
4.984576463699341,-0.2090217024087906,-0.12062246352434158,0.0,0.0,-0.0005669976235367358,-0.1821729689836502,0.0,0.0,-0.10596922135770573,-0.07510273829621963,0.012723324820399284,0.02763531543314457,0.0,0.0,0.0,0.0
4.985937118530273,-0.2042573243379593,-0.07226710766553879,0.0,0.0,-0.0005820825463160872,-0.1822451502084732,0.0,0.0,-0.10596922135770573,-0.07510273829621963,0.012723324820399284,0.02763531543314457,0.0,0.0,0.0,0.0
4.9873034954071045,-0.2042573243379593,-0.07226710766553879,0.0,0.0,-0.0005820825463160872,-0.1822451502084732,0.0,0.0,-0.10626642779468964,-0.07559169818336157,0.011864962056279182,0.030982714146375656,0.0,0.0,0.0,0.0
4.988764524459839,-0.2042573243379593,-0.07226710766553879,0.0,0.0,-0.0005820825463160872,-0.1822451502084732,0.0,0.0,-0.10626642779468964,-0.07559169818336157,0.011864962056279182,0.030982714146375656,0.0,0.0,0.0,0.0
4.990201950073242,-0.2042573243379593,-0.07226710766553879,0.0,0.0,-0.0005820825463160872,-0.1822451502084732,0.0,0.0,-0.10678414865126998,-0.07586493617053477,0.014020495116710663,0.02590896189212799,0.0,0.0,0.0,0.0
4.991618394851685,-0.2042573243379593,-0.07226710766553879,0.0,0.0,-0.0005820825463160872,-0.1822451502084732,0.0,0.0,-0.10678414865126998,-0.07586493617053477,0.014020495116710663,0.02590896189212799,0.0,0.0,0.0,0.0
4.993346452713013,-0.2042573243379593,-0.07226710766553879,0.0,0.0,-0.0005820825463160872,-0.1822451502084732,0.0,0.0,-0.10733062462561638,-0.076497706756541,0.008355695754289627,0.031001586467027664,0.0,0.0,0.0,0.0
4.994791269302368,-0.2042573243379593,-0.07226710766553879,0.0,0.0,-0.0005820825463160872,-0.1822451502084732,0.0,0.0,-0.10774288664369851,-0.07693393137276151,0.007096817716956139,0.03397705778479576,0.0,0.0,0.0,0.0
4.996227502822876,-0.2396419793367386,-0.07572995871305466,0.0,0.0,-0.0006426901090890169,-0.18234185874462128,0.0,0.0,-0.10774288664369851,-0.07693393137276151,0.007096817716956139,0.03397705778479576,0.0,0.0,0.0,0.0
4.997660875320435,-0.2396419793367386,-0.07572995871305466,0.0,0.0,-0.0006426901090890169,-0.18234185874462128,0.0,0.0,-0.10852424874485204,-0.07750438164859094,0.001088710967451334,0.03835441917181015,0.0,0.0,0.0,0.0
4.999320983886719,-0.2396419793367386,-0.07572995871305466,0.0,0.0,-0.0006426901090890169,-0.18234185874462128,0.0,0.0,-0.10916181185048594,-0.07827137204253377,0.0015048584900796413,0.03768077492713928,0.0,0.0,0.0,0.0
5.000783205032349,-0.2396419793367386,-0.07572995871305466,0.0,0.0,-0.0006426901090890169,-0.18234185874462128,0.0,0.0,-0.10916181185048594,-0.07827137204253377,0.0015048584900796413,0.03768077492713928,0.0,0.0,0.0,0.0
5.0022172927856445,-0.2396419793367386,-0.07572995871305466,0.0,0.0,-0.0006426901090890169,-0.18234185874462128,0.0,0.0,-0.1099192172051734,-0.07911026778590872,-0.0027866761665791273,0.044747479259967804,0.0,0.0,0.0,0.0
5.003597259521484,-0.2396419793367386,-0.07572995871305466,0.0,0.0,-0.0006426901090890169,-0.18234185874462128,0.0,0.0,-0.1099192172051734,-0.07911026778590872,-0.0027866761665791273,0.044747479259967804,0.0,0.0,0.0,0.0
5.005028247833252,-0.2396419793367386,-0.07572995871305466,0.0,0.0,-0.0006426901090890169,-0.18234185874462128,0.0,0.0,-0.11106490442478764,-0.08006420740703726,-0.01211361214518547,0.050812847912311554,0.0,0.0,0.0,0.0
5.006584167480469,-0.23749350011348724,-0.08143593370914459,0.0,0.0,-0.000632946495898068,-0.18244053423404694,0.0,0.0,-0.11230647714698935,-0.08112361757000863,-0.02118299901485443,0.059481747448444366,0.0,0.0,0.0,0.0
5.007908582687378,-0.23749350011348724,-0.08143593370914459,0.0,0.0,-0.000632946495898068,-0.18244053423404694,0.0,0.0,-0.11230647714698935,-0.08112361757000863,-0.02118299901485443,0.059481747448444366,0.0,0.0,0.0,0.0
5.00934100151062,-0.23749350011348724,-0.08143593370914459,0.0,0.0,-0.000632946495898068,-0.18244053423404694,0.0,0.0,-0.11362952855453394,-0.0825377561088407,-0.023736702278256416,0.06406598538160324,0.0,0.0,0.0,0.0
5.010744333267212,-0.23749350011348724,-0.08143593370914459,0.0,0.0,-0.000632946495898068,-0.18244053423404694,0.0,0.0,-0.1153025333733285,-0.08400462406692188,-0.03612491488456726,0.07453731447458267,0.0,0.0,0.0,0.0
5.012150049209595,-0.23749350011348724,-0.08143593370914459,0.0,0.0,-0.000632946495898068,-0.18244053423404694,0.0,0.0,-0.1153025333733285,-0.08400462406692188,-0.03612491488456726,0.07453731447458267,0.0,0.0,0.0,0.0
5.0136144161224365,-0.23749350011348724,-0.08143593370914459,0.0,0.0,-0.000632946495898068,-0.18244053423404694,0.0,0.0,-0.11694677137101235,-0.08584540218271912,-0.04865623638033867,0.08849912881851196,0.0,0.0,0.0,0.0
5.0150370597839355,-0.23749350011348724,-0.08143593370914459,0.0,0.0,-0.000632946495898068,-0.18244053423404694,0.0,0.0,-0.11694677137101235,-0.08584540218271912,-0.04865623638033867,0.08849912881851196,0.0,0.0,0.0,0.0
5.0166237354278564,-0.21625296771526337,-0.21525245904922485,0.0,0.0,-0.0006270402227528393,-0.18262064456939697,0.0,0.0,-0.11900805805473368,-0.08776287816757618,-0.060214754194021225,0.09974294900894165,0.0,0.0,0.0,0.0
5.0178797245025635,-0.21625296771526337,-0.21525245904922485,0.0,0.0,-0.0006270402227528393,-0.18262064456939697,0.0,0.0,-0.11900805805473368,-0.08776287816757618,-0.060214754194021225,0.09974294900894165,0.0,0.0,0.0,0.0
5.019202709197998,-0.21625296771526337,-0.21525245904922485,0.0,0.0,-0.0006270402227528393,-0.18262064456939697,0.0,0.0,-0.12073857310906039,-0.08985771834036357,-0.06644482165575027,0.10820463299751282,0.0,0.0,0.0,0.0
5.020559072494507,-0.21625296771526337,-0.21525245904922485,0.0,0.0,-0.0006270402227528393,-0.18262064456939697,0.0,0.0,-0.12073857310906039,-0.08985771834036357,-0.06644482165575027,0.10820463299751282,0.0,0.0,0.0,0.0
5.021970272064209,-0.21625296771526337,-0.21525245904922485,0.0,0.0,-0.0006270402227528393,-0.18262064456939697,0.0,0.0,-0.12259852715504066,-0.09176081091466527,-0.07617227733135223,0.11836127191781998,0.0,0.0,0.0,0.0
5.023731470108032,-0.21625296771526337,-0.21525245904922485,0.0,0.0,-0.0006270402227528393,-0.18262064456939697,0.0,0.0,-0.12398389887276202,-0.09294485584631788,-0.08246655762195587,0.12007787823677063,0.0,0.0,0.0,0.0
5.025938034057617,-0.23098509013652802,-0.4520517885684967,0.0,0.0,-0.0006301572429947555,-0.18289346992969513,0.0,0.0,-0.1250385106644334,-0.09395632325799552,-0.08461233973503113,0.12434080988168716,0.0,0.0,0.0,0.0
5.027323007583618,-0.23098509013652802,-0.4520517885684967,0.0,0.0,-0.0006301572429947555,-0.18289346992969513,0.0,0.0,-0.1250385106644334,-0.09395632325799552,-0.08461233973503113,0.12434080988168716,0.0,0.0,0.0,0.0
5.028804779052734,-0.23098509013652802,-0.4520517885684967,0.0,0.0,-0.0006301572429947555,-0.18289346992969513,0.0,0.0,-0.12544118764326015,-0.0944308997345821,-0.0855850875377655,0.1247127503156662,0.0,0.0,0.0,0.0
5.030279159545898,-0.23098509013652802,-0.4520517885684967,0.0,0.0,-0.0006301572429947555,-0.18289346992969513,0.0,0.0,-0.12544118764326015,-0.0944308997345821,-0.0855850875377655,0.1247127503156662,0.0,0.0,0.0,0.0
5.031663656234741,-0.23098509013652802,-0.4520517885684967,0.0,0.0,-0.0006301572429947555,-0.18289346992969513,0.0,0.0,-0.1257575641587548,-0.09474248958212138,-0.07812221348285675,0.11716338247060776,0.0,0.0,0.0,0.0
5.0331501960754395,-0.23098509013652802,-0.4520517885684967,0.0,0.0,-0.0006301572429947555,-0.18289346992969513,0.0,0.0,-0.1257575641587548,-0.09474248958212138,-0.07812221348285675,0.11716338247060776,0.0,0.0,0.0,0.0
5.034610271453857,-0.23098509013652802,-0.4520517885684967,0.0,0.0,-0.0006301572429947555,-0.18289346992969513,0.0,0.0,-0.12548912454288158,-0.0947664580319321,-0.07428847253322601,0.11444541066884995,0.0,0.0,0.0,0.0
5.036035060882568,-0.21277226507663727,-1.0511685609817505,0.0,0.0,-0.0005871467874385417,-0.1834336370229721,0.0,0.0,-0.12469336732782806,-0.09434940349422229,-0.06164272502064705,0.10912388563156128,0.0,0.0,0.0,0.0
5.037515640258789,-0.21277226507663727,-1.0511685609817505,0.0,0.0,-0.0005871467874385417,-0.1834336370229721,0.0,0.0,-0.12469336732782806,-0.09434940349422229,-0.06164272502064705,0.10912388563156128,0.0,0.0,0.0,0.0
5.038999319076538,-0.21277226507663727,-1.0511685609817505,0.0,0.0,-0.0005871467874385417,-0.1834336370229721,0.0,0.0,-0.12334634747047275,-0.0931078424753652,-0.049254488199949265,0.09705037623643875,0.0,0.0,0.0,0.0
5.0404815673828125,-0.21277226507663727,-1.0511685609817505,0.0,0.0,-0.0005871467874385417,-0.1834336370229721,0.0,0.0,-0.12334634747047275,-0.0931078424753652,-0.049254488199949265,0.09705037623643875,0.0,0.0,0.0,0.0
5.041964054107666,-0.21277226507663727,-1.0511685609817505,0.0,0.0,-0.0005871467874385417,-0.1834336370229721,0.0,0.0,-0.1220328693988389,-0.09217786545237507,-0.03650183603167534,0.0841846615076065,0.0,0.0,0.0,0.0
5.043817043304443,-0.21277226507663727,-1.0511685609817505,0.0,0.0,-0.0005871467874385417,-0.1834336370229721,0.0,0.0,-0.12116521853769786,-0.09150195633804742,-0.03135193511843681,0.08106613159179688,0.0,0.0,0.0,0.0
5.045621395111084,-0.23532691597938538,-1.8421952724456787,0.0,0.0,-0.00063211505766958,-0.18422657251358032,0.0,0.0,-0.12116521853769786,-0.09150195633804742,-0.03135193511843681,0.08106613159179688,0.0,0.0,0.0,0.0
5.047128677368164,-0.23532691597938538,-1.8421952724456787,0.0,0.0,-0.00063211505766958,-0.18422657251358032,0.0,0.0,-0.12030714101246755,-0.09085960071278584,-0.028147634118795395,0.07914925366640091,0.0,0.0,0.0,0.0
5.049004077911377,-0.23532691597938538,-1.8421952724456787,0.0,0.0,-0.00063211505766958,-0.18422657251358032,0.0,0.0,-0.11973669658831043,-0.09052404241543587,-0.020289834588766098,0.07229066640138626,0.0,0.0,0.0,0.0
5.050497531890869,-0.23532691597938538,-1.8421952724456787,0.0,0.0,-0.00063211505766958,-0.18422657251358032,0.0,0.0,-0.11973669658831043,-0.09052404241543587,-0.020289834588766098,0.07229066640138626,0.0,0.0,0.0,0.0
5.05192494392395,-0.23532691597938538,-1.8421952724456787,0.0,0.0,-0.00063211505766958,-0.18422657251358032,0.0,0.0,-0.11967917464943365,-0.0905432183456189,-0.024352476000785828,0.07623887807130814,0.0,0.0,0.0,0.0
5.053425550460815,-0.23532691597938538,-1.8421952724456787,0.0,0.0,-0.00063211505766958,-0.18422657251358032,0.0,0.0,-0.11967917464943365,-0.0905432183456189,-0.024352476000785828,0.07623887807130814,0.0,0.0,0.0,0.0
5.054921388626099,-0.23532691597938538,-1.8421952724456787,0.0,0.0,-0.00063211505766958,-0.18422657251358032,0.0,0.0,-0.11965520619962293,-0.09065826222337246,-0.024981897324323654,0.07729745656251907,0.0,0.0,0.0,0.0
5.056919574737549,-0.21772029995918274,-1.846969723701477,0.0,0.0,-0.0006168597028590739,-0.1845509558916092,0.0,0.0,-0.11972711154905508,-0.09157386168747957,-0.02624080702662468,0.08902764320373535,0.0,0.0,0.0,0.0
5.058398962020874,-0.21772029995918274,-1.846969723701477,0.0,0.0,-0.0006168597028590739,-0.1845509558916092,0.0,0.0,-0.11972711154905508,-0.09157386168747957,-0.02624080702662468,0.08902764320373535,0.0,0.0,0.0,0.0
5.059788227081299,-0.21772029995918274,-1.846969723701477,0.0,0.0,-0.0006168597028590739,-0.1845509558916092,0.0,0.0,-0.12030714101246755,-0.09261888258822326,-0.028319379314780235,0.09125076234340668,0.0,0.0,0.0,0.0
5.061267852783203,-0.21772029995918274,-1.846969723701477,0.0,0.0,-0.0006168597028590739,-0.1845509558916092,0.0,0.0,-0.12098784264642287,-0.09326603073311251,-0.032353464514017105,0.09559950232505798,0.0,0.0,0.0,0.0
5.062877655029297,-0.21772029995918274,-1.846969723701477,0.0,0.0,-0.0006168597028590739,-0.1845509558916092,0.0,0.0,-0.12173086459055499,-0.09425832806627943,-0.040192611515522,0.10272344946861267,0.0,0.0,0.0,0.0
5.064243793487549,-0.21772029995918274,-1.846969723701477,0.0,0.0,-0.0006168597028590739,-0.1845509558916092,0.0,0.0,-0.12173086459055499,-0.09425832806627943,-0.040192611515522,0.10272344946861267,0.0,0.0,0.0,0.0
5.065666437149048,-0.26331961154937744,-1.14238440990448,0.0,0.0,-0.000722609693184495,-0.18421843647956848,0.0,0.0,-0.12236842769618889,-0.09479521900137049,-0.04213816300034523,0.10278066992759705,0.0,0.0,0.0,0.0
5.067128419876099,-0.26331961154937744,-1.14238440990448,0.0,0.0,-0.000722609693184495,-0.18421843647956848,0.0,0.0,-0.12236842769618889,-0.09479521900137049,-0.04213816300034523,0.10278066992759705,0.0,0.0,0.0,0.0
5.06853461265564,-0.26331961154937744,-1.14238440990448,0.0,0.0,-0.000722609693184495,-0.18421843647956848,0.0,0.0,-0.12276150793241565,-0.0952841730368401,-0.042882028967142105,0.10466896742582321,0.0,0.0,0.0,0.0
5.069946765899658,-0.26331961154937744,-1.14238440990448,0.0,0.0,-0.000722609693184495,-0.18421843647956848,0.0,0.0,-0.12276150793241565,-0.0952841730368401,-0.042882028967142105,0.10466896742582321,0.0,0.0,0.0,0.0
5.071430444717407,-0.26331961154937744,-1.14238440990448,0.0,0.0,-0.000722609693184495,-0.18421843647956848,0.0,0.0,-0.12299640576256742,-0.09536087675757224,-0.03689536452293396,0.09739559143781662,0.0,0.0,0.0,0.0
5.0733115673065186,-0.26331961154937744,-1.14238440990448,0.0,0.0,-0.000722609693184495,-0.18421843647956848,0.0,0.0,-0.12311624801162098,-0.09541360617682135,-0.03672373294830322,0.0956217497587204,0.0,0.0,0.0,0.0
5.074665307998657,-0.26331961154937744,-1.14238440990448,0.0,0.0,-0.000722609693184495,-0.18421843647956848,0.0,0.0,-0.12311624801162098,-0.09541360617682135,-0.03672373294830322,0.0956217497587204,0.0,0.0,0.0,0.0
5.076042175292969,-0.2860586941242218,-0.9526274800300598,0.0,0.0,-0.0007879417389631271,-0.18400776386260986,0.0,0.0,-0.1233271656886174,-0.0953417008273892,-0.037982553243637085,0.09436290711164474,0.0,0.0,0.0,0.0
5.077498912811279,-0.2860586941242218,-0.9526274800300598,0.0,0.0,-0.0007879417389631271,-0.18400776386260986,0.0,0.0,-0.1233271656886174,-0.0953417008273892,-0.037982553243637085,0.09436290711164474,0.0,0.0,0.0,0.0
5.078936576843262,-0.2860586941242218,-0.9526274800300598,0.0,0.0,-0.0007879417389631271,-0.18400776386260986,0.0,0.0,-0.12326005871048526,-0.0953417008273892,-0.037324558943510056,0.09436290711164474,0.0,0.0,0.0,0.0
5.080399751663208,-0.2860586941242218,-0.9526274800300598,0.0,0.0,-0.0007879417389631271,-0.18400776386260986,0.0,0.0,-0.12326005871048526,-0.0953417008273892,-0.037324558943510056,0.09436290711164474,0.0,0.0,0.0,0.0
5.081871271133423,-0.2860586941242218,-0.9526274800300598,0.0,0.0,-0.0007879417389631271,-0.18400776386260986,0.0,0.0,-0.1228861485527692,-0.0947376970624937,-0.02547011896967888,0.0807611346244812,0.0,0.0,0.0,0.0
5.083480596542358,-0.2860586941242218,-0.9526274800300598,0.0,0.0,-0.0007879417389631271,-0.18400776386260986,0.0,0.0,-0.12245951482747637,-0.09397549918817856,-0.02206544391810894,0.07489601522684097,0.0,0.0,0.0,0.0
5.084948778152466,-0.2860586941242218,-0.9526274800300598,0.0,0.0,-0.0007879417389631271,-0.18400776386260986,0.0,0.0,-0.12245951482747637,-0.09397549918817856,-0.02206544391810894,0.07489601522684097,0.0,0.0,0.0,0.0
5.086419343948364,-0.3493579030036926,-1.2105132341384888,0.0,0.0,-0.0009191235294565558,-0.1842198222875595,0.0,0.0,-0.12246909986673173,-0.0937693681791375,-0.024726253002882004,0.07749956101179123,0.0,0.0,0.0,0.0
5.087794065475464,-0.3493579030036926,-1.2105132341384888,0.0,0.0,-0.0009191235294565558,-0.1842198222875595,0.0,0.0,-0.12246909986673173,-0.0937693681791375,-0.024726253002882004,0.07749956101179123,0.0,0.0,0.0,0.0
5.089766979217529,-0.3493579030036926,-1.2105132341384888,0.0,0.0,-0.0009191235294565558,-0.1842198222875595,0.0,0.0,-0.12237801273544424,-0.093520098641775,-0.02418261580169201,0.0766412615776062,0.0,0.0,0.0,0.0
5.091238021850586,-0.3493579030036926,-1.2105132341384888,0.0,0.0,-0.0009191235294565558,-0.1842198222875595,0.0,0.0,-0.12228213893620139,-0.09330917511310627,-0.01794138178229332,0.06791234016418457,0.0,0.0,0.0,0.0
5.092663049697876,-0.3493579030036926,-1.2105132341384888,0.0,0.0,-0.0009191235294565558,-0.1842198222875595,0.0,0.0,-0.12228213893620139,-0.09330917511310627,-0.01794138178229332,0.06791234016418457,0.0,0.0,0.0,0.0
5.094139099121094,-0.3493579030036926,-1.2105132341384888,0.0,0.0,-0.0009191235294565558,-0.1842198222875595,0.0,0.0,-0.12218626513695853,-0.09327082325274019,-0.017397813498973846,0.06980060040950775,0.0,0.0,0.0,0.0
5.095762729644775,-0.33441588282585144,-1.2695027589797974,0.0,0.0,-0.000928119698073715,-0.18443645536899567,0.0,0.0,-0.12218147846900318,-0.09334272860217234,-0.01817028969526291,0.0710594430565834,0.0,0.0,0.0,0.0
5.097238779067993,-0.33441588282585144,-1.2695027589797974,0.0,0.0,-0.000928119698073715,-0.18443645536899567,0.0,0.0,-0.12218147846900318,-0.09334272860217234,-0.01817028969526291,0.0710594430565834,0.0,0.0,0.0,0.0
5.098707914352417,-0.33441588282585144,-1.2695027589797974,0.0,0.0,-0.000928119698073715,-0.18443645536899567,0.0,0.0,-0.12259852715504066,-0.09334272860217234,-0.022976795211434364,0.0710594430565834,0.0,0.0,0.0,0.0
5.100189208984375,-0.33441588282585144,-1.2695027589797974,0.0,0.0,-0.000928119698073715,-0.18443645536899567,0.0,0.0,-0.12259852715504066,-0.09334272860217234,-0.022976795211434364,0.0710594430565834,0.0,0.0,0.0,0.0
5.102006435394287,-0.33441588282585144,-1.2695027589797974,0.0,0.0,-0.000928119698073715,-0.18443645536899567,0.0,0.0,-0.12300599080182278,-0.09360638155009018,-0.020869597792625427,0.06677724421024323,0.0,0.0,0.0,0.0
5.103485584259033,-0.33441588282585144,-1.2695027589797974,0.0,0.0,-0.000928119698073715,-0.18443645536899567,0.0,0.0,-0.12328402716029598,-0.09413848581722586,-0.02301536500453949,0.07430173456668854,0.0,0.0,0.0,0.0
5.104857683181763,-0.33441588282585144,-1.2695027589797974,0.0,0.0,-0.000928119698073715,-0.18443645536899567,0.0,0.0,-0.12328402716029598,-0.09413848581722586,-0.02301536500453949,0.07430173456668854,0.0,0.0,0.0,0.0
5.106231212615967,-0.3046422302722931,-1.0042766332626343,0.0,0.0,-0.0008806196856312454,-0.18439795076847076,0.0,0.0,-0.1235764352259799,-0.09432543504441157,-0.023415936157107353,0.07375814020633698,0.0,0.0,0.0,0.0
5.107642650604248,-0.3046422302722931,-1.0042766332626343,0.0,0.0,-0.0008806196856312454,-0.18439795076847076,0.0,0.0,-0.1235764352259799,-0.09432543504441157,-0.023415936157107353,0.07375814020633698,0.0,0.0,0.0,0.0
5.109071731567383,-0.3046422302722931,-1.0042766332626343,0.0,0.0,-0.0008806196856312454,-0.18439795076847076,0.0,0.0,-0.1238784400342638,-0.09448842167345889,-0.025504497811198235,0.0739583820104599,0.0,0.0,0.0,0.0
5.110599517822266,-0.3046422302722931,-1.0042766332626343,0.0,0.0,-0.0008806196856312454,-0.18439795076847076,0.0,0.0,-0.12392637693388524,-0.09465620082213388,-0.018067415803670883,0.06915418803691864,0.0,0.0,0.0,0.0
5.111966848373413,-0.3046422302722931,-1.0042766332626343,0.0,0.0,-0.0008806196856312454,-0.18439795076847076,0.0,0.0,-0.12392637693388524,-0.09465620082213388,-0.018067415803670883,0.06915418803691864,0.0,0.0,0.0,0.0
5.113389492034912,-0.3046422302722931,-1.0042766332626343,0.0,0.0,-0.0008806196856312454,-0.18439795076847076,0.0,0.0,-0.12387365336630844,-0.09474728210174906,-0.01692306250333786,0.06892527639865875,0.0,0.0,0.0,0.0
5.115009069442749,-0.3046422302722931,-1.0042766332626343,0.0,0.0,-0.0008806196856312454,-0.18439795076847076,0.0,0.0,-0.12387365336630844,-0.09472810617156602,-0.01692306250333786,0.06798114627599716,0.0,0.0,0.0,0.0
5.116664409637451,-0.28798118233680725,-0.8246574401855469,0.0,0.0,-0.0008094231016002595,-0.18428386747837067,0.0,0.0,-0.12387365336630844,-0.09472810617156602,-0.01692306250333786,0.06798114627599716,0.0,0.0,0.0,0.0
5.118102312088013,-0.28798118233680725,-0.8246574401855469,0.0,0.0,-0.0008094231016002595,-0.18428386747837067,0.0,0.0,-0.12387365336630844,-0.09472810617156602,-0.01692306250333786,0.06798114627599716,0.0,0.0,0.0,0.0
5.119624614715576,-0.28798118233680725,-0.8246574401855469,0.0,0.0,-0.0008094231016002595,-0.18428386747837067,0.0,0.0,-0.12387365336630844,-0.09472810617156602,-0.011282460764050484,0.062340546399354935,0.0,0.0,0.0,0.0
5.121267318725586,-0.28798118233680725,-0.8246574401855469,0.0,0.0,-0.0008094231016002595,-0.18428386747837067,0.0,0.0,-0.12387365336630844,-0.09472810617156602,-0.011282460764050484,0.062340546399354935,0.0,0.0,0.0,0.0
5.122718572616577,-0.28798118233680725,-0.8246574401855469,0.0,0.0,-0.0008094231016002595,-0.18428386747837067,0.0,0.0,-0.12387365336630844,-0.09472810617156602,-0.011282460764050484,0.062340546399354935,0.0,0.0,0.0,0.0
5.124167203903198,-0.28798118233680725,-0.8246574401855469,0.0,0.0,-0.0008094231016002595,-0.18428386747837067,0.0,0.0,-0.12387365336630844,-0.09472810617156602,-0.011282460764050484,0.062340546399354935,0.0,0.0,0.0,0.0
5.125625371932983,-0.2820798456668854,-0.920168936252594,0.0,0.0,-0.0007886455859988928,-0.18438772857189178,0.0,0.0,-0.12387365336630844,-0.09472810617156602,-0.011282460764050484,0.062340546399354935,0.0,0.0,0.0,0.0
5.127094030380249,-0.2820798456668854,-0.920168936252594,0.0,0.0,-0.0007886455859988928,-0.18438772857189178,0.0,0.0,-0.12387365336630844,-0.09472810617156602,-0.011282460764050484,0.062340546399354935,0.0,0.0,0.0,0.0
5.128822088241577,-0.2820798456668854,-0.920168936252594,0.0,0.0,-0.0007886455859988928,-0.18438772857189178,0.0,0.0,-0.12387365336630844,-0.09472810617156602,-0.011282460764050484,0.062340546399354935,0.0,0.0,0.0,0.0
5.130186080932617,-0.2820798456668854,-0.920168936252594,0.0,0.0,-0.0007886455859988928,-0.18438772857189178,0.0,0.0,-0.12387365336630844,-0.09472810617156602,-0.005619088187813759,0.0566764771938324,0.0,0.0,0.0,0.0
5.131590366363525,-0.2820798456668854,-0.920168936252594,0.0,0.0,-0.0007886455859988928,-0.18438772857189178,0.0,0.0,-0.12387365336630844,-0.09472810617156602,-0.005619088187813759,0.0566764771938324,0.0,0.0,0.0,0.0
5.133069753646851,-0.2820798456668854,-0.920168936252594,0.0,0.0,-0.0007886455859988928,-0.18438772857189178,0.0,0.0,-0.12387365336630844,-0.09472810617156602,-0.005619088187813759,0.0566764771938324,0.0,0.0,0.0,0.0
5.134984016418457,-0.2820798456668854,-0.920168936252594,0.0,0.0,-0.0007886455859988928,-0.18438772857189178,0.0,0.0,-0.12387365336630844,-0.09472810617156602,-0.005619088187813759,0.0566764771938324,0.0,0.0,0.0,0.0
5.136779308319092,-0.2854079306125641,-0.811360239982605,0.0,0.0,-0.0007907192339189351,-0.18445098400115967,0.0,0.0,-0.12387365336630844,-0.09472810617156602,-0.005619088187813759,0.0566764771938324,0.0,0.0,0.0,0.0
5.138196706771851,-0.2854079306125641,-0.811360239982605,0.0,0.0,-0.0007907192339189351,-0.18445098400115967,0.0,0.0,-0.12387365336630844,-0.09484794842061958,-0.005619088187813759,0.05819281190633774,0.0,0.0,0.0,0.0
5.139589309692383,-0.2854079306125641,-0.811360239982605,0.0,0.0,-0.0007907192339189351,-0.18445098400115967,0.0,0.0,-0.12387365336630844,-0.09493423718060708,1.578591763973236e-05,0.05310150608420372,0.0,0.0,0.0,0.0
5.141009569168091,-0.2854079306125641,-0.811360239982605,0.0,0.0,-0.0007907192339189351,-0.18445098400115967,0.0,0.0,-0.12387365336630844,-0.09493423718060708,1.578591763973236e-05,0.05310150608420372,0.0,0.0,0.0,0.0
5.142451524734497,-0.2854079306125641,-0.811360239982605,0.0,0.0,-0.0007907192339189351,-0.18445098400115967,0.0,0.0,-0.12387365336630844,-0.09520747516778029,1.578591763973236e-05,0.056477516889572144,0.0,0.0,0.0,0.0
5.143801212310791,-0.2854079306125641,-0.811360239982605,0.0,0.0,-0.0007907192339189351,-0.18445098400115967,0.0,0.0,-0.12387365336630844,-0.09520747516778029,1.578591763973236e-05,0.056477516889572144,0.0,0.0,0.0,0.0
5.14533543586731,-0.2797882854938507,-0.6956729888916016,0.0,0.0,-0.0007889558328315616,-0.18444998562335968,0.0,0.0,-0.12387365336630844,-0.09539443024663831,1.578591763973236e-05,0.05667779967188835,0.0,0.0,0.0,0.0
5.1467742919921875,-0.2797882854938507,-0.6956729888916016,0.0,0.0,-0.0007889558328315616,-0.18444998562335968,0.0,0.0,-0.12387365336630844,-0.09555262435605795,1.578591763973236e-05,0.05762191116809845,0.0,0.0,0.0,0.0
5.148145437240601,-0.2797882854938507,-0.6956729888916016,0.0,0.0,-0.0007889558328315616,-0.18444998562335968,0.0,0.0,-0.12387365336630844,-0.09555262435605795,1.578591763973236e-05,0.05762191116809845,0.0,0.0,0.0,0.0
5.1494667530059814,-0.2797882854938507,-0.6956729888916016,0.0,0.0,-0.0007889558328315616,-0.18444998562335968,0.0,0.0,-0.12401266569387273,-0.09571560513343294,0.004042717628180981,0.052994269877672195,0.0,0.0,0.0,0.0
5.150730133056641,-0.2797882854938507,-0.6956729888916016,0.0,0.0,-0.0007889558328315616,-0.18444998562335968,0.0,0.0,-0.12401266569387273,-0.09571560513343294,0.004042717628180981,0.052994269877672195,0.0,0.0,0.0,0.0
5.1519834995269775,-0.2797882854938507,-0.6956729888916016,0.0,0.0,-0.0007889558328315616,-0.18444998562335968,0.0,0.0,-0.12409895445386022,-0.09583065486285883,0.003499151673167944,0.05362367257475853,0.0,0.0,0.0,0.0
5.153431177139282,-0.2797882854938507,-0.6956729888916016,0.0,0.0,-0.0007889558328315616,-0.18444998562335968,0.0,0.0,-0.12418524321384772,-0.09601281742208917,0.0029555850196629763,0.05476808175444603,0.0,0.0,0.0,0.0
5.154665231704712,-0.2797882854938507,-0.6956729888916016,0.0,0.0,-0.0007889558328315616,-0.18444998562335968,0.0,0.0,-0.12418524321384772,-0.09601281742208917,0.0029555850196629763,0.05476808175444603,0.0,0.0,0.0,0.0
5.155945539474487,-0.2793259024620056,-0.5884564518928528,0.0,0.0,-0.0007889558328315616,-0.18444998562335968,0.0,0.0,-0.12418524321384772,-0.09601281742208917,0.0029555850196629763,0.05476808175444603,0.0,0.0,0.0,0.0
5.157461404800415,-0.2793259024620056,-0.5884564518928528,0.0,0.0,-0.0007889558328315616,-0.18444998562335968,0.0,0.0,-0.12418044484254773,-0.09595528963154007,0.003842474427074194,0.054024215787649155,0.0,0.0,0.0,0.0
5.1587302684783936,-0.2793259024620056,-0.5884564518928528,0.0,0.0,-0.0007889558328315616,-0.18444998562335968,0.0,0.0,-0.12428590368104593,-0.09595528963154007,0.00805506482720375,0.047007739543914795,0.0,0.0,0.0,0.0
5.159996509552002,-0.2793259024620056,-0.5884564518928528,0.0,0.0,-0.0007889558328315616,-0.18444998562335968,0.0,0.0,-0.12428590368104593,-0.09595528963154007,0.00805506482720375,0.047007739543914795,0.0,0.0,0.0,0.0
5.1613242626190186,-0.2793259024620056,-0.5884564518928528,0.0,0.0,-0.0007889558328315616,-0.18444998562335968,0.0,0.0,-0.12438657585158878,-0.09595528963154007,0.007540067192167044,0.047007739543914795,0.0,0.0,0.0,0.0
5.162581205368042,-0.2793259024620056,-0.5884564518928528,0.0,0.0,-0.0007889558328315616,-0.18444998562335968,0.0,0.0,-0.12438657585158878,-0.09595528963154007,0.007540067192167044,0.047007739543914795,0.0,0.0,0.0,0.0
5.1638123989105225,-0.2793259024620056,-0.5884564518928528,0.0,0.0,-0.0007889558328315616,-0.18444998562335968,0.0,0.0,-0.12447286461157628,-0.09595528963154007,0.006939294282346964,0.047007739543914795,0.0,0.0,0.0,0.0
5.165078163146973,-0.2793259024620056,-0.5884564518928528,0.0,0.0,-0.0007889558328315616,-0.18444998562335968,0.0,0.0,-0.12447286461157628,-0.09595528963154007,0.006939294282346964,0.047007739543914795,0.0,0.0,0.0,0.0
5.166541576385498,-0.3086455464363098,-0.5329834222793579,0.0,0.0,-0.0008332664147019386,-0.1844751238822937,0.0,0.0,-0.12455914166821913,-0.09595528963154007,0.006452864967286587,0.047007739543914795,0.0,0.0,0.0,0.0
5.167774677276611,-0.3086455464363098,-0.5329834222793579,0.0,0.0,-0.0008332664147019386,-0.1844751238822937,0.0,0.0,-0.12455914166821913,-0.09595528963154007,0.006452864967286587,0.047007739543914795,0.0,0.0,0.0,0.0
5.169069766998291,-0.3086455464363098,-0.5329834222793579,0.0,0.0,-0.0008332664147019386,-0.1844751238822937,0.0,0.0,-0.12456394003951914,-0.09595528963154007,0.007711770478636026,0.047007739543914795,0.0,0.0,0.0,0.0
5.1704676151275635,-0.3086455464363098,-0.5329834222793579,0.0,0.0,-0.0008332664147019386,-0.1844751238822937,0.0,0.0,-0.124655015467462,-0.09595528963154007,0.011472785845398903,0.041387081146240234,0.0,0.0,0.0,0.0
5.171680927276611,-0.3086455464363098,-0.5329834222793579,0.0,0.0,-0.0008332664147019386,-0.1844751238822937,0.0,0.0,-0.124655015467462,-0.09595528963154007,0.011472785845398903,0.041387081146240234,0.0,0.0,0.0,0.0
5.17293119430542,-0.3086455464363098,-0.5329834222793579,0.0,0.0,-0.0008332664147019386,-0.1844751238822937,0.0,0.0,-0.12474610259874948,-0.09605596180208292,0.01098642684519291,0.042846206575632095,0.0,0.0,0.0,0.0
5.1741557121276855,-0.3086455464363098,-0.5329834222793579,0.0,0.0,-0.0008332664147019386,-0.1844751238822937,0.0,0.0,-0.12474610259874948,-0.09605596180208292,0.01098642684519291,0.042846206575632095,0.0,0.0,0.0,0.0
5.175463914871216,-0.3118054270744324,-0.4728437662124634,0.0,0.0,-0.0008701590122655034,-0.18451978266239166,0.0,0.0,-0.12483239135873697,-0.09616142064058113,0.01041422225534916,0.043418411165475845,0.0,0.0,0.0,0.0
5.1766722202301025,-0.3118054270744324,-0.4728437662124634,0.0,0.0,-0.0008701590122655034,-0.18451978266239166,0.0,0.0,-0.12483239135873697,-0.09616142064058113,0.01041422225534916,0.043418411165475845,0.0,0.0,0.0,0.0
5.177900075912476,-0.3118054270744324,-0.4728437662124634,0.0,0.0,-0.0008701590122655034,-0.18451978266239166,0.0,0.0,-0.12491388174742447,-0.09625729443982399,0.009985068812966347,0.043990615755319595,0.0,0.0,0.0,0.0
5.179174423217773,-0.3118054270744324,-0.4728437662124634,0.0,0.0,-0.0008701590122655034,-0.18451978266239166,0.0,0.0,-0.12491388174742447,-0.09625729443982399,0.009985068812966347,0.043990615755319595,0.0,0.0,0.0,0.0
5.180450677871704,-0.3118054270744324,-0.4728437662124634,0.0,0.0,-0.0008701590122655034,-0.18451978266239166,0.0,0.0,-0.12491388174742447,-0.09625729443982399,0.009985068812966347,0.043990615755319595,0.0,0.0,0.0,0.0
5.181910753250122,-0.3118054270744324,-0.4728437662124634,0.0,0.0,-0.0008701590122655034,-0.18451978266239166,0.0,0.0,-0.12528299353384054,-0.09650656397718647,0.010836068540811539,0.0407070554792881,0.0,0.0,0.0,0.0
5.183219909667969,-0.3118054270744324,-0.4728437662124634,0.0,0.0,-0.0008701590122655034,-0.18451978266239166,0.0,0.0,-0.12546994276102624,-0.09659764525680165,0.011551282368600368,0.04039233550429344,0.0,0.0,0.0,0.0
5.184469223022461,-0.3118054270744324,-0.4728437662124634,0.0,0.0,-0.0008701590122655034,-0.18451978266239166,0.0,0.0,-0.12546994276102624,-0.09659764525680165,0.011551282368600368,0.04039233550429344,0.0,0.0,0.0,0.0
5.18566370010376,-0.29730963706970215,-0.3720605969429016,0.0,0.0,-0.0008552584913559258,-0.18454165756702423,0.0,0.0,-0.1254076341541941,-0.09656888428736325,0.012209346517920494,0.03936236351728439,0.0,0.0,0.0,0.0
5.186935663223267,-0.29730963706970215,-0.3720605969429016,0.0,0.0,-0.0008552584913559258,-0.18454165756702423,0.0,0.0,-0.1254076341541941,-0.09656888428736325,0.012209346517920494,0.03936236351728439,0.0,0.0,0.0,0.0
5.188189506530762,-0.29730963706970215,-0.3720605969429016,0.0,0.0,-0.0008552584913559258,-0.18454165756702423,0.0,0.0,-0.1254076341541941,-0.0969715554145177,0.013525388203561306,0.04373971372842789,0.0,0.0,0.0,0.0
5.1894121170043945,-0.29730963706970215,-0.3720605969429016,0.0,0.0,-0.0008552584913559258,-0.18454165756702423,0.0,0.0,-0.1254076341541941,-0.0969715554145177,0.013525388203561306,0.04373971372842789,0.0,0.0,0.0,0.0
5.190634250640869,-0.29730963706970215,-0.3720605969429016,0.0,0.0,-0.0008552584913559258,-0.18454165756702423,0.0,0.0,-0.12554184811045838,-0.09719206398244179,0.01753227412700653,0.04027578979730606,0.0,0.0,0.0,0.0
5.191877841949463,-0.29730963706970215,-0.3720605969429016,0.0,0.0,-0.0008552584913559258,-0.18454165756702423,0.0,0.0,-0.12554184811045838,-0.09719206398244179,0.01753227412700653,0.04027578979730606,0.0,0.0,0.0,0.0
5.193097114562988,-0.29730963706970215,-0.3720605969429016,0.0,0.0,-0.0008552584913559258,-0.18454165756702423,0.0,0.0,-0.12564731865230122,-0.09724958592131858,0.01696006953716278,0.03855917975306511,0.0,0.0,0.0,0.0
5.194375276565552,-0.29730963706970215,-0.3720605969429016,0.0,0.0,-0.0008552584913559258,-0.18454165756702423,0.0,0.0,-0.12564731865230122,-0.09724958592131858,0.01696006953716278,0.03855917975306511,0.0,0.0,0.0,0.0
5.195599794387817,-0.2876843512058258,-0.28173452615737915,0.0,0.0,-0.0008305513183586299,-0.18455596268177032,0.0,0.0,-0.12573839408024406,-0.09718247894318643,0.016359226778149605,0.037357550114393234,0.0,0.0,0.0,0.0
5.196833610534668,-0.2876843512058258,-0.28173452615737915,0.0,0.0,-0.0008305513183586299,-0.18455596268177032,0.0,0.0,-0.12573839408024406,-0.09718247894318643,0.016359226778149605,0.037357550114393234,0.0,0.0,0.0,0.0
5.198082685470581,-0.2876843512058258,-0.28173452615737915,0.0,0.0,-0.0008305513183586299,-0.18455596268177032,0.0,0.0,-0.12571442563043336,-0.09718727146281411,0.017360597848892212,0.037357550114393234,0.0,0.0,0.0,0.0
5.199325799942017,-0.2876843512058258,-0.28173452615737915,0.0,0.0,-0.0008305513183586299,-0.18455596268177032,0.0,0.0,-0.12571442563043336,-0.09718727146281411,0.017360597848892212,0.037357550114393234,0.0,0.0,0.0,0.0
5.200601577758789,-0.2876843512058258,-0.28173452615737915,0.0,0.0,-0.0008305513183586299,-0.18455596268177032,0.0,0.0,-0.12585823632929763,-0.09736942817037214,0.021330393850803375,0.03364735096693039,0.0,0.0,0.0,0.0
5.201850652694702,-0.2876843512058258,-0.28173452615737915,0.0,0.0,-0.0008305513183586299,-0.18455596268177032,0.0,0.0,-0.12585823632929763,-0.09736942817037214,0.021330393850803375,0.03364735096693039,0.0,0.0,0.0,0.0
5.203102350234985,-0.2876843512058258,-0.28173452615737915,0.0,0.0,-0.0008305513183586299,-0.18455596268177032,0.0,0.0,-0.12585823632929763,-0.09736942817037214,0.021330393850803375,0.03364735096693039,0.0,0.0,0.0,0.0
5.204537391662598,-0.2876843512058258,-0.28173452615737915,0.0,0.0,-0.0008305513183586299,-0.18455596268177032,0.0,0.0,-0.12634719036476727,-0.097470100340915,0.0160088911652565,0.03424815833568573,0.0,0.0,0.0,0.0
5.205767869949341,-0.28044262528419495,-0.2812972366809845,0.0,0.0,-0.0008237451547756791,-0.18461830914020538,0.0,0.0,-0.12634719036476727,-0.09767622549828374,0.018412163481116295,0.03633669763803482,0.0,0.0,0.0,0.0
5.2070512771606445,-0.28044262528419495,-0.2812972366809845,0.0,0.0,-0.0008237451547756791,-0.18461830914020538,0.0,0.0,-0.12634719036476727,-0.09767622549828374,0.018412163481116295,0.03633669763803482,0.0,0.0,0.0,0.0
5.208356142044067,-0.28044262528419495,-0.2812972366809845,0.0,0.0,-0.0008237451547756791,-0.18461830914020538,0.0,0.0,-0.12632802028625656,-0.09795426185675694,0.019327690824866295,0.03742390125989914,0.0,0.0,0.0,0.0
5.209679126739502,-0.28044262528419495,-0.2812972366809845,0.0,0.0,-0.0008237451547756791,-0.18461830914020538,0.0,0.0,-0.12632802028625656,-0.09795426185675694,0.019327690824866295,0.03742390125989914,0.0,0.0,0.0,0.0
5.210998296737671,-0.28044262528419495,-0.2812972366809845,0.0,0.0,-0.0008237451547756791,-0.18461830914020538,0.0,0.0,-0.1264766176530762,-0.09811724848580425,0.02324880287051201,0.03464573249220848,0.0,0.0,0.0,0.0
5.212374925613403,-0.28044262528419495,-0.2812972366809845,0.0,0.0,-0.0008237451547756791,-0.18461830914020538,0.0,0.0,-0.12673068556173867,-0.09816038701412567,0.021331917494535446,0.03278607502579689,0.0,0.0,0.0,0.0
5.213593482971191,-0.28044262528419495,-0.2812972366809845,0.0,0.0,-0.0008237451547756791,-0.18461830914020538,0.0,0.0,-0.12673068556173867,-0.09816038701412567,0.021331917494535446,0.03278607502579689,0.0,0.0,0.0,0.0
5.214811086654663,-0.28044262528419495,-0.2812972366809845,0.0,0.0,-0.0008237451547756791,-0.18461830914020538,0.0,0.0,-0.12700392354891188,-0.0981891538352364,0.018528155982494354,0.031584445387125015,0.0,0.0,0.0,0.0
5.216028928756714,-0.3015729784965515,-0.2028546780347824,0.0,0.0,-0.0008589664357714355,-0.18467667698860168,0.0,0.0,-0.12700392354891188,-0.0981891538352364,0.018528155982494354,0.031584445387125015,0.0,0.0,0.0,0.0
5.217263221740723,-0.3015729784965515,-0.2028546780347824,0.0,0.0,-0.0008589664357714355,-0.18467667698860168,0.0,0.0,-0.12700392354891188,-0.0981891538352364,0.018528155982494354,0.031584445387125015,0.0,0.0,0.0,0.0
5.218694686889648,-0.3015729784965515,-0.2028546780347824,0.0,0.0,-0.0008589664357714355,-0.18467667698860168,0.0,0.0,-0.12699433850965652,-0.0982946126737346,0.020158952102065086,0.03355853632092476,0.0,0.0,0.0,0.0
5.219920873641968,-0.3015729784965515,-0.2028546780347824,0.0,0.0,-0.0008589664357714355,-0.18467667698860168,0.0,0.0,-0.12694161494207973,-0.09838568810167746,0.026929659768939018,0.028476515784859657,0.0,0.0,0.0,0.0
5.221256732940674,-0.3015729784965515,-0.2028546780347824,0.0,0.0,-0.0008589664357714355,-0.18467667698860168,0.0,0.0,-0.12694161494207973,-0.09838568810167746,0.026929659768939018,0.028476515784859657,0.0,0.0,0.0,0.0
5.2225282192230225,-0.3015729784965515,-0.2028546780347824,0.0,0.0,-0.0008589664357714355,-0.18467667698860168,0.0,0.0,-0.12709021230889936,-0.09860620252127388,0.025213101878762245,0.03056502155959606,0.0,0.0,0.0,0.0
5.2237708568573,-0.3015729784965515,-0.2028546780347824,0.0,0.0,-0.0008589664357714355,-0.18467667698860168,0.0,0.0,-0.12709021230889936,-0.09860620252127388,0.025213101878762245,0.03056502155959606,0.0,0.0,0.0,0.0
5.225219011306763,-0.27281880378723145,-0.17124678194522858,0.0,0.0,-0.0008149306522682309,-0.1847255676984787,0.0,0.0,-0.12757437967641364,-0.09872124639902743,0.01946244388818741,0.031823914498090744,0.0,0.0,0.0,0.0
5.226464748382568,-0.27281880378723145,-0.17124678194522858,0.0,0.0,-0.0008149306522682309,-0.1847255676984787,0.0,0.0,-0.12757437967641364,-0.09872124639902743,0.01946244388818741,0.031823914498090744,0.0,0.0,0.0,0.0
5.227647304534912,-0.27281880378723145,-0.17124678194522858,0.0,0.0,-0.0008149306522682309,-0.1847255676984787,0.0,0.0,-0.127583964715669,-0.09896093089713458,0.02226623333990574,0.03268222138285637,0.0,0.0,0.0,0.0
5.228866338729858,-0.27281880378723145,-0.17124678194522858,0.0,0.0,-0.0008149306522682309,-0.1847255676984787,0.0,0.0,-0.127583964715669,-0.09896093089713458,0.02226623333990574,0.03268222138285637,0.0,0.0,0.0,0.0
5.230108976364136,-0.27281880378723145,-0.17124678194522858,0.0,0.0,-0.0008149306522682309,-0.1847255676984787,0.0,0.0,-0.12783323425303147,-0.09943551322539347,0.02564377523958683,0.031594209372997284,0.0,0.0,0.0,0.0
5.2314112186431885,-0.27281880378723145,-0.17124678194522858,0.0,0.0,-0.0008149306522682309,-0.1847255676984787,0.0,0.0,-0.12783323425303147,-0.09943551322539347,0.02564377523958683,0.031594209372997284,0.0,0.0,0.0,0.0
5.232645273208618,-0.27281880378723145,-0.17124678194522858,0.0,0.0,-0.0008149306522682309,-0.1847255676984787,0.0,0.0,-0.12789555456320825,-0.09964164423443453,0.026072874665260315,0.03236665949225426,0.0,0.0,0.0,0.0
5.233896970748901,-0.27281880378723145,-0.17124678194522858,0.0,0.0,-0.0008149306522682309,-0.1847255676984787,0.0,0.0,-0.12789555456320825,-0.09964164423443453,0.026072874665260315,0.03236665949225426,0.0,0.0,0.0,0.0
5.235189914703369,-0.2933625876903534,-0.10693415254354477,0.0,0.0,-0.0008435089257545769,-0.1847822219133377,0.0,0.0,-0.12811606898280467,-0.0997614864834881,0.023841319605708122,0.030564239248633385,0.0,0.0,0.0,0.0
5.236465930938721,-0.2933625876903534,-0.10693415254354477,0.0,0.0,-0.0008435089257545769,-0.1847822219133377,0.0,0.0,-0.12811606898280467,-0.0997614864834881,0.023841319605708122,0.030564239248633385,0.0,0.0,0.0,0.0
5.2379045486450195,-0.2933625876903534,-0.10693415254354477,0.0,0.0,-0.0008435089257545769,-0.1847822219133377,0.0,0.0,-0.12820714441074754,-0.0999532340819738,0.024213209748268127,0.03302469477057457,0.0,0.0,0.0,0.0
5.23914909362793,-0.2933625876903534,-0.10693415254354477,0.0,0.0,-0.0008435089257545769,-0.1847822219133377,0.0,0.0,-0.12820714441074754,-0.0999532340819738,0.024213209748268127,0.03302469477057457,0.0,0.0,0.0,0.0
5.240337371826172,-0.2933625876903534,-0.10693415254354477,0.0,0.0,-0.0008435089257545769,-0.1847822219133377,0.0,0.0,-0.12816879255038147,-0.10038945284652201,0.03084966540336609,0.030306419357657433,0.0,0.0,0.0,0.0
5.2415900230407715,-0.2933625876903534,-0.10693415254354477,0.0,0.0,-0.0008435089257545769,-0.1847822219133377,0.0,0.0,-0.12816879255038147,-0.10038945284652201,0.03084966540336609,0.030306419357657433,0.0,0.0,0.0,0.0
5.2428202629089355,-0.2933625876903534,-0.10693415254354477,0.0,0.0,-0.0008435089257545769,-0.1847822219133377,0.0,0.0,-0.1283221882885011,-0.10087362021403626,0.029075829312205315,0.03539908304810524,0.0,0.0,0.0,0.0
5.244118928909302,-0.2933625876903534,-0.10693415254354477,0.0,0.0,-0.0008435089257545769,-0.1847822219133377,0.0,0.0,-0.12881594069527072,-0.10104139936271125,0.023782897740602493,0.03465523198246956,0.0,0.0,0.0,0.0
5.245402574539185,-0.30201587080955505,-0.04919008910655975,0.0,0.0,-0.0008516792440786958,-0.18482477962970734,0.0,0.0,-0.12881594069527072,-0.10104139936271125,0.023782897740602493,0.03465523198246956,0.0,0.0,0.0,0.0
5.246740102767944,-0.30201587080955505,-0.04919008910655975,0.0,0.0,-0.0008516792440786958,-0.18482477962970734,0.0,0.0,-0.12911794550355463,-0.10151596998762552,0.021379664540290833,0.039747826755046844,0.0,0.0,0.0,0.0
5.248018264770508,-0.30201587080955505,-0.04919008910655975,0.0,0.0,-0.0008516792440786958,-0.18482477962970734,0.0,0.0,-0.12911794550355463,-0.10151596998762552,0.021379664540290833,0.039747826755046844,0.0,0.0,0.0,0.0
5.249203681945801,-0.30201587080955505,-0.04919008910655975,0.0,0.0,-0.0008516792440786958,-0.18482477962970734,0.0,0.0,-0.1292138193027975,-0.10197137053402908,0.029989806935191154,0.03611734136939049,0.0,0.0,0.0,0.0
5.2504260540008545,-0.30201587080955505,-0.04919008910655975,0.0,0.0,-0.0008516792440786958,-0.18482477962970734,0.0,0.0,-0.1292138193027975,-0.10197137053402908,0.029989806935191154,0.03611734136939049,0.0,0.0,0.0,0.0
5.251736164093018,-0.30201587080955505,-0.04919008910655975,0.0,0.0,-0.0008516792440786958,-0.18482477962970734,0.0,0.0,-0.12938639682277248,-0.10297325875812366,0.027557922527194023,0.04427130147814751,0.0,0.0,0.0,0.0
5.25299859046936,-0.30201587080955505,-0.04919008910655975,0.0,0.0,-0.0008516792440786958,-0.18482477962970734,0.0,0.0,-0.12938639682277248,-0.10297325875812366,0.027557922527194023,0.04427130147814751,0.0,0.0,0.0,0.0
5.254260778427124,-0.30201587080955505,-0.04919008910655975,0.0,0.0,-0.0008516792440786958,-0.18482477962970734,0.0,0.0,-0.129836998997876,-0.10350056465395935,0.023380843922495842,0.047046467661857605,0.0,0.0,0.0,0.0
5.255541086196899,-0.316296249628067,-0.057966601103544235,0.0,0.0,-0.0008733788854442537,-0.18492208421230316,0.0,0.0,-0.129836998997876,-0.10350056465395935,0.023380843922495842,0.047046467661857605,0.0,0.0,0.0,0.0
5.256807088851929,-0.316296249628067,-0.057966601103544235,0.0,0.0,-0.0008733788854442537,-0.18492208421230316,0.0,0.0,-0.13048414714276527,-0.10445930264638788,0.017572926357388496,0.05282573401927948,0.0,0.0,0.0,0.0
5.258042573928833,-0.316296249628067,-0.057966601103544235,0.0,0.0,-0.0008733788854442537,-0.18492208421230316,0.0,0.0,-0.13048414714276527,-0.10445930264638788,0.017572926357388496,0.05282573401927948,0.0,0.0,0.0,0.0
5.259278774261475,-0.316296249628067,-0.057966601103544235,0.0,0.0,-0.0008733788854442537,-0.18492208421230316,0.0,0.0,-0.1310018679993456,-0.10551870110601462,0.019909242168068886,0.05729654058814049,0.0,0.0,0.0,0.0
5.260562896728516,-0.316296249628067,-0.057966601103544235,0.0,0.0,-0.0008733788854442537,-0.18492208421230316,0.0,0.0,-0.1310018679993456,-0.10551870110601462,0.019909242168068886,0.05729654058814049,0.0,0.0,0.0,0.0
5.261814594268799,-0.316296249628067,-0.057966601103544235,0.0,0.0,-0.0008733788854442537,-0.18492208421230316,0.0,0.0,-0.1315004070740706,-0.10682258243504848,0.017105426639318466,0.06719568371772766,0.0,0.0,0.0,0.0
5.263066053390503,-0.316296249628067,-0.057966601103544235,0.0,0.0,-0.0008733788854442537,-0.18492208421230316,0.0,0.0,-0.1315004070740706,-0.10682258243504848,0.017105426639318466,0.06719568371772766,0.0,0.0,0.0,0.0
5.26432204246521,-0.316296249628067,-0.057966601103544235,0.0,0.0,-0.0008733788854442537,-0.18492208421230316,0.0,0.0,-0.13234410118874554,-0.10792992949764128,0.012127259746193886,0.07503485679626465,0.0,0.0,0.0,0.0
5.265577554702759,-0.34879207611083984,-0.05793040245771408,0.0,0.0,-0.000948294997215271,-0.18500952422618866,0.0,0.0,-0.13234410118874554,-0.10792992949764128,0.012127259746193886,0.07503485679626465,0.0,0.0,0.0,0.0
5.266803741455078,-0.34879207611083984,-0.05793040245771408,0.0,0.0,-0.000948294997215271,-0.18500952422618866,0.0,0.0,-0.13321175204988658,-0.10948308036403764,0.004574157763272524,0.08255936205387115,0.0,0.0,0.0,0.0
5.26811146736145,-0.34879207611083984,-0.05793040245771408,0.0,0.0,-0.000948294997215271,-0.18500952422618866,0.0,0.0,-0.13321175204988658,-0.10948308036403764,0.004574157763272524,0.08255936205387115,0.0,0.0,0.0,0.0
5.269465684890747,-0.34879207611083984,-0.05793040245771408,0.0,0.0,-0.000948294997215271,-0.18500952422618866,0.0,0.0,-0.1342040552347258,-0.11131427929225184,0.004589803982526064,0.08889660239219666,0.0,0.0,0.0,0.0
5.270801067352295,-0.34879207611083984,-0.05793040245771408,0.0,0.0,-0.000948294997215271,-0.18500952422618866,0.0,0.0,-0.1342040552347258,-0.11131427929225184,0.004589803982526064,0.08889660239219666,0.0,0.0,0.0,0.0
5.27203893661499,-0.34879207611083984,-0.05793040245771408,0.0,0.0,-0.000948294997215271,-0.18500952422618866,0.0,0.0,-0.13533057237582932,-0.11319340341674282,-0.003907449077814817,0.10437474399805069,0.0,0.0,0.0,0.0
5.273303270339966,-0.34879207611083984,-0.05793040245771408,0.0,0.0,-0.000948294997215271,-0.18500952422618866,0.0,0.0,-0.13533057237582932,-0.11319340341674282,-0.003907449077814817,0.10437474399805069,0.0,0.0,0.0,0.0
5.274542570114136,-0.34879207611083984,-0.05793040245771408,0.0,0.0,-0.000948294997215271,-0.18500952422618866,0.0,0.0,-0.1366056868837525,-0.11512526281215522,-0.012948268093168736,0.11281481385231018,0.0,0.0,0.0,0.0
5.275776386260986,-0.38877367973327637,-0.15554675459861755,0.0,0.0,-0.0010450026020407677,-0.1851765662431717,0.0,0.0,-0.1366056868837525,-0.11512526281215522,-0.012948268093168736,0.11281481385231018,0.0,0.0,0.0,0.0
5.277322053909302,-0.38877367973327637,-0.15554675459861755,0.0,0.0,-0.0010450026020407677,-0.1851765662431717,0.0,0.0,-0.13830744682031312,-0.11652021956913194,-0.02728201076388359,0.12311449646949768,0.0,0.0,0.0,0.0
5.278548955917358,-0.38877367973327637,-0.15554675459861755,0.0,0.0,-0.0010450026020407677,-0.1851765662431717,0.0,0.0,-0.13959215807083628,-0.1183562051653015,-0.028464892879128456,0.13001862168312073,0.0,0.0,0.0,0.0
5.279763698577881,-0.38877367973327637,-0.15554675459861755,0.0,0.0,-0.0010450026020407677,-0.1851765662431717,0.0,0.0,-0.13959215807083628,-0.1183562051653015,-0.028464892879128456,0.13001862168312073,0.0,0.0,0.0,0.0
5.281323671340942,-0.38877367973327637,-0.15554675459861755,0.0,0.0,-0.0010450026020407677,-0.1851765662431717,0.0,0.0,-0.14077619715081657,-0.11997167634187464,-0.03347165137529373,0.13800089061260223,0.0,0.0,0.0,0.0
5.282543897628784,-0.38877367973327637,-0.15554675459861755,0.0,0.0,-0.0010450026020407677,-0.1851765662431717,0.0,0.0,-0.14077619715081657,-0.11997167634187464,-0.03347165137529373,0.13800089061260223,0.0,0.0,0.0,0.0
5.283774137496948,-0.38877367973327637,-0.15554675459861755,0.0,0.0,-0.0010450026020407677,-0.1851765662431717,0.0,0.0,-0.1419890030519076,-0.12080098704599425,-0.0401950404047966,0.13788646459579468,0.0,0.0,0.0,0.0
5.285022735595703,-0.38877367973327637,-0.15554675459861755,0.0,0.0,-0.0010450026020407677,-0.1851765662431717,0.0,0.0,-0.1419890030519076,-0.12080098704599425,-0.0401950404047966,0.13788646459579468,0.0,0.0,0.0,0.0
5.286515712738037,-0.4575287103652954,-0.46918997168540955,0.0,0.0,-0.0012077648425474763,-0.18549171090126038,0.0,0.0,-0.14303881647227898,-0.12113174697204424,-0.04543071240186691,0.13499678671360016,0.0,0.0,0.0,0.0
5.2877562046051025,-0.4575287103652954,-0.46918997168540955,0.0,0.0,-0.0012077648425474763,-0.18549171090126038,0.0,0.0,-0.14303881647227898,-0.12113174697204424,-0.04543071240186691,0.13499678671360016,0.0,0.0,0.0,0.0
5.288973808288574,-0.4575287103652954,-0.46918997168540955,0.0,0.0,-0.0012077648425474763,-0.18549171090126038,0.0,0.0,-0.14382498864807713,-0.12112216193278887,-0.042030274868011475,0.12604667246341705,0.0,0.0,0.0,0.0
5.290178298950195,-0.4575287103652954,-0.46918997168540955,0.0,0.0,-0.0012077648425474763,-0.18549171090126038,0.0,0.0,-0.14382498864807713,-0.12112216193278887,-0.042030274868011475,0.12604667246341705,0.0,0.0,0.0,0.0
5.291595935821533,-0.4575287103652954,-0.46918997168540955,0.0,0.0,-0.0012077648425474763,-0.18549171090126038,0.0,0.0,-0.14418451539523783,-0.12111257689353351,-0.03994171321392059,0.12381508946418762,0.0,0.0,0.0,0.0
5.292821884155273,-0.4575287103652954,-0.46918997168540955,0.0,0.0,-0.0012077648425474763,-0.18549171090126038,0.0,0.0,-0.14418451539523783,-0.12111257689353351,-0.03994171321392059,0.12381508946418762,0.0,0.0,0.0,0.0
5.29404616355896,-0.4575287103652954,-0.46918997168540955,0.0,0.0,-0.0012077648425474763,-0.18549171090126038,0.0,0.0,-0.14418451539523783,-0.12111257689353351,-0.03994171321392059,0.12381508946418762,0.0,0.0,0.0,0.0
5.2954628467559814,-0.547947883605957,-1.014323353767395,0.0,0.0,-0.0014476074138656259,-0.18603163957595825,0.0,0.0,-0.14426600578392534,-0.12046542874864426,-0.03859701752662659,0.11926606297492981,0.0,0.0,0.0,0.0
5.29682183265686,-0.547947883605957,-1.014323353767395,0.0,0.0,-0.0014476074138656259,-0.18603163957595825,0.0,0.0,-0.14426600578392534,-0.12046542874864426,-0.03859701752662659,0.11926606297492981,0.0,0.0,0.0,0.0
5.298123598098755,-0.547947883605957,-1.014323353767395,0.0,0.0,-0.0014476074138656259,-0.18603163957595825,0.0,0.0,-0.14449610524277712,-0.11896500144982469,-0.03997031971812248,0.1012129932641983,0.0,0.0,0.0,0.0
5.299593925476074,-0.547947883605957,-1.014323353767395,0.0,0.0,-0.0014476074138656259,-0.18603163957595825,0.0,0.0,-0.14442898656130032,-0.11738788213361762,-0.032378245145082474,0.08355158567428589,0.0,0.0,0.0,0.0
5.3009352684021,-0.547947883605957,-1.014323353767395,0.0,0.0,-0.0014476074138656259,-0.18603163957595825,0.0,0.0,-0.14442898656130032,-0.11738788213361762,-0.032378245145082474,0.08355158567428589,0.0,0.0,0.0,0.0
5.302459239959717,-0.547947883605957,-1.014323353767395,0.0,0.0,-0.0014476074138656259,-0.18603163957595825,0.0,0.0,-0.14442898656130032,-0.11664964685744088,-0.032378245145082474,0.08083358407020569,0.0,0.0,0.0,0.0
5.303696870803833,-0.547947883605957,-1.014323353767395,0.0,0.0,-0.0014476074138656259,-0.18603163957595825,0.0,0.0,-0.14442898656130032,-0.11664964685744088,-0.032378245145082474,0.08083358407020569,0.0,0.0,0.0,0.0
5.305087089538574,-0.547947883605957,-1.014323353767395,0.0,0.0,-0.0014476074138656259,-0.18603163957595825,0.0,0.0,-0.14442898656130032,-0.11579158103555519,-0.032378245145082474,0.07926006615161896,0.0,0.0,0.0,0.0
5.306373596191406,-0.5734867453575134,-1.60421621799469,0.0,0.0,-0.0015770707977935672,-0.18668121099472046,0.0,0.0,-0.14442898656130032,-0.11579158103555519,-0.032378245145082474,0.07926006615161896,0.0,0.0,0.0,0.0
5.307742357254028,-0.5734867453575134,-1.60421621799469,0.0,0.0,-0.0015770707977935672,-0.18668121099472046,0.0,0.0,-0.14442898656130032,-0.11476573606499453,-0.032378245145082474,0.0707341730594635,0.0,0.0,0.0,0.0
5.309412002563477,-0.5734867453575134,-1.60421621799469,0.0,0.0,-0.0015770707977935672,-0.18668121099472046,0.0,0.0,-0.14442898656130032,-0.1145500200166981,-0.026763278990983963,0.0694386214017868,0.0,0.0,0.0,0.0
5.310828447341919,-0.5734867453575134,-1.60421621799469,0.0,0.0,-0.0015770707977935672,-0.18668121099472046,0.0,0.0,-0.14442898656130032,-0.1145500200166981,-0.026763278990983963,0.0694386214017868,0.0,0.0,0.0,0.0
5.312158107757568,-0.5734867453575134,-1.60421621799469,0.0,0.0,-0.0015770707977935672,-0.18668121099472046,0.0,0.0,-0.14458718067071996,-0.11446373125671061,-0.02853711135685444,0.07126962393522263,0.0,0.0,0.0,0.0
5.313576698303223,-0.5734867453575134,-1.60421621799469,0.0,0.0,-0.0015770707977935672,-0.18668121099472046,0.0,0.0,-0.14458718067071996,-0.11446373125671061,-0.02853711135685444,0.07126962393522263,0.0,0.0,0.0,0.0
5.314986944198608,-0.5734867453575134,-1.60421621799469,0.0,0.0,-0.0015770707977935672,-0.18668121099472046,0.0,0.0,-0.145301447497086,-0.11434388900765705,-0.035975828766822815,0.07049716264009476,0.0,0.0,0.0,0.0
5.316978931427002,-0.45990443229675293,-1.531899094581604,0.0,0.0,-0.0013672065688297153,-0.18692535161972046,0.0,0.0,-0.14588147696049847,-0.1141617264484267,-0.040582045912742615,0.06946723163127899,0.0,0.0,0.0,0.0
5.318417549133301,-0.45990443229675293,-1.531899094581604,0.0,0.0,-0.0013672065688297153,-0.18692535161972046,0.0,0.0,-0.14588147696049847,-0.1141617264484267,-0.040582045912742615,0.06946723163127899,0.0,0.0,0.0,0.0
5.319744348526001,-0.45990443229675293,-1.531899094581604,0.0,0.0,-0.0013672065688297153,-0.18692535161972046,0.0,0.0,-0.14669161758610735,-0.11450686978503205,-0.04021437466144562,0.06858460605144501,0.0,0.0,0.0,0.0
5.321177244186401,-0.45990443229675293,-1.531899094581604,0.0,0.0,-0.0013672065688297153,-0.18692535161972046,0.0,0.0,-0.14669161758610735,-0.11450686978503205,-0.04021437466144562,0.06858460605144501,0.0,0.0,0.0,0.0
5.322629928588867,-0.45990443229675293,-1.531899094581604,0.0,0.0,-0.0013672065688297153,-0.18692535161972046,0.0,0.0,-0.14723809356045375,-0.11527865855027486,-0.044162601232528687,0.07773987948894501,0.0,0.0,0.0,0.0
5.323977708816528,-0.45990443229675293,-1.531899094581604,0.0,0.0,-0.0013672065688297153,-0.18692535161972046,0.0,0.0,-0.14763597216798052,-0.11598812700534089,-0.04318983852863312,0.08323304355144501,0.0,0.0,0.0,0.0
5.3253302574157715,-0.45990443229675293,-1.531899094581604,0.0,0.0,-0.0013672065688297153,-0.18692535161972046,0.0,0.0,-0.14763597216798052,-0.11598812700534089,-0.04318983852863312,0.08323304355144501,0.0,0.0,0.0,0.0
5.327087640762329,-0.26479417085647583,-1.0609471797943115,0.0,0.0,-0.0009261273662559688,-0.1867031753063202,0.0,0.0,-0.14789004007664303,-0.11633327034194624,-0.04416254535317421,0.08137338608503342,0.0,0.0,0.0,0.0
5.328462362289429,-0.26479417085647583,-1.0609471797943115,0.0,0.0,-0.0009261273662559688,-0.1867031753063202,0.0,0.0,-0.14789004007664303,-0.11633327034194624,-0.04416254535317421,0.08137338608503342,0.0,0.0,0.0,0.0
5.330270051956177,-0.26479417085647583,-1.0609471797943115,0.0,0.0,-0.0009261273662559688,-0.1867031753063202,0.0,0.0,-0.14813451124270552,-0.1167886708883498,-0.04008971154689789,0.07953211665153503,0.0,0.0,0.0,0.0
5.331599235534668,-0.26479417085647583,-1.0609471797943115,0.0,0.0,-0.0009261273662559688,-0.1867031753063202,0.0,0.0,-0.14815847969251622,-0.11711464414644442,-0.03851611539721489,0.0807909220457077,0.0,0.0,0.0,0.0
5.333138942718506,-0.26479417085647583,-1.0609471797943115,0.0,0.0,-0.0009261273662559688,-0.1867031753063202,0.0,0.0,-0.1481105427928948,-0.11729679500233013,-0.03745754063129425,0.08113428950309753,0.0,0.0,0.0,0.0
5.334500551223755,-0.26479417085647583,-1.0609471797943115,0.0,0.0,-0.0009261273662559688,-0.1867031753063202,0.0,0.0,-0.1481105427928948,-0.11729679500233013,-0.03745754063129425,0.08113428950309753,0.0,0.0,0.0,0.0
5.335766553878784,-0.2325565069913864,-0.935973048210144,0.0,0.0,-0.0007068892591632903,-0.1865961253643036,0.0,0.0,-0.1478660716268323,-0.11759879981061404,-0.03745754063129425,0.08276505023241043,0.0,0.0,0.0,0.0
5.337116003036499,-0.2325565069913864,-0.935973048210144,0.0,0.0,-0.0007068892591632903,-0.1865961253643036,0.0,0.0,-0.1478660716268323,-0.11759879981061404,-0.03745754063129425,0.08276505023241043,0.0,0.0,0.0,0.0
5.3383989334106445,-0.2325565069913864,-0.935973048210144,0.0,0.0,-0.0007068892591632903,-0.1865961253643036,0.0,0.0,-0.14732438232044126,-0.11778576074114439,-0.02876005508005619,0.08307978510856628,0.0,0.0,0.0,0.0
5.339666366577148,-0.2325565069913864,-0.935973048210144,0.0,0.0,-0.0007068892591632903,-0.1865961253643036,0.0,0.0,-0.14732438232044126,-0.11778576074114439,-0.02876005508005619,0.08307978510856628,0.0,0.0,0.0,0.0
5.340961456298828,-0.2325565069913864,-0.935973048210144,0.0,0.0,-0.0007068892591632903,-0.1865961253643036,0.0,0.0,-0.14683542828497165,-0.11773782384152295,-0.020120829343795776,0.07687094062566757,0.0,0.0,0.0,0.0
5.342207193374634,-0.2325565069913864,-0.935973048210144,0.0,0.0,-0.0007068892591632903,-0.1865961253643036,0.0,0.0,-0.14683542828497165,-0.11773782384152295,-0.020120829343795776,0.07687094062566757,0.0,0.0,0.0,0.0
5.343613624572754,-0.2325565069913864,-0.935973048210144,0.0,0.0,-0.0007068892591632903,-0.1865961253643036,0.0,0.0,-0.14615951331897167,-0.11773782384152295,-0.015600384213030338,0.07561209797859192,0.0,0.0,0.0,0.0
5.344918489456177,-0.2325565069913864,-0.935973048210144,0.0,0.0,-0.0007068892591632903,-0.1865961253643036,0.0,0.0,-0.14615951331897167,-0.11773782384152295,-0.015600384213030338,0.07561209797859192,0.0,0.0,0.0,0.0
5.346222639083862,-0.1830485463142395,-1.1429438591003418,0.0,0.0,-0.0005361403455026448,-0.1867813616991043,0.0,0.0,-0.14577121975070026,-0.11737829709436226,-0.013282940723001957,0.07106306403875351,0.0,0.0,0.0,0.0
5.347470045089722,-0.1830485463142395,-1.1429438591003418,0.0,0.0,-0.0005361403455026448,-0.1867813616991043,0.0,0.0,-0.145459629903161,-0.11750772438267118,-0.012224392965435982,0.07292268425226212,0.0,0.0,0.0,0.0
5.348677635192871,-0.1830485463142395,-1.1429438591003418,0.0,0.0,-0.0005361403455026448,-0.1867813616991043,0.0,0.0,-0.145459629903161,-0.11750772438267118,-0.012224392965435982,0.07292268425226212,0.0,0.0,0.0,0.0
5.349940061569214,-0.1830485463142395,-1.1429438591003418,0.0,0.0,-0.0005361403455026448,-0.1867813616991043,0.0,0.0,-0.145459629903161,-0.11750772438267118,-0.012224392965435982,0.07292268425226212,0.0,0.0,0.0,0.0
5.351261377334595,-0.1830485463142395,-1.1429438591003418,0.0,0.0,-0.0005361403455026448,-0.1867813616991043,0.0,0.0,-0.14520077532654316,-0.11742143562268369,-0.00646932004019618,0.0686003640294075,0.0,0.0,0.0,0.0
5.352555751800537,-0.1830485463142395,-1.1429438591003418,0.0,0.0,-0.0005361403455026448,-0.1867813616991043,0.0,0.0,-0.14516242346617708,-0.11807338213887295,-0.0078140152618289,0.07518070191144943,0.0,0.0,0.0,0.0
5.353783369064331,-0.1830485463142395,-1.1429438591003418,0.0,0.0,-0.0005361403455026448,-0.1867813616991043,0.0,0.0,-0.14516242346617708,-0.11807338213887295,-0.0078140152618289,0.07518070191144943,0.0,0.0,0.0,0.0
5.355071306228638,-0.1830485463142395,-1.1429438591003418,0.0,0.0,-0.0005361403455026448,-0.1867813616991043,0.0,0.0,-0.14516242346617708,-0.11807338213887295,-0.0078140152618289,0.07518070191144943,0.0,0.0,0.0,0.0
5.356704473495483,-0.2298755943775177,-1.1177513599395752,0.0,0.0,-0.0006221310468390584,-0.18692803382873535,0.0,0.0,-0.1451911902872878,-0.11815007415626044,-0.008815387263894081,0.07274886220693588,0.0,0.0,0.0,0.0
5.3579864501953125,-0.2298755943775177,-1.1177513599395752,0.0,0.0,-0.0006221310468390584,-0.18692803382873535,0.0,0.0,-0.1451911902872878,-0.11857192121359791,-0.008815387263894081,0.07815614342689514,0.0,0.0,0.0,0.0
5.359243631362915,-0.2298755943775177,-1.1177513599395752,0.0,0.0,-0.0006221310468390584,-0.18692803382873535,0.0,0.0,-0.1451911902872878,-0.11857192121359791,-0.008815387263894081,0.07815614342689514,0.0,0.0,0.0,0.0
5.3605053424835205,-0.2298755943775177,-1.1177513599395752,0.0,0.0,-0.0006221310468390584,-0.18692803382873535,0.0,0.0,-0.1451911902872878,-0.11870134850190685,-0.003208942012861371,0.07177657634019852,0.0,0.0,0.0,0.0
5.3617517948150635,-0.2298755943775177,-1.1177513599395752,0.0,0.0,-0.0006221310468390584,-0.18692803382873535,0.0,0.0,-0.1451911902872878,-0.11870134850190685,-0.003208942012861371,0.07177657634019852,0.0,0.0,0.0,0.0
5.3630053997039795,-0.2298755943775177,-1.1177513599395752,0.0,0.0,-0.0006221310468390584,-0.18692803382873535,0.0,0.0,-0.14556510044500384,-0.11898418323168004,-0.008015446364879608,0.07486643642187119,0.0,0.0,0.0,0.0
5.3642613887786865,-0.2298755943775177,-1.1177513599395752,0.0,0.0,-0.0006221310468390584,-0.18692803382873535,0.0,0.0,-0.14556510044500384,-0.11898418323168004,-0.008015446364879608,0.07486643642187119,0.0,0.0,0.0,0.0
5.3655290603637695,-0.32513076066970825,-0.8538548946380615,0.0,0.0,-0.0008668646914884448,-0.18685370683670044,0.0,0.0,-0.1460205009914074,-0.11932452819698539,-0.012821938842535019,0.07632558792829514,0.0,0.0,0.0,0.0
5.3668763637542725,-0.32513076066970825,-0.8538548946380615,0.0,0.0,-0.0008668646914884448,-0.18685370683670044,0.0,0.0,-0.14632729246764667,-0.11960256455545859,-0.012392825447022915,0.07798498868942261,0.0,0.0,0.0,0.0
5.368173122406006,-0.32513076066970825,-0.8538548946380615,0.0,0.0,-0.0008668646914884448,-0.18685370683670044,0.0,0.0,-0.14632729246764667,-0.11960256455545859,-0.012392825447022915,0.07798498868942261,0.0,0.0,0.0,0.0
5.369722843170166,-0.32513076066970825,-0.8538548946380615,0.0,0.0,-0.0008668646914884448,-0.18685370683670044,0.0,0.0,-0.1465861470442645,-0.1196217346339693,-0.00900053046643734,0.07084337621927261,0.0,0.0,0.0,0.0
5.371011257171631,-0.32513076066970825,-0.8538548946380615,0.0,0.0,-0.0008668646914884448,-0.18685370683670044,0.0,0.0,-0.1465861470442645,-0.1196217346339693,-0.00900053046643734,0.07084337621927261,0.0,0.0,0.0,0.0
5.372288465499878,-0.32513076066970825,-0.8538548946380615,0.0,0.0,-0.0008668646914884448,-0.18685370683670044,0.0,0.0,-0.1469456737914252,-0.11957859610564787,-0.010431041941046715,0.06978479772806168,0.0,0.0,0.0,0.0
5.373563528060913,-0.32513076066970825,-0.8538548946380615,0.0,0.0,-0.0008668646914884448,-0.18685370683670044,0.0,0.0,-0.1469456737914252,-0.11957859610564787,-0.010431041941046715,0.06978479772806168,0.0,0.0,0.0,0.0
5.374850034713745,-0.32513076066970825,-0.8538548946380615,0.0,0.0,-0.0008668646914884448,-0.18685370683670044,0.0,0.0,-0.1471997417000877,-0.11957859610564787,-0.01211908832192421,0.06978479772806168,0.0,0.0,0.0,0.0
5.376136541366577,-0.3647206425666809,-0.7764687538146973,0.0,0.0,-0.0009911929955706,-0.18681783974170685,0.0,0.0,-0.1471997417000877,-0.11957859610564787,-0.01211908832192421,0.06978479772806168,0.0,0.0,0.0,0.0
5.377421140670776,-0.3647206425666809,-0.7764687538146973,0.0,0.0,-0.0009911929955706,-0.18681783974170685,0.0,0.0,-0.1472237101498984,-0.11957859610564787,-0.01060270331799984,0.06978479772806168,0.0,0.0,0.0,0.0
5.378703594207764,-0.3647206425666809,-0.7764687538146973,0.0,0.0,-0.0009911929955706,-0.18681783974170685,0.0,0.0,-0.1472237101498984,-0.11957859610564787,-0.01060270331799984,0.06978479772806168,0.0,0.0,0.0,0.0
5.379987955093384,-0.3647206425666809,-0.7764687538146973,0.0,0.0,-0.0009911929955706,-0.18681783974170685,0.0,0.0,-0.14719015666083235,-0.11926220788680861,-0.003917980939149857,0.059753287583589554,0.0,0.0,0.0,0.0
5.38127064704895,-0.3647206425666809,-0.7764687538146973,0.0,0.0,-0.0009911929955706,-0.18681783974170685,0.0,0.0,-0.14719015666083235,-0.11926220788680861,-0.003917980939149857,0.059753287583589554,0.0,0.0,0.0,0.0
5.382595777511597,-0.3647206425666809,-0.7764687538146973,0.0,0.0,-0.0009911929955706,-0.18681783974170685,0.0,0.0,-0.14735313743820733,-0.11905129020981219,-0.0057204533368349075,0.059324149042367935,0.0,0.0,0.0,0.0
5.383896589279175,-0.3647206425666809,-0.7764687538146973,0.0,0.0,-0.0009911929955706,-0.18681783974170685,0.0,0.0,-0.14735313743820733,-0.11905129020981219,-0.0057204533368349075,0.059324149042367935,0.0,0.0,0.0,0.0
5.385204553604126,-0.3647206425666809,-0.7764687538146973,0.0,0.0,-0.0009911929955706,-0.18681783974170685,0.0,0.0,-0.14745860798005017,-0.11888830943243718,-0.006349864881485701,0.05835136026144028,0.0,0.0,0.0,0.0
5.3865132331848145,-0.3620162904262543,-0.775132417678833,0.0,0.0,-0.001039018388837576,-0.18688762187957764,0.0,0.0,-0.14745860798005017,-0.11888830943243718,-0.006349864881485701,0.05835136026144028,0.0,0.0,0.0,0.0
5.387822151184082,-0.3620162904262543,-0.775132417678833,0.0,0.0,-0.001039018388837576,-0.18688762187957764,0.0,0.0,-0.14756885348650375,-0.11877325385133898,-0.006979275960475206,0.05852307006716728,0.0,0.0,0.0,0.0
5.389119386672974,-0.3620162904262543,-0.775132417678833,0.0,0.0,-0.001039018388837576,-0.18688762187957764,0.0,0.0,-0.14756885348650375,-0.11877325385133898,-0.006979275960475206,0.05852307006716728,0.0,0.0,0.0,0.0
5.390504837036133,-0.3620162904262543,-0.775132417678833,0.0,0.0,-0.001039018388837576,-0.18688762187957764,0.0,0.0,-0.14763597216798052,-0.11880680734040505,-0.001790388603694737,0.05393572896718979,0.0,0.0,0.0,0.0
5.391959190368652,-0.3620162904262543,-0.775132417678833,0.0,0.0,-0.001039018388837576,-0.18688762187957764,0.0,0.0,-0.14763597216798052,-0.11880680734040505,-0.001790388603694737,0.05393572896718979,0.0,0.0,0.0,0.0
5.393483400344849,-0.3620162904262543,-0.775132417678833,0.0,0.0,-0.001039018388837576,-0.18688762187957764,0.0,0.0,-0.1477510160457341,-0.11880680734040505,-0.002448437735438347,0.05393572896718979,0.0,0.0,0.0,0.0
5.395017623901367,-0.3620162904262543,-0.775132417678833,0.0,0.0,-0.001039018388837576,-0.18688762187957764,0.0,0.0,-0.1477510160457341,-0.11880680734040505,-0.002448437735438347,0.05393572896718979,0.0,0.0,0.0,0.0
5.3971006870269775,-0.3347601592540741,-0.746617317199707,0.0,0.0,-0.0010036688763648272,-0.18697625398635864,0.0,0.0,-0.1478612732555323,-0.11880680734040505,-0.0031064872164279222,0.05393572896718979,0.0,0.0,0.0,0.0
5.39876914024353,-0.3347601592540741,-0.746617317199707,0.0,0.0,-0.0010036688763648272,-0.18697625398635864,0.0,0.0,-0.14780375131665552,-0.11880680734040505,-0.0019907020032405853,0.05393572896718979,0.0,0.0,0.0,0.0
5.400298595428467,-0.3347601592540741,-0.746617317199707,0.0,0.0,-0.0010036688763648272,-0.18697625398635864,0.0,0.0,-0.14780375131665552,-0.11880680734040505,-0.0019907020032405853,0.05393572896718979,0.0,0.0,0.0,0.0
5.4018213748931885,-0.3347601592540741,-0.746617317199707,0.0,0.0,-0.0010036688763648272,-0.18697625398635864,0.0,0.0,-0.14793317860496444,-0.11880680734040505,0.002047894522547722,0.04832356050610542,0.0,0.0,0.0,0.0
5.4033730030059814,-0.3347601592540741,-0.746617317199707,0.0,0.0,-0.0010036688763648272,-0.18697625398635864,0.0,0.0,-0.14793317860496444,-0.11880680734040505,0.002047894522547722,0.04832356050610542,0.0,0.0,0.0,0.0
5.4049248695373535,-0.3347601592540741,-0.746617317199707,0.0,0.0,-0.0010036688763648272,-0.18697625398635864,0.0,0.0,-0.148048222482718,-0.11926220788680861,0.0013899151235818863,0.05353064462542534,0.0,0.0,0.0,0.0
5.406745672225952,-0.3015095889568329,-0.5953171849250793,0.0,0.0,-0.0009136392036452889,-0.18698976933956146,0.0,0.0,-0.1481393096140055,-0.11930535811847467,0.0007890723063610494,0.05210011079907417,0.0,0.0,0.0,0.0
5.408187627792358,-0.3015095889568329,-0.5953171849250793,0.0,0.0,-0.0009136392036452889,-0.18698976933956146,0.0,0.0,-0.1481393096140055,-0.11930535811847467,0.0007890723063610494,0.05210011079907417,0.0,0.0,0.0,0.0
5.40972900390625,-0.3015095889568329,-0.5953171849250793,0.0,0.0,-0.0009136392036452889,-0.18698976933956146,0.0,0.0,-0.1481105427928948,-0.11940123191771752,0.007416797336190939,0.04704456776380539,0.0,0.0,0.0,0.0
5.411233425140381,-0.3015095889568329,-0.5953171849250793,0.0,0.0,-0.0009136392036452889,-0.18698976933956146,0.0,0.0,-0.1481105427928948,-0.11940123191771752,0.007416797336190939,0.04704456776380539,0.0,0.0,0.0,0.0
5.412735939025879,-0.3015095889568329,-0.5953171849250793,0.0,0.0,-0.0009136392036452889,-0.18698976933956146,0.0,0.0,-0.1481105427928948,-0.11993332448150858,0.007416797336190939,0.05199417471885681,0.0,0.0,0.0,0.0
5.41423487663269,-0.3015095889568329,-0.5953171849250793,0.0,0.0,-0.0009136392036452889,-0.18698976933956146,0.0,0.0,-0.1481105427928948,-0.11993332448150858,0.007416797336190939,0.05199417471885681,0.0,0.0,0.0,0.0
5.415645599365234,-0.28117868304252625,-0.5210732221603394,0.0,0.0,-0.0008293771534226835,-0.1869896501302719,0.0,0.0,-0.1481105427928948,-0.11994292122410856,0.007416797336190939,0.05033474788069725,0.0,0.0,0.0,0.0
5.417904615402222,-0.28117868304252625,-0.5210732221603394,0.0,0.0,-0.0008293771534226835,-0.1869896501302719,0.0,0.0,-0.1481105427928948,-0.11988538758188715,0.007416797336190939,0.04913311451673508,0.0,0.0,0.0,0.0
5.419338226318359,-0.28117868304252625,-0.5210732221603394,0.0,0.0,-0.0008293771534226835,-0.1869896501302719,0.0,0.0,-0.1481105427928948,-0.11988538758188715,0.007416797336190939,0.04913311451673508,0.0,0.0,0.0,0.0
5.420877456665039,-0.28117868304252625,-0.5210732221603394,0.0,0.0,-0.0008293771534226835,-0.1869896501302719,0.0,0.0,-0.1481105427928948,-0.11988538758188715,0.012966315262019634,0.04358568787574768,0.0,0.0,0.0,0.0
5.422521591186523,-0.28117868304252625,-0.5210732221603394,0.0,0.0,-0.0008293771534226835,-0.1869896501302719,0.0,0.0,-0.1481105427928948,-0.11988538758188715,0.012966315262019634,0.04358568787574768,0.0,0.0,0.0,0.0
5.423927068710327,-0.28117868304252625,-0.5210732221603394,0.0,0.0,-0.0008293771534226835,-0.1869896501302719,0.0,0.0,-0.1481105427928948,-0.11988538758188715,0.012966315262019634,0.04358568787574768,0.0,0.0,0.0,0.0
5.42547869682312,-0.28005850315093994,-0.5229617953300476,0.0,0.0,-0.0008137233089655638,-0.18699868023395538,0.0,0.0,-0.1481105427928948,-0.11988538758188715,0.012966315262019634,0.04358568787574768,0.0,0.0,0.0,0.0
5.426767349243164,-0.28005850315093994,-0.5229617953300476,0.0,0.0,-0.0008137233089655638,-0.18699868023395538,0.0,0.0,-0.1481105427928948,-0.11988538758188715,0.012966315262019634,0.04358568787574768,0.0,0.0,0.0,0.0
5.428112745285034,-0.28005850315093994,-0.5229617953300476,0.0,0.0,-0.0008137233089655638,-0.18699868023395538,0.0,0.0,-0.1481105427928948,-0.11988538758188715,0.012966315262019634,0.04358568787574768,0.0,0.0,0.0,0.0
5.429405450820923,-0.28005850315093994,-0.5229617953300476,0.0,0.0,-0.0008137233089655638,-0.18699868023395538,0.0,0.0,-0.1481105427928948,-0.11988538758188715,0.012966315262019634,0.04358568787574768,0.0,0.0,0.0,0.0
5.43068528175354,-0.28005850315093994,-0.5229617953300476,0.0,0.0,-0.0008137233089655638,-0.18699868023395538,0.0,0.0,-0.1481105427928948,-0.11988538758188715,0.018564239144325256,0.03798706457018852,0.0,0.0,0.0,0.0
5.431971549987793,-0.28005850315093994,-0.5229617953300476,0.0,0.0,-0.0008137233089655638,-0.18699868023395538,0.0,0.0,-0.1481105427928948,-0.11988538758188715,0.018564239144325256,0.03798706457018852,0.0,0.0,0.0,0.0
5.433255672454834,-0.28005850315093994,-0.5229617953300476,0.0,0.0,-0.0008137233089655638,-0.18699868023395538,0.0,0.0,-0.14823518341324837,-0.11997647471317463,0.01704786904156208,0.03936038538813591,0.0,0.0,0.0,0.0
5.43453311920166,-0.28005850315093994,-0.5229617953300476,0.0,0.0,-0.0008137233089655638,-0.18699868023395538,0.0,0.0,-0.14823518341324837,-0.11997647471317463,0.01704786904156208,0.03936038538813591,0.0,0.0,0.0,0.0
5.435790061950684,-0.2928280532360077,-0.37003660202026367,0.0,0.0,-0.0008408234571106732,-0.187046617269516,0.0,0.0,-0.14823518341324837,-0.11997647471317463,0.01704786904156208,0.03936038538813591,0.0,0.0,0.0,0.0
5.437081336975098,-0.2928280532360077,-0.37003660202026367,0.0,0.0,-0.0008408234571106732,-0.187046617269516,0.0,0.0,-0.14871455240946263,-0.12009631696222821,0.011640521697700024,0.04004700109362602,0.0,0.0,0.0,0.0
5.438493728637695,-0.2928280532360077,-0.37003660202026367,0.0,0.0,-0.0008408234571106732,-0.187046617269516,0.0,0.0,-0.1487481058985287,-0.12046542874864426,0.01950453594326973,0.03827705234289169,0.0,0.0,0.0,0.0
5.439804792404175,-0.2928280532360077,-0.37003660202026367,0.0,0.0,-0.0008408234571106732,-0.187046617269516,0.0,0.0,-0.1487481058985287,-0.12046542874864426,0.01950453594326973,0.03827705234289169,0.0,0.0,0.0,0.0
5.441065549850464,-0.2928280532360077,-0.37003660202026367,0.0,0.0,-0.0008408234571106732,-0.187046617269516,0.0,0.0,-0.1487481058985287,-0.12046542874864426,0.01950453594326973,0.03827705234289169,0.0,0.0,0.0,0.0
5.44232702255249,-0.2928280532360077,-0.37003660202026367,0.0,0.0,-0.0008408234571106732,-0.187046617269516,0.0,0.0,-0.14899258876793584,-0.1205373340980764,0.017272910103201866,0.0371040478348732,0.0,0.0,0.0,0.0
5.443572998046875,-0.2928280532360077,-0.37003660202026367,0.0,0.0,-0.0008408234571106732,-0.187046617269516,0.0,0.0,-0.14899258876793584,-0.1205373340980764,0.017272910103201866,0.0371040478348732,0.0,0.0,0.0,0.0
5.4448840618133545,-0.2928280532360077,-0.37003660202026367,0.0,0.0,-0.0008408234571106732,-0.187046617269516,0.0,0.0,-0.1490788658245787,-0.12049898223771033,0.017559025436639786,0.03607403486967087,0.0,0.0,0.0,0.0
5.446154832839966,-0.30365273356437683,-0.2854694724082947,0.0,0.0,-0.0008862548856996,-0.1870722621679306,0.0,0.0,-0.1490788658245787,-0.12049898223771033,0.017559025436639786,0.03607403486967087,0.0,0.0,0.0,0.0
5.44745945930481,-0.30365273356437683,-0.2854694724082947,0.0,0.0,-0.0008862548856996,-0.1870722621679306,0.0,0.0,-0.14934251877249652,-0.12049898223771033,0.015127141959965229,0.03607403486967087,0.0,0.0,0.0,0.0
5.448669672012329,-0.30365273356437683,-0.2854694724082947,0.0,0.0,-0.0008862548856996,-0.1870722621679306,0.0,0.0,-0.14934251877249652,-0.12049898223771033,0.015127141959965229,0.03607403486967087,0.0,0.0,0.0,0.0
5.449933052062988,-0.30365273356437683,-0.2854694724082947,0.0,0.0,-0.0008862548856996,-0.1870722621679306,0.0,0.0,-0.14952947970302688,-0.12049898223771033,0.019769180566072464,0.030430641025304794,0.0,0.0,0.0,0.0
5.451191425323486,-0.30365273356437683,-0.2854694724082947,0.0,0.0,-0.0008862548856996,-0.1870722621679306,0.0,0.0,-0.14952947970302688,-0.12049898223771033,0.019769180566072464,0.030430641025304794,0.0,0.0,0.0,0.0
5.452462196350098,-0.30365273356437683,-0.2854694724082947,0.0,0.0,-0.0008862548856996,-0.1870722621679306,0.0,0.0,-0.14971164226225722,-0.12049898223771033,0.018567565828561783,0.030430641025304794,0.0,0.0,0.0,0.0
5.453669309616089,-0.30365273356437683,-0.2854694724082947,0.0,0.0,-0.0008862548856996,-0.1870722621679306,0.0,0.0,-0.14971164226225722,-0.12049898223771033,0.018567565828561783,0.030430641025304794,0.0,0.0,0.0,0.0
5.45487380027771,-0.30365273356437683,-0.2854694724082947,0.0,0.0,-0.0008862548856996,-0.1870722621679306,0.0,0.0,-0.14972122730151258,-0.12059485603695318,0.020627515390515327,0.031803958117961884,0.0,0.0,0.0,0.0
5.456188201904297,-0.3031519651412964,-0.18055857717990875,0.0,0.0,-0.0008862548856996,-0.1870722621679306,0.0,0.0,-0.14972122730151258,-0.12059485603695318,0.020627515390515327,0.031803958117961884,0.0,0.0,0.0,0.0
5.457463502883911,-0.3031519651412964,-0.18055857717990875,0.0,0.0,-0.0008862548856996,-0.1870722621679306,0.0,0.0,-0.14980751606150006,-0.12067634642564068,0.018796473741531372,0.032290320843458176,0.0,0.0,0.0,0.0
5.458672046661377,-0.3031519651412964,-0.18055857717990875,0.0,0.0,-0.0008862548856996,-0.1870722621679306,0.0,0.0,-0.14980751606150006,-0.12067634642564068,0.018796473741531372,0.032290320843458176,0.0,0.0,0.0,0.0
5.459921360015869,-0.3031519651412964,-0.18055857717990875,0.0,0.0,-0.0008862548856996,-0.1870722621679306,0.0,0.0,-0.14991297489999827,-0.1206475913078746,0.023836443200707436,0.024388602003455162,0.0,0.0,0.0,0.0
5.461201190948486,-0.3031519651412964,-0.18055857717990875,0.0,0.0,-0.0008862548856996,-0.1870722621679306,0.0,0.0,-0.14991297489999827,-0.1206475913078746,0.023836443200707436,0.024388602003455162,0.0,0.0,0.0,0.0
5.462419748306274,-0.3031519651412964,-0.18055857717990875,0.0,0.0,-0.0008862548856996,-0.1870722621679306,0.0,0.0,-0.14999926365998578,-0.1206475913078746,0.023264238610863686,0.02570471353828907,0.0,0.0,0.0,0.0
5.463704824447632,-0.3031519651412964,-0.18055857717990875,0.0,0.0,-0.0008862548856996,-0.1870722621679306,0.0,0.0,-0.15002801877775185,-0.1206475913078746,0.02440859191119671,0.02570471353828907,0.0,0.0,0.0,0.0
5.464964389801025,-0.3031519651412964,-0.18055857717990875,0.0,0.0,-0.0008862548856996,-0.1870722621679306,0.0,0.0,-0.15002801877775185,-0.1206475913078746,0.02440859191119671,0.02570471353828907,0.0,0.0,0.0,0.0
5.4663987159729,-0.29139870405197144,-0.18441787362098694,0.0,0.0,-0.0008650906966067851,-0.18715423345565796,0.0,0.0,-0.1501238925769947,-0.12096396782336924,0.02260619029402733,0.03016790933907032,0.0,0.0,0.0,0.0
5.4676148891448975,-0.29139870405197144,-0.18441787362098694,0.0,0.0,-0.0008650906966067851,-0.18715423345565796,0.0,0.0,-0.1501238925769947,-0.12096396782336924,0.02260619029402733,0.03016790933907032,0.0,0.0,0.0,0.0
5.468839168548584,-0.29139870405197144,-0.18441787362098694,0.0,0.0,-0.0008650906966067851,-0.18715423345565796,0.0,0.0,-0.1502101813369822,-0.12116531216445493,0.027555005624890327,0.0248757041990757,0.0,0.0,0.0,0.0
5.470086097717285,-0.29139870405197144,-0.18441787362098694,0.0,0.0,-0.0008650906966067851,-0.18715423345565796,0.0,0.0,-0.1502101813369822,-0.12116531216445493,0.027555005624890327,0.0248757041990757,0.0,0.0,0.0,0.0
5.471323490142822,-0.29139870405197144,-0.18441787362098694,0.0,0.0,-0.0008650906966067851,-0.18715423345565796,0.0,0.0,-0.15039234389621253,-0.12111257689353351,0.026982801035046577,0.02427484467625618,0.0,0.0,0.0,0.0
5.4725470542907715,-0.29139870405197144,-0.18441787362098694,0.0,0.0,-0.0008650906966067851,-0.18715423345565796,0.0,0.0,-0.15039234389621253,-0.12111257689353351,0.026982801035046577,0.02427484467625618,0.0,0.0,0.0,0.0
5.473773956298828,-0.29139870405197144,-0.18441787362098694,0.0,0.0,-0.0008650906966067851,-0.18715423345565796,0.0,0.0,-0.1505936765339536,-0.12152962557957099,0.024493711069226265,0.024703998118638992,0.0,0.0,0.0,0.0
5.474993944168091,-0.29139870405197144,-0.18441787362098694,0.0,0.0,-0.0008650906966067851,-0.18715423345565796,0.0,0.0,-0.1505936765339536,-0.12152962557957099,0.024493711069226265,0.024703998118638992,0.0,0.0,0.0,0.0
5.476251840591431,-0.2622221112251282,-0.10999761521816254,0.0,0.0,-0.0007943866075947881,-0.18719087541103363,0.0,0.0,-0.15063681506227503,-0.12179807689878884,0.02506592869758606,0.02953912690281868,0.0,0.0,0.0,0.0
5.477498531341553,-0.2622221112251282,-0.10999761521816254,0.0,0.0,-0.0007943866075947881,-0.18719087541103363,0.0,0.0,-0.15063681506227503,-0.12179807689878884,0.02506592869758606,0.02953912690281868,0.0,0.0,0.0,0.0
5.478744029998779,-0.2622221112251282,-0.10999761521816254,0.0,0.0,-0.0007943866075947881,-0.18719087541103363,0.0,0.0,-0.15071831715430717,-0.12205693147540668,0.03016575798392296,0.025440657511353493,0.0,0.0,0.0,0.0
5.480018854141235,-0.2622221112251282,-0.10999761521816254,0.0,0.0,-0.0007943866075947881,-0.18719087541103363,0.0,0.0,-0.15071831715430717,-0.12205693147540668,0.03016575798392296,0.025440657511353493,0.0,0.0,0.0,0.0
5.48124098777771,-0.2622221112251282,-0.10999761521816254,0.0,0.0,-0.0007943866075947881,-0.18719087541103363,0.0,0.0,-0.15079980754299466,-0.12206172984670668,0.02965076081454754,0.023838495835661888,0.0,0.0,0.0,0.0
5.482455492019653,-0.2622221112251282,-0.10999761521816254,0.0,0.0,-0.0007943866075947881,-0.18719087541103363,0.0,0.0,-0.15079980754299466,-0.12206172984670668,0.02965076081454754,0.023838495835661888,0.0,0.0,0.0,0.0
5.4836437702178955,-0.2622221112251282,-0.10999761521816254,0.0,0.0,-0.0007943866075947881,-0.18719087541103363,0.0,0.0,-0.15113056746904466,-0.12232538279462453,0.026131730526685715,0.026155898347496986,0.0,0.0,0.0,0.0
5.4848339557647705,-0.2622221112251282,-0.10999761521816254,0.0,0.0,-0.0007943866075947881,-0.18719087541103363,0.0,0.0,-0.15113056746904466,-0.12232538279462453,0.026131730526685715,0.026155898347496986,0.0,0.0,0.0,0.0
5.486057996749878,-0.2616572678089142,-0.021763524040579796,0.0,0.0,-0.0007814519922249019,-0.1872142255306244,0.0,0.0,-0.15121205785773215,-0.12249794861125488,0.027247531339526176,0.027185890823602676,0.0,0.0,0.0,0.0
5.487316608428955,-0.2616572678089142,-0.021763524040579796,0.0,0.0,-0.0007814519922249019,-0.1872142255306244,0.0,0.0,-0.15121205785773215,-0.12249794861125488,0.027247531339526176,0.027185890823602676,0.0,0.0,0.0,0.0
5.488582611083984,-0.2616572678089142,-0.021763524040579796,0.0,0.0,-0.0007814519922249019,-0.1872142255306244,0.0,0.0,-0.15126479312865357,-0.12268011117048523,0.03241657838225365,0.022732099518179893,0.0,0.0,0.0,0.0
5.489869832992554,-0.2616572678089142,-0.021763524040579796,0.0,0.0,-0.0007814519922249019,-0.1872142255306244,0.0,0.0,-0.15126479312865357,-0.12268011117048523,0.03241657838225365,0.022732099518179893,0.0,0.0,0.0,0.0
5.4911205768585205,-0.2616572678089142,-0.021763524040579796,0.0,0.0,-0.0007814519922249019,-0.1872142255306244,0.0,0.0,-0.15134628351734108,-0.12300608442857985,0.03195885568857193,0.025478726252913475,0.0,0.0,0.0,0.0
5.492398738861084,-0.2616572678089142,-0.021763524040579796,0.0,0.0,-0.0007814519922249019,-0.1872142255306244,0.0,0.0,-0.15134628351734108,-0.12300608442857985,0.03195885568857193,0.025478726252913475,0.0,0.0,0.0,0.0
5.4936559200286865,-0.2616572678089142,-0.021763524040579796,0.0,0.0,-0.0007814519922249019,-0.1872142255306244,0.0,0.0,-0.1514469556878839,-0.1229964993893245,0.03138665109872818,0.02387656457722187,0.0,0.0,0.0,0.0
5.49484658241272,-0.2616572678089142,-0.021763524040579796,0.0,0.0,-0.0007814519922249019,-0.1872142255306244,0.0,0.0,-0.1514469556878839,-0.1229964993893245,0.03138665109872818,0.02387656457722187,0.0,0.0,0.0,0.0
5.496126890182495,-0.273612916469574,0.026508446782827377,0.0,0.0,-0.0007883846410550177,-0.1872599720954895,0.0,0.0,-0.151643489954325,-0.1231019582278227,0.029298078268766403,0.024420130997896194,0.0,0.0,0.0,0.0
5.497470855712891,-0.273612916469574,0.026508446782827377,0.0,0.0,-0.0007883846410550177,-0.1872599720954895,0.0,0.0,-0.151643489954325,-0.1231019582278227,0.029298078268766403,0.024420130997896194,0.0,0.0,0.0,0.0
5.498666524887085,-0.273612916469574,0.026508446782827377,0.0,0.0,-0.0007883846410550177,-0.1872599720954895,0.0,0.0,-0.15182565251355534,-0.12339437799685125,0.028268082067370415,0.027881955727934837,0.0,0.0,0.0,0.0
5.499892473220825,-0.273612916469574,0.026508446782827377,0.0,0.0,-0.0007883846410550177,-0.1872599720954895,0.0,0.0,-0.15182565251355534,-0.12339437799685125,0.028268082067370415,0.027881955727934837,0.0,0.0,0.0,0.0
5.50114631652832,-0.273612916469574,0.026508446782827377,0.0,0.0,-0.0007883846410550177,-0.1872599720954895,0.0,0.0,-0.1521180722825839,-0.1236244657523584,0.030784666538238525,0.022818362340331078,0.0,0.0,0.0,0.0
5.50239372253418,-0.273612916469574,0.026508446782827377,0.0,0.0,-0.0007883846410550177,-0.1872599720954895,0.0,0.0,-0.1521180722825839,-0.1236244657523584,0.030784666538238525,0.022818362340331078,0.0,0.0,0.0,0.0
5.5035834312438965,-0.273612916469574,0.026508446782827377,0.0,0.0,-0.0007883846410550177,-0.1872599720954895,0.0,0.0,-0.15230023484181424,-0.12380184164363338,0.03104214183986187,0.02381972037255764,0.0,0.0,0.0,0.0
5.504908323287964,-0.273612916469574,0.026508446782827377,0.0,0.0,-0.0007883846410550177,-0.1872599720954895,0.0,0.0,-0.15230023484181424,-0.12380184164363338,0.03104214183986187,0.02381972037255764,0.0,0.0,0.0,0.0
5.506137371063232,-0.2852819859981537,0.05568840727210045,0.0,0.0,-0.0008394275791943073,-0.18733224272727966,0.0,0.0,-0.1524152787195678,-0.12412301653042801,0.02989773266017437,0.026537708938121796,0.0,0.0,0.0,0.0
5.50741171836853,-0.2852819859981537,0.05568840727210045,0.0,0.0,-0.0008394275791943073,-0.18733224272727966,0.0,0.0,-0.1524152787195678,-0.12412301653042801,0.02989773266017437,0.026537708938121796,0.0,0.0,0.0,0.0
5.5086424350738525,-0.2852819859981537,0.05568840727210045,0.0,0.0,-0.0008394275791943073,-0.18733224272727966,0.0,0.0,-0.1524152787195678,-0.12412301653042801,0.02989773266017437,0.026537708938121796,0.0,0.0,0.0,0.0
5.510007381439209,-0.2852819859981537,0.05568840727210045,0.0,0.0,-0.0008394275791943073,-0.18733224272727966,0.0,0.0,-0.15265976158897493,-0.12451129839535478,0.03455716371536255,0.024539684876799583,0.0,0.0,0.0,0.0
5.511218070983887,-0.2852819859981537,0.05568840727210045,0.0,0.0,-0.0008394275791943073,-0.18733224272727966,0.0,0.0,-0.15284191244486064,-0.12463114064440835,0.03481464087963104,0.023280834779143333,0.0,0.0,0.0,0.0
5.5124523639678955,-0.2852819859981537,0.05568840727210045,0.0,0.0,-0.0008394275791943073,-0.18733224272727966,0.0,0.0,-0.15284191244486064,-0.12463114064440835,0.03481464087963104,0.023280834779143333,0.0,0.0,0.0,0.0
5.51362943649292,-0.2852819859981537,0.05568840727210045,0.0,0.0,-0.0008394275791943073,-0.18733224272727966,0.0,0.0,-0.15301448996483563,-0.12481330320363869,0.03238282725214958,0.024310830980539322,0.0,0.0,0.0,0.0
5.5148468017578125,-0.2852819859981537,0.05568840727210045,0.0,0.0,-0.0008394275791943073,-0.18733224272727966,0.0,0.0,-0.15301448996483563,-0.12481330320363869,0.03238282725214958,0.024310830980539322,0.0,0.0,0.0,0.0
5.5161120891571045,-0.30618759989738464,0.06207751855254173,0.0,0.0,-0.0008770494605414569,-0.18741168081760406,0.0,0.0,-0.15321582260257668,-0.12523035188967618,0.031238416209816933,0.027171799913048744,0.0,0.0,0.0,0.0
5.517393589019775,-0.30618759989738464,0.06207751855254173,0.0,0.0,-0.0008770494605414569,-0.18741168081760406,0.0,0.0,-0.15321582260257668,-0.12523035188967618,0.031238416209816933,0.027171799913048744,0.0,0.0,0.0,0.0
5.518584489822388,-0.30618759989738464,0.06207751855254173,0.0,0.0,-0.0008770494605414569,-0.18741168081760406,0.0,0.0,-0.15350344400030524,-0.12542689785946187,0.034198611974716187,0.023639384657144547,0.0,0.0,0.0,0.0
5.519876718521118,-0.30618759989738464,0.06207751855254173,0.0,0.0,-0.0008770494605414569,-0.18741168081760406,0.0,0.0,-0.15350344400030524,-0.12542689785946187,0.034198611974716187,0.023639384657144547,0.0,0.0,0.0,0.0
5.521194219589233,-0.30618759989738464,0.06207751855254173,0.0,0.0,-0.0008770494605414569,-0.18741168081760406,0.0,0.0,-0.15380065043728916,-0.12573368933570114,0.033855319023132324,0.02564210072159767,0.0,0.0,0.0,0.0
5.5224738121032715,-0.30618759989738464,0.06207751855254173,0.0,0.0,-0.0008770494605414569,-0.18741168081760406,0.0,0.0,-0.15380065043728916,-0.12573368933570114,0.033855319023132324,0.02564210072159767,0.0,0.0,0.0,0.0
5.5236897468566895,-0.30618759989738464,0.06207751855254173,0.0,0.0,-0.0008770494605414569,-0.18741168081760406,0.0,0.0,-0.1539588445467088,-0.12615074972508328,0.032253116369247437,0.02698676846921444,0.0,0.0,0.0,0.0
5.524921417236328,-0.30618759989738464,0.06207751855254173,0.0,0.0,-0.0008770494605414569,-0.18741168081760406,0.0,0.0,-0.1539588445467088,-0.12615074972508328,0.032253116369247437,0.02698676846921444,0.0,0.0,0.0,0.0
5.5265209674835205,-0.28555500507354736,0.07584749162197113,0.0,0.0,-0.0008630483062006533,-0.18748602271080017,0.0,0.0,-0.15425605098369272,-0.12657258507907612,0.029620977118611336,0.03159300237894058,0.0,0.0,0.0,0.0
5.5277228355407715,-0.28555500507354736,0.07584749162197113,0.0,0.0,-0.0008630483062006533,-0.18748602271080017,0.0,0.0,-0.15425605098369272,-0.12657258507907612,0.029620977118611336,0.03159300237894058,0.0,0.0,0.0,0.0
5.528918027877808,-0.28555500507354736,0.07584749162197113,0.0,0.0,-0.0008630483062006533,-0.18748602271080017,0.0,0.0,-0.15462996114140878,-0.12717179632434394,0.02801884524524212,0.03428240492939949,0.0,0.0,0.0,0.0
5.530125141143799,-0.28555500507354736,0.07584749162197113,0.0,0.0,-0.0008630483062006533,-0.18748602271080017,0.0,0.0,-0.15462996114140878,-0.12717179632434394,0.02801884524524212,0.03428240492939949,0.0,0.0,0.0,0.0
5.531328916549683,-0.28555500507354736,0.07584749162197113,0.0,0.0,-0.0008630483062006533,-0.18748602271080017,0.0,0.0,-0.15503263812023554,-0.12791481826847606,0.02969730831682682,0.03715366870164871,0.0,0.0,0.0,0.0
5.532536029815674,-0.28555500507354736,0.07584749162197113,0.0,0.0,-0.0008630483062006533,-0.18748602271080017,0.0,0.0,-0.15503263812023554,-0.12791481826847606,0.02969730831682682,0.03715366870164871,0.0,0.0,0.0,0.0
5.533737659454346,-0.28555500507354736,0.07584749162197113,0.0,0.0,-0.0008630483062006533,-0.18748602271080017,0.0,0.0,-0.15543050502441766,-0.1283702188148796,0.02766602300107479,0.03609513118863106,0.0,0.0,0.0,0.0
5.534961223602295,-0.28555500507354736,0.07584749162197113,0.0,0.0,-0.0008630483062006533,-0.18748602271080017,0.0,0.0,-0.15543050502441766,-0.1283702188148796,0.02766602300107479,0.03609513118863106,0.0,0.0,0.0,0.0
5.536468744277954,-0.3091942369937897,0.10934174805879593,0.0,0.0,-0.0008899944368749857,-0.18757839500904083,0.0,0.0,-0.15593384247044265,-0.12921391292955456,0.02517687901854515,0.04273264855146408,0.0,0.0,0.0,0.0
5.537774085998535,-0.3091942369937897,0.10934174805879593,0.0,0.0,-0.0008899944368749857,-0.18757839500904083,0.0,0.0,-0.15593384247044265,-0.12921391292955456,0.02517687901854515,0.04273264855146408,0.0,0.0,0.0,0.0
5.539105176925659,-0.3091942369937897,0.10934174805879593,0.0,0.0,-0.0008899944368749857,-0.18757839500904083,0.0,0.0,-0.15646114836627834,-0.1298370926246331,0.024661080911755562,0.041559115052223206,0.0,0.0,0.0,0.0
5.5403547286987305,-0.3091942369937897,0.10934174805879593,0.0,0.0,-0.0008899944368749857,-0.18757839500904083,0.0,0.0,-0.15646114836627834,-0.1298370926246331,0.024661080911755562,0.041559115052223206,0.0,0.0,0.0,0.0
5.541587591171265,-0.3091942369937897,0.10934174805879593,0.0,0.0,-0.0008899944368749857,-0.18757839500904083,0.0,0.0,-0.15707954139340152,-0.13111700550385624,0.021657008677721024,0.050599947571754456,0.0,0.0,0.0,0.0
5.54286003112793,-0.3091942369937897,0.10934174805879593,0.0,0.0,-0.0008899944368749857,-0.18757839500904083,0.0,0.0,-0.15707954139340152,-0.13111700550385624,0.021657008677721024,0.050599947571754456,0.0,0.0,0.0,0.0
5.544182062149048,-0.3091942369937897,0.10934174805879593,0.0,0.0,-0.0008899944368749857,-0.18757839500904083,0.0,0.0,-0.15772668953829078,-0.13214764884571692,0.01676461659371853,0.05935465916991234,0.0,0.0,0.0,0.0
5.545453310012817,-0.3166235685348511,0.07831213623285294,0.0,0.0,-0.0009039866854436696,-0.18768857419490814,0.0,0.0,-0.15772668953829078,-0.13214764884571692,0.01676461659371853,0.05935465916991234,0.0,0.0,0.0,0.0
5.546832799911499,-0.3166235685348511,0.07831213623285294,0.0,0.0,-0.0009039866854436696,-0.18768857419490814,0.0,0.0,-0.15857517032092108,-0.1336480761445365,0.01158619299530983,0.06753723323345184,0.0,0.0,0.0,0.0
5.548054933547974,-0.3166235685348511,0.07831213623285294,0.0,0.0,-0.0009039866854436696,-0.18768857419490814,0.0,0.0,-0.15857517032092108,-0.1336480761445365,0.01158619299530983,0.06753723323345184,0.0,0.0,0.0,0.0
5.549270391464233,-0.3166235685348511,0.07831213623285294,0.0,0.0,-0.0009039866854436696,-0.18768857419490814,0.0,0.0,-0.15977359281145673,-0.13526354732110962,0.006718429736793041,0.07600977271795273,0.0,0.0,0.0,0.0
5.550495624542236,-0.3166235685348511,0.07831213623285294,0.0,0.0,-0.0009039866854436696,-0.18768857419490814,0.0,0.0,-0.15977359281145673,-0.13526354732110962,0.006718429736793041,0.07600977271795273,0.0,0.0,0.0,0.0
5.551713943481445,-0.3166235685348511,0.07831213623285294,0.0,0.0,-0.0009039866854436696,-0.18768857419490814,0.0,0.0,-0.15977359281145673,-0.13526354732110962,0.006718429736793041,0.07600977271795273,0.0,0.0,0.0,0.0
5.552958250045776,-0.3166235685348511,0.07831213623285294,0.0,0.0,-0.0009039866854436696,-0.18768857419490814,0.0,0.0,-0.16122128483935488,-0.1375069965640613,-0.00381017685867846,0.0936623364686966,0.0,0.0,0.0,0.0
5.554355144500732,-0.3166235685348511,0.07831213623285294,0.0,0.0,-0.0009039866854436696,-0.18768857419490814,0.0,0.0,-0.16280800089816194,-0.1390553607625023,-0.014996763318777084,0.09947017580270767,0.0,0.0,0.0,0.0
5.5556321144104,-0.35619357228279114,-0.06778112798929214,0.0,0.0,-0.0009940470336005092,-0.18787072598934174,0.0,0.0,-0.16280800089816194,-0.1390553607625023,-0.014996763318777084,0.09947017580270767,0.0,0.0,0.0,0.0
5.557197332382202,-0.35619357228279114,-0.06778112798929214,0.0,0.0,-0.0009940470336005092,-0.18787072598934174,0.0,0.0,-0.16434676835400294,-0.14102556031493613,-0.022406771779060364,0.1115436851978302,0.0,0.0,0.0,0.0
5.558508634567261,-0.35619357228279114,-0.06778112798929214,0.0,0.0,-0.0009940470336005092,-0.18787072598934174,0.0,0.0,-0.16434676835400294,-0.14102556031493613,-0.022406771779060364,0.1115436851978302,0.0,0.0,0.0,0.0
5.559984922409058,-0.35619357228279114,-0.06778112798929214,0.0,0.0,-0.0009940470336005092,-0.18787072598934174,0.0,0.0,-0.16562189456527074,-0.14262665978429856,-0.024993985891342163,0.11702049523591995,0.0,0.0,0.0,0.0
5.561316251754761,-0.35619357228279114,-0.06778112798929214,0.0,0.0,-0.0009940470336005092,-0.18787072598934174,0.0,0.0,-0.16562189456527074,-0.14262665978429856,-0.024993985891342163,0.11702049523591995,0.0,0.0,0.0,0.0
5.562605381011963,-0.35619357228279114,-0.06778112798929214,0.0,0.0,-0.0009940470336005092,-0.18787072598934174,0.0,0.0,-0.16688742403393855,-0.14383466731408956,-0.03260426223278046,0.12036789953708649,0.0,0.0,0.0,0.0
5.5638816356658936,-0.35619357228279114,-0.06778112798929214,0.0,0.0,-0.0009940470336005092,-0.18787072598934174,0.0,0.0,-0.16688742403393855,-0.14383466731408956,-0.03260426223278046,0.12036789953708649,0.0,0.0,0.0,0.0
5.565460443496704,-0.3856089115142822,-0.2678866982460022,0.0,0.0,-0.001104226685129106,-0.18815113604068756,0.0,0.0,-0.16782219357655637,-0.14483175716688418,-0.03746804594993591,0.12328615039587021,0.0,0.0,0.0,0.0
5.5668275356292725,-0.3856089115142822,-0.2678866982460022,0.0,0.0,-0.001104226685129106,-0.18815113604068756,0.0,0.0,-0.1686419192414206,-0.1453159128310538,-0.03861241042613983,0.12300005555152893,0.0,0.0,0.0,0.0
5.568122863769531,-0.3856089115142822,-0.2678866982460022,0.0,0.0,-0.001104226685129106,-0.18815113604068756,0.0,0.0,-0.1686419192414206,-0.1453159128310538,-0.03861241042613983,0.12300005555152893,0.0,0.0,0.0,0.0
5.56942343711853,-0.3856089115142822,-0.2678866982460022,0.0,0.0,-0.001104226685129106,-0.18815113604068756,0.0,0.0,-0.169020616067092,-0.14535906306271987,-0.033026114106178284,0.11478371173143387,0.0,0.0,0.0,0.0
5.570779800415039,-0.3856089115142822,-0.2678866982460022,0.0,0.0,-0.001104226685129106,-0.18815113604068756,0.0,0.0,-0.169020616067092,-0.14535906306271987,-0.033026114106178284,0.11478371173143387,0.0,0.0,0.0,0.0
5.572061061859131,-0.3856089115142822,-0.2678866982460022,0.0,0.0,-0.001104226685129106,-0.18815113604068756,0.0,0.0,-0.169020616067092,-0.14541178663029664,-0.02970731072127819,0.11298129707574844,0.0,0.0,0.0,0.0
5.573321580886841,-0.3856089115142822,-0.2678866982460022,0.0,0.0,-0.001104226685129106,-0.18815113604068756,0.0,0.0,-0.169020616067092,-0.14541178663029664,-0.02970731072127819,0.11298129707574844,0.0,0.0,0.0,0.0
5.574583530426025,-0.3856089115142822,-0.2678866982460022,0.0,0.0,-0.001104226685129106,-0.18815113604068756,0.0,0.0,-0.16930823746482057,-0.14507622833294667,-0.03148113191127777,0.11177966743707657,0.0,0.0,0.0,0.0
5.575841426849365,-0.4824536144733429,-0.9046412706375122,0.0,0.0,-0.0013196839718148112,-0.18871451914310455,0.0,0.0,-0.16930823746482057,-0.14507622833294667,-0.03148113191127777,0.11177966743707657,0.0,0.0,0.0,0.0
5.577126741409302,-0.4824536144733429,-0.9046412706375122,0.0,0.0,-0.0013196839718148112,-0.18871451914310455,0.0,0.0,-0.1692794823470545,-0.14400244646276456,-0.030908910557627678,0.09627287834882736,0.0,0.0,0.0,0.0
5.578373670578003,-0.4824536144733429,-0.9046412706375122,0.0,0.0,-0.0013196839718148112,-0.18871451914310455,0.0,0.0,-0.1692794823470545,-0.14400244646276456,-0.030908910557627678,0.09627287834882736,0.0,0.0,0.0,0.0
5.5796051025390625,-0.4824536144733429,-0.9046412706375122,0.0,0.0,-0.0013196839718148112,-0.18871451914310455,0.0,0.0,-0.1692794823470545,-0.1432210726582664,-0.024088822305202484,0.08767683804035187,0.0,0.0,0.0,0.0
5.580854892730713,-0.4824536144733429,-0.9046412706375122,0.0,0.0,-0.0013196839718148112,-0.18871451914310455,0.0,0.0,-0.1692794823470545,-0.1432210726582664,-0.024088822305202484,0.08767683804035187,0.0,0.0,0.0,0.0
5.582315683364868,-0.4824536144733429,-0.9046412706375122,0.0,0.0,-0.0013196839718148112,-0.18871451914310455,0.0,0.0,-0.16896309412821522,-0.14221439776621644,-0.019797246903181076,0.0814397931098938,0.0,0.0,0.0,0.0
5.583672761917114,-0.4824536144733429,-0.9046412706375122,0.0,0.0,-0.0013196839718148112,-0.18871451914310455,0.0,0.0,-0.16896309412821522,-0.14221439776621644,-0.019797246903181076,0.0814397931098938,0.0,0.0,0.0,0.0
5.584947109222412,-0.4824536144733429,-0.9046412706375122,0.0,0.0,-0.0013196839718148112,-0.18871451914310455,0.0,0.0,-0.16880011335084025,-0.14146179078282897,-0.018166476860642433,0.07402974367141724,0.0,0.0,0.0,0.0
5.586210489273071,-0.4738669693470001,-1.4184415340423584,0.0,0.0,-0.0013868091627955437,-0.18935851752758026,0.0,0.0,-0.16880011335084025,-0.14146179078282897,-0.018166476860642433,0.07402974367141724,0.0,0.0,0.0,0.0
5.587557792663574,-0.4738669693470001,-1.4184415340423584,0.0,0.0,-0.0013868091627955437,-0.18935851752758026,0.0,0.0,-0.16874737807991882,-0.140953654965504,-0.020112013444304466,0.07523141801357269,0.0,0.0,0.0,0.0
5.588959217071533,-0.4738669693470001,-1.4184415340423584,0.0,0.0,-0.0013868091627955437,-0.18935851752758026,0.0,0.0,-0.16874737807991882,-0.140953654965504,-0.020112013444304466,0.07523141801357269,0.0,0.0,0.0,0.0
5.590347528457642,-0.4738669693470001,-1.4184415340423584,0.0,0.0,-0.0013868091627955437,-0.18935851752758026,0.0,0.0,-0.1688144967613956,-0.14064206511796473,-0.015735697001218796,0.06928364187479019,0.0,0.0,0.0,0.0
5.591646909713745,-0.4738669693470001,-1.4184415340423584,0.0,0.0,-0.0013868091627955437,-0.18935851752758026,0.0,0.0,-0.1688144967613956,-0.14064206511796473,-0.015735697001218796,0.06928364187479019,0.0,0.0,0.0,0.0
5.5930585861206055,-0.4738669693470001,-1.4184415340423584,0.0,0.0,-0.0013868091627955437,-0.18935851752758026,0.0,0.0,-0.1688144967613956,-0.14057975651113258,-0.015735697001218796,0.07011333853006363,0.0,0.0,0.0,0.0
5.59459662437439,-0.4738669693470001,-1.4184415340423584,0.0,0.0,-0.0013868091627955437,-0.18935851752758026,0.0,0.0,-0.16915964009800094,-0.1403496570522808,-0.02028466761112213,0.06914054602384567,0.0,0.0,0.0,0.0
5.595954418182373,-0.4486211836338043,-1.3222756385803223,0.0,0.0,-0.0013355748960748315,-0.18955856561660767,0.0,0.0,-0.16915964009800094,-0.1403496570522808,-0.02028466761112213,0.06914054602384567,0.0,0.0,0.0,0.0
5.597400903701782,-0.4486211836338043,-1.3222756385803223,0.0,0.0,-0.0013355748960748315,-0.18955856561660767,0.0,0.0,-0.16993141715989912,-0.14060851162889865,-0.028495844453573227,0.07411875575780869,0.0,0.0,0.0,0.0
5.598835468292236,-0.4486211836338043,-1.3222756385803223,0.0,0.0,-0.0013355748960748315,-0.18955856561660767,0.0,0.0,-0.16993141715989912,-0.14060851162889865,-0.028495844453573227,0.07411875575780869,0.0,0.0,0.0,0.0
5.600273132324219,-0.4486211836338043,-1.3222756385803223,0.0,0.0,-0.0013355748960748315,-0.18955856561660767,0.0,0.0,-0.17015672995079553,-0.14127004318434327,-0.02163025736808777,0.07560451328754425,0.0,0.0,0.0,0.0
5.6016106605529785,-0.4486211836338043,-1.3222756385803223,0.0,0.0,-0.0013355748960748315,-0.18955856561660767,0.0,0.0,-0.17015672995079553,-0.14127004318434327,-0.02163025736808777,0.07560451328754425,0.0,0.0,0.0,0.0
5.6030659675598145,-0.4486211836338043,-1.3222756385803223,0.0,0.0,-0.0013355748960748315,-0.18955856561660767,0.0,0.0,-0.1706313005757098,-0.14179734908017896,-0.023776022717356682,0.07777882367372513,0.0,0.0,0.0,0.0
5.604607820510864,-0.4486211836338043,-1.3222756385803223,0.0,0.0,-0.0013355748960748315,-0.18955856561660767,0.0,0.0,-0.17087578344511692,-0.14213290737752893,-0.024977626278996468,0.07783607393503189,0.0,0.0,0.0,0.0
5.605981826782227,-0.3306298553943634,-0.9391231536865234,0.0,0.0,-0.0010370098752900958,-0.18938525021076202,0.0,0.0,-0.17087578344511692,-0.14213290737752893,-0.024977626278996468,0.07783607393503189,0.0,0.0,0.0,0.0
5.607232332229614,-0.3306298553943634,-0.9391231536865234,0.0,0.0,-0.0010370098752900958,-0.18938525021076202,0.0,0.0,-0.17114902143229013,-0.14248284908543427,-0.02643677406013012,0.0814695730805397,0.0,0.0,0.0,0.0
5.608564138412476,-0.3306298553943634,-0.9391231536865234,0.0,0.0,-0.0010370098752900958,-0.18938525021076202,0.0,0.0,-0.17114902143229013,-0.14248284908543427,-0.02643677406013012,0.0814695730805397,0.0,0.0,0.0,0.0
5.609875679016113,-0.3306298553943634,-0.9391231536865234,0.0,0.0,-0.0010370098752900958,-0.18938525021076202,0.0,0.0,-0.17114902143229013,-0.14262186141299857,-0.0193452388048172,0.07495170831680298,0.0,0.0,0.0,0.0
5.611113548278809,-0.3306298553943634,-0.9391231536865234,0.0,0.0,-0.0010370098752900958,-0.18938525021076202,0.0,0.0,-0.17114902143229013,-0.14262186141299857,-0.0193452388048172,0.07495170831680298,0.0,0.0,0.0,0.0
5.612361669540405,-0.3306298553943634,-0.9391231536865234,0.0,0.0,-0.0010370098752900958,-0.18938525021076202,0.0,0.0,-0.1711202546111794,-0.14278964056167356,-0.01837250404059887,0.07589578628540039,0.0,0.0,0.0,0.0
5.613606691360474,-0.3306298553943634,-0.9391231536865234,0.0,0.0,-0.0010370098752900958,-0.18938525021076202,0.0,0.0,-0.1711202546111794,-0.14278964056167356,-0.01837250404059887,0.07589578628540039,0.0,0.0,0.0,0.0
5.614852428436279,-0.3306298553943634,-0.9391231536865234,0.0,0.0,-0.0010370098752900958,-0.18938525021076202,0.0,0.0,-0.1711202546111794,-0.14270335180168606,-0.01837250404059887,0.07426506280899048,0.0,0.0,0.0,0.0
5.6162426471710205,-0.2910424768924713,-0.7967885732650757,0.0,0.0,-0.0008958590333350003,-0.18929006159305573,0.0,0.0,-0.1706744391040312,-0.14273691699409677,-0.01330853532999754,0.0739789605140686,0.0,0.0,0.0,0.0
5.617495775222778,-0.2910424768924713,-0.7967885732650757,0.0,0.0,-0.0008958590333350003,-0.18929006159305573,0.0,0.0,-0.1706744391040312,-0.14273691699409677,-0.01330853532999754,0.0739789605140686,0.0,0.0,0.0,0.0
5.618736982345581,-0.2910424768924713,-0.7967885732650757,0.0,0.0,-0.0008958590333350003,-0.18929006159305573,0.0,0.0,-0.17023822033948302,-0.14273691699409677,-0.00542444596067071,0.0684124007821083,0.0,0.0,0.0,0.0
5.619953632354736,-0.2910424768924713,-0.7967885732650757,0.0,0.0,-0.0008958590333350003,-0.18929006159305573,0.0,0.0,-0.17023822033948302,-0.14273691699409677,-0.00542444596067071,0.0684124007821083,0.0,0.0,0.0,0.0
5.6212804317474365,-0.2910424768924713,-0.7967885732650757,0.0,0.0,-0.0008958590333350003,-0.18929006159305573,0.0,0.0,-0.1698307566927009,-0.14273691699409677,-0.0016765340697020292,0.0684124007821083,0.0,0.0,0.0,0.0
5.622507333755493,-0.2910424768924713,-0.7967885732650757,0.0,0.0,-0.0008958590333350003,-0.18929006159305573,0.0,0.0,-0.1698307566927009,-0.14273691699409677,-0.0016765340697020292,0.0684124007821083,0.0,0.0,0.0,0.0
5.623728036880493,-0.2910424768924713,-0.7967885732650757,0.0,0.0,-0.0008958590333350003,-0.18929006159305573,0.0,0.0,-0.1698307566927009,-0.14273691699409677,-0.0016765340697020292,0.0684124007821083,0.0,0.0,0.0,0.0
5.625491380691528,-0.2892226576805115,-0.942387580871582,0.0,0.0,-0.0008398539503104985,-0.18945355713367462,0.0,0.0,-0.16967736095458127,-0.14273691699409677,-0.0025347990449517965,0.0684124007821083,0.0,0.0,0.0,0.0
5.626759052276611,-0.2892226576805115,-0.942387580871582,0.0,0.0,-0.0008398539503104985,-0.18945355713367462,0.0,0.0,-0.1694664315742402,-0.14273691699409677,-0.0013331833761185408,0.0684124007821083,0.0,0.0,0.0,0.0
5.6280198097229,-0.2892226576805115,-0.942387580871582,0.0,0.0,-0.0008398539503104985,-0.18945355713367462,0.0,0.0,-0.1694664315742402,-0.14273691699409677,-0.0013331833761185408,0.0684124007821083,0.0,0.0,0.0,0.0
5.629262447357178,-0.2892226576805115,-0.942387580871582,0.0,0.0,-0.0008398539503104985,-0.18945355713367462,0.0,0.0,-0.16938494118555272,-0.14308206033070212,0.003918553702533245,0.06745215505361557,0.0,0.0,0.0,0.0
5.630513429641724,-0.2892226576805115,-0.942387580871582,0.0,0.0,-0.0008398539503104985,-0.18945355713367462,0.0,0.0,-0.16938494118555272,-0.14308206033070212,0.003918553702533245,0.06745215505361557,0.0,0.0,0.0,0.0
5.631848096847534,-0.2892226576805115,-0.942387580871582,0.0,0.0,-0.0008398539503104985,-0.18945355713367462,0.0,0.0,-0.16942807971387414,-0.1435182790952503,0.0028886133804917336,0.07068514078855515,0.0,0.0,0.0,0.0
5.633131504058838,-0.2892226576805115,-0.942387580871582,0.0,0.0,-0.0008398539503104985,-0.18945355713367462,0.0,0.0,-0.16942807971387414,-0.1435182790952503,0.0028886133804917336,0.07068514078855515,0.0,0.0,0.0,0.0
5.634591817855835,-0.2892226576805115,-0.942387580871582,0.0,0.0,-0.0008398539503104985,-0.18945355713367462,0.0,0.0,-0.16942807971387414,-0.14376276196465743,0.0028886133804917336,0.07134317606687546,0.0,0.0,0.0,0.0
5.635858535766602,-0.3075958490371704,-0.8742884993553162,0.0,0.0,-0.0008879260858520865,-0.189533069729805,0.0,0.0,-0.16942807971387414,-0.14376276196465743,0.0028886133804917336,0.07134317606687546,0.0,0.0,0.0,0.0
5.637563228607178,-0.3075958490371704,-0.8742884993553162,0.0,0.0,-0.0008879260858520865,-0.189533069729805,0.0,0.0,-0.1697732347538241,-0.14384425235334494,-0.001574582769535482,0.07019873708486557,0.0,0.0,0.0,0.0
5.638840198516846,-0.3075958490371704,-0.8742884993553162,0.0,0.0,-0.0008879260858520865,-0.189533069729805,0.0,0.0,-0.1697732347538241,-0.14384425235334494,-0.001574582769535482,0.07019873708486557,0.0,0.0,0.0,0.0
5.640193700790405,-0.3075958490371704,-0.8742884993553162,0.0,0.0,-0.0008879260858520865,-0.189533069729805,0.0,0.0,-0.17005605778025268,-0.14409832026200742,0.0021754109766334295,0.06707802414894104,0.0,0.0,0.0,0.0
5.641535997390747,-0.3075958490371704,-0.8742884993553162,0.0,0.0,-0.0008879260858520865,-0.189533069729805,0.0,0.0,-0.17005605778025268,-0.14409832026200742,0.0021754109766334295,0.06707802414894104,0.0,0.0,0.0,0.0
5.643386125564575,-0.3075958490371704,-0.8742884993553162,0.0,0.0,-0.0008879260858520865,-0.189533069729805,0.0,0.0,-0.17025739041799373,-0.14416542724013956,0.0018607542151585221,0.06667749583721161,0.0,0.0,0.0,0.0
5.644827604293823,-0.3075958490371704,-0.8742884993553162,0.0,0.0,-0.0008879260858520865,-0.189533069729805,0.0,0.0,-0.17042516956666873,-0.144213364139761,0.0008021200192160904,0.06556171178817749,0.0,0.0,0.0,0.0
5.6462671756744385,-0.3556859493255615,-0.6493818759918213,0.0,0.0,-0.0010047608520835638,-0.18946021795272827,0.0,0.0,-0.17042516956666873,-0.144213364139761,0.0008021200192160904,0.06556171178817749,0.0,0.0,0.0,0.0
5.647549152374268,-0.3556859493255615,-0.6493818759918213,0.0,0.0,-0.0010047608520835638,-0.18946021795272827,0.0,0.0,-0.17060733212589907,-0.14429965289974847,-0.00028501293854787946,0.06747859716415405,0.0,0.0,0.0,0.0
5.648843765258789,-0.3556859493255615,-0.6493818759918213,0.0,0.0,-0.0010047608520835638,-0.18946021795272827,0.0,0.0,-0.17060733212589907,-0.14429965289974847,-0.00028501293854787946,0.06747859716415405,0.0,0.0,0.0,0.0
5.650583744049072,-0.3556859493255615,-0.6493818759918213,0.0,0.0,-0.0010047608520835638,-0.18946021795272827,0.0,0.0,-0.17075114282476336,-0.144381143288436,0.004392019473016262,0.062401119619607925,0.0,0.0,0.0,0.0
5.65186882019043,-0.3556859493255615,-0.6493818759918213,0.0,0.0,-0.0010047608520835638,-0.18946021795272827,0.0,0.0,-0.17084701662400623,-0.14448181545897884,0.004620859399437904,0.06300189346075058,0.0,0.0,0.0,0.0
5.65312385559082,-0.3556859493255615,-0.6493818759918213,0.0,0.0,-0.0010047608520835638,-0.18946021795272827,0.0,0.0,-0.17084701662400623,-0.14448181545897884,0.004620859399437904,0.06300189346075058,0.0,0.0,0.0,0.0
5.654369354248047,-0.3556859493255615,-0.6493818759918213,0.0,0.0,-0.0010047608520835638,-0.18946021795272827,0.0,0.0,-0.17081346313494014,-0.14442908018805742,0.005679437890648842,0.061857469379901886,0.0,0.0,0.0,0.0
5.655609130859375,-0.39199283719062805,-0.6276154518127441,0.0,0.0,-0.0011169948847964406,-0.1894799768924713,0.0,0.0,-0.17081346313494014,-0.14442908018805742,0.005679437890648842,0.061857469379901886,0.0,0.0,0.0,0.0
5.656887054443359,-0.39199283719062805,-0.6276154518127441,0.0,0.0,-0.0011169948847964406,-0.1894799768924713,0.0,0.0,-0.17081346313494014,-0.14442908018805742,0.005679437890648842,0.061857469379901886,0.0,0.0,0.0,0.0
5.6581621170043945,-0.39199283719062805,-0.6276154518127441,0.0,0.0,-0.0011169948847964406,-0.1894799768924713,0.0,0.0,-0.17081346313494014,-0.14442908018805742,0.005679437890648842,0.061857469379901886,0.0,0.0,0.0,0.0
5.6594274044036865,-0.39199283719062805,-0.6276154518127441,0.0,0.0,-0.0011169948847964406,-0.1894799768924713,0.0,0.0,-0.17081346313494014,-0.14442908018805742,0.01128015574067831,0.056257449090480804,0.0,0.0,0.0,0.0
5.660752058029175,-0.39199283719062805,-0.6276154518127441,0.0,0.0,-0.0011169948847964406,-0.1894799768924713,0.0,0.0,-0.17081346313494014,-0.14442908018805742,0.01128015574067831,0.056257449090480804,0.0,0.0,0.0,0.0
5.662033796310425,-0.39199283719062805,-0.6276154518127441,0.0,0.0,-0.0011169948847964406,-0.1894799768924713,0.0,0.0,-0.17089975189492765,-0.1441558422008842,0.01128015574067831,0.05348231643438339,0.0,0.0,0.0,0.0
5.663300514221191,-0.39199283719062805,-0.6276154518127441,0.0,0.0,-0.0011169948847964406,-0.1894799768924713,0.0,0.0,-0.17089975189492765,-0.1441558422008842,0.01128015574067831,0.05348231643438339,0.0,0.0,0.0,0.0
5.664585828781128,-0.39199283719062805,-0.6276154518127441,0.0,0.0,-0.0011169948847964406,-0.1894799768924713,0.0,0.0,-0.1709908273228705,-0.14389698762426636,0.009391909465193748,0.050592634826898575,0.0,0.0,0.0,0.0
5.665858268737793,-0.36504805088043213,-0.5999611616134644,0.0,0.0,-0.0011002443498000503,-0.18955954909324646,0.0,0.0,-0.1709908273228705,-0.14389698762426636,0.009391909465193748,0.050592634826898575,0.0,0.0,0.0,0.0
5.667571306228638,-0.36504805088043213,-0.5999611616134644,0.0,0.0,-0.0011002443498000503,-0.18955954909324646,0.0,0.0,-0.17108670112211335,-0.14390177429222173,0.008819704875349998,0.05233784765005112,0.0,0.0,0.0,0.0
5.668824672698975,-0.36504805088043213,-0.5999611616134644,0.0,0.0,-0.0011002443498000503,-0.18955954909324646,0.0,0.0,-0.17108670112211335,-0.14390177429222173,0.008819704875349998,0.05233784765005112,0.0,0.0,0.0,0.0
5.670641660690308,-0.36504805088043213,-0.5999611616134644,0.0,0.0,-0.0011002443498000503,-0.18955954909324646,0.0,0.0,-0.17133597065947584,-0.1439640946023985,0.012069215066730976,0.047971099615097046,0.0,0.0,0.0,0.0
5.671923875808716,-0.36504805088043213,-0.5999611616134644,0.0,0.0,-0.0011002443498000503,-0.18955954909324646,0.0,0.0,-0.1714366428300187,-0.1439640946023985,0.010924804955720901,0.047971099615097046,0.0,0.0,0.0,0.0
5.673208951950073,-0.36504805088043213,-0.5999611616134644,0.0,0.0,-0.0011002443498000503,-0.18955954909324646,0.0,0.0,-0.1714366428300187,-0.1439640946023985,0.010924804955720901,0.047971099615097046,0.0,0.0,0.0,0.0
5.6745288372039795,-0.36504805088043213,-0.5999611616134644,0.0,0.0,-0.0011002443498000503,-0.18955954909324646,0.0,0.0,-0.1715373032972169,-0.14430923793900383,0.011668642982840538,0.052520137280225754,0.0,0.0,0.0,0.0
5.675809144973755,-0.35970547795295715,-0.5401719808578491,0.0,0.0,-0.0010745790787041187,-0.18960848450660706,0.0,0.0,-0.1715373032972169,-0.14430923793900383,0.011668642982840538,0.052520137280225754,0.0,0.0,0.0,0.0
5.677129745483398,-0.35970547795295715,-0.5401719808578491,0.0,0.0,-0.0010745790787041187,-0.18960848450660706,0.0,0.0,-0.1716283904285044,-0.14450098553748955,0.011096438392996788,0.05277765914797783,0.0,0.0,0.0,0.0
5.678555250167847,-0.35970547795295715,-0.5401719808578491,0.0,0.0,-0.0010745790787041187,-0.18960848450660706,0.0,0.0,-0.1716283904285044,-0.14450098553748955,0.011096438392996788,0.05277765914797783,0.0,0.0,0.0,0.0
5.679866313934326,-0.35970547795295715,-0.5401719808578491,0.0,0.0,-0.0010745790787041187,-0.18960848450660706,0.0,0.0,-0.1717386476383026,-0.14442908018805742,0.015996430069208145,0.045188937336206436,0.0,0.0,0.0,0.0
5.68114709854126,-0.35970547795295715,-0.5401719808578491,0.0,0.0,-0.0010745790787041187,-0.18960848450660706,0.0,0.0,-0.1717386476383026,-0.14442908018805742,0.015996430069208145,0.045188937336206436,0.0,0.0,0.0,0.0
5.6824023723602295,-0.35970547795295715,-0.5401719808578491,0.0,0.0,-0.0010745790787041187,-0.18960848450660706,0.0,0.0,-0.1717338492670026,-0.144213364139761,0.016854749992489815,0.04304322600364685,0.0,0.0,0.0,0.0
5.683656930923462,-0.35970547795295715,-0.5401719808578491,0.0,0.0,-0.0010745790787041187,-0.18960848450660706,0.0,0.0,-0.1717338492670026,-0.144213364139761,0.016854749992489815,0.04304322600364685,0.0,0.0,0.0,0.0
5.684936046600342,-0.35970547795295715,-0.5401719808578491,0.0,0.0,-0.0010745790787041187,-0.18960848450660706,0.0,0.0,-0.1717338492670026,-0.1442708977819824,0.016854749992489815,0.044244855642318726,0.0,0.0,0.0,0.0
5.686214923858643,-0.3437221050262451,-0.390085905790329,0.0,0.0,-0.0010386499343439937,-0.18959395587444305,0.0,0.0,-0.1717338492670026,-0.1442708977819824,0.016854749992489815,0.044244855642318726,0.0,0.0,0.0,0.0
5.687535047531128,-0.3437221050262451,-0.390085905790329,0.0,0.0,-0.0010386499343439937,-0.18959395587444305,0.0,0.0,-0.1717338492670026,-0.1442708977819824,0.016854749992489815,0.044244855642318726,0.0,0.0,0.0,0.0
5.688819169998169,-0.3437221050262451,-0.390085905790329,0.0,0.0,-0.0010386499343439937,-0.18959395587444305,0.0,0.0,-0.1717338492670026,-0.1442708977819824,0.016854749992489815,0.044244855642318726,0.0,0.0,0.0,0.0
5.690094709396362,-0.3437221050262451,-0.390085905790329,0.0,0.0,-0.0010386499343439937,-0.18959395587444305,0.0,0.0,-0.1717338492670026,-0.1446591796469092,0.02243276685476303,0.04330172389745712,0.0,0.0,0.0,0.0
5.691368579864502,-0.3437221050262451,-0.390085905790329,0.0,0.0,-0.0010386499343439937,-0.18959395587444305,0.0,0.0,-0.1717338492670026,-0.1446591796469092,0.02243276685476303,0.04330172389745712,0.0,0.0,0.0,0.0
5.692634582519531,-0.3437221050262451,-0.390085905790329,0.0,0.0,-0.0010386499343439937,-0.18959395587444305,0.0,0.0,-0.1717338492670026,-0.14480778871707345,0.02243276685476303,0.04353060573339462,0.0,0.0,0.0,0.0
5.693899154663086,-0.3437221050262451,-0.390085905790329,0.0,0.0,-0.0010386499343439937,-0.18959395587444305,0.0,0.0,-0.1717338492670026,-0.14480778871707345,0.02243276685476303,0.04353060573339462,0.0,0.0,0.0,0.0
5.695606470108032,-0.3123626410961151,-0.34246256947517395,0.0,0.0,-0.0009696751367300749,-0.18961291015148163,0.0,0.0,-0.17181055298773473,-0.14473588336764132,0.02243276685476303,0.04144208878278732,0.0,0.0,0.0,0.0
5.696887254714966,-0.3123626410961151,-0.34246256947517395,0.0,0.0,-0.0009696751367300749,-0.18961291015148163,0.0,0.0,-0.17181055298773473,-0.14473588336764132,0.02243276685476303,0.04144208878278732,0.0,0.0,0.0,0.0
5.69817852973938,-0.3123626410961151,-0.34246256947517395,0.0,0.0,-0.0009696751367300749,-0.18961291015148163,0.0,0.0,-0.17191601182623295,-0.14473588336764132,0.02051588147878647,0.04144208878278732,0.0,0.0,0.0,0.0
5.699458837509155,-0.3123626410961151,-0.34246256947517395,0.0,0.0,-0.0009696751367300749,-0.18961291015148163,0.0,0.0,-0.17191601182623295,-0.14473588336764132,0.02051588147878647,0.04144208878278732,0.0,0.0,0.0,0.0
5.700782775878906,-0.3123626410961151,-0.34246256947517395,0.0,0.0,-0.0009696751367300749,-0.18961291015148163,0.0,0.0,-0.17202147066473117,-0.14473588336764132,0.02545890025794506,0.035898227244615555,0.0,0.0,0.0,0.0
5.702174425125122,-0.3123626410961151,-0.34246256947517395,0.0,0.0,-0.0009696751367300749,-0.18961291015148163,0.0,0.0,-0.17202147066473117,-0.14473588336764132,0.02545890025794506,0.035898227244615555,0.0,0.0,0.0,0.0
5.703717231750488,-0.3123626410961151,-0.34246256947517395,0.0,0.0,-0.0009696751367300749,-0.18961291015148163,0.0,0.0,-0.17204064074324188,-0.14473588336764132,0.024800920858979225,0.035898227244615555,0.0,0.0,0.0,0.0
5.705082893371582,-0.3123626410961151,-0.34246256947517395,0.0,0.0,-0.0009696751367300749,-0.18961291015148163,0.0,0.0,-0.17204064074324188,-0.14473588336764132,0.024800920858979225,0.035898227244615555,0.0,0.0,0.0,0.0
5.706447124481201,-0.3240151107311249,-0.26939913630485535,0.0,0.0,-0.000985260121524334,-0.1896541267633438,0.0,0.0,-0.1721508979530401,-0.14487010902725023,0.024657869711518288,0.037500374019145966,0.0,0.0,0.0,0.0
5.707802057266235,-0.3240151107311249,-0.26939913630485535,0.0,0.0,-0.000985260121524334,-0.1896541267633438,0.0,0.0,-0.1721508979530401,-0.14487010902725023,0.024657869711518288,0.037500374019145966,0.0,0.0,0.0,0.0
5.709233283996582,-0.3240151107311249,-0.26939913630485535,0.0,0.0,-0.000985260121524334,-0.1896541267633438,0.0,0.0,-0.1722659535341383,-0.1449851529050038,0.023971183225512505,0.03821562975645065,0.0,0.0,0.0,0.0
5.710637092590332,-0.3240151107311249,-0.26939913630485535,0.0,0.0,-0.000985260121524334,-0.1896541267633438,0.0,0.0,-0.1722659535341383,-0.1449851529050038,0.023971183225512505,0.03821562975645065,0.0,0.0,0.0,0.0
5.711989164352417,-0.3240151107311249,-0.26939913630485535,0.0,0.0,-0.000985260121524334,-0.1896541267633438,0.0,0.0,-0.172452902761324,-0.14507622833294667,0.02892572619020939,0.03323391079902649,0.0,0.0,0.0,0.0
5.713345289230347,-0.3240151107311249,-0.26939913630485535,0.0,0.0,-0.000985260121524334,-0.1896541267633438,0.0,0.0,-0.172452902761324,-0.14507622833294667,0.02892572619020939,0.03323391079902649,0.0,0.0,0.0,0.0
5.714666128158569,-0.3240151107311249,-0.26939913630485535,0.0,0.0,-0.000985260121524334,-0.1896541267633438,0.0,0.0,-0.1726734171809204,-0.14534947802346448,0.02629358507692814,0.035637158900499344,0.0,0.0,0.0,0.0
5.716015815734863,-0.34759965538978577,-0.19193536043167114,0.0,0.0,-0.0010076166363433003,-0.18966613709926605,0.0,0.0,-0.1726734171809204,-0.14534947802346448,0.02629358507692814,0.035637158900499344,0.0,0.0,0.0,0.0
5.717424154281616,-0.34759965538978577,-0.19193536043167114,0.0,0.0,-0.0010076166363433003,-0.18966613709926605,0.0,0.0,-0.17296582524660434,-0.14541658500159663,0.023203721269965172,0.035293836146593094,0.0,0.0,0.0,0.0
5.71876859664917,-0.34759965538978577,-0.19193536043167114,0.0,0.0,-0.0010076166363433003,-0.18966613709926605,0.0,0.0,-0.17296582524660434,-0.14541658500159663,0.023203721269965172,0.035293836146593094,0.0,0.0,0.0,0.0
5.720099449157715,-0.34759965538978577,-0.19193536043167114,0.0,0.0,-0.0010076166363433003,-0.18966613709926605,0.0,0.0,-0.17301856051752576,-0.1454884903510288,0.030553003773093224,0.03014615923166275,0.0,0.0,0.0,0.0
5.7214415073394775,-0.34759965538978577,-0.19193536043167114,0.0,0.0,-0.0010076166363433003,-0.18966613709926605,0.0,0.0,-0.17301856051752576,-0.1454884903510288,0.030553003773093224,0.03014615923166275,0.0,0.0,0.0,0.0
5.722785234451294,-0.34759965538978577,-0.19193536043167114,0.0,0.0,-0.0010076166363433003,-0.18966613709926605,0.0,0.0,-0.1731336043952793,-0.14560833260008235,0.029894953593611717,0.030832776799798012,0.0,0.0,0.0,0.0
5.7241904735565186,-0.34759965538978577,-0.19193536043167114,0.0,0.0,-0.0010076166363433003,-0.18966613709926605,0.0,0.0,-0.1731336043952793,-0.14560833260008235,0.029894953593611717,0.030832776799798012,0.0,0.0,0.0,0.0
5.725855588912964,-0.3239630162715912,-0.09524275362491608,0.0,0.0,-0.000987731502391398,-0.1896858662366867,0.0,0.0,-0.17323906323377752,-0.14622671392386088,0.02923690155148506,0.03890084847807884,0.0,0.0,0.0,0.0
5.7272162437438965,-0.3239630162715912,-0.09524275362491608,0.0,0.0,-0.000987731502391398,-0.1896858662366867,0.0,0.0,-0.17323906323377752,-0.14622671392386088,0.02923690155148506,0.03890084847807884,0.0,0.0,0.0,0.0
5.72887921333313,-0.3239630162715912,-0.09524275362491608,0.0,0.0,-0.000987731502391398,-0.1896858662366867,0.0,0.0,-0.17348354610318467,-0.14626986415552695,0.026919502764940262,0.03606847673654556,0.0,0.0,0.0,0.0
5.730443000793457,-0.3239630162715912,-0.09524275362491608,0.0,0.0,-0.000987731502391398,-0.1896858662366867,0.0,0.0,-0.17360338835223824,-0.14626986415552695,0.03253776580095291,0.028475351631641388,0.0,0.0,0.0,0.0
5.731813907623291,-0.3239630162715912,-0.09524275362491608,0.0,0.0,-0.000987731502391398,-0.1896858662366867,0.0,0.0,-0.17360338835223824,-0.14626986415552695,0.03253776580095291,0.028475351631641388,0.0,0.0,0.0,0.0
5.733182430267334,-0.3239630162715912,-0.09524275362491608,0.0,0.0,-0.000987731502391398,-0.1896858662366867,0.0,0.0,-0.17357462153112752,-0.14626986415552695,0.03356777876615524,0.028475351631641388,0.0,0.0,0.0,0.0
5.734548330307007,-0.3239630162715912,-0.09524275362491608,0.0,0.0,-0.000987731502391398,-0.1896858662366867,0.0,0.0,-0.17357462153112752,-0.14626986415552695,0.03356777876615524,0.028475351631641388,0.0,0.0,0.0,0.0
5.735888242721558,-0.3284752070903778,-0.1305374950170517,0.0,0.0,-0.0009883674792945385,-0.18971243500709534,0.0,0.0,-0.17357462153112752,-0.14626986415552695,0.03356777876615524,0.028475351631641388,0.0,0.0,0.0,0.0
5.737318754196167,-0.3284752070903778,-0.1305374950170517,0.0,0.0,-0.0009883674792945385,-0.18971243500709534,0.0,0.0,-0.17357462153112752,-0.14626986415552695,0.03356777876615524,0.028475351631641388,0.0,0.0,0.0,0.0
5.738673448562622,-0.3284752070903778,-0.1305374950170517,0.0,0.0,-0.0009883674792945385,-0.18971243500709534,0.0,0.0,-0.17357462153112752,-0.14626986415552695,0.03356777876615524,0.028475351631641388,0.0,0.0,0.0,0.0
5.74052882194519,-0.3284752070903778,-0.1305374950170517,0.0,0.0,-0.0009883674792945385,-0.18971243500709534,0.0,0.0,-0.17357462153112752,-0.14626986415552695,0.03912581875920296,0.02291654422879219,0.0,0.0,0.0,0.0
5.741904258728027,-0.3284752070903778,-0.1305374950170517,0.0,0.0,-0.0009883674792945385,-0.18971243500709534,0.0,0.0,-0.17357462153112752,-0.14626986415552695,0.03912581875920296,0.02291654422879219,0.0,0.0,0.0,0.0
5.743265151977539,-0.3284752070903778,-0.1305374950170517,0.0,0.0,-0.0009883674792945385,-0.18971243500709534,0.0,0.0,-0.17357462153112752,-0.14626986415552695,0.03912581875920296,0.02291654422879219,0.0,0.0,0.0,0.0
5.744717597961426,-0.3284752070903778,-0.1305374950170517,0.0,0.0,-0.0009883674792945385,-0.18971243500709534,0.0,0.0,-0.17365612362315966,-0.14626986415552695,0.03912581875920296,0.02291654422879219,0.0,0.0,0.0,0.0
5.746103525161743,-0.31981179118156433,0.005402599927037954,0.0,0.0,-0.0009650104911997914,-0.18978022038936615,0.0,0.0,-0.17365612362315966,-0.14626986415552695,0.03912581875920296,0.02291654422879219,0.0,0.0,0.0,0.0
5.747516870498657,-0.31981179118156433,0.005402599927037954,0.0,0.0,-0.0009650104911997914,-0.18978022038936615,0.0,0.0,-0.1737471990511025,-0.14626986415552695,0.037266138941049576,0.02291654422879219,0.0,0.0,0.0,0.0
5.749319791793823,-0.31981179118156433,0.005402599927037954,0.0,0.0,-0.0009650104911997914,-0.18978022038936615,0.0,0.0,-0.17402043703827572,-0.14643284493290196,0.04224058613181114,0.019201628863811493,0.0,0.0,0.0,0.0
5.750696897506714,-0.31981179118156433,0.005402599927037954,0.0,0.0,-0.0009650104911997914,-0.18978022038936615,0.0,0.0,-0.17402043703827572,-0.14643284493290196,0.04224058613181114,0.019201628863811493,0.0,0.0,0.0,0.0
5.754821300506592,-0.31981179118156433,0.005402599927037954,0.0,0.0,-0.0009650104911997914,-0.18978022038936615,0.0,0.0,-0.1742169830080614,-0.1467779882695073,0.03917929157614708,0.022806502878665924,0.0,0.0,0.0,0.0
5.7612786293029785,-0.3211650550365448,0.03936352953314781,0.0,0.0,-0.0009840789716690779,-0.1898537129163742,0.0,0.0,-0.17461006324428818,-0.14740596633588582,0.038206517696380615,0.02646862529218197,0.0,0.0,0.0,0.0
5.763108968734741,-0.3211650550365448,0.03936352953314781,0.0,0.0,-0.0009840789716690779,-0.1898537129163742,0.0,0.0,-0.174873716192206,-0.1477463230045358,0.04163891077041626,0.022293096408247948,0.0,0.0,0.0,0.0
5.764455556869507,-0.3211650550365448,0.03936352953314781,0.0,0.0,-0.0009840789716690779,-0.1898537129163742,0.0,0.0,-0.174873716192206,-0.1477463230045358,0.04163891077041626,0.022293096408247948,0.0,0.0,0.0,0.0
5.765732526779175,-0.32600241899490356,0.15211579203605652,0.0,0.0,-0.0009867866756394506,-0.18985214829444885,0.0,0.0,-0.1749887600699596,-0.14784219680377866,0.04095222055912018,0.022006981074810028,0.0,0.0,0.0,0.0
5.766995429992676,-0.32600241899490356,0.15211579203605652,0.0,0.0,-0.0009867866756394506,-0.18985214829444885,0.0,0.0,-0.1749887600699596,-0.14784219680377866,0.04095222055912018,0.022006981074810028,0.0,0.0,0.0,0.0
5.7683258056640625,-0.32600241899490356,0.15211579203605652,0.0,0.0,-0.0009867866756394506,-0.18985214829444885,0.0,0.0,-0.17508943224050244,-0.14812981820150722,0.04038001596927643,0.024467505514621735,0.0,0.0,0.0,0.0
5.7696051597595215,-0.32600241899490356,0.15211579203605652,0.0,0.0,-0.0009867866756394506,-0.18985214829444885,0.0,0.0,-0.17508943224050244,-0.14812981820150722,0.04038001596927643,0.024467505514621735,0.0,0.0,0.0,0.0
5.771076202392578,-0.32600241899490356,0.15211579203605652,0.0,0.0,-0.0009867866756394506,-0.18985214829444885,0.0,0.0,-0.17531473332805422,-0.14816815835852865,0.043663959950208664,0.01852276362478733,0.0,0.0,0.0,0.0
5.7724058628082275,-0.32600241899490356,0.15211579203605652,0.0,0.0,-0.0009867866756394506,-0.18985214829444885,0.0,0.0,-0.17531473332805422,-0.14816815835852865,0.043663959950208664,0.01852276362478733,0.0,0.0,0.0,0.0
5.774184942245483,-0.32600241899490356,0.15211579203605652,0.0,0.0,-0.0009867866756394506,-0.18985214829444885,0.0,0.0,-0.1754873108480292,-0.14811063641965186,0.04269124194979668,0.017321133986115456,0.0,0.0,0.0,0.0
5.77544903755188,-0.3224865794181824,0.21540789306163788,0.0,0.0,-0.0009601109777577221,-0.18988510966300964,0.0,0.0,-0.1754873108480292,-0.14811063641965186,0.04269124194979668,0.017321133986115456,0.0,0.0,0.0,0.0
5.778735637664795,-0.3224865794181824,0.21540789306163788,0.0,0.0,-0.0009601109777577221,-0.18988510966300964,0.0,0.0,-0.17541540549859708,-0.14811063641965186,0.044722557067871094,0.017321133986115456,0.0,0.0,0.0,0.0
5.780041217803955,-0.3224865794181824,0.21540789306163788,0.0,0.0,-0.0009601109777577221,-0.18988510966300964,0.0,0.0,-0.17541540549859708,-0.14811063641965186,0.044722557067871094,0.017321133986115456,0.0,0.0,0.0,0.0
5.781566858291626,-0.3224865794181824,0.21540789306163788,0.0,0.0,-0.0009601109777577221,-0.18988510966300964,0.0,0.0,-0.17541540549859708,-0.14811063641965186,0.05028066411614418,0.011761697009205818,0.0,0.0,0.0,0.0
5.78283953666687,-0.3224865794181824,0.21540789306163788,0.0,0.0,-0.0009601109777577221,-0.18988510966300964,0.0,0.0,-0.17541540549859708,-0.14822089362945007,0.05028066411614418,0.013249428011476994,0.0,0.0,0.0,0.0
5.784126281738281,-0.3224865794181824,0.21540789306163788,0.0,0.0,-0.0009601109777577221,-0.18988510966300964,0.0,0.0,-0.17541540549859708,-0.14822089362945007,0.05028066411614418,0.013249428011476994,0.0,0.0,0.0,0.0
5.785411596298218,-0.3275463581085205,0.18673491477966309,0.0,0.0,-0.0009942889446392655,-0.18998825550079346,0.0,0.0,-0.1755688012367167,-0.14832156579999292,0.04853546991944313,0.013821633532643318,0.0,0.0,0.0,0.0
5.786724328994751,-0.3275463581085205,0.18673491477966309,0.0,0.0,-0.0009942889446392655,-0.18998825550079346,0.0,0.0,-0.1755688012367167,-0.14832156579999292,0.04853546991944313,0.013821633532643318,0.0,0.0,0.0,0.0
