condition,depth,resistance,slope
RADLabs26_Feb23_GrafLab_Clay100%_Group9SampleA_Mon_Feb_23_03_41_25_2026,0.0,-1.3408962488174438,4.2779725995743965
RADLabs26_Feb23_GrafLab_Clay100%_Group9SampleA_Mon_Feb_23_03_41_25_2026,0.0,-1.3408962488174438,4.2779725995743965
RADLabs26_Feb23_GrafLab_Clay100%_Group9SampleA_Mon_Feb_23_03_41_25_2026,0.0,-1.3408962488174438,4.2779725995743965
RADLabs26_Feb23_GrafLab_Clay100%_Group9SampleA_Mon_Feb_23_03_41_25_2026,0.0,-1.3408962488174438,4.2779725995743965
RADLabs26_Feb23_GrafLab_Clay100%_Group9SampleA_Mon_Feb_23_03_41_25_2026,0.0005720853805541992,-1.647088646888733,4.2779725995743965
RADLabs26_Feb23_GrafLab_Clay100%_Group9SampleA_Mon_Feb_23_03_41_25_2026,0.0005720853805541992,-1.647088646888733,4.2779725995743965
RADLabs26_Feb23_GrafLab_Clay100%_Group9SampleA_Mon_Feb_23_03_41_25_2026,0.0005720853805541992,-1.647088646888733,4.2779725995743965
RADLabs26_Feb23_GrafLab_Clay100%_Group9SampleA_Mon_Feb_23_03_41_25_2026,0.0005720853805541992,-1.647088646888733,4.2779725995743965
RADLabs26_Feb23_GrafLab_Clay100%_Group9SampleA_Mon_Feb_23_03_41_25_2026,0.0005720853805541992,-1.647088646888733,4.2779725995743965
RADLabs26_Feb23_GrafLab_Clay100%_Group9SampleA_Mon_Feb_23_03_41_25_2026,0.0005338191986083984,-1.2554510831832886,4.2779725995743965
RADLabs26_Feb23_GrafLab_Clay100%_Group9SampleA_Mon_Feb_23_03_41_25_2026,0.0005338191986083984,-1.2554510831832886,4.2779725995743965
RADLabs26_Feb23_GrafLab_Clay100%_Group9SampleA_Mon_Feb_23_03_41_25_2026,0.0005338191986083984,-1.2554510831832886,4.2779725995743965
RADLabs26_Feb23_GrafLab_Clay100%_Group9SampleA_Mon_Feb_23_03_41_25_2026,0.0005338191986083984,-1.2554510831832886,4.2779725995743965
RADLabs26_Feb23_GrafLab_Clay100%_Group9SampleA_Mon_Feb_23_03_41_25_2026,0.0005338191986083984,-1.2554510831832886,4.2779725995743965
RADLabs26_Feb23_GrafLab_Clay100%_Group9SampleA_Mon_Feb_23_03_41_25_2026,0.00029172003269190006,-0.9094769954681396,4.2779725995743965
RADLabs26_Feb23_GrafLab_Clay100%_Group9SampleA_Mon_Feb_23_03_41_25_2026,0.00029172003269190006,-0.9094769954681396,4.2779725995743965
RADLabs26_Feb23_GrafLab_Clay100%_Group9SampleA_Mon_Feb_23_03_41_25_2026,0.00029172003269190006,-0.9094769954681396,4.2779725995743965
RADLabs26_Feb23_GrafLab_Clay100%_Group9SampleA_Mon_Feb_23_03_41_25_2026,0.00029172003269190006,-0.9094769954681396,4.2779725995743965
RADLabs26_Feb23_GrafLab_Clay100%_Group9SampleA_Mon_Feb_23_03_41_25_2026,0.00029172003269190006,-0.9094769954681396,4.2779725995743965
RADLabs26_Feb23_GrafLab_Clay100%_Group9SampleA_Mon_Feb_23_03_41_25_2026,0.00029172003269190006,-0.9094769954681396,4.2779725995743965
RADLabs26_Feb23_GrafLab_Clay100%_Group9SampleA_Mon_Feb_23_03_41_25_2026,0.00041925907135009766,-1.099012851715088,4.2779725995743965
RADLabs26_Feb23_GrafLab_Clay100%_Group9SampleA_Mon_Feb_23_03_41_25_2026,0.00041925907135009766,-1.099012851715088,4.2779725995743965
RADLabs26_Feb23_GrafLab_Clay100%_Group9SampleA_Mon_Feb_23_03_41_25_2026,0.00041925907135009766,-1.099012851715088,4.2779725995743965
RADLabs26_Feb23_GrafLab_Clay100%_Group9SampleA_Mon_Feb_23_03_41_25_2026,0.00041925907135009766,-1.099012851715088,4.2779725995743965
RADLabs26_Feb23_GrafLab_Clay100%_Group9SampleA_Mon_Feb_23_03_41_25_2026,0.00041925907135009766,-1.099012851715088,4.2779725995743965
RADLabs26_Feb23_GrafLab_Clay100%_Group9SampleA_Mon_Feb_23_03_41_25_2026,0.00041925907135009766,-1.099012851715088,4.2779725995743965
RADLabs26_Feb23_GrafLab_Clay100%_Group9SampleA_Mon_Feb_23_03_41_25_2026,0.0006430596113204956,-1.1872444152832031,4.2779725995743965
RADLabs26_Feb23_GrafLab_Clay100%_Group9SampleA_Mon_Feb_23_03_41_25_2026,0.0006430596113204956,-1.1872444152832031,4.2779725995743965
RADLabs26_Feb23_GrafLab_Clay100%_Group9SampleA_Mon_Feb_23_03_41_25_2026,0.0006430596113204956,-1.1872444152832031,4.2779725995743965
RADLabs26_Feb23_GrafLab_Clay100%_Group9SampleA_Mon_Feb_23_03_41_25_2026,0.0006430596113204956,-1.1872444152832031,4.2779725995743965
RADLabs26_Feb23_GrafLab_Clay100%_Group9SampleA_Mon_Feb_23_03_41_25_2026,0.0006430596113204956,-1.1872444152832031,4.2779725995743965
RADLabs26_Feb23_GrafLab_Clay100%_Group9SampleA_Mon_Feb_23_03_41_25_2026,0.0006430596113204956,-1.1872444152832031,4.2779725995743965
RADLabs26_Feb23_GrafLab_Clay100%_Group9SampleA_Mon_Feb_23_03_41_25_2026,0.0006430596113204956,-1.1872444152832031,4.2779725995743965
RADLabs26_Feb23_GrafLab_Clay100%_Group9SampleA_Mon_Feb_23_03_41_25_2026,0.0005800276994704923,-0.9025796055793762,4.2779725995743965
RADLabs26_Feb23_GrafLab_Clay100%_Group9SampleA_Mon_Feb_23_03_41_25_2026,0.0005800276994704923,-0.9025796055793762,4.2779725995743965
RADLabs26_Feb23_GrafLab_Clay100%_Group9SampleA_Mon_Feb_23_03_41_25_2026,0.0005800276994704923,-0.9025796055793762,4.2779725995743965
RADLabs26_Feb23_GrafLab_Clay100%_Group9SampleA_Mon_Feb_23_03_41_25_2026,0.0005800276994704923,-0.9025796055793762,4.2779725995743965
RADLabs26_Feb23_GrafLab_Clay100%_Group9SampleA_Mon_Feb_23_03_41_25_2026,0.0005800276994704923,-0.9025796055793762,4.2779725995743965
RADLabs26_Feb23_GrafLab_Clay100%_Group9SampleA_Mon_Feb_23_03_41_25_2026,0.0005800276994704923,-0.9025796055793762,4.2779725995743965
RADLabs26_Feb23_GrafLab_Clay100%_Group9SampleA_Mon_Feb_23_03_41_25_2026,0.0005800276994704923,-0.9025796055793762,4.2779725995743965
RADLabs26_Feb23_GrafLab_Clay100%_Group9SampleA_Mon_Feb_23_03_41_25_2026,0.0005093514919281006,-0.7618677020072937,4.2779725995743965
RADLabs26_Feb23_GrafLab_Clay100%_Group9SampleA_Mon_Feb_23_03_41_25_2026,0.0005093514919281006,-0.7618677020072937,4.2779725995743965
RADLabs26_Feb23_GrafLab_Clay100%_Group9SampleA_Mon_Feb_23_03_41_25_2026,0.0005093514919281006,-0.7618677020072937,4.2779725995743965
RADLabs26_Feb23_GrafLab_Clay100%_Group9SampleA_Mon_Feb_23_03_41_25_2026,0.0005093514919281006,-0.7618677020072937,4.2779725995743965
RADLabs26_Feb23_GrafLab_Clay100%_Group9SampleA_Mon_Feb_23_03_41_25_2026,0.0005093514919281006,-0.7618677020072937,4.2779725995743965
RADLabs26_Feb23_GrafLab_Clay100%_Group9SampleA_Mon_Feb_23_03_41_25_2026,0.0005093514919281006,-0.7618677020072937,4.2779725995743965
RADLabs26_Feb23_GrafLab_Clay100%_Group9SampleA_Mon_Feb_23_03_41_25_2026,0.0005093514919281006,-0.7618677020072937,4.2779725995743965
RADLabs26_Feb23_GrafLab_Clay100%_Group9SampleA_Mon_Feb_23_03_41_25_2026,0.0005784779787063044,-0.7557653188705444,4.2779725995743965
RADLabs26_Feb23_GrafLab_Clay100%_Group9SampleA_Mon_Feb_23_03_41_25_2026,0.0005784779787063044,-0.7557653188705444,4.2779725995743965
RADLabs26_Feb23_GrafLab_Clay100%_Group9SampleA_Mon_Feb_23_03_41_25_2026,0.0005784779787063044,-0.7557653188705444,4.2779725995743965
RADLabs26_Feb23_GrafLab_Clay100%_Group9SampleA_Mon_Feb_23_03_41_25_2026,0.0005784779787063044,-0.7557653188705444,4.2779725995743965
RADLabs26_Feb23_GrafLab_Clay100%_Group9SampleA_Mon_Feb_23_03_41_25_2026,0.0005784779787063044,-0.7557653188705444,4.2779725995743965
RADLabs26_Feb23_GrafLab_Clay100%_Group9SampleA_Mon_Feb_23_03_41_25_2026,0.0005784779787063044,-0.7557653188705444,4.2779725995743965
RADLabs26_Feb23_GrafLab_Clay100%_Group9SampleA_Mon_Feb_23_03_41_25_2026,0.0006765872240065973,-0.7621915340423584,4.2779725995743965
RADLabs26_Feb23_GrafLab_Clay100%_Group9SampleA_Mon_Feb_23_03_41_25_2026,0.0006765872240065973,-0.7621915340423584,4.2779725995743965
RADLabs26_Feb23_GrafLab_Clay100%_Group9SampleA_Mon_Feb_23_03_41_25_2026,0.0006765872240065973,-0.7621915340423584,4.2779725995743965
RADLabs26_Feb23_GrafLab_Clay100%_Group9SampleA_Mon_Feb_23_03_41_25_2026,0.0006765872240065973,-0.7621915340423584,4.2779725995743965
RADLabs26_Feb23_GrafLab_Clay100%_Group9SampleA_Mon_Feb_23_03_41_25_2026,0.0006765872240065973,-0.7621915340423584,4.2779725995743965
RADLabs26_Feb23_GrafLab_Clay100%_Group9SampleA_Mon_Feb_23_03_41_25_2026,0.000666856765746987,-0.5969147086143494,4.2779725995743965
RADLabs26_Feb23_GrafLab_Clay100%_Group9SampleA_Mon_Feb_23_03_41_25_2026,0.000666856765746987,-0.5969147086143494,4.2779725995743965
RADLabs26_Feb23_GrafLab_Clay100%_Group9SampleA_Mon_Feb_23_03_41_25_2026,0.000666856765746987,-0.5969147086143494,4.2779725995743965
RADLabs26_Feb23_GrafLab_Clay100%_Group9SampleA_Mon_Feb_23_03_41_25_2026,0.000666856765746987,-0.5969147086143494,4.2779725995743965
RADLabs26_Feb23_GrafLab_Clay100%_Group9SampleA_Mon_Feb_23_03_41_25_2026,0.000666856765746987,-0.5969147086143494,4.2779725995743965
RADLabs26_Feb23_GrafLab_Clay100%_Group9SampleA_Mon_Feb_23_03_41_25_2026,0.00066414475440979,-0.5067884922027588,4.2779725995743965
RADLabs26_Feb23_GrafLab_Clay100%_Group9SampleA_Mon_Feb_23_03_41_25_2026,0.00066414475440979,-0.5067884922027588,4.2779725995743965
RADLabs26_Feb23_GrafLab_Clay100%_Group9SampleA_Mon_Feb_23_03_41_25_2026,0.00066414475440979,-0.5067884922027588,4.2779725995743965
RADLabs26_Feb23_GrafLab_Clay100%_Group9SampleA_Mon_Feb_23_03_41_25_2026,0.00066414475440979,-0.5067884922027588,4.2779725995743965
RADLabs26_Feb23_GrafLab_Clay100%_Group9SampleA_Mon_Feb_23_03_41_25_2026,0.00066414475440979,-0.5067884922027588,4.2779725995743965
RADLabs26_Feb23_GrafLab_Clay100%_Group9SampleA_Mon_Feb_23_03_41_25_2026,0.000698357820510781,-0.4649348258972168,4.2779725995743965
RADLabs26_Feb23_GrafLab_Clay100%_Group9SampleA_Mon_Feb_23_03_41_25_2026,0.000698357820510781,-0.4649348258972168,4.2779725995743965
RADLabs26_Feb23_GrafLab_Clay100%_Group9SampleA_Mon_Feb_23_03_41_25_2026,0.000698357820510781,-0.4649348258972168,4.2779725995743965
RADLabs26_Feb23_GrafLab_Clay100%_Group9SampleA_Mon_Feb_23_03_41_25_2026,0.000698357820510781,-0.4649348258972168,4.2779725995743965
RADLabs26_Feb23_GrafLab_Clay100%_Group9SampleA_Mon_Feb_23_03_41_25_2026,0.000698357820510781,-0.4649348258972168,4.2779725995743965
RADLabs26_Feb23_GrafLab_Clay100%_Group9SampleA_Mon_Feb_23_03_41_25_2026,0.000698357820510781,-0.4649348258972168,4.2779725995743965
RADLabs26_Feb23_GrafLab_Clay100%_Group9SampleA_Mon_Feb_23_03_41_25_2026,0.0007495731115340909,-0.4056392014026642,4.2779725995743965
RADLabs26_Feb23_GrafLab_Clay100%_Group9SampleA_Mon_Feb_23_03_41_25_2026,0.0007495731115340909,-0.4056392014026642,4.2779725995743965
RADLabs26_Feb23_GrafLab_Clay100%_Group9SampleA_Mon_Feb_23_03_41_25_2026,0.0007495731115340909,-0.4056392014026642,4.2779725995743965
RADLabs26_Feb23_GrafLab_Clay100%_Group9SampleA_Mon_Feb_23_03_41_25_2026,0.0007495731115340909,-0.4056392014026642,4.2779725995743965
RADLabs26_Feb23_GrafLab_Clay100%_Group9SampleA_Mon_Feb_23_03_41_25_2026,0.0007495731115340909,-0.4056392014026642,4.2779725995743965
RADLabs26_Feb23_GrafLab_Clay100%_Group9SampleA_Mon_Feb_23_03_41_25_2026,0.0007495731115340909,-0.4056392014026642,4.2779725995743965
RADLabs26_Feb23_GrafLab_Clay100%_Group9SampleA_Mon_Feb_23_03_41_25_2026,0.0007495731115340909,-0.4056392014026642,4.2779725995743965
RADLabs26_Feb23_GrafLab_Clay100%_Group9SampleA_Mon_Feb_23_03_41_25_2026,0.0007498711347579956,-0.2860867977142334,4.2779725995743965
RADLabs26_Feb23_GrafLab_Clay100%_Group9SampleA_Mon_Feb_23_03_41_25_2026,0.0007498711347579956,-0.2860867977142334,4.2779725995743965
RADLabs26_Feb23_GrafLab_Clay100%_Group9SampleA_Mon_Feb_23_03_41_25_2026,0.0007498711347579956,-0.2860867977142334,4.2779725995743965
RADLabs26_Feb23_GrafLab_Clay100%_Group9SampleA_Mon_Feb_23_03_41_25_2026,0.0007498711347579956,-0.2860867977142334,4.2779725995743965
RADLabs26_Feb23_GrafLab_Clay100%_Group9SampleA_Mon_Feb_23_03_41_25_2026,0.0007498711347579956,-0.2860867977142334,4.2779725995743965
RADLabs26_Feb23_GrafLab_Clay100%_Group9SampleA_Mon_Feb_23_03_41_25_2026,0.0007498711347579956,-0.2860867977142334,4.2779725995743965
RADLabs26_Feb23_GrafLab_Clay100%_Group9SampleA_Mon_Feb_23_03_41_25_2026,0.0007630586624144953,-0.2024820446968078,4.2779725995743965
RADLabs26_Feb23_GrafLab_Clay100%_Group9SampleA_Mon_Feb_23_03_41_25_2026,0.0007630586624144953,-0.2024820446968078,4.2779725995743965
RADLabs26_Feb23_GrafLab_Clay100%_Group9SampleA_Mon_Feb_23_03_41_25_2026,0.0007630586624144953,-0.2024820446968078,4.2779725995743965
RADLabs26_Feb23_GrafLab_Clay100%_Group9SampleA_Mon_Feb_23_03_41_25_2026,0.0007630586624144953,-0.2024820446968078,4.2779725995743965
RADLabs26_Feb23_GrafLab_Clay100%_Group9SampleA_Mon_Feb_23_03_41_25_2026,0.0007630586624144953,-0.2024820446968078,4.2779725995743965
RADLabs26_Feb23_GrafLab_Clay100%_Group9SampleA_Mon_Feb_23_03_41_25_2026,0.0007908344268798828,-0.1271926462650299,4.2779725995743965
RADLabs26_Feb23_GrafLab_Clay100%_Group9SampleA_Mon_Feb_23_03_41_25_2026,0.0007908344268798828,-0.1271926462650299,4.2779725995743965
RADLabs26_Feb23_GrafLab_Clay100%_Group9SampleA_Mon_Feb_23_03_41_25_2026,0.0007908344268798828,-0.1271926462650299,4.2779725995743965
RADLabs26_Feb23_GrafLab_Clay100%_Group9SampleA_Mon_Feb_23_03_41_25_2026,0.0007908344268798828,-0.1271926462650299,4.2779725995743965
RADLabs26_Feb23_GrafLab_Clay100%_Group9SampleA_Mon_Feb_23_03_41_25_2026,0.0007908344268798828,-0.1271926462650299,4.2779725995743965
RADLabs26_Feb23_GrafLab_Clay100%_Group9SampleA_Mon_Feb_23_03_41_25_2026,0.0007908344268798828,-0.1271926462650299,4.2779725995743965
RADLabs26_Feb23_GrafLab_Clay100%_Group9SampleA_Mon_Feb_23_03_41_25_2026,0.0008555203676222922,-0.104422889649868,4.2779725995743965
RADLabs26_Feb23_GrafLab_Clay100%_Group9SampleA_Mon_Feb_23_03_41_25_2026,0.0008555203676222922,-0.104422889649868,4.2779725995743965
RADLabs26_Feb23_GrafLab_Clay100%_Group9SampleA_Mon_Feb_23_03_41_25_2026,0.0008555203676222922,-0.104422889649868,4.2779725995743965
RADLabs26_Feb23_GrafLab_Clay100%_Group9SampleA_Mon_Feb_23_03_41_25_2026,0.0008555203676222922,-0.104422889649868,4.2779725995743965
RADLabs26_Feb23_GrafLab_Clay100%_Group9SampleA_Mon_Feb_23_03_41_25_2026,0.0009004324674606046,-0.0474947094917297,4.2779725995743965
RADLabs26_Feb23_GrafLab_Clay100%_Group9SampleA_Mon_Feb_23_03_41_25_2026,0.0009004324674606046,-0.0474947094917297,4.2779725995743965
RADLabs26_Feb23_GrafLab_Clay100%_Group9SampleA_Mon_Feb_23_03_41_25_2026,0.0009004324674606046,-0.0474947094917297,4.2779725995743965
RADLabs26_Feb23_GrafLab_Clay100%_Group9SampleA_Mon_Feb_23_03_41_25_2026,0.0009004324674606046,-0.0474947094917297,4.2779725995743965
RADLabs26_Feb23_GrafLab_Clay100%_Group9SampleA_Mon_Feb_23_03_41_25_2026,0.0009481757879256925,-0.0049749994650483,4.2779725995743965
RADLabs26_Feb23_GrafLab_Clay100%_Group9SampleA_Mon_Feb_23_03_41_25_2026,0.0009481757879256925,-0.0049749994650483,4.2779725995743965
RADLabs26_Feb23_GrafLab_Clay100%_Group9SampleA_Mon_Feb_23_03_41_25_2026,0.0009481757879256925,-0.0049749994650483,4.2779725995743965
RADLabs26_Feb23_GrafLab_Clay100%_Group9SampleA_Mon_Feb_23_03_41_25_2026,0.0009481757879256925,-0.0049749994650483,4.2779725995743965
RADLabs26_Feb23_GrafLab_Clay100%_Group9SampleA_Mon_Feb_23_03_41_25_2026,0.0009760409593581876,0.0975264981389045,4.2779725995743965
RADLabs26_Feb23_GrafLab_Clay100%_Group9SampleA_Mon_Feb_23_03_41_25_2026,0.0009760409593581876,0.0975264981389045,4.2779725995743965
RADLabs26_Feb23_GrafLab_Clay100%_Group9SampleA_Mon_Feb_23_03_41_25_2026,0.0009760409593581876,0.0975264981389045,4.2779725995743965
RADLabs26_Feb23_GrafLab_Clay100%_Group9SampleA_Mon_Feb_23_03_41_25_2026,0.0009760409593581876,0.0975264981389045,4.2779725995743965
RADLabs26_Feb23_GrafLab_Clay100%_Group9SampleA_Mon_Feb_23_03_41_25_2026,0.0009760409593581876,0.0975264981389045,4.2779725995743965
RADLabs26_Feb23_GrafLab_Clay100%_Group9SampleA_Mon_Feb_23_03_41_25_2026,0.0010372698307036798,0.1165591776371002,4.2779725995743965
RADLabs26_Feb23_GrafLab_Clay100%_Group9SampleA_Mon_Feb_23_03_41_25_2026,0.0010372698307036798,0.1165591776371002,4.2779725995743965
RADLabs26_Feb23_GrafLab_Clay100%_Group9SampleA_Mon_Feb_23_03_41_25_2026,0.0010372698307036798,0.1165591776371002,4.2779725995743965
RADLabs26_Feb23_GrafLab_Clay100%_Group9SampleA_Mon_Feb_23_03_41_25_2026,0.0010372698307036798,0.1165591776371002,4.2779725995743965
RADLabs26_Feb23_GrafLab_Clay100%_Group9SampleA_Mon_Feb_23_03_41_25_2026,0.0010372698307036798,0.1165591776371002,4.2779725995743965
RADLabs26_Feb23_GrafLab_Clay100%_Group9SampleA_Mon_Feb_23_03_41_25_2026,0.0010372698307036798,0.1165591776371002,4.2779725995743965
RADLabs26_Feb23_GrafLab_Clay100%_Group9SampleA_Mon_Feb_23_03_41_25_2026,0.0011161118745803833,0.1494854241609573,4.2779725995743965
RADLabs26_Feb23_GrafLab_Clay100%_Group9SampleA_Mon_Feb_23_03_41_25_2026,0.0011161118745803833,0.1494854241609573,4.2779725995743965
RADLabs26_Feb23_GrafLab_Clay100%_Group9SampleA_Mon_Feb_23_03_41_25_2026,0.0011161118745803833,0.1494854241609573,4.2779725995743965
RADLabs26_Feb23_GrafLab_Clay100%_Group9SampleA_Mon_Feb_23_03_41_25_2026,0.0011161118745803833,0.1494854241609573,4.2779725995743965
RADLabs26_Feb23_GrafLab_Clay100%_Group9SampleA_Mon_Feb_23_03_41_25_2026,0.0011161118745803833,0.1494854241609573,4.2779725995743965
RADLabs26_Feb23_GrafLab_Clay100%_Group9SampleA_Mon_Feb_23_03_41_25_2026,0.0012381225824355802,0.0769411548972129,4.2779725995743965
RADLabs26_Feb23_GrafLab_Clay100%_Group9SampleA_Mon_Feb_23_03_41_25_2026,0.0012381225824355802,0.0769411548972129,4.2779725995743965
RADLabs26_Feb23_GrafLab_Clay100%_Group9SampleA_Mon_Feb_23_03_41_25_2026,0.0012381225824355802,0.0769411548972129,4.2779725995743965
RADLabs26_Feb23_GrafLab_Clay100%_Group9SampleA_Mon_Feb_23_03_41_25_2026,0.0012381225824355802,0.0769411548972129,4.2779725995743965
RADLabs26_Feb23_GrafLab_Clay100%_Group9SampleA_Mon_Feb_23_03_41_25_2026,0.0013135969638823908,0.1254960149526596,4.2779725995743965
RADLabs26_Feb23_GrafLab_Clay100%_Group9SampleA_Mon_Feb_23_03_41_25_2026,0.0013135969638823908,0.1254960149526596,4.2779725995743965
RADLabs26_Feb23_GrafLab_Clay100%_Group9SampleA_Mon_Feb_23_03_41_25_2026,0.0013135969638823908,0.1254960149526596,4.2779725995743965
RADLabs26_Feb23_GrafLab_Clay100%_Group9SampleA_Mon_Feb_23_03_41_25_2026,0.0013135969638823908,0.1254960149526596,4.2779725995743965
RADLabs26_Feb23_GrafLab_Clay100%_Group9SampleA_Mon_Feb_23_03_41_25_2026,0.0014197379350661954,0.12001284211874,4.2779725995743965
RADLabs26_Feb23_GrafLab_Clay100%_Group9SampleA_Mon_Feb_23_03_41_25_2026,0.0014197379350661954,0.12001284211874,4.2779725995743965
RADLabs26_Feb23_GrafLab_Clay100%_Group9SampleA_Mon_Feb_23_03_41_25_2026,0.0014197379350661954,0.12001284211874,4.2779725995743965
RADLabs26_Feb23_GrafLab_Clay100%_Group9SampleA_Mon_Feb_23_03_41_25_2026,0.0014197379350661954,0.12001284211874,4.2779725995743965
RADLabs26_Feb23_GrafLab_Clay100%_Group9SampleA_Mon_Feb_23_03_41_25_2026,0.0014197379350661954,0.12001284211874,4.2779725995743965
RADLabs26_Feb23_GrafLab_Clay100%_Group9SampleA_Mon_Feb_23_03_41_25_2026,0.0015960931777953824,0.0218725111335515,4.2779725995743965
RADLabs26_Feb23_GrafLab_Clay100%_Group9SampleA_Mon_Feb_23_03_41_25_2026,0.0015960931777953824,0.0218725111335515,4.2779725995743965
RADLabs26_Feb23_GrafLab_Clay100%_Group9SampleA_Mon_Feb_23_03_41_25_2026,0.0015960931777953824,0.0218725111335515,4.2779725995743965
RADLabs26_Feb23_GrafLab_Clay100%_Group9SampleA_Mon_Feb_23_03_41_25_2026,0.0015960931777953824,0.0218725111335515,4.2779725995743965
RADLabs26_Feb23_GrafLab_Clay100%_Group9SampleA_Mon_Feb_23_03_41_25_2026,0.0015960931777953824,0.0218725111335515,4.2779725995743965
RADLabs26_Feb23_GrafLab_Clay100%_Group9SampleA_Mon_Feb_23_03_41_25_2026,0.0015960931777953824,0.0218725111335515,4.2779725995743965
RADLabs26_Feb23_GrafLab_Clay100%_Group9SampleA_Mon_Feb_23_03_41_25_2026,0.0019473284482955933,-0.3108689785003662,4.2779725995743965
RADLabs26_Feb23_GrafLab_Clay100%_Group9SampleA_Mon_Feb_23_03_41_25_2026,0.0019473284482955933,-0.3108689785003662,4.2779725995743965
RADLabs26_Feb23_GrafLab_Clay100%_Group9SampleA_Mon_Feb_23_03_41_25_2026,0.0019473284482955933,-0.3108689785003662,4.2779725995743965
RADLabs26_Feb23_GrafLab_Clay100%_Group9SampleA_Mon_Feb_23_03_41_25_2026,0.0019473284482955933,-0.3108689785003662,4.2779725995743965
RADLabs26_Feb23_GrafLab_Clay100%_Group9SampleA_Mon_Feb_23_03_41_25_2026,0.002397909760475103,-0.7655101418495178,4.2779725995743965
RADLabs26_Feb23_GrafLab_Clay100%_Group9SampleA_Mon_Feb_23_03_41_25_2026,0.002397909760475103,-0.7655101418495178,4.2779725995743965
RADLabs26_Feb23_GrafLab_Clay100%_Group9SampleA_Mon_Feb_23_03_41_25_2026,0.002397909760475103,-0.7655101418495178,4.2779725995743965
RADLabs26_Feb23_GrafLab_Clay100%_Group9SampleA_Mon_Feb_23_03_41_25_2026,0.002397909760475103,-0.7655101418495178,4.2779725995743965
RADLabs26_Feb23_GrafLab_Clay100%_Group9SampleA_Mon_Feb_23_03_41_25_2026,0.002397909760475103,-0.7655101418495178,4.2779725995743965
RADLabs26_Feb23_GrafLab_Clay100%_Group9SampleA_Mon_Feb_23_03_41_25_2026,0.002397909760475103,-0.7655101418495178,4.2779725995743965
RADLabs26_Feb23_GrafLab_Clay100%_Group9SampleA_Mon_Feb_23_03_41_25_2026,0.003138229250907898,-1.4626543521881104,4.2779725995743965
RADLabs26_Feb23_GrafLab_Clay100%_Group9SampleA_Mon_Feb_23_03_41_25_2026,0.003138229250907898,-1.4626543521881104,4.2779725995743965
RADLabs26_Feb23_GrafLab_Clay100%_Group9SampleA_Mon_Feb_23_03_41_25_2026,0.003138229250907898,-1.4626543521881104,4.2779725995743965
RADLabs26_Feb23_GrafLab_Clay100%_Group9SampleA_Mon_Feb_23_03_41_25_2026,0.003138229250907898,-1.4626543521881104,4.2779725995743965
RADLabs26_Feb23_GrafLab_Clay100%_Group9SampleA_Mon_Feb_23_03_41_25_2026,0.0033748745918273926,-1.3743208646774292,4.2779725995743965
RADLabs26_Feb23_GrafLab_Clay100%_Group9SampleA_Mon_Feb_23_03_41_25_2026,0.0033748745918273926,-1.3743208646774292,4.2779725995743965
RADLabs26_Feb23_GrafLab_Clay100%_Group9SampleA_Mon_Feb_23_03_41_25_2026,0.0033748745918273926,-1.3743208646774292,4.2779725995743965
RADLabs26_Feb23_GrafLab_Clay100%_Group9SampleA_Mon_Feb_23_03_41_25_2026,0.0033748745918273926,-1.3743208646774292,4.2779725995743965
RADLabs26_Feb23_GrafLab_Clay100%_Group9SampleA_Mon_Feb_23_03_41_25_2026,0.0033748745918273926,-1.3743208646774292,4.2779725995743965
RADLabs26_Feb23_GrafLab_Clay100%_Group9SampleA_Mon_Feb_23_03_41_25_2026,0.0031166821718215942,-0.8468862771987915,4.2779725995743965
RADLabs26_Feb23_GrafLab_Clay100%_Group9SampleA_Mon_Feb_23_03_41_25_2026,0.0031166821718215942,-0.8468862771987915,4.2779725995743965
RADLabs26_Feb23_GrafLab_Clay100%_Group9SampleA_Mon_Feb_23_03_41_25_2026,0.0031166821718215942,-0.8468862771987915,4.2779725995743965
RADLabs26_Feb23_GrafLab_Clay100%_Group9SampleA_Mon_Feb_23_03_41_25_2026,0.0031166821718215942,-0.8468862771987915,4.2779725995743965
RADLabs26_Feb23_GrafLab_Clay100%_Group9SampleA_Mon_Feb_23_03_41_25_2026,0.0031166821718215942,-0.8468862771987915,4.2779725995743965
RADLabs26_Feb23_GrafLab_Clay100%_Group9SampleA_Mon_Feb_23_03_41_25_2026,0.0030073523521423062,-0.7359461188316345,4.2779725995743965
RADLabs26_Feb23_GrafLab_Clay100%_Group9SampleA_Mon_Feb_23_03_41_25_2026,0.0030073523521423062,-0.7359461188316345,4.2779725995743965
RADLabs26_Feb23_GrafLab_Clay100%_Group9SampleA_Mon_Feb_23_03_41_25_2026,0.0030073523521423062,-0.7359461188316345,4.2779725995743965
RADLabs26_Feb23_GrafLab_Clay100%_Group9SampleA_Mon_Feb_23_03_41_25_2026,0.0030073523521423062,-0.7359461188316345,4.2779725995743965
RADLabs26_Feb23_GrafLab_Clay100%_Group9SampleA_Mon_Feb_23_03_41_25_2026,0.0030073523521423062,-0.7359461188316345,4.2779725995743965
RADLabs26_Feb23_GrafLab_Clay100%_Group9SampleA_Mon_Feb_23_03_41_25_2026,0.003197461366653387,-0.9295441508293152,4.2779725995743965
RADLabs26_Feb23_GrafLab_Clay100%_Group9SampleA_Mon_Feb_23_03_41_25_2026,0.003197461366653387,-0.9295441508293152,4.2779725995743965
RADLabs26_Feb23_GrafLab_Clay100%_Group9SampleA_Mon_Feb_23_03_41_25_2026,0.003197461366653387,-0.9295441508293152,4.2779725995743965
RADLabs26_Feb23_GrafLab_Clay100%_Group9SampleA_Mon_Feb_23_03_41_25_2026,0.003197461366653387,-0.9295441508293152,4.2779725995743965
RADLabs26_Feb23_GrafLab_Clay100%_Group9SampleA_Mon_Feb_23_03_41_25_2026,0.003197461366653387,-0.9295441508293152,4.2779725995743965
RADLabs26_Feb23_GrafLab_Clay100%_Group9SampleA_Mon_Feb_23_03_41_25_2026,0.003197461366653387,-0.9295441508293152,4.2779725995743965
RADLabs26_Feb23_GrafLab_Clay100%_Group9SampleA_Mon_Feb_23_03_41_25_2026,0.003282591700553894,-0.9694539308547974,4.2779725995743965
RADLabs26_Feb23_GrafLab_Clay100%_Group9SampleA_Mon_Feb_23_03_41_25_2026,0.003282591700553894,-0.9694539308547974,4.2779725995743965
RADLabs26_Feb23_GrafLab_Clay100%_Group9SampleA_Mon_Feb_23_03_41_25_2026,0.003282591700553894,-0.9694539308547974,4.2779725995743965
RADLabs26_Feb23_GrafLab_Clay100%_Group9SampleA_Mon_Feb_23_03_41_25_2026,0.003282591700553894,-0.9694539308547974,4.2779725995743965
RADLabs26_Feb23_GrafLab_Clay100%_Group9SampleA_Mon_Feb_23_03_41_25_2026,0.0032221525907515924,-0.7286445498466492,4.2779725995743965
RADLabs26_Feb23_GrafLab_Clay100%_Group9SampleA_Mon_Feb_23_03_41_25_2026,0.0032221525907515924,-0.7286445498466492,4.2779725995743965
RADLabs26_Feb23_GrafLab_Clay100%_Group9SampleA_Mon_Feb_23_03_41_25_2026,0.0032221525907515924,-0.7286445498466492,4.2779725995743965
RADLabs26_Feb23_GrafLab_Clay100%_Group9SampleA_Mon_Feb_23_03_41_25_2026,0.0032221525907515924,-0.7286445498466492,4.2779725995743965
RADLabs26_Feb23_GrafLab_Clay100%_Group9SampleA_Mon_Feb_23_03_41_25_2026,0.0032221525907515924,-0.7286445498466492,4.2779725995743965
RADLabs26_Feb23_GrafLab_Clay100%_Group9SampleA_Mon_Feb_23_03_41_25_2026,0.0032221525907515924,-0.7286445498466492,4.2779725995743965
RADLabs26_Feb23_GrafLab_Clay100%_Group9SampleA_Mon_Feb_23_03_41_25_2026,0.003195226192474282,-0.542485237121582,4.2779725995743965
RADLabs26_Feb23_GrafLab_Clay100%_Group9SampleA_Mon_Feb_23_03_41_25_2026,0.003195226192474282,-0.542485237121582,4.2779725995743965
RADLabs26_Feb23_GrafLab_Clay100%_Group9SampleA_Mon_Feb_23_03_41_25_2026,0.003195226192474282,-0.542485237121582,4.2779725995743965
RADLabs26_Feb23_GrafLab_Clay100%_Group9SampleA_Mon_Feb_23_03_41_25_2026,0.003195226192474282,-0.542485237121582,4.2779725995743965
RADLabs26_Feb23_GrafLab_Clay100%_Group9SampleA_Mon_Feb_23_03_41_25_2026,0.0033057779073714932,-0.7020336985588074,4.2779725995743965
RADLabs26_Feb23_GrafLab_Clay100%_Group9SampleA_Mon_Feb_23_03_41_25_2026,0.0033057779073714932,-0.7020336985588074,4.2779725995743965
RADLabs26_Feb23_GrafLab_Clay100%_Group9SampleA_Mon_Feb_23_03_41_25_2026,0.0033057779073714932,-0.7020336985588074,4.2779725995743965
RADLabs26_Feb23_GrafLab_Clay100%_Group9SampleA_Mon_Feb_23_03_41_25_2026,0.0033057779073714932,-0.7020336985588074,4.2779725995743965
RADLabs26_Feb23_GrafLab_Clay100%_Group9SampleA_Mon_Feb_23_03_41_25_2026,0.0033057779073714932,-0.7020336985588074,4.2779725995743965
RADLabs26_Feb23_GrafLab_Clay100%_Group9SampleA_Mon_Feb_23_03_41_25_2026,0.0033572614192961814,-0.606214702129364,4.2779725995743965
RADLabs26_Feb23_GrafLab_Clay100%_Group9SampleA_Mon_Feb_23_03_41_25_2026,0.0033572614192961814,-0.606214702129364,4.2779725995743965
RADLabs26_Feb23_GrafLab_Clay100%_Group9SampleA_Mon_Feb_23_03_41_25_2026,0.0033572614192961814,-0.606214702129364,4.2779725995743965
RADLabs26_Feb23_GrafLab_Clay100%_Group9SampleA_Mon_Feb_23_03_41_25_2026,0.0033572614192961814,-0.606214702129364,4.2779725995743965
RADLabs26_Feb23_GrafLab_Clay100%_Group9SampleA_Mon_Feb_23_03_41_25_2026,0.0033572614192961814,-0.606214702129364,4.2779725995743965
RADLabs26_Feb23_GrafLab_Clay100%_Group9SampleA_Mon_Feb_23_03_41_25_2026,0.003321886062621987,-0.3354393243789673,4.2779725995743965
RADLabs26_Feb23_GrafLab_Clay100%_Group9SampleA_Mon_Feb_23_03_41_25_2026,0.003321886062621987,-0.3354393243789673,4.2779725995743965
RADLabs26_Feb23_GrafLab_Clay100%_Group9SampleA_Mon_Feb_23_03_41_25_2026,0.003321886062621987,-0.3354393243789673,4.2779725995743965
RADLabs26_Feb23_GrafLab_Clay100%_Group9SampleA_Mon_Feb_23_03_41_25_2026,0.003321886062621987,-0.3354393243789673,4.2779725995743965
RADLabs26_Feb23_GrafLab_Clay100%_Group9SampleA_Mon_Feb_23_03_41_25_2026,0.003321886062621987,-0.3354393243789673,4.2779725995743965
RADLabs26_Feb23_GrafLab_Clay100%_Group9SampleA_Mon_Feb_23_03_41_25_2026,0.003357842564582797,-0.3050662279129028,4.2779725995743965
RADLabs26_Feb23_GrafLab_Clay100%_Group9SampleA_Mon_Feb_23_03_41_25_2026,0.003357842564582797,-0.3050662279129028,4.2779725995743965
RADLabs26_Feb23_GrafLab_Clay100%_Group9SampleA_Mon_Feb_23_03_41_25_2026,0.003357842564582797,-0.3050662279129028,4.2779725995743965
RADLabs26_Feb23_GrafLab_Clay100%_Group9SampleA_Mon_Feb_23_03_41_25_2026,0.003357842564582797,-0.3050662279129028,4.2779725995743965
RADLabs26_Feb23_GrafLab_Clay100%_Group9SampleA_Mon_Feb_23_03_41_25_2026,0.003425553441047585,-0.271387368440628,4.2779725995743965
RADLabs26_Feb23_GrafLab_Clay100%_Group9SampleA_Mon_Feb_23_03_41_25_2026,0.003425553441047585,-0.271387368440628,4.2779725995743965
RADLabs26_Feb23_GrafLab_Clay100%_Group9SampleA_Mon_Feb_23_03_41_25_2026,0.003425553441047585,-0.271387368440628,4.2779725995743965
RADLabs26_Feb23_GrafLab_Clay100%_Group9SampleA_Mon_Feb_23_03_41_25_2026,0.003425553441047585,-0.271387368440628,4.2779725995743965
RADLabs26_Feb23_GrafLab_Clay100%_Group9SampleA_Mon_Feb_23_03_41_25_2026,0.003425553441047585,-0.271387368440628,4.2779725995743965
RADLabs26_Feb23_GrafLab_Clay100%_Group9SampleA_Mon_Feb_23_03_41_25_2026,0.0034302920103072843,-0.1582083255052566,4.2779725995743965
RADLabs26_Feb23_GrafLab_Clay100%_Group9SampleA_Mon_Feb_23_03_41_25_2026,0.0034302920103072843,-0.1582083255052566,4.2779725995743965
RADLabs26_Feb23_GrafLab_Clay100%_Group9SampleA_Mon_Feb_23_03_41_25_2026,0.0034302920103072843,-0.1582083255052566,4.2779725995743965
RADLabs26_Feb23_GrafLab_Clay100%_Group9SampleA_Mon_Feb_23_03_41_25_2026,0.0034302920103072843,-0.1582083255052566,4.2779725995743965
RADLabs26_Feb23_GrafLab_Clay100%_Group9SampleA_Mon_Feb_23_03_41_25_2026,0.0034302920103072843,-0.1582083255052566,4.2779725995743965
RADLabs26_Feb23_GrafLab_Clay100%_Group9SampleA_Mon_Feb_23_03_41_25_2026,0.0034302920103072843,-0.0544392168521881,4.2779725995743965
RADLabs26_Feb23_GrafLab_Clay100%_Group9SampleA_Mon_Feb_23_03_41_25_2026,0.0034302920103072843,-0.0544392168521881,4.2779725995743965
RADLabs26_Feb23_GrafLab_Clay100%_Group9SampleA_Mon_Feb_23_03_41_25_2026,0.0034302920103072843,-0.0544392168521881,4.2779725995743965
RADLabs26_Feb23_GrafLab_Clay100%_Group9SampleA_Mon_Feb_23_03_41_25_2026,0.0034302920103072843,-0.0544392168521881,4.2779725995743965
RADLabs26_Feb23_GrafLab_Clay100%_Group9SampleA_Mon_Feb_23_03_41_25_2026,0.0034302920103072843,-0.0544392168521881,4.2779725995743965
RADLabs26_Feb23_GrafLab_Clay100%_Group9SampleA_Mon_Feb_23_03_41_25_2026,0.003495082259178106,-0.0503596737980842,4.2779725995743965
RADLabs26_Feb23_GrafLab_Clay100%_Group9SampleA_Mon_Feb_23_03_41_25_2026,0.003495082259178106,-0.0503596737980842,4.2779725995743965
RADLabs26_Feb23_GrafLab_Clay100%_Group9SampleA_Mon_Feb_23_03_41_25_2026,0.003495082259178106,-0.0503596737980842,4.2779725995743965
RADLabs26_Feb23_GrafLab_Clay100%_Group9SampleA_Mon_Feb_23_03_41_25_2026,0.003495082259178106,-0.0503596737980842,4.2779725995743965
RADLabs26_Feb23_GrafLab_Clay100%_Group9SampleA_Mon_Feb_23_03_41_25_2026,0.003495082259178106,-0.0503596737980842,4.2779725995743965
RADLabs26_Feb23_GrafLab_Clay100%_Group9SampleA_Mon_Feb_23_03_41_25_2026,0.003561839461326599,-0.0009223755914717,4.2779725995743965
RADLabs26_Feb23_GrafLab_Clay100%_Group9SampleA_Mon_Feb_23_03_41_25_2026,0.003561839461326599,-0.0009223755914717,4.2779725995743965
RADLabs26_Feb23_GrafLab_Clay100%_Group9SampleA_Mon_Feb_23_03_41_25_2026,0.003561839461326599,-0.0009223755914717,4.2779725995743965
RADLabs26_Feb23_GrafLab_Clay100%_Group9SampleA_Mon_Feb_23_03_41_25_2026,0.003561839461326599,-0.0009223755914717,4.2779725995743965
RADLabs26_Feb23_GrafLab_Clay100%_Group9SampleA_Mon_Feb_23_03_41_25_2026,0.003561839461326599,-0.0009223755914717,4.2779725995743965
RADLabs26_Feb23_GrafLab_Clay100%_Group9SampleA_Mon_Feb_23_03_41_25_2026,0.0035788863897323053,0.1002003103494644,4.2779725995743965
RADLabs26_Feb23_GrafLab_Clay100%_Group9SampleA_Mon_Feb_23_03_41_25_2026,0.0035788863897323053,0.1002003103494644,4.2779725995743965
RADLabs26_Feb23_GrafLab_Clay100%_Group9SampleA_Mon_Feb_23_03_41_25_2026,0.0035788863897323053,0.1002003103494644,4.2779725995743965
RADLabs26_Feb23_GrafLab_Clay100%_Group9SampleA_Mon_Feb_23_03_41_25_2026,0.0035788863897323053,0.1002003103494644,4.2779725995743965
RADLabs26_Feb23_GrafLab_Clay100%_Group9SampleA_Mon_Feb_23_03_41_25_2026,0.0035788863897323053,0.1002003103494644,4.2779725995743965
RADLabs26_Feb23_GrafLab_Clay100%_Group9SampleA_Mon_Feb_23_03_41_25_2026,0.0036273598670958918,0.1300885826349258,4.2779725995743965
RADLabs26_Feb23_GrafLab_Clay100%_Group9SampleA_Mon_Feb_23_03_41_25_2026,0.0036273598670958918,0.1300885826349258,4.2779725995743965
RADLabs26_Feb23_GrafLab_Clay100%_Group9SampleA_Mon_Feb_23_03_41_25_2026,0.0036273598670958918,0.1300885826349258,4.2779725995743965
RADLabs26_Feb23_GrafLab_Clay100%_Group9SampleA_Mon_Feb_23_03_41_25_2026,0.0036273598670958918,0.1300885826349258,4.2779725995743965
RADLabs26_Feb23_GrafLab_Clay100%_Group9SampleA_Mon_Feb_23_03_41_25_2026,0.0036273598670958918,0.1300885826349258,4.2779725995743965
RADLabs26_Feb23_GrafLab_Clay100%_Group9SampleA_Mon_Feb_23_03_41_25_2026,0.0036273598670958918,0.1300885826349258,4.2779725995743965
RADLabs26_Feb23_GrafLab_Clay100%_Group9SampleA_Mon_Feb_23_03_41_25_2026,0.0036890506744383933,0.1609436720609665,4.2779725995743965
RADLabs26_Feb23_GrafLab_Clay100%_Group9SampleA_Mon_Feb_23_03_41_25_2026,0.0036890506744383933,0.1609436720609665,4.2779725995743965
RADLabs26_Feb23_GrafLab_Clay100%_Group9SampleA_Mon_Feb_23_03_41_25_2026,0.0036890506744383933,0.1609436720609665,4.2779725995743965
RADLabs26_Feb23_GrafLab_Clay100%_Group9SampleA_Mon_Feb_23_03_41_25_2026,0.0036890506744383933,0.1609436720609665,4.2779725995743965
RADLabs26_Feb23_GrafLab_Clay100%_Group9SampleA_Mon_Feb_23_03_41_25_2026,0.0036890506744383933,0.1609436720609665,4.2779725995743965
RADLabs26_Feb23_GrafLab_Clay100%_Group9SampleA_Mon_Feb_23_03_41_25_2026,0.0036890506744383933,0.1609436720609665,4.2779725995743965
RADLabs26_Feb23_GrafLab_Clay100%_Group9SampleA_Mon_Feb_23_03_41_25_2026,0.0037812739610671997,0.1685546040534973,4.2779725995743965
RADLabs26_Feb23_GrafLab_Clay100%_Group9SampleA_Mon_Feb_23_03_41_25_2026,0.0037812739610671997,0.1685546040534973,4.2779725995743965
RADLabs26_Feb23_GrafLab_Clay100%_Group9SampleA_Mon_Feb_23_03_41_25_2026,0.0037812739610671997,0.1685546040534973,4.2779725995743965
RADLabs26_Feb23_GrafLab_Clay100%_Group9SampleA_Mon_Feb_23_03_41_25_2026,0.0037812739610671997,0.1685546040534973,4.2779725995743965
RADLabs26_Feb23_GrafLab_Clay100%_Group9SampleA_Mon_Feb_23_03_41_25_2026,0.0037812739610671997,0.1685546040534973,4.2779725995743965
RADLabs26_Feb23_GrafLab_Clay100%_Group9SampleA_Mon_Feb_23_03_41_25_2026,0.0038313269615173062,0.2402542680501938,4.2779725995743965
RADLabs26_Feb23_GrafLab_Clay100%_Group9SampleA_Mon_Feb_23_03_41_25_2026,0.0038313269615173062,0.2402542680501938,4.2779725995743965
RADLabs26_Feb23_GrafLab_Clay100%_Group9SampleA_Mon_Feb_23_03_41_25_2026,0.0038313269615173062,0.2402542680501938,4.2779725995743965
RADLabs26_Feb23_GrafLab_Clay100%_Group9SampleA_Mon_Feb_23_03_41_25_2026,0.0038313269615173062,0.2402542680501938,4.2779725995743965
RADLabs26_Feb23_GrafLab_Clay100%_Group9SampleA_Mon_Feb_23_03_41_25_2026,0.0038313269615173062,0.2402542680501938,4.2779725995743965
RADLabs26_Feb23_GrafLab_Clay100%_Group9SampleA_Mon_Feb_23_03_41_25_2026,0.003908932209014893,0.2435842603445053,4.2779725995743965
RADLabs26_Feb23_GrafLab_Clay100%_Group9SampleA_Mon_Feb_23_03_41_25_2026,0.003908932209014893,0.2435842603445053,4.2779725995743965
RADLabs26_Feb23_GrafLab_Clay100%_Group9SampleA_Mon_Feb_23_03_41_25_2026,0.003908932209014893,0.2435842603445053,4.2779725995743965
RADLabs26_Feb23_GrafLab_Clay100%_Group9SampleA_Mon_Feb_23_03_41_25_2026,0.003908932209014893,0.2435842603445053,4.2779725995743965
RADLabs26_Feb23_GrafLab_Clay100%_Group9SampleA_Mon_Feb_23_03_41_25_2026,0.003908932209014893,0.2435842603445053,4.2779725995743965
RADLabs26_Feb23_GrafLab_Clay100%_Group9SampleA_Mon_Feb_23_03_41_25_2026,0.003908932209014893,0.2435842603445053,4.2779725995743965
RADLabs26_Feb23_GrafLab_Clay100%_Group9SampleA_Mon_Feb_23_03_41_25_2026,0.003972366452217102,0.2809484004974365,4.2779725995743965
RADLabs26_Feb23_GrafLab_Clay100%_Group9SampleA_Mon_Feb_23_03_41_25_2026,0.003972366452217102,0.2809484004974365,4.2779725995743965
RADLabs26_Feb23_GrafLab_Clay100%_Group9SampleA_Mon_Feb_23_03_41_25_2026,0.003972366452217102,0.2809484004974365,4.2779725995743965
RADLabs26_Feb23_GrafLab_Clay100%_Group9SampleA_Mon_Feb_23_03_41_25_2026,0.003972366452217102,0.2809484004974365,4.2779725995743965
RADLabs26_Feb23_GrafLab_Clay100%_Group9SampleA_Mon_Feb_23_03_41_25_2026,0.003972366452217102,0.2809484004974365,4.2779725995743965
RADLabs26_Feb23_GrafLab_Clay100%_Group9SampleA_Mon_Feb_23_03_41_25_2026,0.004108026623725891,0.2021767497062683,4.2779725995743965
RADLabs26_Feb23_GrafLab_Clay100%_Group9SampleA_Mon_Feb_23_03_41_25_2026,0.004108026623725891,0.2021767497062683,4.2779725995743965
RADLabs26_Feb23_GrafLab_Clay100%_Group9SampleA_Mon_Feb_23_03_41_25_2026,0.004108026623725891,0.2021767497062683,4.2779725995743965
RADLabs26_Feb23_GrafLab_Clay100%_Group9SampleA_Mon_Feb_23_03_41_25_2026,0.004108026623725891,0.2021767497062683,4.2779725995743965
RADLabs26_Feb23_GrafLab_Clay100%_Group9SampleA_Mon_Feb_23_03_41_25_2026,0.004108026623725891,0.2021767497062683,4.2779725995743965
RADLabs26_Feb23_GrafLab_Clay100%_Group9SampleA_Mon_Feb_23_03_41_25_2026,0.004108026623725891,0.2021767497062683,4.2779725995743965
RADLabs26_Feb23_GrafLab_Clay100%_Group9SampleA_Mon_Feb_23_03_41_25_2026,0.004286274313926697,0.1190256252884864,4.2779725995743965
RADLabs26_Feb23_GrafLab_Clay100%_Group9SampleA_Mon_Feb_23_03_41_25_2026,0.004286274313926697,0.1190256252884864,4.2779725995743965
RADLabs26_Feb23_GrafLab_Clay100%_Group9SampleA_Mon_Feb_23_03_41_25_2026,0.004286274313926697,0.1190256252884864,4.2779725995743965
RADLabs26_Feb23_GrafLab_Clay100%_Group9SampleA_Mon_Feb_23_03_41_25_2026,0.004286274313926697,0.1190256252884864,4.2779725995743965
RADLabs26_Feb23_GrafLab_Clay100%_Group9SampleA_Mon_Feb_23_03_41_25_2026,0.004286274313926697,0.1190256252884864,4.2779725995743965
RADLabs26_Feb23_GrafLab_Clay100%_Group9SampleA_Mon_Feb_23_03_41_25_2026,0.004286274313926697,0.1190256252884864,4.2779725995743965
RADLabs26_Feb23_GrafLab_Clay100%_Group9SampleA_Mon_Feb_23_03_41_25_2026,0.004561349749565097,-0.1083460450172424,4.2779725995743965
RADLabs26_Feb23_GrafLab_Clay100%_Group9SampleA_Mon_Feb_23_03_41_25_2026,0.004561349749565097,-0.1083460450172424,4.2779725995743965
RADLabs26_Feb23_GrafLab_Clay100%_Group9SampleA_Mon_Feb_23_03_41_25_2026,0.004561349749565097,-0.1083460450172424,4.2779725995743965
RADLabs26_Feb23_GrafLab_Clay100%_Group9SampleA_Mon_Feb_23_03_41_25_2026,0.004561349749565097,-0.1083460450172424,4.2779725995743965
RADLabs26_Feb23_GrafLab_Clay100%_Group9SampleA_Mon_Feb_23_03_41_25_2026,0.004561349749565097,-0.1083460450172424,4.2779725995743965
RADLabs26_Feb23_GrafLab_Clay100%_Group9SampleA_Mon_Feb_23_03_41_25_2026,0.004561349749565097,-0.1083460450172424,4.2779725995743965
RADLabs26_Feb23_GrafLab_Clay100%_Group9SampleA_Mon_Feb_23_03_41_25_2026,0.0048940628767012995,-0.3890434503555298,4.2779725995743965
RADLabs26_Feb23_GrafLab_Clay100%_Group9SampleA_Mon_Feb_23_03_41_25_2026,0.0048940628767012995,-0.3890434503555298,4.2779725995743965
RADLabs26_Feb23_GrafLab_Clay100%_Group9SampleA_Mon_Feb_23_03_41_25_2026,0.0048940628767012995,-0.3890434503555298,4.2779725995743965
RADLabs26_Feb23_GrafLab_Clay100%_Group9SampleA_Mon_Feb_23_03_41_25_2026,0.0048940628767012995,-0.3890434503555298,4.2779725995743965
RADLabs26_Feb23_GrafLab_Clay100%_Group9SampleA_Mon_Feb_23_03_41_25_2026,0.0048940628767012995,-0.3890434503555298,4.2779725995743965
RADLabs26_Feb23_GrafLab_Clay100%_Group9SampleA_Mon_Feb_23_03_41_25_2026,0.0048940628767012995,-0.3890434503555298,4.2779725995743965
RADLabs26_Feb23_GrafLab_Clay100%_Group9SampleA_Mon_Feb_23_03_41_25_2026,0.005347236990928594,-0.7132585644721985,4.2779725995743965
RADLabs26_Feb23_GrafLab_Clay100%_Group9SampleA_Mon_Feb_23_03_41_25_2026,0.005347236990928594,-0.7132585644721985,4.2779725995743965
RADLabs26_Feb23_GrafLab_Clay100%_Group9SampleA_Mon_Feb_23_03_41_25_2026,0.005347236990928594,-0.7132585644721985,4.2779725995743965
RADLabs26_Feb23_GrafLab_Clay100%_Group9SampleA_Mon_Feb_23_03_41_25_2026,0.005347236990928594,-0.7132585644721985,4.2779725995743965
RADLabs26_Feb23_GrafLab_Clay100%_Group9SampleA_Mon_Feb_23_03_41_25_2026,0.005347236990928594,-0.7132585644721985,4.2779725995743965
RADLabs26_Feb23_GrafLab_Clay100%_Group9SampleA_Mon_Feb_23_03_41_25_2026,0.005347236990928594,-0.7132585644721985,4.2779725995743965
RADLabs26_Feb23_GrafLab_Clay100%_Group9SampleA_Mon_Feb_23_03_41_25_2026,0.005513772368431091,-0.6747391819953918,4.2779725995743965
RADLabs26_Feb23_GrafLab_Clay100%_Group9SampleA_Mon_Feb_23_03_41_25_2026,0.005513772368431091,-0.6747391819953918,4.2779725995743965
RADLabs26_Feb23_GrafLab_Clay100%_Group9SampleA_Mon_Feb_23_03_41_25_2026,0.005513772368431091,-0.6747391819953918,4.2779725995743965
RADLabs26_Feb23_GrafLab_Clay100%_Group9SampleA_Mon_Feb_23_03_41_25_2026,0.005513772368431091,-0.6747391819953918,4.2779725995743965
RADLabs26_Feb23_GrafLab_Clay100%_Group9SampleA_Mon_Feb_23_03_41_25_2026,0.005513772368431091,-0.6747391819953918,4.2779725995743965
RADLabs26_Feb23_GrafLab_Clay100%_Group9SampleA_Mon_Feb_23_03_41_25_2026,0.005418717861175482,-0.4065887928009033,4.2779725995743965
RADLabs26_Feb23_GrafLab_Clay100%_Group9SampleA_Mon_Feb_23_03_41_25_2026,0.005418717861175482,-0.4065887928009033,4.2779725995743965
RADLabs26_Feb23_GrafLab_Clay100%_Group9SampleA_Mon_Feb_23_03_41_25_2026,0.005418717861175482,-0.4065887928009033,4.2779725995743965
RADLabs26_Feb23_GrafLab_Clay100%_Group9SampleA_Mon_Feb_23_03_41_25_2026,0.005418717861175482,-0.4065887928009033,4.2779725995743965
RADLabs26_Feb23_GrafLab_Clay100%_Group9SampleA_Mon_Feb_23_03_41_25_2026,0.005418717861175482,-0.4065887928009033,4.2779725995743965
RADLabs26_Feb23_GrafLab_Clay100%_Group9SampleA_Mon_Feb_23_03_41_25_2026,0.005418717861175482,-0.4065887928009033,4.2779725995743965
RADLabs26_Feb23_GrafLab_Clay100%_Group9SampleA_Mon_Feb_23_03_41_25_2026,0.005373775959014893,-0.2973784804344177,4.2779725995743965
RADLabs26_Feb23_GrafLab_Clay100%_Group9SampleA_Mon_Feb_23_03_41_25_2026,0.005373775959014893,-0.2973784804344177,4.2779725995743965
RADLabs26_Feb23_GrafLab_Clay100%_Group9SampleA_Mon_Feb_23_03_41_25_2026,0.005373775959014893,-0.2973784804344177,4.2779725995743965
RADLabs26_Feb23_GrafLab_Clay100%_Group9SampleA_Mon_Feb_23_03_41_25_2026,0.005373775959014893,-0.2973784804344177,4.2779725995743965
RADLabs26_Feb23_GrafLab_Clay100%_Group9SampleA_Mon_Feb_23_03_41_25_2026,0.005588203668594305,-0.4968432784080505,4.2779725995743965
RADLabs26_Feb23_GrafLab_Clay100%_Group9SampleA_Mon_Feb_23_03_41_25_2026,0.005588203668594305,-0.4968432784080505,4.2779725995743965
RADLabs26_Feb23_GrafLab_Clay100%_Group9SampleA_Mon_Feb_23_03_41_25_2026,0.005588203668594305,-0.4968432784080505,4.2779725995743965
RADLabs26_Feb23_GrafLab_Clay100%_Group9SampleA_Mon_Feb_23_03_41_25_2026,0.005588203668594305,-0.4968432784080505,4.2779725995743965
RADLabs26_Feb23_GrafLab_Clay100%_Group9SampleA_Mon_Feb_23_03_41_25_2026,0.005588203668594305,-0.4968432784080505,4.2779725995743965
RADLabs26_Feb23_GrafLab_Clay100%_Group9SampleA_Mon_Feb_23_03_41_25_2026,0.005588203668594305,-0.4968432784080505,4.2779725995743965
RADLabs26_Feb23_GrafLab_Clay100%_Group9SampleA_Mon_Feb_23_03_41_25_2026,0.005871102213859503,-0.6915343999862671,4.2779725995743965
RADLabs26_Feb23_GrafLab_Clay100%_Group9SampleA_Mon_Feb_23_03_41_25_2026,0.005871102213859503,-0.6915343999862671,4.2779725995743965
RADLabs26_Feb23_GrafLab_Clay100%_Group9SampleA_Mon_Feb_23_03_41_25_2026,0.005871102213859503,-0.6915343999862671,4.2779725995743965
RADLabs26_Feb23_GrafLab_Clay100%_Group9SampleA_Mon_Feb_23_03_41_25_2026,0.005871102213859503,-0.6915343999862671,4.2779725995743965
RADLabs26_Feb23_GrafLab_Clay100%_Group9SampleA_Mon_Feb_23_03_41_25_2026,0.005871102213859503,-0.6915343999862671,4.2779725995743965
RADLabs26_Feb23_GrafLab_Clay100%_Group9SampleA_Mon_Feb_23_03_41_25_2026,0.005871102213859503,-0.6915343999862671,4.2779725995743965
RADLabs26_Feb23_GrafLab_Clay100%_Group9SampleA_Mon_Feb_23_03_41_25_2026,0.0059244930744170865,-0.5608626008033752,4.2779725995743965
RADLabs26_Feb23_GrafLab_Clay100%_Group9SampleA_Mon_Feb_23_03_41_25_2026,0.0059244930744170865,-0.5608626008033752,4.2779725995743965
RADLabs26_Feb23_GrafLab_Clay100%_Group9SampleA_Mon_Feb_23_03_41_25_2026,0.0059244930744170865,-0.5608626008033752,4.2779725995743965
RADLabs26_Feb23_GrafLab_Clay100%_Group9SampleA_Mon_Feb_23_03_41_25_2026,0.0059244930744170865,-0.5608626008033752,4.2779725995743965
RADLabs26_Feb23_GrafLab_Clay100%_Group9SampleA_Mon_Feb_23_03_41_25_2026,0.0059244930744170865,-0.5608626008033752,4.2779725995743965
RADLabs26_Feb23_GrafLab_Clay100%_Group9SampleA_Mon_Feb_23_03_41_25_2026,0.005876004695892306,-0.3894846439361572,4.2779725995743965
RADLabs26_Feb23_GrafLab_Clay100%_Group9SampleA_Mon_Feb_23_03_41_25_2026,0.005876004695892306,-0.3894846439361572,4.2779725995743965
RADLabs26_Feb23_GrafLab_Clay100%_Group9SampleA_Mon_Feb_23_03_41_25_2026,0.005876004695892306,-0.3894846439361572,4.2779725995743965
RADLabs26_Feb23_GrafLab_Clay100%_Group9SampleA_Mon_Feb_23_03_41_25_2026,0.005876004695892306,-0.3894846439361572,4.2779725995743965
RADLabs26_Feb23_GrafLab_Clay100%_Group9SampleA_Mon_Feb_23_03_41_25_2026,0.005876004695892306,-0.3894846439361572,4.2779725995743965
RADLabs26_Feb23_GrafLab_Clay100%_Group9SampleA_Mon_Feb_23_03_41_25_2026,0.005895584821700994,-0.3453877866268158,4.2779725995743965
RADLabs26_Feb23_GrafLab_Clay100%_Group9SampleA_Mon_Feb_23_03_41_25_2026,0.005895584821700994,-0.3453877866268158,4.2779725995743965
RADLabs26_Feb23_GrafLab_Clay100%_Group9SampleA_Mon_Feb_23_03_41_25_2026,0.005895584821700994,-0.3453877866268158,4.2779725995743965
RADLabs26_Feb23_GrafLab_Clay100%_Group9SampleA_Mon_Feb_23_03_41_25_2026,0.005895584821700994,-0.3453877866268158,4.2779725995743965
RADLabs26_Feb23_GrafLab_Clay100%_Group9SampleA_Mon_Feb_23_03_41_25_2026,0.005895584821700994,-0.3453877866268158,4.2779725995743965
RADLabs26_Feb23_GrafLab_Clay100%_Group9SampleA_Mon_Feb_23_03_41_25_2026,0.006001994013786288,-0.3492447137832641,4.2779725995743965
RADLabs26_Feb23_GrafLab_Clay100%_Group9SampleA_Mon_Feb_23_03_41_25_2026,0.006001994013786288,-0.3492447137832641,4.2779725995743965
RADLabs26_Feb23_GrafLab_Clay100%_Group9SampleA_Mon_Feb_23_03_41_25_2026,0.006001994013786288,-0.3492447137832641,4.2779725995743965
RADLabs26_Feb23_GrafLab_Clay100%_Group9SampleA_Mon_Feb_23_03_41_25_2026,0.006001994013786288,-0.3492447137832641,4.2779725995743965
RADLabs26_Feb23_GrafLab_Clay100%_Group9SampleA_Mon_Feb_23_03_41_25_2026,0.006001994013786288,-0.3492447137832641,4.2779725995743965
RADLabs26_Feb23_GrafLab_Clay100%_Group9SampleA_Mon_Feb_23_03_41_25_2026,0.006001994013786288,-0.3492447137832641,4.2779725995743965
RADLabs26_Feb23_GrafLab_Clay100%_Group9SampleA_Mon_Feb_23_03_41_25_2026,0.006005764007568304,-0.2098383158445358,4.2779725995743965
RADLabs26_Feb23_GrafLab_Clay100%_Group9SampleA_Mon_Feb_23_03_41_25_2026,0.006005764007568304,-0.2098383158445358,4.2779725995743965
RADLabs26_Feb23_GrafLab_Clay100%_Group9SampleA_Mon_Feb_23_03_41_25_2026,0.006005764007568304,-0.2098383158445358,4.2779725995743965
RADLabs26_Feb23_GrafLab_Clay100%_Group9SampleA_Mon_Feb_23_03_41_25_2026,0.006005764007568304,-0.2098383158445358,4.2779725995743965
RADLabs26_Feb23_GrafLab_Clay100%_Group9SampleA_Mon_Feb_23_03_41_25_2026,0.006005764007568304,-0.2098383158445358,4.2779725995743965
RADLabs26_Feb23_GrafLab_Clay100%_Group9SampleA_Mon_Feb_23_03_41_25_2026,0.005974903702735901,-0.1005246713757515,4.2779725995743965
RADLabs26_Feb23_GrafLab_Clay100%_Group9SampleA_Mon_Feb_23_03_41_25_2026,0.005974903702735901,-0.1005246713757515,4.2779725995743965
RADLabs26_Feb23_GrafLab_Clay100%_Group9SampleA_Mon_Feb_23_03_41_25_2026,0.005974903702735901,-0.1005246713757515,4.2779725995743965
RADLabs26_Feb23_GrafLab_Clay100%_Group9SampleA_Mon_Feb_23_03_41_25_2026,0.005974903702735901,-0.1005246713757515,4.2779725995743965
RADLabs26_Feb23_GrafLab_Clay100%_Group9SampleA_Mon_Feb_23_03_41_25_2026,0.005974903702735901,-0.1005246713757515,4.2779725995743965
RADLabs26_Feb23_GrafLab_Clay100%_Group9SampleA_Mon_Feb_23_03_41_25_2026,0.006049022078514099,-0.1098806709051132,4.2779725995743965
RADLabs26_Feb23_GrafLab_Clay100%_Group9SampleA_Mon_Feb_23_03_41_25_2026,0.006049022078514099,-0.1098806709051132,4.2779725995743965
RADLabs26_Feb23_GrafLab_Clay100%_Group9SampleA_Mon_Feb_23_03_41_25_2026,0.006049022078514099,-0.1098806709051132,4.2779725995743965
RADLabs26_Feb23_GrafLab_Clay100%_Group9SampleA_Mon_Feb_23_03_41_25_2026,0.006049022078514099,-0.1098806709051132,4.2779725995743965
RADLabs26_Feb23_GrafLab_Clay100%_Group9SampleA_Mon_Feb_23_03_41_25_2026,0.006049022078514099,-0.1098806709051132,4.2779725995743965
RADLabs26_Feb23_GrafLab_Clay100%_Group9SampleA_Mon_Feb_23_03_41_25_2026,0.0061264783143996915,-0.1724307090044021,4.2779725995743965
RADLabs26_Feb23_GrafLab_Clay100%_Group9SampleA_Mon_Feb_23_03_41_25_2026,0.0061264783143996915,-0.1724307090044021,4.2779725995743965
RADLabs26_Feb23_GrafLab_Clay100%_Group9SampleA_Mon_Feb_23_03_41_25_2026,0.0061264783143996915,-0.1724307090044021,4.2779725995743965
RADLabs26_Feb23_GrafLab_Clay100%_Group9SampleA_Mon_Feb_23_03_41_25_2026,0.0061264783143996915,-0.1724307090044021,4.2779725995743965
RADLabs26_Feb23_GrafLab_Clay100%_Group9SampleA_Mon_Feb_23_03_41_25_2026,0.0061264783143996915,-0.1724307090044021,4.2779725995743965
RADLabs26_Feb23_GrafLab_Clay100%_Group9SampleA_Mon_Feb_23_03_41_25_2026,0.006167516112327492,-0.004985271487385,4.2779725995743965
RADLabs26_Feb23_GrafLab_Clay100%_Group9SampleA_Mon_Feb_23_03_41_25_2026,0.006167516112327492,-0.004985271487385,4.2779725995743965
RADLabs26_Feb23_GrafLab_Clay100%_Group9SampleA_Mon_Feb_23_03_41_25_2026,0.006167516112327492,-0.004985271487385,4.2779725995743965
RADLabs26_Feb23_GrafLab_Clay100%_Group9SampleA_Mon_Feb_23_03_41_25_2026,0.006167516112327492,-0.004985271487385,4.2779725995743965
RADLabs26_Feb23_GrafLab_Clay100%_Group9SampleA_Mon_Feb_23_03_41_25_2026,0.006167516112327492,-0.004985271487385,4.2779725995743965
RADLabs26_Feb23_GrafLab_Clay100%_Group9SampleA_Mon_Feb_23_03_41_25_2026,0.006182238459587097,0.0881222411990165,4.2779725995743965
RADLabs26_Feb23_GrafLab_Clay100%_Group9SampleA_Mon_Feb_23_03_41_25_2026,0.006182238459587097,0.0881222411990165,4.2779725995743965
RADLabs26_Feb23_GrafLab_Clay100%_Group9SampleA_Mon_Feb_23_03_41_25_2026,0.006182238459587097,0.0881222411990165,4.2779725995743965
RADLabs26_Feb23_GrafLab_Clay100%_Group9SampleA_Mon_Feb_23_03_41_25_2026,0.006182238459587097,0.0881222411990165,4.2779725995743965
RADLabs26_Feb23_GrafLab_Clay100%_Group9SampleA_Mon_Feb_23_03_41_25_2026,0.006182238459587097,0.0881222411990165,4.2779725995743965
RADLabs26_Feb23_GrafLab_Clay100%_Group9SampleA_Mon_Feb_23_03_41_25_2026,0.006206065416336004,0.1699122935533523,4.2779725995743965
RADLabs26_Feb23_GrafLab_Clay100%_Group9SampleA_Mon_Feb_23_03_41_25_2026,0.006206065416336004,0.1699122935533523,4.2779725995743965
RADLabs26_Feb23_GrafLab_Clay100%_Group9SampleA_Mon_Feb_23_03_41_25_2026,0.006206065416336004,0.1699122935533523,4.2779725995743965
RADLabs26_Feb23_GrafLab_Clay100%_Group9SampleA_Mon_Feb_23_03_41_25_2026,0.006206065416336004,0.1699122935533523,4.2779725995743965
RADLabs26_Feb23_GrafLab_Clay100%_Group9SampleA_Mon_Feb_23_03_41_25_2026,0.006206065416336004,0.1699122935533523,4.2779725995743965
RADLabs26_Feb23_GrafLab_Clay100%_Group9SampleA_Mon_Feb_23_03_41_25_2026,0.006206065416336004,0.1699122935533523,4.2779725995743965
RADLabs26_Feb23_GrafLab_Clay100%_Group9SampleA_Mon_Feb_23_03_41_25_2026,0.006263509392738287,0.0845950990915298,4.2779725995743965
RADLabs26_Feb23_GrafLab_Clay100%_Group9SampleA_Mon_Feb_23_03_41_25_2026,0.006263509392738287,0.0845950990915298,4.2779725995743965
RADLabs26_Feb23_GrafLab_Clay100%_Group9SampleA_Mon_Feb_23_03_41_25_2026,0.006263509392738287,0.0845950990915298,4.2779725995743965
RADLabs26_Feb23_GrafLab_Clay100%_Group9SampleA_Mon_Feb_23_03_41_25_2026,0.006263509392738287,0.0845950990915298,4.2779725995743965
RADLabs26_Feb23_GrafLab_Clay100%_Group9SampleA_Mon_Feb_23_03_41_25_2026,0.006263509392738287,0.0845950990915298,4.2779725995743965
RADLabs26_Feb23_GrafLab_Clay100%_Group9SampleA_Mon_Feb_23_03_41_25_2026,0.006263509392738287,0.0845950990915298,4.2779725995743965
RADLabs26_Feb23_GrafLab_Clay100%_Group9SampleA_Mon_Feb_23_03_41_25_2026,0.006360322237014687,0.2009223103523254,4.2779725995743965
RADLabs26_Feb23_GrafLab_Clay100%_Group9SampleA_Mon_Feb_23_03_41_25_2026,0.006360322237014687,0.2009223103523254,4.2779725995743965
RADLabs26_Feb23_GrafLab_Clay100%_Group9SampleA_Mon_Feb_23_03_41_25_2026,0.006360322237014687,0.2009223103523254,4.2779725995743965
RADLabs26_Feb23_GrafLab_Clay100%_Group9SampleA_Mon_Feb_23_03_41_25_2026,0.006360322237014687,0.2009223103523254,4.2779725995743965
RADLabs26_Feb23_GrafLab_Clay100%_Group9SampleA_Mon_Feb_23_03_41_25_2026,0.006360322237014687,0.2009223103523254,4.2779725995743965
RADLabs26_Feb23_GrafLab_Clay100%_Group9SampleA_Mon_Feb_23_03_41_25_2026,0.006465330719947787,0.170576810836792,4.2779725995743965
RADLabs26_Feb23_GrafLab_Clay100%_Group9SampleA_Mon_Feb_23_03_41_25_2026,0.006465330719947787,0.170576810836792,4.2779725995743965
RADLabs26_Feb23_GrafLab_Clay100%_Group9SampleA_Mon_Feb_23_03_41_25_2026,0.006465330719947787,0.170576810836792,4.2779725995743965
RADLabs26_Feb23_GrafLab_Clay100%_Group9SampleA_Mon_Feb_23_03_41_25_2026,0.006465330719947787,0.170576810836792,4.2779725995743965
RADLabs26_Feb23_GrafLab_Clay100%_Group9SampleA_Mon_Feb_23_03_41_25_2026,0.006465330719947787,0.170576810836792,4.2779725995743965
RADLabs26_Feb23_GrafLab_Clay100%_Group9SampleA_Mon_Feb_23_03_41_25_2026,0.006542772054672186,0.084441915154457,4.2779725995743965
RADLabs26_Feb23_GrafLab_Clay100%_Group9SampleA_Mon_Feb_23_03_41_25_2026,0.006542772054672186,0.084441915154457,4.2779725995743965
RADLabs26_Feb23_GrafLab_Clay100%_Group9SampleA_Mon_Feb_23_03_41_25_2026,0.006542772054672186,0.084441915154457,4.2779725995743965
RADLabs26_Feb23_GrafLab_Clay100%_Group9SampleA_Mon_Feb_23_03_41_25_2026,0.006542772054672186,0.084441915154457,4.2779725995743965
RADLabs26_Feb23_GrafLab_Clay100%_Group9SampleA_Mon_Feb_23_03_41_25_2026,0.006542772054672186,0.084441915154457,4.2779725995743965
RADLabs26_Feb23_GrafLab_Clay100%_Group9SampleA_Mon_Feb_23_03_41_25_2026,0.00658884644508359,0.281987190246582,4.2779725995743965
RADLabs26_Feb23_GrafLab_Clay100%_Group9SampleA_Mon_Feb_23_03_41_25_2026,0.00658884644508359,0.281987190246582,4.2779725995743965
RADLabs26_Feb23_GrafLab_Clay100%_Group9SampleA_Mon_Feb_23_03_41_25_2026,0.00658884644508359,0.281987190246582,4.2779725995743965
RADLabs26_Feb23_GrafLab_Clay100%_Group9SampleA_Mon_Feb_23_03_41_25_2026,0.00658884644508359,0.281987190246582,4.2779725995743965
RADLabs26_Feb23_GrafLab_Clay100%_Group9SampleA_Mon_Feb_23_03_41_25_2026,0.006699860095977783,0.2347994297742843,4.2779725995743965
RADLabs26_Feb23_GrafLab_Clay100%_Group9SampleA_Mon_Feb_23_03_41_25_2026,0.006699860095977783,0.2347994297742843,4.2779725995743965
RADLabs26_Feb23_GrafLab_Clay100%_Group9SampleA_Mon_Feb_23_03_41_25_2026,0.006699860095977783,0.2347994297742843,4.2779725995743965
RADLabs26_Feb23_GrafLab_Clay100%_Group9SampleA_Mon_Feb_23_03_41_25_2026,0.006699860095977783,0.2347994297742843,4.2779725995743965
RADLabs26_Feb23_GrafLab_Clay100%_Group9SampleA_Mon_Feb_23_03_41_25_2026,0.006699860095977783,0.2347994297742843,4.2779725995743965
RADLabs26_Feb23_GrafLab_Clay100%_Group9SampleA_Mon_Feb_23_03_41_25_2026,0.006699860095977783,0.2347994297742843,4.2779725995743965
RADLabs26_Feb23_GrafLab_Clay100%_Group9SampleA_Mon_Feb_23_03_41_25_2026,0.0068950653076171875,0.1008658930659294,4.2779725995743965
RADLabs26_Feb23_GrafLab_Clay100%_Group9SampleA_Mon_Feb_23_03_41_25_2026,0.0068950653076171875,0.1008658930659294,4.2779725995743965
RADLabs26_Feb23_GrafLab_Clay100%_Group9SampleA_Mon_Feb_23_03_41_25_2026,0.0068950653076171875,0.1008658930659294,4.2779725995743965
RADLabs26_Feb23_GrafLab_Clay100%_Group9SampleA_Mon_Feb_23_03_41_25_2026,0.0068950653076171875,0.1008658930659294,4.2779725995743965
RADLabs26_Feb23_GrafLab_Clay100%_Group9SampleA_Mon_Feb_23_03_41_25_2026,0.0068950653076171875,0.1008658930659294,4.2779725995743965
RADLabs26_Feb23_GrafLab_Clay100%_Group9SampleA_Mon_Feb_23_03_41_25_2026,0.0071718692779541016,-0.1121336966753006,4.2779725995743965
RADLabs26_Feb23_GrafLab_Clay100%_Group9SampleA_Mon_Feb_23_03_41_25_2026,0.0071718692779541016,-0.1121336966753006,4.2779725995743965
RADLabs26_Feb23_GrafLab_Clay100%_Group9SampleA_Mon_Feb_23_03_41_25_2026,0.0071718692779541016,-0.1121336966753006,4.2779725995743965
RADLabs26_Feb23_GrafLab_Clay100%_Group9SampleA_Mon_Feb_23_03_41_25_2026,0.0071718692779541016,-0.1121336966753006,4.2779725995743965
RADLabs26_Feb23_GrafLab_Clay100%_Group9SampleA_Mon_Feb_23_03_41_25_2026,0.0071718692779541016,-0.1121336966753006,4.2779725995743965
RADLabs26_Feb23_GrafLab_Clay100%_Group9SampleA_Mon_Feb_23_03_41_25_2026,0.0071718692779541016,-0.1121336966753006,4.2779725995743965
RADLabs26_Feb23_GrafLab_Clay100%_Group9SampleA_Mon_Feb_23_03_41_25_2026,0.00761713087558738,-0.4963814914226532,4.2779725995743965
RADLabs26_Feb23_GrafLab_Clay100%_Group9SampleA_Mon_Feb_23_03_41_25_2026,0.00761713087558738,-0.4963814914226532,4.2779725995743965
RADLabs26_Feb23_GrafLab_Clay100%_Group9SampleA_Mon_Feb_23_03_41_25_2026,0.00761713087558738,-0.4963814914226532,4.2779725995743965
RADLabs26_Feb23_GrafLab_Clay100%_Group9SampleA_Mon_Feb_23_03_41_25_2026,0.00761713087558738,-0.4963814914226532,4.2779725995743965
RADLabs26_Feb23_GrafLab_Clay100%_Group9SampleA_Mon_Feb_23_03_41_25_2026,0.00761713087558738,-0.4963814914226532,4.2779725995743965
RADLabs26_Feb23_GrafLab_Clay100%_Group9SampleA_Mon_Feb_23_03_41_25_2026,0.007941916584968484,-0.6439568996429443,4.2779725995743965
RADLabs26_Feb23_GrafLab_Clay100%_Group9SampleA_Mon_Feb_23_03_41_25_2026,0.007941916584968484,-0.6439568996429443,4.2779725995743965
RADLabs26_Feb23_GrafLab_Clay100%_Group9SampleA_Mon_Feb_23_03_41_25_2026,0.007941916584968484,-0.6439568996429443,4.2779725995743965
RADLabs26_Feb23_GrafLab_Clay100%_Group9SampleA_Mon_Feb_23_03_41_25_2026,0.007941916584968484,-0.6439568996429443,4.2779725995743965
RADLabs26_Feb23_GrafLab_Clay100%_Group9SampleA_Mon_Feb_23_03_41_25_2026,0.007962778210639898,-0.4911747574806213,4.2779725995743965
RADLabs26_Feb23_GrafLab_Clay100%_Group9SampleA_Mon_Feb_23_03_41_25_2026,0.007962778210639898,-0.4911747574806213,4.2779725995743965
RADLabs26_Feb23_GrafLab_Clay100%_Group9SampleA_Mon_Feb_23_03_41_25_2026,0.007962778210639898,-0.4911747574806213,4.2779725995743965
RADLabs26_Feb23_GrafLab_Clay100%_Group9SampleA_Mon_Feb_23_03_41_25_2026,0.007962778210639898,-0.4911747574806213,4.2779725995743965
RADLabs26_Feb23_GrafLab_Clay100%_Group9SampleA_Mon_Feb_23_03_41_25_2026,0.007962778210639898,-0.4911747574806213,4.2779725995743965
RADLabs26_Feb23_GrafLab_Clay100%_Group9SampleA_Mon_Feb_23_03_41_25_2026,0.007847458124160683,-0.2422328740358352,4.2779725995743965
RADLabs26_Feb23_GrafLab_Clay100%_Group9SampleA_Mon_Feb_23_03_41_25_2026,0.007847458124160683,-0.2422328740358352,4.2779725995743965
RADLabs26_Feb23_GrafLab_Clay100%_Group9SampleA_Mon_Feb_23_03_41_25_2026,0.007847458124160683,-0.2422328740358352,4.2779725995743965
RADLabs26_Feb23_GrafLab_Clay100%_Group9SampleA_Mon_Feb_23_03_41_25_2026,0.007847458124160683,-0.2422328740358352,4.2779725995743965
RADLabs26_Feb23_GrafLab_Clay100%_Group9SampleA_Mon_Feb_23_03_41_25_2026,0.007870510220527593,-0.2346193194389343,4.2779725995743965
RADLabs26_Feb23_GrafLab_Clay100%_Group9SampleA_Mon_Feb_23_03_41_25_2026,0.007870510220527593,-0.2346193194389343,4.2779725995743965
RADLabs26_Feb23_GrafLab_Clay100%_Group9SampleA_Mon_Feb_23_03_41_25_2026,0.007870510220527593,-0.2346193194389343,4.2779725995743965
RADLabs26_Feb23_GrafLab_Clay100%_Group9SampleA_Mon_Feb_23_03_41_25_2026,0.007870510220527593,-0.2346193194389343,4.2779725995743965
RADLabs26_Feb23_GrafLab_Clay100%_Group9SampleA_Mon_Feb_23_03_41_25_2026,0.007870510220527593,-0.2346193194389343,4.2779725995743965
RADLabs26_Feb23_GrafLab_Clay100%_Group9SampleA_Mon_Feb_23_03_41_25_2026,0.00819031894206998,-0.5566039085388184,4.2779725995743965
RADLabs26_Feb23_GrafLab_Clay100%_Group9SampleA_Mon_Feb_23_03_41_25_2026,0.00819031894206998,-0.5566039085388184,4.2779725995743965
RADLabs26_Feb23_GrafLab_Clay100%_Group9SampleA_Mon_Feb_23_03_41_25_2026,0.00819031894206998,-0.5566039085388184,4.2779725995743965
RADLabs26_Feb23_GrafLab_Clay100%_Group9SampleA_Mon_Feb_23_03_41_25_2026,0.00819031894206998,-0.5566039085388184,4.2779725995743965
RADLabs26_Feb23_GrafLab_Clay100%_Group9SampleA_Mon_Feb_23_03_41_25_2026,0.00819031894206998,-0.5566039085388184,4.2779725995743965
RADLabs26_Feb23_GrafLab_Clay100%_Group9SampleA_Mon_Feb_23_03_41_25_2026,0.00819031894206998,-0.5566039085388184,4.2779725995743965
RADLabs26_Feb23_GrafLab_Clay100%_Group9SampleA_Mon_Feb_23_03_41_25_2026,0.008463978767394992,-0.6644670367240906,4.2779725995743965
RADLabs26_Feb23_GrafLab_Clay100%_Group9SampleA_Mon_Feb_23_03_41_25_2026,0.008463978767394992,-0.6644670367240906,4.2779725995743965
RADLabs26_Feb23_GrafLab_Clay100%_Group9SampleA_Mon_Feb_23_03_41_25_2026,0.008463978767394992,-0.6644670367240906,4.2779725995743965
RADLabs26_Feb23_GrafLab_Clay100%_Group9SampleA_Mon_Feb_23_03_41_25_2026,0.008463978767394992,-0.6644670367240906,4.2779725995743965
RADLabs26_Feb23_GrafLab_Clay100%_Group9SampleA_Mon_Feb_23_03_41_25_2026,0.008463978767394992,-0.6644670367240906,4.2779725995743965
RADLabs26_Feb23_GrafLab_Clay100%_Group9SampleA_Mon_Feb_23_03_41_25_2026,0.008630305528640692,-0.6955227851867676,4.2779725995743965
RADLabs26_Feb23_GrafLab_Clay100%_Group9SampleA_Mon_Feb_23_03_41_25_2026,0.008630305528640692,-0.6955227851867676,4.2779725995743965
RADLabs26_Feb23_GrafLab_Clay100%_Group9SampleA_Mon_Feb_23_03_41_25_2026,0.008630305528640692,-0.6955227851867676,4.2779725995743965
RADLabs26_Feb23_GrafLab_Clay100%_Group9SampleA_Mon_Feb_23_03_41_25_2026,0.008630305528640692,-0.6955227851867676,4.2779725995743965
RADLabs26_Feb23_GrafLab_Clay100%_Group9SampleA_Mon_Feb_23_03_41_25_2026,0.008630305528640692,-0.6955227851867676,4.2779725995743965
RADLabs26_Feb23_GrafLab_Clay100%_Group9SampleA_Mon_Feb_23_03_41_25_2026,0.008624196052551186,-0.5450555682182312,4.2779725995743965
RADLabs26_Feb23_GrafLab_Clay100%_Group9SampleA_Mon_Feb_23_03_41_25_2026,0.008624196052551186,-0.5450555682182312,4.2779725995743965
RADLabs26_Feb23_GrafLab_Clay100%_Group9SampleA_Mon_Feb_23_03_41_25_2026,0.008624196052551186,-0.5450555682182312,4.2779725995743965
RADLabs26_Feb23_GrafLab_Clay100%_Group9SampleA_Mon_Feb_23_03_41_25_2026,0.008624196052551186,-0.5450555682182312,4.2779725995743965
RADLabs26_Feb23_GrafLab_Clay100%_Group9SampleA_Mon_Feb_23_03_41_25_2026,0.008624196052551186,-0.5450555682182312,4.2779725995743965
RADLabs26_Feb23_GrafLab_Clay100%_Group9SampleA_Mon_Feb_23_03_41_25_2026,0.008624196052551186,-0.5450555682182312,4.2779725995743965
RADLabs26_Feb23_GrafLab_Clay100%_Group9SampleA_Mon_Feb_23_03_41_25_2026,0.008636921644210788,-0.4585987329483032,4.2779725995743965
RADLabs26_Feb23_GrafLab_Clay100%_Group9SampleA_Mon_Feb_23_03_41_25_2026,0.008636921644210788,-0.4585987329483032,4.2779725995743965
RADLabs26_Feb23_GrafLab_Clay100%_Group9SampleA_Mon_Feb_23_03_41_25_2026,0.008636921644210788,-0.4585987329483032,4.2779725995743965
RADLabs26_Feb23_GrafLab_Clay100%_Group9SampleA_Mon_Feb_23_03_41_25_2026,0.008636921644210788,-0.4585987329483032,4.2779725995743965
RADLabs26_Feb23_GrafLab_Clay100%_Group9SampleA_Mon_Feb_23_03_41_25_2026,0.008636921644210788,-0.4585987329483032,4.2779725995743965
RADLabs26_Feb23_GrafLab_Clay100%_Group9SampleA_Mon_Feb_23_03_41_25_2026,0.00870953500270838,-0.4635823965072632,4.2779725995743965
RADLabs26_Feb23_GrafLab_Clay100%_Group9SampleA_Mon_Feb_23_03_41_25_2026,0.00870953500270838,-0.4635823965072632,4.2779725995743965
RADLabs26_Feb23_GrafLab_Clay100%_Group9SampleA_Mon_Feb_23_03_41_25_2026,0.00870953500270838,-0.4635823965072632,4.2779725995743965
RADLabs26_Feb23_GrafLab_Clay100%_Group9SampleA_Mon_Feb_23_03_41_25_2026,0.00870953500270838,-0.4635823965072632,4.2779725995743965
RADLabs26_Feb23_GrafLab_Clay100%_Group9SampleA_Mon_Feb_23_03_41_25_2026,0.00870953500270838,-0.4635823965072632,4.2779725995743965
RADLabs26_Feb23_GrafLab_Clay100%_Group9SampleA_Mon_Feb_23_03_41_25_2026,0.00870953500270838,-0.4635823965072632,4.2779725995743965
RADLabs26_Feb23_GrafLab_Clay100%_Group9SampleA_Mon_Feb_23_03_41_25_2026,0.00870953500270838,-0.4635823965072632,4.2779725995743965
RADLabs26_Feb23_GrafLab_Clay100%_Group9SampleA_Mon_Feb_23_03_41_25_2026,0.00870953500270838,-0.4635823965072632,4.2779725995743965
RADLabs26_Feb23_GrafLab_Clay100%_Group9SampleA_Mon_Feb_23_03_41_25_2026,0.008709549903869601,-0.3316674530506134,4.2779725995743965
RADLabs26_Feb23_GrafLab_Clay100%_Group9SampleA_Mon_Feb_23_03_41_25_2026,0.008709549903869601,-0.3316674530506134,4.2779725995743965
RADLabs26_Feb23_GrafLab_Clay100%_Group9SampleA_Mon_Feb_23_03_41_25_2026,0.008709549903869601,-0.3316674530506134,4.2779725995743965
RADLabs26_Feb23_GrafLab_Clay100%_Group9SampleA_Mon_Feb_23_03_41_25_2026,0.008709549903869601,-0.3316674530506134,4.2779725995743965
RADLabs26_Feb23_GrafLab_Clay100%_Group9SampleA_Mon_Feb_23_03_41_25_2026,0.008709549903869601,-0.3316674530506134,4.2779725995743965
RADLabs26_Feb23_GrafLab_Clay100%_Group9SampleA_Mon_Feb_23_03_41_25_2026,0.008743077516555786,-0.2946706414222717,4.2779725995743965
RADLabs26_Feb23_GrafLab_Clay100%_Group9SampleA_Mon_Feb_23_03_41_25_2026,0.008743077516555786,-0.2946706414222717,4.2779725995743965
RADLabs26_Feb23_GrafLab_Clay100%_Group9SampleA_Mon_Feb_23_03_41_25_2026,0.008743077516555786,-0.2946706414222717,4.2779725995743965
RADLabs26_Feb23_GrafLab_Clay100%_Group9SampleA_Mon_Feb_23_03_41_25_2026,0.008743077516555786,-0.2946706414222717,4.2779725995743965
RADLabs26_Feb23_GrafLab_Clay100%_Group9SampleA_Mon_Feb_23_03_41_25_2026,0.008743077516555786,-0.2946706414222717,4.2779725995743965
RADLabs26_Feb23_GrafLab_Clay100%_Group9SampleA_Mon_Feb_23_03_41_25_2026,0.008743077516555786,-0.2946706414222717,4.2779725995743965
RADLabs26_Feb23_GrafLab_Clay100%_Group9SampleA_Mon_Feb_23_03_41_25_2026,0.008743077516555786,-0.2946706414222717,4.2779725995743965
RADLabs26_Feb23_GrafLab_Clay100%_Group9SampleA_Mon_Feb_23_03_41_25_2026,0.008812114596366882,-0.2644657492637634,4.2779725995743965
RADLabs26_Feb23_GrafLab_Clay100%_Group9SampleA_Mon_Feb_23_03_41_25_2026,0.008812114596366882,-0.2644657492637634,4.2779725995743965
RADLabs26_Feb23_GrafLab_Clay100%_Group9SampleA_Mon_Feb_23_03_41_25_2026,0.008812114596366882,-0.2644657492637634,4.2779725995743965
RADLabs26_Feb23_GrafLab_Clay100%_Group9SampleA_Mon_Feb_23_03_41_25_2026,0.008812114596366882,-0.2644657492637634,4.2779725995743965
RADLabs26_Feb23_GrafLab_Clay100%_Group9SampleA_Mon_Feb_23_03_41_25_2026,0.008812114596366882,-0.2644657492637634,4.2779725995743965
RADLabs26_Feb23_GrafLab_Clay100%_Group9SampleA_Mon_Feb_23_03_41_25_2026,0.008812114596366882,-0.2644657492637634,4.2779725995743965
RADLabs26_Feb23_GrafLab_Clay100%_Group9SampleA_Mon_Feb_23_03_41_25_2026,0.008880198001861489,-0.211171805858612,4.2779725995743965
RADLabs26_Feb23_GrafLab_Clay100%_Group9SampleA_Mon_Feb_23_03_41_25_2026,0.008880198001861489,-0.211171805858612,4.2779725995743965
RADLabs26_Feb23_GrafLab_Clay100%_Group9SampleA_Mon_Feb_23_03_41_25_2026,0.008880198001861489,-0.211171805858612,4.2779725995743965
RADLabs26_Feb23_GrafLab_Clay100%_Group9SampleA_Mon_Feb_23_03_41_25_2026,0.008880198001861489,-0.211171805858612,4.2779725995743965
RADLabs26_Feb23_GrafLab_Clay100%_Group9SampleA_Mon_Feb_23_03_41_25_2026,0.008880198001861489,-0.211171805858612,4.2779725995743965
RADLabs26_Feb23_GrafLab_Clay100%_Group9SampleA_Mon_Feb_23_03_41_25_2026,0.008880198001861489,-0.211171805858612,4.2779725995743965
RADLabs26_Feb23_GrafLab_Clay100%_Group9SampleA_Mon_Feb_23_03_41_25_2026,0.008880198001861489,-0.211171805858612,4.2779725995743965
RADLabs26_Feb23_GrafLab_Clay100%_Group9SampleA_Mon_Feb_23_03_41_25_2026,0.008869543671607888,-0.1015060916543006,4.2779725995743965
RADLabs26_Feb23_GrafLab_Clay100%_Group9SampleA_Mon_Feb_23_03_41_25_2026,0.008869543671607888,-0.1015060916543006,4.2779725995743965
RADLabs26_Feb23_GrafLab_Clay100%_Group9SampleA_Mon_Feb_23_03_41_25_2026,0.008869543671607888,-0.1015060916543006,4.2779725995743965
RADLabs26_Feb23_GrafLab_Clay100%_Group9SampleA_Mon_Feb_23_03_41_25_2026,0.008869543671607888,-0.1015060916543006,4.2779725995743965
RADLabs26_Feb23_GrafLab_Clay100%_Group9SampleA_Mon_Feb_23_03_41_25_2026,0.008869543671607888,-0.1015060916543006,4.2779725995743965
RADLabs26_Feb23_GrafLab_Clay100%_Group9SampleA_Mon_Feb_23_03_41_25_2026,0.008869543671607888,-0.1015060916543006,4.2779725995743965
RADLabs26_Feb23_GrafLab_Clay100%_Group9SampleA_Mon_Feb_23_03_41_25_2026,0.008895859122276306,-0.0226411949843168,4.2779725995743965
RADLabs26_Feb23_GrafLab_Clay100%_Group9SampleA_Mon_Feb_23_03_41_25_2026,0.008895859122276306,-0.0226411949843168,4.2779725995743965
RADLabs26_Feb23_GrafLab_Clay100%_Group9SampleA_Mon_Feb_23_03_41_25_2026,0.008895859122276306,-0.0226411949843168,4.2779725995743965
RADLabs26_Feb23_GrafLab_Clay100%_Group9SampleA_Mon_Feb_23_03_41_25_2026,0.008895859122276306,-0.0226411949843168,4.2779725995743965
RADLabs26_Feb23_GrafLab_Clay100%_Group9SampleA_Mon_Feb_23_03_41_25_2026,0.008895859122276306,-0.0226411949843168,4.2779725995743965
RADLabs26_Feb23_GrafLab_Clay100%_Group9SampleA_Mon_Feb_23_03_41_25_2026,0.008895859122276306,-0.0226411949843168,4.2779725995743965
RADLabs26_Feb23_GrafLab_Clay100%_Group9SampleA_Mon_Feb_23_03_41_25_2026,0.008976951241493197,-0.0230391845107078,4.2779725995743965
RADLabs26_Feb23_GrafLab_Clay100%_Group9SampleA_Mon_Feb_23_03_41_25_2026,0.008976951241493197,-0.0230391845107078,4.2779725995743965
RADLabs26_Feb23_GrafLab_Clay100%_Group9SampleA_Mon_Feb_23_03_41_25_2026,0.008976951241493197,-0.0230391845107078,4.2779725995743965
RADLabs26_Feb23_GrafLab_Clay100%_Group9SampleA_Mon_Feb_23_03_41_25_2026,0.008976951241493197,-0.0230391845107078,4.2779725995743965
RADLabs26_Feb23_GrafLab_Clay100%_Group9SampleA_Mon_Feb_23_03_41_25_2026,0.008976951241493197,-0.0230391845107078,4.2779725995743965
RADLabs26_Feb23_GrafLab_Clay100%_Group9SampleA_Mon_Feb_23_03_41_25_2026,0.009032577276229803,0.0277920998632907,4.2779725995743965
RADLabs26_Feb23_GrafLab_Clay100%_Group9SampleA_Mon_Feb_23_03_41_25_2026,0.009032577276229803,0.0277920998632907,4.2779725995743965
RADLabs26_Feb23_GrafLab_Clay100%_Group9SampleA_Mon_Feb_23_03_41_25_2026,0.009032577276229803,0.0277920998632907,4.2779725995743965
RADLabs26_Feb23_GrafLab_Clay100%_Group9SampleA_Mon_Feb_23_03_41_25_2026,0.009032577276229803,0.0277920998632907,4.2779725995743965
RADLabs26_Feb23_GrafLab_Clay100%_Group9SampleA_Mon_Feb_23_03_41_25_2026,0.009032577276229803,0.0277920998632907,4.2779725995743965
RADLabs26_Feb23_GrafLab_Clay100%_Group9SampleA_Mon_Feb_23_03_41_25_2026,0.009032577276229803,0.0277920998632907,4.2779725995743965
RADLabs26_Feb23_GrafLab_Clay100%_Group9SampleA_Mon_Feb_23_03_41_25_2026,0.009032577276229803,0.0277920998632907,4.2779725995743965
RADLabs26_Feb23_GrafLab_Clay100%_Group9SampleA_Mon_Feb_23_03_41_25_2026,0.00905813276767728,0.1144106611609458,4.2779725995743965
RADLabs26_Feb23_GrafLab_Clay100%_Group9SampleA_Mon_Feb_23_03_41_25_2026,0.00905813276767728,0.1144106611609458,4.2779725995743965
RADLabs26_Feb23_GrafLab_Clay100%_Group9SampleA_Mon_Feb_23_03_41_25_2026,0.00905813276767728,0.1144106611609458,4.2779725995743965
RADLabs26_Feb23_GrafLab_Clay100%_Group9SampleA_Mon_Feb_23_03_41_25_2026,0.00905813276767728,0.1144106611609458,4.2779725995743965
RADLabs26_Feb23_GrafLab_Clay100%_Group9SampleA_Mon_Feb_23_03_41_25_2026,0.00905813276767728,0.1144106611609458,4.2779725995743965
RADLabs26_Feb23_GrafLab_Clay100%_Group9SampleA_Mon_Feb_23_03_41_25_2026,0.00905813276767728,0.1144106611609458,4.2779725995743965
RADLabs26_Feb23_GrafLab_Clay100%_Group9SampleA_Mon_Feb_23_03_41_25_2026,0.00905813276767728,0.1144106611609458,4.2779725995743965
RADLabs26_Feb23_GrafLab_Clay100%_Group9SampleA_Mon_Feb_23_03_41_25_2026,0.009128123521804782,0.1124737486243248,4.2779725995743965
RADLabs26_Feb23_GrafLab_Clay100%_Group9SampleA_Mon_Feb_23_03_41_25_2026,0.009128123521804782,0.1124737486243248,4.2779725995743965
RADLabs26_Feb23_GrafLab_Clay100%_Group9SampleA_Mon_Feb_23_03_41_25_2026,0.009128123521804782,0.1124737486243248,4.2779725995743965
RADLabs26_Feb23_GrafLab_Clay100%_Group9SampleA_Mon_Feb_23_03_41_25_2026,0.009128123521804782,0.1124737486243248,4.2779725995743965
RADLabs26_Feb23_GrafLab_Clay100%_Group9SampleA_Mon_Feb_23_03_41_25_2026,0.009128123521804782,0.1124737486243248,4.2779725995743965
RADLabs26_Feb23_GrafLab_Clay100%_Group9SampleA_Mon_Feb_23_03_41_25_2026,0.009128123521804782,0.1124737486243248,4.2779725995743965
RADLabs26_Feb23_GrafLab_Clay100%_Group9SampleA_Mon_Feb_23_03_41_25_2026,0.009155452251434298,0.2047140151262283,4.2779725995743965
RADLabs26_Feb23_GrafLab_Clay100%_Group9SampleA_Mon_Feb_23_03_41_25_2026,0.009155452251434298,0.2047140151262283,4.2779725995743965
RADLabs26_Feb23_GrafLab_Clay100%_Group9SampleA_Mon_Feb_23_03_41_25_2026,0.009155452251434298,0.2047140151262283,4.2779725995743965
RADLabs26_Feb23_GrafLab_Clay100%_Group9SampleA_Mon_Feb_23_03_41_25_2026,0.009155452251434298,0.2047140151262283,4.2779725995743965
RADLabs26_Feb23_GrafLab_Clay100%_Group9SampleA_Mon_Feb_23_03_41_25_2026,0.009155452251434298,0.2047140151262283,4.2779725995743965
RADLabs26_Feb23_GrafLab_Clay100%_Group9SampleA_Mon_Feb_23_03_41_25_2026,0.009155452251434298,0.2047140151262283,4.2779725995743965
RADLabs26_Feb23_GrafLab_Clay100%_Group9SampleA_Mon_Feb_23_03_41_25_2026,0.009155452251434298,0.2047140151262283,4.2779725995743965
RADLabs26_Feb23_GrafLab_Clay100%_Group9SampleA_Mon_Feb_23_03_41_25_2026,0.00921322405338279,0.2310898303985595,4.2779725995743965
RADLabs26_Feb23_GrafLab_Clay100%_Group9SampleA_Mon_Feb_23_03_41_25_2026,0.00921322405338279,0.2310898303985595,4.2779725995743965
RADLabs26_Feb23_GrafLab_Clay100%_Group9SampleA_Mon_Feb_23_03_41_25_2026,0.00921322405338279,0.2310898303985595,4.2779725995743965
RADLabs26_Feb23_GrafLab_Clay100%_Group9SampleA_Mon_Feb_23_03_41_25_2026,0.00921322405338279,0.2310898303985595,4.2779725995743965
RADLabs26_Feb23_GrafLab_Clay100%_Group9SampleA_Mon_Feb_23_03_41_25_2026,0.00921322405338279,0.2310898303985595,4.2779725995743965
RADLabs26_Feb23_GrafLab_Clay100%_Group9SampleA_Mon_Feb_23_03_41_25_2026,0.00921322405338279,0.2310898303985595,4.2779725995743965
RADLabs26_Feb23_GrafLab_Clay100%_Group9SampleA_Mon_Feb_23_03_41_25_2026,0.00921322405338279,0.2310898303985595,4.2779725995743965
RADLabs26_Feb23_GrafLab_Clay100%_Group9SampleA_Mon_Feb_23_03_41_25_2026,0.009333178400993292,0.1971587687730789,4.2779725995743965
RADLabs26_Feb23_GrafLab_Clay100%_Group9SampleA_Mon_Feb_23_03_41_25_2026,0.009333178400993292,0.1971587687730789,4.2779725995743965
RADLabs26_Feb23_GrafLab_Clay100%_Group9SampleA_Mon_Feb_23_03_41_25_2026,0.009333178400993292,0.1971587687730789,4.2779725995743965
RADLabs26_Feb23_GrafLab_Clay100%_Group9SampleA_Mon_Feb_23_03_41_25_2026,0.009333178400993292,0.1971587687730789,4.2779725995743965
RADLabs26_Feb23_GrafLab_Clay100%_Group9SampleA_Mon_Feb_23_03_41_25_2026,0.009333178400993292,0.1971587687730789,4.2779725995743965
RADLabs26_Feb23_GrafLab_Clay100%_Group9SampleA_Mon_Feb_23_03_41_25_2026,0.009333178400993292,0.1971587687730789,4.2779725995743965
RADLabs26_Feb23_GrafLab_Clay100%_Group9SampleA_Mon_Feb_23_03_41_25_2026,0.009488493204116794,0.1450975239276886,4.2779725995743965
RADLabs26_Feb23_GrafLab_Clay100%_Group9SampleA_Mon_Feb_23_03_41_25_2026,0.009488493204116794,0.1450975239276886,4.2779725995743965
RADLabs26_Feb23_GrafLab_Clay100%_Group9SampleA_Mon_Feb_23_03_41_25_2026,0.009488493204116794,0.1450975239276886,4.2779725995743965
RADLabs26_Feb23_GrafLab_Clay100%_Group9SampleA_Mon_Feb_23_03_41_25_2026,0.009488493204116794,0.1450975239276886,4.2779725995743965
RADLabs26_Feb23_GrafLab_Clay100%_Group9SampleA_Mon_Feb_23_03_41_25_2026,0.009488493204116794,0.1450975239276886,4.2779725995743965
RADLabs26_Feb23_GrafLab_Clay100%_Group9SampleA_Mon_Feb_23_03_41_25_2026,0.009488493204116794,0.1450975239276886,4.2779725995743965
RADLabs26_Feb23_GrafLab_Clay100%_Group9SampleA_Mon_Feb_23_03_41_25_2026,0.009488493204116794,0.1450975239276886,4.2779725995743965
RADLabs26_Feb23_GrafLab_Clay100%_Group9SampleA_Mon_Feb_23_03_41_25_2026,0.00971062481403348,-0.0162170566618442,4.2779725995743965
RADLabs26_Feb23_GrafLab_Clay100%_Group9SampleA_Mon_Feb_23_03_41_25_2026,0.00971062481403348,-0.0162170566618442,4.2779725995743965
RADLabs26_Feb23_GrafLab_Clay100%_Group9SampleA_Mon_Feb_23_03_41_25_2026,0.00971062481403348,-0.0162170566618442,4.2779725995743965
RADLabs26_Feb23_GrafLab_Clay100%_Group9SampleA_Mon_Feb_23_03_41_25_2026,0.00971062481403348,-0.0162170566618442,4.2779725995743965
RADLabs26_Feb23_GrafLab_Clay100%_Group9SampleA_Mon_Feb_23_03_41_25_2026,0.00971062481403348,-0.0162170566618442,4.2779725995743965
RADLabs26_Feb23_GrafLab_Clay100%_Group9SampleA_Mon_Feb_23_03_41_25_2026,0.00971062481403348,-0.0162170566618442,4.2779725995743965
RADLabs26_Feb23_GrafLab_Clay100%_Group9SampleA_Mon_Feb_23_03_41_25_2026,0.009947478771209689,-0.1777043044567108,4.2779725995743965
RADLabs26_Feb23_GrafLab_Clay100%_Group9SampleA_Mon_Feb_23_03_41_25_2026,0.009947478771209689,-0.1777043044567108,4.2779725995743965
RADLabs26_Feb23_GrafLab_Clay100%_Group9SampleA_Mon_Feb_23_03_41_25_2026,0.009947478771209689,-0.1777043044567108,4.2779725995743965
RADLabs26_Feb23_GrafLab_Clay100%_Group9SampleA_Mon_Feb_23_03_41_25_2026,0.009947478771209689,-0.1777043044567108,4.2779725995743965
RADLabs26_Feb23_GrafLab_Clay100%_Group9SampleA_Mon_Feb_23_03_41_25_2026,0.009947478771209689,-0.1777043044567108,4.2779725995743965
RADLabs26_Feb23_GrafLab_Clay100%_Group9SampleA_Mon_Feb_23_03_41_25_2026,0.009947478771209689,-0.1777043044567108,4.2779725995743965
RADLabs26_Feb23_GrafLab_Clay100%_Group9SampleA_Mon_Feb_23_03_41_25_2026,0.009947478771209689,-0.1777043044567108,4.2779725995743965
RADLabs26_Feb23_GrafLab_Clay100%_Group9SampleA_Mon_Feb_23_03_41_25_2026,0.010442718863487188,-0.6299101114273071,4.2779725995743965
RADLabs26_Feb23_GrafLab_Clay100%_Group9SampleA_Mon_Feb_23_03_41_25_2026,0.010442718863487188,-0.6299101114273071,4.2779725995743965
RADLabs26_Feb23_GrafLab_Clay100%_Group9SampleA_Mon_Feb_23_03_41_25_2026,0.010442718863487188,-0.6299101114273071,4.2779725995743965
RADLabs26_Feb23_GrafLab_Clay100%_Group9SampleA_Mon_Feb_23_03_41_25_2026,0.010442718863487188,-0.6299101114273071,4.2779725995743965
RADLabs26_Feb23_GrafLab_Clay100%_Group9SampleA_Mon_Feb_23_03_41_25_2026,0.010442718863487188,-0.6299101114273071,4.2779725995743965
RADLabs26_Feb23_GrafLab_Clay100%_Group9SampleA_Mon_Feb_23_03_41_25_2026,0.010442718863487188,-0.6299101114273071,4.2779725995743965
RADLabs26_Feb23_GrafLab_Clay100%_Group9SampleA_Mon_Feb_23_03_41_25_2026,0.010442718863487188,-0.6299101114273071,4.2779725995743965
RADLabs26_Feb23_GrafLab_Clay100%_Group9SampleA_Mon_Feb_23_03_41_25_2026,0.010778844356536782,-0.7687061429023743,4.2779725995743965
RADLabs26_Feb23_GrafLab_Clay100%_Group9SampleA_Mon_Feb_23_03_41_25_2026,0.010778844356536782,-0.7687061429023743,4.2779725995743965
RADLabs26_Feb23_GrafLab_Clay100%_Group9SampleA_Mon_Feb_23_03_41_25_2026,0.010778844356536782,-0.7687061429023743,4.2779725995743965
RADLabs26_Feb23_GrafLab_Clay100%_Group9SampleA_Mon_Feb_23_03_41_25_2026,0.010778844356536782,-0.7687061429023743,4.2779725995743965
RADLabs26_Feb23_GrafLab_Clay100%_Group9SampleA_Mon_Feb_23_03_41_25_2026,0.010778844356536782,-0.7687061429023743,4.2779725995743965
RADLabs26_Feb23_GrafLab_Clay100%_Group9SampleA_Mon_Feb_23_03_41_25_2026,0.010778844356536782,-0.7687061429023743,4.2779725995743965
RADLabs26_Feb23_GrafLab_Clay100%_Group9SampleA_Mon_Feb_23_03_41_25_2026,0.010773777961730902,-0.6917457580566406,4.2779725995743965
RADLabs26_Feb23_GrafLab_Clay100%_Group9SampleA_Mon_Feb_23_03_41_25_2026,0.010773777961730902,-0.6917457580566406,4.2779725995743965
RADLabs26_Feb23_GrafLab_Clay100%_Group9SampleA_Mon_Feb_23_03_41_25_2026,0.010773777961730902,-0.6917457580566406,4.2779725995743965
RADLabs26_Feb23_GrafLab_Clay100%_Group9SampleA_Mon_Feb_23_03_41_25_2026,0.010773777961730902,-0.6917457580566406,4.2779725995743965
RADLabs26_Feb23_GrafLab_Clay100%_Group9SampleA_Mon_Feb_23_03_41_25_2026,0.010773777961730902,-0.6917457580566406,4.2779725995743965
RADLabs26_Feb23_GrafLab_Clay100%_Group9SampleA_Mon_Feb_23_03_41_25_2026,0.010773777961730902,-0.6917457580566406,4.2779725995743965
RADLabs26_Feb23_GrafLab_Clay100%_Group9SampleA_Mon_Feb_23_03_41_25_2026,0.0106953084468841,-0.3863621652126312,4.2779725995743965
RADLabs26_Feb23_GrafLab_Clay100%_Group9SampleA_Mon_Feb_23_03_41_25_2026,0.0106953084468841,-0.3863621652126312,4.2779725995743965
RADLabs26_Feb23_GrafLab_Clay100%_Group9SampleA_Mon_Feb_23_03_41_25_2026,0.0106953084468841,-0.3863621652126312,4.2779725995743965
RADLabs26_Feb23_GrafLab_Clay100%_Group9SampleA_Mon_Feb_23_03_41_25_2026,0.0106953084468841,-0.3863621652126312,4.2779725995743965
RADLabs26_Feb23_GrafLab_Clay100%_Group9SampleA_Mon_Feb_23_03_41_25_2026,0.0106953084468841,-0.3863621652126312,4.2779725995743965
RADLabs26_Feb23_GrafLab_Clay100%_Group9SampleA_Mon_Feb_23_03_41_25_2026,0.0106953084468841,-0.3863621652126312,4.2779725995743965
RADLabs26_Feb23_GrafLab_Clay100%_Group9SampleA_Mon_Feb_23_03_41_25_2026,0.010786518454551697,-0.4691206812858581,4.2779725995743965
RADLabs26_Feb23_GrafLab_Clay100%_Group9SampleA_Mon_Feb_23_03_41_25_2026,0.010786518454551697,-0.4691206812858581,4.2779725995743965
RADLabs26_Feb23_GrafLab_Clay100%_Group9SampleA_Mon_Feb_23_03_41_25_2026,0.010786518454551697,-0.4691206812858581,4.2779725995743965
RADLabs26_Feb23_GrafLab_Clay100%_Group9SampleA_Mon_Feb_23_03_41_25_2026,0.010786518454551697,-0.4691206812858581,4.2779725995743965
RADLabs26_Feb23_GrafLab_Clay100%_Group9SampleA_Mon_Feb_23_03_41_25_2026,0.010786518454551697,-0.4691206812858581,4.2779725995743965
RADLabs26_Feb23_GrafLab_Clay100%_Group9SampleA_Mon_Feb_23_03_41_25_2026,0.010786518454551697,-0.4691206812858581,4.2779725995743965
RADLabs26_Feb23_GrafLab_Clay100%_Group9SampleA_Mon_Feb_23_03_41_25_2026,0.011015579104423495,-0.7237726449966431,4.2779725995743965
RADLabs26_Feb23_GrafLab_Clay100%_Group9SampleA_Mon_Feb_23_03_41_25_2026,0.011015579104423495,-0.7237726449966431,4.2779725995743965
RADLabs26_Feb23_GrafLab_Clay100%_Group9SampleA_Mon_Feb_23_03_41_25_2026,0.011015579104423495,-0.7237726449966431,4.2779725995743965
RADLabs26_Feb23_GrafLab_Clay100%_Group9SampleA_Mon_Feb_23_03_41_25_2026,0.011015579104423495,-0.7237726449966431,4.2779725995743965
RADLabs26_Feb23_GrafLab_Clay100%_Group9SampleA_Mon_Feb_23_03_41_25_2026,0.011015579104423495,-0.7237726449966431,4.2779725995743965
RADLabs26_Feb23_GrafLab_Clay100%_Group9SampleA_Mon_Feb_23_03_41_25_2026,0.011015579104423495,-0.7237726449966431,4.2779725995743965
RADLabs26_Feb23_GrafLab_Clay100%_Group9SampleA_Mon_Feb_23_03_41_25_2026,0.011210277676582281,-0.6547079682350159,4.2779725995743965
RADLabs26_Feb23_GrafLab_Clay100%_Group9SampleA_Mon_Feb_23_03_41_25_2026,0.011210277676582281,-0.6547079682350159,4.2779725995743965
RADLabs26_Feb23_GrafLab_Clay100%_Group9SampleA_Mon_Feb_23_03_41_25_2026,0.011210277676582281,-0.6547079682350159,4.2779725995743965
RADLabs26_Feb23_GrafLab_Clay100%_Group9SampleA_Mon_Feb_23_03_41_25_2026,0.011210277676582281,-0.6547079682350159,4.2779725995743965
RADLabs26_Feb23_GrafLab_Clay100%_Group9SampleA_Mon_Feb_23_03_41_25_2026,0.011210277676582281,-0.6547079682350159,4.2779725995743965
RADLabs26_Feb23_GrafLab_Clay100%_Group9SampleA_Mon_Feb_23_03_41_25_2026,0.01120045781135559,-0.5214153528213501,4.2779725995743965
RADLabs26_Feb23_GrafLab_Clay100%_Group9SampleA_Mon_Feb_23_03_41_25_2026,0.01120045781135559,-0.5214153528213501,4.2779725995743965
RADLabs26_Feb23_GrafLab_Clay100%_Group9SampleA_Mon_Feb_23_03_41_25_2026,0.01120045781135559,-0.5214153528213501,4.2779725995743965
RADLabs26_Feb23_GrafLab_Clay100%_Group9SampleA_Mon_Feb_23_03_41_25_2026,0.01120045781135559,-0.5214153528213501,4.2779725995743965
RADLabs26_Feb23_GrafLab_Clay100%_Group9SampleA_Mon_Feb_23_03_41_25_2026,0.01120045781135559,-0.5214153528213501,4.2779725995743965
RADLabs26_Feb23_GrafLab_Clay100%_Group9SampleA_Mon_Feb_23_03_41_25_2026,0.01120045781135559,-0.5214153528213501,4.2779725995743965
RADLabs26_Feb23_GrafLab_Clay100%_Group9SampleA_Mon_Feb_23_03_41_25_2026,0.011255055665969793,-0.6091639995574951,4.2779725995743965
RADLabs26_Feb23_GrafLab_Clay100%_Group9SampleA_Mon_Feb_23_03_41_25_2026,0.011255055665969793,-0.6091639995574951,4.2779725995743965
RADLabs26_Feb23_GrafLab_Clay100%_Group9SampleA_Mon_Feb_23_03_41_25_2026,0.011255055665969793,-0.6091639995574951,4.2779725995743965
RADLabs26_Feb23_GrafLab_Clay100%_Group9SampleA_Mon_Feb_23_03_41_25_2026,0.011255055665969793,-0.6091639995574951,4.2779725995743965
RADLabs26_Feb23_GrafLab_Clay100%_Group9SampleA_Mon_Feb_23_03_41_25_2026,0.011395886540412903,-0.6555987596511841,4.2779725995743965
RADLabs26_Feb23_GrafLab_Clay100%_Group9SampleA_Mon_Feb_23_03_41_25_2026,0.011395886540412903,-0.6555987596511841,4.2779725995743965
RADLabs26_Feb23_GrafLab_Clay100%_Group9SampleA_Mon_Feb_23_03_41_25_2026,0.011395886540412903,-0.6555987596511841,4.2779725995743965
RADLabs26_Feb23_GrafLab_Clay100%_Group9SampleA_Mon_Feb_23_03_41_25_2026,0.011395886540412903,-0.6555987596511841,4.2779725995743965
RADLabs26_Feb23_GrafLab_Clay100%_Group9SampleA_Mon_Feb_23_03_41_25_2026,0.011395886540412903,-0.6555987596511841,4.2779725995743965
RADLabs26_Feb23_GrafLab_Clay100%_Group9SampleA_Mon_Feb_23_03_41_25_2026,0.011406540870666504,-0.422910064458847,4.2779725995743965
RADLabs26_Feb23_GrafLab_Clay100%_Group9SampleA_Mon_Feb_23_03_41_25_2026,0.011406540870666504,-0.422910064458847,4.2779725995743965
RADLabs26_Feb23_GrafLab_Clay100%_Group9SampleA_Mon_Feb_23_03_41_25_2026,0.011406540870666504,-0.422910064458847,4.2779725995743965
RADLabs26_Feb23_GrafLab_Clay100%_Group9SampleA_Mon_Feb_23_03_41_25_2026,0.011406540870666504,-0.422910064458847,4.2779725995743965
RADLabs26_Feb23_GrafLab_Clay100%_Group9SampleA_Mon_Feb_23_03_41_25_2026,0.011406540870666504,-0.422910064458847,4.2779725995743965
RADLabs26_Feb23_GrafLab_Clay100%_Group9SampleA_Mon_Feb_23_03_41_25_2026,0.011406540870666504,-0.422910064458847,4.2779725995743965
RADLabs26_Feb23_GrafLab_Clay100%_Group9SampleA_Mon_Feb_23_03_41_25_2026,0.011364519596099798,-0.3671003580093384,4.2779725995743965
RADLabs26_Feb23_GrafLab_Clay100%_Group9SampleA_Mon_Feb_23_03_41_25_2026,0.011364519596099798,-0.3671003580093384,4.2779725995743965
RADLabs26_Feb23_GrafLab_Clay100%_Group9SampleA_Mon_Feb_23_03_41_25_2026,0.011364519596099798,-0.3671003580093384,4.2779725995743965
RADLabs26_Feb23_GrafLab_Clay100%_Group9SampleA_Mon_Feb_23_03_41_25_2026,0.011364519596099798,-0.3671003580093384,4.2779725995743965
RADLabs26_Feb23_GrafLab_Clay100%_Group9SampleA_Mon_Feb_23_03_41_25_2026,0.011364519596099798,-0.3671003580093384,4.2779725995743965
RADLabs26_Feb23_GrafLab_Clay100%_Group9SampleA_Mon_Feb_23_03_41_25_2026,0.011469826102256692,-0.3421541452407837,4.2779725995743965
RADLabs26_Feb23_GrafLab_Clay100%_Group9SampleA_Mon_Feb_23_03_41_25_2026,0.011469826102256692,-0.3421541452407837,4.2779725995743965
RADLabs26_Feb23_GrafLab_Clay100%_Group9SampleA_Mon_Feb_23_03_41_25_2026,0.011469826102256692,-0.3421541452407837,4.2779725995743965
RADLabs26_Feb23_GrafLab_Clay100%_Group9SampleA_Mon_Feb_23_03_41_25_2026,0.011469826102256692,-0.3421541452407837,4.2779725995743965
RADLabs26_Feb23_GrafLab_Clay100%_Group9SampleA_Mon_Feb_23_03_41_25_2026,0.011469826102256692,-0.3421541452407837,4.2779725995743965
RADLabs26_Feb23_GrafLab_Clay100%_Group9SampleA_Mon_Feb_23_03_41_25_2026,0.011546939611434881,-0.2810920178890228,4.2779725995743965
RADLabs26_Feb23_GrafLab_Clay100%_Group9SampleA_Mon_Feb_23_03_41_25_2026,0.011546939611434881,-0.2810920178890228,4.2779725995743965
RADLabs26_Feb23_GrafLab_Clay100%_Group9SampleA_Mon_Feb_23_03_41_25_2026,0.011546939611434881,-0.2810920178890228,4.2779725995743965
RADLabs26_Feb23_GrafLab_Clay100%_Group9SampleA_Mon_Feb_23_03_41_25_2026,0.011546939611434881,-0.2810920178890228,4.2779725995743965
RADLabs26_Feb23_GrafLab_Clay100%_Group9SampleA_Mon_Feb_23_03_41_25_2026,0.011546939611434881,-0.2810920178890228,4.2779725995743965
RADLabs26_Feb23_GrafLab_Clay100%_Group9SampleA_Mon_Feb_23_03_41_25_2026,0.011541143059730502,-0.1621609032154083,4.2779725995743965
RADLabs26_Feb23_GrafLab_Clay100%_Group9SampleA_Mon_Feb_23_03_41_25_2026,0.011541143059730502,-0.1621609032154083,4.2779725995743965
RADLabs26_Feb23_GrafLab_Clay100%_Group9SampleA_Mon_Feb_23_03_41_25_2026,0.011541143059730502,-0.1621609032154083,4.2779725995743965
RADLabs26_Feb23_GrafLab_Clay100%_Group9SampleA_Mon_Feb_23_03_41_25_2026,0.011541143059730502,-0.1621609032154083,4.2779725995743965
RADLabs26_Feb23_GrafLab_Clay100%_Group9SampleA_Mon_Feb_23_03_41_25_2026,0.011541143059730502,-0.1621609032154083,4.2779725995743965
RADLabs26_Feb23_GrafLab_Clay100%_Group9SampleA_Mon_Feb_23_03_41_25_2026,0.011541143059730502,-0.1621609032154083,4.2779725995743965
RADLabs26_Feb23_GrafLab_Clay100%_Group9SampleA_Mon_Feb_23_03_41_25_2026,0.011541143059730502,-0.0636922791600227,4.2779725995743965
RADLabs26_Feb23_GrafLab_Clay100%_Group9SampleA_Mon_Feb_23_03_41_25_2026,0.011541143059730502,-0.0636922791600227,4.2779725995743965
RADLabs26_Feb23_GrafLab_Clay100%_Group9SampleA_Mon_Feb_23_03_41_25_2026,0.011541143059730502,-0.0636922791600227,4.2779725995743965
RADLabs26_Feb23_GrafLab_Clay100%_Group9SampleA_Mon_Feb_23_03_41_25_2026,0.011541143059730502,-0.0636922791600227,4.2779725995743965
RADLabs26_Feb23_GrafLab_Clay100%_Group9SampleA_Mon_Feb_23_03_41_25_2026,0.011541143059730502,-0.0636922791600227,4.2779725995743965
RADLabs26_Feb23_GrafLab_Clay100%_Group9SampleA_Mon_Feb_23_03_41_25_2026,0.011619344353675787,-0.0530869513750076,4.2779725995743965
RADLabs26_Feb23_GrafLab_Clay100%_Group9SampleA_Mon_Feb_23_03_41_25_2026,0.011619344353675787,-0.0530869513750076,4.2779725995743965
RADLabs26_Feb23_GrafLab_Clay100%_Group9SampleA_Mon_Feb_23_03_41_25_2026,0.011619344353675787,-0.0530869513750076,4.2779725995743965
RADLabs26_Feb23_GrafLab_Clay100%_Group9SampleA_Mon_Feb_23_03_41_25_2026,0.011619344353675787,-0.0530869513750076,4.2779725995743965
RADLabs26_Feb23_GrafLab_Clay100%_Group9SampleA_Mon_Feb_23_03_41_25_2026,0.011619344353675787,-0.0530869513750076,4.2779725995743965
RADLabs26_Feb23_GrafLab_Clay100%_Group9SampleA_Mon_Feb_23_03_41_25_2026,0.011625796556472695,0.0499549582600593,4.2779725995743965
RADLabs26_Feb23_GrafLab_Clay100%_Group9SampleA_Mon_Feb_23_03_41_25_2026,0.011625796556472695,0.0499549582600593,4.2779725995743965
RADLabs26_Feb23_GrafLab_Clay100%_Group9SampleA_Mon_Feb_23_03_41_25_2026,0.011625796556472695,0.0499549582600593,4.2779725995743965
RADLabs26_Feb23_GrafLab_Clay100%_Group9SampleA_Mon_Feb_23_03_41_25_2026,0.011625796556472695,0.0499549582600593,4.2779725995743965
RADLabs26_Feb23_GrafLab_Clay100%_Group9SampleA_Mon_Feb_23_03_41_25_2026,0.011625796556472695,0.0499549582600593,4.2779725995743965
RADLabs26_Feb23_GrafLab_Clay100%_Group9SampleA_Mon_Feb_23_03_41_25_2026,0.011625796556472695,0.0499549582600593,4.2779725995743965
RADLabs26_Feb23_GrafLab_Clay100%_Group9SampleA_Mon_Feb_23_03_41_25_2026,0.011690557003021185,0.0550894178450107,4.2779725995743965
RADLabs26_Feb23_GrafLab_Clay100%_Group9SampleA_Mon_Feb_23_03_41_25_2026,0.011690557003021185,0.0550894178450107,4.2779725995743965
RADLabs26_Feb23_GrafLab_Clay100%_Group9SampleA_Mon_Feb_23_03_41_25_2026,0.011690557003021185,0.0550894178450107,4.2779725995743965
RADLabs26_Feb23_GrafLab_Clay100%_Group9SampleA_Mon_Feb_23_03_41_25_2026,0.011690557003021185,0.0550894178450107,4.2779725995743965
RADLabs26_Feb23_GrafLab_Clay100%_Group9SampleA_Mon_Feb_23_03_41_25_2026,0.011690557003021185,0.0550894178450107,4.2779725995743965
RADLabs26_Feb23_GrafLab_Clay100%_Group9SampleA_Mon_Feb_23_03_41_25_2026,0.011690557003021185,0.0550894178450107,4.2779725995743965
RADLabs26_Feb23_GrafLab_Clay100%_Group9SampleA_Mon_Feb_23_03_41_25_2026,0.0117620378732681,0.0675803944468498,4.2779725995743965
RADLabs26_Feb23_GrafLab_Clay100%_Group9SampleA_Mon_Feb_23_03_41_25_2026,0.0117620378732681,0.0675803944468498,4.2779725995743965
RADLabs26_Feb23_GrafLab_Clay100%_Group9SampleA_Mon_Feb_23_03_41_25_2026,0.0117620378732681,0.0675803944468498,4.2779725995743965
RADLabs26_Feb23_GrafLab_Clay100%_Group9SampleA_Mon_Feb_23_03_41_25_2026,0.0117620378732681,0.0675803944468498,4.2779725995743965
RADLabs26_Feb23_GrafLab_Clay100%_Group9SampleA_Mon_Feb_23_03_41_25_2026,0.0117620378732681,0.0675803944468498,4.2779725995743965
RADLabs26_Feb23_GrafLab_Clay100%_Group9SampleA_Mon_Feb_23_03_41_25_2026,0.0117620378732681,0.0675803944468498,4.2779725995743965
RADLabs26_Feb23_GrafLab_Clay100%_Group9SampleA_Mon_Feb_23_03_41_25_2026,0.0117620378732681,0.0675803944468498,4.2779725995743965
RADLabs26_Feb23_GrafLab_Clay100%_Group9SampleA_Mon_Feb_23_03_41_25_2026,0.0117620378732681,0.0675803944468498,4.2779725995743965
RADLabs26_Feb23_GrafLab_Clay100%_Group9SampleA_Mon_Feb_23_03_41_25_2026,0.011813580989837591,0.1419878154993057,4.2779725995743965
RADLabs26_Feb23_GrafLab_Clay100%_Group9SampleA_Mon_Feb_23_03_41_25_2026,0.011813580989837591,0.1419878154993057,4.2779725995743965
RADLabs26_Feb23_GrafLab_Clay100%_Group9SampleA_Mon_Feb_23_03_41_25_2026,0.011813580989837591,0.1419878154993057,4.2779725995743965
RADLabs26_Feb23_GrafLab_Clay100%_Group9SampleA_Mon_Feb_23_03_41_25_2026,0.011813580989837591,0.1419878154993057,4.2779725995743965
RADLabs26_Feb23_GrafLab_Clay100%_Group9SampleA_Mon_Feb_23_03_41_25_2026,0.011813580989837591,0.1419878154993057,4.2779725995743965
RADLabs26_Feb23_GrafLab_Clay100%_Group9SampleA_Mon_Feb_23_03_41_25_2026,0.011813580989837591,0.1419878154993057,4.2779725995743965
RADLabs26_Feb23_GrafLab_Clay100%_Group9SampleA_Mon_Feb_23_03_41_25_2026,0.011813580989837591,0.1419878154993057,4.2779725995743965
RADLabs26_Feb23_GrafLab_Clay100%_Group9SampleA_Mon_Feb_23_03_41_25_2026,0.011882320046424782,0.1813412457704544,4.2779725995743965
RADLabs26_Feb23_GrafLab_Clay100%_Group9SampleA_Mon_Feb_23_03_41_25_2026,0.011882320046424782,0.1813412457704544,4.2779725995743965
RADLabs26_Feb23_GrafLab_Clay100%_Group9SampleA_Mon_Feb_23_03_41_25_2026,0.011882320046424782,0.1813412457704544,4.2779725995743965
RADLabs26_Feb23_GrafLab_Clay100%_Group9SampleA_Mon_Feb_23_03_41_25_2026,0.011882320046424782,0.1813412457704544,4.2779725995743965
RADLabs26_Feb23_GrafLab_Clay100%_Group9SampleA_Mon_Feb_23_03_41_25_2026,0.011882320046424782,0.1813412457704544,4.2779725995743965
RADLabs26_Feb23_GrafLab_Clay100%_Group9SampleA_Mon_Feb_23_03_41_25_2026,0.011882320046424782,0.1813412457704544,4.2779725995743965
RADLabs26_Feb23_GrafLab_Clay100%_Group9SampleA_Mon_Feb_23_03_41_25_2026,0.011882320046424782,0.1813412457704544,4.2779725995743965
RADLabs26_Feb23_GrafLab_Clay100%_Group9SampleA_Mon_Feb_23_03_41_25_2026,0.01199653744697568,0.1416210830211639,4.2779725995743965
RADLabs26_Feb23_GrafLab_Clay100%_Group9SampleA_Mon_Feb_23_03_41_25_2026,0.01199653744697568,0.1416210830211639,4.2779725995743965
RADLabs26_Feb23_GrafLab_Clay100%_Group9SampleA_Mon_Feb_23_03_41_25_2026,0.01199653744697568,0.1416210830211639,4.2779725995743965
RADLabs26_Feb23_GrafLab_Clay100%_Group9SampleA_Mon_Feb_23_03_41_25_2026,0.01199653744697568,0.1416210830211639,4.2779725995743965
RADLabs26_Feb23_GrafLab_Clay100%_Group9SampleA_Mon_Feb_23_03_41_25_2026,0.01199653744697568,0.1416210830211639,4.2779725995743965
RADLabs26_Feb23_GrafLab_Clay100%_Group9SampleA_Mon_Feb_23_03_41_25_2026,0.01199653744697568,0.1416210830211639,4.2779725995743965
RADLabs26_Feb23_GrafLab_Clay100%_Group9SampleA_Mon_Feb_23_03_41_25_2026,0.01212400197982788,0.0846443921327591,4.2779725995743965
RADLabs26_Feb23_GrafLab_Clay100%_Group9SampleA_Mon_Feb_23_03_41_25_2026,0.01212400197982788,0.0846443921327591,4.2779725995743965
RADLabs26_Feb23_GrafLab_Clay100%_Group9SampleA_Mon_Feb_23_03_41_25_2026,0.01212400197982788,0.0846443921327591,4.2779725995743965
RADLabs26_Feb23_GrafLab_Clay100%_Group9SampleA_Mon_Feb_23_03_41_25_2026,0.01212400197982788,0.0846443921327591,4.2779725995743965
RADLabs26_Feb23_GrafLab_Clay100%_Group9SampleA_Mon_Feb_23_03_41_25_2026,0.01212400197982788,0.0846443921327591,4.2779725995743965
RADLabs26_Feb23_GrafLab_Clay100%_Group9SampleA_Mon_Feb_23_03_41_25_2026,0.01212400197982788,0.0846443921327591,4.2779725995743965
RADLabs26_Feb23_GrafLab_Clay100%_Group9SampleA_Mon_Feb_23_03_41_25_2026,0.01212400197982788,0.0846443921327591,4.2779725995743965
RADLabs26_Feb23_GrafLab_Clay100%_Group9SampleA_Mon_Feb_23_03_41_25_2026,0.012339547276496887,-0.045682355761528,4.2779725995743965
RADLabs26_Feb23_GrafLab_Clay100%_Group9SampleA_Mon_Feb_23_03_41_25_2026,0.012339547276496887,-0.045682355761528,4.2779725995743965
RADLabs26_Feb23_GrafLab_Clay100%_Group9SampleA_Mon_Feb_23_03_41_25_2026,0.012339547276496887,-0.045682355761528,4.2779725995743965
RADLabs26_Feb23_GrafLab_Clay100%_Group9SampleA_Mon_Feb_23_03_41_25_2026,0.012339547276496887,-0.045682355761528,4.2779725995743965
RADLabs26_Feb23_GrafLab_Clay100%_Group9SampleA_Mon_Feb_23_03_41_25_2026,0.012339547276496887,-0.045682355761528,4.2779725995743965
RADLabs26_Feb23_GrafLab_Clay100%_Group9SampleA_Mon_Feb_23_03_41_25_2026,0.012339547276496887,-0.045682355761528,4.2779725995743965
RADLabs26_Feb23_GrafLab_Clay100%_Group9SampleA_Mon_Feb_23_03_41_25_2026,0.012339547276496887,-0.045682355761528,4.2779725995743965
RADLabs26_Feb23_GrafLab_Clay100%_Group9SampleA_Mon_Feb_23_03_41_25_2026,0.012339547276496887,-0.045682355761528,4.2779725995743965
RADLabs26_Feb23_GrafLab_Clay100%_Group9SampleA_Mon_Feb_23_03_41_25_2026,0.012569814920425387,-0.2017180919647216,4.2779725995743965
RADLabs26_Feb23_GrafLab_Clay100%_Group9SampleA_Mon_Feb_23_03_41_25_2026,0.012569814920425387,-0.2017180919647216,4.2779725995743965
RADLabs26_Feb23_GrafLab_Clay100%_Group9SampleA_Mon_Feb_23_03_41_25_2026,0.012569814920425387,-0.2017180919647216,4.2779725995743965
RADLabs26_Feb23_GrafLab_Clay100%_Group9SampleA_Mon_Feb_23_03_41_25_2026,0.012569814920425387,-0.2017180919647216,4.2779725995743965
RADLabs26_Feb23_GrafLab_Clay100%_Group9SampleA_Mon_Feb_23_03_41_25_2026,0.012569814920425387,-0.2017180919647216,4.2779725995743965
RADLabs26_Feb23_GrafLab_Clay100%_Group9SampleA_Mon_Feb_23_03_41_25_2026,0.012973606586456299,-0.5350413918495178,4.2779725995743965
RADLabs26_Feb23_GrafLab_Clay100%_Group9SampleA_Mon_Feb_23_03_41_25_2026,0.012973606586456299,-0.5350413918495178,4.2779725995743965
RADLabs26_Feb23_GrafLab_Clay100%_Group9SampleA_Mon_Feb_23_03_41_25_2026,0.012973606586456299,-0.5350413918495178,4.2779725995743965
RADLabs26_Feb23_GrafLab_Clay100%_Group9SampleA_Mon_Feb_23_03_41_25_2026,0.012973606586456299,-0.5350413918495178,4.2779725995743965
RADLabs26_Feb23_GrafLab_Clay100%_Group9SampleA_Mon_Feb_23_03_41_25_2026,0.012973606586456299,-0.5350413918495178,4.2779725995743965
RADLabs26_Feb23_GrafLab_Clay100%_Group9SampleA_Mon_Feb_23_03_41_25_2026,0.012973606586456299,-0.5350413918495178,4.2779725995743965
RADLabs26_Feb23_GrafLab_Clay100%_Group9SampleA_Mon_Feb_23_03_41_25_2026,0.013331308960914584,-0.7675328254699707,4.2779725995743965
RADLabs26_Feb23_GrafLab_Clay100%_Group9SampleA_Mon_Feb_23_03_41_25_2026,0.013331308960914584,-0.7675328254699707,4.2779725995743965
RADLabs26_Feb23_GrafLab_Clay100%_Group9SampleA_Mon_Feb_23_03_41_25_2026,0.013331308960914584,-0.7675328254699707,4.2779725995743965
RADLabs26_Feb23_GrafLab_Clay100%_Group9SampleA_Mon_Feb_23_03_41_25_2026,0.013331308960914584,-0.7675328254699707,4.2779725995743965
RADLabs26_Feb23_GrafLab_Clay100%_Group9SampleA_Mon_Feb_23_03_41_25_2026,0.013331308960914584,-0.7675328254699707,4.2779725995743965
RADLabs26_Feb23_GrafLab_Clay100%_Group9SampleA_Mon_Feb_23_03_41_25_2026,0.013331308960914584,-0.7675328254699707,4.2779725995743965
RADLabs26_Feb23_GrafLab_Clay100%_Group9SampleA_Mon_Feb_23_03_41_25_2026,0.013425782322883606,-0.6448009610176086,4.2779725995743965
RADLabs26_Feb23_GrafLab_Clay100%_Group9SampleA_Mon_Feb_23_03_41_25_2026,0.013425782322883606,-0.6448009610176086,4.2779725995743965
RADLabs26_Feb23_GrafLab_Clay100%_Group9SampleA_Mon_Feb_23_03_41_25_2026,0.013425782322883606,-0.6448009610176086,4.2779725995743965
RADLabs26_Feb23_GrafLab_Clay100%_Group9SampleA_Mon_Feb_23_03_41_25_2026,0.013425782322883606,-0.6448009610176086,4.2779725995743965
RADLabs26_Feb23_GrafLab_Clay100%_Group9SampleA_Mon_Feb_23_03_41_25_2026,0.013425782322883606,-0.6448009610176086,4.2779725995743965
RADLabs26_Feb23_GrafLab_Clay100%_Group9SampleA_Mon_Feb_23_03_41_25_2026,0.013425782322883606,-0.6448009610176086,4.2779725995743965
RADLabs26_Feb23_GrafLab_Clay100%_Group9SampleA_Mon_Feb_23_03_41_25_2026,0.013425782322883606,-0.6448009610176086,4.2779725995743965
RADLabs26_Feb23_GrafLab_Clay100%_Group9SampleA_Mon_Feb_23_03_41_25_2026,0.013325616717338479,-0.3880170285701751,4.2779725995743965
RADLabs26_Feb23_GrafLab_Clay100%_Group9SampleA_Mon_Feb_23_03_41_25_2026,0.013325616717338479,-0.3880170285701751,4.2779725995743965
RADLabs26_Feb23_GrafLab_Clay100%_Group9SampleA_Mon_Feb_23_03_41_25_2026,0.013325616717338479,-0.3880170285701751,4.2779725995743965
RADLabs26_Feb23_GrafLab_Clay100%_Group9SampleA_Mon_Feb_23_03_41_25_2026,0.013325616717338479,-0.3880170285701751,4.2779725995743965
RADLabs26_Feb23_GrafLab_Clay100%_Group9SampleA_Mon_Feb_23_03_41_25_2026,0.013325616717338479,-0.3880170285701751,4.2779725995743965
RADLabs26_Feb23_GrafLab_Clay100%_Group9SampleA_Mon_Feb_23_03_41_25_2026,0.013325616717338479,-0.3880170285701751,4.2779725995743965
RADLabs26_Feb23_GrafLab_Clay100%_Group9SampleA_Mon_Feb_23_03_41_25_2026,0.013325616717338479,-0.3880170285701751,4.2779725995743965
RADLabs26_Feb23_GrafLab_Clay100%_Group9SampleA_Mon_Feb_23_03_41_25_2026,0.013319924473762484,-0.3289704322814941,4.2779725995743965
RADLabs26_Feb23_GrafLab_Clay100%_Group9SampleA_Mon_Feb_23_03_41_25_2026,0.013319924473762484,-0.3289704322814941,4.2779725995743965
RADLabs26_Feb23_GrafLab_Clay100%_Group9SampleA_Mon_Feb_23_03_41_25_2026,0.013319924473762484,-0.3289704322814941,4.2779725995743965
RADLabs26_Feb23_GrafLab_Clay100%_Group9SampleA_Mon_Feb_23_03_41_25_2026,0.013319924473762484,-0.3289704322814941,4.2779725995743965
RADLabs26_Feb23_GrafLab_Clay100%_Group9SampleA_Mon_Feb_23_03_41_25_2026,0.013319924473762484,-0.3289704322814941,4.2779725995743965
RADLabs26_Feb23_GrafLab_Clay100%_Group9SampleA_Mon_Feb_23_03_41_25_2026,0.013319924473762484,-0.3289704322814941,4.2779725995743965
RADLabs26_Feb23_GrafLab_Clay100%_Group9SampleA_Mon_Feb_23_03_41_25_2026,0.013552233576774597,-0.5563064813613892,4.2779725995743965
RADLabs26_Feb23_GrafLab_Clay100%_Group9SampleA_Mon_Feb_23_03_41_25_2026,0.013552233576774597,-0.5563064813613892,4.2779725995743965
RADLabs26_Feb23_GrafLab_Clay100%_Group9SampleA_Mon_Feb_23_03_41_25_2026,0.013552233576774597,-0.5563064813613892,4.2779725995743965
RADLabs26_Feb23_GrafLab_Clay100%_Group9SampleA_Mon_Feb_23_03_41_25_2026,0.013552233576774597,-0.5563064813613892,4.2779725995743965
RADLabs26_Feb23_GrafLab_Clay100%_Group9SampleA_Mon_Feb_23_03_41_25_2026,0.013552233576774597,-0.5563064813613892,4.2779725995743965
RADLabs26_Feb23_GrafLab_Clay100%_Group9SampleA_Mon_Feb_23_03_41_25_2026,0.013552233576774597,-0.5563064813613892,4.2779725995743965
RADLabs26_Feb23_GrafLab_Clay100%_Group9SampleA_Mon_Feb_23_03_41_25_2026,0.013552233576774597,-0.5563064813613892,4.2779725995743965
RADLabs26_Feb23_GrafLab_Clay100%_Group9SampleA_Mon_Feb_23_03_41_25_2026,0.013767376542091286,-0.7533640265464783,4.2779725995743965
RADLabs26_Feb23_GrafLab_Clay100%_Group9SampleA_Mon_Feb_23_03_41_25_2026,0.013767376542091286,-0.7533640265464783,4.2779725995743965
RADLabs26_Feb23_GrafLab_Clay100%_Group9SampleA_Mon_Feb_23_03_41_25_2026,0.013767376542091286,-0.7533640265464783,4.2779725995743965
RADLabs26_Feb23_GrafLab_Clay100%_Group9SampleA_Mon_Feb_23_03_41_25_2026,0.013767376542091286,-0.7533640265464783,4.2779725995743965
RADLabs26_Feb23_GrafLab_Clay100%_Group9SampleA_Mon_Feb_23_03_41_25_2026,0.013767376542091286,-0.7533640265464783,4.2779725995743965
RADLabs26_Feb23_GrafLab_Clay100%_Group9SampleA_Mon_Feb_23_03_41_25_2026,0.013767376542091286,-0.7533640265464783,4.2779725995743965
RADLabs26_Feb23_GrafLab_Clay100%_Group9SampleA_Mon_Feb_23_03_41_25_2026,0.013993710279464694,-0.7500941157341003,4.2779725995743965
RADLabs26_Feb23_GrafLab_Clay100%_Group9SampleA_Mon_Feb_23_03_41_25_2026,0.013993710279464694,-0.7500941157341003,4.2779725995743965
RADLabs26_Feb23_GrafLab_Clay100%_Group9SampleA_Mon_Feb_23_03_41_25_2026,0.013993710279464694,-0.7500941157341003,4.2779725995743965
RADLabs26_Feb23_GrafLab_Clay100%_Group9SampleA_Mon_Feb_23_03_41_25_2026,0.013993710279464694,-0.7500941157341003,4.2779725995743965
RADLabs26_Feb23_GrafLab_Clay100%_Group9SampleA_Mon_Feb_23_03_41_25_2026,0.013993710279464694,-0.7500941157341003,4.2779725995743965
RADLabs26_Feb23_GrafLab_Clay100%_Group9SampleA_Mon_Feb_23_03_41_25_2026,0.013993710279464694,-0.7500941157341003,4.2779725995743965
RADLabs26_Feb23_GrafLab_Clay100%_Group9SampleA_Mon_Feb_23_03_41_25_2026,0.014048755168914795,-0.6478296518325806,4.2779725995743965
RADLabs26_Feb23_GrafLab_Clay100%_Group9SampleA_Mon_Feb_23_03_41_25_2026,0.014048755168914795,-0.6478296518325806,4.2779725995743965
RADLabs26_Feb23_GrafLab_Clay100%_Group9SampleA_Mon_Feb_23_03_41_25_2026,0.014048755168914795,-0.6478296518325806,4.2779725995743965
RADLabs26_Feb23_GrafLab_Clay100%_Group9SampleA_Mon_Feb_23_03_41_25_2026,0.014048755168914795,-0.6478296518325806,4.2779725995743965
RADLabs26_Feb23_GrafLab_Clay100%_Group9SampleA_Mon_Feb_23_03_41_25_2026,0.014048755168914795,-0.6478296518325806,4.2779725995743965
RADLabs26_Feb23_GrafLab_Clay100%_Group9SampleA_Mon_Feb_23_03_41_25_2026,0.014096260070800781,-0.6099522709846497,4.2779725995743965
RADLabs26_Feb23_GrafLab_Clay100%_Group9SampleA_Mon_Feb_23_03_41_25_2026,0.014096260070800781,-0.6099522709846497,4.2779725995743965
RADLabs26_Feb23_GrafLab_Clay100%_Group9SampleA_Mon_Feb_23_03_41_25_2026,0.014096260070800781,-0.6099522709846497,4.2779725995743965
RADLabs26_Feb23_GrafLab_Clay100%_Group9SampleA_Mon_Feb_23_03_41_25_2026,0.014096260070800781,-0.6099522709846497,4.2779725995743965
RADLabs26_Feb23_GrafLab_Clay100%_Group9SampleA_Mon_Feb_23_03_41_25_2026,0.014096260070800781,-0.6099522709846497,4.2779725995743965
RADLabs26_Feb23_GrafLab_Clay100%_Group9SampleA_Mon_Feb_23_03_41_25_2026,0.014096260070800781,-0.6099522709846497,4.2779725995743965
RADLabs26_Feb23_GrafLab_Clay100%_Group9SampleA_Mon_Feb_23_03_41_25_2026,0.01413470506668088,-0.5650168061256409,4.2779725995743965
RADLabs26_Feb23_GrafLab_Clay100%_Group9SampleA_Mon_Feb_23_03_41_25_2026,0.01413470506668088,-0.5650168061256409,4.2779725995743965
RADLabs26_Feb23_GrafLab_Clay100%_Group9SampleA_Mon_Feb_23_03_41_25_2026,0.01413470506668088,-0.5650168061256409,4.2779725995743965
RADLabs26_Feb23_GrafLab_Clay100%_Group9SampleA_Mon_Feb_23_03_41_25_2026,0.01413470506668088,-0.5650168061256409,4.2779725995743965
RADLabs26_Feb23_GrafLab_Clay100%_Group9SampleA_Mon_Feb_23_03_41_25_2026,0.01413470506668088,-0.5650168061256409,4.2779725995743965
RADLabs26_Feb23_GrafLab_Clay100%_Group9SampleA_Mon_Feb_23_03_41_25_2026,0.014140114188194192,-0.44422248005867,4.2779725995743965
RADLabs26_Feb23_GrafLab_Clay100%_Group9SampleA_Mon_Feb_23_03_41_25_2026,0.014140114188194192,-0.44422248005867,4.2779725995743965
RADLabs26_Feb23_GrafLab_Clay100%_Group9SampleA_Mon_Feb_23_03_41_25_2026,0.014140114188194192,-0.44422248005867,4.2779725995743965
RADLabs26_Feb23_GrafLab_Clay100%_Group9SampleA_Mon_Feb_23_03_41_25_2026,0.014140114188194192,-0.44422248005867,4.2779725995743965
RADLabs26_Feb23_GrafLab_Clay100%_Group9SampleA_Mon_Feb_23_03_41_25_2026,0.014140114188194192,-0.44422248005867,4.2779725995743965
RADLabs26_Feb23_GrafLab_Clay100%_Group9SampleA_Mon_Feb_23_03_41_25_2026,0.01415885984897608,-0.3955171108245849,4.2779725995743965
RADLabs26_Feb23_GrafLab_Clay100%_Group9SampleA_Mon_Feb_23_03_41_25_2026,0.01415885984897608,-0.3955171108245849,4.2779725995743965
RADLabs26_Feb23_GrafLab_Clay100%_Group9SampleA_Mon_Feb_23_03_41_25_2026,0.01415885984897608,-0.3955171108245849,4.2779725995743965
RADLabs26_Feb23_GrafLab_Clay100%_Group9SampleA_Mon_Feb_23_03_41_25_2026,0.01415885984897608,-0.3955171108245849,4.2779725995743965
RADLabs26_Feb23_GrafLab_Clay100%_Group9SampleA_Mon_Feb_23_03_41_25_2026,0.01415885984897608,-0.3955171108245849,4.2779725995743965
RADLabs26_Feb23_GrafLab_Clay100%_Group9SampleA_Mon_Feb_23_03_41_25_2026,0.01415885984897608,-0.3955171108245849,4.2779725995743965
RADLabs26_Feb23_GrafLab_Clay100%_Group9SampleA_Mon_Feb_23_03_41_25_2026,0.014215320348739596,-0.3330550193786621,4.2779725995743965
RADLabs26_Feb23_GrafLab_Clay100%_Group9SampleA_Mon_Feb_23_03_41_25_2026,0.014215320348739596,-0.3330550193786621,4.2779725995743965
RADLabs26_Feb23_GrafLab_Clay100%_Group9SampleA_Mon_Feb_23_03_41_25_2026,0.014215320348739596,-0.3330550193786621,4.2779725995743965
RADLabs26_Feb23_GrafLab_Clay100%_Group9SampleA_Mon_Feb_23_03_41_25_2026,0.014215320348739596,-0.3330550193786621,4.2779725995743965
RADLabs26_Feb23_GrafLab_Clay100%_Group9SampleA_Mon_Feb_23_03_41_25_2026,0.014215320348739596,-0.3330550193786621,4.2779725995743965
RADLabs26_Feb23_GrafLab_Clay100%_Group9SampleA_Mon_Feb_23_03_41_25_2026,0.01425234973430628,-0.2677526473999023,4.2779725995743965
RADLabs26_Feb23_GrafLab_Clay100%_Group9SampleA_Mon_Feb_23_03_41_25_2026,0.01425234973430628,-0.2677526473999023,4.2779725995743965
RADLabs26_Feb23_GrafLab_Clay100%_Group9SampleA_Mon_Feb_23_03_41_25_2026,0.01425234973430628,-0.2677526473999023,4.2779725995743965
RADLabs26_Feb23_GrafLab_Clay100%_Group9SampleA_Mon_Feb_23_03_41_25_2026,0.01425234973430628,-0.2677526473999023,4.2779725995743965
RADLabs26_Feb23_GrafLab_Clay100%_Group9SampleA_Mon_Feb_23_03_41_25_2026,0.01425234973430628,-0.2677526473999023,4.2779725995743965
RADLabs26_Feb23_GrafLab_Clay100%_Group9SampleA_Mon_Feb_23_03_41_25_2026,0.01425234973430628,-0.2677526473999023,4.2779725995743965
RADLabs26_Feb23_GrafLab_Clay100%_Group9SampleA_Mon_Feb_23_03_41_25_2026,0.01425234973430628,-0.2677526473999023,4.2779725995743965
RADLabs26_Feb23_GrafLab_Clay100%_Group9SampleA_Mon_Feb_23_03_41_25_2026,0.01425234973430628,-0.2677526473999023,4.2779725995743965
RADLabs26_Feb23_GrafLab_Clay100%_Group9SampleA_Mon_Feb_23_03_41_25_2026,0.014273539185523987,-0.1951174437999725,4.2779725995743965
RADLabs26_Feb23_GrafLab_Clay100%_Group9SampleA_Mon_Feb_23_03_41_25_2026,0.014273539185523987,-0.1951174437999725,4.2779725995743965
RADLabs26_Feb23_GrafLab_Clay100%_Group9SampleA_Mon_Feb_23_03_41_25_2026,0.014273539185523987,-0.1951174437999725,4.2779725995743965
RADLabs26_Feb23_GrafLab_Clay100%_Group9SampleA_Mon_Feb_23_03_41_25_2026,0.014273539185523987,-0.1951174437999725,4.2779725995743965
RADLabs26_Feb23_GrafLab_Clay100%_Group9SampleA_Mon_Feb_23_03_41_25_2026,0.014273539185523987,-0.1951174437999725,4.2779725995743965
RADLabs26_Feb23_GrafLab_Clay100%_Group9SampleA_Mon_Feb_23_03_41_25_2026,0.014273539185523987,-0.1951174437999725,4.2779725995743965
RADLabs26_Feb23_GrafLab_Clay100%_Group9SampleA_Mon_Feb_23_03_41_25_2026,0.014273539185523987,-0.1951174437999725,4.2779725995743965
RADLabs26_Feb23_GrafLab_Clay100%_Group9SampleA_Mon_Feb_23_03_41_25_2026,0.014315351843833896,-0.149983063340187,4.2779725995743965
RADLabs26_Feb23_GrafLab_Clay100%_Group9SampleA_Mon_Feb_23_03_41_25_2026,0.014315351843833896,-0.149983063340187,4.2779725995743965
RADLabs26_Feb23_GrafLab_Clay100%_Group9SampleA_Mon_Feb_23_03_41_25_2026,0.014315351843833896,-0.149983063340187,4.2779725995743965
RADLabs26_Feb23_GrafLab_Clay100%_Group9SampleA_Mon_Feb_23_03_41_25_2026,0.014315351843833896,-0.149983063340187,4.2779725995743965
RADLabs26_Feb23_GrafLab_Clay100%_Group9SampleA_Mon_Feb_23_03_41_25_2026,0.014315351843833896,-0.149983063340187,4.2779725995743965
RADLabs26_Feb23_GrafLab_Clay100%_Group9SampleA_Mon_Feb_23_03_41_25_2026,0.014315351843833896,-0.149983063340187,4.2779725995743965
RADLabs26_Feb23_GrafLab_Clay100%_Group9SampleA_Mon_Feb_23_03_41_25_2026,0.014315351843833896,-0.149983063340187,4.2779725995743965
RADLabs26_Feb23_GrafLab_Clay100%_Group9SampleA_Mon_Feb_23_03_41_25_2026,0.0143338143825531,-0.0630148947238922,4.2779725995743965
RADLabs26_Feb23_GrafLab_Clay100%_Group9SampleA_Mon_Feb_23_03_41_25_2026,0.0143338143825531,-0.0630148947238922,4.2779725995743965
RADLabs26_Feb23_GrafLab_Clay100%_Group9SampleA_Mon_Feb_23_03_41_25_2026,0.0143338143825531,-0.0630148947238922,4.2779725995743965
RADLabs26_Feb23_GrafLab_Clay100%_Group9SampleA_Mon_Feb_23_03_41_25_2026,0.0143338143825531,-0.0630148947238922,4.2779725995743965
RADLabs26_Feb23_GrafLab_Clay100%_Group9SampleA_Mon_Feb_23_03_41_25_2026,0.0143338143825531,-0.0630148947238922,4.2779725995743965
RADLabs26_Feb23_GrafLab_Clay100%_Group9SampleA_Mon_Feb_23_03_41_25_2026,0.0143338143825531,-0.0630148947238922,4.2779725995743965
RADLabs26_Feb23_GrafLab_Clay100%_Group9SampleA_Mon_Feb_23_03_41_25_2026,0.01437263190746299,-0.0103838527575135,4.2779725995743965
RADLabs26_Feb23_GrafLab_Clay100%_Group9SampleA_Mon_Feb_23_03_41_25_2026,0.01437263190746299,-0.0103838527575135,4.2779725995743965
RADLabs26_Feb23_GrafLab_Clay100%_Group9SampleA_Mon_Feb_23_03_41_25_2026,0.01437263190746299,-0.0103838527575135,4.2779725995743965
RADLabs26_Feb23_GrafLab_Clay100%_Group9SampleA_Mon_Feb_23_03_41_25_2026,0.01437263190746299,-0.0103838527575135,4.2779725995743965
RADLabs26_Feb23_GrafLab_Clay100%_Group9SampleA_Mon_Feb_23_03_41_25_2026,0.01437263190746299,-0.0103838527575135,4.2779725995743965
RADLabs26_Feb23_GrafLab_Clay100%_Group9SampleA_Mon_Feb_23_03_41_25_2026,0.014417380094528198,-0.0620522312819957,4.2779725995743965
RADLabs26_Feb23_GrafLab_Clay100%_Group9SampleA_Mon_Feb_23_03_41_25_2026,0.014417380094528198,-0.0620522312819957,4.2779725995743965
RADLabs26_Feb23_GrafLab_Clay100%_Group9SampleA_Mon_Feb_23_03_41_25_2026,0.014417380094528198,-0.0620522312819957,4.2779725995743965
RADLabs26_Feb23_GrafLab_Clay100%_Group9SampleA_Mon_Feb_23_03_41_25_2026,0.014417380094528198,-0.0620522312819957,4.2779725995743965
RADLabs26_Feb23_GrafLab_Clay100%_Group9SampleA_Mon_Feb_23_03_41_25_2026,0.014417380094528198,-0.0620522312819957,4.2779725995743965
RADLabs26_Feb23_GrafLab_Clay100%_Group9SampleA_Mon_Feb_23_03_41_25_2026,0.014417380094528198,-0.0620522312819957,4.2779725995743965
RADLabs26_Feb23_GrafLab_Clay100%_Group9SampleA_Mon_Feb_23_03_41_25_2026,0.01449792087078089,0.0435671880841255,4.2779725995743965
RADLabs26_Feb23_GrafLab_Clay100%_Group9SampleA_Mon_Feb_23_03_41_25_2026,0.01449792087078089,0.0435671880841255,4.2779725995743965
RADLabs26_Feb23_GrafLab_Clay100%_Group9SampleA_Mon_Feb_23_03_41_25_2026,0.01449792087078089,0.0435671880841255,4.2779725995743965
RADLabs26_Feb23_GrafLab_Clay100%_Group9SampleA_Mon_Feb_23_03_41_25_2026,0.01449792087078089,0.0435671880841255,4.2779725995743965
RADLabs26_Feb23_GrafLab_Clay100%_Group9SampleA_Mon_Feb_23_03_41_25_2026,0.01449792087078089,0.0435671880841255,4.2779725995743965
RADLabs26_Feb23_GrafLab_Clay100%_Group9SampleA_Mon_Feb_23_03_41_25_2026,0.01449792087078089,0.0435671880841255,4.2779725995743965
RADLabs26_Feb23_GrafLab_Clay100%_Group9SampleA_Mon_Feb_23_03_41_25_2026,0.01457209885120389,0.0653009489178657,4.2779725995743965
RADLabs26_Feb23_GrafLab_Clay100%_Group9SampleA_Mon_Feb_23_03_41_25_2026,0.01457209885120389,0.0653009489178657,4.2779725995743965
RADLabs26_Feb23_GrafLab_Clay100%_Group9SampleA_Mon_Feb_23_03_41_25_2026,0.01457209885120389,0.0653009489178657,4.2779725995743965
RADLabs26_Feb23_GrafLab_Clay100%_Group9SampleA_Mon_Feb_23_03_41_25_2026,0.01457209885120389,0.0653009489178657,4.2779725995743965
RADLabs26_Feb23_GrafLab_Clay100%_Group9SampleA_Mon_Feb_23_03_41_25_2026,0.01457209885120389,0.0653009489178657,4.2779725995743965
RADLabs26_Feb23_GrafLab_Clay100%_Group9SampleA_Mon_Feb_23_03_41_25_2026,0.01457209885120389,0.0653009489178657,4.2779725995743965
RADLabs26_Feb23_GrafLab_Clay100%_Group9SampleA_Mon_Feb_23_03_41_25_2026,0.014621287584304782,0.0390376970171928,4.2779725995743965
RADLabs26_Feb23_GrafLab_Clay100%_Group9SampleA_Mon_Feb_23_03_41_25_2026,0.014621287584304782,0.0390376970171928,4.2779725995743965
RADLabs26_Feb23_GrafLab_Clay100%_Group9SampleA_Mon_Feb_23_03_41_25_2026,0.014621287584304782,0.0390376970171928,4.2779725995743965
RADLabs26_Feb23_GrafLab_Clay100%_Group9SampleA_Mon_Feb_23_03_41_25_2026,0.014621287584304782,0.0390376970171928,4.2779725995743965
RADLabs26_Feb23_GrafLab_Clay100%_Group9SampleA_Mon_Feb_23_03_41_25_2026,0.014699801802635193,0.1494017839431762,4.2779725995743965
RADLabs26_Feb23_GrafLab_Clay100%_Group9SampleA_Mon_Feb_23_03_41_25_2026,0.014699801802635193,0.1494017839431762,4.2779725995743965
RADLabs26_Feb23_GrafLab_Clay100%_Group9SampleA_Mon_Feb_23_03_41_25_2026,0.014699801802635193,0.1494017839431762,4.2779725995743965
RADLabs26_Feb23_GrafLab_Clay100%_Group9SampleA_Mon_Feb_23_03_41_25_2026,0.014699801802635193,0.1494017839431762,4.2779725995743965
RADLabs26_Feb23_GrafLab_Clay100%_Group9SampleA_Mon_Feb_23_03_41_25_2026,0.014699801802635193,0.1494017839431762,4.2779725995743965
RADLabs26_Feb23_GrafLab_Clay100%_Group9SampleA_Mon_Feb_23_03_41_25_2026,0.014699801802635193,0.1494017839431762,4.2779725995743965
RADLabs26_Feb23_GrafLab_Clay100%_Group9SampleA_Mon_Feb_23_03_41_25_2026,0.014822900295257485,0.1126054152846336,4.2779725995743965
RADLabs26_Feb23_GrafLab_Clay100%_Group9SampleA_Mon_Feb_23_03_41_25_2026,0.014822900295257485,0.1126054152846336,4.2779725995743965
RADLabs26_Feb23_GrafLab_Clay100%_Group9SampleA_Mon_Feb_23_03_41_25_2026,0.014822900295257485,0.1126054152846336,4.2779725995743965
RADLabs26_Feb23_GrafLab_Clay100%_Group9SampleA_Mon_Feb_23_03_41_25_2026,0.014822900295257485,0.1126054152846336,4.2779725995743965
RADLabs26_Feb23_GrafLab_Clay100%_Group9SampleA_Mon_Feb_23_03_41_25_2026,0.014822900295257485,0.1126054152846336,4.2779725995743965
RADLabs26_Feb23_GrafLab_Clay100%_Group9SampleA_Mon_Feb_23_03_41_25_2026,0.014822900295257485,0.1126054152846336,4.2779725995743965
RADLabs26_Feb23_GrafLab_Clay100%_Group9SampleA_Mon_Feb_23_03_41_25_2026,0.014987021684646606,0.0114585198462009,4.2779725995743965
RADLabs26_Feb23_GrafLab_Clay100%_Group9SampleA_Mon_Feb_23_03_41_25_2026,0.014987021684646606,0.0114585198462009,4.2779725995743965
RADLabs26_Feb23_GrafLab_Clay100%_Group9SampleA_Mon_Feb_23_03_41_25_2026,0.014987021684646606,0.0114585198462009,4.2779725995743965
RADLabs26_Feb23_GrafLab_Clay100%_Group9SampleA_Mon_Feb_23_03_41_25_2026,0.014987021684646606,0.0114585198462009,4.2779725995743965
RADLabs26_Feb23_GrafLab_Clay100%_Group9SampleA_Mon_Feb_23_03_41_25_2026,0.014987021684646606,0.0114585198462009,4.2779725995743965
RADLabs26_Feb23_GrafLab_Clay100%_Group9SampleA_Mon_Feb_23_03_41_25_2026,0.01522462069988248,-0.140040636062622,4.2779725995743965
RADLabs26_Feb23_GrafLab_Clay100%_Group9SampleA_Mon_Feb_23_03_41_25_2026,0.01522462069988248,-0.140040636062622,4.2779725995743965
RADLabs26_Feb23_GrafLab_Clay100%_Group9SampleA_Mon_Feb_23_03_41_25_2026,0.01522462069988248,-0.140040636062622,4.2779725995743965
RADLabs26_Feb23_GrafLab_Clay100%_Group9SampleA_Mon_Feb_23_03_41_25_2026,0.01522462069988248,-0.140040636062622,4.2779725995743965
RADLabs26_Feb23_GrafLab_Clay100%_Group9SampleA_Mon_Feb_23_03_41_25_2026,0.01522462069988248,-0.140040636062622,4.2779725995743965
RADLabs26_Feb23_GrafLab_Clay100%_Group9SampleA_Mon_Feb_23_03_41_25_2026,0.01522462069988248,-0.140040636062622,4.2779725995743965
RADLabs26_Feb23_GrafLab_Clay100%_Group9SampleA_Mon_Feb_23_03_41_25_2026,0.015616983175277682,-0.4871510565280914,4.2779725995743965
RADLabs26_Feb23_GrafLab_Clay100%_Group9SampleA_Mon_Feb_23_03_41_25_2026,0.015616983175277682,-0.4871510565280914,4.2779725995743965
RADLabs26_Feb23_GrafLab_Clay100%_Group9SampleA_Mon_Feb_23_03_41_25_2026,0.015616983175277682,-0.4871510565280914,4.2779725995743965
RADLabs26_Feb23_GrafLab_Clay100%_Group9SampleA_Mon_Feb_23_03_41_25_2026,0.015616983175277682,-0.4871510565280914,4.2779725995743965
RADLabs26_Feb23_GrafLab_Clay100%_Group9SampleA_Mon_Feb_23_03_41_25_2026,0.015616983175277682,-0.4871510565280914,4.2779725995743965
RADLabs26_Feb23_GrafLab_Clay100%_Group9SampleA_Mon_Feb_23_03_41_25_2026,0.0160035640001297,-0.8821104168891907,4.2779725995743965
RADLabs26_Feb23_GrafLab_Clay100%_Group9SampleA_Mon_Feb_23_03_41_25_2026,0.0160035640001297,-0.8821104168891907,4.2779725995743965
RADLabs26_Feb23_GrafLab_Clay100%_Group9SampleA_Mon_Feb_23_03_41_25_2026,0.0160035640001297,-0.8821104168891907,4.2779725995743965
RADLabs26_Feb23_GrafLab_Clay100%_Group9SampleA_Mon_Feb_23_03_41_25_2026,0.0160035640001297,-0.8821104168891907,4.2779725995743965
RADLabs26_Feb23_GrafLab_Clay100%_Group9SampleA_Mon_Feb_23_03_41_25_2026,0.0160035640001297,-0.8821104168891907,4.2779725995743965
RADLabs26_Feb23_GrafLab_Clay100%_Group9SampleA_Mon_Feb_23_03_41_25_2026,0.016329094767570496,-0.8913257718086243,4.2779725995743965
RADLabs26_Feb23_GrafLab_Clay100%_Group9SampleA_Mon_Feb_23_03_41_25_2026,0.016329094767570496,-0.8913257718086243,4.2779725995743965
RADLabs26_Feb23_GrafLab_Clay100%_Group9SampleA_Mon_Feb_23_03_41_25_2026,0.016329094767570496,-0.8913257718086243,4.2779725995743965
RADLabs26_Feb23_GrafLab_Clay100%_Group9SampleA_Mon_Feb_23_03_41_25_2026,0.016329094767570496,-0.8913257718086243,4.2779725995743965
RADLabs26_Feb23_GrafLab_Clay100%_Group9SampleA_Mon_Feb_23_03_41_25_2026,0.016329094767570496,-0.8913257718086243,4.2779725995743965
RADLabs26_Feb23_GrafLab_Clay100%_Group9SampleA_Mon_Feb_23_03_41_25_2026,0.016392022371292087,-0.7802897095680237,4.2779725995743965
RADLabs26_Feb23_GrafLab_Clay100%_Group9SampleA_Mon_Feb_23_03_41_25_2026,0.016392022371292087,-0.7802897095680237,4.2779725995743965
RADLabs26_Feb23_GrafLab_Clay100%_Group9SampleA_Mon_Feb_23_03_41_25_2026,0.016392022371292087,-0.7802897095680237,4.2779725995743965
RADLabs26_Feb23_GrafLab_Clay100%_Group9SampleA_Mon_Feb_23_03_41_25_2026,0.016392022371292087,-0.7802897095680237,4.2779725995743965
RADLabs26_Feb23_GrafLab_Clay100%_Group9SampleA_Mon_Feb_23_03_41_25_2026,0.016385793685913086,-0.7121261358261108,4.2779725995743965
RADLabs26_Feb23_GrafLab_Clay100%_Group9SampleA_Mon_Feb_23_03_41_25_2026,0.016385793685913086,-0.7121261358261108,4.2779725995743965
RADLabs26_Feb23_GrafLab_Clay100%_Group9SampleA_Mon_Feb_23_03_41_25_2026,0.016385793685913086,-0.7121261358261108,4.2779725995743965
RADLabs26_Feb23_GrafLab_Clay100%_Group9SampleA_Mon_Feb_23_03_41_25_2026,0.016385793685913086,-0.7121261358261108,4.2779725995743965
RADLabs26_Feb23_GrafLab_Clay100%_Group9SampleA_Mon_Feb_23_03_41_25_2026,0.016385793685913086,-0.7121261358261108,4.2779725995743965
RADLabs26_Feb23_GrafLab_Clay100%_Group9SampleA_Mon_Feb_23_03_41_25_2026,0.01653867959976188,-0.8009976148605347,4.2779725995743965
RADLabs26_Feb23_GrafLab_Clay100%_Group9SampleA_Mon_Feb_23_03_41_25_2026,0.01653867959976188,-0.8009976148605347,4.2779725995743965
RADLabs26_Feb23_GrafLab_Clay100%_Group9SampleA_Mon_Feb_23_03_41_25_2026,0.01653867959976188,-0.8009976148605347,4.2779725995743965
RADLabs26_Feb23_GrafLab_Clay100%_Group9SampleA_Mon_Feb_23_03_41_25_2026,0.01653867959976188,-0.8009976148605347,4.2779725995743965
RADLabs26_Feb23_GrafLab_Clay100%_Group9SampleA_Mon_Feb_23_03_41_25_2026,0.01653867959976188,-0.8009976148605347,4.2779725995743965
RADLabs26_Feb23_GrafLab_Clay100%_Group9SampleA_Mon_Feb_23_03_41_25_2026,0.016741439700126592,-0.8750633001327515,4.2779725995743965
RADLabs26_Feb23_GrafLab_Clay100%_Group9SampleA_Mon_Feb_23_03_41_25_2026,0.016741439700126592,-0.8750633001327515,4.2779725995743965
RADLabs26_Feb23_GrafLab_Clay100%_Group9SampleA_Mon_Feb_23_03_41_25_2026,0.016741439700126592,-0.8750633001327515,4.2779725995743965
RADLabs26_Feb23_GrafLab_Clay100%_Group9SampleA_Mon_Feb_23_03_41_25_2026,0.016741439700126592,-0.8750633001327515,4.2779725995743965
RADLabs26_Feb23_GrafLab_Clay100%_Group9SampleA_Mon_Feb_23_03_41_25_2026,0.016741439700126592,-0.8750633001327515,4.2779725995743965
RADLabs26_Feb23_GrafLab_Clay100%_Group9SampleA_Mon_Feb_23_03_41_25_2026,0.01674811542034149,-0.7314587831497192,4.2779725995743965
RADLabs26_Feb23_GrafLab_Clay100%_Group9SampleA_Mon_Feb_23_03_41_25_2026,0.01674811542034149,-0.7314587831497192,4.2779725995743965
RADLabs26_Feb23_GrafLab_Clay100%_Group9SampleA_Mon_Feb_23_03_41_25_2026,0.01674811542034149,-0.7314587831497192,4.2779725995743965
RADLabs26_Feb23_GrafLab_Clay100%_Group9SampleA_Mon_Feb_23_03_41_25_2026,0.01674811542034149,-0.7314587831497192,4.2779725995743965
RADLabs26_Feb23_GrafLab_Clay100%_Group9SampleA_Mon_Feb_23_03_41_25_2026,0.01674811542034149,-0.7314587831497192,4.2779725995743965
RADLabs26_Feb23_GrafLab_Clay100%_Group9SampleA_Mon_Feb_23_03_41_25_2026,0.01674811542034149,-0.7314587831497192,4.2779725995743965
RADLabs26_Feb23_GrafLab_Clay100%_Group9SampleA_Mon_Feb_23_03_41_25_2026,0.01674811542034149,-0.7314587831497192,4.2779725995743965
RADLabs26_Feb23_GrafLab_Clay100%_Group9SampleA_Mon_Feb_23_03_41_25_2026,0.01674847304821009,-0.6478330492973328,4.2779725995743965
RADLabs26_Feb23_GrafLab_Clay100%_Group9SampleA_Mon_Feb_23_03_41_25_2026,0.01674847304821009,-0.6478330492973328,4.2779725995743965
RADLabs26_Feb23_GrafLab_Clay100%_Group9SampleA_Mon_Feb_23_03_41_25_2026,0.01674847304821009,-0.6478330492973328,4.2779725995743965
RADLabs26_Feb23_GrafLab_Clay100%_Group9SampleA_Mon_Feb_23_03_41_25_2026,0.01674847304821009,-0.6478330492973328,4.2779725995743965
RADLabs26_Feb23_GrafLab_Clay100%_Group9SampleA_Mon_Feb_23_03_41_25_2026,0.01679503917694089,-0.7215688228607178,4.2779725995743965
RADLabs26_Feb23_GrafLab_Clay100%_Group9SampleA_Mon_Feb_23_03_41_25_2026,0.01679503917694089,-0.7215688228607178,4.2779725995743965
RADLabs26_Feb23_GrafLab_Clay100%_Group9SampleA_Mon_Feb_23_03_41_25_2026,0.01679503917694089,-0.7215688228607178,4.2779725995743965
RADLabs26_Feb23_GrafLab_Clay100%_Group9SampleA_Mon_Feb_23_03_41_25_2026,0.01679503917694089,-0.7215688228607178,4.2779725995743965
RADLabs26_Feb23_GrafLab_Clay100%_Group9SampleA_Mon_Feb_23_03_41_25_2026,0.01679503917694089,-0.7215688228607178,4.2779725995743965
RADLabs26_Feb23_GrafLab_Clay100%_Group9SampleA_Mon_Feb_23_03_41_25_2026,0.01682652533054349,-0.5378285646438599,4.2779725995743965
RADLabs26_Feb23_GrafLab_Clay100%_Group9SampleA_Mon_Feb_23_03_41_25_2026,0.01682652533054349,-0.5378285646438599,4.2779725995743965
RADLabs26_Feb23_GrafLab_Clay100%_Group9SampleA_Mon_Feb_23_03_41_25_2026,0.01682652533054349,-0.5378285646438599,4.2779725995743965
RADLabs26_Feb23_GrafLab_Clay100%_Group9SampleA_Mon_Feb_23_03_41_25_2026,0.01682652533054349,-0.5378285646438599,4.2779725995743965
RADLabs26_Feb23_GrafLab_Clay100%_Group9SampleA_Mon_Feb_23_03_41_25_2026,0.01682652533054349,-0.5378285646438599,4.2779725995743965
RADLabs26_Feb23_GrafLab_Clay100%_Group9SampleA_Mon_Feb_23_03_41_25_2026,0.016836568713188088,-0.4509640336036682,4.2779725995743965
RADLabs26_Feb23_GrafLab_Clay100%_Group9SampleA_Mon_Feb_23_03_41_25_2026,0.016836568713188088,-0.4509640336036682,4.2779725995743965
RADLabs26_Feb23_GrafLab_Clay100%_Group9SampleA_Mon_Feb_23_03_41_25_2026,0.016836568713188088,-0.4509640336036682,4.2779725995743965
RADLabs26_Feb23_GrafLab_Clay100%_Group9SampleA_Mon_Feb_23_03_41_25_2026,0.016836568713188088,-0.4509640336036682,4.2779725995743965
RADLabs26_Feb23_GrafLab_Clay100%_Group9SampleA_Mon_Feb_23_03_41_25_2026,0.016836568713188088,-0.4509640336036682,4.2779725995743965
RADLabs26_Feb23_GrafLab_Clay100%_Group9SampleA_Mon_Feb_23_03_41_25_2026,0.016836568713188088,-0.4509640336036682,4.2779725995743965
RADLabs26_Feb23_GrafLab_Clay100%_Group9SampleA_Mon_Feb_23_03_41_25_2026,0.01685348153114319,-0.4673203527927398,4.2779725995743965
RADLabs26_Feb23_GrafLab_Clay100%_Group9SampleA_Mon_Feb_23_03_41_25_2026,0.01685348153114319,-0.4673203527927398,4.2779725995743965
RADLabs26_Feb23_GrafLab_Clay100%_Group9SampleA_Mon_Feb_23_03_41_25_2026,0.01685348153114319,-0.4673203527927398,4.2779725995743965
RADLabs26_Feb23_GrafLab_Clay100%_Group9SampleA_Mon_Feb_23_03_41_25_2026,0.01685348153114319,-0.4673203527927398,4.2779725995743965
RADLabs26_Feb23_GrafLab_Clay100%_Group9SampleA_Mon_Feb_23_03_41_25_2026,0.01685348153114319,-0.4673203527927398,4.2779725995743965
RADLabs26_Feb23_GrafLab_Clay100%_Group9SampleA_Mon_Feb_23_03_41_25_2026,0.0169069766998291,-0.3471035957336426,4.2779725995743965
RADLabs26_Feb23_GrafLab_Clay100%_Group9SampleA_Mon_Feb_23_03_41_25_2026,0.0169069766998291,-0.3471035957336426,4.2779725995743965
RADLabs26_Feb23_GrafLab_Clay100%_Group9SampleA_Mon_Feb_23_03_41_25_2026,0.0169069766998291,-0.3471035957336426,4.2779725995743965
RADLabs26_Feb23_GrafLab_Clay100%_Group9SampleA_Mon_Feb_23_03_41_25_2026,0.0169069766998291,-0.3471035957336426,4.2779725995743965
RADLabs26_Feb23_GrafLab_Clay100%_Group9SampleA_Mon_Feb_23_03_41_25_2026,0.0169069766998291,-0.3471035957336426,4.2779725995743965
RADLabs26_Feb23_GrafLab_Clay100%_Group9SampleA_Mon_Feb_23_03_41_25_2026,0.016944050788879395,-0.2798295617103576,4.2779725995743965
RADLabs26_Feb23_GrafLab_Clay100%_Group9SampleA_Mon_Feb_23_03_41_25_2026,0.016944050788879395,-0.2798295617103576,4.2779725995743965
RADLabs26_Feb23_GrafLab_Clay100%_Group9SampleA_Mon_Feb_23_03_41_25_2026,0.016944050788879395,-0.2798295617103576,4.2779725995743965
RADLabs26_Feb23_GrafLab_Clay100%_Group9SampleA_Mon_Feb_23_03_41_25_2026,0.016944050788879395,-0.2798295617103576,4.2779725995743965
RADLabs26_Feb23_GrafLab_Clay100%_Group9SampleA_Mon_Feb_23_03_41_25_2026,0.016944050788879395,-0.2798295617103576,4.2779725995743965
RADLabs26_Feb23_GrafLab_Clay100%_Group9SampleA_Mon_Feb_23_03_41_25_2026,0.016944050788879395,-0.2798295617103576,4.2779725995743965
RADLabs26_Feb23_GrafLab_Clay100%_Group9SampleA_Mon_Feb_23_03_41_25_2026,0.016997516155242892,-0.2195094525814056,4.2779725995743965
RADLabs26_Feb23_GrafLab_Clay100%_Group9SampleA_Mon_Feb_23_03_41_25_2026,0.016997516155242892,-0.2195094525814056,4.2779725995743965
RADLabs26_Feb23_GrafLab_Clay100%_Group9SampleA_Mon_Feb_23_03_41_25_2026,0.016997516155242892,-0.2195094525814056,4.2779725995743965
RADLabs26_Feb23_GrafLab_Clay100%_Group9SampleA_Mon_Feb_23_03_41_25_2026,0.016997516155242892,-0.2195094525814056,4.2779725995743965
RADLabs26_Feb23_GrafLab_Clay100%_Group9SampleA_Mon_Feb_23_03_41_25_2026,0.016997516155242892,-0.2195094525814056,4.2779725995743965
RADLabs26_Feb23_GrafLab_Clay100%_Group9SampleA_Mon_Feb_23_03_41_25_2026,0.016997516155242892,-0.2195094525814056,4.2779725995743965
RADLabs26_Feb23_GrafLab_Clay100%_Group9SampleA_Mon_Feb_23_03_41_25_2026,0.016995951533317483,-0.1145807430148124,4.2779725995743965
RADLabs26_Feb23_GrafLab_Clay100%_Group9SampleA_Mon_Feb_23_03_41_25_2026,0.016995951533317483,-0.1145807430148124,4.2779725995743965
RADLabs26_Feb23_GrafLab_Clay100%_Group9SampleA_Mon_Feb_23_03_41_25_2026,0.016995951533317483,-0.1145807430148124,4.2779725995743965
RADLabs26_Feb23_GrafLab_Clay100%_Group9SampleA_Mon_Feb_23_03_41_25_2026,0.016995951533317483,-0.1145807430148124,4.2779725995743965
RADLabs26_Feb23_GrafLab_Clay100%_Group9SampleA_Mon_Feb_23_03_41_25_2026,0.016995951533317483,-0.1145807430148124,4.2779725995743965
RADLabs26_Feb23_GrafLab_Clay100%_Group9SampleA_Mon_Feb_23_03_41_25_2026,0.016995951533317483,-0.1145807430148124,4.2779725995743965
RADLabs26_Feb23_GrafLab_Clay100%_Group9SampleA_Mon_Feb_23_03_41_25_2026,0.01706606149673459,-0.1344928741455078,4.2779725995743965
RADLabs26_Feb23_GrafLab_Clay100%_Group9SampleA_Mon_Feb_23_03_41_25_2026,0.01706606149673459,-0.1344928741455078,4.2779725995743965
RADLabs26_Feb23_GrafLab_Clay100%_Group9SampleA_Mon_Feb_23_03_41_25_2026,0.01706606149673459,-0.1344928741455078,4.2779725995743965
RADLabs26_Feb23_GrafLab_Clay100%_Group9SampleA_Mon_Feb_23_03_41_25_2026,0.01706606149673459,-0.1344928741455078,4.2779725995743965
RADLabs26_Feb23_GrafLab_Clay100%_Group9SampleA_Mon_Feb_23_03_41_25_2026,0.01706606149673459,-0.1344928741455078,4.2779725995743965
RADLabs26_Feb23_GrafLab_Clay100%_Group9SampleA_Mon_Feb_23_03_41_25_2026,0.01706606149673459,-0.1344928741455078,4.2779725995743965
RADLabs26_Feb23_GrafLab_Clay100%_Group9SampleA_Mon_Feb_23_03_41_25_2026,0.0171157568693161,-0.0522884093225002,4.2779725995743965
RADLabs26_Feb23_GrafLab_Clay100%_Group9SampleA_Mon_Feb_23_03_41_25_2026,0.0171157568693161,-0.0522884093225002,4.2779725995743965
RADLabs26_Feb23_GrafLab_Clay100%_Group9SampleA_Mon_Feb_23_03_41_25_2026,0.0171157568693161,-0.0522884093225002,4.2779725995743965
RADLabs26_Feb23_GrafLab_Clay100%_Group9SampleA_Mon_Feb_23_03_41_25_2026,0.0171157568693161,-0.0522884093225002,4.2779725995743965
RADLabs26_Feb23_GrafLab_Clay100%_Group9SampleA_Mon_Feb_23_03_41_25_2026,0.0171157568693161,-0.0522884093225002,4.2779725995743965
RADLabs26_Feb23_GrafLab_Clay100%_Group9SampleA_Mon_Feb_23_03_41_25_2026,0.01717166602611539,-0.0028297274839133,4.2779725995743965
RADLabs26_Feb23_GrafLab_Clay100%_Group9SampleA_Mon_Feb_23_03_41_25_2026,0.01717166602611539,-0.0028297274839133,4.2779725995743965
RADLabs26_Feb23_GrafLab_Clay100%_Group9SampleA_Mon_Feb_23_03_41_25_2026,0.01717166602611539,-0.0028297274839133,4.2779725995743965
RADLabs26_Feb23_GrafLab_Clay100%_Group9SampleA_Mon_Feb_23_03_41_25_2026,0.01717166602611539,-0.0028297274839133,4.2779725995743965
RADLabs26_Feb23_GrafLab_Clay100%_Group9SampleA_Mon_Feb_23_03_41_25_2026,0.0172057896852493,0.0532449260354042,4.2779725995743965
RADLabs26_Feb23_GrafLab_Clay100%_Group9SampleA_Mon_Feb_23_03_41_25_2026,0.0172057896852493,0.0532449260354042,4.2779725995743965
RADLabs26_Feb23_GrafLab_Clay100%_Group9SampleA_Mon_Feb_23_03_41_25_2026,0.0172057896852493,0.0532449260354042,4.2779725995743965
RADLabs26_Feb23_GrafLab_Clay100%_Group9SampleA_Mon_Feb_23_03_41_25_2026,0.0172057896852493,0.0532449260354042,4.2779725995743965
RADLabs26_Feb23_GrafLab_Clay100%_Group9SampleA_Mon_Feb_23_03_41_25_2026,0.0172057896852493,0.0532449260354042,4.2779725995743965
RADLabs26_Feb23_GrafLab_Clay100%_Group9SampleA_Mon_Feb_23_03_41_25_2026,0.0172057896852493,0.0532449260354042,4.2779725995743965
RADLabs26_Feb23_GrafLab_Clay100%_Group9SampleA_Mon_Feb_23_03_41_25_2026,0.017239123582839883,0.1184959858655929,4.2779725995743965
RADLabs26_Feb23_GrafLab_Clay100%_Group9SampleA_Mon_Feb_23_03_41_25_2026,0.017239123582839883,0.1184959858655929,4.2779725995743965
RADLabs26_Feb23_GrafLab_Clay100%_Group9SampleA_Mon_Feb_23_03_41_25_2026,0.017239123582839883,0.1184959858655929,4.2779725995743965
RADLabs26_Feb23_GrafLab_Clay100%_Group9SampleA_Mon_Feb_23_03_41_25_2026,0.017239123582839883,0.1184959858655929,4.2779725995743965
RADLabs26_Feb23_GrafLab_Clay100%_Group9SampleA_Mon_Feb_23_03_41_25_2026,0.017239123582839883,0.1184959858655929,4.2779725995743965
RADLabs26_Feb23_GrafLab_Clay100%_Group9SampleA_Mon_Feb_23_03_41_25_2026,0.0173031538724899,0.1573685407638549,4.2779725995743965
RADLabs26_Feb23_GrafLab_Clay100%_Group9SampleA_Mon_Feb_23_03_41_25_2026,0.0173031538724899,0.1573685407638549,4.2779725995743965
RADLabs26_Feb23_GrafLab_Clay100%_Group9SampleA_Mon_Feb_23_03_41_25_2026,0.0173031538724899,0.1573685407638549,4.2779725995743965
RADLabs26_Feb23_GrafLab_Clay100%_Group9SampleA_Mon_Feb_23_03_41_25_2026,0.0173031538724899,0.1573685407638549,4.2779725995743965
RADLabs26_Feb23_GrafLab_Clay100%_Group9SampleA_Mon_Feb_23_03_41_25_2026,0.0173031538724899,0.1573685407638549,4.2779725995743965
RADLabs26_Feb23_GrafLab_Clay100%_Group9SampleA_Mon_Feb_23_03_41_25_2026,0.017380714416503906,0.1535518169403076,4.2779725995743965
RADLabs26_Feb23_GrafLab_Clay100%_Group9SampleA_Mon_Feb_23_03_41_25_2026,0.017380714416503906,0.1535518169403076,4.2779725995743965
RADLabs26_Feb23_GrafLab_Clay100%_Group9SampleA_Mon_Feb_23_03_41_25_2026,0.017380714416503906,0.1535518169403076,4.2779725995743965
RADLabs26_Feb23_GrafLab_Clay100%_Group9SampleA_Mon_Feb_23_03_41_25_2026,0.017380714416503906,0.1535518169403076,4.2779725995743965
RADLabs26_Feb23_GrafLab_Clay100%_Group9SampleA_Mon_Feb_23_03_41_25_2026,0.017380714416503906,0.1535518169403076,4.2779725995743965
RADLabs26_Feb23_GrafLab_Clay100%_Group9SampleA_Mon_Feb_23_03_41_25_2026,0.017380714416503906,0.1535518169403076,4.2779725995743965
RADLabs26_Feb23_GrafLab_Clay100%_Group9SampleA_Mon_Feb_23_03_41_25_2026,0.01745946705341339,0.1867236793041229,4.2779725995743965
RADLabs26_Feb23_GrafLab_Clay100%_Group9SampleA_Mon_Feb_23_03_41_25_2026,0.01745946705341339,0.1867236793041229,4.2779725995743965
RADLabs26_Feb23_GrafLab_Clay100%_Group9SampleA_Mon_Feb_23_03_41_25_2026,0.01745946705341339,0.1867236793041229,4.2779725995743965
RADLabs26_Feb23_GrafLab_Clay100%_Group9SampleA_Mon_Feb_23_03_41_25_2026,0.01745946705341339,0.1867236793041229,4.2779725995743965
RADLabs26_Feb23_GrafLab_Clay100%_Group9SampleA_Mon_Feb_23_03_41_25_2026,0.01745946705341339,0.1867236793041229,4.2779725995743965
RADLabs26_Feb23_GrafLab_Clay100%_Group9SampleA_Mon_Feb_23_03_41_25_2026,0.01745946705341339,0.1867236793041229,4.2779725995743965
RADLabs26_Feb23_GrafLab_Clay100%_Group9SampleA_Mon_Feb_23_03_41_25_2026,0.017601713538169805,0.1206745654344558,4.2779725995743965
RADLabs26_Feb23_GrafLab_Clay100%_Group9SampleA_Mon_Feb_23_03_41_25_2026,0.017601713538169805,0.1206745654344558,4.2779725995743965
RADLabs26_Feb23_GrafLab_Clay100%_Group9SampleA_Mon_Feb_23_03_41_25_2026,0.017601713538169805,0.1206745654344558,4.2779725995743965
RADLabs26_Feb23_GrafLab_Clay100%_Group9SampleA_Mon_Feb_23_03_41_25_2026,0.017601713538169805,0.1206745654344558,4.2779725995743965
RADLabs26_Feb23_GrafLab_Clay100%_Group9SampleA_Mon_Feb_23_03_41_25_2026,0.017601713538169805,0.1206745654344558,4.2779725995743965
RADLabs26_Feb23_GrafLab_Clay100%_Group9SampleA_Mon_Feb_23_03_41_25_2026,0.017742693424224798,0.0513118989765644,4.2779725995743965
RADLabs26_Feb23_GrafLab_Clay100%_Group9SampleA_Mon_Feb_23_03_41_25_2026,0.017742693424224798,0.0513118989765644,4.2779725995743965
RADLabs26_Feb23_GrafLab_Clay100%_Group9SampleA_Mon_Feb_23_03_41_25_2026,0.017742693424224798,0.0513118989765644,4.2779725995743965
RADLabs26_Feb23_GrafLab_Clay100%_Group9SampleA_Mon_Feb_23_03_41_25_2026,0.017742693424224798,0.0513118989765644,4.2779725995743965
RADLabs26_Feb23_GrafLab_Clay100%_Group9SampleA_Mon_Feb_23_03_41_25_2026,0.017922192811965887,-0.0380768664181232,4.2779725995743965
RADLabs26_Feb23_GrafLab_Clay100%_Group9SampleA_Mon_Feb_23_03_41_25_2026,0.017922192811965887,-0.0380768664181232,4.2779725995743965
RADLabs26_Feb23_GrafLab_Clay100%_Group9SampleA_Mon_Feb_23_03_41_25_2026,0.017922192811965887,-0.0380768664181232,4.2779725995743965
RADLabs26_Feb23_GrafLab_Clay100%_Group9SampleA_Mon_Feb_23_03_41_25_2026,0.017922192811965887,-0.0380768664181232,4.2779725995743965
RADLabs26_Feb23_GrafLab_Clay100%_Group9SampleA_Mon_Feb_23_03_41_25_2026,0.017922192811965887,-0.0380768664181232,4.2779725995743965
RADLabs26_Feb23_GrafLab_Clay100%_Group9SampleA_Mon_Feb_23_03_41_25_2026,0.017922192811965887,-0.0380768664181232,4.2779725995743965
RADLabs26_Feb23_GrafLab_Clay100%_Group9SampleA_Mon_Feb_23_03_41_25_2026,0.018298849463462802,-0.34725421667099,4.2779725995743965
RADLabs26_Feb23_GrafLab_Clay100%_Group9SampleA_Mon_Feb_23_03_41_25_2026,0.018298849463462802,-0.34725421667099,4.2779725995743965
RADLabs26_Feb23_GrafLab_Clay100%_Group9SampleA_Mon_Feb_23_03_41_25_2026,0.018298849463462802,-0.34725421667099,4.2779725995743965
RADLabs26_Feb23_GrafLab_Clay100%_Group9SampleA_Mon_Feb_23_03_41_25_2026,0.018298849463462802,-0.34725421667099,4.2779725995743965
RADLabs26_Feb23_GrafLab_Clay100%_Group9SampleA_Mon_Feb_23_03_41_25_2026,0.018298849463462802,-0.34725421667099,4.2779725995743965
RADLabs26_Feb23_GrafLab_Clay100%_Group9SampleA_Mon_Feb_23_03_41_25_2026,0.018298849463462802,-0.34725421667099,4.2779725995743965
RADLabs26_Feb23_GrafLab_Clay100%_Group9SampleA_Mon_Feb_23_03_41_25_2026,0.018298849463462802,-0.34725421667099,4.2779725995743965
RADLabs26_Feb23_GrafLab_Clay100%_Group9SampleA_Mon_Feb_23_03_41_25_2026,0.01872050762176508,-0.8025480508804321,4.2779725995743965
RADLabs26_Feb23_GrafLab_Clay100%_Group9SampleA_Mon_Feb_23_03_41_25_2026,0.01872050762176508,-0.8025480508804321,4.2779725995743965
RADLabs26_Feb23_GrafLab_Clay100%_Group9SampleA_Mon_Feb_23_03_41_25_2026,0.01872050762176508,-0.8025480508804321,4.2779725995743965
RADLabs26_Feb23_GrafLab_Clay100%_Group9SampleA_Mon_Feb_23_03_41_25_2026,0.01872050762176508,-0.8025480508804321,4.2779725995743965
RADLabs26_Feb23_GrafLab_Clay100%_Group9SampleA_Mon_Feb_23_03_41_25_2026,0.01872050762176508,-0.8025480508804321,4.2779725995743965
RADLabs26_Feb23_GrafLab_Clay100%_Group9SampleA_Mon_Feb_23_03_41_25_2026,0.019213333725929205,-1.022600531578064,4.2779725995743965
RADLabs26_Feb23_GrafLab_Clay100%_Group9SampleA_Mon_Feb_23_03_41_25_2026,0.019213333725929205,-1.022600531578064,4.2779725995743965
RADLabs26_Feb23_GrafLab_Clay100%_Group9SampleA_Mon_Feb_23_03_41_25_2026,0.019213333725929205,-1.022600531578064,4.2779725995743965
RADLabs26_Feb23_GrafLab_Clay100%_Group9SampleA_Mon_Feb_23_03_41_25_2026,0.019213333725929205,-1.022600531578064,4.2779725995743965
RADLabs26_Feb23_GrafLab_Clay100%_Group9SampleA_Mon_Feb_23_03_41_25_2026,0.019213333725929205,-1.022600531578064,4.2779725995743965
RADLabs26_Feb23_GrafLab_Clay100%_Group9SampleA_Mon_Feb_23_03_41_25_2026,0.019213333725929205,-1.022600531578064,4.2779725995743965
RADLabs26_Feb23_GrafLab_Clay100%_Group9SampleA_Mon_Feb_23_03_41_25_2026,0.019213333725929205,-1.022600531578064,4.2779725995743965
RADLabs26_Feb23_GrafLab_Clay100%_Group9SampleA_Mon_Feb_23_03_41_25_2026,0.01931090652942649,-0.8929131627082825,4.2779725995743965
RADLabs26_Feb23_GrafLab_Clay100%_Group9SampleA_Mon_Feb_23_03_41_25_2026,0.01931090652942649,-0.8929131627082825,4.2779725995743965
RADLabs26_Feb23_GrafLab_Clay100%_Group9SampleA_Mon_Feb_23_03_41_25_2026,0.01931090652942649,-0.8929131627082825,4.2779725995743965
RADLabs26_Feb23_GrafLab_Clay100%_Group9SampleA_Mon_Feb_23_03_41_25_2026,0.01931090652942649,-0.8929131627082825,4.2779725995743965
RADLabs26_Feb23_GrafLab_Clay100%_Group9SampleA_Mon_Feb_23_03_41_25_2026,0.01931090652942649,-0.8929131627082825,4.2779725995743965
RADLabs26_Feb23_GrafLab_Clay100%_Group9SampleA_Mon_Feb_23_03_41_25_2026,0.0192877650260925,-0.7987751364707947,4.2779725995743965
RADLabs26_Feb23_GrafLab_Clay100%_Group9SampleA_Mon_Feb_23_03_41_25_2026,0.0192877650260925,-0.7987751364707947,4.2779725995743965
RADLabs26_Feb23_GrafLab_Clay100%_Group9SampleA_Mon_Feb_23_03_41_25_2026,0.0192877650260925,-0.7987751364707947,4.2779725995743965
RADLabs26_Feb23_GrafLab_Clay100%_Group9SampleA_Mon_Feb_23_03_41_25_2026,0.0192877650260925,-0.7987751364707947,4.2779725995743965
RADLabs26_Feb23_GrafLab_Clay100%_Group9SampleA_Mon_Feb_23_03_41_25_2026,0.0192877650260925,-0.7987751364707947,4.2779725995743965
RADLabs26_Feb23_GrafLab_Clay100%_Group9SampleA_Mon_Feb_23_03_41_25_2026,0.019463926553726196,-0.9016778469085692,4.2779725995743965
RADLabs26_Feb23_GrafLab_Clay100%_Group9SampleA_Mon_Feb_23_03_41_25_2026,0.019463926553726196,-0.9016778469085692,4.2779725995743965
RADLabs26_Feb23_GrafLab_Clay100%_Group9SampleA_Mon_Feb_23_03_41_25_2026,0.019463926553726196,-0.9016778469085692,4.2779725995743965
RADLabs26_Feb23_GrafLab_Clay100%_Group9SampleA_Mon_Feb_23_03_41_25_2026,0.019463926553726196,-0.9016778469085692,4.2779725995743965
RADLabs26_Feb23_GrafLab_Clay100%_Group9SampleA_Mon_Feb_23_03_41_25_2026,0.019463926553726196,-0.9016778469085692,4.2779725995743965
RADLabs26_Feb23_GrafLab_Clay100%_Group9SampleA_Mon_Feb_23_03_41_25_2026,0.019463926553726196,-0.9016778469085692,4.2779725995743965
RADLabs26_Feb23_GrafLab_Clay100%_Group9SampleA_Mon_Feb_23_03_41_25_2026,0.019585669040679904,-0.9091051816940308,4.2779725995743965
RADLabs26_Feb23_GrafLab_Clay100%_Group9SampleA_Mon_Feb_23_03_41_25_2026,0.019585669040679904,-0.9091051816940308,4.2779725995743965
RADLabs26_Feb23_GrafLab_Clay100%_Group9SampleA_Mon_Feb_23_03_41_25_2026,0.019585669040679904,-0.9091051816940308,4.2779725995743965
RADLabs26_Feb23_GrafLab_Clay100%_Group9SampleA_Mon_Feb_23_03_41_25_2026,0.019585669040679904,-0.9091051816940308,4.2779725995743965
RADLabs26_Feb23_GrafLab_Clay100%_Group9SampleA_Mon_Feb_23_03_41_25_2026,0.019585669040679904,-0.9091051816940308,4.2779725995743965
RADLabs26_Feb23_GrafLab_Clay100%_Group9SampleA_Mon_Feb_23_03_41_25_2026,0.019585669040679904,-0.9091051816940308,4.2779725995743965
RADLabs26_Feb23_GrafLab_Clay100%_Group9SampleA_Mon_Feb_23_03_41_25_2026,0.01959666609764099,-0.7841503024101257,4.2779725995743965
RADLabs26_Feb23_GrafLab_Clay100%_Group9SampleA_Mon_Feb_23_03_41_25_2026,0.01959666609764099,-0.7841503024101257,4.2779725995743965
RADLabs26_Feb23_GrafLab_Clay100%_Group9SampleA_Mon_Feb_23_03_41_25_2026,0.01959666609764099,-0.7841503024101257,4.2779725995743965
RADLabs26_Feb23_GrafLab_Clay100%_Group9SampleA_Mon_Feb_23_03_41_25_2026,0.01959666609764099,-0.7841503024101257,4.2779725995743965
RADLabs26_Feb23_GrafLab_Clay100%_Group9SampleA_Mon_Feb_23_03_41_25_2026,0.01959666609764099,-0.7841503024101257,4.2779725995743965
RADLabs26_Feb23_GrafLab_Clay100%_Group9SampleA_Mon_Feb_23_03_41_25_2026,0.01956813037395469,-0.6543293595314026,4.2779725995743965
RADLabs26_Feb23_GrafLab_Clay100%_Group9SampleA_Mon_Feb_23_03_41_25_2026,0.01956813037395469,-0.6543293595314026,4.2779725995743965
RADLabs26_Feb23_GrafLab_Clay100%_Group9SampleA_Mon_Feb_23_03_41_25_2026,0.01956813037395469,-0.6543293595314026,4.2779725995743965
RADLabs26_Feb23_GrafLab_Clay100%_Group9SampleA_Mon_Feb_23_03_41_25_2026,0.01956813037395469,-0.6543293595314026,4.2779725995743965
RADLabs26_Feb23_GrafLab_Clay100%_Group9SampleA_Mon_Feb_23_03_41_25_2026,0.01956813037395469,-0.6543293595314026,4.2779725995743965
RADLabs26_Feb23_GrafLab_Clay100%_Group9SampleA_Mon_Feb_23_03_41_25_2026,0.01956813037395469,-0.6543293595314026,4.2779725995743965
RADLabs26_Feb23_GrafLab_Clay100%_Group9SampleA_Mon_Feb_23_03_41_25_2026,0.01956813037395469,-0.6543293595314026,4.2779725995743965
RADLabs26_Feb23_GrafLab_Clay100%_Group9SampleA_Mon_Feb_23_03_41_25_2026,0.01962454617023468,-0.6423214077949524,4.2779725995743965
RADLabs26_Feb23_GrafLab_Clay100%_Group9SampleA_Mon_Feb_23_03_41_25_2026,0.01962454617023468,-0.6423214077949524,4.2779725995743965
RADLabs26_Feb23_GrafLab_Clay100%_Group9SampleA_Mon_Feb_23_03_41_25_2026,0.01962454617023468,-0.6423214077949524,4.2779725995743965
RADLabs26_Feb23_GrafLab_Clay100%_Group9SampleA_Mon_Feb_23_03_41_25_2026,0.01962454617023468,-0.6423214077949524,4.2779725995743965
RADLabs26_Feb23_GrafLab_Clay100%_Group9SampleA_Mon_Feb_23_03_41_25_2026,0.01962454617023468,-0.6423214077949524,4.2779725995743965
RADLabs26_Feb23_GrafLab_Clay100%_Group9SampleA_Mon_Feb_23_03_41_25_2026,0.0196444690227508,-0.5460195541381836,4.2779725995743965
RADLabs26_Feb23_GrafLab_Clay100%_Group9SampleA_Mon_Feb_23_03_41_25_2026,0.0196444690227508,-0.5460195541381836,4.2779725995743965
RADLabs26_Feb23_GrafLab_Clay100%_Group9SampleA_Mon_Feb_23_03_41_25_2026,0.0196444690227508,-0.5460195541381836,4.2779725995743965
RADLabs26_Feb23_GrafLab_Clay100%_Group9SampleA_Mon_Feb_23_03_41_25_2026,0.0196444690227508,-0.5460195541381836,4.2779725995743965
RADLabs26_Feb23_GrafLab_Clay100%_Group9SampleA_Mon_Feb_23_03_41_25_2026,0.0196444690227508,-0.5460195541381836,4.2779725995743965
RADLabs26_Feb23_GrafLab_Clay100%_Group9SampleA_Mon_Feb_23_03_41_25_2026,0.019655644893646185,-0.4585276246070862,4.2779725995743965
RADLabs26_Feb23_GrafLab_Clay100%_Group9SampleA_Mon_Feb_23_03_41_25_2026,0.019655644893646185,-0.4585276246070862,4.2779725995743965
RADLabs26_Feb23_GrafLab_Clay100%_Group9SampleA_Mon_Feb_23_03_41_25_2026,0.019655644893646185,-0.4585276246070862,4.2779725995743965
RADLabs26_Feb23_GrafLab_Clay100%_Group9SampleA_Mon_Feb_23_03_41_25_2026,0.019655644893646185,-0.4585276246070862,4.2779725995743965
RADLabs26_Feb23_GrafLab_Clay100%_Group9SampleA_Mon_Feb_23_03_41_25_2026,0.019655644893646185,-0.4585276246070862,4.2779725995743965
RADLabs26_Feb23_GrafLab_Clay100%_Group9SampleA_Mon_Feb_23_03_41_25_2026,0.019685059785842896,-0.3982833623886108,4.2779725995743965
RADLabs26_Feb23_GrafLab_Clay100%_Group9SampleA_Mon_Feb_23_03_41_25_2026,0.019685059785842896,-0.3982833623886108,4.2779725995743965
RADLabs26_Feb23_GrafLab_Clay100%_Group9SampleA_Mon_Feb_23_03_41_25_2026,0.019685059785842896,-0.3982833623886108,4.2779725995743965
RADLabs26_Feb23_GrafLab_Clay100%_Group9SampleA_Mon_Feb_23_03_41_25_2026,0.019685059785842896,-0.3982833623886108,4.2779725995743965
RADLabs26_Feb23_GrafLab_Clay100%_Group9SampleA_Mon_Feb_23_03_41_25_2026,0.019685059785842896,-0.3982833623886108,4.2779725995743965
RADLabs26_Feb23_GrafLab_Clay100%_Group9SampleA_Mon_Feb_23_03_41_25_2026,0.019685059785842896,-0.3982833623886108,4.2779725995743965
RADLabs26_Feb23_GrafLab_Clay100%_Group9SampleA_Mon_Feb_23_03_41_25_2026,0.019693672657012884,-0.3110138177871704,4.2779725995743965
RADLabs26_Feb23_GrafLab_Clay100%_Group9SampleA_Mon_Feb_23_03_41_25_2026,0.019693672657012884,-0.3110138177871704,4.2779725995743965
RADLabs26_Feb23_GrafLab_Clay100%_Group9SampleA_Mon_Feb_23_03_41_25_2026,0.019693672657012884,-0.3110138177871704,4.2779725995743965
RADLabs26_Feb23_GrafLab_Clay100%_Group9SampleA_Mon_Feb_23_03_41_25_2026,0.019693672657012884,-0.3110138177871704,4.2779725995743965
RADLabs26_Feb23_GrafLab_Clay100%_Group9SampleA_Mon_Feb_23_03_41_25_2026,0.019693672657012884,-0.3110138177871704,4.2779725995743965
RADLabs26_Feb23_GrafLab_Clay100%_Group9SampleA_Mon_Feb_23_03_41_25_2026,0.019693672657012884,-0.3110138177871704,4.2779725995743965
RADLabs26_Feb23_GrafLab_Clay100%_Group9SampleA_Mon_Feb_23_03_41_25_2026,0.019704192876815796,-0.226011037826538,4.2779725995743965
RADLabs26_Feb23_GrafLab_Clay100%_Group9SampleA_Mon_Feb_23_03_41_25_2026,0.019704192876815796,-0.226011037826538,4.2779725995743965
RADLabs26_Feb23_GrafLab_Clay100%_Group9SampleA_Mon_Feb_23_03_41_25_2026,0.019704192876815796,-0.226011037826538,4.2779725995743965
RADLabs26_Feb23_GrafLab_Clay100%_Group9SampleA_Mon_Feb_23_03_41_25_2026,0.019704192876815796,-0.226011037826538,4.2779725995743965
RADLabs26_Feb23_GrafLab_Clay100%_Group9SampleA_Mon_Feb_23_03_41_25_2026,0.019704192876815796,-0.226011037826538,4.2779725995743965
RADLabs26_Feb23_GrafLab_Clay100%_Group9SampleA_Mon_Feb_23_03_41_25_2026,0.019704192876815796,-0.226011037826538,4.2779725995743965
RADLabs26_Feb23_GrafLab_Clay100%_Group9SampleA_Mon_Feb_23_03_41_25_2026,0.019704192876815796,-0.226011037826538,4.2779725995743965
RADLabs26_Feb23_GrafLab_Clay100%_Group9SampleA_Mon_Feb_23_03_41_25_2026,0.019733324646949685,-0.1624982804059982,4.2779725995743965
RADLabs26_Feb23_GrafLab_Clay100%_Group9SampleA_Mon_Feb_23_03_41_25_2026,0.019733324646949685,-0.1624982804059982,4.2779725995743965
RADLabs26_Feb23_GrafLab_Clay100%_Group9SampleA_Mon_Feb_23_03_41_25_2026,0.019733324646949685,-0.1624982804059982,4.2779725995743965
RADLabs26_Feb23_GrafLab_Clay100%_Group9SampleA_Mon_Feb_23_03_41_25_2026,0.019733324646949685,-0.1624982804059982,4.2779725995743965
RADLabs26_Feb23_GrafLab_Clay100%_Group9SampleA_Mon_Feb_23_03_41_25_2026,0.019733324646949685,-0.1624982804059982,4.2779725995743965
RADLabs26_Feb23_GrafLab_Clay100%_Group9SampleA_Mon_Feb_23_03_41_25_2026,0.019733324646949685,-0.1624982804059982,4.2779725995743965
RADLabs26_Feb23_GrafLab_Clay100%_Group9SampleA_Mon_Feb_23_03_41_25_2026,0.019764155149459783,-0.1020535081624984,4.2779725995743965
RADLabs26_Feb23_GrafLab_Clay100%_Group9SampleA_Mon_Feb_23_03_41_25_2026,0.019764155149459783,-0.1020535081624984,4.2779725995743965
RADLabs26_Feb23_GrafLab_Clay100%_Group9SampleA_Mon_Feb_23_03_41_25_2026,0.019764155149459783,-0.1020535081624984,4.2779725995743965
RADLabs26_Feb23_GrafLab_Clay100%_Group9SampleA_Mon_Feb_23_03_41_25_2026,0.019764155149459783,-0.1020535081624984,4.2779725995743965
RADLabs26_Feb23_GrafLab_Clay100%_Group9SampleA_Mon_Feb_23_03_41_25_2026,0.019764155149459783,-0.1020535081624984,4.2779725995743965
RADLabs26_Feb23_GrafLab_Clay100%_Group9SampleA_Mon_Feb_23_03_41_25_2026,0.019764155149459783,-0.1020535081624984,4.2779725995743965
RADLabs26_Feb23_GrafLab_Clay100%_Group9SampleA_Mon_Feb_23_03_41_25_2026,0.0198074728250503,-0.0321133024990558,4.2779725995743965
RADLabs26_Feb23_GrafLab_Clay100%_Group9SampleA_Mon_Feb_23_03_41_25_2026,0.0198074728250503,-0.0321133024990558,4.2779725995743965
RADLabs26_Feb23_GrafLab_Clay100%_Group9SampleA_Mon_Feb_23_03_41_25_2026,0.0198074728250503,-0.0321133024990558,4.2779725995743965
RADLabs26_Feb23_GrafLab_Clay100%_Group9SampleA_Mon_Feb_23_03_41_25_2026,0.0198074728250503,-0.0321133024990558,4.2779725995743965
RADLabs26_Feb23_GrafLab_Clay100%_Group9SampleA_Mon_Feb_23_03_41_25_2026,0.0198074728250503,-0.0321133024990558,4.2779725995743965
RADLabs26_Feb23_GrafLab_Clay100%_Group9SampleA_Mon_Feb_23_03_41_25_2026,0.0198074728250503,-0.0321133024990558,4.2779725995743965
RADLabs26_Feb23_GrafLab_Clay100%_Group9SampleA_Mon_Feb_23_03_41_25_2026,0.0198074728250503,-0.0321133024990558,4.2779725995743965
RADLabs26_Feb23_GrafLab_Clay100%_Group9SampleA_Mon_Feb_23_03_41_25_2026,0.01986140012741089,0.000743709038943,4.2779725995743965
RADLabs26_Feb23_GrafLab_Clay100%_Group9SampleA_Mon_Feb_23_03_41_25_2026,0.01986140012741089,0.000743709038943,4.2779725995743965
RADLabs26_Feb23_GrafLab_Clay100%_Group9SampleA_Mon_Feb_23_03_41_25_2026,0.01986140012741089,0.000743709038943,4.2779725995743965
RADLabs26_Feb23_GrafLab_Clay100%_Group9SampleA_Mon_Feb_23_03_41_25_2026,0.01986140012741089,0.000743709038943,4.2779725995743965
RADLabs26_Feb23_GrafLab_Clay100%_Group9SampleA_Mon_Feb_23_03_41_25_2026,0.01986140012741089,0.000743709038943,4.2779725995743965
RADLabs26_Feb23_GrafLab_Clay100%_Group9SampleA_Mon_Feb_23_03_41_25_2026,0.01986140012741089,0.000743709038943,4.2779725995743965
RADLabs26_Feb23_GrafLab_Clay100%_Group9SampleA_Mon_Feb_23_03_41_25_2026,0.01986140012741089,0.000743709038943,4.2779725995743965
RADLabs26_Feb23_GrafLab_Clay100%_Group9SampleA_Mon_Feb_23_03_41_25_2026,0.019911676645278903,0.0476992763578891,4.2779725995743965
RADLabs26_Feb23_GrafLab_Clay100%_Group9SampleA_Mon_Feb_23_03_41_25_2026,0.019911676645278903,0.0476992763578891,4.2779725995743965
RADLabs26_Feb23_GrafLab_Clay100%_Group9SampleA_Mon_Feb_23_03_41_25_2026,0.019911676645278903,0.0476992763578891,4.2779725995743965
RADLabs26_Feb23_GrafLab_Clay100%_Group9SampleA_Mon_Feb_23_03_41_25_2026,0.019911676645278903,0.0476992763578891,4.2779725995743965
RADLabs26_Feb23_GrafLab_Clay100%_Group9SampleA_Mon_Feb_23_03_41_25_2026,0.019911676645278903,0.0476992763578891,4.2779725995743965
RADLabs26_Feb23_GrafLab_Clay100%_Group9SampleA_Mon_Feb_23_03_41_25_2026,0.019911676645278903,0.0476992763578891,4.2779725995743965
RADLabs26_Feb23_GrafLab_Clay100%_Group9SampleA_Mon_Feb_23_03_41_25_2026,0.019911676645278903,0.0476992763578891,4.2779725995743965
RADLabs26_Feb23_GrafLab_Clay100%_Group9SampleA_Mon_Feb_23_03_41_25_2026,0.019958943128585788,0.097442403435707,4.2779725995743965
RADLabs26_Feb23_GrafLab_Clay100%_Group9SampleA_Mon_Feb_23_03_41_25_2026,0.019958943128585788,0.097442403435707,4.2779725995743965
RADLabs26_Feb23_GrafLab_Clay100%_Group9SampleA_Mon_Feb_23_03_41_25_2026,0.019958943128585788,0.097442403435707,4.2779725995743965
RADLabs26_Feb23_GrafLab_Clay100%_Group9SampleA_Mon_Feb_23_03_41_25_2026,0.019958943128585788,0.097442403435707,4.2779725995743965
RADLabs26_Feb23_GrafLab_Clay100%_Group9SampleA_Mon_Feb_23_03_41_25_2026,0.019958943128585788,0.097442403435707,4.2779725995743965
RADLabs26_Feb23_GrafLab_Clay100%_Group9SampleA_Mon_Feb_23_03_41_25_2026,0.019958943128585788,0.097442403435707,4.2779725995743965
RADLabs26_Feb23_GrafLab_Clay100%_Group9SampleA_Mon_Feb_23_03_41_25_2026,0.019958943128585788,0.097442403435707,4.2779725995743965
RADLabs26_Feb23_GrafLab_Clay100%_Group9SampleA_Mon_Feb_23_03_41_25_2026,0.019983783364295904,0.1689686328172683,4.2779725995743965
RADLabs26_Feb23_GrafLab_Clay100%_Group9SampleA_Mon_Feb_23_03_41_25_2026,0.019983783364295904,0.1689686328172683,4.2779725995743965
RADLabs26_Feb23_GrafLab_Clay100%_Group9SampleA_Mon_Feb_23_03_41_25_2026,0.019983783364295904,0.1689686328172683,4.2779725995743965
RADLabs26_Feb23_GrafLab_Clay100%_Group9SampleA_Mon_Feb_23_03_41_25_2026,0.019983783364295904,0.1689686328172683,4.2779725995743965
RADLabs26_Feb23_GrafLab_Clay100%_Group9SampleA_Mon_Feb_23_03_41_25_2026,0.019983783364295904,0.1689686328172683,4.2779725995743965
RADLabs26_Feb23_GrafLab_Clay100%_Group9SampleA_Mon_Feb_23_03_41_25_2026,0.019983783364295904,0.1689686328172683,4.2779725995743965
RADLabs26_Feb23_GrafLab_Clay100%_Group9SampleA_Mon_Feb_23_03_41_25_2026,0.020001128315925598,0.2553372681140899,4.2779725995743965
RADLabs26_Feb23_GrafLab_Clay100%_Group9SampleA_Mon_Feb_23_03_41_25_2026,0.020001128315925598,0.2553372681140899,4.2779725995743965
RADLabs26_Feb23_GrafLab_Clay100%_Group9SampleA_Mon_Feb_23_03_41_25_2026,0.020001128315925598,0.2553372681140899,4.2779725995743965
RADLabs26_Feb23_GrafLab_Clay100%_Group9SampleA_Mon_Feb_23_03_41_25_2026,0.020001128315925598,0.2553372681140899,4.2779725995743965
RADLabs26_Feb23_GrafLab_Clay100%_Group9SampleA_Mon_Feb_23_03_41_25_2026,0.020001128315925598,0.2553372681140899,4.2779725995743965
RADLabs26_Feb23_GrafLab_Clay100%_Group9SampleA_Mon_Feb_23_03_41_25_2026,0.020001128315925598,0.2553372681140899,4.2779725995743965
RADLabs26_Feb23_GrafLab_Clay100%_Group9SampleA_Mon_Feb_23_03_41_25_2026,0.020001128315925598,0.2553372681140899,4.2779725995743965
RADLabs26_Feb23_GrafLab_Clay100%_Group9SampleA_Mon_Feb_23_03_41_25_2026,0.020065516233444186,0.2945482730865478,4.2779725995743965
RADLabs26_Feb23_GrafLab_Clay100%_Group9SampleA_Mon_Feb_23_03_41_25_2026,0.020065516233444186,0.2945482730865478,4.2779725995743965
RADLabs26_Feb23_GrafLab_Clay100%_Group9SampleA_Mon_Feb_23_03_41_25_2026,0.020065516233444186,0.2945482730865478,4.2779725995743965
RADLabs26_Feb23_GrafLab_Clay100%_Group9SampleA_Mon_Feb_23_03_41_25_2026,0.020065516233444186,0.2945482730865478,4.2779725995743965
RADLabs26_Feb23_GrafLab_Clay100%_Group9SampleA_Mon_Feb_23_03_41_25_2026,0.020065516233444186,0.2945482730865478,4.2779725995743965
RADLabs26_Feb23_GrafLab_Clay100%_Group9SampleA_Mon_Feb_23_03_41_25_2026,0.020065516233444186,0.2945482730865478,4.2779725995743965
RADLabs26_Feb23_GrafLab_Clay100%_Group9SampleA_Mon_Feb_23_03_41_25_2026,0.020133823156356784,0.2097437381744384,4.2779725995743965
RADLabs26_Feb23_GrafLab_Clay100%_Group9SampleA_Mon_Feb_23_03_41_25_2026,0.020133823156356784,0.2097437381744384,4.2779725995743965
RADLabs26_Feb23_GrafLab_Clay100%_Group9SampleA_Mon_Feb_23_03_41_25_2026,0.020133823156356784,0.2097437381744384,4.2779725995743965
RADLabs26_Feb23_GrafLab_Clay100%_Group9SampleA_Mon_Feb_23_03_41_25_2026,0.020133823156356784,0.2097437381744384,4.2779725995743965
RADLabs26_Feb23_GrafLab_Clay100%_Group9SampleA_Mon_Feb_23_03_41_25_2026,0.020133823156356784,0.2097437381744384,4.2779725995743965
RADLabs26_Feb23_GrafLab_Clay100%_Group9SampleA_Mon_Feb_23_03_41_25_2026,0.020133823156356784,0.2097437381744384,4.2779725995743965
RADLabs26_Feb23_GrafLab_Clay100%_Group9SampleA_Mon_Feb_23_03_41_25_2026,0.0202101469039917,0.3042688965797424,4.2779725995743965
RADLabs26_Feb23_GrafLab_Clay100%_Group9SampleA_Mon_Feb_23_03_41_25_2026,0.0202101469039917,0.3042688965797424,4.2779725995743965
RADLabs26_Feb23_GrafLab_Clay100%_Group9SampleA_Mon_Feb_23_03_41_25_2026,0.0202101469039917,0.3042688965797424,4.2779725995743965
RADLabs26_Feb23_GrafLab_Clay100%_Group9SampleA_Mon_Feb_23_03_41_25_2026,0.0202101469039917,0.3042688965797424,4.2779725995743965
RADLabs26_Feb23_GrafLab_Clay100%_Group9SampleA_Mon_Feb_23_03_41_25_2026,0.0202101469039917,0.3042688965797424,4.2779725995743965
RADLabs26_Feb23_GrafLab_Clay100%_Group9SampleA_Mon_Feb_23_03_41_25_2026,0.0202101469039917,0.3042688965797424,4.2779725995743965
RADLabs26_Feb23_GrafLab_Clay100%_Group9SampleA_Mon_Feb_23_03_41_25_2026,0.020338311791419983,0.3007393479347229,4.2779725995743965
RADLabs26_Feb23_GrafLab_Clay100%_Group9SampleA_Mon_Feb_23_03_41_25_2026,0.020338311791419983,0.3007393479347229,4.2779725995743965
RADLabs26_Feb23_GrafLab_Clay100%_Group9SampleA_Mon_Feb_23_03_41_25_2026,0.020338311791419983,0.3007393479347229,4.2779725995743965
RADLabs26_Feb23_GrafLab_Clay100%_Group9SampleA_Mon_Feb_23_03_41_25_2026,0.020338311791419983,0.3007393479347229,4.2779725995743965
RADLabs26_Feb23_GrafLab_Clay100%_Group9SampleA_Mon_Feb_23_03_41_25_2026,0.020338311791419983,0.3007393479347229,4.2779725995743965
RADLabs26_Feb23_GrafLab_Clay100%_Group9SampleA_Mon_Feb_23_03_41_25_2026,0.020338311791419983,0.3007393479347229,4.2779725995743965
RADLabs26_Feb23_GrafLab_Clay100%_Group9SampleA_Mon_Feb_23_03_41_25_2026,0.020410284399986184,0.3178253471851349,4.2779725995743965
RADLabs26_Feb23_GrafLab_Clay100%_Group9SampleA_Mon_Feb_23_03_41_25_2026,0.020410284399986184,0.3178253471851349,4.2779725995743965
RADLabs26_Feb23_GrafLab_Clay100%_Group9SampleA_Mon_Feb_23_03_41_25_2026,0.020410284399986184,0.3178253471851349,4.2779725995743965
RADLabs26_Feb23_GrafLab_Clay100%_Group9SampleA_Mon_Feb_23_03_41_25_2026,0.020410284399986184,0.3178253471851349,4.2779725995743965
RADLabs26_Feb23_GrafLab_Clay100%_Group9SampleA_Mon_Feb_23_03_41_25_2026,0.020410284399986184,0.3178253471851349,4.2779725995743965
RADLabs26_Feb23_GrafLab_Clay100%_Group9SampleA_Mon_Feb_23_03_41_25_2026,0.02053496241569519,0.266615092754364,4.2779725995743965
RADLabs26_Feb23_GrafLab_Clay100%_Group9SampleA_Mon_Feb_23_03_41_25_2026,0.02053496241569519,0.266615092754364,4.2779725995743965
RADLabs26_Feb23_GrafLab_Clay100%_Group9SampleA_Mon_Feb_23_03_41_25_2026,0.02053496241569519,0.266615092754364,4.2779725995743965
RADLabs26_Feb23_GrafLab_Clay100%_Group9SampleA_Mon_Feb_23_03_41_25_2026,0.02053496241569519,0.266615092754364,4.2779725995743965
RADLabs26_Feb23_GrafLab_Clay100%_Group9SampleA_Mon_Feb_23_03_41_25_2026,0.02053496241569519,0.266615092754364,4.2779725995743965
RADLabs26_Feb23_GrafLab_Clay100%_Group9SampleA_Mon_Feb_23_03_41_25_2026,0.020730063319206182,0.1644550263881683,4.2779725995743965
RADLabs26_Feb23_GrafLab_Clay100%_Group9SampleA_Mon_Feb_23_03_41_25_2026,0.020730063319206182,0.1644550263881683,4.2779725995743965
RADLabs26_Feb23_GrafLab_Clay100%_Group9SampleA_Mon_Feb_23_03_41_25_2026,0.020730063319206182,0.1644550263881683,4.2779725995743965
RADLabs26_Feb23_GrafLab_Clay100%_Group9SampleA_Mon_Feb_23_03_41_25_2026,0.020730063319206182,0.1644550263881683,4.2779725995743965
RADLabs26_Feb23_GrafLab_Clay100%_Group9SampleA_Mon_Feb_23_03_41_25_2026,0.020730063319206182,0.1644550263881683,4.2779725995743965
RADLabs26_Feb23_GrafLab_Clay100%_Group9SampleA_Mon_Feb_23_03_41_25_2026,0.021171465516090393,-0.238303855061531,4.2779725995743965
RADLabs26_Feb23_GrafLab_Clay100%_Group9SampleA_Mon_Feb_23_03_41_25_2026,0.021171465516090393,-0.238303855061531,4.2779725995743965
RADLabs26_Feb23_GrafLab_Clay100%_Group9SampleA_Mon_Feb_23_03_41_25_2026,0.021171465516090393,-0.238303855061531,4.2779725995743965
RADLabs26_Feb23_GrafLab_Clay100%_Group9SampleA_Mon_Feb_23_03_41_25_2026,0.021171465516090393,-0.238303855061531,4.2779725995743965
RADLabs26_Feb23_GrafLab_Clay100%_Group9SampleA_Mon_Feb_23_03_41_25_2026,0.021171465516090393,-0.238303855061531,4.2779725995743965
RADLabs26_Feb23_GrafLab_Clay100%_Group9SampleA_Mon_Feb_23_03_41_25_2026,0.021711990237235995,-0.7582930326461792,4.2779725995743965
RADLabs26_Feb23_GrafLab_Clay100%_Group9SampleA_Mon_Feb_23_03_41_25_2026,0.021711990237235995,-0.7582930326461792,4.2779725995743965
RADLabs26_Feb23_GrafLab_Clay100%_Group9SampleA_Mon_Feb_23_03_41_25_2026,0.021711990237235995,-0.7582930326461792,4.2779725995743965
RADLabs26_Feb23_GrafLab_Clay100%_Group9SampleA_Mon_Feb_23_03_41_25_2026,0.021711990237235995,-0.7582930326461792,4.2779725995743965
RADLabs26_Feb23_GrafLab_Clay100%_Group9SampleA_Mon_Feb_23_03_41_25_2026,0.021711990237235995,-0.7582930326461792,4.2779725995743965
RADLabs26_Feb23_GrafLab_Clay100%_Group9SampleA_Mon_Feb_23_03_41_25_2026,0.022426992654800387,-1.297319769859314,4.2779725995743965
RADLabs26_Feb23_GrafLab_Clay100%_Group9SampleA_Mon_Feb_23_03_41_25_2026,0.022426992654800387,-1.297319769859314,4.2779725995743965
RADLabs26_Feb23_GrafLab_Clay100%_Group9SampleA_Mon_Feb_23_03_41_25_2026,0.022426992654800387,-1.297319769859314,4.2779725995743965
RADLabs26_Feb23_GrafLab_Clay100%_Group9SampleA_Mon_Feb_23_03_41_25_2026,0.022426992654800387,-1.297319769859314,4.2779725995743965
RADLabs26_Feb23_GrafLab_Clay100%_Group9SampleA_Mon_Feb_23_03_41_25_2026,0.022426992654800387,-1.297319769859314,4.2779725995743965
RADLabs26_Feb23_GrafLab_Clay100%_Group9SampleA_Mon_Feb_23_03_41_25_2026,0.022579327225685092,-1.13553786277771,4.2779725995743965
RADLabs26_Feb23_GrafLab_Clay100%_Group9SampleA_Mon_Feb_23_03_41_25_2026,0.022579327225685092,-1.13553786277771,4.2779725995743965
RADLabs26_Feb23_GrafLab_Clay100%_Group9SampleA_Mon_Feb_23_03_41_25_2026,0.022579327225685092,-1.13553786277771,4.2779725995743965
RADLabs26_Feb23_GrafLab_Clay100%_Group9SampleA_Mon_Feb_23_03_41_25_2026,0.022579327225685092,-1.13553786277771,4.2779725995743965
RADLabs26_Feb23_GrafLab_Clay100%_Group9SampleA_Mon_Feb_23_03_41_25_2026,0.022579327225685092,-1.13553786277771,4.2779725995743965
RADLabs26_Feb23_GrafLab_Clay100%_Group9SampleA_Mon_Feb_23_03_41_25_2026,0.022345662117004395,-0.7697286009788513,4.2779725995743965
RADLabs26_Feb23_GrafLab_Clay100%_Group9SampleA_Mon_Feb_23_03_41_25_2026,0.022345662117004395,-0.7697286009788513,4.2779725995743965
RADLabs26_Feb23_GrafLab_Clay100%_Group9SampleA_Mon_Feb_23_03_41_25_2026,0.022345662117004395,-0.7697286009788513,4.2779725995743965
RADLabs26_Feb23_GrafLab_Clay100%_Group9SampleA_Mon_Feb_23_03_41_25_2026,0.022345662117004395,-0.7697286009788513,4.2779725995743965
RADLabs26_Feb23_GrafLab_Clay100%_Group9SampleA_Mon_Feb_23_03_41_25_2026,0.022345662117004395,-0.7697286009788513,4.2779725995743965
RADLabs26_Feb23_GrafLab_Clay100%_Group9SampleA_Mon_Feb_23_03_41_25_2026,0.022345662117004395,-0.7697286009788513,4.2779725995743965
RADLabs26_Feb23_GrafLab_Clay100%_Group9SampleA_Mon_Feb_23_03_41_25_2026,0.022350549697875893,-0.7804895639419556,4.2779725995743965
RADLabs26_Feb23_GrafLab_Clay100%_Group9SampleA_Mon_Feb_23_03_41_25_2026,0.022350549697875893,-0.7804895639419556,4.2779725995743965
RADLabs26_Feb23_GrafLab_Clay100%_Group9SampleA_Mon_Feb_23_03_41_25_2026,0.022350549697875893,-0.7804895639419556,4.2779725995743965
RADLabs26_Feb23_GrafLab_Clay100%_Group9SampleA_Mon_Feb_23_03_41_25_2026,0.022350549697875893,-0.7804895639419556,4.2779725995743965
RADLabs26_Feb23_GrafLab_Clay100%_Group9SampleA_Mon_Feb_23_03_41_25_2026,0.022350549697875893,-0.7804895639419556,4.2779725995743965
RADLabs26_Feb23_GrafLab_Clay100%_Group9SampleA_Mon_Feb_23_03_41_25_2026,0.02251525223255149,-0.8726288676261902,4.2779725995743965
RADLabs26_Feb23_GrafLab_Clay100%_Group9SampleA_Mon_Feb_23_03_41_25_2026,0.02251525223255149,-0.8726288676261902,4.2779725995743965
RADLabs26_Feb23_GrafLab_Clay100%_Group9SampleA_Mon_Feb_23_03_41_25_2026,0.02251525223255149,-0.8726288676261902,4.2779725995743965
RADLabs26_Feb23_GrafLab_Clay100%_Group9SampleA_Mon_Feb_23_03_41_25_2026,0.02251525223255149,-0.8726288676261902,4.2779725995743965
RADLabs26_Feb23_GrafLab_Clay100%_Group9SampleA_Mon_Feb_23_03_41_25_2026,0.02251525223255149,-0.8726288676261902,4.2779725995743965
RADLabs26_Feb23_GrafLab_Clay100%_Group9SampleA_Mon_Feb_23_03_41_25_2026,0.02251525223255149,-0.8726288676261902,4.2779725995743965
RADLabs26_Feb23_GrafLab_Clay100%_Group9SampleA_Mon_Feb_23_03_41_25_2026,0.022570163011550903,-0.7498393654823303,4.2779725995743965
RADLabs26_Feb23_GrafLab_Clay100%_Group9SampleA_Mon_Feb_23_03_41_25_2026,0.022570163011550903,-0.7498393654823303,4.2779725995743965
RADLabs26_Feb23_GrafLab_Clay100%_Group9SampleA_Mon_Feb_23_03_41_25_2026,0.022570163011550903,-0.7498393654823303,4.2779725995743965
RADLabs26_Feb23_GrafLab_Clay100%_Group9SampleA_Mon_Feb_23_03_41_25_2026,0.022570163011550903,-0.7498393654823303,4.2779725995743965
RADLabs26_Feb23_GrafLab_Clay100%_Group9SampleA_Mon_Feb_23_03_41_25_2026,0.0225191712379455,-0.6037142872810364,4.2779725995743965
RADLabs26_Feb23_GrafLab_Clay100%_Group9SampleA_Mon_Feb_23_03_41_25_2026,0.0225191712379455,-0.6037142872810364,4.2779725995743965
RADLabs26_Feb23_GrafLab_Clay100%_Group9SampleA_Mon_Feb_23_03_41_25_2026,0.0225191712379455,-0.6037142872810364,4.2779725995743965
RADLabs26_Feb23_GrafLab_Clay100%_Group9SampleA_Mon_Feb_23_03_41_25_2026,0.0225191712379455,-0.6037142872810364,4.2779725995743965
RADLabs26_Feb23_GrafLab_Clay100%_Group9SampleA_Mon_Feb_23_03_41_25_2026,0.0225191712379455,-0.6037142872810364,4.2779725995743965
RADLabs26_Feb23_GrafLab_Clay100%_Group9SampleA_Mon_Feb_23_03_41_25_2026,0.0225191712379455,-0.6037142872810364,4.2779725995743965
RADLabs26_Feb23_GrafLab_Clay100%_Group9SampleA_Mon_Feb_23_03_41_25_2026,0.022533878684043884,-0.5370497107505798,4.2779725995743965
RADLabs26_Feb23_GrafLab_Clay100%_Group9SampleA_Mon_Feb_23_03_41_25_2026,0.022533878684043884,-0.5370497107505798,4.2779725995743965
RADLabs26_Feb23_GrafLab_Clay100%_Group9SampleA_Mon_Feb_23_03_41_25_2026,0.022533878684043884,-0.5370497107505798,4.2779725995743965
RADLabs26_Feb23_GrafLab_Clay100%_Group9SampleA_Mon_Feb_23_03_41_25_2026,0.022533878684043884,-0.5370497107505798,4.2779725995743965
RADLabs26_Feb23_GrafLab_Clay100%_Group9SampleA_Mon_Feb_23_03_41_25_2026,0.022533878684043884,-0.5370497107505798,4.2779725995743965
RADLabs26_Feb23_GrafLab_Clay100%_Group9SampleA_Mon_Feb_23_03_41_25_2026,0.022533878684043884,-0.5370497107505798,4.2779725995743965
RADLabs26_Feb23_GrafLab_Clay100%_Group9SampleA_Mon_Feb_23_03_41_25_2026,0.022602245211601202,-0.6319887638092041,4.2779725995743965
RADLabs26_Feb23_GrafLab_Clay100%_Group9SampleA_Mon_Feb_23_03_41_25_2026,0.022602245211601202,-0.6319887638092041,4.2779725995743965
RADLabs26_Feb23_GrafLab_Clay100%_Group9SampleA_Mon_Feb_23_03_41_25_2026,0.022602245211601202,-0.6319887638092041,4.2779725995743965
RADLabs26_Feb23_GrafLab_Clay100%_Group9SampleA_Mon_Feb_23_03_41_25_2026,0.022602245211601202,-0.6319887638092041,4.2779725995743965
RADLabs26_Feb23_GrafLab_Clay100%_Group9SampleA_Mon_Feb_23_03_41_25_2026,0.022602245211601202,-0.6319887638092041,4.2779725995743965
RADLabs26_Feb23_GrafLab_Clay100%_Group9SampleA_Mon_Feb_23_03_41_25_2026,0.022602245211601202,-0.6319887638092041,4.2779725995743965
RADLabs26_Feb23_GrafLab_Clay100%_Group9SampleA_Mon_Feb_23_03_41_25_2026,0.022602245211601202,-0.6319887638092041,4.2779725995743965
RADLabs26_Feb23_GrafLab_Clay100%_Group9SampleA_Mon_Feb_23_03_41_25_2026,0.022599026560783386,-0.4017983376979828,4.2779725995743965
RADLabs26_Feb23_GrafLab_Clay100%_Group9SampleA_Mon_Feb_23_03_41_25_2026,0.022599026560783386,-0.4017983376979828,4.2779725995743965
RADLabs26_Feb23_GrafLab_Clay100%_Group9SampleA_Mon_Feb_23_03_41_25_2026,0.022599026560783386,-0.4017983376979828,4.2779725995743965
RADLabs26_Feb23_GrafLab_Clay100%_Group9SampleA_Mon_Feb_23_03_41_25_2026,0.022599026560783386,-0.4017983376979828,4.2779725995743965
RADLabs26_Feb23_GrafLab_Clay100%_Group9SampleA_Mon_Feb_23_03_41_25_2026,0.022599026560783386,-0.4017983376979828,4.2779725995743965
RADLabs26_Feb23_GrafLab_Clay100%_Group9SampleA_Mon_Feb_23_03_41_25_2026,0.022599026560783386,-0.4017983376979828,4.2779725995743965
RADLabs26_Feb23_GrafLab_Clay100%_Group9SampleA_Mon_Feb_23_03_41_25_2026,0.02261634171009058,-0.3229862153530121,4.2779725995743965
RADLabs26_Feb23_GrafLab_Clay100%_Group9SampleA_Mon_Feb_23_03_41_25_2026,0.02261634171009058,-0.3229862153530121,4.2779725995743965
RADLabs26_Feb23_GrafLab_Clay100%_Group9SampleA_Mon_Feb_23_03_41_25_2026,0.02261634171009058,-0.3229862153530121,4.2779725995743965
RADLabs26_Feb23_GrafLab_Clay100%_Group9SampleA_Mon_Feb_23_03_41_25_2026,0.02261634171009058,-0.3229862153530121,4.2779725995743965
RADLabs26_Feb23_GrafLab_Clay100%_Group9SampleA_Mon_Feb_23_03_41_25_2026,0.02261634171009058,-0.3229862153530121,4.2779725995743965
RADLabs26_Feb23_GrafLab_Clay100%_Group9SampleA_Mon_Feb_23_03_41_25_2026,0.02261634171009058,-0.3229862153530121,4.2779725995743965
RADLabs26_Feb23_GrafLab_Clay100%_Group9SampleA_Mon_Feb_23_03_41_25_2026,0.02261634171009058,-0.227282166481018,4.2779725995743965
RADLabs26_Feb23_GrafLab_Clay100%_Group9SampleA_Mon_Feb_23_03_41_25_2026,0.02261634171009058,-0.227282166481018,4.2779725995743965
RADLabs26_Feb23_GrafLab_Clay100%_Group9SampleA_Mon_Feb_23_03_41_25_2026,0.02261634171009058,-0.227282166481018,4.2779725995743965
RADLabs26_Feb23_GrafLab_Clay100%_Group9SampleA_Mon_Feb_23_03_41_25_2026,0.022625669836997986,-0.1487614512443542,4.2779725995743965
RADLabs26_Feb23_GrafLab_Clay100%_Group9SampleA_Mon_Feb_23_03_41_25_2026,0.022625669836997986,-0.1487614512443542,4.2779725995743965
RADLabs26_Feb23_GrafLab_Clay100%_Group9SampleA_Mon_Feb_23_03_41_25_2026,0.022625669836997986,-0.1487614512443542,4.2779725995743965
RADLabs26_Feb23_GrafLab_Clay100%_Group9SampleA_Mon_Feb_23_03_41_25_2026,0.022625669836997986,-0.1487614512443542,4.2779725995743965
RADLabs26_Feb23_GrafLab_Clay100%_Group9SampleA_Mon_Feb_23_03_41_25_2026,0.0226677805185318,-0.0981401056051254,4.2779725995743965
RADLabs26_Feb23_GrafLab_Clay100%_Group9SampleA_Mon_Feb_23_03_41_25_2026,0.0226677805185318,-0.0981401056051254,4.2779725995743965
RADLabs26_Feb23_GrafLab_Clay100%_Group9SampleA_Mon_Feb_23_03_41_25_2026,0.0226677805185318,-0.0981401056051254,4.2779725995743965
RADLabs26_Feb23_GrafLab_Clay100%_Group9SampleA_Mon_Feb_23_03_41_25_2026,0.0226677805185318,-0.0981401056051254,4.2779725995743965
RADLabs26_Feb23_GrafLab_Clay100%_Group9SampleA_Mon_Feb_23_03_41_25_2026,0.0226677805185318,-0.0981401056051254,4.2779725995743965
RADLabs26_Feb23_GrafLab_Clay100%_Group9SampleA_Mon_Feb_23_03_41_25_2026,0.0226677805185318,-0.0981401056051254,4.2779725995743965
RADLabs26_Feb23_GrafLab_Clay100%_Group9SampleA_Mon_Feb_23_03_41_25_2026,0.022679507732391302,-0.0101443259045481,4.2779725995743965
RADLabs26_Feb23_GrafLab_Clay100%_Group9SampleA_Mon_Feb_23_03_41_25_2026,0.022679507732391302,-0.0101443259045481,4.2779725995743965
RADLabs26_Feb23_GrafLab_Clay100%_Group9SampleA_Mon_Feb_23_03_41_25_2026,0.022679507732391302,-0.0101443259045481,4.2779725995743965
RADLabs26_Feb23_GrafLab_Clay100%_Group9SampleA_Mon_Feb_23_03_41_25_2026,0.022679507732391302,-0.0101443259045481,4.2779725995743965
RADLabs26_Feb23_GrafLab_Clay100%_Group9SampleA_Mon_Feb_23_03_41_25_2026,0.022679507732391302,-0.0101443259045481,4.2779725995743965
RADLabs26_Feb23_GrafLab_Clay100%_Group9SampleA_Mon_Feb_23_03_41_25_2026,0.022701874375343295,0.0704921782016754,4.2779725995743965
RADLabs26_Feb23_GrafLab_Clay100%_Group9SampleA_Mon_Feb_23_03_41_25_2026,0.022701874375343295,0.0704921782016754,4.2779725995743965
RADLabs26_Feb23_GrafLab_Clay100%_Group9SampleA_Mon_Feb_23_03_41_25_2026,0.022701874375343295,0.0704921782016754,4.2779725995743965
RADLabs26_Feb23_GrafLab_Clay100%_Group9SampleA_Mon_Feb_23_03_41_25_2026,0.022701874375343295,0.0704921782016754,4.2779725995743965
RADLabs26_Feb23_GrafLab_Clay100%_Group9SampleA_Mon_Feb_23_03_41_25_2026,0.022701874375343295,0.0704921782016754,4.2779725995743965
RADLabs26_Feb23_GrafLab_Clay100%_Group9SampleA_Mon_Feb_23_03_41_25_2026,0.02275808155536649,0.0826658979058265,4.2779725995743965
RADLabs26_Feb23_GrafLab_Clay100%_Group9SampleA_Mon_Feb_23_03_41_25_2026,0.02275808155536649,0.0826658979058265,4.2779725995743965
RADLabs26_Feb23_GrafLab_Clay100%_Group9SampleA_Mon_Feb_23_03_41_25_2026,0.02275808155536649,0.0826658979058265,4.2779725995743965
RADLabs26_Feb23_GrafLab_Clay100%_Group9SampleA_Mon_Feb_23_03_41_25_2026,0.02275808155536649,0.0826658979058265,4.2779725995743965
RADLabs26_Feb23_GrafLab_Clay100%_Group9SampleA_Mon_Feb_23_03_41_25_2026,0.02275808155536649,0.0826658979058265,4.2779725995743965
RADLabs26_Feb23_GrafLab_Clay100%_Group9SampleA_Mon_Feb_23_03_41_25_2026,0.02275808155536649,0.0826658979058265,4.2779725995743965
RADLabs26_Feb23_GrafLab_Clay100%_Group9SampleA_Mon_Feb_23_03_41_25_2026,0.022804722189903204,0.1528766304254531,4.2779725995743965
RADLabs26_Feb23_GrafLab_Clay100%_Group9SampleA_Mon_Feb_23_03_41_25_2026,0.022804722189903204,0.1528766304254531,4.2779725995743965
RADLabs26_Feb23_GrafLab_Clay100%_Group9SampleA_Mon_Feb_23_03_41_25_2026,0.022804722189903204,0.1528766304254531,4.2779725995743965
RADLabs26_Feb23_GrafLab_Clay100%_Group9SampleA_Mon_Feb_23_03_41_25_2026,0.022804722189903204,0.1528766304254531,4.2779725995743965
RADLabs26_Feb23_GrafLab_Clay100%_Group9SampleA_Mon_Feb_23_03_41_25_2026,0.022804722189903204,0.1528766304254531,4.2779725995743965
RADLabs26_Feb23_GrafLab_Clay100%_Group9SampleA_Mon_Feb_23_03_41_25_2026,0.022804722189903204,0.1528766304254531,4.2779725995743965
RADLabs26_Feb23_GrafLab_Clay100%_Group9SampleA_Mon_Feb_23_03_41_25_2026,0.022837489843368503,0.2083707600831985,4.2779725995743965
RADLabs26_Feb23_GrafLab_Clay100%_Group9SampleA_Mon_Feb_23_03_41_25_2026,0.022837489843368503,0.2083707600831985,4.2779725995743965
RADLabs26_Feb23_GrafLab_Clay100%_Group9SampleA_Mon_Feb_23_03_41_25_2026,0.022837489843368503,0.2083707600831985,4.2779725995743965
RADLabs26_Feb23_GrafLab_Clay100%_Group9SampleA_Mon_Feb_23_03_41_25_2026,0.022837489843368503,0.2083707600831985,4.2779725995743965
RADLabs26_Feb23_GrafLab_Clay100%_Group9SampleA_Mon_Feb_23_03_41_25_2026,0.022837489843368503,0.2083707600831985,4.2779725995743965
RADLabs26_Feb23_GrafLab_Clay100%_Group9SampleA_Mon_Feb_23_03_41_25_2026,0.022837489843368503,0.2083707600831985,4.2779725995743965
RADLabs26_Feb23_GrafLab_Clay100%_Group9SampleA_Mon_Feb_23_03_41_25_2026,0.022856116294860784,0.2094898521900177,4.2779725995743965
RADLabs26_Feb23_GrafLab_Clay100%_Group9SampleA_Mon_Feb_23_03_41_25_2026,0.022856116294860784,0.2094898521900177,4.2779725995743965
RADLabs26_Feb23_GrafLab_Clay100%_Group9SampleA_Mon_Feb_23_03_41_25_2026,0.022856116294860784,0.2094898521900177,4.2779725995743965
RADLabs26_Feb23_GrafLab_Clay100%_Group9SampleA_Mon_Feb_23_03_41_25_2026,0.022856116294860784,0.2094898521900177,4.2779725995743965
RADLabs26_Feb23_GrafLab_Clay100%_Group9SampleA_Mon_Feb_23_03_41_25_2026,0.022856116294860784,0.2094898521900177,4.2779725995743965
RADLabs26_Feb23_GrafLab_Clay100%_Group9SampleA_Mon_Feb_23_03_41_25_2026,0.022923991084098788,0.3062379658222198,4.2779725995743965
RADLabs26_Feb23_GrafLab_Clay100%_Group9SampleA_Mon_Feb_23_03_41_25_2026,0.022923991084098788,0.3062379658222198,4.2779725995743965
RADLabs26_Feb23_GrafLab_Clay100%_Group9SampleA_Mon_Feb_23_03_41_25_2026,0.022923991084098788,0.3062379658222198,4.2779725995743965
RADLabs26_Feb23_GrafLab_Clay100%_Group9SampleA_Mon_Feb_23_03_41_25_2026,0.022923991084098788,0.3062379658222198,4.2779725995743965
RADLabs26_Feb23_GrafLab_Clay100%_Group9SampleA_Mon_Feb_23_03_41_25_2026,0.022923991084098788,0.3062379658222198,4.2779725995743965
RADLabs26_Feb23_GrafLab_Clay100%_Group9SampleA_Mon_Feb_23_03_41_25_2026,0.022923991084098788,0.3062379658222198,4.2779725995743965
RADLabs26_Feb23_GrafLab_Clay100%_Group9SampleA_Mon_Feb_23_03_41_25_2026,0.022951409220695496,0.3887199163436889,4.2779725995743965
RADLabs26_Feb23_GrafLab_Clay100%_Group9SampleA_Mon_Feb_23_03_41_25_2026,0.022951409220695496,0.3887199163436889,4.2779725995743965
RADLabs26_Feb23_GrafLab_Clay100%_Group9SampleA_Mon_Feb_23_03_41_25_2026,0.022951409220695496,0.3887199163436889,4.2779725995743965
RADLabs26_Feb23_GrafLab_Clay100%_Group9SampleA_Mon_Feb_23_03_41_25_2026,0.022951409220695496,0.3887199163436889,4.2779725995743965
RADLabs26_Feb23_GrafLab_Clay100%_Group9SampleA_Mon_Feb_23_03_41_25_2026,0.022951409220695496,0.3887199163436889,4.2779725995743965
RADLabs26_Feb23_GrafLab_Clay100%_Group9SampleA_Mon_Feb_23_03_41_25_2026,0.023033961653709384,0.4078411757946014,4.2779725995743965
RADLabs26_Feb23_GrafLab_Clay100%_Group9SampleA_Mon_Feb_23_03_41_25_2026,0.023033961653709384,0.4078411757946014,4.2779725995743965
RADLabs26_Feb23_GrafLab_Clay100%_Group9SampleA_Mon_Feb_23_03_41_25_2026,0.023033961653709384,0.4078411757946014,4.2779725995743965
RADLabs26_Feb23_GrafLab_Clay100%_Group9SampleA_Mon_Feb_23_03_41_25_2026,0.023033961653709384,0.4078411757946014,4.2779725995743965
RADLabs26_Feb23_GrafLab_Clay100%_Group9SampleA_Mon_Feb_23_03_41_25_2026,0.023033961653709384,0.4078411757946014,4.2779725995743965
RADLabs26_Feb23_GrafLab_Clay100%_Group9SampleA_Mon_Feb_23_03_41_25_2026,0.0231054425239563,0.4175088107585907,4.2779725995743965
RADLabs26_Feb23_GrafLab_Clay100%_Group9SampleA_Mon_Feb_23_03_41_25_2026,0.0231054425239563,0.4175088107585907,4.2779725995743965
RADLabs26_Feb23_GrafLab_Clay100%_Group9SampleA_Mon_Feb_23_03_41_25_2026,0.0231054425239563,0.4175088107585907,4.2779725995743965
RADLabs26_Feb23_GrafLab_Clay100%_Group9SampleA_Mon_Feb_23_03_41_25_2026,0.0231054425239563,0.4175088107585907,4.2779725995743965
RADLabs26_Feb23_GrafLab_Clay100%_Group9SampleA_Mon_Feb_23_03_41_25_2026,0.0231054425239563,0.4175088107585907,4.2779725995743965
RADLabs26_Feb23_GrafLab_Clay100%_Group9SampleA_Mon_Feb_23_03_41_25_2026,0.0231054425239563,0.4175088107585907,4.2779725995743965
RADLabs26_Feb23_GrafLab_Clay100%_Group9SampleA_Mon_Feb_23_03_41_25_2026,0.023170635104179382,0.4583530724048614,4.2779725995743965
RADLabs26_Feb23_GrafLab_Clay100%_Group9SampleA_Mon_Feb_23_03_41_25_2026,0.023170635104179382,0.4583530724048614,4.2779725995743965
RADLabs26_Feb23_GrafLab_Clay100%_Group9SampleA_Mon_Feb_23_03_41_25_2026,0.023170635104179382,0.4583530724048614,4.2779725995743965
RADLabs26_Feb23_GrafLab_Clay100%_Group9SampleA_Mon_Feb_23_03_41_25_2026,0.023170635104179382,0.4583530724048614,4.2779725995743965
RADLabs26_Feb23_GrafLab_Clay100%_Group9SampleA_Mon_Feb_23_03_41_25_2026,0.023170635104179382,0.4583530724048614,4.2779725995743965
RADLabs26_Feb23_GrafLab_Clay100%_Group9SampleA_Mon_Feb_23_03_41_25_2026,0.023170635104179382,0.4583530724048614,4.2779725995743965
RADLabs26_Feb23_GrafLab_Clay100%_Group9SampleA_Mon_Feb_23_03_41_25_2026,0.023343622684478704,0.3605402410030365,4.2779725995743965
RADLabs26_Feb23_GrafLab_Clay100%_Group9SampleA_Mon_Feb_23_03_41_25_2026,0.023343622684478704,0.3605402410030365,4.2779725995743965
RADLabs26_Feb23_GrafLab_Clay100%_Group9SampleA_Mon_Feb_23_03_41_25_2026,0.023343622684478704,0.3605402410030365,4.2779725995743965
RADLabs26_Feb23_GrafLab_Clay100%_Group9SampleA_Mon_Feb_23_03_41_25_2026,0.023343622684478704,0.3605402410030365,4.2779725995743965
RADLabs26_Feb23_GrafLab_Clay100%_Group9SampleA_Mon_Feb_23_03_41_25_2026,0.023343622684478704,0.3605402410030365,4.2779725995743965
RADLabs26_Feb23_GrafLab_Clay100%_Group9SampleA_Mon_Feb_23_03_41_25_2026,0.023343622684478704,0.3605402410030365,4.2779725995743965
RADLabs26_Feb23_GrafLab_Clay100%_Group9SampleA_Mon_Feb_23_03_41_25_2026,0.023608088493347085,0.1393840759992599,4.2779725995743965
RADLabs26_Feb23_GrafLab_Clay100%_Group9SampleA_Mon_Feb_23_03_41_25_2026,0.023608088493347085,0.1393840759992599,4.2779725995743965
RADLabs26_Feb23_GrafLab_Clay100%_Group9SampleA_Mon_Feb_23_03_41_25_2026,0.023608088493347085,0.1393840759992599,4.2779725995743965
RADLabs26_Feb23_GrafLab_Clay100%_Group9SampleA_Mon_Feb_23_03_41_25_2026,0.023608088493347085,0.1393840759992599,4.2779725995743965
RADLabs26_Feb23_GrafLab_Clay100%_Group9SampleA_Mon_Feb_23_03_41_25_2026,0.023608088493347085,0.1393840759992599,4.2779725995743965
RADLabs26_Feb23_GrafLab_Clay100%_Group9SampleA_Mon_Feb_23_03_41_25_2026,0.024090841412544195,-0.3066126406192779,4.2779725995743965
RADLabs26_Feb23_GrafLab_Clay100%_Group9SampleA_Mon_Feb_23_03_41_25_2026,0.024090841412544195,-0.3066126406192779,4.2779725995743965
RADLabs26_Feb23_GrafLab_Clay100%_Group9SampleA_Mon_Feb_23_03_41_25_2026,0.024090841412544195,-0.3066126406192779,4.2779725995743965
RADLabs26_Feb23_GrafLab_Clay100%_Group9SampleA_Mon_Feb_23_03_41_25_2026,0.024090841412544195,-0.3066126406192779,4.2779725995743965
RADLabs26_Feb23_GrafLab_Clay100%_Group9SampleA_Mon_Feb_23_03_41_25_2026,0.024090841412544195,-0.3066126406192779,4.2779725995743965
RADLabs26_Feb23_GrafLab_Clay100%_Group9SampleA_Mon_Feb_23_03_41_25_2026,0.024793207645416204,-0.931640326976776,4.2779725995743965
RADLabs26_Feb23_GrafLab_Clay100%_Group9SampleA_Mon_Feb_23_03_41_25_2026,0.024793207645416204,-0.931640326976776,4.2779725995743965
RADLabs26_Feb23_GrafLab_Clay100%_Group9SampleA_Mon_Feb_23_03_41_25_2026,0.024793207645416204,-0.931640326976776,4.2779725995743965
RADLabs26_Feb23_GrafLab_Clay100%_Group9SampleA_Mon_Feb_23_03_41_25_2026,0.024793207645416204,-0.931640326976776,4.2779725995743965
RADLabs26_Feb23_GrafLab_Clay100%_Group9SampleA_Mon_Feb_23_03_41_25_2026,0.024793207645416204,-0.931640326976776,4.2779725995743965
RADLabs26_Feb23_GrafLab_Clay100%_Group9SampleA_Mon_Feb_23_03_41_25_2026,0.02525556087493888,-1.1571680307388306,4.2779725995743965
RADLabs26_Feb23_GrafLab_Clay100%_Group9SampleA_Mon_Feb_23_03_41_25_2026,0.02525556087493888,-1.1571680307388306,4.2779725995743965
RADLabs26_Feb23_GrafLab_Clay100%_Group9SampleA_Mon_Feb_23_03_41_25_2026,0.02525556087493888,-1.1571680307388306,4.2779725995743965
RADLabs26_Feb23_GrafLab_Clay100%_Group9SampleA_Mon_Feb_23_03_41_25_2026,0.02525556087493888,-1.1571680307388306,4.2779725995743965
RADLabs26_Feb23_GrafLab_Clay100%_Group9SampleA_Mon_Feb_23_03_41_25_2026,0.02525556087493888,-1.1571680307388306,4.2779725995743965
RADLabs26_Feb23_GrafLab_Clay100%_Group9SampleA_Mon_Feb_23_03_41_25_2026,0.02525556087493888,-1.1571680307388306,4.2779725995743965
RADLabs26_Feb23_GrafLab_Clay100%_Group9SampleA_Mon_Feb_23_03_41_25_2026,0.02525556087493888,-1.1571680307388306,4.2779725995743965
RADLabs26_Feb23_GrafLab_Clay100%_Group9SampleA_Mon_Feb_23_03_41_25_2026,0.025238245725631686,-0.8452485203742981,4.2779725995743965
RADLabs26_Feb23_GrafLab_Clay100%_Group9SampleA_Mon_Feb_23_03_41_25_2026,0.025238245725631686,-0.8452485203742981,4.2779725995743965
RADLabs26_Feb23_GrafLab_Clay100%_Group9SampleA_Mon_Feb_23_03_41_25_2026,0.025238245725631686,-0.8452485203742981,4.2779725995743965
RADLabs26_Feb23_GrafLab_Clay100%_Group9SampleA_Mon_Feb_23_03_41_25_2026,0.025238245725631686,-0.8452485203742981,4.2779725995743965
RADLabs26_Feb23_GrafLab_Clay100%_Group9SampleA_Mon_Feb_23_03_41_25_2026,0.025238245725631686,-0.8452485203742981,4.2779725995743965
RADLabs26_Feb23_GrafLab_Clay100%_Group9SampleA_Mon_Feb_23_03_41_25_2026,0.02506530284881589,-0.5946388244628906,4.2779725995743965
RADLabs26_Feb23_GrafLab_Clay100%_Group9SampleA_Mon_Feb_23_03_41_25_2026,0.02506530284881589,-0.5946388244628906,4.2779725995743965
RADLabs26_Feb23_GrafLab_Clay100%_Group9SampleA_Mon_Feb_23_03_41_25_2026,0.02506530284881589,-0.5946388244628906,4.2779725995743965
RADLabs26_Feb23_GrafLab_Clay100%_Group9SampleA_Mon_Feb_23_03_41_25_2026,0.02506530284881589,-0.5946388244628906,4.2779725995743965
RADLabs26_Feb23_GrafLab_Clay100%_Group9SampleA_Mon_Feb_23_03_41_25_2026,0.02506530284881589,-0.5946388244628906,4.2779725995743965
RADLabs26_Feb23_GrafLab_Clay100%_Group9SampleA_Mon_Feb_23_03_41_25_2026,0.02514131367206568,-0.6820788383483887,4.2779725995743965
RADLabs26_Feb23_GrafLab_Clay100%_Group9SampleA_Mon_Feb_23_03_41_25_2026,0.02514131367206568,-0.6820788383483887,4.2779725995743965
RADLabs26_Feb23_GrafLab_Clay100%_Group9SampleA_Mon_Feb_23_03_41_25_2026,0.02514131367206568,-0.6820788383483887,4.2779725995743965
RADLabs26_Feb23_GrafLab_Clay100%_Group9SampleA_Mon_Feb_23_03_41_25_2026,0.02514131367206568,-0.6820788383483887,4.2779725995743965
RADLabs26_Feb23_GrafLab_Clay100%_Group9SampleA_Mon_Feb_23_03_41_25_2026,0.02514131367206568,-0.6820788383483887,4.2779725995743965
RADLabs26_Feb23_GrafLab_Clay100%_Group9SampleA_Mon_Feb_23_03_41_25_2026,0.02514131367206568,-0.6820788383483887,4.2779725995743965
RADLabs26_Feb23_GrafLab_Clay100%_Group9SampleA_Mon_Feb_23_03_41_25_2026,0.025357231497764587,-0.8006559014320374,4.2779725995743965
RADLabs26_Feb23_GrafLab_Clay100%_Group9SampleA_Mon_Feb_23_03_41_25_2026,0.025357231497764587,-0.8006559014320374,4.2779725995743965
RADLabs26_Feb23_GrafLab_Clay100%_Group9SampleA_Mon_Feb_23_03_41_25_2026,0.025357231497764587,-0.8006559014320374,4.2779725995743965
RADLabs26_Feb23_GrafLab_Clay100%_Group9SampleA_Mon_Feb_23_03_41_25_2026,0.025357231497764587,-0.8006559014320374,4.2779725995743965
RADLabs26_Feb23_GrafLab_Clay100%_Group9SampleA_Mon_Feb_23_03_41_25_2026,0.025357231497764587,-0.8006559014320374,4.2779725995743965
RADLabs26_Feb23_GrafLab_Clay100%_Group9SampleA_Mon_Feb_23_03_41_25_2026,0.02536836266517639,-0.6556762456893921,4.2779725995743965
RADLabs26_Feb23_GrafLab_Clay100%_Group9SampleA_Mon_Feb_23_03_41_25_2026,0.02536836266517639,-0.6556762456893921,4.2779725995743965
RADLabs26_Feb23_GrafLab_Clay100%_Group9SampleA_Mon_Feb_23_03_41_25_2026,0.02536836266517639,-0.6556762456893921,4.2779725995743965
RADLabs26_Feb23_GrafLab_Clay100%_Group9SampleA_Mon_Feb_23_03_41_25_2026,0.02536836266517639,-0.6556762456893921,4.2779725995743965
RADLabs26_Feb23_GrafLab_Clay100%_Group9SampleA_Mon_Feb_23_03_41_25_2026,0.02536836266517639,-0.6556762456893921,4.2779725995743965
RADLabs26_Feb23_GrafLab_Clay100%_Group9SampleA_Mon_Feb_23_03_41_25_2026,0.025321424007415688,-0.5095049738883972,4.2779725995743965
RADLabs26_Feb23_GrafLab_Clay100%_Group9SampleA_Mon_Feb_23_03_41_25_2026,0.025321424007415688,-0.5095049738883972,4.2779725995743965
RADLabs26_Feb23_GrafLab_Clay100%_Group9SampleA_Mon_Feb_23_03_41_25_2026,0.025321424007415688,-0.5095049738883972,4.2779725995743965
RADLabs26_Feb23_GrafLab_Clay100%_Group9SampleA_Mon_Feb_23_03_41_25_2026,0.025321424007415688,-0.5095049738883972,4.2779725995743965
RADLabs26_Feb23_GrafLab_Clay100%_Group9SampleA_Mon_Feb_23_03_41_25_2026,0.025321424007415688,-0.5095049738883972,4.2779725995743965
RADLabs26_Feb23_GrafLab_Clay100%_Group9SampleA_Mon_Feb_23_03_41_25_2026,0.025321424007415688,-0.5095049738883972,4.2779725995743965
RADLabs26_Feb23_GrafLab_Clay100%_Group9SampleA_Mon_Feb_23_03_41_25_2026,0.02537301182746879,-0.4818739593029022,4.2779725995743965
RADLabs26_Feb23_GrafLab_Clay100%_Group9SampleA_Mon_Feb_23_03_41_25_2026,0.02537301182746879,-0.4818739593029022,4.2779725995743965
RADLabs26_Feb23_GrafLab_Clay100%_Group9SampleA_Mon_Feb_23_03_41_25_2026,0.02537301182746879,-0.4818739593029022,4.2779725995743965
RADLabs26_Feb23_GrafLab_Clay100%_Group9SampleA_Mon_Feb_23_03_41_25_2026,0.02537301182746879,-0.4818739593029022,4.2779725995743965
RADLabs26_Feb23_GrafLab_Clay100%_Group9SampleA_Mon_Feb_23_03_41_25_2026,0.02537301182746879,-0.4818739593029022,4.2779725995743965
RADLabs26_Feb23_GrafLab_Clay100%_Group9SampleA_Mon_Feb_23_03_41_25_2026,0.02537301182746879,-0.4818739593029022,4.2779725995743965
RADLabs26_Feb23_GrafLab_Clay100%_Group9SampleA_Mon_Feb_23_03_41_25_2026,0.0254125297069549,-0.4201248288154602,4.2779725995743965
RADLabs26_Feb23_GrafLab_Clay100%_Group9SampleA_Mon_Feb_23_03_41_25_2026,0.0254125297069549,-0.4201248288154602,4.2779725995743965
RADLabs26_Feb23_GrafLab_Clay100%_Group9SampleA_Mon_Feb_23_03_41_25_2026,0.0254125297069549,-0.4201248288154602,4.2779725995743965
RADLabs26_Feb23_GrafLab_Clay100%_Group9SampleA_Mon_Feb_23_03_41_25_2026,0.0254125297069549,-0.4201248288154602,4.2779725995743965
RADLabs26_Feb23_GrafLab_Clay100%_Group9SampleA_Mon_Feb_23_03_41_25_2026,0.0254125297069549,-0.4201248288154602,4.2779725995743965
RADLabs26_Feb23_GrafLab_Clay100%_Group9SampleA_Mon_Feb_23_03_41_25_2026,0.0254125297069549,-0.4201248288154602,4.2779725995743965
RADLabs26_Feb23_GrafLab_Clay100%_Group9SampleA_Mon_Feb_23_03_41_25_2026,0.0254125297069549,-0.4201248288154602,4.2779725995743965
RADLabs26_Feb23_GrafLab_Clay100%_Group9SampleA_Mon_Feb_23_03_41_25_2026,0.02541957795619959,-0.3253407776355743,4.2779725995743965
RADLabs26_Feb23_GrafLab_Clay100%_Group9SampleA_Mon_Feb_23_03_41_25_2026,0.02541957795619959,-0.3253407776355743,4.2779725995743965
RADLabs26_Feb23_GrafLab_Clay100%_Group9SampleA_Mon_Feb_23_03_41_25_2026,0.02541957795619959,-0.3253407776355743,4.2779725995743965
RADLabs26_Feb23_GrafLab_Clay100%_Group9SampleA_Mon_Feb_23_03_41_25_2026,0.02541957795619959,-0.3253407776355743,4.2779725995743965
RADLabs26_Feb23_GrafLab_Clay100%_Group9SampleA_Mon_Feb_23_03_41_25_2026,0.02543911337852478,-0.256344586610794,4.2779725995743965
RADLabs26_Feb23_GrafLab_Clay100%_Group9SampleA_Mon_Feb_23_03_41_25_2026,0.02543911337852478,-0.256344586610794,4.2779725995743965
RADLabs26_Feb23_GrafLab_Clay100%_Group9SampleA_Mon_Feb_23_03_41_25_2026,0.02543911337852478,-0.256344586610794,4.2779725995743965
RADLabs26_Feb23_GrafLab_Clay100%_Group9SampleA_Mon_Feb_23_03_41_25_2026,0.02543911337852478,-0.256344586610794,4.2779725995743965
RADLabs26_Feb23_GrafLab_Clay100%_Group9SampleA_Mon_Feb_23_03_41_25_2026,0.02543911337852478,-0.256344586610794,4.2779725995743965
RADLabs26_Feb23_GrafLab_Clay100%_Group9SampleA_Mon_Feb_23_03_41_25_2026,0.02543911337852478,-0.256344586610794,4.2779725995743965
RADLabs26_Feb23_GrafLab_Clay100%_Group9SampleA_Mon_Feb_23_03_41_25_2026,0.025436937808990395,-0.1526587009429931,4.2779725995743965
RADLabs26_Feb23_GrafLab_Clay100%_Group9SampleA_Mon_Feb_23_03_41_25_2026,0.025436937808990395,-0.1526587009429931,4.2779725995743965
RADLabs26_Feb23_GrafLab_Clay100%_Group9SampleA_Mon_Feb_23_03_41_25_2026,0.025436937808990395,-0.1526587009429931,4.2779725995743965
RADLabs26_Feb23_GrafLab_Clay100%_Group9SampleA_Mon_Feb_23_03_41_25_2026,0.025436937808990395,-0.1526587009429931,4.2779725995743965
RADLabs26_Feb23_GrafLab_Clay100%_Group9SampleA_Mon_Feb_23_03_41_25_2026,0.02545051276683799,-0.0781842097640037,4.2779725995743965
RADLabs26_Feb23_GrafLab_Clay100%_Group9SampleA_Mon_Feb_23_03_41_25_2026,0.02545051276683799,-0.0781842097640037,4.2779725995743965
RADLabs26_Feb23_GrafLab_Clay100%_Group9SampleA_Mon_Feb_23_03_41_25_2026,0.02545051276683799,-0.0781842097640037,4.2779725995743965
RADLabs26_Feb23_GrafLab_Clay100%_Group9SampleA_Mon_Feb_23_03_41_25_2026,0.02545051276683799,-0.0781842097640037,4.2779725995743965
RADLabs26_Feb23_GrafLab_Clay100%_Group9SampleA_Mon_Feb_23_03_41_25_2026,0.02545051276683799,-0.0781842097640037,4.2779725995743965
RADLabs26_Feb23_GrafLab_Clay100%_Group9SampleA_Mon_Feb_23_03_41_25_2026,0.025516867637634194,-0.0610442981123924,4.2779725995743965
RADLabs26_Feb23_GrafLab_Clay100%_Group9SampleA_Mon_Feb_23_03_41_25_2026,0.025516867637634194,-0.0610442981123924,4.2779725995743965
RADLabs26_Feb23_GrafLab_Clay100%_Group9SampleA_Mon_Feb_23_03_41_25_2026,0.025516867637634194,-0.0610442981123924,4.2779725995743965
RADLabs26_Feb23_GrafLab_Clay100%_Group9SampleA_Mon_Feb_23_03_41_25_2026,0.025516867637634194,-0.0610442981123924,4.2779725995743965
RADLabs26_Feb23_GrafLab_Clay100%_Group9SampleA_Mon_Feb_23_03_41_25_2026,0.025516867637634194,-0.0610442981123924,4.2779725995743965
RADLabs26_Feb23_GrafLab_Clay100%_Group9SampleA_Mon_Feb_23_03_41_25_2026,0.025539934635162298,0.0341680198907852,4.2779725995743965
RADLabs26_Feb23_GrafLab_Clay100%_Group9SampleA_Mon_Feb_23_03_41_25_2026,0.025539934635162298,0.0341680198907852,4.2779725995743965
RADLabs26_Feb23_GrafLab_Clay100%_Group9SampleA_Mon_Feb_23_03_41_25_2026,0.025539934635162298,0.0341680198907852,4.2779725995743965
RADLabs26_Feb23_GrafLab_Clay100%_Group9SampleA_Mon_Feb_23_03_41_25_2026,0.025539934635162298,0.0341680198907852,4.2779725995743965
RADLabs26_Feb23_GrafLab_Clay100%_Group9SampleA_Mon_Feb_23_03_41_25_2026,0.025539934635162298,0.0341680198907852,4.2779725995743965
RADLabs26_Feb23_GrafLab_Clay100%_Group9SampleA_Mon_Feb_23_03_41_25_2026,0.025539934635162298,0.0341680198907852,4.2779725995743965
RADLabs26_Feb23_GrafLab_Clay100%_Group9SampleA_Mon_Feb_23_03_41_25_2026,0.025539934635162298,0.0341680198907852,4.2779725995743965
RADLabs26_Feb23_GrafLab_Clay100%_Group9SampleA_Mon_Feb_23_03_41_25_2026,0.02555164694786069,0.1112735792994499,4.2779725995743965
RADLabs26_Feb23_GrafLab_Clay100%_Group9SampleA_Mon_Feb_23_03_41_25_2026,0.02555164694786069,0.1112735792994499,4.2779725995743965
RADLabs26_Feb23_GrafLab_Clay100%_Group9SampleA_Mon_Feb_23_03_41_25_2026,0.02555164694786069,0.1112735792994499,4.2779725995743965
RADLabs26_Feb23_GrafLab_Clay100%_Group9SampleA_Mon_Feb_23_03_41_25_2026,0.02555164694786069,0.1112735792994499,4.2779725995743965
RADLabs26_Feb23_GrafLab_Clay100%_Group9SampleA_Mon_Feb_23_03_41_25_2026,0.02555164694786069,0.1112735792994499,4.2779725995743965
RADLabs26_Feb23_GrafLab_Clay100%_Group9SampleA_Mon_Feb_23_03_41_25_2026,0.02555164694786069,0.1112735792994499,4.2779725995743965
RADLabs26_Feb23_GrafLab_Clay100%_Group9SampleA_Mon_Feb_23_03_41_25_2026,0.025587365031242287,0.1718652844429016,4.2779725995743965
RADLabs26_Feb23_GrafLab_Clay100%_Group9SampleA_Mon_Feb_23_03_41_25_2026,0.025587365031242287,0.1718652844429016,4.2779725995743965
RADLabs26_Feb23_GrafLab_Clay100%_Group9SampleA_Mon_Feb_23_03_41_25_2026,0.025587365031242287,0.1718652844429016,4.2779725995743965
RADLabs26_Feb23_GrafLab_Clay100%_Group9SampleA_Mon_Feb_23_03_41_25_2026,0.025587365031242287,0.1718652844429016,4.2779725995743965
RADLabs26_Feb23_GrafLab_Clay100%_Group9SampleA_Mon_Feb_23_03_41_25_2026,0.025587365031242287,0.1718652844429016,4.2779725995743965
RADLabs26_Feb23_GrafLab_Clay100%_Group9SampleA_Mon_Feb_23_03_41_25_2026,0.025587365031242287,0.1718652844429016,4.2779725995743965
RADLabs26_Feb23_GrafLab_Clay100%_Group9SampleA_Mon_Feb_23_03_41_25_2026,0.02563554048538208,0.2008230835199356,4.2779725995743965
RADLabs26_Feb23_GrafLab_Clay100%_Group9SampleA_Mon_Feb_23_03_41_25_2026,0.02563554048538208,0.2008230835199356,4.2779725995743965
RADLabs26_Feb23_GrafLab_Clay100%_Group9SampleA_Mon_Feb_23_03_41_25_2026,0.02563554048538208,0.2008230835199356,4.2779725995743965
RADLabs26_Feb23_GrafLab_Clay100%_Group9SampleA_Mon_Feb_23_03_41_25_2026,0.02563554048538208,0.2008230835199356,4.2779725995743965
RADLabs26_Feb23_GrafLab_Clay100%_Group9SampleA_Mon_Feb_23_03_41_25_2026,0.02563554048538208,0.2008230835199356,4.2779725995743965
RADLabs26_Feb23_GrafLab_Clay100%_Group9SampleA_Mon_Feb_23_03_41_25_2026,0.02563554048538208,0.2008230835199356,4.2779725995743965
RADLabs26_Feb23_GrafLab_Clay100%_Group9SampleA_Mon_Feb_23_03_41_25_2026,0.025679513812065097,0.2514333426952362,4.2779725995743965
RADLabs26_Feb23_GrafLab_Clay100%_Group9SampleA_Mon_Feb_23_03_41_25_2026,0.025679513812065097,0.2514333426952362,4.2779725995743965
RADLabs26_Feb23_GrafLab_Clay100%_Group9SampleA_Mon_Feb_23_03_41_25_2026,0.025679513812065097,0.2514333426952362,4.2779725995743965
RADLabs26_Feb23_GrafLab_Clay100%_Group9SampleA_Mon_Feb_23_03_41_25_2026,0.025679513812065097,0.2514333426952362,4.2779725995743965
RADLabs26_Feb23_GrafLab_Clay100%_Group9SampleA_Mon_Feb_23_03_41_25_2026,0.025679513812065097,0.2514333426952362,4.2779725995743965
RADLabs26_Feb23_GrafLab_Clay100%_Group9SampleA_Mon_Feb_23_03_41_25_2026,0.025679513812065097,0.2514333426952362,4.2779725995743965
RADLabs26_Feb23_GrafLab_Clay100%_Group9SampleA_Mon_Feb_23_03_41_25_2026,0.025679513812065097,0.2514333426952362,4.2779725995743965
RADLabs26_Feb23_GrafLab_Clay100%_Group9SampleA_Mon_Feb_23_03_41_25_2026,0.025727584958076394,0.3255389630794525,4.2779725995743965
RADLabs26_Feb23_GrafLab_Clay100%_Group9SampleA_Mon_Feb_23_03_41_25_2026,0.025727584958076394,0.3255389630794525,4.2779725995743965
RADLabs26_Feb23_GrafLab_Clay100%_Group9SampleA_Mon_Feb_23_03_41_25_2026,0.025727584958076394,0.3255389630794525,4.2779725995743965
RADLabs26_Feb23_GrafLab_Clay100%_Group9SampleA_Mon_Feb_23_03_41_25_2026,0.025727584958076394,0.3255389630794525,4.2779725995743965
RADLabs26_Feb23_GrafLab_Clay100%_Group9SampleA_Mon_Feb_23_03_41_25_2026,0.025727584958076394,0.3255389630794525,4.2779725995743965
RADLabs26_Feb23_GrafLab_Clay100%_Group9SampleA_Mon_Feb_23_03_41_25_2026,0.025727584958076394,0.3255389630794525,4.2779725995743965
RADLabs26_Feb23_GrafLab_Clay100%_Group9SampleA_Mon_Feb_23_03_41_25_2026,0.025727584958076394,0.3255389630794525,4.2779725995743965
RADLabs26_Feb23_GrafLab_Clay100%_Group9SampleA_Mon_Feb_23_03_41_25_2026,0.025804519653320285,0.3373598158359527,4.2779725995743965
RADLabs26_Feb23_GrafLab_Clay100%_Group9SampleA_Mon_Feb_23_03_41_25_2026,0.025804519653320285,0.3373598158359527,4.2779725995743965
RADLabs26_Feb23_GrafLab_Clay100%_Group9SampleA_Mon_Feb_23_03_41_25_2026,0.025804519653320285,0.3373598158359527,4.2779725995743965
RADLabs26_Feb23_GrafLab_Clay100%_Group9SampleA_Mon_Feb_23_03_41_25_2026,0.025804519653320285,0.3373598158359527,4.2779725995743965
RADLabs26_Feb23_GrafLab_Clay100%_Group9SampleA_Mon_Feb_23_03_41_25_2026,0.025804519653320285,0.3373598158359527,4.2779725995743965
RADLabs26_Feb23_GrafLab_Clay100%_Group9SampleA_Mon_Feb_23_03_41_25_2026,0.025804519653320285,0.3373598158359527,4.2779725995743965
RADLabs26_Feb23_GrafLab_Clay100%_Group9SampleA_Mon_Feb_23_03_41_25_2026,0.025896027684211703,0.301249235868454,4.2779725995743965
RADLabs26_Feb23_GrafLab_Clay100%_Group9SampleA_Mon_Feb_23_03_41_25_2026,0.025896027684211703,0.301249235868454,4.2779725995743965
RADLabs26_Feb23_GrafLab_Clay100%_Group9SampleA_Mon_Feb_23_03_41_25_2026,0.025896027684211703,0.301249235868454,4.2779725995743965
RADLabs26_Feb23_GrafLab_Clay100%_Group9SampleA_Mon_Feb_23_03_41_25_2026,0.025896027684211703,0.301249235868454,4.2779725995743965
RADLabs26_Feb23_GrafLab_Clay100%_Group9SampleA_Mon_Feb_23_03_41_25_2026,0.025896027684211703,0.301249235868454,4.2779725995743965
RADLabs26_Feb23_GrafLab_Clay100%_Group9SampleA_Mon_Feb_23_03_41_25_2026,0.025896027684211703,0.301249235868454,4.2779725995743965
RADLabs26_Feb23_GrafLab_Clay100%_Group9SampleA_Mon_Feb_23_03_41_25_2026,0.02606683969497678,0.2371235787868499,4.2779725995743965
RADLabs26_Feb23_GrafLab_Clay100%_Group9SampleA_Mon_Feb_23_03_41_25_2026,0.02606683969497678,0.2371235787868499,4.2779725995743965
RADLabs26_Feb23_GrafLab_Clay100%_Group9SampleA_Mon_Feb_23_03_41_25_2026,0.02606683969497678,0.2371235787868499,4.2779725995743965
RADLabs26_Feb23_GrafLab_Clay100%_Group9SampleA_Mon_Feb_23_03_41_25_2026,0.02606683969497678,0.2371235787868499,4.2779725995743965
RADLabs26_Feb23_GrafLab_Clay100%_Group9SampleA_Mon_Feb_23_03_41_25_2026,0.02606683969497678,0.2371235787868499,4.2779725995743965
RADLabs26_Feb23_GrafLab_Clay100%_Group9SampleA_Mon_Feb_23_03_41_25_2026,0.02606683969497678,0.2371235787868499,4.2779725995743965
RADLabs26_Feb23_GrafLab_Clay100%_Group9SampleA_Mon_Feb_23_03_41_25_2026,0.02606683969497678,0.2371235787868499,4.2779725995743965
RADLabs26_Feb23_GrafLab_Clay100%_Group9SampleA_Mon_Feb_23_03_41_25_2026,0.026229143142700195,0.1265413910150528,4.2779725995743965
RADLabs26_Feb23_GrafLab_Clay100%_Group9SampleA_Mon_Feb_23_03_41_25_2026,0.026229143142700195,0.1265413910150528,4.2779725995743965
RADLabs26_Feb23_GrafLab_Clay100%_Group9SampleA_Mon_Feb_23_03_41_25_2026,0.026229143142700195,0.1265413910150528,4.2779725995743965
RADLabs26_Feb23_GrafLab_Clay100%_Group9SampleA_Mon_Feb_23_03_41_25_2026,0.026229143142700195,0.1265413910150528,4.2779725995743965
RADLabs26_Feb23_GrafLab_Clay100%_Group9SampleA_Mon_Feb_23_03_41_25_2026,0.026229143142700195,0.1265413910150528,4.2779725995743965
RADLabs26_Feb23_GrafLab_Clay100%_Group9SampleA_Mon_Feb_23_03_41_25_2026,0.026229143142700195,0.1265413910150528,4.2779725995743965
RADLabs26_Feb23_GrafLab_Clay100%_Group9SampleA_Mon_Feb_23_03_41_25_2026,0.026229143142700195,0.1265413910150528,4.2779725995743965
RADLabs26_Feb23_GrafLab_Clay100%_Group9SampleA_Mon_Feb_23_03_41_25_2026,0.026571810245513888,-0.1472461074590683,4.2779725995743965
RADLabs26_Feb23_GrafLab_Clay100%_Group9SampleA_Mon_Feb_23_03_41_25_2026,0.026571810245513888,-0.1472461074590683,4.2779725995743965
RADLabs26_Feb23_GrafLab_Clay100%_Group9SampleA_Mon_Feb_23_03_41_25_2026,0.026571810245513888,-0.1472461074590683,4.2779725995743965
RADLabs26_Feb23_GrafLab_Clay100%_Group9SampleA_Mon_Feb_23_03_41_25_2026,0.026571810245513888,-0.1472461074590683,4.2779725995743965
RADLabs26_Feb23_GrafLab_Clay100%_Group9SampleA_Mon_Feb_23_03_41_25_2026,0.026571810245513888,-0.1472461074590683,4.2779725995743965
RADLabs26_Feb23_GrafLab_Clay100%_Group9SampleA_Mon_Feb_23_03_41_25_2026,0.026571810245513888,-0.1472461074590683,4.2779725995743965
RADLabs26_Feb23_GrafLab_Clay100%_Group9SampleA_Mon_Feb_23_03_41_25_2026,0.027225345373153687,-0.749379575252533,4.2779725995743965
RADLabs26_Feb23_GrafLab_Clay100%_Group9SampleA_Mon_Feb_23_03_41_25_2026,0.027225345373153687,-0.749379575252533,4.2779725995743965
RADLabs26_Feb23_GrafLab_Clay100%_Group9SampleA_Mon_Feb_23_03_41_25_2026,0.027225345373153687,-0.749379575252533,4.2779725995743965
RADLabs26_Feb23_GrafLab_Clay100%_Group9SampleA_Mon_Feb_23_03_41_25_2026,0.027225345373153687,-0.749379575252533,4.2779725995743965
RADLabs26_Feb23_GrafLab_Clay100%_Group9SampleA_Mon_Feb_23_03_41_25_2026,0.027225345373153687,-0.749379575252533,4.2779725995743965
RADLabs26_Feb23_GrafLab_Clay100%_Group9SampleA_Mon_Feb_23_03_41_25_2026,0.027225345373153687,-0.749379575252533,4.2779725995743965
RADLabs26_Feb23_GrafLab_Clay100%_Group9SampleA_Mon_Feb_23_03_41_25_2026,0.027225345373153687,-0.749379575252533,4.2779725995743965
RADLabs26_Feb23_GrafLab_Clay100%_Group9SampleA_Mon_Feb_23_03_41_25_2026,0.02789288759231559,-1.2756462097167969,4.2779725995743965
RADLabs26_Feb23_GrafLab_Clay100%_Group9SampleA_Mon_Feb_23_03_41_25_2026,0.02789288759231559,-1.2756462097167969,4.2779725995743965
RADLabs26_Feb23_GrafLab_Clay100%_Group9SampleA_Mon_Feb_23_03_41_25_2026,0.02789288759231559,-1.2756462097167969,4.2779725995743965
RADLabs26_Feb23_GrafLab_Clay100%_Group9SampleA_Mon_Feb_23_03_41_25_2026,0.02789288759231559,-1.2756462097167969,4.2779725995743965
RADLabs26_Feb23_GrafLab_Clay100%_Group9SampleA_Mon_Feb_23_03_41_25_2026,0.02789288759231559,-1.2756462097167969,4.2779725995743965
RADLabs26_Feb23_GrafLab_Clay100%_Group9SampleA_Mon_Feb_23_03_41_25_2026,0.02789288759231559,-1.2756462097167969,4.2779725995743965
RADLabs26_Feb23_GrafLab_Clay100%_Group9SampleA_Mon_Feb_23_03_41_25_2026,0.02789288759231559,-1.2756462097167969,4.2779725995743965
RADLabs26_Feb23_GrafLab_Clay100%_Group9SampleA_Mon_Feb_23_03_41_25_2026,0.028083264827728188,-1.1252893209457395,4.2779725995743965
RADLabs26_Feb23_GrafLab_Clay100%_Group9SampleA_Mon_Feb_23_03_41_25_2026,0.028083264827728188,-1.1252893209457395,4.2779725995743965
RADLabs26_Feb23_GrafLab_Clay100%_Group9SampleA_Mon_Feb_23_03_41_25_2026,0.028083264827728188,-1.1252893209457395,4.2779725995743965
RADLabs26_Feb23_GrafLab_Clay100%_Group9SampleA_Mon_Feb_23_03_41_25_2026,0.028083264827728188,-1.1252893209457395,4.2779725995743965
RADLabs26_Feb23_GrafLab_Clay100%_Group9SampleA_Mon_Feb_23_03_41_25_2026,0.028083264827728188,-1.1252893209457395,4.2779725995743965
RADLabs26_Feb23_GrafLab_Clay100%_Group9SampleA_Mon_Feb_23_03_41_25_2026,0.028083264827728188,-1.1252893209457395,4.2779725995743965
RADLabs26_Feb23_GrafLab_Clay100%_Group9SampleA_Mon_Feb_23_03_41_25_2026,0.028083264827728188,-1.1252893209457395,4.2779725995743965
RADLabs26_Feb23_GrafLab_Clay100%_Group9SampleA_Mon_Feb_23_03_41_25_2026,0.027854874730110085,-0.7658198475837708,4.2779725995743965
RADLabs26_Feb23_GrafLab_Clay100%_Group9SampleA_Mon_Feb_23_03_41_25_2026,0.027854874730110085,-0.7658198475837708,4.2779725995743965
RADLabs26_Feb23_GrafLab_Clay100%_Group9SampleA_Mon_Feb_23_03_41_25_2026,0.027854874730110085,-0.7658198475837708,4.2779725995743965
RADLabs26_Feb23_GrafLab_Clay100%_Group9SampleA_Mon_Feb_23_03_41_25_2026,0.027854874730110085,-0.7658198475837708,4.2779725995743965
RADLabs26_Feb23_GrafLab_Clay100%_Group9SampleA_Mon_Feb_23_03_41_25_2026,0.027854874730110085,-0.7658198475837708,4.2779725995743965
RADLabs26_Feb23_GrafLab_Clay100%_Group9SampleA_Mon_Feb_23_03_41_25_2026,0.027854874730110085,-0.7658198475837708,4.2779725995743965
RADLabs26_Feb23_GrafLab_Clay100%_Group9SampleA_Mon_Feb_23_03_41_25_2026,0.027854874730110085,-0.7658198475837708,4.2779725995743965
RADLabs26_Feb23_GrafLab_Clay100%_Group9SampleA_Mon_Feb_23_03_41_25_2026,0.027903884649276706,-0.827114462852478,4.2779725995743965
RADLabs26_Feb23_GrafLab_Clay100%_Group9SampleA_Mon_Feb_23_03_41_25_2026,0.027903884649276706,-0.827114462852478,4.2779725995743965
RADLabs26_Feb23_GrafLab_Clay100%_Group9SampleA_Mon_Feb_23_03_41_25_2026,0.027903884649276706,-0.827114462852478,4.2779725995743965
RADLabs26_Feb23_GrafLab_Clay100%_Group9SampleA_Mon_Feb_23_03_41_25_2026,0.027903884649276706,-0.827114462852478,4.2779725995743965
RADLabs26_Feb23_GrafLab_Clay100%_Group9SampleA_Mon_Feb_23_03_41_25_2026,0.027903884649276706,-0.827114462852478,4.2779725995743965
RADLabs26_Feb23_GrafLab_Clay100%_Group9SampleA_Mon_Feb_23_03_41_25_2026,0.027903884649276706,-0.827114462852478,4.2779725995743965
RADLabs26_Feb23_GrafLab_Clay100%_Group9SampleA_Mon_Feb_23_03_41_25_2026,0.027903884649276706,-0.827114462852478,4.2779725995743965
RADLabs26_Feb23_GrafLab_Clay100%_Group9SampleA_Mon_Feb_23_03_41_25_2026,0.027903884649276706,-0.827114462852478,4.2779725995743965
RADLabs26_Feb23_GrafLab_Clay100%_Group9SampleA_Mon_Feb_23_03_41_25_2026,0.028092324733734103,-0.9324190616607666,4.2779725995743965
RADLabs26_Feb23_GrafLab_Clay100%_Group9SampleA_Mon_Feb_23_03_41_25_2026,0.028092324733734103,-0.9324190616607666,4.2779725995743965
RADLabs26_Feb23_GrafLab_Clay100%_Group9SampleA_Mon_Feb_23_03_41_25_2026,0.028092324733734103,-0.9324190616607666,4.2779725995743965
RADLabs26_Feb23_GrafLab_Clay100%_Group9SampleA_Mon_Feb_23_03_41_25_2026,0.028092324733734103,-0.9324190616607666,4.2779725995743965
RADLabs26_Feb23_GrafLab_Clay100%_Group9SampleA_Mon_Feb_23_03_41_25_2026,0.028092324733734103,-0.9324190616607666,4.2779725995743965
RADLabs26_Feb23_GrafLab_Clay100%_Group9SampleA_Mon_Feb_23_03_41_25_2026,0.028092324733734103,-0.9324190616607666,4.2779725995743965
RADLabs26_Feb23_GrafLab_Clay100%_Group9SampleA_Mon_Feb_23_03_41_25_2026,0.028092324733734103,-0.9324190616607666,4.2779725995743965
RADLabs26_Feb23_GrafLab_Clay100%_Group9SampleA_Mon_Feb_23_03_41_25_2026,0.02811691164970398,-0.8027192950248718,4.2779725995743965
RADLabs26_Feb23_GrafLab_Clay100%_Group9SampleA_Mon_Feb_23_03_41_25_2026,0.02811691164970398,-0.8027192950248718,4.2779725995743965
RADLabs26_Feb23_GrafLab_Clay100%_Group9SampleA_Mon_Feb_23_03_41_25_2026,0.02811691164970398,-0.8027192950248718,4.2779725995743965
RADLabs26_Feb23_GrafLab_Clay100%_Group9SampleA_Mon_Feb_23_03_41_25_2026,0.02811691164970398,-0.8027192950248718,4.2779725995743965
RADLabs26_Feb23_GrafLab_Clay100%_Group9SampleA_Mon_Feb_23_03_41_25_2026,0.02811691164970398,-0.8027192950248718,4.2779725995743965
RADLabs26_Feb23_GrafLab_Clay100%_Group9SampleA_Mon_Feb_23_03_41_25_2026,0.02811691164970398,-0.8027192950248718,4.2779725995743965
RADLabs26_Feb23_GrafLab_Clay100%_Group9SampleA_Mon_Feb_23_03_41_25_2026,0.02808848023414609,-0.6732179522514343,4.2779725995743965
RADLabs26_Feb23_GrafLab_Clay100%_Group9SampleA_Mon_Feb_23_03_41_25_2026,0.02808848023414609,-0.6732179522514343,4.2779725995743965
RADLabs26_Feb23_GrafLab_Clay100%_Group9SampleA_Mon_Feb_23_03_41_25_2026,0.02808848023414609,-0.6732179522514343,4.2779725995743965
RADLabs26_Feb23_GrafLab_Clay100%_Group9SampleA_Mon_Feb_23_03_41_25_2026,0.02808848023414609,-0.6732179522514343,4.2779725995743965
RADLabs26_Feb23_GrafLab_Clay100%_Group9SampleA_Mon_Feb_23_03_41_25_2026,0.02808848023414609,-0.6732179522514343,4.2779725995743965
RADLabs26_Feb23_GrafLab_Clay100%_Group9SampleA_Mon_Feb_23_03_41_25_2026,0.028115987777709905,-0.6317093968391418,4.2779725995743965
RADLabs26_Feb23_GrafLab_Clay100%_Group9SampleA_Mon_Feb_23_03_41_25_2026,0.028115987777709905,-0.6317093968391418,4.2779725995743965
RADLabs26_Feb23_GrafLab_Clay100%_Group9SampleA_Mon_Feb_23_03_41_25_2026,0.028115987777709905,-0.6317093968391418,4.2779725995743965
RADLabs26_Feb23_GrafLab_Clay100%_Group9SampleA_Mon_Feb_23_03_41_25_2026,0.028115987777709905,-0.6317093968391418,4.2779725995743965
RADLabs26_Feb23_GrafLab_Clay100%_Group9SampleA_Mon_Feb_23_03_41_25_2026,0.028161540627479498,-0.5608571171760559,4.2779725995743965
RADLabs26_Feb23_GrafLab_Clay100%_Group9SampleA_Mon_Feb_23_03_41_25_2026,0.028161540627479498,-0.5608571171760559,4.2779725995743965
RADLabs26_Feb23_GrafLab_Clay100%_Group9SampleA_Mon_Feb_23_03_41_25_2026,0.028161540627479498,-0.5608571171760559,4.2779725995743965
RADLabs26_Feb23_GrafLab_Clay100%_Group9SampleA_Mon_Feb_23_03_41_25_2026,0.028161540627479498,-0.5608571171760559,4.2779725995743965
RADLabs26_Feb23_GrafLab_Clay100%_Group9SampleA_Mon_Feb_23_03_41_25_2026,0.028161540627479498,-0.5608571171760559,4.2779725995743965
RADLabs26_Feb23_GrafLab_Clay100%_Group9SampleA_Mon_Feb_23_03_41_25_2026,0.028158619999885504,-0.4559982717037201,4.2779725995743965
RADLabs26_Feb23_GrafLab_Clay100%_Group9SampleA_Mon_Feb_23_03_41_25_2026,0.028158619999885504,-0.4559982717037201,4.2779725995743965
RADLabs26_Feb23_GrafLab_Clay100%_Group9SampleA_Mon_Feb_23_03_41_25_2026,0.028158619999885504,-0.4559982717037201,4.2779725995743965
RADLabs26_Feb23_GrafLab_Clay100%_Group9SampleA_Mon_Feb_23_03_41_25_2026,0.028158619999885504,-0.4559982717037201,4.2779725995743965
RADLabs26_Feb23_GrafLab_Clay100%_Group9SampleA_Mon_Feb_23_03_41_25_2026,0.028171658515930093,-0.3812007308006286,4.2779725995743965
RADLabs26_Feb23_GrafLab_Clay100%_Group9SampleA_Mon_Feb_23_03_41_25_2026,0.028171658515930093,-0.3812007308006286,4.2779725995743965
RADLabs26_Feb23_GrafLab_Clay100%_Group9SampleA_Mon_Feb_23_03_41_25_2026,0.028171658515930093,-0.3812007308006286,4.2779725995743965
RADLabs26_Feb23_GrafLab_Clay100%_Group9SampleA_Mon_Feb_23_03_41_25_2026,0.028171658515930093,-0.3812007308006286,4.2779725995743965
RADLabs26_Feb23_GrafLab_Clay100%_Group9SampleA_Mon_Feb_23_03_41_25_2026,0.028175950050354004,-0.2833295464515686,4.2779725995743965
RADLabs26_Feb23_GrafLab_Clay100%_Group9SampleA_Mon_Feb_23_03_41_25_2026,0.028175950050354004,-0.2833295464515686,4.2779725995743965
RADLabs26_Feb23_GrafLab_Clay100%_Group9SampleA_Mon_Feb_23_03_41_25_2026,0.028175950050354004,-0.2833295464515686,4.2779725995743965
RADLabs26_Feb23_GrafLab_Clay100%_Group9SampleA_Mon_Feb_23_03_41_25_2026,0.028175950050354004,-0.2833295464515686,4.2779725995743965
RADLabs26_Feb23_GrafLab_Clay100%_Group9SampleA_Mon_Feb_23_03_41_25_2026,0.028175950050354004,-0.2833295464515686,4.2779725995743965
RADLabs26_Feb23_GrafLab_Clay100%_Group9SampleA_Mon_Feb_23_03_41_25_2026,0.028175950050354004,-0.2833295464515686,4.2779725995743965
RADLabs26_Feb23_GrafLab_Clay100%_Group9SampleA_Mon_Feb_23_03_41_25_2026,0.02819183468818659,-0.2101823836565017,4.2779725995743965
RADLabs26_Feb23_GrafLab_Clay100%_Group9SampleA_Mon_Feb_23_03_41_25_2026,0.02819183468818659,-0.2101823836565017,4.2779725995743965
RADLabs26_Feb23_GrafLab_Clay100%_Group9SampleA_Mon_Feb_23_03_41_25_2026,0.02819183468818659,-0.2101823836565017,4.2779725995743965
RADLabs26_Feb23_GrafLab_Clay100%_Group9SampleA_Mon_Feb_23_03_41_25_2026,0.02819183468818659,-0.2101823836565017,4.2779725995743965
RADLabs26_Feb23_GrafLab_Clay100%_Group9SampleA_Mon_Feb_23_03_41_25_2026,0.02819183468818659,-0.2101823836565017,4.2779725995743965
RADLabs26_Feb23_GrafLab_Clay100%_Group9SampleA_Mon_Feb_23_03_41_25_2026,0.02819183468818659,-0.2101823836565017,4.2779725995743965
RADLabs26_Feb23_GrafLab_Clay100%_Group9SampleA_Mon_Feb_23_03_41_25_2026,0.02819183468818659,-0.2101823836565017,4.2779725995743965
RADLabs26_Feb23_GrafLab_Clay100%_Group9SampleA_Mon_Feb_23_03_41_25_2026,0.028227522969245883,-0.1429539620876312,4.2779725995743965
RADLabs26_Feb23_GrafLab_Clay100%_Group9SampleA_Mon_Feb_23_03_41_25_2026,0.028227522969245883,-0.1429539620876312,4.2779725995743965
RADLabs26_Feb23_GrafLab_Clay100%_Group9SampleA_Mon_Feb_23_03_41_25_2026,0.028227522969245883,-0.1429539620876312,4.2779725995743965
RADLabs26_Feb23_GrafLab_Clay100%_Group9SampleA_Mon_Feb_23_03_41_25_2026,0.028227522969245883,-0.1429539620876312,4.2779725995743965
RADLabs26_Feb23_GrafLab_Clay100%_Group9SampleA_Mon_Feb_23_03_41_25_2026,0.028227522969245883,-0.1429539620876312,4.2779725995743965
RADLabs26_Feb23_GrafLab_Clay100%_Group9SampleA_Mon_Feb_23_03_41_25_2026,0.028227522969245883,-0.1429539620876312,4.2779725995743965
RADLabs26_Feb23_GrafLab_Clay100%_Group9SampleA_Mon_Feb_23_03_41_25_2026,0.028242707252502386,-0.0704258382320404,4.2779725995743965
RADLabs26_Feb23_GrafLab_Clay100%_Group9SampleA_Mon_Feb_23_03_41_25_2026,0.028242707252502386,-0.0704258382320404,4.2779725995743965
RADLabs26_Feb23_GrafLab_Clay100%_Group9SampleA_Mon_Feb_23_03_41_25_2026,0.028242707252502386,-0.0704258382320404,4.2779725995743965
RADLabs26_Feb23_GrafLab_Clay100%_Group9SampleA_Mon_Feb_23_03_41_25_2026,0.028242707252502386,-0.0704258382320404,4.2779725995743965
RADLabs26_Feb23_GrafLab_Clay100%_Group9SampleA_Mon_Feb_23_03_41_25_2026,0.028242707252502386,-0.0704258382320404,4.2779725995743965
RADLabs26_Feb23_GrafLab_Clay100%_Group9SampleA_Mon_Feb_23_03_41_25_2026,0.028242707252502386,-0.0704258382320404,4.2779725995743965
RADLabs26_Feb23_GrafLab_Clay100%_Group9SampleA_Mon_Feb_23_03_41_25_2026,0.02827922999858848,-0.0174980442970991,4.2779725995743965
RADLabs26_Feb23_GrafLab_Clay100%_Group9SampleA_Mon_Feb_23_03_41_25_2026,0.02827922999858848,-0.0174980442970991,4.2779725995743965
RADLabs26_Feb23_GrafLab_Clay100%_Group9SampleA_Mon_Feb_23_03_41_25_2026,0.02827922999858848,-0.0174980442970991,4.2779725995743965
RADLabs26_Feb23_GrafLab_Clay100%_Group9SampleA_Mon_Feb_23_03_41_25_2026,0.02827922999858848,-0.0174980442970991,4.2779725995743965
RADLabs26_Feb23_GrafLab_Clay100%_Group9SampleA_Mon_Feb_23_03_41_25_2026,0.02827922999858848,-0.0174980442970991,4.2779725995743965
RADLabs26_Feb23_GrafLab_Clay100%_Group9SampleA_Mon_Feb_23_03_41_25_2026,0.02827922999858848,-0.0174980442970991,4.2779725995743965
RADLabs26_Feb23_GrafLab_Clay100%_Group9SampleA_Mon_Feb_23_03_41_25_2026,0.02827922999858848,-0.0174980442970991,4.2779725995743965
RADLabs26_Feb23_GrafLab_Clay100%_Group9SampleA_Mon_Feb_23_03_41_25_2026,0.0282964408397674,0.0753163620829582,4.2779725995743965
RADLabs26_Feb23_GrafLab_Clay100%_Group9SampleA_Mon_Feb_23_03_41_25_2026,0.0282964408397674,0.0753163620829582,4.2779725995743965
RADLabs26_Feb23_GrafLab_Clay100%_Group9SampleA_Mon_Feb_23_03_41_25_2026,0.0282964408397674,0.0753163620829582,4.2779725995743965
RADLabs26_Feb23_GrafLab_Clay100%_Group9SampleA_Mon_Feb_23_03_41_25_2026,0.0282964408397674,0.0753163620829582,4.2779725995743965
RADLabs26_Feb23_GrafLab_Clay100%_Group9SampleA_Mon_Feb_23_03_41_25_2026,0.0282964408397674,0.0753163620829582,4.2779725995743965
RADLabs26_Feb23_GrafLab_Clay100%_Group9SampleA_Mon_Feb_23_03_41_25_2026,0.0282964408397674,0.0753163620829582,4.2779725995743965
RADLabs26_Feb23_GrafLab_Clay100%_Group9SampleA_Mon_Feb_23_03_41_25_2026,0.0282964408397674,0.0753163620829582,4.2779725995743965
RADLabs26_Feb23_GrafLab_Clay100%_Group9SampleA_Mon_Feb_23_03_41_25_2026,0.028330609202384893,0.1186630800366401,4.2779725995743965
RADLabs26_Feb23_GrafLab_Clay100%_Group9SampleA_Mon_Feb_23_03_41_25_2026,0.028330609202384893,0.1186630800366401,4.2779725995743965
RADLabs26_Feb23_GrafLab_Clay100%_Group9SampleA_Mon_Feb_23_03_41_25_2026,0.028330609202384893,0.1186630800366401,4.2779725995743965
RADLabs26_Feb23_GrafLab_Clay100%_Group9SampleA_Mon_Feb_23_03_41_25_2026,0.028330609202384893,0.1186630800366401,4.2779725995743965
RADLabs26_Feb23_GrafLab_Clay100%_Group9SampleA_Mon_Feb_23_03_41_25_2026,0.028330609202384893,0.1186630800366401,4.2779725995743965
RADLabs26_Feb23_GrafLab_Clay100%_Group9SampleA_Mon_Feb_23_03_41_25_2026,0.028330609202384893,0.1186630800366401,4.2779725995743965
RADLabs26_Feb23_GrafLab_Clay100%_Group9SampleA_Mon_Feb_23_03_41_25_2026,0.028330609202384893,0.1186630800366401,4.2779725995743965
RADLabs26_Feb23_GrafLab_Clay100%_Group9SampleA_Mon_Feb_23_03_41_25_2026,0.028360247611999484,0.1972846984863281,4.2779725995743965
RADLabs26_Feb23_GrafLab_Clay100%_Group9SampleA_Mon_Feb_23_03_41_25_2026,0.028360247611999484,0.1972846984863281,4.2779725995743965
RADLabs26_Feb23_GrafLab_Clay100%_Group9SampleA_Mon_Feb_23_03_41_25_2026,0.028360247611999484,0.1972846984863281,4.2779725995743965
RADLabs26_Feb23_GrafLab_Clay100%_Group9SampleA_Mon_Feb_23_03_41_25_2026,0.028360247611999484,0.1972846984863281,4.2779725995743965
RADLabs26_Feb23_GrafLab_Clay100%_Group9SampleA_Mon_Feb_23_03_41_25_2026,0.028360247611999484,0.1972846984863281,4.2779725995743965
RADLabs26_Feb23_GrafLab_Clay100%_Group9SampleA_Mon_Feb_23_03_41_25_2026,0.028386488556861794,0.2661618888378143,4.2779725995743965
RADLabs26_Feb23_GrafLab_Clay100%_Group9SampleA_Mon_Feb_23_03_41_25_2026,0.028386488556861794,0.2661618888378143,4.2779725995743965
RADLabs26_Feb23_GrafLab_Clay100%_Group9SampleA_Mon_Feb_23_03_41_25_2026,0.028386488556861794,0.2661618888378143,4.2779725995743965
RADLabs26_Feb23_GrafLab_Clay100%_Group9SampleA_Mon_Feb_23_03_41_25_2026,0.028386488556861794,0.2661618888378143,4.2779725995743965
RADLabs26_Feb23_GrafLab_Clay100%_Group9SampleA_Mon_Feb_23_03_41_25_2026,0.028386488556861794,0.2661618888378143,4.2779725995743965
RADLabs26_Feb23_GrafLab_Clay100%_Group9SampleA_Mon_Feb_23_03_41_25_2026,0.028386488556861794,0.2661618888378143,4.2779725995743965
RADLabs26_Feb23_GrafLab_Clay100%_Group9SampleA_Mon_Feb_23_03_41_25_2026,0.028386488556861794,0.2661618888378143,4.2779725995743965
RADLabs26_Feb23_GrafLab_Clay100%_Group9SampleA_Mon_Feb_23_03_41_25_2026,0.0284532159566879,0.2832643687725067,4.2779725995743965
RADLabs26_Feb23_GrafLab_Clay100%_Group9SampleA_Mon_Feb_23_03_41_25_2026,0.0284532159566879,0.2832643687725067,4.2779725995743965
RADLabs26_Feb23_GrafLab_Clay100%_Group9SampleA_Mon_Feb_23_03_41_25_2026,0.0284532159566879,0.2832643687725067,4.2779725995743965
RADLabs26_Feb23_GrafLab_Clay100%_Group9SampleA_Mon_Feb_23_03_41_25_2026,0.0284532159566879,0.2832643687725067,4.2779725995743965
RADLabs26_Feb23_GrafLab_Clay100%_Group9SampleA_Mon_Feb_23_03_41_25_2026,0.0284532159566879,0.2832643687725067,4.2779725995743965
RADLabs26_Feb23_GrafLab_Clay100%_Group9SampleA_Mon_Feb_23_03_41_25_2026,0.0284532159566879,0.2832643687725067,4.2779725995743965
RADLabs26_Feb23_GrafLab_Clay100%_Group9SampleA_Mon_Feb_23_03_41_25_2026,0.028479039669036782,0.3687170445919037,4.2779725995743965
RADLabs26_Feb23_GrafLab_Clay100%_Group9SampleA_Mon_Feb_23_03_41_25_2026,0.028479039669036782,0.3687170445919037,4.2779725995743965
RADLabs26_Feb23_GrafLab_Clay100%_Group9SampleA_Mon_Feb_23_03_41_25_2026,0.028479039669036782,0.3687170445919037,4.2779725995743965
RADLabs26_Feb23_GrafLab_Clay100%_Group9SampleA_Mon_Feb_23_03_41_25_2026,0.028479039669036782,0.3687170445919037,4.2779725995743965
RADLabs26_Feb23_GrafLab_Clay100%_Group9SampleA_Mon_Feb_23_03_41_25_2026,0.028479039669036782,0.3687170445919037,4.2779725995743965
RADLabs26_Feb23_GrafLab_Clay100%_Group9SampleA_Mon_Feb_23_03_41_25_2026,0.028479039669036782,0.3687170445919037,4.2779725995743965
RADLabs26_Feb23_GrafLab_Clay100%_Group9SampleA_Mon_Feb_23_03_41_25_2026,0.02853932976722709,0.3858516812324524,4.2779725995743965
RADLabs26_Feb23_GrafLab_Clay100%_Group9SampleA_Mon_Feb_23_03_41_25_2026,0.02853932976722709,0.3858516812324524,4.2779725995743965
RADLabs26_Feb23_GrafLab_Clay100%_Group9SampleA_Mon_Feb_23_03_41_25_2026,0.02853932976722709,0.3858516812324524,4.2779725995743965
RADLabs26_Feb23_GrafLab_Clay100%_Group9SampleA_Mon_Feb_23_03_41_25_2026,0.02853932976722709,0.3858516812324524,4.2779725995743965
RADLabs26_Feb23_GrafLab_Clay100%_Group9SampleA_Mon_Feb_23_03_41_25_2026,0.02853932976722709,0.3858516812324524,4.2779725995743965
RADLabs26_Feb23_GrafLab_Clay100%_Group9SampleA_Mon_Feb_23_03_41_25_2026,0.02853932976722709,0.3858516812324524,4.2779725995743965
RADLabs26_Feb23_GrafLab_Clay100%_Group9SampleA_Mon_Feb_23_03_41_25_2026,0.028625369071960394,0.3787308931350708,4.2779725995743965
RADLabs26_Feb23_GrafLab_Clay100%_Group9SampleA_Mon_Feb_23_03_41_25_2026,0.028625369071960394,0.3787308931350708,4.2779725995743965
RADLabs26_Feb23_GrafLab_Clay100%_Group9SampleA_Mon_Feb_23_03_41_25_2026,0.028625369071960394,0.3787308931350708,4.2779725995743965
RADLabs26_Feb23_GrafLab_Clay100%_Group9SampleA_Mon_Feb_23_03_41_25_2026,0.028625369071960394,0.3787308931350708,4.2779725995743965
RADLabs26_Feb23_GrafLab_Clay100%_Group9SampleA_Mon_Feb_23_03_41_25_2026,0.028625369071960394,0.3787308931350708,4.2779725995743965
RADLabs26_Feb23_GrafLab_Clay100%_Group9SampleA_Mon_Feb_23_03_41_25_2026,0.028625369071960394,0.3787308931350708,4.2779725995743965
RADLabs26_Feb23_GrafLab_Clay100%_Group9SampleA_Mon_Feb_23_03_41_25_2026,0.02867025136947629,0.4642243683338165,4.2779725995743965
RADLabs26_Feb23_GrafLab_Clay100%_Group9SampleA_Mon_Feb_23_03_41_25_2026,0.02867025136947629,0.4642243683338165,4.2779725995743965
RADLabs26_Feb23_GrafLab_Clay100%_Group9SampleA_Mon_Feb_23_03_41_25_2026,0.02867025136947629,0.4642243683338165,4.2779725995743965
RADLabs26_Feb23_GrafLab_Clay100%_Group9SampleA_Mon_Feb_23_03_41_25_2026,0.02867025136947629,0.4642243683338165,4.2779725995743965
RADLabs26_Feb23_GrafLab_Clay100%_Group9SampleA_Mon_Feb_23_03_41_25_2026,0.02867025136947629,0.4642243683338165,4.2779725995743965
RADLabs26_Feb23_GrafLab_Clay100%_Group9SampleA_Mon_Feb_23_03_41_25_2026,0.02867025136947629,0.4642243683338165,4.2779725995743965
RADLabs26_Feb23_GrafLab_Clay100%_Group9SampleA_Mon_Feb_23_03_41_25_2026,0.02867025136947629,0.4642243683338165,4.2779725995743965
RADLabs26_Feb23_GrafLab_Clay100%_Group9SampleA_Mon_Feb_23_03_41_25_2026,0.0287620276212692,0.4455106556415558,4.2779725995743965
RADLabs26_Feb23_GrafLab_Clay100%_Group9SampleA_Mon_Feb_23_03_41_25_2026,0.0287620276212692,0.4455106556415558,4.2779725995743965
RADLabs26_Feb23_GrafLab_Clay100%_Group9SampleA_Mon_Feb_23_03_41_25_2026,0.0287620276212692,0.4455106556415558,4.2779725995743965
RADLabs26_Feb23_GrafLab_Clay100%_Group9SampleA_Mon_Feb_23_03_41_25_2026,0.0287620276212692,0.4455106556415558,4.2779725995743965
RADLabs26_Feb23_GrafLab_Clay100%_Group9SampleA_Mon_Feb_23_03_41_25_2026,0.0287620276212692,0.4455106556415558,4.2779725995743965
RADLabs26_Feb23_GrafLab_Clay100%_Group9SampleA_Mon_Feb_23_03_41_25_2026,0.0287620276212692,0.4455106556415558,4.2779725995743965
RADLabs26_Feb23_GrafLab_Clay100%_Group9SampleA_Mon_Feb_23_03_41_25_2026,0.02887848019599909,0.4313929677009582,4.2779725995743965
RADLabs26_Feb23_GrafLab_Clay100%_Group9SampleA_Mon_Feb_23_03_41_25_2026,0.02887848019599909,0.4313929677009582,4.2779725995743965
RADLabs26_Feb23_GrafLab_Clay100%_Group9SampleA_Mon_Feb_23_03_41_25_2026,0.02887848019599909,0.4313929677009582,4.2779725995743965
RADLabs26_Feb23_GrafLab_Clay100%_Group9SampleA_Mon_Feb_23_03_41_25_2026,0.02887848019599909,0.4313929677009582,4.2779725995743965
RADLabs26_Feb23_GrafLab_Clay100%_Group9SampleA_Mon_Feb_23_03_41_25_2026,0.02887848019599909,0.4313929677009582,4.2779725995743965
RADLabs26_Feb23_GrafLab_Clay100%_Group9SampleA_Mon_Feb_23_03_41_25_2026,0.02887848019599909,0.4313929677009582,4.2779725995743965
RADLabs26_Feb23_GrafLab_Clay100%_Group9SampleA_Mon_Feb_23_03_41_25_2026,0.02887848019599909,0.4313929677009582,4.2779725995743965
RADLabs26_Feb23_GrafLab_Clay100%_Group9SampleA_Mon_Feb_23_03_41_25_2026,0.029019460082054083,0.3707156181335449,4.2779725995743965
RADLabs26_Feb23_GrafLab_Clay100%_Group9SampleA_Mon_Feb_23_03_41_25_2026,0.029019460082054083,0.3707156181335449,4.2779725995743965
RADLabs26_Feb23_GrafLab_Clay100%_Group9SampleA_Mon_Feb_23_03_41_25_2026,0.029019460082054083,0.3707156181335449,4.2779725995743965
RADLabs26_Feb23_GrafLab_Clay100%_Group9SampleA_Mon_Feb_23_03_41_25_2026,0.029019460082054083,0.3707156181335449,4.2779725995743965
RADLabs26_Feb23_GrafLab_Clay100%_Group9SampleA_Mon_Feb_23_03_41_25_2026,0.029019460082054083,0.3707156181335449,4.2779725995743965
RADLabs26_Feb23_GrafLab_Clay100%_Group9SampleA_Mon_Feb_23_03_41_25_2026,0.029019460082054083,0.3707156181335449,4.2779725995743965
RADLabs26_Feb23_GrafLab_Clay100%_Group9SampleA_Mon_Feb_23_03_41_25_2026,0.02935117483139038,0.0922729521989822,4.2779725995743965
RADLabs26_Feb23_GrafLab_Clay100%_Group9SampleA_Mon_Feb_23_03_41_25_2026,0.02935117483139038,0.0922729521989822,4.2779725995743965
RADLabs26_Feb23_GrafLab_Clay100%_Group9SampleA_Mon_Feb_23_03_41_25_2026,0.02935117483139038,0.0922729521989822,4.2779725995743965
RADLabs26_Feb23_GrafLab_Clay100%_Group9SampleA_Mon_Feb_23_03_41_25_2026,0.02935117483139038,0.0922729521989822,4.2779725995743965
RADLabs26_Feb23_GrafLab_Clay100%_Group9SampleA_Mon_Feb_23_03_41_25_2026,0.029942378401756287,-0.4785428047180176,4.2779725995743965
RADLabs26_Feb23_GrafLab_Clay100%_Group9SampleA_Mon_Feb_23_03_41_25_2026,0.029942378401756287,-0.4785428047180176,4.2779725995743965
RADLabs26_Feb23_GrafLab_Clay100%_Group9SampleA_Mon_Feb_23_03_41_25_2026,0.029942378401756287,-0.4785428047180176,4.2779725995743965
RADLabs26_Feb23_GrafLab_Clay100%_Group9SampleA_Mon_Feb_23_03_41_25_2026,0.029942378401756287,-0.4785428047180176,4.2779725995743965
RADLabs26_Feb23_GrafLab_Clay100%_Group9SampleA_Mon_Feb_23_03_41_25_2026,0.029942378401756287,-0.4785428047180176,4.2779725995743965
RADLabs26_Feb23_GrafLab_Clay100%_Group9SampleA_Mon_Feb_23_03_41_25_2026,0.0307601988315582,-1.1519757509231567,4.2779725995743965
RADLabs26_Feb23_GrafLab_Clay100%_Group9SampleA_Mon_Feb_23_03_41_25_2026,0.0307601988315582,-1.1519757509231567,4.2779725995743965
RADLabs26_Feb23_GrafLab_Clay100%_Group9SampleA_Mon_Feb_23_03_41_25_2026,0.0307601988315582,-1.1519757509231567,4.2779725995743965
RADLabs26_Feb23_GrafLab_Clay100%_Group9SampleA_Mon_Feb_23_03_41_25_2026,0.0307601988315582,-1.1519757509231567,4.2779725995743965
RADLabs26_Feb23_GrafLab_Clay100%_Group9SampleA_Mon_Feb_23_03_41_25_2026,0.0307601988315582,-1.1519757509231567,4.2779725995743965
RADLabs26_Feb23_GrafLab_Clay100%_Group9SampleA_Mon_Feb_23_03_41_25_2026,0.0307601988315582,-1.1519757509231567,4.2779725995743965
RADLabs26_Feb23_GrafLab_Clay100%_Group9SampleA_Mon_Feb_23_03_41_25_2026,0.0307601988315582,-1.1519757509231567,4.2779725995743965
RADLabs26_Feb23_GrafLab_Clay100%_Group9SampleA_Mon_Feb_23_03_41_25_2026,0.030996650457382202,-1.103205919265747,4.2779725995743965
RADLabs26_Feb23_GrafLab_Clay100%_Group9SampleA_Mon_Feb_23_03_41_25_2026,0.030996650457382202,-1.103205919265747,4.2779725995743965
RADLabs26_Feb23_GrafLab_Clay100%_Group9SampleA_Mon_Feb_23_03_41_25_2026,0.030996650457382202,-1.103205919265747,4.2779725995743965
RADLabs26_Feb23_GrafLab_Clay100%_Group9SampleA_Mon_Feb_23_03_41_25_2026,0.030996650457382202,-1.103205919265747,4.2779725995743965
RADLabs26_Feb23_GrafLab_Clay100%_Group9SampleA_Mon_Feb_23_03_41_25_2026,0.030996650457382202,-1.103205919265747,4.2779725995743965
RADLabs26_Feb23_GrafLab_Clay100%_Group9SampleA_Mon_Feb_23_03_41_25_2026,0.030996650457382202,-1.103205919265747,4.2779725995743965
RADLabs26_Feb23_GrafLab_Clay100%_Group9SampleA_Mon_Feb_23_03_41_25_2026,0.030996650457382202,-1.103205919265747,4.2779725995743965
RADLabs26_Feb23_GrafLab_Clay100%_Group9SampleA_Mon_Feb_23_03_41_25_2026,0.030800268054008484,-0.7082412242889404,4.2779725995743965
RADLabs26_Feb23_GrafLab_Clay100%_Group9SampleA_Mon_Feb_23_03_41_25_2026,0.030800268054008484,-0.7082412242889404,4.2779725995743965
RADLabs26_Feb23_GrafLab_Clay100%_Group9SampleA_Mon_Feb_23_03_41_25_2026,0.030800268054008484,-0.7082412242889404,4.2779725995743965
RADLabs26_Feb23_GrafLab_Clay100%_Group9SampleA_Mon_Feb_23_03_41_25_2026,0.030800268054008484,-0.7082412242889404,4.2779725995743965
RADLabs26_Feb23_GrafLab_Clay100%_Group9SampleA_Mon_Feb_23_03_41_25_2026,0.030800268054008484,-0.7082412242889404,4.2779725995743965
RADLabs26_Feb23_GrafLab_Clay100%_Group9SampleA_Mon_Feb_23_03_41_25_2026,0.030800268054008484,-0.7082412242889404,4.2779725995743965
RADLabs26_Feb23_GrafLab_Clay100%_Group9SampleA_Mon_Feb_23_03_41_25_2026,0.030800268054008484,-0.7082412242889404,4.2779725995743965
RADLabs26_Feb23_GrafLab_Clay100%_Group9SampleA_Mon_Feb_23_03_41_25_2026,0.0307234525680542,-0.6015896797180176,4.2779725995743965
RADLabs26_Feb23_GrafLab_Clay100%_Group9SampleA_Mon_Feb_23_03_41_25_2026,0.0307234525680542,-0.6015896797180176,4.2779725995743965
RADLabs26_Feb23_GrafLab_Clay100%_Group9SampleA_Mon_Feb_23_03_41_25_2026,0.0307234525680542,-0.6015896797180176,4.2779725995743965
RADLabs26_Feb23_GrafLab_Clay100%_Group9SampleA_Mon_Feb_23_03_41_25_2026,0.0307234525680542,-0.6015896797180176,4.2779725995743965
RADLabs26_Feb23_GrafLab_Clay100%_Group9SampleA_Mon_Feb_23_03_41_25_2026,0.0307234525680542,-0.6015896797180176,4.2779725995743965
RADLabs26_Feb23_GrafLab_Clay100%_Group9SampleA_Mon_Feb_23_03_41_25_2026,0.0307234525680542,-0.6015896797180176,4.2779725995743965
RADLabs26_Feb23_GrafLab_Clay100%_Group9SampleA_Mon_Feb_23_03_41_25_2026,0.0307234525680542,-0.6015896797180176,4.2779725995743965
RADLabs26_Feb23_GrafLab_Clay100%_Group9SampleA_Mon_Feb_23_03_41_25_2026,0.030917406082153293,-0.7535571455955505,4.2779725995743965
RADLabs26_Feb23_GrafLab_Clay100%_Group9SampleA_Mon_Feb_23_03_41_25_2026,0.030917406082153293,-0.7535571455955505,4.2779725995743965
RADLabs26_Feb23_GrafLab_Clay100%_Group9SampleA_Mon_Feb_23_03_41_25_2026,0.030917406082153293,-0.7535571455955505,4.2779725995743965
RADLabs26_Feb23_GrafLab_Clay100%_Group9SampleA_Mon_Feb_23_03_41_25_2026,0.030917406082153293,-0.7535571455955505,4.2779725995743965
RADLabs26_Feb23_GrafLab_Clay100%_Group9SampleA_Mon_Feb_23_03_41_25_2026,0.030917406082153293,-0.7535571455955505,4.2779725995743965
RADLabs26_Feb23_GrafLab_Clay100%_Group9SampleA_Mon_Feb_23_03_41_25_2026,0.030917406082153293,-0.7535571455955505,4.2779725995743965
RADLabs26_Feb23_GrafLab_Clay100%_Group9SampleA_Mon_Feb_23_03_41_25_2026,0.030947521328926086,-0.647541880607605,4.2779725995743965
RADLabs26_Feb23_GrafLab_Clay100%_Group9SampleA_Mon_Feb_23_03_41_25_2026,0.030947521328926086,-0.647541880607605,4.2779725995743965
RADLabs26_Feb23_GrafLab_Clay100%_Group9SampleA_Mon_Feb_23_03_41_25_2026,0.030947521328926086,-0.647541880607605,4.2779725995743965
RADLabs26_Feb23_GrafLab_Clay100%_Group9SampleA_Mon_Feb_23_03_41_25_2026,0.030947521328926086,-0.647541880607605,4.2779725995743965
RADLabs26_Feb23_GrafLab_Clay100%_Group9SampleA_Mon_Feb_23_03_41_25_2026,0.030947521328926086,-0.647541880607605,4.2779725995743965
RADLabs26_Feb23_GrafLab_Clay100%_Group9SampleA_Mon_Feb_23_03_41_25_2026,0.030921712517738287,-0.5170361995697021,4.2779725995743965
RADLabs26_Feb23_GrafLab_Clay100%_Group9SampleA_Mon_Feb_23_03_41_25_2026,0.030921712517738287,-0.5170361995697021,4.2779725995743965
RADLabs26_Feb23_GrafLab_Clay100%_Group9SampleA_Mon_Feb_23_03_41_25_2026,0.030921712517738287,-0.5170361995697021,4.2779725995743965
RADLabs26_Feb23_GrafLab_Clay100%_Group9SampleA_Mon_Feb_23_03_41_25_2026,0.030921712517738287,-0.5170361995697021,4.2779725995743965
RADLabs26_Feb23_GrafLab_Clay100%_Group9SampleA_Mon_Feb_23_03_41_25_2026,0.030921712517738287,-0.5170361995697021,4.2779725995743965
RADLabs26_Feb23_GrafLab_Clay100%_Group9SampleA_Mon_Feb_23_03_41_25_2026,0.030921712517738287,-0.5170361995697021,4.2779725995743965
RADLabs26_Feb23_GrafLab_Clay100%_Group9SampleA_Mon_Feb_23_03_41_25_2026,0.030921712517738287,-0.4222885370254516,4.2779725995743965
RADLabs26_Feb23_GrafLab_Clay100%_Group9SampleA_Mon_Feb_23_03_41_25_2026,0.030921712517738287,-0.4222885370254516,4.2779725995743965
RADLabs26_Feb23_GrafLab_Clay100%_Group9SampleA_Mon_Feb_23_03_41_25_2026,0.030921712517738287,-0.4222885370254516,4.2779725995743965
RADLabs26_Feb23_GrafLab_Clay100%_Group9SampleA_Mon_Feb_23_03_41_25_2026,0.030921712517738287,-0.4222885370254516,4.2779725995743965
RADLabs26_Feb23_GrafLab_Clay100%_Group9SampleA_Mon_Feb_23_03_41_25_2026,0.030921712517738287,-0.4222885370254516,4.2779725995743965
RADLabs26_Feb23_GrafLab_Clay100%_Group9SampleA_Mon_Feb_23_03_41_25_2026,0.030921712517738287,-0.4222885370254516,4.2779725995743965
RADLabs26_Feb23_GrafLab_Clay100%_Group9SampleA_Mon_Feb_23_03_41_25_2026,0.030964955687522888,-0.3684427738189697,4.2779725995743965
RADLabs26_Feb23_GrafLab_Clay100%_Group9SampleA_Mon_Feb_23_03_41_25_2026,0.030964955687522888,-0.3684427738189697,4.2779725995743965
RADLabs26_Feb23_GrafLab_Clay100%_Group9SampleA_Mon_Feb_23_03_41_25_2026,0.030964955687522888,-0.3684427738189697,4.2779725995743965
RADLabs26_Feb23_GrafLab_Clay100%_Group9SampleA_Mon_Feb_23_03_41_25_2026,0.030964955687522888,-0.3684427738189697,4.2779725995743965
RADLabs26_Feb23_GrafLab_Clay100%_Group9SampleA_Mon_Feb_23_03_41_25_2026,0.030964955687522888,-0.3684427738189697,4.2779725995743965
RADLabs26_Feb23_GrafLab_Clay100%_Group9SampleA_Mon_Feb_23_03_41_25_2026,0.030964955687522888,-0.3684427738189697,4.2779725995743965
RADLabs26_Feb23_GrafLab_Clay100%_Group9SampleA_Mon_Feb_23_03_41_25_2026,0.030964955687522888,-0.2736307084560394,4.2779725995743965
RADLabs26_Feb23_GrafLab_Clay100%_Group9SampleA_Mon_Feb_23_03_41_25_2026,0.030964955687522888,-0.2736307084560394,4.2779725995743965
RADLabs26_Feb23_GrafLab_Clay100%_Group9SampleA_Mon_Feb_23_03_41_25_2026,0.030964955687522888,-0.2736307084560394,4.2779725995743965
RADLabs26_Feb23_GrafLab_Clay100%_Group9SampleA_Mon_Feb_23_03_41_25_2026,0.030964955687522888,-0.2736307084560394,4.2779725995743965
RADLabs26_Feb23_GrafLab_Clay100%_Group9SampleA_Mon_Feb_23_03_41_25_2026,0.030964955687522888,-0.2736307084560394,4.2779725995743965
RADLabs26_Feb23_GrafLab_Clay100%_Group9SampleA_Mon_Feb_23_03_41_25_2026,0.03098197281360618,-0.1955806612968444,4.2779725995743965
RADLabs26_Feb23_GrafLab_Clay100%_Group9SampleA_Mon_Feb_23_03_41_25_2026,0.03098197281360618,-0.1955806612968444,4.2779725995743965
RADLabs26_Feb23_GrafLab_Clay100%_Group9SampleA_Mon_Feb_23_03_41_25_2026,0.03098197281360618,-0.1955806612968444,4.2779725995743965
RADLabs26_Feb23_GrafLab_Clay100%_Group9SampleA_Mon_Feb_23_03_41_25_2026,0.03098197281360618,-0.1955806612968444,4.2779725995743965
RADLabs26_Feb23_GrafLab_Clay100%_Group9SampleA_Mon_Feb_23_03_41_25_2026,0.03098197281360618,-0.1955806612968444,4.2779725995743965
RADLabs26_Feb23_GrafLab_Clay100%_Group9SampleA_Mon_Feb_23_03_41_25_2026,0.03098197281360618,-0.1955806612968444,4.2779725995743965
RADLabs26_Feb23_GrafLab_Clay100%_Group9SampleA_Mon_Feb_23_03_41_25_2026,0.031010717153549194,-0.1427173763513565,4.2779725995743965
RADLabs26_Feb23_GrafLab_Clay100%_Group9SampleA_Mon_Feb_23_03_41_25_2026,0.031010717153549194,-0.1427173763513565,4.2779725995743965
RADLabs26_Feb23_GrafLab_Clay100%_Group9SampleA_Mon_Feb_23_03_41_25_2026,0.031010717153549194,-0.1427173763513565,4.2779725995743965
RADLabs26_Feb23_GrafLab_Clay100%_Group9SampleA_Mon_Feb_23_03_41_25_2026,0.031010717153549194,-0.1427173763513565,4.2779725995743965
RADLabs26_Feb23_GrafLab_Clay100%_Group9SampleA_Mon_Feb_23_03_41_25_2026,0.031010717153549194,-0.1427173763513565,4.2779725995743965
RADLabs26_Feb23_GrafLab_Clay100%_Group9SampleA_Mon_Feb_23_03_41_25_2026,0.031010717153549194,-0.1427173763513565,4.2779725995743965
RADLabs26_Feb23_GrafLab_Clay100%_Group9SampleA_Mon_Feb_23_03_41_25_2026,0.031053006649017306,-0.0808734446763992,4.2779725995743965
RADLabs26_Feb23_GrafLab_Clay100%_Group9SampleA_Mon_Feb_23_03_41_25_2026,0.031053006649017306,-0.0808734446763992,4.2779725995743965
RADLabs26_Feb23_GrafLab_Clay100%_Group9SampleA_Mon_Feb_23_03_41_25_2026,0.031053006649017306,-0.0808734446763992,4.2779725995743965
RADLabs26_Feb23_GrafLab_Clay100%_Group9SampleA_Mon_Feb_23_03_41_25_2026,0.031053006649017306,-0.0808734446763992,4.2779725995743965
RADLabs26_Feb23_GrafLab_Clay100%_Group9SampleA_Mon_Feb_23_03_41_25_2026,0.031053006649017306,-0.0808734446763992,4.2779725995743965
RADLabs26_Feb23_GrafLab_Clay100%_Group9SampleA_Mon_Feb_23_03_41_25_2026,0.031053006649017306,-0.0808734446763992,4.2779725995743965
RADLabs26_Feb23_GrafLab_Clay100%_Group9SampleA_Mon_Feb_23_03_41_25_2026,0.031053006649017306,-0.0808734446763992,4.2779725995743965
RADLabs26_Feb23_GrafLab_Clay100%_Group9SampleA_Mon_Feb_23_03_41_25_2026,0.031083285808563205,-0.0218469761312007,4.2779725995743965
RADLabs26_Feb23_GrafLab_Clay100%_Group9SampleA_Mon_Feb_23_03_41_25_2026,0.031083285808563205,-0.0218469761312007,4.2779725995743965
RADLabs26_Feb23_GrafLab_Clay100%_Group9SampleA_Mon_Feb_23_03_41_25_2026,0.031083285808563205,-0.0218469761312007,4.2779725995743965
RADLabs26_Feb23_GrafLab_Clay100%_Group9SampleA_Mon_Feb_23_03_41_25_2026,0.031083285808563205,-0.0218469761312007,4.2779725995743965
RADLabs26_Feb23_GrafLab_Clay100%_Group9SampleA_Mon_Feb_23_03_41_25_2026,0.031083285808563205,-0.0218469761312007,4.2779725995743965
RADLabs26_Feb23_GrafLab_Clay100%_Group9SampleA_Mon_Feb_23_03_41_25_2026,0.031083285808563205,-0.0218469761312007,4.2779725995743965
RADLabs26_Feb23_GrafLab_Clay100%_Group9SampleA_Mon_Feb_23_03_41_25_2026,0.031094908714294406,0.0688037872314453,4.2779725995743965
RADLabs26_Feb23_GrafLab_Clay100%_Group9SampleA_Mon_Feb_23_03_41_25_2026,0.031094908714294406,0.0688037872314453,4.2779725995743965
RADLabs26_Feb23_GrafLab_Clay100%_Group9SampleA_Mon_Feb_23_03_41_25_2026,0.031094908714294406,0.0688037872314453,4.2779725995743965
RADLabs26_Feb23_GrafLab_Clay100%_Group9SampleA_Mon_Feb_23_03_41_25_2026,0.031094908714294406,0.0688037872314453,4.2779725995743965
RADLabs26_Feb23_GrafLab_Clay100%_Group9SampleA_Mon_Feb_23_03_41_25_2026,0.031094908714294406,0.0688037872314453,4.2779725995743965
RADLabs26_Feb23_GrafLab_Clay100%_Group9SampleA_Mon_Feb_23_03_41_25_2026,0.031094908714294406,0.0688037872314453,4.2779725995743965
RADLabs26_Feb23_GrafLab_Clay100%_Group9SampleA_Mon_Feb_23_03_41_25_2026,0.031094908714294406,0.0688037872314453,4.2779725995743965
RADLabs26_Feb23_GrafLab_Clay100%_Group9SampleA_Mon_Feb_23_03_41_25_2026,0.031170904636383,0.0697232633829116,4.2779725995743965
RADLabs26_Feb23_GrafLab_Clay100%_Group9SampleA_Mon_Feb_23_03_41_25_2026,0.031170904636383,0.0697232633829116,4.2779725995743965
RADLabs26_Feb23_GrafLab_Clay100%_Group9SampleA_Mon_Feb_23_03_41_25_2026,0.031170904636383,0.0697232633829116,4.2779725995743965
RADLabs26_Feb23_GrafLab_Clay100%_Group9SampleA_Mon_Feb_23_03_41_25_2026,0.031170904636383,0.0697232633829116,4.2779725995743965
RADLabs26_Feb23_GrafLab_Clay100%_Group9SampleA_Mon_Feb_23_03_41_25_2026,0.031170904636383,0.0697232633829116,4.2779725995743965
RADLabs26_Feb23_GrafLab_Clay100%_Group9SampleA_Mon_Feb_23_03_41_25_2026,0.03122197091579429,0.1161793768405914,4.2779725995743965
RADLabs26_Feb23_GrafLab_Clay100%_Group9SampleA_Mon_Feb_23_03_41_25_2026,0.03122197091579429,0.1161793768405914,4.2779725995743965
RADLabs26_Feb23_GrafLab_Clay100%_Group9SampleA_Mon_Feb_23_03_41_25_2026,0.03122197091579429,0.1161793768405914,4.2779725995743965
RADLabs26_Feb23_GrafLab_Clay100%_Group9SampleA_Mon_Feb_23_03_41_25_2026,0.03122197091579429,0.1161793768405914,4.2779725995743965
RADLabs26_Feb23_GrafLab_Clay100%_Group9SampleA_Mon_Feb_23_03_41_25_2026,0.03122197091579429,0.1161793768405914,4.2779725995743965
RADLabs26_Feb23_GrafLab_Clay100%_Group9SampleA_Mon_Feb_23_03_41_25_2026,0.03122197091579429,0.1161793768405914,4.2779725995743965
RADLabs26_Feb23_GrafLab_Clay100%_Group9SampleA_Mon_Feb_23_03_41_25_2026,0.031246483325958196,0.2020745575428009,4.2779725995743965
RADLabs26_Feb23_GrafLab_Clay100%_Group9SampleA_Mon_Feb_23_03_41_25_2026,0.031246483325958196,0.2020745575428009,4.2779725995743965
RADLabs26_Feb23_GrafLab_Clay100%_Group9SampleA_Mon_Feb_23_03_41_25_2026,0.031246483325958196,0.2020745575428009,4.2779725995743965
RADLabs26_Feb23_GrafLab_Clay100%_Group9SampleA_Mon_Feb_23_03_41_25_2026,0.031246483325958196,0.2020745575428009,4.2779725995743965
RADLabs26_Feb23_GrafLab_Clay100%_Group9SampleA_Mon_Feb_23_03_41_25_2026,0.031246483325958196,0.2020745575428009,4.2779725995743965
RADLabs26_Feb23_GrafLab_Clay100%_Group9SampleA_Mon_Feb_23_03_41_25_2026,0.0312737375497818,0.2835890352725982,4.2779725995743965
RADLabs26_Feb23_GrafLab_Clay100%_Group9SampleA_Mon_Feb_23_03_41_25_2026,0.0312737375497818,0.2835890352725982,4.2779725995743965
RADLabs26_Feb23_GrafLab_Clay100%_Group9SampleA_Mon_Feb_23_03_41_25_2026,0.0312737375497818,0.2835890352725982,4.2779725995743965
RADLabs26_Feb23_GrafLab_Clay100%_Group9SampleA_Mon_Feb_23_03_41_25_2026,0.0312737375497818,0.2835890352725982,4.2779725995743965
RADLabs26_Feb23_GrafLab_Clay100%_Group9SampleA_Mon_Feb_23_03_41_25_2026,0.0312737375497818,0.2835890352725982,4.2779725995743965
RADLabs26_Feb23_GrafLab_Clay100%_Group9SampleA_Mon_Feb_23_03_41_25_2026,0.031334057450294495,0.3005440831184387,4.2779725995743965
RADLabs26_Feb23_GrafLab_Clay100%_Group9SampleA_Mon_Feb_23_03_41_25_2026,0.031334057450294495,0.3005440831184387,4.2779725995743965
RADLabs26_Feb23_GrafLab_Clay100%_Group9SampleA_Mon_Feb_23_03_41_25_2026,0.031334057450294495,0.3005440831184387,4.2779725995743965
RADLabs26_Feb23_GrafLab_Clay100%_Group9SampleA_Mon_Feb_23_03_41_25_2026,0.031334057450294495,0.3005440831184387,4.2779725995743965
RADLabs26_Feb23_GrafLab_Clay100%_Group9SampleA_Mon_Feb_23_03_41_25_2026,0.031334057450294495,0.3005440831184387,4.2779725995743965
RADLabs26_Feb23_GrafLab_Clay100%_Group9SampleA_Mon_Feb_23_03_41_25_2026,0.0314277112483978,0.3004602193832397,4.2779725995743965
RADLabs26_Feb23_GrafLab_Clay100%_Group9SampleA_Mon_Feb_23_03_41_25_2026,0.0314277112483978,0.3004602193832397,4.2779725995743965
RADLabs26_Feb23_GrafLab_Clay100%_Group9SampleA_Mon_Feb_23_03_41_25_2026,0.0314277112483978,0.3004602193832397,4.2779725995743965
RADLabs26_Feb23_GrafLab_Clay100%_Group9SampleA_Mon_Feb_23_03_41_25_2026,0.0314277112483978,0.3004602193832397,4.2779725995743965
RADLabs26_Feb23_GrafLab_Clay100%_Group9SampleA_Mon_Feb_23_03_41_25_2026,0.0314277112483978,0.3004602193832397,4.2779725995743965
RADLabs26_Feb23_GrafLab_Clay100%_Group9SampleA_Mon_Feb_23_03_41_25_2026,0.03150396049022669,0.300913542509079,4.2779725995743965
RADLabs26_Feb23_GrafLab_Clay100%_Group9SampleA_Mon_Feb_23_03_41_25_2026,0.03150396049022669,0.300913542509079,4.2779725995743965
RADLabs26_Feb23_GrafLab_Clay100%_Group9SampleA_Mon_Feb_23_03_41_25_2026,0.03150396049022669,0.300913542509079,4.2779725995743965
RADLabs26_Feb23_GrafLab_Clay100%_Group9SampleA_Mon_Feb_23_03_41_25_2026,0.03150396049022669,0.300913542509079,4.2779725995743965
RADLabs26_Feb23_GrafLab_Clay100%_Group9SampleA_Mon_Feb_23_03_41_25_2026,0.03150396049022669,0.300913542509079,4.2779725995743965
RADLabs26_Feb23_GrafLab_Clay100%_Group9SampleA_Mon_Feb_23_03_41_25_2026,0.03164613246917719,0.2595816254615783,4.2779725995743965
RADLabs26_Feb23_GrafLab_Clay100%_Group9SampleA_Mon_Feb_23_03_41_25_2026,0.03164613246917719,0.2595816254615783,4.2779725995743965
RADLabs26_Feb23_GrafLab_Clay100%_Group9SampleA_Mon_Feb_23_03_41_25_2026,0.03164613246917719,0.2595816254615783,4.2779725995743965
RADLabs26_Feb23_GrafLab_Clay100%_Group9SampleA_Mon_Feb_23_03_41_25_2026,0.03164613246917719,0.2595816254615783,4.2779725995743965
RADLabs26_Feb23_GrafLab_Clay100%_Group9SampleA_Mon_Feb_23_03_41_25_2026,0.03164613246917719,0.2595816254615783,4.2779725995743965
RADLabs26_Feb23_GrafLab_Clay100%_Group9SampleA_Mon_Feb_23_03_41_25_2026,0.03164613246917719,0.2595816254615783,4.2779725995743965
RADLabs26_Feb23_GrafLab_Clay100%_Group9SampleA_Mon_Feb_23_03_41_25_2026,0.03164613246917719,0.2595816254615783,4.2779725995743965
RADLabs26_Feb23_GrafLab_Clay100%_Group9SampleA_Mon_Feb_23_03_41_25_2026,0.03179462254047388,0.1054415479302406,4.2779725995743965
RADLabs26_Feb23_GrafLab_Clay100%_Group9SampleA_Mon_Feb_23_03_41_25_2026,0.03179462254047388,0.1054415479302406,4.2779725995743965
RADLabs26_Feb23_GrafLab_Clay100%_Group9SampleA_Mon_Feb_23_03_41_25_2026,0.03179462254047388,0.1054415479302406,4.2779725995743965
RADLabs26_Feb23_GrafLab_Clay100%_Group9SampleA_Mon_Feb_23_03_41_25_2026,0.03179462254047388,0.1054415479302406,4.2779725995743965
RADLabs26_Feb23_GrafLab_Clay100%_Group9SampleA_Mon_Feb_23_03_41_25_2026,0.03179462254047388,0.1054415479302406,4.2779725995743965
RADLabs26_Feb23_GrafLab_Clay100%_Group9SampleA_Mon_Feb_23_03_41_25_2026,0.0321159809827804,-0.1693461388349533,4.2779725995743965
RADLabs26_Feb23_GrafLab_Clay100%_Group9SampleA_Mon_Feb_23_03_41_25_2026,0.0321159809827804,-0.1693461388349533,4.2779725995743965
RADLabs26_Feb23_GrafLab_Clay100%_Group9SampleA_Mon_Feb_23_03_41_25_2026,0.0321159809827804,-0.1693461388349533,4.2779725995743965
RADLabs26_Feb23_GrafLab_Clay100%_Group9SampleA_Mon_Feb_23_03_41_25_2026,0.0321159809827804,-0.1693461388349533,4.2779725995743965
RADLabs26_Feb23_GrafLab_Clay100%_Group9SampleA_Mon_Feb_23_03_41_25_2026,0.0321159809827804,-0.1693461388349533,4.2779725995743965
RADLabs26_Feb23_GrafLab_Clay100%_Group9SampleA_Mon_Feb_23_03_41_25_2026,0.0321159809827804,-0.1693461388349533,4.2779725995743965
RADLabs26_Feb23_GrafLab_Clay100%_Group9SampleA_Mon_Feb_23_03_41_25_2026,0.0325942188501358,-0.4248346388339996,4.2779725995743965
RADLabs26_Feb23_GrafLab_Clay100%_Group9SampleA_Mon_Feb_23_03_41_25_2026,0.0325942188501358,-0.4248346388339996,4.2779725995743965
RADLabs26_Feb23_GrafLab_Clay100%_Group9SampleA_Mon_Feb_23_03_41_25_2026,0.0325942188501358,-0.4248346388339996,4.2779725995743965
RADLabs26_Feb23_GrafLab_Clay100%_Group9SampleA_Mon_Feb_23_03_41_25_2026,0.0325942188501358,-0.4248346388339996,4.2779725995743965
RADLabs26_Feb23_GrafLab_Clay100%_Group9SampleA_Mon_Feb_23_03_41_25_2026,0.0325942188501358,-0.4248346388339996,4.2779725995743965
RADLabs26_Feb23_GrafLab_Clay100%_Group9SampleA_Mon_Feb_23_03_41_25_2026,0.0325942188501358,-0.4248346388339996,4.2779725995743965
RADLabs26_Feb23_GrafLab_Clay100%_Group9SampleA_Mon_Feb_23_03_41_25_2026,0.03292655944824219,-0.6142281293869019,4.2779725995743965
RADLabs26_Feb23_GrafLab_Clay100%_Group9SampleA_Mon_Feb_23_03_41_25_2026,0.03292655944824219,-0.6142281293869019,4.2779725995743965
RADLabs26_Feb23_GrafLab_Clay100%_Group9SampleA_Mon_Feb_23_03_41_25_2026,0.03292655944824219,-0.6142281293869019,4.2779725995743965
RADLabs26_Feb23_GrafLab_Clay100%_Group9SampleA_Mon_Feb_23_03_41_25_2026,0.03292655944824219,-0.6142281293869019,4.2779725995743965
RADLabs26_Feb23_GrafLab_Clay100%_Group9SampleA_Mon_Feb_23_03_41_25_2026,0.03292655944824219,-0.6142281293869019,4.2779725995743965
RADLabs26_Feb23_GrafLab_Clay100%_Group9SampleA_Mon_Feb_23_03_41_25_2026,0.03300908207893369,-0.5158159732818604,4.2779725995743965
RADLabs26_Feb23_GrafLab_Clay100%_Group9SampleA_Mon_Feb_23_03_41_25_2026,0.03300908207893369,-0.5158159732818604,4.2779725995743965
RADLabs26_Feb23_GrafLab_Clay100%_Group9SampleA_Mon_Feb_23_03_41_25_2026,0.03300908207893369,-0.5158159732818604,4.2779725995743965
RADLabs26_Feb23_GrafLab_Clay100%_Group9SampleA_Mon_Feb_23_03_41_25_2026,0.03300908207893369,-0.5158159732818604,4.2779725995743965
RADLabs26_Feb23_GrafLab_Clay100%_Group9SampleA_Mon_Feb_23_03_41_25_2026,0.03300908207893369,-0.5158159732818604,4.2779725995743965
RADLabs26_Feb23_GrafLab_Clay100%_Group9SampleA_Mon_Feb_23_03_41_25_2026,0.03309750556945798,-0.5265083312988281,4.2779725995743965
RADLabs26_Feb23_GrafLab_Clay100%_Group9SampleA_Mon_Feb_23_03_41_25_2026,0.03309750556945798,-0.5265083312988281,4.2779725995743965
RADLabs26_Feb23_GrafLab_Clay100%_Group9SampleA_Mon_Feb_23_03_41_25_2026,0.03309750556945798,-0.5265083312988281,4.2779725995743965
RADLabs26_Feb23_GrafLab_Clay100%_Group9SampleA_Mon_Feb_23_03_41_25_2026,0.03309750556945798,-0.5265083312988281,4.2779725995743965
RADLabs26_Feb23_GrafLab_Clay100%_Group9SampleA_Mon_Feb_23_03_41_25_2026,0.03309750556945798,-0.5265083312988281,4.2779725995743965
RADLabs26_Feb23_GrafLab_Clay100%_Group9SampleA_Mon_Feb_23_03_41_25_2026,0.03309750556945798,-0.5265083312988281,4.2779725995743965
RADLabs26_Feb23_GrafLab_Clay100%_Group9SampleA_Mon_Feb_23_03_41_25_2026,0.03321550786495209,-0.557838499546051,4.2779725995743965
RADLabs26_Feb23_GrafLab_Clay100%_Group9SampleA_Mon_Feb_23_03_41_25_2026,0.03321550786495209,-0.557838499546051,4.2779725995743965
RADLabs26_Feb23_GrafLab_Clay100%_Group9SampleA_Mon_Feb_23_03_41_25_2026,0.03321550786495209,-0.557838499546051,4.2779725995743965
RADLabs26_Feb23_GrafLab_Clay100%_Group9SampleA_Mon_Feb_23_03_41_25_2026,0.03321550786495209,-0.557838499546051,4.2779725995743965
RADLabs26_Feb23_GrafLab_Clay100%_Group9SampleA_Mon_Feb_23_03_41_25_2026,0.03321550786495209,-0.557838499546051,4.2779725995743965
RADLabs26_Feb23_GrafLab_Clay100%_Group9SampleA_Mon_Feb_23_03_41_25_2026,0.0333246439695358,-0.5540896654129028,4.2779725995743965
RADLabs26_Feb23_GrafLab_Clay100%_Group9SampleA_Mon_Feb_23_03_41_25_2026,0.0333246439695358,-0.5540896654129028,4.2779725995743965
RADLabs26_Feb23_GrafLab_Clay100%_Group9SampleA_Mon_Feb_23_03_41_25_2026,0.0333246439695358,-0.5540896654129028,4.2779725995743965
RADLabs26_Feb23_GrafLab_Clay100%_Group9SampleA_Mon_Feb_23_03_41_25_2026,0.0333246439695358,-0.5540896654129028,4.2779725995743965
RADLabs26_Feb23_GrafLab_Clay100%_Group9SampleA_Mon_Feb_23_03_41_25_2026,0.0333246439695358,-0.5540896654129028,4.2779725995743965
RADLabs26_Feb23_GrafLab_Clay100%_Group9SampleA_Mon_Feb_23_03_41_25_2026,0.0333246439695358,-0.5540896654129028,4.2779725995743965
RADLabs26_Feb23_GrafLab_Clay100%_Group9SampleA_Mon_Feb_23_03_41_25_2026,0.03332251310348508,-0.4246340990066528,4.2779725995743965
RADLabs26_Feb23_GrafLab_Clay100%_Group9SampleA_Mon_Feb_23_03_41_25_2026,0.03332251310348508,-0.4246340990066528,4.2779725995743965
RADLabs26_Feb23_GrafLab_Clay100%_Group9SampleA_Mon_Feb_23_03_41_25_2026,0.03332251310348508,-0.4246340990066528,4.2779725995743965
RADLabs26_Feb23_GrafLab_Clay100%_Group9SampleA_Mon_Feb_23_03_41_25_2026,0.03332251310348508,-0.4246340990066528,4.2779725995743965
RADLabs26_Feb23_GrafLab_Clay100%_Group9SampleA_Mon_Feb_23_03_41_25_2026,0.03332251310348508,-0.4246340990066528,4.2779725995743965
RADLabs26_Feb23_GrafLab_Clay100%_Group9SampleA_Mon_Feb_23_03_41_25_2026,0.03333787620067588,-0.3520078957080841,4.2779725995743965
RADLabs26_Feb23_GrafLab_Clay100%_Group9SampleA_Mon_Feb_23_03_41_25_2026,0.03333787620067588,-0.3520078957080841,4.2779725995743965
RADLabs26_Feb23_GrafLab_Clay100%_Group9SampleA_Mon_Feb_23_03_41_25_2026,0.03333787620067588,-0.3520078957080841,4.2779725995743965
RADLabs26_Feb23_GrafLab_Clay100%_Group9SampleA_Mon_Feb_23_03_41_25_2026,0.03333787620067588,-0.3520078957080841,4.2779725995743965
RADLabs26_Feb23_GrafLab_Clay100%_Group9SampleA_Mon_Feb_23_03_41_25_2026,0.03333787620067588,-0.3520078957080841,4.2779725995743965
RADLabs26_Feb23_GrafLab_Clay100%_Group9SampleA_Mon_Feb_23_03_41_25_2026,0.03333787620067588,-0.3520078957080841,4.2779725995743965
RADLabs26_Feb23_GrafLab_Clay100%_Group9SampleA_Mon_Feb_23_03_41_25_2026,0.03338909149169919,-0.3199978470802307,4.2779725995743965
RADLabs26_Feb23_GrafLab_Clay100%_Group9SampleA_Mon_Feb_23_03_41_25_2026,0.03338909149169919,-0.3199978470802307,4.2779725995743965
RADLabs26_Feb23_GrafLab_Clay100%_Group9SampleA_Mon_Feb_23_03_41_25_2026,0.03338909149169919,-0.3199978470802307,4.2779725995743965
RADLabs26_Feb23_GrafLab_Clay100%_Group9SampleA_Mon_Feb_23_03_41_25_2026,0.03338909149169919,-0.3199978470802307,4.2779725995743965
RADLabs26_Feb23_GrafLab_Clay100%_Group9SampleA_Mon_Feb_23_03_41_25_2026,0.03338909149169919,-0.3199978470802307,4.2779725995743965
RADLabs26_Feb23_GrafLab_Clay100%_Group9SampleA_Mon_Feb_23_03_41_25_2026,0.03338909149169919,-0.3199978470802307,4.2779725995743965
RADLabs26_Feb23_GrafLab_Clay100%_Group9SampleA_Mon_Feb_23_03_41_25_2026,0.0334184467792511,-0.2456748783588409,4.2779725995743965
RADLabs26_Feb23_GrafLab_Clay100%_Group9SampleA_Mon_Feb_23_03_41_25_2026,0.0334184467792511,-0.2456748783588409,4.2779725995743965
RADLabs26_Feb23_GrafLab_Clay100%_Group9SampleA_Mon_Feb_23_03_41_25_2026,0.0334184467792511,-0.2456748783588409,4.2779725995743965
RADLabs26_Feb23_GrafLab_Clay100%_Group9SampleA_Mon_Feb_23_03_41_25_2026,0.0334184467792511,-0.2456748783588409,4.2779725995743965
RADLabs26_Feb23_GrafLab_Clay100%_Group9SampleA_Mon_Feb_23_03_41_25_2026,0.0334184467792511,-0.2456748783588409,4.2779725995743965
RADLabs26_Feb23_GrafLab_Clay100%_Group9SampleA_Mon_Feb_23_03_41_25_2026,0.0334184467792511,-0.2456748783588409,4.2779725995743965
RADLabs26_Feb23_GrafLab_Clay100%_Group9SampleA_Mon_Feb_23_03_41_25_2026,0.03347975015640259,-0.2017068117856979,4.2779725995743965
RADLabs26_Feb23_GrafLab_Clay100%_Group9SampleA_Mon_Feb_23_03_41_25_2026,0.03347975015640259,-0.2017068117856979,4.2779725995743965
RADLabs26_Feb23_GrafLab_Clay100%_Group9SampleA_Mon_Feb_23_03_41_25_2026,0.03347975015640259,-0.2017068117856979,4.2779725995743965
RADLabs26_Feb23_GrafLab_Clay100%_Group9SampleA_Mon_Feb_23_03_41_25_2026,0.03347975015640259,-0.2017068117856979,4.2779725995743965
RADLabs26_Feb23_GrafLab_Clay100%_Group9SampleA_Mon_Feb_23_03_41_25_2026,0.03347975015640259,-0.2017068117856979,4.2779725995743965
RADLabs26_Feb23_GrafLab_Clay100%_Group9SampleA_Mon_Feb_23_03_41_25_2026,0.03350935876369468,-0.1464913934469223,4.2779725995743965
RADLabs26_Feb23_GrafLab_Clay100%_Group9SampleA_Mon_Feb_23_03_41_25_2026,0.03350935876369468,-0.1464913934469223,4.2779725995743965
RADLabs26_Feb23_GrafLab_Clay100%_Group9SampleA_Mon_Feb_23_03_41_25_2026,0.03350935876369468,-0.1464913934469223,4.2779725995743965
RADLabs26_Feb23_GrafLab_Clay100%_Group9SampleA_Mon_Feb_23_03_41_25_2026,0.03350935876369468,-0.1464913934469223,4.2779725995743965
RADLabs26_Feb23_GrafLab_Clay100%_Group9SampleA_Mon_Feb_23_03_41_25_2026,0.03350935876369468,-0.1464913934469223,4.2779725995743965
RADLabs26_Feb23_GrafLab_Clay100%_Group9SampleA_Mon_Feb_23_03_41_25_2026,0.03350935876369468,-0.1464913934469223,4.2779725995743965
RADLabs26_Feb23_GrafLab_Clay100%_Group9SampleA_Mon_Feb_23_03_41_25_2026,0.03350935876369468,-0.1464913934469223,4.2779725995743965
RADLabs26_Feb23_GrafLab_Clay100%_Group9SampleA_Mon_Feb_23_03_41_25_2026,0.03353208303451538,-0.0690176486968994,4.2779725995743965
RADLabs26_Feb23_GrafLab_Clay100%_Group9SampleA_Mon_Feb_23_03_41_25_2026,0.03353208303451538,-0.0690176486968994,4.2779725995743965
RADLabs26_Feb23_GrafLab_Clay100%_Group9SampleA_Mon_Feb_23_03_41_25_2026,0.03353208303451538,-0.0690176486968994,4.2779725995743965
RADLabs26_Feb23_GrafLab_Clay100%_Group9SampleA_Mon_Feb_23_03_41_25_2026,0.03353208303451538,-0.0690176486968994,4.2779725995743965
RADLabs26_Feb23_GrafLab_Clay100%_Group9SampleA_Mon_Feb_23_03_41_25_2026,0.03353208303451538,-0.0690176486968994,4.2779725995743965
RADLabs26_Feb23_GrafLab_Clay100%_Group9SampleA_Mon_Feb_23_03_41_25_2026,0.0335899293422699,-0.0221292469650506,4.2779725995743965
RADLabs26_Feb23_GrafLab_Clay100%_Group9SampleA_Mon_Feb_23_03_41_25_2026,0.0335899293422699,-0.0221292469650506,4.2779725995743965
RADLabs26_Feb23_GrafLab_Clay100%_Group9SampleA_Mon_Feb_23_03_41_25_2026,0.0335899293422699,-0.0221292469650506,4.2779725995743965
RADLabs26_Feb23_GrafLab_Clay100%_Group9SampleA_Mon_Feb_23_03_41_25_2026,0.0335899293422699,-0.0221292469650506,4.2779725995743965
RADLabs26_Feb23_GrafLab_Clay100%_Group9SampleA_Mon_Feb_23_03_41_25_2026,0.0335899293422699,-0.0221292469650506,4.2779725995743965
RADLabs26_Feb23_GrafLab_Clay100%_Group9SampleA_Mon_Feb_23_03_41_25_2026,0.0335899293422699,-0.0221292469650506,4.2779725995743965
RADLabs26_Feb23_GrafLab_Clay100%_Group9SampleA_Mon_Feb_23_03_41_25_2026,0.033643990755081093,0.021995086222887,4.2779725995743965
RADLabs26_Feb23_GrafLab_Clay100%_Group9SampleA_Mon_Feb_23_03_41_25_2026,0.033643990755081093,0.021995086222887,4.2779725995743965
RADLabs26_Feb23_GrafLab_Clay100%_Group9SampleA_Mon_Feb_23_03_41_25_2026,0.033643990755081093,0.021995086222887,4.2779725995743965
RADLabs26_Feb23_GrafLab_Clay100%_Group9SampleA_Mon_Feb_23_03_41_25_2026,0.033643990755081093,0.021995086222887,4.2779725995743965
RADLabs26_Feb23_GrafLab_Clay100%_Group9SampleA_Mon_Feb_23_03_41_25_2026,0.033643990755081093,0.021995086222887,4.2779725995743965
RADLabs26_Feb23_GrafLab_Clay100%_Group9SampleA_Mon_Feb_23_03_41_25_2026,0.033643990755081093,0.021995086222887,4.2779725995743965
RADLabs26_Feb23_GrafLab_Clay100%_Group9SampleA_Mon_Feb_23_03_41_25_2026,0.03365655243396759,0.0096603501588106,4.2779725995743965
RADLabs26_Feb23_GrafLab_Clay100%_Group9SampleA_Mon_Feb_23_03_41_25_2026,0.03365655243396759,0.0096603501588106,4.2779725995743965
RADLabs26_Feb23_GrafLab_Clay100%_Group9SampleA_Mon_Feb_23_03_41_25_2026,0.03365655243396759,0.0096603501588106,4.2779725995743965
RADLabs26_Feb23_GrafLab_Clay100%_Group9SampleA_Mon_Feb_23_03_41_25_2026,0.03365655243396759,0.0096603501588106,4.2779725995743965
RADLabs26_Feb23_GrafLab_Clay100%_Group9SampleA_Mon_Feb_23_03_41_25_2026,0.03365655243396759,0.0096603501588106,4.2779725995743965
RADLabs26_Feb23_GrafLab_Clay100%_Group9SampleA_Mon_Feb_23_03_41_25_2026,0.03365655243396759,0.0096603501588106,4.2779725995743965
RADLabs26_Feb23_GrafLab_Clay100%_Group9SampleA_Mon_Feb_23_03_41_25_2026,0.03370058536529538,0.1506020128726959,4.2779725995743965
RADLabs26_Feb23_GrafLab_Clay100%_Group9SampleA_Mon_Feb_23_03_41_25_2026,0.03370058536529538,0.1506020128726959,4.2779725995743965
RADLabs26_Feb23_GrafLab_Clay100%_Group9SampleA_Mon_Feb_23_03_41_25_2026,0.03370058536529538,0.1506020128726959,4.2779725995743965
RADLabs26_Feb23_GrafLab_Clay100%_Group9SampleA_Mon_Feb_23_03_41_25_2026,0.03370058536529538,0.1506020128726959,4.2779725995743965
RADLabs26_Feb23_GrafLab_Clay100%_Group9SampleA_Mon_Feb_23_03_41_25_2026,0.03370058536529538,0.1506020128726959,4.2779725995743965
RADLabs26_Feb23_GrafLab_Clay100%_Group9SampleA_Mon_Feb_23_03_41_25_2026,0.03370058536529538,0.1506020128726959,4.2779725995743965
RADLabs26_Feb23_GrafLab_Clay100%_Group9SampleA_Mon_Feb_23_03_41_25_2026,0.03376930952072138,0.1614160388708114,4.2779725995743965
RADLabs26_Feb23_GrafLab_Clay100%_Group9SampleA_Mon_Feb_23_03_41_25_2026,0.03376930952072138,0.1614160388708114,4.2779725995743965
RADLabs26_Feb23_GrafLab_Clay100%_Group9SampleA_Mon_Feb_23_03_41_25_2026,0.03376930952072138,0.1614160388708114,4.2779725995743965
RADLabs26_Feb23_GrafLab_Clay100%_Group9SampleA_Mon_Feb_23_03_41_25_2026,0.03376930952072138,0.1614160388708114,4.2779725995743965
RADLabs26_Feb23_GrafLab_Clay100%_Group9SampleA_Mon_Feb_23_03_41_25_2026,0.03376930952072138,0.1614160388708114,4.2779725995743965
RADLabs26_Feb23_GrafLab_Clay100%_Group9SampleA_Mon_Feb_23_03_41_25_2026,0.03376930952072138,0.1614160388708114,4.2779725995743965
RADLabs26_Feb23_GrafLab_Clay100%_Group9SampleA_Mon_Feb_23_03_41_25_2026,0.033832684159278786,0.19580739736557,4.2779725995743965
RADLabs26_Feb23_GrafLab_Clay100%_Group9SampleA_Mon_Feb_23_03_41_25_2026,0.033832684159278786,0.19580739736557,4.2779725995743965
RADLabs26_Feb23_GrafLab_Clay100%_Group9SampleA_Mon_Feb_23_03_41_25_2026,0.033832684159278786,0.19580739736557,4.2779725995743965
RADLabs26_Feb23_GrafLab_Clay100%_Group9SampleA_Mon_Feb_23_03_41_25_2026,0.033832684159278786,0.19580739736557,4.2779725995743965
RADLabs26_Feb23_GrafLab_Clay100%_Group9SampleA_Mon_Feb_23_03_41_25_2026,0.033832684159278786,0.19580739736557,4.2779725995743965
RADLabs26_Feb23_GrafLab_Clay100%_Group9SampleA_Mon_Feb_23_03_41_25_2026,0.033832684159278786,0.19580739736557,4.2779725995743965
RADLabs26_Feb23_GrafLab_Clay100%_Group9SampleA_Mon_Feb_23_03_41_25_2026,0.03387650847434989,0.2875025570392608,4.2779725995743965
RADLabs26_Feb23_GrafLab_Clay100%_Group9SampleA_Mon_Feb_23_03_41_25_2026,0.03387650847434989,0.2875025570392608,4.2779725995743965
RADLabs26_Feb23_GrafLab_Clay100%_Group9SampleA_Mon_Feb_23_03_41_25_2026,0.03387650847434989,0.2875025570392608,4.2779725995743965
RADLabs26_Feb23_GrafLab_Clay100%_Group9SampleA_Mon_Feb_23_03_41_25_2026,0.03387650847434989,0.2875025570392608,4.2779725995743965
RADLabs26_Feb23_GrafLab_Clay100%_Group9SampleA_Mon_Feb_23_03_41_25_2026,0.03387650847434989,0.2875025570392608,4.2779725995743965
RADLabs26_Feb23_GrafLab_Clay100%_Group9SampleA_Mon_Feb_23_03_41_25_2026,0.03387650847434989,0.2875025570392608,4.2779725995743965
RADLabs26_Feb23_GrafLab_Clay100%_Group9SampleA_Mon_Feb_23_03_41_25_2026,0.03387650847434989,0.2875025570392608,4.2779725995743965
RADLabs26_Feb23_GrafLab_Clay100%_Group9SampleA_Mon_Feb_23_03_41_25_2026,0.033908337354660006,0.3400618731975555,4.2779725995743965
RADLabs26_Feb23_GrafLab_Clay100%_Group9SampleA_Mon_Feb_23_03_41_25_2026,0.033908337354660006,0.3400618731975555,4.2779725995743965
RADLabs26_Feb23_GrafLab_Clay100%_Group9SampleA_Mon_Feb_23_03_41_25_2026,0.033908337354660006,0.3400618731975555,4.2779725995743965
RADLabs26_Feb23_GrafLab_Clay100%_Group9SampleA_Mon_Feb_23_03_41_25_2026,0.033908337354660006,0.3400618731975555,4.2779725995743965
RADLabs26_Feb23_GrafLab_Clay100%_Group9SampleA_Mon_Feb_23_03_41_25_2026,0.033908337354660006,0.3400618731975555,4.2779725995743965
RADLabs26_Feb23_GrafLab_Clay100%_Group9SampleA_Mon_Feb_23_03_41_25_2026,0.03396457433700559,0.3704595267772674,4.2779725995743965
RADLabs26_Feb23_GrafLab_Clay100%_Group9SampleA_Mon_Feb_23_03_41_25_2026,0.03396457433700559,0.3704595267772674,4.2779725995743965
RADLabs26_Feb23_GrafLab_Clay100%_Group9SampleA_Mon_Feb_23_03_41_25_2026,0.03396457433700559,0.3704595267772674,4.2779725995743965
RADLabs26_Feb23_GrafLab_Clay100%_Group9SampleA_Mon_Feb_23_03_41_25_2026,0.03396457433700559,0.3704595267772674,4.2779725995743965
RADLabs26_Feb23_GrafLab_Clay100%_Group9SampleA_Mon_Feb_23_03_41_25_2026,0.0340525358915329,0.3705819249153137,4.2779725995743965
RADLabs26_Feb23_GrafLab_Clay100%_Group9SampleA_Mon_Feb_23_03_41_25_2026,0.0340525358915329,0.3705819249153137,4.2779725995743965
RADLabs26_Feb23_GrafLab_Clay100%_Group9SampleA_Mon_Feb_23_03_41_25_2026,0.0340525358915329,0.3705819249153137,4.2779725995743965
RADLabs26_Feb23_GrafLab_Clay100%_Group9SampleA_Mon_Feb_23_03_41_25_2026,0.0340525358915329,0.3705819249153137,4.2779725995743965
RADLabs26_Feb23_GrafLab_Clay100%_Group9SampleA_Mon_Feb_23_03_41_25_2026,0.0340525358915329,0.3705819249153137,4.2779725995743965
RADLabs26_Feb23_GrafLab_Clay100%_Group9SampleA_Mon_Feb_23_03_41_25_2026,0.03416462242603299,0.3453650772571563,4.2779725995743965
RADLabs26_Feb23_GrafLab_Clay100%_Group9SampleA_Mon_Feb_23_03_41_25_2026,0.03416462242603299,0.3453650772571563,4.2779725995743965
RADLabs26_Feb23_GrafLab_Clay100%_Group9SampleA_Mon_Feb_23_03_41_25_2026,0.03416462242603299,0.3453650772571563,4.2779725995743965
RADLabs26_Feb23_GrafLab_Clay100%_Group9SampleA_Mon_Feb_23_03_41_25_2026,0.03416462242603299,0.3453650772571563,4.2779725995743965
RADLabs26_Feb23_GrafLab_Clay100%_Group9SampleA_Mon_Feb_23_03_41_25_2026,0.03416462242603299,0.3453650772571563,4.2779725995743965
RADLabs26_Feb23_GrafLab_Clay100%_Group9SampleA_Mon_Feb_23_03_41_25_2026,0.03416462242603299,0.3453650772571563,4.2779725995743965
RADLabs26_Feb23_GrafLab_Clay100%_Group9SampleA_Mon_Feb_23_03_41_25_2026,0.034240141510963384,0.2730294466018677,4.2779725995743965
RADLabs26_Feb23_GrafLab_Clay100%_Group9SampleA_Mon_Feb_23_03_41_25_2026,0.034240141510963384,0.2730294466018677,4.2779725995743965
RADLabs26_Feb23_GrafLab_Clay100%_Group9SampleA_Mon_Feb_23_03_41_25_2026,0.034240141510963384,0.2730294466018677,4.2779725995743965
RADLabs26_Feb23_GrafLab_Clay100%_Group9SampleA_Mon_Feb_23_03_41_25_2026,0.034240141510963384,0.2730294466018677,4.2779725995743965
RADLabs26_Feb23_GrafLab_Clay100%_Group9SampleA_Mon_Feb_23_03_41_25_2026,0.034240141510963384,0.2730294466018677,4.2779725995743965
RADLabs26_Feb23_GrafLab_Clay100%_Group9SampleA_Mon_Feb_23_03_41_25_2026,0.034380242228507996,0.3247888088226318,4.2779725995743965
RADLabs26_Feb23_GrafLab_Clay100%_Group9SampleA_Mon_Feb_23_03_41_25_2026,0.034380242228507996,0.3247888088226318,4.2779725995743965
RADLabs26_Feb23_GrafLab_Clay100%_Group9SampleA_Mon_Feb_23_03_41_25_2026,0.034380242228507996,0.3247888088226318,4.2779725995743965
RADLabs26_Feb23_GrafLab_Clay100%_Group9SampleA_Mon_Feb_23_03_41_25_2026,0.034380242228507996,0.3247888088226318,4.2779725995743965
RADLabs26_Feb23_GrafLab_Clay100%_Group9SampleA_Mon_Feb_23_03_41_25_2026,0.034380242228507996,0.3247888088226318,4.2779725995743965
RADLabs26_Feb23_GrafLab_Clay100%_Group9SampleA_Mon_Feb_23_03_41_25_2026,0.034380242228507996,0.3247888088226318,4.2779725995743965
RADLabs26_Feb23_GrafLab_Clay100%_Group9SampleA_Mon_Feb_23_03_41_25_2026,0.0345693230628967,0.1129524633288383,4.2779725995743965
RADLabs26_Feb23_GrafLab_Clay100%_Group9SampleA_Mon_Feb_23_03_41_25_2026,0.0345693230628967,0.1129524633288383,4.2779725995743965
RADLabs26_Feb23_GrafLab_Clay100%_Group9SampleA_Mon_Feb_23_03_41_25_2026,0.0345693230628967,0.1129524633288383,4.2779725995743965
RADLabs26_Feb23_GrafLab_Clay100%_Group9SampleA_Mon_Feb_23_03_41_25_2026,0.0345693230628967,0.1129524633288383,4.2779725995743965
RADLabs26_Feb23_GrafLab_Clay100%_Group9SampleA_Mon_Feb_23_03_41_25_2026,0.0345693230628967,0.1129524633288383,4.2779725995743965
RADLabs26_Feb23_GrafLab_Clay100%_Group9SampleA_Mon_Feb_23_03_41_25_2026,0.0345693230628967,0.1129524633288383,4.2779725995743965
RADLabs26_Feb23_GrafLab_Clay100%_Group9SampleA_Mon_Feb_23_03_41_25_2026,0.034934669733047485,-0.0974962711334228,4.2779725995743965
RADLabs26_Feb23_GrafLab_Clay100%_Group9SampleA_Mon_Feb_23_03_41_25_2026,0.034934669733047485,-0.0974962711334228,4.2779725995743965
RADLabs26_Feb23_GrafLab_Clay100%_Group9SampleA_Mon_Feb_23_03_41_25_2026,0.034934669733047485,-0.0974962711334228,4.2779725995743965
RADLabs26_Feb23_GrafLab_Clay100%_Group9SampleA_Mon_Feb_23_03_41_25_2026,0.034934669733047485,-0.0974962711334228,4.2779725995743965
RADLabs26_Feb23_GrafLab_Clay100%_Group9SampleA_Mon_Feb_23_03_41_25_2026,0.034934669733047485,-0.0974962711334228,4.2779725995743965
RADLabs26_Feb23_GrafLab_Clay100%_Group9SampleA_Mon_Feb_23_03_41_25_2026,0.034934669733047485,-0.0974962711334228,4.2779725995743965
RADLabs26_Feb23_GrafLab_Clay100%_Group9SampleA_Mon_Feb_23_03_41_25_2026,0.03526537120342249,-0.2580291926860809,4.2779725995743965
RADLabs26_Feb23_GrafLab_Clay100%_Group9SampleA_Mon_Feb_23_03_41_25_2026,0.03526537120342249,-0.2580291926860809,4.2779725995743965
RADLabs26_Feb23_GrafLab_Clay100%_Group9SampleA_Mon_Feb_23_03_41_25_2026,0.03526537120342249,-0.2580291926860809,4.2779725995743965
RADLabs26_Feb23_GrafLab_Clay100%_Group9SampleA_Mon_Feb_23_03_41_25_2026,0.03526537120342249,-0.2580291926860809,4.2779725995743965
RADLabs26_Feb23_GrafLab_Clay100%_Group9SampleA_Mon_Feb_23_03_41_25_2026,0.03526537120342249,-0.2580291926860809,4.2779725995743965
RADLabs26_Feb23_GrafLab_Clay100%_Group9SampleA_Mon_Feb_23_03_41_25_2026,0.03526537120342249,-0.2580291926860809,4.2779725995743965
RADLabs26_Feb23_GrafLab_Clay100%_Group9SampleA_Mon_Feb_23_03_41_25_2026,0.03526537120342249,-0.2580291926860809,4.2779725995743965
RADLabs26_Feb23_GrafLab_Clay100%_Group9SampleA_Mon_Feb_23_03_41_25_2026,0.03537823259830469,-0.2164462357759475,4.2779725995743965
RADLabs26_Feb23_GrafLab_Clay100%_Group9SampleA_Mon_Feb_23_03_41_25_2026,0.03537823259830469,-0.2164462357759475,4.2779725995743965
RADLabs26_Feb23_GrafLab_Clay100%_Group9SampleA_Mon_Feb_23_03_41_25_2026,0.03537823259830469,-0.2164462357759475,4.2779725995743965
RADLabs26_Feb23_GrafLab_Clay100%_Group9SampleA_Mon_Feb_23_03_41_25_2026,0.03537823259830469,-0.2164462357759475,4.2779725995743965
RADLabs26_Feb23_GrafLab_Clay100%_Group9SampleA_Mon_Feb_23_03_41_25_2026,0.03537823259830469,-0.2164462357759475,4.2779725995743965
RADLabs26_Feb23_GrafLab_Clay100%_Group9SampleA_Mon_Feb_23_03_41_25_2026,0.03537823259830469,-0.2164462357759475,4.2779725995743965
RADLabs26_Feb23_GrafLab_Clay100%_Group9SampleA_Mon_Feb_23_03_41_25_2026,0.03535221517086029,-0.0771577134728431,4.2779725995743965
RADLabs26_Feb23_GrafLab_Clay100%_Group9SampleA_Mon_Feb_23_03_41_25_2026,0.03535221517086029,-0.0771577134728431,4.2779725995743965
RADLabs26_Feb23_GrafLab_Clay100%_Group9SampleA_Mon_Feb_23_03_41_25_2026,0.03535221517086029,-0.0771577134728431,4.2779725995743965
RADLabs26_Feb23_GrafLab_Clay100%_Group9SampleA_Mon_Feb_23_03_41_25_2026,0.03535221517086029,-0.0771577134728431,4.2779725995743965
RADLabs26_Feb23_GrafLab_Clay100%_Group9SampleA_Mon_Feb_23_03_41_25_2026,0.035367131233215304,0.0012598508037626,4.2779725995743965
RADLabs26_Feb23_GrafLab_Clay100%_Group9SampleA_Mon_Feb_23_03_41_25_2026,0.035367131233215304,0.0012598508037626,4.2779725995743965
RADLabs26_Feb23_GrafLab_Clay100%_Group9SampleA_Mon_Feb_23_03_41_25_2026,0.035367131233215304,0.0012598508037626,4.2779725995743965
RADLabs26_Feb23_GrafLab_Clay100%_Group9SampleA_Mon_Feb_23_03_41_25_2026,0.035367131233215304,0.0012598508037626,4.2779725995743965
RADLabs26_Feb23_GrafLab_Clay100%_Group9SampleA_Mon_Feb_23_03_41_25_2026,0.035367131233215304,0.0012598508037626,4.2779725995743965
RADLabs26_Feb23_GrafLab_Clay100%_Group9SampleA_Mon_Feb_23_03_41_25_2026,0.03541280329227439,0.0437649302184581,4.2779725995743965
RADLabs26_Feb23_GrafLab_Clay100%_Group9SampleA_Mon_Feb_23_03_41_25_2026,0.03541280329227439,0.0437649302184581,4.2779725995743965
RADLabs26_Feb23_GrafLab_Clay100%_Group9SampleA_Mon_Feb_23_03_41_25_2026,0.03541280329227439,0.0437649302184581,4.2779725995743965
RADLabs26_Feb23_GrafLab_Clay100%_Group9SampleA_Mon_Feb_23_03_41_25_2026,0.03541280329227439,0.0437649302184581,4.2779725995743965
RADLabs26_Feb23_GrafLab_Clay100%_Group9SampleA_Mon_Feb_23_03_41_25_2026,0.03541280329227439,0.0437649302184581,4.2779725995743965
RADLabs26_Feb23_GrafLab_Clay100%_Group9SampleA_Mon_Feb_23_03_41_25_2026,0.035448685288429205,0.1018872633576393,4.2779725995743965
RADLabs26_Feb23_GrafLab_Clay100%_Group9SampleA_Mon_Feb_23_03_41_25_2026,0.035448685288429205,0.1018872633576393,4.2779725995743965
RADLabs26_Feb23_GrafLab_Clay100%_Group9SampleA_Mon_Feb_23_03_41_25_2026,0.035448685288429205,0.1018872633576393,4.2779725995743965
RADLabs26_Feb23_GrafLab_Clay100%_Group9SampleA_Mon_Feb_23_03_41_25_2026,0.035448685288429205,0.1018872633576393,4.2779725995743965
RADLabs26_Feb23_GrafLab_Clay100%_Group9SampleA_Mon_Feb_23_03_41_25_2026,0.035448685288429205,0.1018872633576393,4.2779725995743965
RADLabs26_Feb23_GrafLab_Clay100%_Group9SampleA_Mon_Feb_23_03_41_25_2026,0.035448685288429205,0.1018872633576393,4.2779725995743965
RADLabs26_Feb23_GrafLab_Clay100%_Group9SampleA_Mon_Feb_23_03_41_25_2026,0.035519108176231384,0.1084659621119499,4.2779725995743965
RADLabs26_Feb23_GrafLab_Clay100%_Group9SampleA_Mon_Feb_23_03_41_25_2026,0.035519108176231384,0.1084659621119499,4.2779725995743965
RADLabs26_Feb23_GrafLab_Clay100%_Group9SampleA_Mon_Feb_23_03_41_25_2026,0.035519108176231384,0.1084659621119499,4.2779725995743965
RADLabs26_Feb23_GrafLab_Clay100%_Group9SampleA_Mon_Feb_23_03_41_25_2026,0.035519108176231384,0.1084659621119499,4.2779725995743965
RADLabs26_Feb23_GrafLab_Clay100%_Group9SampleA_Mon_Feb_23_03_41_25_2026,0.035519108176231384,0.1084659621119499,4.2779725995743965
RADLabs26_Feb23_GrafLab_Clay100%_Group9SampleA_Mon_Feb_23_03_41_25_2026,0.035590752959251404,0.0475299283862113,4.2779725995743965
RADLabs26_Feb23_GrafLab_Clay100%_Group9SampleA_Mon_Feb_23_03_41_25_2026,0.035590752959251404,0.0475299283862113,4.2779725995743965
RADLabs26_Feb23_GrafLab_Clay100%_Group9SampleA_Mon_Feb_23_03_41_25_2026,0.035590752959251404,0.0475299283862113,4.2779725995743965
RADLabs26_Feb23_GrafLab_Clay100%_Group9SampleA_Mon_Feb_23_03_41_25_2026,0.035590752959251404,0.0475299283862113,4.2779725995743965
RADLabs26_Feb23_GrafLab_Clay100%_Group9SampleA_Mon_Feb_23_03_41_25_2026,0.035590752959251404,0.0475299283862113,4.2779725995743965
RADLabs26_Feb23_GrafLab_Clay100%_Group9SampleA_Mon_Feb_23_03_41_25_2026,0.035590752959251404,0.0475299283862113,4.2779725995743965
RADLabs26_Feb23_GrafLab_Clay100%_Group9SampleA_Mon_Feb_23_03_41_25_2026,0.035590752959251404,0.0475299283862113,4.2779725995743965
RADLabs26_Feb23_GrafLab_Clay100%_Group9SampleA_Mon_Feb_23_03_41_25_2026,0.035697564482688904,0.1337046921253204,4.2779725995743965
RADLabs26_Feb23_GrafLab_Clay100%_Group9SampleA_Mon_Feb_23_03_41_25_2026,0.035697564482688904,0.1337046921253204,4.2779725995743965
RADLabs26_Feb23_GrafLab_Clay100%_Group9SampleA_Mon_Feb_23_03_41_25_2026,0.035697564482688904,0.1337046921253204,4.2779725995743965
RADLabs26_Feb23_GrafLab_Clay100%_Group9SampleA_Mon_Feb_23_03_41_25_2026,0.035697564482688904,0.1337046921253204,4.2779725995743965
RADLabs26_Feb23_GrafLab_Clay100%_Group9SampleA_Mon_Feb_23_03_41_25_2026,0.035697564482688904,0.1337046921253204,4.2779725995743965
RADLabs26_Feb23_GrafLab_Clay100%_Group9SampleA_Mon_Feb_23_03_41_25_2026,0.035697564482688904,0.1337046921253204,4.2779725995743965
RADLabs26_Feb23_GrafLab_Clay100%_Group9SampleA_Mon_Feb_23_03_41_25_2026,0.035697564482688904,0.1337046921253204,4.2779725995743965
RADLabs26_Feb23_GrafLab_Clay100%_Group9SampleA_Mon_Feb_23_03_41_25_2026,0.03577734529972068,0.0487362593412399,4.2779725995743965
RADLabs26_Feb23_GrafLab_Clay100%_Group9SampleA_Mon_Feb_23_03_41_25_2026,0.03577734529972068,0.0487362593412399,4.2779725995743965
RADLabs26_Feb23_GrafLab_Clay100%_Group9SampleA_Mon_Feb_23_03_41_25_2026,0.03577734529972068,0.0487362593412399,4.2779725995743965
RADLabs26_Feb23_GrafLab_Clay100%_Group9SampleA_Mon_Feb_23_03_41_25_2026,0.03577734529972068,0.0487362593412399,4.2779725995743965
RADLabs26_Feb23_GrafLab_Clay100%_Group9SampleA_Mon_Feb_23_03_41_25_2026,0.03577734529972068,0.0487362593412399,4.2779725995743965
RADLabs26_Feb23_GrafLab_Clay100%_Group9SampleA_Mon_Feb_23_03_41_25_2026,0.03577734529972068,0.0487362593412399,4.2779725995743965
RADLabs26_Feb23_GrafLab_Clay100%_Group9SampleA_Mon_Feb_23_03_41_25_2026,0.03586031496524808,0.0843649059534072,4.2779725995743965
RADLabs26_Feb23_GrafLab_Clay100%_Group9SampleA_Mon_Feb_23_03_41_25_2026,0.03586031496524808,0.0843649059534072,4.2779725995743965
RADLabs26_Feb23_GrafLab_Clay100%_Group9SampleA_Mon_Feb_23_03_41_25_2026,0.03586031496524808,0.0843649059534072,4.2779725995743965
RADLabs26_Feb23_GrafLab_Clay100%_Group9SampleA_Mon_Feb_23_03_41_25_2026,0.03586031496524808,0.0843649059534072,4.2779725995743965
RADLabs26_Feb23_GrafLab_Clay100%_Group9SampleA_Mon_Feb_23_03_41_25_2026,0.03586031496524808,0.0843649059534072,4.2779725995743965
RADLabs26_Feb23_GrafLab_Clay100%_Group9SampleA_Mon_Feb_23_03_41_25_2026,0.03586031496524808,0.0843649059534072,4.2779725995743965
RADLabs26_Feb23_GrafLab_Clay100%_Group9SampleA_Mon_Feb_23_03_41_25_2026,0.03593556582927698,0.2029125541448593,4.2779725995743965
RADLabs26_Feb23_GrafLab_Clay100%_Group9SampleA_Mon_Feb_23_03_41_25_2026,0.03593556582927698,0.2029125541448593,4.2779725995743965
RADLabs26_Feb23_GrafLab_Clay100%_Group9SampleA_Mon_Feb_23_03_41_25_2026,0.03593556582927698,0.2029125541448593,4.2779725995743965
RADLabs26_Feb23_GrafLab_Clay100%_Group9SampleA_Mon_Feb_23_03_41_25_2026,0.03593556582927698,0.2029125541448593,4.2779725995743965
RADLabs26_Feb23_GrafLab_Clay100%_Group9SampleA_Mon_Feb_23_03_41_25_2026,0.03593556582927698,0.2029125541448593,4.2779725995743965
RADLabs26_Feb23_GrafLab_Clay100%_Group9SampleA_Mon_Feb_23_03_41_25_2026,0.03593556582927698,0.2029125541448593,4.2779725995743965
RADLabs26_Feb23_GrafLab_Clay100%_Group9SampleA_Mon_Feb_23_03_41_25_2026,0.03601111471652979,0.1169726550579071,4.2779725995743965
RADLabs26_Feb23_GrafLab_Clay100%_Group9SampleA_Mon_Feb_23_03_41_25_2026,0.03601111471652979,0.1169726550579071,4.2779725995743965
RADLabs26_Feb23_GrafLab_Clay100%_Group9SampleA_Mon_Feb_23_03_41_25_2026,0.03601111471652979,0.1169726550579071,4.2779725995743965
RADLabs26_Feb23_GrafLab_Clay100%_Group9SampleA_Mon_Feb_23_03_41_25_2026,0.03601111471652979,0.1169726550579071,4.2779725995743965
RADLabs26_Feb23_GrafLab_Clay100%_Group9SampleA_Mon_Feb_23_03_41_25_2026,0.03601111471652979,0.1169726550579071,4.2779725995743965
RADLabs26_Feb23_GrafLab_Clay100%_Group9SampleA_Mon_Feb_23_03_41_25_2026,0.03601111471652979,0.1169726550579071,4.2779725995743965
RADLabs26_Feb23_GrafLab_Clay100%_Group9SampleA_Mon_Feb_23_03_41_25_2026,0.036169990897178594,0.1358242481946945,4.2779725995743965
RADLabs26_Feb23_GrafLab_Clay100%_Group9SampleA_Mon_Feb_23_03_41_25_2026,0.036169990897178594,0.1358242481946945,4.2779725995743965
RADLabs26_Feb23_GrafLab_Clay100%_Group9SampleA_Mon_Feb_23_03_41_25_2026,0.036169990897178594,0.1358242481946945,4.2779725995743965
RADLabs26_Feb23_GrafLab_Clay100%_Group9SampleA_Mon_Feb_23_03_41_25_2026,0.036169990897178594,0.1358242481946945,4.2779725995743965
RADLabs26_Feb23_GrafLab_Clay100%_Group9SampleA_Mon_Feb_23_03_41_25_2026,0.036169990897178594,0.1358242481946945,4.2779725995743965
RADLabs26_Feb23_GrafLab_Clay100%_Group9SampleA_Mon_Feb_23_03_41_25_2026,0.03628931939601898,0.144461452960968,4.2779725995743965
RADLabs26_Feb23_GrafLab_Clay100%_Group9SampleA_Mon_Feb_23_03_41_25_2026,0.03628931939601898,0.144461452960968,4.2779725995743965
RADLabs26_Feb23_GrafLab_Clay100%_Group9SampleA_Mon_Feb_23_03_41_25_2026,0.03628931939601898,0.144461452960968,4.2779725995743965
RADLabs26_Feb23_GrafLab_Clay100%_Group9SampleA_Mon_Feb_23_03_41_25_2026,0.03628931939601898,0.144461452960968,4.2779725995743965
RADLabs26_Feb23_GrafLab_Clay100%_Group9SampleA_Mon_Feb_23_03_41_25_2026,0.03628931939601898,0.144461452960968,4.2779725995743965
RADLabs26_Feb23_GrafLab_Clay100%_Group9SampleA_Mon_Feb_23_03_41_25_2026,0.036392286419868386,0.1411940455436706,4.2779725995743965
RADLabs26_Feb23_GrafLab_Clay100%_Group9SampleA_Mon_Feb_23_03_41_25_2026,0.036392286419868386,0.1411940455436706,4.2779725995743965
RADLabs26_Feb23_GrafLab_Clay100%_Group9SampleA_Mon_Feb_23_03_41_25_2026,0.036392286419868386,0.1411940455436706,4.2779725995743965
RADLabs26_Feb23_GrafLab_Clay100%_Group9SampleA_Mon_Feb_23_03_41_25_2026,0.036392286419868386,0.1411940455436706,4.2779725995743965
RADLabs26_Feb23_GrafLab_Clay100%_Group9SampleA_Mon_Feb_23_03_41_25_2026,0.036392286419868386,0.1411940455436706,4.2779725995743965
RADLabs26_Feb23_GrafLab_Clay100%_Group9SampleA_Mon_Feb_23_03_41_25_2026,0.03645436465740198,0.1929831653833389,4.2779725995743965
RADLabs26_Feb23_GrafLab_Clay100%_Group9SampleA_Mon_Feb_23_03_41_25_2026,0.03645436465740198,0.1929831653833389,4.2779725995743965
RADLabs26_Feb23_GrafLab_Clay100%_Group9SampleA_Mon_Feb_23_03_41_25_2026,0.03645436465740198,0.1929831653833389,4.2779725995743965
RADLabs26_Feb23_GrafLab_Clay100%_Group9SampleA_Mon_Feb_23_03_41_25_2026,0.03645436465740198,0.1929831653833389,4.2779725995743965
RADLabs26_Feb23_GrafLab_Clay100%_Group9SampleA_Mon_Feb_23_03_41_25_2026,0.03645436465740198,0.1929831653833389,4.2779725995743965
RADLabs26_Feb23_GrafLab_Clay100%_Group9SampleA_Mon_Feb_23_03_41_25_2026,0.036532282829284585,0.200182244181633,4.2779725995743965
RADLabs26_Feb23_GrafLab_Clay100%_Group9SampleA_Mon_Feb_23_03_41_25_2026,0.036532282829284585,0.200182244181633,4.2779725995743965
RADLabs26_Feb23_GrafLab_Clay100%_Group9SampleA_Mon_Feb_23_03_41_25_2026,0.036532282829284585,0.200182244181633,4.2779725995743965
RADLabs26_Feb23_GrafLab_Clay100%_Group9SampleA_Mon_Feb_23_03_41_25_2026,0.036532282829284585,0.200182244181633,4.2779725995743965
RADLabs26_Feb23_GrafLab_Clay100%_Group9SampleA_Mon_Feb_23_03_41_25_2026,0.036532282829284585,0.200182244181633,4.2779725995743965
RADLabs26_Feb23_GrafLab_Clay100%_Group9SampleA_Mon_Feb_23_03_41_25_2026,0.036532282829284585,0.200182244181633,4.2779725995743965
RADLabs26_Feb23_GrafLab_Clay100%_Group9SampleA_Mon_Feb_23_03_41_25_2026,0.0366381555795669,0.1696776300668716,4.2779725995743965
RADLabs26_Feb23_GrafLab_Clay100%_Group9SampleA_Mon_Feb_23_03_41_25_2026,0.0366381555795669,0.1696776300668716,4.2779725995743965
RADLabs26_Feb23_GrafLab_Clay100%_Group9SampleA_Mon_Feb_23_03_41_25_2026,0.0366381555795669,0.1696776300668716,4.2779725995743965
RADLabs26_Feb23_GrafLab_Clay100%_Group9SampleA_Mon_Feb_23_03_41_25_2026,0.0366381555795669,0.1696776300668716,4.2779725995743965
RADLabs26_Feb23_GrafLab_Clay100%_Group9SampleA_Mon_Feb_23_03_41_25_2026,0.0366381555795669,0.1696776300668716,4.2779725995743965
RADLabs26_Feb23_GrafLab_Clay100%_Group9SampleA_Mon_Feb_23_03_41_25_2026,0.036791920661926186,0.108953520655632,4.2779725995743965
RADLabs26_Feb23_GrafLab_Clay100%_Group9SampleA_Mon_Feb_23_03_41_25_2026,0.036791920661926186,0.108953520655632,4.2779725995743965
RADLabs26_Feb23_GrafLab_Clay100%_Group9SampleA_Mon_Feb_23_03_41_25_2026,0.036791920661926186,0.108953520655632,4.2779725995743965
RADLabs26_Feb23_GrafLab_Clay100%_Group9SampleA_Mon_Feb_23_03_41_25_2026,0.036791920661926186,0.108953520655632,4.2779725995743965
RADLabs26_Feb23_GrafLab_Clay100%_Group9SampleA_Mon_Feb_23_03_41_25_2026,0.03690293431282038,0.028103057295084,4.2779725995743965
RADLabs26_Feb23_GrafLab_Clay100%_Group9SampleA_Mon_Feb_23_03_41_25_2026,0.03690293431282038,0.028103057295084,4.2779725995743965
RADLabs26_Feb23_GrafLab_Clay100%_Group9SampleA_Mon_Feb_23_03_41_25_2026,0.03690293431282038,0.028103057295084,4.2779725995743965
RADLabs26_Feb23_GrafLab_Clay100%_Group9SampleA_Mon_Feb_23_03_41_25_2026,0.03690293431282038,0.028103057295084,4.2779725995743965
RADLabs26_Feb23_GrafLab_Clay100%_Group9SampleA_Mon_Feb_23_03_41_25_2026,0.03690293431282038,0.028103057295084,4.2779725995743965
RADLabs26_Feb23_GrafLab_Clay100%_Group9SampleA_Mon_Feb_23_03_41_25_2026,0.03707762062549588,0.0308293439447879,4.2779725995743965
RADLabs26_Feb23_GrafLab_Clay100%_Group9SampleA_Mon_Feb_23_03_41_25_2026,0.03707762062549588,0.0308293439447879,4.2779725995743965
RADLabs26_Feb23_GrafLab_Clay100%_Group9SampleA_Mon_Feb_23_03_41_25_2026,0.03707762062549588,0.0308293439447879,4.2779725995743965
RADLabs26_Feb23_GrafLab_Clay100%_Group9SampleA_Mon_Feb_23_03_41_25_2026,0.03707762062549588,0.0308293439447879,4.2779725995743965
RADLabs26_Feb23_GrafLab_Clay100%_Group9SampleA_Mon_Feb_23_03_41_25_2026,0.03707762062549588,0.0308293439447879,4.2779725995743965
RADLabs26_Feb23_GrafLab_Clay100%_Group9SampleA_Mon_Feb_23_03_41_25_2026,0.03707762062549588,0.0308293439447879,4.2779725995743965
RADLabs26_Feb23_GrafLab_Clay100%_Group9SampleA_Mon_Feb_23_03_41_25_2026,0.037310659885406494,-0.1224664151668548,4.2779725995743965
RADLabs26_Feb23_GrafLab_Clay100%_Group9SampleA_Mon_Feb_23_03_41_25_2026,0.037310659885406494,-0.1224664151668548,4.2779725995743965
RADLabs26_Feb23_GrafLab_Clay100%_Group9SampleA_Mon_Feb_23_03_41_25_2026,0.037310659885406494,-0.1224664151668548,4.2779725995743965
RADLabs26_Feb23_GrafLab_Clay100%_Group9SampleA_Mon_Feb_23_03_41_25_2026,0.037310659885406494,-0.1224664151668548,4.2779725995743965
RADLabs26_Feb23_GrafLab_Clay100%_Group9SampleA_Mon_Feb_23_03_41_25_2026,0.037310659885406494,-0.1224664151668548,4.2779725995743965
RADLabs26_Feb23_GrafLab_Clay100%_Group9SampleA_Mon_Feb_23_03_41_25_2026,0.037310659885406494,-0.1224664151668548,4.2779725995743965
RADLabs26_Feb23_GrafLab_Clay100%_Group9SampleA_Mon_Feb_23_03_41_25_2026,0.037534236907958984,-0.2185730338096618,4.2779725995743965
RADLabs26_Feb23_GrafLab_Clay100%_Group9SampleA_Mon_Feb_23_03_41_25_2026,0.037534236907958984,-0.2185730338096618,4.2779725995743965
RADLabs26_Feb23_GrafLab_Clay100%_Group9SampleA_Mon_Feb_23_03_41_25_2026,0.037534236907958984,-0.2185730338096618,4.2779725995743965
RADLabs26_Feb23_GrafLab_Clay100%_Group9SampleA_Mon_Feb_23_03_41_25_2026,0.037534236907958984,-0.2185730338096618,4.2779725995743965
RADLabs26_Feb23_GrafLab_Clay100%_Group9SampleA_Mon_Feb_23_03_41_25_2026,0.037534236907958984,-0.2185730338096618,4.2779725995743965
RADLabs26_Feb23_GrafLab_Clay100%_Group9SampleA_Mon_Feb_23_03_41_25_2026,0.03761632740497589,-0.1553070545196533,4.2779725995743965
RADLabs26_Feb23_GrafLab_Clay100%_Group9SampleA_Mon_Feb_23_03_41_25_2026,0.03761632740497589,-0.1553070545196533,4.2779725995743965
RADLabs26_Feb23_GrafLab_Clay100%_Group9SampleA_Mon_Feb_23_03_41_25_2026,0.03761632740497589,-0.1553070545196533,4.2779725995743965
RADLabs26_Feb23_GrafLab_Clay100%_Group9SampleA_Mon_Feb_23_03_41_25_2026,0.03761632740497589,-0.1553070545196533,4.2779725995743965
RADLabs26_Feb23_GrafLab_Clay100%_Group9SampleA_Mon_Feb_23_03_41_25_2026,0.03761632740497589,-0.1553070545196533,4.2779725995743965
RADLabs26_Feb23_GrafLab_Clay100%_Group9SampleA_Mon_Feb_23_03_41_25_2026,0.03761632740497589,-0.1553070545196533,4.2779725995743965
RADLabs26_Feb23_GrafLab_Clay100%_Group9SampleA_Mon_Feb_23_03_41_25_2026,0.03762154281139368,-0.1461182087659835,4.2779725995743965
RADLabs26_Feb23_GrafLab_Clay100%_Group9SampleA_Mon_Feb_23_03_41_25_2026,0.03762154281139368,-0.1461182087659835,4.2779725995743965
RADLabs26_Feb23_GrafLab_Clay100%_Group9SampleA_Mon_Feb_23_03_41_25_2026,0.03762154281139368,-0.1461182087659835,4.2779725995743965
RADLabs26_Feb23_GrafLab_Clay100%_Group9SampleA_Mon_Feb_23_03_41_25_2026,0.03762154281139368,-0.1461182087659835,4.2779725995743965
RADLabs26_Feb23_GrafLab_Clay100%_Group9SampleA_Mon_Feb_23_03_41_25_2026,0.03762154281139368,-0.1461182087659835,4.2779725995743965
RADLabs26_Feb23_GrafLab_Clay100%_Group9SampleA_Mon_Feb_23_03_41_25_2026,0.03762154281139368,-0.1461182087659835,4.2779725995743965
RADLabs26_Feb23_GrafLab_Clay100%_Group9SampleA_Mon_Feb_23_03_41_25_2026,0.037639126181602395,0.0212054327130317,4.2779725995743965
RADLabs26_Feb23_GrafLab_Clay100%_Group9SampleA_Mon_Feb_23_03_41_25_2026,0.037639126181602395,0.0212054327130317,4.2779725995743965
RADLabs26_Feb23_GrafLab_Clay100%_Group9SampleA_Mon_Feb_23_03_41_25_2026,0.037639126181602395,0.0212054327130317,4.2779725995743965
RADLabs26_Feb23_GrafLab_Clay100%_Group9SampleA_Mon_Feb_23_03_41_25_2026,0.037639126181602395,0.0212054327130317,4.2779725995743965
RADLabs26_Feb23_GrafLab_Clay100%_Group9SampleA_Mon_Feb_23_03_41_25_2026,0.037639126181602395,0.0212054327130317,4.2779725995743965
RADLabs26_Feb23_GrafLab_Clay100%_Group9SampleA_Mon_Feb_23_03_41_25_2026,0.03766719996929169,0.0825989842414856,4.2779725995743965
RADLabs26_Feb23_GrafLab_Clay100%_Group9SampleA_Mon_Feb_23_03_41_25_2026,0.03766719996929169,0.0825989842414856,4.2779725995743965
RADLabs26_Feb23_GrafLab_Clay100%_Group9SampleA_Mon_Feb_23_03_41_25_2026,0.03766719996929169,0.0825989842414856,4.2779725995743965
RADLabs26_Feb23_GrafLab_Clay100%_Group9SampleA_Mon_Feb_23_03_41_25_2026,0.03766719996929169,0.0825989842414856,4.2779725995743965
RADLabs26_Feb23_GrafLab_Clay100%_Group9SampleA_Mon_Feb_23_03_41_25_2026,0.03766719996929169,0.0825989842414856,4.2779725995743965
RADLabs26_Feb23_GrafLab_Clay100%_Group9SampleA_Mon_Feb_23_03_41_25_2026,0.037735104560851995,0.1251312047243118,4.2779725995743965
RADLabs26_Feb23_GrafLab_Clay100%_Group9SampleA_Mon_Feb_23_03_41_25_2026,0.037735104560851995,0.1251312047243118,4.2779725995743965
RADLabs26_Feb23_GrafLab_Clay100%_Group9SampleA_Mon_Feb_23_03_41_25_2026,0.037735104560851995,0.1251312047243118,4.2779725995743965
RADLabs26_Feb23_GrafLab_Clay100%_Group9SampleA_Mon_Feb_23_03_41_25_2026,0.037735104560851995,0.1251312047243118,4.2779725995743965
RADLabs26_Feb23_GrafLab_Clay100%_Group9SampleA_Mon_Feb_23_03_41_25_2026,0.037735104560851995,0.1251312047243118,4.2779725995743965
RADLabs26_Feb23_GrafLab_Clay100%_Group9SampleA_Mon_Feb_23_03_41_25_2026,0.037735104560851995,0.1251312047243118,4.2779725995743965
RADLabs26_Feb23_GrafLab_Clay100%_Group9SampleA_Mon_Feb_23_03_41_25_2026,0.03778624534606928,0.1598417460918426,4.2779725995743965
RADLabs26_Feb23_GrafLab_Clay100%_Group9SampleA_Mon_Feb_23_03_41_25_2026,0.03778624534606928,0.1598417460918426,4.2779725995743965
RADLabs26_Feb23_GrafLab_Clay100%_Group9SampleA_Mon_Feb_23_03_41_25_2026,0.03778624534606928,0.1598417460918426,4.2779725995743965
RADLabs26_Feb23_GrafLab_Clay100%_Group9SampleA_Mon_Feb_23_03_41_25_2026,0.03778624534606928,0.1598417460918426,4.2779725995743965
RADLabs26_Feb23_GrafLab_Clay100%_Group9SampleA_Mon_Feb_23_03_41_25_2026,0.03778624534606928,0.1598417460918426,4.2779725995743965
RADLabs26_Feb23_GrafLab_Clay100%_Group9SampleA_Mon_Feb_23_03_41_25_2026,0.03778624534606928,0.1598417460918426,4.2779725995743965
RADLabs26_Feb23_GrafLab_Clay100%_Group9SampleA_Mon_Feb_23_03_41_25_2026,0.03781422972679138,0.2285083383321762,4.2779725995743965
RADLabs26_Feb23_GrafLab_Clay100%_Group9SampleA_Mon_Feb_23_03_41_25_2026,0.03781422972679138,0.2285083383321762,4.2779725995743965
RADLabs26_Feb23_GrafLab_Clay100%_Group9SampleA_Mon_Feb_23_03_41_25_2026,0.03781422972679138,0.2285083383321762,4.2779725995743965
RADLabs26_Feb23_GrafLab_Clay100%_Group9SampleA_Mon_Feb_23_03_41_25_2026,0.03781422972679138,0.2285083383321762,4.2779725995743965
RADLabs26_Feb23_GrafLab_Clay100%_Group9SampleA_Mon_Feb_23_03_41_25_2026,0.03781422972679138,0.2285083383321762,4.2779725995743965
RADLabs26_Feb23_GrafLab_Clay100%_Group9SampleA_Mon_Feb_23_03_41_25_2026,0.03784523904323578,0.302409827709198,4.2779725995743965
RADLabs26_Feb23_GrafLab_Clay100%_Group9SampleA_Mon_Feb_23_03_41_25_2026,0.03784523904323578,0.302409827709198,4.2779725995743965
RADLabs26_Feb23_GrafLab_Clay100%_Group9SampleA_Mon_Feb_23_03_41_25_2026,0.03784523904323578,0.302409827709198,4.2779725995743965
RADLabs26_Feb23_GrafLab_Clay100%_Group9SampleA_Mon_Feb_23_03_41_25_2026,0.03784523904323578,0.302409827709198,4.2779725995743965
RADLabs26_Feb23_GrafLab_Clay100%_Group9SampleA_Mon_Feb_23_03_41_25_2026,0.03784523904323578,0.302409827709198,4.2779725995743965
RADLabs26_Feb23_GrafLab_Clay100%_Group9SampleA_Mon_Feb_23_03_41_25_2026,0.0378807187080383,0.3486097157001495,4.2779725995743965
RADLabs26_Feb23_GrafLab_Clay100%_Group9SampleA_Mon_Feb_23_03_41_25_2026,0.0378807187080383,0.3486097157001495,4.2779725995743965
RADLabs26_Feb23_GrafLab_Clay100%_Group9SampleA_Mon_Feb_23_03_41_25_2026,0.0378807187080383,0.3486097157001495,4.2779725995743965
RADLabs26_Feb23_GrafLab_Clay100%_Group9SampleA_Mon_Feb_23_03_41_25_2026,0.0378807187080383,0.3486097157001495,4.2779725995743965
RADLabs26_Feb23_GrafLab_Clay100%_Group9SampleA_Mon_Feb_23_03_41_25_2026,0.0378807187080383,0.3486097157001495,4.2779725995743965
RADLabs26_Feb23_GrafLab_Clay100%_Group9SampleA_Mon_Feb_23_03_41_25_2026,0.0378807187080383,0.3486097157001495,4.2779725995743965
RADLabs26_Feb23_GrafLab_Clay100%_Group9SampleA_Mon_Feb_23_03_41_25_2026,0.037936925888061496,0.3982836306095123,4.2779725995743965
RADLabs26_Feb23_GrafLab_Clay100%_Group9SampleA_Mon_Feb_23_03_41_25_2026,0.037936925888061496,0.3982836306095123,4.2779725995743965
RADLabs26_Feb23_GrafLab_Clay100%_Group9SampleA_Mon_Feb_23_03_41_25_2026,0.037936925888061496,0.3982836306095123,4.2779725995743965
RADLabs26_Feb23_GrafLab_Clay100%_Group9SampleA_Mon_Feb_23_03_41_25_2026,0.037936925888061496,0.3982836306095123,4.2779725995743965
RADLabs26_Feb23_GrafLab_Clay100%_Group9SampleA_Mon_Feb_23_03_41_25_2026,0.037981823086738586,0.4579096436500549,4.2779725995743965
RADLabs26_Feb23_GrafLab_Clay100%_Group9SampleA_Mon_Feb_23_03_41_25_2026,0.037981823086738586,0.4579096436500549,4.2779725995743965
RADLabs26_Feb23_GrafLab_Clay100%_Group9SampleA_Mon_Feb_23_03_41_25_2026,0.037981823086738586,0.4579096436500549,4.2779725995743965
RADLabs26_Feb23_GrafLab_Clay100%_Group9SampleA_Mon_Feb_23_03_41_25_2026,0.037981823086738586,0.4579096436500549,4.2779725995743965
RADLabs26_Feb23_GrafLab_Clay100%_Group9SampleA_Mon_Feb_23_03_41_25_2026,0.037981823086738586,0.4579096436500549,4.2779725995743965
RADLabs26_Feb23_GrafLab_Clay100%_Group9SampleA_Mon_Feb_23_03_41_25_2026,0.03801396489143369,0.5232324004173279,4.2779725995743965
RADLabs26_Feb23_GrafLab_Clay100%_Group9SampleA_Mon_Feb_23_03_41_25_2026,0.03801396489143369,0.5232324004173279,4.2779725995743965
RADLabs26_Feb23_GrafLab_Clay100%_Group9SampleA_Mon_Feb_23_03_41_25_2026,0.03801396489143369,0.5232324004173279,4.2779725995743965
RADLabs26_Feb23_GrafLab_Clay100%_Group9SampleA_Mon_Feb_23_03_41_25_2026,0.03801396489143369,0.5232324004173279,4.2779725995743965
RADLabs26_Feb23_GrafLab_Clay100%_Group9SampleA_Mon_Feb_23_03_41_25_2026,0.03801396489143369,0.5232324004173279,4.2779725995743965
RADLabs26_Feb23_GrafLab_Clay100%_Group9SampleA_Mon_Feb_23_03_41_25_2026,0.03801396489143369,0.5232324004173279,4.2779725995743965
RADLabs26_Feb23_GrafLab_Clay100%_Group9SampleA_Mon_Feb_23_03_41_25_2026,0.03808069229125968,0.5572412610054016,4.2779725995743965
RADLabs26_Feb23_GrafLab_Clay100%_Group9SampleA_Mon_Feb_23_03_41_25_2026,0.03808069229125968,0.5572412610054016,4.2779725995743965
RADLabs26_Feb23_GrafLab_Clay100%_Group9SampleA_Mon_Feb_23_03_41_25_2026,0.03808069229125968,0.5572412610054016,4.2779725995743965
RADLabs26_Feb23_GrafLab_Clay100%_Group9SampleA_Mon_Feb_23_03_41_25_2026,0.03808069229125968,0.5572412610054016,4.2779725995743965
RADLabs26_Feb23_GrafLab_Clay100%_Group9SampleA_Mon_Feb_23_03_41_25_2026,0.03808069229125968,0.5572412610054016,4.2779725995743965
RADLabs26_Feb23_GrafLab_Clay100%_Group9SampleA_Mon_Feb_23_03_41_25_2026,0.03808069229125968,0.5572412610054016,4.2779725995743965
RADLabs26_Feb23_GrafLab_Clay100%_Group9SampleA_Mon_Feb_23_03_41_25_2026,0.03810049593448639,0.6387701034545898,4.2779725995743965
RADLabs26_Feb23_GrafLab_Clay100%_Group9SampleA_Mon_Feb_23_03_41_25_2026,0.03810049593448639,0.6387701034545898,4.2779725995743965
RADLabs26_Feb23_GrafLab_Clay100%_Group9SampleA_Mon_Feb_23_03_41_25_2026,0.03810049593448639,0.6387701034545898,4.2779725995743965
RADLabs26_Feb23_GrafLab_Clay100%_Group9SampleA_Mon_Feb_23_03_41_25_2026,0.03810049593448639,0.6387701034545898,4.2779725995743965
RADLabs26_Feb23_GrafLab_Clay100%_Group9SampleA_Mon_Feb_23_03_41_25_2026,0.03810049593448639,0.6387701034545898,4.2779725995743965
RADLabs26_Feb23_GrafLab_Clay100%_Group9SampleA_Mon_Feb_23_03_41_25_2026,0.03810049593448639,0.6387701034545898,4.2779725995743965
RADLabs26_Feb23_GrafLab_Clay100%_Group9SampleA_Mon_Feb_23_03_41_25_2026,0.03815019130706779,0.6691009402275085,4.2779725995743965
RADLabs26_Feb23_GrafLab_Clay100%_Group9SampleA_Mon_Feb_23_03_41_25_2026,0.03815019130706779,0.6691009402275085,4.2779725995743965
RADLabs26_Feb23_GrafLab_Clay100%_Group9SampleA_Mon_Feb_23_03_41_25_2026,0.03815019130706779,0.6691009402275085,4.2779725995743965
RADLabs26_Feb23_GrafLab_Clay100%_Group9SampleA_Mon_Feb_23_03_41_25_2026,0.03815019130706779,0.6691009402275085,4.2779725995743965
RADLabs26_Feb23_GrafLab_Clay100%_Group9SampleA_Mon_Feb_23_03_41_25_2026,0.03815019130706779,0.6691009402275085,4.2779725995743965
RADLabs26_Feb23_GrafLab_Clay100%_Group9SampleA_Mon_Feb_23_03_41_25_2026,0.03815019130706779,0.6691009402275085,4.2779725995743965
RADLabs26_Feb23_GrafLab_Clay100%_Group9SampleA_Mon_Feb_23_03_41_25_2026,0.03822813928127289,0.6931657195091248,4.2779725995743965
RADLabs26_Feb23_GrafLab_Clay100%_Group9SampleA_Mon_Feb_23_03_41_25_2026,0.03822813928127289,0.6931657195091248,4.2779725995743965
RADLabs26_Feb23_GrafLab_Clay100%_Group9SampleA_Mon_Feb_23_03_41_25_2026,0.03822813928127289,0.6931657195091248,4.2779725995743965
RADLabs26_Feb23_GrafLab_Clay100%_Group9SampleA_Mon_Feb_23_03_41_25_2026,0.03822813928127289,0.6931657195091248,4.2779725995743965
RADLabs26_Feb23_GrafLab_Clay100%_Group9SampleA_Mon_Feb_23_03_41_25_2026,0.03822813928127289,0.6931657195091248,4.2779725995743965
RADLabs26_Feb23_GrafLab_Clay100%_Group9SampleA_Mon_Feb_23_03_41_25_2026,0.038286760449409485,0.6225941181182861,4.2779725995743965
RADLabs26_Feb23_GrafLab_Clay100%_Group9SampleA_Mon_Feb_23_03_41_25_2026,0.038286760449409485,0.6225941181182861,4.2779725995743965
RADLabs26_Feb23_GrafLab_Clay100%_Group9SampleA_Mon_Feb_23_03_41_25_2026,0.038286760449409485,0.6225941181182861,4.2779725995743965
RADLabs26_Feb23_GrafLab_Clay100%_Group9SampleA_Mon_Feb_23_03_41_25_2026,0.038286760449409485,0.6225941181182861,4.2779725995743965
RADLabs26_Feb23_GrafLab_Clay100%_Group9SampleA_Mon_Feb_23_03_41_25_2026,0.038286760449409485,0.6225941181182861,4.2779725995743965
RADLabs26_Feb23_GrafLab_Clay100%_Group9SampleA_Mon_Feb_23_03_41_25_2026,0.038286760449409485,0.6225941181182861,4.2779725995743965
RADLabs26_Feb23_GrafLab_Clay100%_Group9SampleA_Mon_Feb_23_03_41_25_2026,0.038334578275680486,0.7832645773887634,4.2779725995743965
RADLabs26_Feb23_GrafLab_Clay100%_Group9SampleA_Mon_Feb_23_03_41_25_2026,0.038334578275680486,0.7832645773887634,4.2779725995743965
RADLabs26_Feb23_GrafLab_Clay100%_Group9SampleA_Mon_Feb_23_03_41_25_2026,0.038334578275680486,0.7832645773887634,4.2779725995743965
RADLabs26_Feb23_GrafLab_Clay100%_Group9SampleA_Mon_Feb_23_03_41_25_2026,0.038334578275680486,0.7832645773887634,4.2779725995743965
RADLabs26_Feb23_GrafLab_Clay100%_Group9SampleA_Mon_Feb_23_03_41_25_2026,0.038334578275680486,0.7832645773887634,4.2779725995743965
RADLabs26_Feb23_GrafLab_Clay100%_Group9SampleA_Mon_Feb_23_03_41_25_2026,0.03842933475971219,0.7736458778381348,4.2779725995743965
RADLabs26_Feb23_GrafLab_Clay100%_Group9SampleA_Mon_Feb_23_03_41_25_2026,0.03842933475971219,0.7736458778381348,4.2779725995743965
RADLabs26_Feb23_GrafLab_Clay100%_Group9SampleA_Mon_Feb_23_03_41_25_2026,0.03842933475971219,0.7736458778381348,4.2779725995743965
RADLabs26_Feb23_GrafLab_Clay100%_Group9SampleA_Mon_Feb_23_03_41_25_2026,0.03842933475971219,0.7736458778381348,4.2779725995743965
RADLabs26_Feb23_GrafLab_Clay100%_Group9SampleA_Mon_Feb_23_03_41_25_2026,0.03850255906581879,0.8183428049087524,4.2779725995743965
RADLabs26_Feb23_GrafLab_Clay100%_Group9SampleA_Mon_Feb_23_03_41_25_2026,0.03850255906581879,0.8183428049087524,4.2779725995743965
RADLabs26_Feb23_GrafLab_Clay100%_Group9SampleA_Mon_Feb_23_03_41_25_2026,0.03850255906581879,0.8183428049087524,4.2779725995743965
RADLabs26_Feb23_GrafLab_Clay100%_Group9SampleA_Mon_Feb_23_03_41_25_2026,0.03850255906581879,0.8183428049087524,4.2779725995743965
RADLabs26_Feb23_GrafLab_Clay100%_Group9SampleA_Mon_Feb_23_03_41_25_2026,0.03850255906581879,0.8183428049087524,4.2779725995743965
RADLabs26_Feb23_GrafLab_Clay100%_Group9SampleA_Mon_Feb_23_03_41_25_2026,0.03850255906581879,0.8183428049087524,4.2779725995743965
RADLabs26_Feb23_GrafLab_Clay100%_Group9SampleA_Mon_Feb_23_03_41_25_2026,0.0385584831237793,0.8491621613502502,4.2779725995743965
RADLabs26_Feb23_GrafLab_Clay100%_Group9SampleA_Mon_Feb_23_03_41_25_2026,0.0385584831237793,0.8491621613502502,4.2779725995743965
RADLabs26_Feb23_GrafLab_Clay100%_Group9SampleA_Mon_Feb_23_03_41_25_2026,0.0385584831237793,0.8491621613502502,4.2779725995743965
RADLabs26_Feb23_GrafLab_Clay100%_Group9SampleA_Mon_Feb_23_03_41_25_2026,0.0385584831237793,0.8491621613502502,4.2779725995743965
RADLabs26_Feb23_GrafLab_Clay100%_Group9SampleA_Mon_Feb_23_03_41_25_2026,0.0385584831237793,0.8491621613502502,4.2779725995743965
RADLabs26_Feb23_GrafLab_Clay100%_Group9SampleA_Mon_Feb_23_03_41_25_2026,0.0386515855789184,0.8406000733375549,4.2779725995743965
RADLabs26_Feb23_GrafLab_Clay100%_Group9SampleA_Mon_Feb_23_03_41_25_2026,0.0386515855789184,0.8406000733375549,4.2779725995743965
RADLabs26_Feb23_GrafLab_Clay100%_Group9SampleA_Mon_Feb_23_03_41_25_2026,0.0386515855789184,0.8406000733375549,4.2779725995743965
RADLabs26_Feb23_GrafLab_Clay100%_Group9SampleA_Mon_Feb_23_03_41_25_2026,0.0386515855789184,0.8406000733375549,4.2779725995743965
RADLabs26_Feb23_GrafLab_Clay100%_Group9SampleA_Mon_Feb_23_03_41_25_2026,0.0386515855789184,0.8406000733375549,4.2779725995743965
RADLabs26_Feb23_GrafLab_Clay100%_Group9SampleA_Mon_Feb_23_03_41_25_2026,0.03879724442958829,0.7800959348678589,4.2779725995743965
RADLabs26_Feb23_GrafLab_Clay100%_Group9SampleA_Mon_Feb_23_03_41_25_2026,0.03879724442958829,0.7800959348678589,4.2779725995743965
RADLabs26_Feb23_GrafLab_Clay100%_Group9SampleA_Mon_Feb_23_03_41_25_2026,0.03879724442958829,0.7800959348678589,4.2779725995743965
RADLabs26_Feb23_GrafLab_Clay100%_Group9SampleA_Mon_Feb_23_03_41_25_2026,0.03879724442958829,0.7800959348678589,4.2779725995743965
RADLabs26_Feb23_GrafLab_Clay100%_Group9SampleA_Mon_Feb_23_03_41_25_2026,0.03879724442958829,0.7800959348678589,4.2779725995743965
RADLabs26_Feb23_GrafLab_Clay100%_Group9SampleA_Mon_Feb_23_03_41_25_2026,0.03901493549346918,0.6247191429138184,4.2779725995743965
RADLabs26_Feb23_GrafLab_Clay100%_Group9SampleA_Mon_Feb_23_03_41_25_2026,0.03901493549346918,0.6247191429138184,4.2779725995743965
RADLabs26_Feb23_GrafLab_Clay100%_Group9SampleA_Mon_Feb_23_03_41_25_2026,0.03901493549346918,0.6247191429138184,4.2779725995743965
RADLabs26_Feb23_GrafLab_Clay100%_Group9SampleA_Mon_Feb_23_03_41_25_2026,0.03901493549346918,0.6247191429138184,4.2779725995743965
RADLabs26_Feb23_GrafLab_Clay100%_Group9SampleA_Mon_Feb_23_03_41_25_2026,0.039364889264106695,0.3394228816032409,4.2779725995743965
RADLabs26_Feb23_GrafLab_Clay100%_Group9SampleA_Mon_Feb_23_03_41_25_2026,0.039364889264106695,0.3394228816032409,4.2779725995743965
RADLabs26_Feb23_GrafLab_Clay100%_Group9SampleA_Mon_Feb_23_03_41_25_2026,0.039364889264106695,0.3394228816032409,4.2779725995743965
RADLabs26_Feb23_GrafLab_Clay100%_Group9SampleA_Mon_Feb_23_03_41_25_2026,0.039364889264106695,0.3394228816032409,4.2779725995743965
RADLabs26_Feb23_GrafLab_Clay100%_Group9SampleA_Mon_Feb_23_03_41_25_2026,0.039364889264106695,0.3394228816032409,4.2779725995743965
RADLabs26_Feb23_GrafLab_Clay100%_Group9SampleA_Mon_Feb_23_03_41_25_2026,0.039364889264106695,0.3394228816032409,4.2779725995743965
RADLabs26_Feb23_GrafLab_Clay100%_Group9SampleA_Mon_Feb_23_03_41_25_2026,0.03978404402732849,-0.0104048019275069,4.2779725995743965
RADLabs26_Feb23_GrafLab_Clay100%_Group9SampleA_Mon_Feb_23_03_41_25_2026,0.03978404402732849,-0.0104048019275069,4.2779725995743965
RADLabs26_Feb23_GrafLab_Clay100%_Group9SampleA_Mon_Feb_23_03_41_25_2026,0.03978404402732849,-0.0104048019275069,4.2779725995743965
RADLabs26_Feb23_GrafLab_Clay100%_Group9SampleA_Mon_Feb_23_03_41_25_2026,0.03978404402732849,-0.0104048019275069,4.2779725995743965
RADLabs26_Feb23_GrafLab_Clay100%_Group9SampleA_Mon_Feb_23_03_41_25_2026,0.03978404402732849,-0.0104048019275069,4.2779725995743965
RADLabs26_Feb23_GrafLab_Clay100%_Group9SampleA_Mon_Feb_23_03_41_25_2026,0.0404889434576034,-0.5523095726966858,4.2779725995743965
RADLabs26_Feb23_GrafLab_Clay100%_Group9SampleA_Mon_Feb_23_03_41_25_2026,0.0404889434576034,-0.5523095726966858,4.2779725995743965
RADLabs26_Feb23_GrafLab_Clay100%_Group9SampleA_Mon_Feb_23_03_41_25_2026,0.0404889434576034,-0.5523095726966858,4.2779725995743965
RADLabs26_Feb23_GrafLab_Clay100%_Group9SampleA_Mon_Feb_23_03_41_25_2026,0.0404889434576034,-0.5523095726966858,4.2779725995743965
RADLabs26_Feb23_GrafLab_Clay100%_Group9SampleA_Mon_Feb_23_03_41_25_2026,0.0404889434576034,-0.5523095726966858,4.2779725995743965
RADLabs26_Feb23_GrafLab_Clay100%_Group9SampleA_Mon_Feb_23_03_41_25_2026,0.0404889434576034,-0.5523095726966858,4.2779725995743965
RADLabs26_Feb23_GrafLab_Clay100%_Group9SampleA_Mon_Feb_23_03_41_25_2026,0.040559813380241394,-0.3992203176021576,4.2779725995743965
RADLabs26_Feb23_GrafLab_Clay100%_Group9SampleA_Mon_Feb_23_03_41_25_2026,0.040559813380241394,-0.3992203176021576,4.2779725995743965
RADLabs26_Feb23_GrafLab_Clay100%_Group9SampleA_Mon_Feb_23_03_41_25_2026,0.040559813380241394,-0.3992203176021576,4.2779725995743965
RADLabs26_Feb23_GrafLab_Clay100%_Group9SampleA_Mon_Feb_23_03_41_25_2026,0.040559813380241394,-0.3992203176021576,4.2779725995743965
RADLabs26_Feb23_GrafLab_Clay100%_Group9SampleA_Mon_Feb_23_03_41_25_2026,0.040559813380241394,-0.3992203176021576,4.2779725995743965
RADLabs26_Feb23_GrafLab_Clay100%_Group9SampleA_Mon_Feb_23_03_41_25_2026,0.0404736846685409,-0.1637346297502517,4.2779725995743965
RADLabs26_Feb23_GrafLab_Clay100%_Group9SampleA_Mon_Feb_23_03_41_25_2026,0.0404736846685409,-0.1637346297502517,4.2779725995743965
RADLabs26_Feb23_GrafLab_Clay100%_Group9SampleA_Mon_Feb_23_03_41_25_2026,0.0404736846685409,-0.1637346297502517,4.2779725995743965
RADLabs26_Feb23_GrafLab_Clay100%_Group9SampleA_Mon_Feb_23_03_41_25_2026,0.0404736846685409,-0.1637346297502517,4.2779725995743965
RADLabs26_Feb23_GrafLab_Clay100%_Group9SampleA_Mon_Feb_23_03_41_25_2026,0.0404736846685409,-0.1637346297502517,4.2779725995743965
RADLabs26_Feb23_GrafLab_Clay100%_Group9SampleA_Mon_Feb_23_03_41_25_2026,0.040490582585334695,-0.1429489105939865,4.2779725995743965
RADLabs26_Feb23_GrafLab_Clay100%_Group9SampleA_Mon_Feb_23_03_41_25_2026,0.040490582585334695,-0.1429489105939865,4.2779725995743965
RADLabs26_Feb23_GrafLab_Clay100%_Group9SampleA_Mon_Feb_23_03_41_25_2026,0.040490582585334695,-0.1429489105939865,4.2779725995743965
RADLabs26_Feb23_GrafLab_Clay100%_Group9SampleA_Mon_Feb_23_03_41_25_2026,0.040490582585334695,-0.1429489105939865,4.2779725995743965
RADLabs26_Feb23_GrafLab_Clay100%_Group9SampleA_Mon_Feb_23_03_41_25_2026,0.040490582585334695,-0.1429489105939865,4.2779725995743965
RADLabs26_Feb23_GrafLab_Clay100%_Group9SampleA_Mon_Feb_23_03_41_25_2026,0.0404952466487884,-0.0078174797818064,4.2779725995743965
RADLabs26_Feb23_GrafLab_Clay100%_Group9SampleA_Mon_Feb_23_03_41_25_2026,0.0404952466487884,-0.0078174797818064,4.2779725995743965
RADLabs26_Feb23_GrafLab_Clay100%_Group9SampleA_Mon_Feb_23_03_41_25_2026,0.0404952466487884,-0.0078174797818064,4.2779725995743965
RADLabs26_Feb23_GrafLab_Clay100%_Group9SampleA_Mon_Feb_23_03_41_25_2026,0.0404952466487884,-0.0078174797818064,4.2779725995743965
RADLabs26_Feb23_GrafLab_Clay100%_Group9SampleA_Mon_Feb_23_03_41_25_2026,0.0404952466487884,-0.0078174797818064,4.2779725995743965
RADLabs26_Feb23_GrafLab_Clay100%_Group9SampleA_Mon_Feb_23_03_41_25_2026,0.0404952466487884,-0.0078174797818064,4.2779725995743965
RADLabs26_Feb23_GrafLab_Clay100%_Group9SampleA_Mon_Feb_23_03_41_25_2026,0.040489286184310885,0.0729995369911193,4.2779725995743965
RADLabs26_Feb23_GrafLab_Clay100%_Group9SampleA_Mon_Feb_23_03_41_25_2026,0.040489286184310885,0.0729995369911193,4.2779725995743965
RADLabs26_Feb23_GrafLab_Clay100%_Group9SampleA_Mon_Feb_23_03_41_25_2026,0.040489286184310885,0.0729995369911193,4.2779725995743965
RADLabs26_Feb23_GrafLab_Clay100%_Group9SampleA_Mon_Feb_23_03_41_25_2026,0.040489286184310885,0.0729995369911193,4.2779725995743965
RADLabs26_Feb23_GrafLab_Clay100%_Group9SampleA_Mon_Feb_23_03_41_25_2026,0.040489286184310885,0.0729995369911193,4.2779725995743965
RADLabs26_Feb23_GrafLab_Clay100%_Group9SampleA_Mon_Feb_23_03_41_25_2026,0.040515422821044894,0.1360932439565658,4.2779725995743965
RADLabs26_Feb23_GrafLab_Clay100%_Group9SampleA_Mon_Feb_23_03_41_25_2026,0.040515422821044894,0.1360932439565658,4.2779725995743965
RADLabs26_Feb23_GrafLab_Clay100%_Group9SampleA_Mon_Feb_23_03_41_25_2026,0.040515422821044894,0.1360932439565658,4.2779725995743965
RADLabs26_Feb23_GrafLab_Clay100%_Group9SampleA_Mon_Feb_23_03_41_25_2026,0.040515422821044894,0.1360932439565658,4.2779725995743965
RADLabs26_Feb23_GrafLab_Clay100%_Group9SampleA_Mon_Feb_23_03_41_25_2026,0.040515422821044894,0.1360932439565658,4.2779725995743965
RADLabs26_Feb23_GrafLab_Clay100%_Group9SampleA_Mon_Feb_23_03_41_25_2026,0.040515422821044894,0.1360932439565658,4.2779725995743965
RADLabs26_Feb23_GrafLab_Clay100%_Group9SampleA_Mon_Feb_23_03_41_25_2026,0.04054103791713709,0.2155565917491912,4.2779725995743965
RADLabs26_Feb23_GrafLab_Clay100%_Group9SampleA_Mon_Feb_23_03_41_25_2026,0.04054103791713709,0.2155565917491912,4.2779725995743965
RADLabs26_Feb23_GrafLab_Clay100%_Group9SampleA_Mon_Feb_23_03_41_25_2026,0.04054103791713709,0.2155565917491912,4.2779725995743965
RADLabs26_Feb23_GrafLab_Clay100%_Group9SampleA_Mon_Feb_23_03_41_25_2026,0.04054103791713709,0.2155565917491912,4.2779725995743965
RADLabs26_Feb23_GrafLab_Clay100%_Group9SampleA_Mon_Feb_23_03_41_25_2026,0.04054103791713709,0.2155565917491912,4.2779725995743965
RADLabs26_Feb23_GrafLab_Clay100%_Group9SampleA_Mon_Feb_23_03_41_25_2026,0.04054103791713709,0.2155565917491912,4.2779725995743965
RADLabs26_Feb23_GrafLab_Clay100%_Group9SampleA_Mon_Feb_23_03_41_25_2026,0.04054103791713709,0.2155565917491912,4.2779725995743965
RADLabs26_Feb23_GrafLab_Clay100%_Group9SampleA_Mon_Feb_23_03_41_25_2026,0.04054103791713709,0.2155565917491912,4.2779725995743965
RADLabs26_Feb23_GrafLab_Clay100%_Group9SampleA_Mon_Feb_23_03_41_25_2026,0.04054103791713709,0.2155565917491912,4.2779725995743965
RADLabs26_Feb23_GrafLab_Clay100%_Group9SampleA_Mon_Feb_23_03_41_25_2026,0.04054103791713709,0.4084555804729461,4.2779725995743965
RADLabs26_Feb23_GrafLab_Clay100%_Group9SampleA_Mon_Feb_23_03_41_25_2026,0.04054103791713709,0.4084555804729461,4.2779725995743965
RADLabs26_Feb23_GrafLab_Clay100%_Group9SampleA_Mon_Feb_23_03_41_25_2026,0.04054103791713709,0.4084555804729461,4.2779725995743965
RADLabs26_Feb23_GrafLab_Clay100%_Group9SampleA_Mon_Feb_23_03_41_25_2026,0.04054103791713709,0.4084555804729461,4.2779725995743965
RADLabs26_Feb23_GrafLab_Clay100%_Group9SampleA_Mon_Feb_23_03_41_25_2026,0.04061363637447349,0.4137246906757355,4.2779725995743965
RADLabs26_Feb23_GrafLab_Clay100%_Group9SampleA_Mon_Feb_23_03_41_25_2026,0.04061363637447349,0.4137246906757355,4.2779725995743965
RADLabs26_Feb23_GrafLab_Clay100%_Group9SampleA_Mon_Feb_23_03_41_25_2026,0.04061363637447349,0.4137246906757355,4.2779725995743965
RADLabs26_Feb23_GrafLab_Clay100%_Group9SampleA_Mon_Feb_23_03_41_25_2026,0.04061363637447349,0.4137246906757355,4.2779725995743965
RADLabs26_Feb23_GrafLab_Clay100%_Group9SampleA_Mon_Feb_23_03_41_25_2026,0.04061363637447349,0.4137246906757355,4.2779725995743965
RADLabs26_Feb23_GrafLab_Clay100%_Group9SampleA_Mon_Feb_23_03_41_25_2026,0.04061363637447349,0.4137246906757355,4.2779725995743965
RADLabs26_Feb23_GrafLab_Clay100%_Group9SampleA_Mon_Feb_23_03_41_25_2026,0.04064711928367609,0.4842218160629272,4.2779725995743965
RADLabs26_Feb23_GrafLab_Clay100%_Group9SampleA_Mon_Feb_23_03_41_25_2026,0.04064711928367609,0.4842218160629272,4.2779725995743965
RADLabs26_Feb23_GrafLab_Clay100%_Group9SampleA_Mon_Feb_23_03_41_25_2026,0.04064711928367609,0.4842218160629272,4.2779725995743965
RADLabs26_Feb23_GrafLab_Clay100%_Group9SampleA_Mon_Feb_23_03_41_25_2026,0.04064711928367609,0.4842218160629272,4.2779725995743965
RADLabs26_Feb23_GrafLab_Clay100%_Group9SampleA_Mon_Feb_23_03_41_25_2026,0.040643453598022405,0.5992515683174133,4.2779725995743965
RADLabs26_Feb23_GrafLab_Clay100%_Group9SampleA_Mon_Feb_23_03_41_25_2026,0.040643453598022405,0.5992515683174133,4.2779725995743965
RADLabs26_Feb23_GrafLab_Clay100%_Group9SampleA_Mon_Feb_23_03_41_25_2026,0.040643453598022405,0.5992515683174133,4.2779725995743965
RADLabs26_Feb23_GrafLab_Clay100%_Group9SampleA_Mon_Feb_23_03_41_25_2026,0.040643453598022405,0.5992515683174133,4.2779725995743965
RADLabs26_Feb23_GrafLab_Clay100%_Group9SampleA_Mon_Feb_23_03_41_25_2026,0.040643453598022405,0.5992515683174133,4.2779725995743965
RADLabs26_Feb23_GrafLab_Clay100%_Group9SampleA_Mon_Feb_23_03_41_25_2026,0.040643453598022405,0.5992515683174133,4.2779725995743965
RADLabs26_Feb23_GrafLab_Clay100%_Group9SampleA_Mon_Feb_23_03_41_25_2026,0.04069563746452329,0.6332310438156128,4.2779725995743965
RADLabs26_Feb23_GrafLab_Clay100%_Group9SampleA_Mon_Feb_23_03_41_25_2026,0.04069563746452329,0.6332310438156128,4.2779725995743965
RADLabs26_Feb23_GrafLab_Clay100%_Group9SampleA_Mon_Feb_23_03_41_25_2026,0.04069563746452329,0.6332310438156128,4.2779725995743965
RADLabs26_Feb23_GrafLab_Clay100%_Group9SampleA_Mon_Feb_23_03_41_25_2026,0.04069563746452329,0.6332310438156128,4.2779725995743965
RADLabs26_Feb23_GrafLab_Clay100%_Group9SampleA_Mon_Feb_23_03_41_25_2026,0.04069563746452329,0.6332310438156128,4.2779725995743965
RADLabs26_Feb23_GrafLab_Clay100%_Group9SampleA_Mon_Feb_23_03_41_25_2026,0.04069563746452329,0.6332310438156128,4.2779725995743965
RADLabs26_Feb23_GrafLab_Clay100%_Group9SampleA_Mon_Feb_23_03_41_25_2026,0.04075516760349268,0.6664899587631226,4.2779725995743965
RADLabs26_Feb23_GrafLab_Clay100%_Group9SampleA_Mon_Feb_23_03_41_25_2026,0.04075516760349268,0.6664899587631226,4.2779725995743965
RADLabs26_Feb23_GrafLab_Clay100%_Group9SampleA_Mon_Feb_23_03_41_25_2026,0.04075516760349268,0.6664899587631226,4.2779725995743965
RADLabs26_Feb23_GrafLab_Clay100%_Group9SampleA_Mon_Feb_23_03_41_25_2026,0.04075516760349268,0.6664899587631226,4.2779725995743965
RADLabs26_Feb23_GrafLab_Clay100%_Group9SampleA_Mon_Feb_23_03_41_25_2026,0.04075516760349268,0.6664899587631226,4.2779725995743965
RADLabs26_Feb23_GrafLab_Clay100%_Group9SampleA_Mon_Feb_23_03_41_25_2026,0.04078000783920288,0.7456459999084473,4.2779725995743965
RADLabs26_Feb23_GrafLab_Clay100%_Group9SampleA_Mon_Feb_23_03_41_25_2026,0.04078000783920288,0.7456459999084473,4.2779725995743965
RADLabs26_Feb23_GrafLab_Clay100%_Group9SampleA_Mon_Feb_23_03_41_25_2026,0.04078000783920288,0.7456459999084473,4.2779725995743965
RADLabs26_Feb23_GrafLab_Clay100%_Group9SampleA_Mon_Feb_23_03_41_25_2026,0.04078000783920288,0.7456459999084473,4.2779725995743965
RADLabs26_Feb23_GrafLab_Clay100%_Group9SampleA_Mon_Feb_23_03_41_25_2026,0.04078000783920288,0.7456459999084473,4.2779725995743965
RADLabs26_Feb23_GrafLab_Clay100%_Group9SampleA_Mon_Feb_23_03_41_25_2026,0.04078000783920288,0.7456459999084473,4.2779725995743965
RADLabs26_Feb23_GrafLab_Clay100%_Group9SampleA_Mon_Feb_23_03_41_25_2026,0.04079785943031308,0.7369657158851624,4.2779725995743965
RADLabs26_Feb23_GrafLab_Clay100%_Group9SampleA_Mon_Feb_23_03_41_25_2026,0.04079785943031308,0.7369657158851624,4.2779725995743965
RADLabs26_Feb23_GrafLab_Clay100%_Group9SampleA_Mon_Feb_23_03_41_25_2026,0.04079785943031308,0.7369657158851624,4.2779725995743965
RADLabs26_Feb23_GrafLab_Clay100%_Group9SampleA_Mon_Feb_23_03_41_25_2026,0.04079785943031308,0.7369657158851624,4.2779725995743965
RADLabs26_Feb23_GrafLab_Clay100%_Group9SampleA_Mon_Feb_23_03_41_25_2026,0.04079785943031308,0.7369657158851624,4.2779725995743965
RADLabs26_Feb23_GrafLab_Clay100%_Group9SampleA_Mon_Feb_23_03_41_25_2026,0.040877535939216586,0.8226659893989563,4.2779725995743965
RADLabs26_Feb23_GrafLab_Clay100%_Group9SampleA_Mon_Feb_23_03_41_25_2026,0.040877535939216586,0.8226659893989563,4.2779725995743965
RADLabs26_Feb23_GrafLab_Clay100%_Group9SampleA_Mon_Feb_23_03_41_25_2026,0.040877535939216586,0.8226659893989563,4.2779725995743965
RADLabs26_Feb23_GrafLab_Clay100%_Group9SampleA_Mon_Feb_23_03_41_25_2026,0.040877535939216586,0.8226659893989563,4.2779725995743965
RADLabs26_Feb23_GrafLab_Clay100%_Group9SampleA_Mon_Feb_23_03_41_25_2026,0.040877535939216586,0.8226659893989563,4.2779725995743965
RADLabs26_Feb23_GrafLab_Clay100%_Group9SampleA_Mon_Feb_23_03_41_25_2026,0.0409306138753891,0.886485755443573,4.2779725995743965
RADLabs26_Feb23_GrafLab_Clay100%_Group9SampleA_Mon_Feb_23_03_41_25_2026,0.0409306138753891,0.886485755443573,4.2779725995743965
RADLabs26_Feb23_GrafLab_Clay100%_Group9SampleA_Mon_Feb_23_03_41_25_2026,0.0409306138753891,0.886485755443573,4.2779725995743965
RADLabs26_Feb23_GrafLab_Clay100%_Group9SampleA_Mon_Feb_23_03_41_25_2026,0.0409306138753891,0.886485755443573,4.2779725995743965
RADLabs26_Feb23_GrafLab_Clay100%_Group9SampleA_Mon_Feb_23_03_41_25_2026,0.0409306138753891,0.886485755443573,4.2779725995743965
RADLabs26_Feb23_GrafLab_Clay100%_Group9SampleA_Mon_Feb_23_03_41_25_2026,0.04101762175559989,0.8748536109924316,4.2779725995743965
RADLabs26_Feb23_GrafLab_Clay100%_Group9SampleA_Mon_Feb_23_03_41_25_2026,0.04101762175559989,0.8748536109924316,4.2779725995743965
RADLabs26_Feb23_GrafLab_Clay100%_Group9SampleA_Mon_Feb_23_03_41_25_2026,0.04101762175559989,0.8748536109924316,4.2779725995743965
RADLabs26_Feb23_GrafLab_Clay100%_Group9SampleA_Mon_Feb_23_03_41_25_2026,0.04101762175559989,0.8748536109924316,4.2779725995743965
RADLabs26_Feb23_GrafLab_Clay100%_Group9SampleA_Mon_Feb_23_03_41_25_2026,0.04101762175559989,0.8748536109924316,4.2779725995743965
RADLabs26_Feb23_GrafLab_Clay100%_Group9SampleA_Mon_Feb_23_03_41_25_2026,0.04101762175559989,0.8748536109924316,4.2779725995743965
RADLabs26_Feb23_GrafLab_Clay100%_Group9SampleA_Mon_Feb_23_03_41_25_2026,0.041033223271369906,0.9928383231163024,4.2779725995743965
RADLabs26_Feb23_GrafLab_Clay100%_Group9SampleA_Mon_Feb_23_03_41_25_2026,0.041033223271369906,0.9928383231163024,4.2779725995743965
RADLabs26_Feb23_GrafLab_Clay100%_Group9SampleA_Mon_Feb_23_03_41_25_2026,0.041033223271369906,0.9928383231163024,4.2779725995743965
RADLabs26_Feb23_GrafLab_Clay100%_Group9SampleA_Mon_Feb_23_03_41_25_2026,0.041033223271369906,0.9928383231163024,4.2779725995743965
RADLabs26_Feb23_GrafLab_Clay100%_Group9SampleA_Mon_Feb_23_03_41_25_2026,0.041033223271369906,0.9928383231163024,4.2779725995743965
RADLabs26_Feb23_GrafLab_Clay100%_Group9SampleA_Mon_Feb_23_03_41_25_2026,0.04110114276409149,0.998081624507904,4.2779725995743965
RADLabs26_Feb23_GrafLab_Clay100%_Group9SampleA_Mon_Feb_23_03_41_25_2026,0.04110114276409149,0.998081624507904,4.2779725995743965
RADLabs26_Feb23_GrafLab_Clay100%_Group9SampleA_Mon_Feb_23_03_41_25_2026,0.04110114276409149,0.998081624507904,4.2779725995743965
RADLabs26_Feb23_GrafLab_Clay100%_Group9SampleA_Mon_Feb_23_03_41_25_2026,0.04110114276409149,0.998081624507904,4.2779725995743965
RADLabs26_Feb23_GrafLab_Clay100%_Group9SampleA_Mon_Feb_23_03_41_25_2026,0.04110114276409149,0.998081624507904,4.2779725995743965
RADLabs26_Feb23_GrafLab_Clay100%_Group9SampleA_Mon_Feb_23_03_41_25_2026,0.04110114276409149,0.998081624507904,4.2779725995743965
RADLabs26_Feb23_GrafLab_Clay100%_Group9SampleA_Mon_Feb_23_03_41_25_2026,0.04117909073829648,1.0418806076049805,4.2779725995743965
RADLabs26_Feb23_GrafLab_Clay100%_Group9SampleA_Mon_Feb_23_03_41_25_2026,0.04117909073829648,1.0418806076049805,4.2779725995743965
RADLabs26_Feb23_GrafLab_Clay100%_Group9SampleA_Mon_Feb_23_03_41_25_2026,0.04117909073829648,1.0418806076049805,4.2779725995743965
RADLabs26_Feb23_GrafLab_Clay100%_Group9SampleA_Mon_Feb_23_03_41_25_2026,0.04117909073829648,1.0418806076049805,4.2779725995743965
RADLabs26_Feb23_GrafLab_Clay100%_Group9SampleA_Mon_Feb_23_03_41_25_2026,0.04117909073829648,1.0418806076049805,4.2779725995743965
RADLabs26_Feb23_GrafLab_Clay100%_Group9SampleA_Mon_Feb_23_03_41_25_2026,0.041243702173233004,1.0569777488708496,4.2779725995743965
RADLabs26_Feb23_GrafLab_Clay100%_Group9SampleA_Mon_Feb_23_03_41_25_2026,0.041243702173233004,1.0569777488708496,4.2779725995743965
RADLabs26_Feb23_GrafLab_Clay100%_Group9SampleA_Mon_Feb_23_03_41_25_2026,0.041243702173233004,1.0569777488708496,4.2779725995743965
RADLabs26_Feb23_GrafLab_Clay100%_Group9SampleA_Mon_Feb_23_03_41_25_2026,0.041243702173233004,1.0569777488708496,4.2779725995743965
RADLabs26_Feb23_GrafLab_Clay100%_Group9SampleA_Mon_Feb_23_03_41_25_2026,0.041243702173233004,1.0569777488708496,4.2779725995743965
RADLabs26_Feb23_GrafLab_Clay100%_Group9SampleA_Mon_Feb_23_03_41_25_2026,0.041289702057838384,1.094600796699524,4.2779725995743965
RADLabs26_Feb23_GrafLab_Clay100%_Group9SampleA_Mon_Feb_23_03_41_25_2026,0.041289702057838384,1.094600796699524,4.2779725995743965
RADLabs26_Feb23_GrafLab_Clay100%_Group9SampleA_Mon_Feb_23_03_41_25_2026,0.041289702057838384,1.094600796699524,4.2779725995743965
RADLabs26_Feb23_GrafLab_Clay100%_Group9SampleA_Mon_Feb_23_03_41_25_2026,0.041289702057838384,1.094600796699524,4.2779725995743965
RADLabs26_Feb23_GrafLab_Clay100%_Group9SampleA_Mon_Feb_23_03_41_25_2026,0.041289702057838384,1.094600796699524,4.2779725995743965
RADLabs26_Feb23_GrafLab_Clay100%_Group9SampleA_Mon_Feb_23_03_41_25_2026,0.041289702057838384,1.094600796699524,4.2779725995743965
RADLabs26_Feb23_GrafLab_Clay100%_Group9SampleA_Mon_Feb_23_03_41_25_2026,0.04147832095623008,0.9976767301559448,4.2779725995743965
RADLabs26_Feb23_GrafLab_Clay100%_Group9SampleA_Mon_Feb_23_03_41_25_2026,0.04147832095623008,0.9976767301559448,4.2779725995743965
RADLabs26_Feb23_GrafLab_Clay100%_Group9SampleA_Mon_Feb_23_03_41_25_2026,0.04147832095623008,0.9976767301559448,4.2779725995743965
RADLabs26_Feb23_GrafLab_Clay100%_Group9SampleA_Mon_Feb_23_03_41_25_2026,0.04147832095623008,0.9976767301559448,4.2779725995743965
RADLabs26_Feb23_GrafLab_Clay100%_Group9SampleA_Mon_Feb_23_03_41_25_2026,0.04147832095623008,0.9976767301559448,4.2779725995743965
RADLabs26_Feb23_GrafLab_Clay100%_Group9SampleA_Mon_Feb_23_03_41_25_2026,0.04147832095623008,0.9976767301559448,4.2779725995743965
RADLabs26_Feb23_GrafLab_Clay100%_Group9SampleA_Mon_Feb_23_03_41_25_2026,0.0418563187122345,0.6502519845962524,4.2779725995743965
RADLabs26_Feb23_GrafLab_Clay100%_Group9SampleA_Mon_Feb_23_03_41_25_2026,0.0418563187122345,0.6502519845962524,4.2779725995743965
RADLabs26_Feb23_GrafLab_Clay100%_Group9SampleA_Mon_Feb_23_03_41_25_2026,0.0418563187122345,0.6502519845962524,4.2779725995743965
RADLabs26_Feb23_GrafLab_Clay100%_Group9SampleA_Mon_Feb_23_03_41_25_2026,0.0418563187122345,0.6502519845962524,4.2779725995743965
RADLabs26_Feb23_GrafLab_Clay100%_Group9SampleA_Mon_Feb_23_03_41_25_2026,0.0418563187122345,0.6502519845962524,4.2779725995743965
RADLabs26_Feb23_GrafLab_Clay100%_Group9SampleA_Mon_Feb_23_03_41_25_2026,0.0418563187122345,0.6502519845962524,4.2779725995743965
RADLabs26_Feb23_GrafLab_Clay100%_Group9SampleA_Mon_Feb_23_03_41_25_2026,0.042344689369201605,0.0647680237889289,4.2779725995743965
RADLabs26_Feb23_GrafLab_Clay100%_Group9SampleA_Mon_Feb_23_03_41_25_2026,0.042344689369201605,0.0647680237889289,4.2779725995743965
RADLabs26_Feb23_GrafLab_Clay100%_Group9SampleA_Mon_Feb_23_03_41_25_2026,0.042344689369201605,0.0647680237889289,4.2779725995743965
RADLabs26_Feb23_GrafLab_Clay100%_Group9SampleA_Mon_Feb_23_03_41_25_2026,0.042344689369201605,0.0647680237889289,4.2779725995743965
RADLabs26_Feb23_GrafLab_Clay100%_Group9SampleA_Mon_Feb_23_03_41_25_2026,0.042344689369201605,0.0647680237889289,4.2779725995743965
RADLabs26_Feb23_GrafLab_Clay100%_Group9SampleA_Mon_Feb_23_03_41_25_2026,0.042344689369201605,0.0647680237889289,4.2779725995743965
RADLabs26_Feb23_GrafLab_Clay100%_Group9SampleA_Mon_Feb_23_03_41_25_2026,0.04319208860397339,-0.5985409617424011,4.2779725995743965
RADLabs26_Feb23_GrafLab_Clay100%_Group9SampleA_Mon_Feb_23_03_41_25_2026,0.04319208860397339,-0.5985409617424011,4.2779725995743965
RADLabs26_Feb23_GrafLab_Clay100%_Group9SampleA_Mon_Feb_23_03_41_25_2026,0.04319208860397339,-0.5985409617424011,4.2779725995743965
RADLabs26_Feb23_GrafLab_Clay100%_Group9SampleA_Mon_Feb_23_03_41_25_2026,0.04319208860397339,-0.5985409617424011,4.2779725995743965
RADLabs26_Feb23_GrafLab_Clay100%_Group9SampleA_Mon_Feb_23_03_41_25_2026,0.04336866736412048,-0.4177059829235077,4.2779725995743965
RADLabs26_Feb23_GrafLab_Clay100%_Group9SampleA_Mon_Feb_23_03_41_25_2026,0.04336866736412048,-0.4177059829235077,4.2779725995743965
RADLabs26_Feb23_GrafLab_Clay100%_Group9SampleA_Mon_Feb_23_03_41_25_2026,0.04336866736412048,-0.4177059829235077,4.2779725995743965
RADLabs26_Feb23_GrafLab_Clay100%_Group9SampleA_Mon_Feb_23_03_41_25_2026,0.04336866736412048,-0.4177059829235077,4.2779725995743965
RADLabs26_Feb23_GrafLab_Clay100%_Group9SampleA_Mon_Feb_23_03_41_25_2026,0.04336866736412048,-0.4177059829235077,4.2779725995743965
RADLabs26_Feb23_GrafLab_Clay100%_Group9SampleA_Mon_Feb_23_03_41_25_2026,0.04318669438362119,-0.1077629923820495,4.2779725995743965
RADLabs26_Feb23_GrafLab_Clay100%_Group9SampleA_Mon_Feb_23_03_41_25_2026,0.04318669438362119,-0.1077629923820495,4.2779725995743965
RADLabs26_Feb23_GrafLab_Clay100%_Group9SampleA_Mon_Feb_23_03_41_25_2026,0.04318669438362119,-0.1077629923820495,4.2779725995743965
RADLabs26_Feb23_GrafLab_Clay100%_Group9SampleA_Mon_Feb_23_03_41_25_2026,0.04318669438362119,-0.1077629923820495,4.2779725995743965
RADLabs26_Feb23_GrafLab_Clay100%_Group9SampleA_Mon_Feb_23_03_41_25_2026,0.04318669438362119,-0.1077629923820495,4.2779725995743965
RADLabs26_Feb23_GrafLab_Clay100%_Group9SampleA_Mon_Feb_23_03_41_25_2026,0.04318669438362119,-0.1077629923820495,4.2779725995743965
RADLabs26_Feb23_GrafLab_Clay100%_Group9SampleA_Mon_Feb_23_03_41_25_2026,0.04323151707649228,-0.1137280464172363,4.2779725995743965
RADLabs26_Feb23_GrafLab_Clay100%_Group9SampleA_Mon_Feb_23_03_41_25_2026,0.04323151707649228,-0.1137280464172363,4.2779725995743965
RADLabs26_Feb23_GrafLab_Clay100%_Group9SampleA_Mon_Feb_23_03_41_25_2026,0.04323151707649228,-0.1137280464172363,4.2779725995743965
RADLabs26_Feb23_GrafLab_Clay100%_Group9SampleA_Mon_Feb_23_03_41_25_2026,0.04323151707649228,-0.1137280464172363,4.2779725995743965
RADLabs26_Feb23_GrafLab_Clay100%_Group9SampleA_Mon_Feb_23_03_41_25_2026,0.04323151707649228,-0.1137280464172363,4.2779725995743965
RADLabs26_Feb23_GrafLab_Clay100%_Group9SampleA_Mon_Feb_23_03_41_25_2026,0.043242141604423495,0.0175293367356061,4.2779725995743965
RADLabs26_Feb23_GrafLab_Clay100%_Group9SampleA_Mon_Feb_23_03_41_25_2026,0.043242141604423495,0.0175293367356061,4.2779725995743965
RADLabs26_Feb23_GrafLab_Clay100%_Group9SampleA_Mon_Feb_23_03_41_25_2026,0.043242141604423495,0.0175293367356061,4.2779725995743965
RADLabs26_Feb23_GrafLab_Clay100%_Group9SampleA_Mon_Feb_23_03_41_25_2026,0.043242141604423495,0.0175293367356061,4.2779725995743965
RADLabs26_Feb23_GrafLab_Clay100%_Group9SampleA_Mon_Feb_23_03_41_25_2026,0.043242141604423495,0.0175293367356061,4.2779725995743965
RADLabs26_Feb23_GrafLab_Clay100%_Group9SampleA_Mon_Feb_23_03_41_25_2026,0.043242141604423495,0.0175293367356061,4.2779725995743965
RADLabs26_Feb23_GrafLab_Clay100%_Group9SampleA_Mon_Feb_23_03_41_25_2026,0.043242141604423495,0.1155662611126899,4.2779725995743965
RADLabs26_Feb23_GrafLab_Clay100%_Group9SampleA_Mon_Feb_23_03_41_25_2026,0.043242141604423495,0.1155662611126899,4.2779725995743965
RADLabs26_Feb23_GrafLab_Clay100%_Group9SampleA_Mon_Feb_23_03_41_25_2026,0.043242141604423495,0.1155662611126899,4.2779725995743965
RADLabs26_Feb23_GrafLab_Clay100%_Group9SampleA_Mon_Feb_23_03_41_25_2026,0.043242141604423495,0.1155662611126899,4.2779725995743965
RADLabs26_Feb23_GrafLab_Clay100%_Group9SampleA_Mon_Feb_23_03_41_25_2026,0.043242141604423495,0.1155662611126899,4.2779725995743965
RADLabs26_Feb23_GrafLab_Clay100%_Group9SampleA_Mon_Feb_23_03_41_25_2026,0.043242141604423495,0.1155662611126899,4.2779725995743965
RADLabs26_Feb23_GrafLab_Clay100%_Group9SampleA_Mon_Feb_23_03_41_25_2026,0.043242141604423495,0.1155662611126899,4.2779725995743965
RADLabs26_Feb23_GrafLab_Clay100%_Group9SampleA_Mon_Feb_23_03_41_25_2026,0.043242141604423495,0.2122895568609237,4.2779725995743965
RADLabs26_Feb23_GrafLab_Clay100%_Group9SampleA_Mon_Feb_23_03_41_25_2026,0.043242141604423495,0.2122895568609237,4.2779725995743965
RADLabs26_Feb23_GrafLab_Clay100%_Group9SampleA_Mon_Feb_23_03_41_25_2026,0.043242141604423495,0.2122895568609237,4.2779725995743965
RADLabs26_Feb23_GrafLab_Clay100%_Group9SampleA_Mon_Feb_23_03_41_25_2026,0.043242141604423495,0.2122895568609237,4.2779725995743965
RADLabs26_Feb23_GrafLab_Clay100%_Group9SampleA_Mon_Feb_23_03_41_25_2026,0.043242141604423495,0.2122895568609237,4.2779725995743965
RADLabs26_Feb23_GrafLab_Clay100%_Group9SampleA_Mon_Feb_23_03_41_25_2026,0.043242141604423495,0.2122895568609237,4.2779725995743965
RADLabs26_Feb23_GrafLab_Clay100%_Group9SampleA_Mon_Feb_23_03_41_25_2026,0.043258547782897894,0.2863777577877044,4.2779725995743965
RADLabs26_Feb23_GrafLab_Clay100%_Group9SampleA_Mon_Feb_23_03_41_25_2026,0.043258547782897894,0.2863777577877044,4.2779725995743965
RADLabs26_Feb23_GrafLab_Clay100%_Group9SampleA_Mon_Feb_23_03_41_25_2026,0.043258547782897894,0.2863777577877044,4.2779725995743965
RADLabs26_Feb23_GrafLab_Clay100%_Group9SampleA_Mon_Feb_23_03_41_25_2026,0.043258547782897894,0.2863777577877044,4.2779725995743965
RADLabs26_Feb23_GrafLab_Clay100%_Group9SampleA_Mon_Feb_23_03_41_25_2026,0.043258547782897894,0.2863777577877044,4.2779725995743965
RADLabs26_Feb23_GrafLab_Clay100%_Group9SampleA_Mon_Feb_23_03_41_25_2026,0.043258547782897894,0.2863777577877044,4.2779725995743965
RADLabs26_Feb23_GrafLab_Clay100%_Group9SampleA_Mon_Feb_23_03_41_25_2026,0.043258547782897894,0.3913674354553222,4.2779725995743965
RADLabs26_Feb23_GrafLab_Clay100%_Group9SampleA_Mon_Feb_23_03_41_25_2026,0.043258547782897894,0.3913674354553222,4.2779725995743965
RADLabs26_Feb23_GrafLab_Clay100%_Group9SampleA_Mon_Feb_23_03_41_25_2026,0.043258547782897894,0.3913674354553222,4.2779725995743965
RADLabs26_Feb23_GrafLab_Clay100%_Group9SampleA_Mon_Feb_23_03_41_25_2026,0.043258547782897894,0.3913674354553222,4.2779725995743965
RADLabs26_Feb23_GrafLab_Clay100%_Group9SampleA_Mon_Feb_23_03_41_25_2026,0.043258547782897894,0.3913674354553222,4.2779725995743965
RADLabs26_Feb23_GrafLab_Clay100%_Group9SampleA_Mon_Feb_23_03_41_25_2026,0.043258547782897894,0.3913674354553222,4.2779725995743965
RADLabs26_Feb23_GrafLab_Clay100%_Group9SampleA_Mon_Feb_23_03_41_25_2026,0.043258547782897894,0.4889813363552093,4.2779725995743965
RADLabs26_Feb23_GrafLab_Clay100%_Group9SampleA_Mon_Feb_23_03_41_25_2026,0.043258547782897894,0.4889813363552093,4.2779725995743965
RADLabs26_Feb23_GrafLab_Clay100%_Group9SampleA_Mon_Feb_23_03_41_25_2026,0.043258547782897894,0.4889813363552093,4.2779725995743965
RADLabs26_Feb23_GrafLab_Clay100%_Group9SampleA_Mon_Feb_23_03_41_25_2026,0.043258547782897894,0.4889813363552093,4.2779725995743965
RADLabs26_Feb23_GrafLab_Clay100%_Group9SampleA_Mon_Feb_23_03_41_25_2026,0.043258547782897894,0.4889813363552093,4.2779725995743965
RADLabs26_Feb23_GrafLab_Clay100%_Group9SampleA_Mon_Feb_23_03_41_25_2026,0.043258547782897894,0.4889813363552093,4.2779725995743965
RADLabs26_Feb23_GrafLab_Clay100%_Group9SampleA_Mon_Feb_23_03_41_25_2026,0.043258547782897894,0.4889813363552093,4.2779725995743965
RADLabs26_Feb23_GrafLab_Clay100%_Group9SampleA_Mon_Feb_23_03_41_25_2026,0.04329024255275718,0.5473157167434692,4.2779725995743965
RADLabs26_Feb23_GrafLab_Clay100%_Group9SampleA_Mon_Feb_23_03_41_25_2026,0.04329024255275718,0.5473157167434692,4.2779725995743965
RADLabs26_Feb23_GrafLab_Clay100%_Group9SampleA_Mon_Feb_23_03_41_25_2026,0.04329024255275718,0.5473157167434692,4.2779725995743965
RADLabs26_Feb23_GrafLab_Clay100%_Group9SampleA_Mon_Feb_23_03_41_25_2026,0.04329024255275718,0.5473157167434692,4.2779725995743965
RADLabs26_Feb23_GrafLab_Clay100%_Group9SampleA_Mon_Feb_23_03_41_25_2026,0.04329024255275718,0.5473157167434692,4.2779725995743965
RADLabs26_Feb23_GrafLab_Clay100%_Group9SampleA_Mon_Feb_23_03_41_25_2026,0.04329024255275718,0.5473157167434692,4.2779725995743965
RADLabs26_Feb23_GrafLab_Clay100%_Group9SampleA_Mon_Feb_23_03_41_25_2026,0.04329024255275718,0.5473157167434692,4.2779725995743965
RADLabs26_Feb23_GrafLab_Clay100%_Group9SampleA_Mon_Feb_23_03_41_25_2026,0.043309807777404785,0.6257854104042053,4.2779725995743965
RADLabs26_Feb23_GrafLab_Clay100%_Group9SampleA_Mon_Feb_23_03_41_25_2026,0.043309807777404785,0.6257854104042053,4.2779725995743965
RADLabs26_Feb23_GrafLab_Clay100%_Group9SampleA_Mon_Feb_23_03_41_25_2026,0.043309807777404785,0.6257854104042053,4.2779725995743965
RADLabs26_Feb23_GrafLab_Clay100%_Group9SampleA_Mon_Feb_23_03_41_25_2026,0.043309807777404785,0.6257854104042053,4.2779725995743965
RADLabs26_Feb23_GrafLab_Clay100%_Group9SampleA_Mon_Feb_23_03_41_25_2026,0.043309807777404785,0.6257854104042053,4.2779725995743965
RADLabs26_Feb23_GrafLab_Clay100%_Group9SampleA_Mon_Feb_23_03_41_25_2026,0.043309807777404785,0.6257854104042053,4.2779725995743965
RADLabs26_Feb23_GrafLab_Clay100%_Group9SampleA_Mon_Feb_23_03_41_25_2026,0.0433649867773056,0.6539841294288635,4.2779725995743965
RADLabs26_Feb23_GrafLab_Clay100%_Group9SampleA_Mon_Feb_23_03_41_25_2026,0.0433649867773056,0.6539841294288635,4.2779725995743965
RADLabs26_Feb23_GrafLab_Clay100%_Group9SampleA_Mon_Feb_23_03_41_25_2026,0.0433649867773056,0.6539841294288635,4.2779725995743965
RADLabs26_Feb23_GrafLab_Clay100%_Group9SampleA_Mon_Feb_23_03_41_25_2026,0.0433649867773056,0.6539841294288635,4.2779725995743965
RADLabs26_Feb23_GrafLab_Clay100%_Group9SampleA_Mon_Feb_23_03_41_25_2026,0.0433649867773056,0.6539841294288635,4.2779725995743965
RADLabs26_Feb23_GrafLab_Clay100%_Group9SampleA_Mon_Feb_23_03_41_25_2026,0.0433649867773056,0.6539841294288635,4.2779725995743965
RADLabs26_Feb23_GrafLab_Clay100%_Group9SampleA_Mon_Feb_23_03_41_25_2026,0.0433649867773056,0.6539841294288635,4.2779725995743965
RADLabs26_Feb23_GrafLab_Clay100%_Group9SampleA_Mon_Feb_23_03_41_25_2026,0.043360471725463784,0.7796033620834351,4.2779725995743965
RADLabs26_Feb23_GrafLab_Clay100%_Group9SampleA_Mon_Feb_23_03_41_25_2026,0.043360471725463784,0.7796033620834351,4.2779725995743965
RADLabs26_Feb23_GrafLab_Clay100%_Group9SampleA_Mon_Feb_23_03_41_25_2026,0.043360471725463784,0.7796033620834351,4.2779725995743965
RADLabs26_Feb23_GrafLab_Clay100%_Group9SampleA_Mon_Feb_23_03_41_25_2026,0.043360471725463784,0.7796033620834351,4.2779725995743965
RADLabs26_Feb23_GrafLab_Clay100%_Group9SampleA_Mon_Feb_23_03_41_25_2026,0.043360471725463784,0.7796033620834351,4.2779725995743965
RADLabs26_Feb23_GrafLab_Clay100%_Group9SampleA_Mon_Feb_23_03_41_25_2026,0.043360471725463784,0.7796033620834351,4.2779725995743965
RADLabs26_Feb23_GrafLab_Clay100%_Group9SampleA_Mon_Feb_23_03_41_25_2026,0.043431788682937594,0.791159451007843,4.2779725995743965
RADLabs26_Feb23_GrafLab_Clay100%_Group9SampleA_Mon_Feb_23_03_41_25_2026,0.043431788682937594,0.791159451007843,4.2779725995743965
RADLabs26_Feb23_GrafLab_Clay100%_Group9SampleA_Mon_Feb_23_03_41_25_2026,0.043431788682937594,0.791159451007843,4.2779725995743965
RADLabs26_Feb23_GrafLab_Clay100%_Group9SampleA_Mon_Feb_23_03_41_25_2026,0.043431788682937594,0.791159451007843,4.2779725995743965
RADLabs26_Feb23_GrafLab_Clay100%_Group9SampleA_Mon_Feb_23_03_41_25_2026,0.043431788682937594,0.791159451007843,4.2779725995743965
RADLabs26_Feb23_GrafLab_Clay100%_Group9SampleA_Mon_Feb_23_03_41_25_2026,0.043431788682937594,0.791159451007843,4.2779725995743965
RADLabs26_Feb23_GrafLab_Clay100%_Group9SampleA_Mon_Feb_23_03_41_25_2026,0.043431788682937594,0.791159451007843,4.2779725995743965
RADLabs26_Feb23_GrafLab_Clay100%_Group9SampleA_Mon_Feb_23_03_41_25_2026,0.04348963499069208,0.832804799079895,4.2779725995743965
RADLabs26_Feb23_GrafLab_Clay100%_Group9SampleA_Mon_Feb_23_03_41_25_2026,0.04348963499069208,0.832804799079895,4.2779725995743965
RADLabs26_Feb23_GrafLab_Clay100%_Group9SampleA_Mon_Feb_23_03_41_25_2026,0.04348963499069208,0.832804799079895,4.2779725995743965
RADLabs26_Feb23_GrafLab_Clay100%_Group9SampleA_Mon_Feb_23_03_41_25_2026,0.04348963499069208,0.832804799079895,4.2779725995743965
RADLabs26_Feb23_GrafLab_Clay100%_Group9SampleA_Mon_Feb_23_03_41_25_2026,0.04348963499069208,0.832804799079895,4.2779725995743965
RADLabs26_Feb23_GrafLab_Clay100%_Group9SampleA_Mon_Feb_23_03_41_25_2026,0.04348963499069208,0.832804799079895,4.2779725995743965
RADLabs26_Feb23_GrafLab_Clay100%_Group9SampleA_Mon_Feb_23_03_41_25_2026,0.04348963499069208,0.832804799079895,4.2779725995743965
RADLabs26_Feb23_GrafLab_Clay100%_Group9SampleA_Mon_Feb_23_03_41_25_2026,0.04351092875003809,0.91737562417984,4.2779725995743965
RADLabs26_Feb23_GrafLab_Clay100%_Group9SampleA_Mon_Feb_23_03_41_25_2026,0.04351092875003809,0.91737562417984,4.2779725995743965
RADLabs26_Feb23_GrafLab_Clay100%_Group9SampleA_Mon_Feb_23_03_41_25_2026,0.04351092875003809,0.91737562417984,4.2779725995743965
RADLabs26_Feb23_GrafLab_Clay100%_Group9SampleA_Mon_Feb_23_03_41_25_2026,0.04351092875003809,0.91737562417984,4.2779725995743965
RADLabs26_Feb23_GrafLab_Clay100%_Group9SampleA_Mon_Feb_23_03_41_25_2026,0.04351092875003809,0.91737562417984,4.2779725995743965
RADLabs26_Feb23_GrafLab_Clay100%_Group9SampleA_Mon_Feb_23_03_41_25_2026,0.04351092875003809,0.91737562417984,4.2779725995743965
RADLabs26_Feb23_GrafLab_Clay100%_Group9SampleA_Mon_Feb_23_03_41_25_2026,0.04353857040405268,0.9809576869010924,4.2779725995743965
RADLabs26_Feb23_GrafLab_Clay100%_Group9SampleA_Mon_Feb_23_03_41_25_2026,0.04353857040405268,0.9809576869010924,4.2779725995743965
RADLabs26_Feb23_GrafLab_Clay100%_Group9SampleA_Mon_Feb_23_03_41_25_2026,0.04353857040405268,0.9809576869010924,4.2779725995743965
RADLabs26_Feb23_GrafLab_Clay100%_Group9SampleA_Mon_Feb_23_03_41_25_2026,0.04353857040405268,0.9809576869010924,4.2779725995743965
RADLabs26_Feb23_GrafLab_Clay100%_Group9SampleA_Mon_Feb_23_03_41_25_2026,0.04353857040405268,0.9809576869010924,4.2779725995743965
RADLabs26_Feb23_GrafLab_Clay100%_Group9SampleA_Mon_Feb_23_03_41_25_2026,0.04368871450424189,0.9000474214553833,4.2779725995743965
RADLabs26_Feb23_GrafLab_Clay100%_Group9SampleA_Mon_Feb_23_03_41_25_2026,0.04368871450424189,0.9000474214553833,4.2779725995743965
RADLabs26_Feb23_GrafLab_Clay100%_Group9SampleA_Mon_Feb_23_03_41_25_2026,0.04368871450424189,0.9000474214553833,4.2779725995743965
RADLabs26_Feb23_GrafLab_Clay100%_Group9SampleA_Mon_Feb_23_03_41_25_2026,0.04368871450424189,0.9000474214553833,4.2779725995743965
RADLabs26_Feb23_GrafLab_Clay100%_Group9SampleA_Mon_Feb_23_03_41_25_2026,0.04368871450424189,0.9000474214553833,4.2779725995743965
RADLabs26_Feb23_GrafLab_Clay100%_Group9SampleA_Mon_Feb_23_03_41_25_2026,0.04368871450424189,0.9000474214553833,4.2779725995743965
RADLabs26_Feb23_GrafLab_Clay100%_Group9SampleA_Mon_Feb_23_03_41_25_2026,0.043715253472328186,1.0179662704467771,4.2779725995743965
RADLabs26_Feb23_GrafLab_Clay100%_Group9SampleA_Mon_Feb_23_03_41_25_2026,0.043715253472328186,1.0179662704467771,4.2779725995743965
RADLabs26_Feb23_GrafLab_Clay100%_Group9SampleA_Mon_Feb_23_03_41_25_2026,0.043715253472328186,1.0179662704467771,4.2779725995743965
RADLabs26_Feb23_GrafLab_Clay100%_Group9SampleA_Mon_Feb_23_03_41_25_2026,0.043715253472328186,1.0179662704467771,4.2779725995743965
RADLabs26_Feb23_GrafLab_Clay100%_Group9SampleA_Mon_Feb_23_03_41_25_2026,0.043715253472328186,1.0179662704467771,4.2779725995743965
RADLabs26_Feb23_GrafLab_Clay100%_Group9SampleA_Mon_Feb_23_03_41_25_2026,0.043715253472328186,1.0179662704467771,4.2779725995743965
RADLabs26_Feb23_GrafLab_Clay100%_Group9SampleA_Mon_Feb_23_03_41_25_2026,0.043719932436943,1.115850806236267,4.2779725995743965
RADLabs26_Feb23_GrafLab_Clay100%_Group9SampleA_Mon_Feb_23_03_41_25_2026,0.043719932436943,1.115850806236267,4.2779725995743965
RADLabs26_Feb23_GrafLab_Clay100%_Group9SampleA_Mon_Feb_23_03_41_25_2026,0.043719932436943,1.115850806236267,4.2779725995743965
RADLabs26_Feb23_GrafLab_Clay100%_Group9SampleA_Mon_Feb_23_03_41_25_2026,0.043719932436943,1.115850806236267,4.2779725995743965
RADLabs26_Feb23_GrafLab_Clay100%_Group9SampleA_Mon_Feb_23_03_41_25_2026,0.043719932436943,1.115850806236267,4.2779725995743965
RADLabs26_Feb23_GrafLab_Clay100%_Group9SampleA_Mon_Feb_23_03_41_25_2026,0.043719932436943,1.115850806236267,4.2779725995743965
RADLabs26_Feb23_GrafLab_Clay100%_Group9SampleA_Mon_Feb_23_03_41_25_2026,0.043719932436943,1.115850806236267,4.2779725995743965
RADLabs26_Feb23_GrafLab_Clay100%_Group9SampleA_Mon_Feb_23_03_41_25_2026,0.04382841289043418,1.0919450521469116,4.2779725995743965
RADLabs26_Feb23_GrafLab_Clay100%_Group9SampleA_Mon_Feb_23_03_41_25_2026,0.04382841289043418,1.0919450521469116,4.2779725995743965
RADLabs26_Feb23_GrafLab_Clay100%_Group9SampleA_Mon_Feb_23_03_41_25_2026,0.04382841289043418,1.0919450521469116,4.2779725995743965
RADLabs26_Feb23_GrafLab_Clay100%_Group9SampleA_Mon_Feb_23_03_41_25_2026,0.04382841289043418,1.0919450521469116,4.2779725995743965
RADLabs26_Feb23_GrafLab_Clay100%_Group9SampleA_Mon_Feb_23_03_41_25_2026,0.04382841289043418,1.0919450521469116,4.2779725995743965
RADLabs26_Feb23_GrafLab_Clay100%_Group9SampleA_Mon_Feb_23_03_41_25_2026,0.04382841289043418,1.0919450521469116,4.2779725995743965
RADLabs26_Feb23_GrafLab_Clay100%_Group9SampleA_Mon_Feb_23_03_41_25_2026,0.04382841289043418,1.0919450521469116,4.2779725995743965
RADLabs26_Feb23_GrafLab_Clay100%_Group9SampleA_Mon_Feb_23_03_41_25_2026,0.043924078345298684,1.0933787822723389,4.2779725995743965
RADLabs26_Feb23_GrafLab_Clay100%_Group9SampleA_Mon_Feb_23_03_41_25_2026,0.043924078345298684,1.0933787822723389,4.2779725995743965
RADLabs26_Feb23_GrafLab_Clay100%_Group9SampleA_Mon_Feb_23_03_41_25_2026,0.043924078345298684,1.0933787822723389,4.2779725995743965
RADLabs26_Feb23_GrafLab_Clay100%_Group9SampleA_Mon_Feb_23_03_41_25_2026,0.043924078345298684,1.0933787822723389,4.2779725995743965
RADLabs26_Feb23_GrafLab_Clay100%_Group9SampleA_Mon_Feb_23_03_41_25_2026,0.043924078345298684,1.0933787822723389,4.2779725995743965
RADLabs26_Feb23_GrafLab_Clay100%_Group9SampleA_Mon_Feb_23_03_41_25_2026,0.043924078345298684,1.0933787822723389,4.2779725995743965
RADLabs26_Feb23_GrafLab_Clay100%_Group9SampleA_Mon_Feb_23_03_41_25_2026,0.044019415974617004,1.0637351274490356,4.2779725995743965
RADLabs26_Feb23_GrafLab_Clay100%_Group9SampleA_Mon_Feb_23_03_41_25_2026,0.044019415974617004,1.0637351274490356,4.2779725995743965
RADLabs26_Feb23_GrafLab_Clay100%_Group9SampleA_Mon_Feb_23_03_41_25_2026,0.044019415974617004,1.0637351274490356,4.2779725995743965
RADLabs26_Feb23_GrafLab_Clay100%_Group9SampleA_Mon_Feb_23_03_41_25_2026,0.044019415974617004,1.0637351274490356,4.2779725995743965
RADLabs26_Feb23_GrafLab_Clay100%_Group9SampleA_Mon_Feb_23_03_41_25_2026,0.044019415974617004,1.0637351274490356,4.2779725995743965
RADLabs26_Feb23_GrafLab_Clay100%_Group9SampleA_Mon_Feb_23_03_41_25_2026,0.044019415974617004,1.0637351274490356,4.2779725995743965
RADLabs26_Feb23_GrafLab_Clay100%_Group9SampleA_Mon_Feb_23_03_41_25_2026,0.04415294528007499,1.0300596952438354,4.2779725995743965
RADLabs26_Feb23_GrafLab_Clay100%_Group9SampleA_Mon_Feb_23_03_41_25_2026,0.04415294528007499,1.0300596952438354,4.2779725995743965
RADLabs26_Feb23_GrafLab_Clay100%_Group9SampleA_Mon_Feb_23_03_41_25_2026,0.04415294528007499,1.0300596952438354,4.2779725995743965
RADLabs26_Feb23_GrafLab_Clay100%_Group9SampleA_Mon_Feb_23_03_41_25_2026,0.04415294528007499,1.0300596952438354,4.2779725995743965
RADLabs26_Feb23_GrafLab_Clay100%_Group9SampleA_Mon_Feb_23_03_41_25_2026,0.04415294528007499,1.0300596952438354,4.2779725995743965
RADLabs26_Feb23_GrafLab_Clay100%_Group9SampleA_Mon_Feb_23_03_41_25_2026,0.04415294528007499,1.0300596952438354,4.2779725995743965
RADLabs26_Feb23_GrafLab_Clay100%_Group9SampleA_Mon_Feb_23_03_41_25_2026,0.04431498050689689,0.9594176411628724,4.2779725995743965
RADLabs26_Feb23_GrafLab_Clay100%_Group9SampleA_Mon_Feb_23_03_41_25_2026,0.04431498050689689,0.9594176411628724,4.2779725995743965
RADLabs26_Feb23_GrafLab_Clay100%_Group9SampleA_Mon_Feb_23_03_41_25_2026,0.04431498050689689,0.9594176411628724,4.2779725995743965
RADLabs26_Feb23_GrafLab_Clay100%_Group9SampleA_Mon_Feb_23_03_41_25_2026,0.04431498050689689,0.9594176411628724,4.2779725995743965
RADLabs26_Feb23_GrafLab_Clay100%_Group9SampleA_Mon_Feb_23_03_41_25_2026,0.04431498050689689,0.9594176411628724,4.2779725995743965
RADLabs26_Feb23_GrafLab_Clay100%_Group9SampleA_Mon_Feb_23_03_41_25_2026,0.044622480869293185,0.5869751572608948,4.2779725995743965
RADLabs26_Feb23_GrafLab_Clay100%_Group9SampleA_Mon_Feb_23_03_41_25_2026,0.044622480869293185,0.5869751572608948,4.2779725995743965
RADLabs26_Feb23_GrafLab_Clay100%_Group9SampleA_Mon_Feb_23_03_41_25_2026,0.044622480869293185,0.5869751572608948,4.2779725995743965
RADLabs26_Feb23_GrafLab_Clay100%_Group9SampleA_Mon_Feb_23_03_41_25_2026,0.044622480869293185,0.5869751572608948,4.2779725995743965
RADLabs26_Feb23_GrafLab_Clay100%_Group9SampleA_Mon_Feb_23_03_41_25_2026,0.044622480869293185,0.5869751572608948,4.2779725995743965
RADLabs26_Feb23_GrafLab_Clay100%_Group9SampleA_Mon_Feb_23_03_41_25_2026,0.044622480869293185,0.5869751572608948,4.2779725995743965
RADLabs26_Feb23_GrafLab_Clay100%_Group9SampleA_Mon_Feb_23_03_41_25_2026,0.045130625367164584,0.251868337392807,4.2779725995743965
RADLabs26_Feb23_GrafLab_Clay100%_Group9SampleA_Mon_Feb_23_03_41_25_2026,0.045130625367164584,0.251868337392807,4.2779725995743965
RADLabs26_Feb23_GrafLab_Clay100%_Group9SampleA_Mon_Feb_23_03_41_25_2026,0.045130625367164584,0.251868337392807,4.2779725995743965
RADLabs26_Feb23_GrafLab_Clay100%_Group9SampleA_Mon_Feb_23_03_41_25_2026,0.045130625367164584,0.251868337392807,4.2779725995743965
RADLabs26_Feb23_GrafLab_Clay100%_Group9SampleA_Mon_Feb_23_03_41_25_2026,0.045130625367164584,0.251868337392807,4.2779725995743965
RADLabs26_Feb23_GrafLab_Clay100%_Group9SampleA_Mon_Feb_23_03_41_25_2026,0.0456291139125824,-0.0909694358706474,4.2779725995743965
RADLabs26_Feb23_GrafLab_Clay100%_Group9SampleA_Mon_Feb_23_03_41_25_2026,0.0456291139125824,-0.0909694358706474,4.2779725995743965
RADLabs26_Feb23_GrafLab_Clay100%_Group9SampleA_Mon_Feb_23_03_41_25_2026,0.0456291139125824,-0.0909694358706474,4.2779725995743965
RADLabs26_Feb23_GrafLab_Clay100%_Group9SampleA_Mon_Feb_23_03_41_25_2026,0.0456291139125824,-0.0909694358706474,4.2779725995743965
RADLabs26_Feb23_GrafLab_Clay100%_Group9SampleA_Mon_Feb_23_03_41_25_2026,0.0456291139125824,-0.0909694358706474,4.2779725995743965
RADLabs26_Feb23_GrafLab_Clay100%_Group9SampleA_Mon_Feb_23_03_41_25_2026,0.0456291139125824,-0.0909694358706474,4.2779725995743965
RADLabs26_Feb23_GrafLab_Clay100%_Group9SampleA_Mon_Feb_23_03_41_25_2026,0.0456291139125824,-0.0909694358706474,4.2779725995743965
RADLabs26_Feb23_GrafLab_Clay100%_Group9SampleA_Mon_Feb_23_03_41_25_2026,0.04567228257656089,0.0808098241686821,4.2779725995743965
RADLabs26_Feb23_GrafLab_Clay100%_Group9SampleA_Mon_Feb_23_03_41_25_2026,0.04567228257656089,0.0808098241686821,4.2779725995743965
RADLabs26_Feb23_GrafLab_Clay100%_Group9SampleA_Mon_Feb_23_03_41_25_2026,0.04567228257656089,0.0808098241686821,4.2779725995743965
RADLabs26_Feb23_GrafLab_Clay100%_Group9SampleA_Mon_Feb_23_03_41_25_2026,0.04567228257656089,0.0808098241686821,4.2779725995743965
RADLabs26_Feb23_GrafLab_Clay100%_Group9SampleA_Mon_Feb_23_03_41_25_2026,0.04567228257656089,0.0808098241686821,4.2779725995743965
RADLabs26_Feb23_GrafLab_Clay100%_Group9SampleA_Mon_Feb_23_03_41_25_2026,0.04567228257656089,0.1787811368703842,4.2779725995743965
RADLabs26_Feb23_GrafLab_Clay100%_Group9SampleA_Mon_Feb_23_03_41_25_2026,0.04567228257656089,0.1787811368703842,4.2779725995743965
RADLabs26_Feb23_GrafLab_Clay100%_Group9SampleA_Mon_Feb_23_03_41_25_2026,0.04567228257656089,0.1787811368703842,4.2779725995743965
RADLabs26_Feb23_GrafLab_Clay100%_Group9SampleA_Mon_Feb_23_03_41_25_2026,0.04567228257656089,0.1787811368703842,4.2779725995743965
RADLabs26_Feb23_GrafLab_Clay100%_Group9SampleA_Mon_Feb_23_03_41_25_2026,0.04567228257656089,0.1787811368703842,4.2779725995743965
RADLabs26_Feb23_GrafLab_Clay100%_Group9SampleA_Mon_Feb_23_03_41_25_2026,0.04567228257656089,0.1787811368703842,4.2779725995743965
RADLabs26_Feb23_GrafLab_Clay100%_Group9SampleA_Mon_Feb_23_03_41_25_2026,0.04567228257656089,0.2772643864154815,4.2779725995743965
RADLabs26_Feb23_GrafLab_Clay100%_Group9SampleA_Mon_Feb_23_03_41_25_2026,0.04567228257656089,0.2772643864154815,4.2779725995743965
RADLabs26_Feb23_GrafLab_Clay100%_Group9SampleA_Mon_Feb_23_03_41_25_2026,0.04567228257656089,0.2772643864154815,4.2779725995743965
RADLabs26_Feb23_GrafLab_Clay100%_Group9SampleA_Mon_Feb_23_03_41_25_2026,0.04567228257656089,0.2772643864154815,4.2779725995743965
RADLabs26_Feb23_GrafLab_Clay100%_Group9SampleA_Mon_Feb_23_03_41_25_2026,0.04567228257656089,0.2772643864154815,4.2779725995743965
RADLabs26_Feb23_GrafLab_Clay100%_Group9SampleA_Mon_Feb_23_03_41_25_2026,0.04567228257656089,0.2772643864154815,4.2779725995743965
RADLabs26_Feb23_GrafLab_Clay100%_Group9SampleA_Mon_Feb_23_03_41_25_2026,0.04567228257656089,0.3755448460578918,4.2779725995743965
RADLabs26_Feb23_GrafLab_Clay100%_Group9SampleA_Mon_Feb_23_03_41_25_2026,0.04567228257656089,0.3755448460578918,4.2779725995743965
RADLabs26_Feb23_GrafLab_Clay100%_Group9SampleA_Mon_Feb_23_03_41_25_2026,0.04567228257656089,0.3755448460578918,4.2779725995743965
RADLabs26_Feb23_GrafLab_Clay100%_Group9SampleA_Mon_Feb_23_03_41_25_2026,0.04567228257656089,0.3755448460578918,4.2779725995743965
RADLabs26_Feb23_GrafLab_Clay100%_Group9SampleA_Mon_Feb_23_03_41_25_2026,0.04567228257656089,0.3755448460578918,4.2779725995743965
RADLabs26_Feb23_GrafLab_Clay100%_Group9SampleA_Mon_Feb_23_03_41_25_2026,0.04567228257656089,0.3755448460578918,4.2779725995743965
RADLabs26_Feb23_GrafLab_Clay100%_Group9SampleA_Mon_Feb_23_03_41_25_2026,0.04567228257656089,0.3755448460578918,4.2779725995743965
RADLabs26_Feb23_GrafLab_Clay100%_Group9SampleA_Mon_Feb_23_03_41_25_2026,0.0457060635089874,0.417373389005661,4.2779725995743965
RADLabs26_Feb23_GrafLab_Clay100%_Group9SampleA_Mon_Feb_23_03_41_25_2026,0.0457060635089874,0.417373389005661,4.2779725995743965
RADLabs26_Feb23_GrafLab_Clay100%_Group9SampleA_Mon_Feb_23_03_41_25_2026,0.0457060635089874,0.417373389005661,4.2779725995743965
RADLabs26_Feb23_GrafLab_Clay100%_Group9SampleA_Mon_Feb_23_03_41_25_2026,0.0457060635089874,0.417373389005661,4.2779725995743965
RADLabs26_Feb23_GrafLab_Clay100%_Group9SampleA_Mon_Feb_23_03_41_25_2026,0.0457060635089874,0.417373389005661,4.2779725995743965
RADLabs26_Feb23_GrafLab_Clay100%_Group9SampleA_Mon_Feb_23_03_41_25_2026,0.0457060635089874,0.417373389005661,4.2779725995743965
RADLabs26_Feb23_GrafLab_Clay100%_Group9SampleA_Mon_Feb_23_03_41_25_2026,0.0457060635089874,0.417373389005661,4.2779725995743965
RADLabs26_Feb23_GrafLab_Clay100%_Group9SampleA_Mon_Feb_23_03_41_25_2026,0.0457060635089874,0.5388635396957397,4.2779725995743965
RADLabs26_Feb23_GrafLab_Clay100%_Group9SampleA_Mon_Feb_23_03_41_25_2026,0.0457060635089874,0.5388635396957397,4.2779725995743965
RADLabs26_Feb23_GrafLab_Clay100%_Group9SampleA_Mon_Feb_23_03_41_25_2026,0.0457060635089874,0.5388635396957397,4.2779725995743965
RADLabs26_Feb23_GrafLab_Clay100%_Group9SampleA_Mon_Feb_23_03_41_25_2026,0.0457060635089874,0.5388635396957397,4.2779725995743965
RADLabs26_Feb23_GrafLab_Clay100%_Group9SampleA_Mon_Feb_23_03_41_25_2026,0.0457060635089874,0.5388635396957397,4.2779725995743965
RADLabs26_Feb23_GrafLab_Clay100%_Group9SampleA_Mon_Feb_23_03_41_25_2026,0.0457060635089874,0.5388635396957397,4.2779725995743965
RADLabs26_Feb23_GrafLab_Clay100%_Group9SampleA_Mon_Feb_23_03_41_25_2026,0.04572218656539909,0.5209313035011292,4.2779725995743965
RADLabs26_Feb23_GrafLab_Clay100%_Group9SampleA_Mon_Feb_23_03_41_25_2026,0.04572218656539909,0.5209313035011292,4.2779725995743965
RADLabs26_Feb23_GrafLab_Clay100%_Group9SampleA_Mon_Feb_23_03_41_25_2026,0.04572218656539909,0.5209313035011292,4.2779725995743965
RADLabs26_Feb23_GrafLab_Clay100%_Group9SampleA_Mon_Feb_23_03_41_25_2026,0.04572218656539909,0.5209313035011292,4.2779725995743965
RADLabs26_Feb23_GrafLab_Clay100%_Group9SampleA_Mon_Feb_23_03_41_25_2026,0.04572218656539909,0.5209313035011292,4.2779725995743965
RADLabs26_Feb23_GrafLab_Clay100%_Group9SampleA_Mon_Feb_23_03_41_25_2026,0.04572218656539909,0.5209313035011292,4.2779725995743965
RADLabs26_Feb23_GrafLab_Clay100%_Group9SampleA_Mon_Feb_23_03_41_25_2026,0.04574534296989438,0.7025960087776184,4.2779725995743965
RADLabs26_Feb23_GrafLab_Clay100%_Group9SampleA_Mon_Feb_23_03_41_25_2026,0.04574534296989438,0.7025960087776184,4.2779725995743965
RADLabs26_Feb23_GrafLab_Clay100%_Group9SampleA_Mon_Feb_23_03_41_25_2026,0.04574534296989438,0.7025960087776184,4.2779725995743965
RADLabs26_Feb23_GrafLab_Clay100%_Group9SampleA_Mon_Feb_23_03_41_25_2026,0.04574534296989438,0.7025960087776184,4.2779725995743965
RADLabs26_Feb23_GrafLab_Clay100%_Group9SampleA_Mon_Feb_23_03_41_25_2026,0.04574534296989438,0.7025960087776184,4.2779725995743965
RADLabs26_Feb23_GrafLab_Clay100%_Group9SampleA_Mon_Feb_23_03_41_25_2026,0.04574534296989438,0.7025960087776184,4.2779725995743965
RADLabs26_Feb23_GrafLab_Clay100%_Group9SampleA_Mon_Feb_23_03_41_25_2026,0.04579728841781608,0.7374889254570007,4.2779725995743965
RADLabs26_Feb23_GrafLab_Clay100%_Group9SampleA_Mon_Feb_23_03_41_25_2026,0.04579728841781608,0.7374889254570007,4.2779725995743965
RADLabs26_Feb23_GrafLab_Clay100%_Group9SampleA_Mon_Feb_23_03_41_25_2026,0.04579728841781608,0.7374889254570007,4.2779725995743965
RADLabs26_Feb23_GrafLab_Clay100%_Group9SampleA_Mon_Feb_23_03_41_25_2026,0.04579728841781608,0.7374889254570007,4.2779725995743965
RADLabs26_Feb23_GrafLab_Clay100%_Group9SampleA_Mon_Feb_23_03_41_25_2026,0.04579728841781608,0.7374889254570007,4.2779725995743965
RADLabs26_Feb23_GrafLab_Clay100%_Group9SampleA_Mon_Feb_23_03_41_25_2026,0.045858755707740784,0.7611615657806396,4.2779725995743965
RADLabs26_Feb23_GrafLab_Clay100%_Group9SampleA_Mon_Feb_23_03_41_25_2026,0.045858755707740784,0.7611615657806396,4.2779725995743965
RADLabs26_Feb23_GrafLab_Clay100%_Group9SampleA_Mon_Feb_23_03_41_25_2026,0.045858755707740784,0.7611615657806396,4.2779725995743965
RADLabs26_Feb23_GrafLab_Clay100%_Group9SampleA_Mon_Feb_23_03_41_25_2026,0.045858755707740784,0.7611615657806396,4.2779725995743965
RADLabs26_Feb23_GrafLab_Clay100%_Group9SampleA_Mon_Feb_23_03_41_25_2026,0.045858755707740784,0.7611615657806396,4.2779725995743965
RADLabs26_Feb23_GrafLab_Clay100%_Group9SampleA_Mon_Feb_23_03_41_25_2026,0.045858755707740784,0.7611615657806396,4.2779725995743965
RADLabs26_Feb23_GrafLab_Clay100%_Group9SampleA_Mon_Feb_23_03_41_25_2026,0.04590845108032218,0.811627209186554,4.2779725995743965
RADLabs26_Feb23_GrafLab_Clay100%_Group9SampleA_Mon_Feb_23_03_41_25_2026,0.04590845108032218,0.811627209186554,4.2779725995743965
RADLabs26_Feb23_GrafLab_Clay100%_Group9SampleA_Mon_Feb_23_03_41_25_2026,0.04590845108032218,0.811627209186554,4.2779725995743965
RADLabs26_Feb23_GrafLab_Clay100%_Group9SampleA_Mon_Feb_23_03_41_25_2026,0.04590845108032218,0.811627209186554,4.2779725995743965
RADLabs26_Feb23_GrafLab_Clay100%_Group9SampleA_Mon_Feb_23_03_41_25_2026,0.04590845108032218,0.811627209186554,4.2779725995743965
RADLabs26_Feb23_GrafLab_Clay100%_Group9SampleA_Mon_Feb_23_03_41_25_2026,0.04590845108032218,0.811627209186554,4.2779725995743965
RADLabs26_Feb23_GrafLab_Clay100%_Group9SampleA_Mon_Feb_23_03_41_25_2026,0.0459651499986648,0.8529213666915894,4.2779725995743965
RADLabs26_Feb23_GrafLab_Clay100%_Group9SampleA_Mon_Feb_23_03_41_25_2026,0.0459651499986648,0.8529213666915894,4.2779725995743965
RADLabs26_Feb23_GrafLab_Clay100%_Group9SampleA_Mon_Feb_23_03_41_25_2026,0.0459651499986648,0.8529213666915894,4.2779725995743965
RADLabs26_Feb23_GrafLab_Clay100%_Group9SampleA_Mon_Feb_23_03_41_25_2026,0.0459651499986648,0.8529213666915894,4.2779725995743965
RADLabs26_Feb23_GrafLab_Clay100%_Group9SampleA_Mon_Feb_23_03_41_25_2026,0.0459651499986648,0.8529213666915894,4.2779725995743965
RADLabs26_Feb23_GrafLab_Clay100%_Group9SampleA_Mon_Feb_23_03_41_25_2026,0.04603557288646698,0.8727214336395264,4.2779725995743965
RADLabs26_Feb23_GrafLab_Clay100%_Group9SampleA_Mon_Feb_23_03_41_25_2026,0.04603557288646698,0.8727214336395264,4.2779725995743965
RADLabs26_Feb23_GrafLab_Clay100%_Group9SampleA_Mon_Feb_23_03_41_25_2026,0.04603557288646698,0.8727214336395264,4.2779725995743965
RADLabs26_Feb23_GrafLab_Clay100%_Group9SampleA_Mon_Feb_23_03_41_25_2026,0.04603557288646698,0.8727214336395264,4.2779725995743965
RADLabs26_Feb23_GrafLab_Clay100%_Group9SampleA_Mon_Feb_23_03_41_25_2026,0.04603557288646698,0.8727214336395264,4.2779725995743965
RADLabs26_Feb23_GrafLab_Clay100%_Group9SampleA_Mon_Feb_23_03_41_25_2026,0.04603557288646698,0.8727214336395264,4.2779725995743965
RADLabs26_Feb23_GrafLab_Clay100%_Group9SampleA_Mon_Feb_23_03_41_25_2026,0.046053782105445806,0.977530002593994,4.2779725995743965
RADLabs26_Feb23_GrafLab_Clay100%_Group9SampleA_Mon_Feb_23_03_41_25_2026,0.046053782105445806,0.977530002593994,4.2779725995743965
RADLabs26_Feb23_GrafLab_Clay100%_Group9SampleA_Mon_Feb_23_03_41_25_2026,0.046053782105445806,0.977530002593994,4.2779725995743965
RADLabs26_Feb23_GrafLab_Clay100%_Group9SampleA_Mon_Feb_23_03_41_25_2026,0.046053782105445806,0.977530002593994,4.2779725995743965
RADLabs26_Feb23_GrafLab_Clay100%_Group9SampleA_Mon_Feb_23_03_41_25_2026,0.046053782105445806,0.977530002593994,4.2779725995743965
RADLabs26_Feb23_GrafLab_Clay100%_Group9SampleA_Mon_Feb_23_03_41_25_2026,0.0460867434740066,1.0412317514419556,4.2779725995743965
RADLabs26_Feb23_GrafLab_Clay100%_Group9SampleA_Mon_Feb_23_03_41_25_2026,0.0460867434740066,1.0412317514419556,4.2779725995743965
RADLabs26_Feb23_GrafLab_Clay100%_Group9SampleA_Mon_Feb_23_03_41_25_2026,0.0460867434740066,1.0412317514419556,4.2779725995743965
RADLabs26_Feb23_GrafLab_Clay100%_Group9SampleA_Mon_Feb_23_03_41_25_2026,0.0460867434740066,1.0412317514419556,4.2779725995743965
RADLabs26_Feb23_GrafLab_Clay100%_Group9SampleA_Mon_Feb_23_03_41_25_2026,0.0460867434740066,1.0412317514419556,4.2779725995743965
RADLabs26_Feb23_GrafLab_Clay100%_Group9SampleA_Mon_Feb_23_03_41_25_2026,0.0460867434740066,1.0412317514419556,4.2779725995743965
RADLabs26_Feb23_GrafLab_Clay100%_Group9SampleA_Mon_Feb_23_03_41_25_2026,0.04619532823562619,1.0011146068572998,4.2779725995743965
RADLabs26_Feb23_GrafLab_Clay100%_Group9SampleA_Mon_Feb_23_03_41_25_2026,0.04619532823562619,1.0011146068572998,4.2779725995743965
RADLabs26_Feb23_GrafLab_Clay100%_Group9SampleA_Mon_Feb_23_03_41_25_2026,0.04619532823562619,1.0011146068572998,4.2779725995743965
RADLabs26_Feb23_GrafLab_Clay100%_Group9SampleA_Mon_Feb_23_03_41_25_2026,0.04619532823562619,1.0011146068572998,4.2779725995743965
RADLabs26_Feb23_GrafLab_Clay100%_Group9SampleA_Mon_Feb_23_03_41_25_2026,0.04619532823562619,1.0011146068572998,4.2779725995743965
RADLabs26_Feb23_GrafLab_Clay100%_Group9SampleA_Mon_Feb_23_03_41_25_2026,0.046252459287643405,0.960683524608612,4.2779725995743965
RADLabs26_Feb23_GrafLab_Clay100%_Group9SampleA_Mon_Feb_23_03_41_25_2026,0.046252459287643405,0.960683524608612,4.2779725995743965
RADLabs26_Feb23_GrafLab_Clay100%_Group9SampleA_Mon_Feb_23_03_41_25_2026,0.046252459287643405,0.960683524608612,4.2779725995743965
RADLabs26_Feb23_GrafLab_Clay100%_Group9SampleA_Mon_Feb_23_03_41_25_2026,0.046252459287643405,0.960683524608612,4.2779725995743965
RADLabs26_Feb23_GrafLab_Clay100%_Group9SampleA_Mon_Feb_23_03_41_25_2026,0.0463626682758331,1.0396277904510498,4.2779725995743965
RADLabs26_Feb23_GrafLab_Clay100%_Group9SampleA_Mon_Feb_23_03_41_25_2026,0.0463626682758331,1.0396277904510498,4.2779725995743965
RADLabs26_Feb23_GrafLab_Clay100%_Group9SampleA_Mon_Feb_23_03_41_25_2026,0.0463626682758331,1.0396277904510498,4.2779725995743965
RADLabs26_Feb23_GrafLab_Clay100%_Group9SampleA_Mon_Feb_23_03_41_25_2026,0.0463626682758331,1.0396277904510498,4.2779725995743965
RADLabs26_Feb23_GrafLab_Clay100%_Group9SampleA_Mon_Feb_23_03_41_25_2026,0.0463626682758331,1.0396277904510498,4.2779725995743965
RADLabs26_Feb23_GrafLab_Clay100%_Group9SampleA_Mon_Feb_23_03_41_25_2026,0.0463626682758331,1.0396277904510498,4.2779725995743965
RADLabs26_Feb23_GrafLab_Clay100%_Group9SampleA_Mon_Feb_23_03_41_25_2026,0.046449765563011086,1.0457103252410889,4.2779725995743965
RADLabs26_Feb23_GrafLab_Clay100%_Group9SampleA_Mon_Feb_23_03_41_25_2026,0.046449765563011086,1.0457103252410889,4.2779725995743965
RADLabs26_Feb23_GrafLab_Clay100%_Group9SampleA_Mon_Feb_23_03_41_25_2026,0.046449765563011086,1.0457103252410889,4.2779725995743965
RADLabs26_Feb23_GrafLab_Clay100%_Group9SampleA_Mon_Feb_23_03_41_25_2026,0.046449765563011086,1.0457103252410889,4.2779725995743965
RADLabs26_Feb23_GrafLab_Clay100%_Group9SampleA_Mon_Feb_23_03_41_25_2026,0.046449765563011086,1.0457103252410889,4.2779725995743965
RADLabs26_Feb23_GrafLab_Clay100%_Group9SampleA_Mon_Feb_23_03_41_25_2026,0.046449765563011086,1.0457103252410889,4.2779725995743965
RADLabs26_Feb23_GrafLab_Clay100%_Group9SampleA_Mon_Feb_23_03_41_25_2026,0.046558678150177,1.0226213932037354,4.2779725995743965
RADLabs26_Feb23_GrafLab_Clay100%_Group9SampleA_Mon_Feb_23_03_41_25_2026,0.046558678150177,1.0226213932037354,4.2779725995743965
RADLabs26_Feb23_GrafLab_Clay100%_Group9SampleA_Mon_Feb_23_03_41_25_2026,0.046558678150177,1.0226213932037354,4.2779725995743965
RADLabs26_Feb23_GrafLab_Clay100%_Group9SampleA_Mon_Feb_23_03_41_25_2026,0.046558678150177,1.0226213932037354,4.2779725995743965
RADLabs26_Feb23_GrafLab_Clay100%_Group9SampleA_Mon_Feb_23_03_41_25_2026,0.046696066856384194,0.9937729835510254,4.2779725995743965
RADLabs26_Feb23_GrafLab_Clay100%_Group9SampleA_Mon_Feb_23_03_41_25_2026,0.046696066856384194,0.9937729835510254,4.2779725995743965
RADLabs26_Feb23_GrafLab_Clay100%_Group9SampleA_Mon_Feb_23_03_41_25_2026,0.046696066856384194,0.9937729835510254,4.2779725995743965
RADLabs26_Feb23_GrafLab_Clay100%_Group9SampleA_Mon_Feb_23_03_41_25_2026,0.046696066856384194,0.9937729835510254,4.2779725995743965
RADLabs26_Feb23_GrafLab_Clay100%_Group9SampleA_Mon_Feb_23_03_41_25_2026,0.046696066856384194,0.9937729835510254,4.2779725995743965
RADLabs26_Feb23_GrafLab_Clay100%_Group9SampleA_Mon_Feb_23_03_41_25_2026,0.04689167439937589,0.8680024743080139,4.2779725995743965
RADLabs26_Feb23_GrafLab_Clay100%_Group9SampleA_Mon_Feb_23_03_41_25_2026,0.04689167439937589,0.8680024743080139,4.2779725995743965
RADLabs26_Feb23_GrafLab_Clay100%_Group9SampleA_Mon_Feb_23_03_41_25_2026,0.04689167439937589,0.8680024743080139,4.2779725995743965
RADLabs26_Feb23_GrafLab_Clay100%_Group9SampleA_Mon_Feb_23_03_41_25_2026,0.04689167439937589,0.8680024743080139,4.2779725995743965
RADLabs26_Feb23_GrafLab_Clay100%_Group9SampleA_Mon_Feb_23_03_41_25_2026,0.04689167439937589,0.8680024743080139,4.2779725995743965
RADLabs26_Feb23_GrafLab_Clay100%_Group9SampleA_Mon_Feb_23_03_41_25_2026,0.04714891314506528,0.6763635277748108,4.2779725995743965
RADLabs26_Feb23_GrafLab_Clay100%_Group9SampleA_Mon_Feb_23_03_41_25_2026,0.04714891314506528,0.6763635277748108,4.2779725995743965
RADLabs26_Feb23_GrafLab_Clay100%_Group9SampleA_Mon_Feb_23_03_41_25_2026,0.04714891314506528,0.6763635277748108,4.2779725995743965
RADLabs26_Feb23_GrafLab_Clay100%_Group9SampleA_Mon_Feb_23_03_41_25_2026,0.04714891314506528,0.6763635277748108,4.2779725995743965
RADLabs26_Feb23_GrafLab_Clay100%_Group9SampleA_Mon_Feb_23_03_41_25_2026,0.04714891314506528,0.6763635277748108,4.2779725995743965
RADLabs26_Feb23_GrafLab_Clay100%_Group9SampleA_Mon_Feb_23_03_41_25_2026,0.047484040260314886,0.4571898281574249,4.2779725995743965
RADLabs26_Feb23_GrafLab_Clay100%_Group9SampleA_Mon_Feb_23_03_41_25_2026,0.047484040260314886,0.4571898281574249,4.2779725995743965
RADLabs26_Feb23_GrafLab_Clay100%_Group9SampleA_Mon_Feb_23_03_41_25_2026,0.047484040260314886,0.4571898281574249,4.2779725995743965
RADLabs26_Feb23_GrafLab_Clay100%_Group9SampleA_Mon_Feb_23_03_41_25_2026,0.047484040260314886,0.4571898281574249,4.2779725995743965
RADLabs26_Feb23_GrafLab_Clay100%_Group9SampleA_Mon_Feb_23_03_41_25_2026,0.047484040260314886,0.4571898281574249,4.2779725995743965
RADLabs26_Feb23_GrafLab_Clay100%_Group9SampleA_Mon_Feb_23_03_41_25_2026,0.047484040260314886,0.4571898281574249,4.2779725995743965
RADLabs26_Feb23_GrafLab_Clay100%_Group9SampleA_Mon_Feb_23_03_41_25_2026,0.0476022660732269,0.5211496353149414,4.2779725995743965
RADLabs26_Feb23_GrafLab_Clay100%_Group9SampleA_Mon_Feb_23_03_41_25_2026,0.0476022660732269,0.5211496353149414,4.2779725995743965
RADLabs26_Feb23_GrafLab_Clay100%_Group9SampleA_Mon_Feb_23_03_41_25_2026,0.0476022660732269,0.5211496353149414,4.2779725995743965
RADLabs26_Feb23_GrafLab_Clay100%_Group9SampleA_Mon_Feb_23_03_41_25_2026,0.0476022660732269,0.5211496353149414,4.2779725995743965
RADLabs26_Feb23_GrafLab_Clay100%_Group9SampleA_Mon_Feb_23_03_41_25_2026,0.0476022660732269,0.5211496353149414,4.2779725995743965
RADLabs26_Feb23_GrafLab_Clay100%_Group9SampleA_Mon_Feb_23_03_41_25_2026,0.0476174652576446,0.6170976758003235,4.2779725995743965
RADLabs26_Feb23_GrafLab_Clay100%_Group9SampleA_Mon_Feb_23_03_41_25_2026,0.0476174652576446,0.6170976758003235,4.2779725995743965
RADLabs26_Feb23_GrafLab_Clay100%_Group9SampleA_Mon_Feb_23_03_41_25_2026,0.0476174652576446,0.6170976758003235,4.2779725995743965
RADLabs26_Feb23_GrafLab_Clay100%_Group9SampleA_Mon_Feb_23_03_41_25_2026,0.0476174652576446,0.6170976758003235,4.2779725995743965
RADLabs26_Feb23_GrafLab_Clay100%_Group9SampleA_Mon_Feb_23_03_41_25_2026,0.0476174652576446,0.6170976758003235,4.2779725995743965
RADLabs26_Feb23_GrafLab_Clay100%_Group9SampleA_Mon_Feb_23_03_41_25_2026,0.0476174652576446,0.6170976758003235,4.2779725995743965
RADLabs26_Feb23_GrafLab_Clay100%_Group9SampleA_Mon_Feb_23_03_41_25_2026,0.047626793384552,0.7073227167129517,4.2779725995743965
RADLabs26_Feb23_GrafLab_Clay100%_Group9SampleA_Mon_Feb_23_03_41_25_2026,0.047626793384552,0.7073227167129517,4.2779725995743965
RADLabs26_Feb23_GrafLab_Clay100%_Group9SampleA_Mon_Feb_23_03_41_25_2026,0.047626793384552,0.7073227167129517,4.2779725995743965
RADLabs26_Feb23_GrafLab_Clay100%_Group9SampleA_Mon_Feb_23_03_41_25_2026,0.047626793384552,0.7073227167129517,4.2779725995743965
RADLabs26_Feb23_GrafLab_Clay100%_Group9SampleA_Mon_Feb_23_03_41_25_2026,0.047626793384552,0.7073227167129517,4.2779725995743965
RADLabs26_Feb23_GrafLab_Clay100%_Group9SampleA_Mon_Feb_23_03_41_25_2026,0.047626793384552,0.7073227167129517,4.2779725995743965
RADLabs26_Feb23_GrafLab_Clay100%_Group9SampleA_Mon_Feb_23_03_41_25_2026,0.047626793384552,0.7073227167129517,4.2779725995743965
RADLabs26_Feb23_GrafLab_Clay100%_Group9SampleA_Mon_Feb_23_03_41_25_2026,0.04763232171535489,0.8088235259056091,4.2779725995743965
RADLabs26_Feb23_GrafLab_Clay100%_Group9SampleA_Mon_Feb_23_03_41_25_2026,0.04763232171535489,0.8088235259056091,4.2779725995743965
RADLabs26_Feb23_GrafLab_Clay100%_Group9SampleA_Mon_Feb_23_03_41_25_2026,0.04763232171535489,0.8088235259056091,4.2779725995743965
RADLabs26_Feb23_GrafLab_Clay100%_Group9SampleA_Mon_Feb_23_03_41_25_2026,0.04763232171535489,0.8088235259056091,4.2779725995743965
RADLabs26_Feb23_GrafLab_Clay100%_Group9SampleA_Mon_Feb_23_03_41_25_2026,0.04763232171535489,0.8088235259056091,4.2779725995743965
RADLabs26_Feb23_GrafLab_Clay100%_Group9SampleA_Mon_Feb_23_03_41_25_2026,0.04763232171535489,0.8088235259056091,4.2779725995743965
RADLabs26_Feb23_GrafLab_Clay100%_Group9SampleA_Mon_Feb_23_03_41_25_2026,0.047698825597763006,0.812684178352356,4.2779725995743965
RADLabs26_Feb23_GrafLab_Clay100%_Group9SampleA_Mon_Feb_23_03_41_25_2026,0.047698825597763006,0.812684178352356,4.2779725995743965
RADLabs26_Feb23_GrafLab_Clay100%_Group9SampleA_Mon_Feb_23_03_41_25_2026,0.047698825597763006,0.812684178352356,4.2779725995743965
RADLabs26_Feb23_GrafLab_Clay100%_Group9SampleA_Mon_Feb_23_03_41_25_2026,0.047698825597763006,0.812684178352356,4.2779725995743965
RADLabs26_Feb23_GrafLab_Clay100%_Group9SampleA_Mon_Feb_23_03_41_25_2026,0.047698825597763006,0.812684178352356,4.2779725995743965
RADLabs26_Feb23_GrafLab_Clay100%_Group9SampleA_Mon_Feb_23_03_41_25_2026,0.047698825597763006,0.812684178352356,4.2779725995743965
RADLabs26_Feb23_GrafLab_Clay100%_Group9SampleA_Mon_Feb_23_03_41_25_2026,0.04777836799621579,0.8413496613502502,4.2779725995743965
RADLabs26_Feb23_GrafLab_Clay100%_Group9SampleA_Mon_Feb_23_03_41_25_2026,0.04777836799621579,0.8413496613502502,4.2779725995743965
RADLabs26_Feb23_GrafLab_Clay100%_Group9SampleA_Mon_Feb_23_03_41_25_2026,0.04777836799621579,0.8413496613502502,4.2779725995743965
RADLabs26_Feb23_GrafLab_Clay100%_Group9SampleA_Mon_Feb_23_03_41_25_2026,0.04777836799621579,0.8413496613502502,4.2779725995743965
RADLabs26_Feb23_GrafLab_Clay100%_Group9SampleA_Mon_Feb_23_03_41_25_2026,0.04777836799621579,0.8413496613502502,4.2779725995743965
RADLabs26_Feb23_GrafLab_Clay100%_Group9SampleA_Mon_Feb_23_03_41_25_2026,0.04782956838607788,0.888494074344635,4.2779725995743965
RADLabs26_Feb23_GrafLab_Clay100%_Group9SampleA_Mon_Feb_23_03_41_25_2026,0.04782956838607788,0.888494074344635,4.2779725995743965
RADLabs26_Feb23_GrafLab_Clay100%_Group9SampleA_Mon_Feb_23_03_41_25_2026,0.04782956838607788,0.888494074344635,4.2779725995743965
RADLabs26_Feb23_GrafLab_Clay100%_Group9SampleA_Mon_Feb_23_03_41_25_2026,0.04782956838607788,0.888494074344635,4.2779725995743965
RADLabs26_Feb23_GrafLab_Clay100%_Group9SampleA_Mon_Feb_23_03_41_25_2026,0.04782956838607788,0.888494074344635,4.2779725995743965
RADLabs26_Feb23_GrafLab_Clay100%_Group9SampleA_Mon_Feb_23_03_41_25_2026,0.04782956838607788,0.888494074344635,4.2779725995743965
RADLabs26_Feb23_GrafLab_Clay100%_Group9SampleA_Mon_Feb_23_03_41_25_2026,0.0478865504264831,0.9405238032341005,4.2779725995743965
RADLabs26_Feb23_GrafLab_Clay100%_Group9SampleA_Mon_Feb_23_03_41_25_2026,0.0478865504264831,0.9405238032341005,4.2779725995743965
RADLabs26_Feb23_GrafLab_Clay100%_Group9SampleA_Mon_Feb_23_03_41_25_2026,0.0478865504264831,0.9405238032341005,4.2779725995743965
RADLabs26_Feb23_GrafLab_Clay100%_Group9SampleA_Mon_Feb_23_03_41_25_2026,0.0478865504264831,0.9405238032341005,4.2779725995743965
RADLabs26_Feb23_GrafLab_Clay100%_Group9SampleA_Mon_Feb_23_03_41_25_2026,0.0478865504264831,0.9405238032341005,4.2779725995743965
RADLabs26_Feb23_GrafLab_Clay100%_Group9SampleA_Mon_Feb_23_03_41_25_2026,0.0478865504264831,0.9405238032341005,4.2779725995743965
RADLabs26_Feb23_GrafLab_Clay100%_Group9SampleA_Mon_Feb_23_03_41_25_2026,0.04796330630779258,0.8506829142570496,4.2779725995743965
RADLabs26_Feb23_GrafLab_Clay100%_Group9SampleA_Mon_Feb_23_03_41_25_2026,0.04796330630779258,0.8506829142570496,4.2779725995743965
RADLabs26_Feb23_GrafLab_Clay100%_Group9SampleA_Mon_Feb_23_03_41_25_2026,0.04796330630779258,0.8506829142570496,4.2779725995743965
RADLabs26_Feb23_GrafLab_Clay100%_Group9SampleA_Mon_Feb_23_03_41_25_2026,0.04796330630779258,0.8506829142570496,4.2779725995743965
RADLabs26_Feb23_GrafLab_Clay100%_Group9SampleA_Mon_Feb_23_03_41_25_2026,0.04796330630779258,0.8506829142570496,4.2779725995743965
RADLabs26_Feb23_GrafLab_Clay100%_Group9SampleA_Mon_Feb_23_03_41_25_2026,0.04796330630779258,0.8506829142570496,4.2779725995743965
RADLabs26_Feb23_GrafLab_Clay100%_Group9SampleA_Mon_Feb_23_03_41_25_2026,0.0480478554964065,0.8657419681549072,4.2779725995743965
RADLabs26_Feb23_GrafLab_Clay100%_Group9SampleA_Mon_Feb_23_03_41_25_2026,0.0480478554964065,0.8657419681549072,4.2779725995743965
RADLabs26_Feb23_GrafLab_Clay100%_Group9SampleA_Mon_Feb_23_03_41_25_2026,0.0480478554964065,0.8657419681549072,4.2779725995743965
RADLabs26_Feb23_GrafLab_Clay100%_Group9SampleA_Mon_Feb_23_03_41_25_2026,0.0480478554964065,0.8657419681549072,4.2779725995743965
RADLabs26_Feb23_GrafLab_Clay100%_Group9SampleA_Mon_Feb_23_03_41_25_2026,0.0480478554964065,0.8657419681549072,4.2779725995743965
RADLabs26_Feb23_GrafLab_Clay100%_Group9SampleA_Mon_Feb_23_03_41_25_2026,0.0480478554964065,0.8657419681549072,4.2779725995743965
RADLabs26_Feb23_GrafLab_Clay100%_Group9SampleA_Mon_Feb_23_03_41_25_2026,0.04817384481430048,0.9327216148376464,4.2779725995743965
RADLabs26_Feb23_GrafLab_Clay100%_Group9SampleA_Mon_Feb_23_03_41_25_2026,0.04817384481430048,0.9327216148376464,4.2779725995743965
RADLabs26_Feb23_GrafLab_Clay100%_Group9SampleA_Mon_Feb_23_03_41_25_2026,0.04817384481430048,0.9327216148376464,4.2779725995743965
RADLabs26_Feb23_GrafLab_Clay100%_Group9SampleA_Mon_Feb_23_03_41_25_2026,0.04817384481430048,0.9327216148376464,4.2779725995743965
RADLabs26_Feb23_GrafLab_Clay100%_Group9SampleA_Mon_Feb_23_03_41_25_2026,0.04817384481430048,0.9327216148376464,4.2779725995743965
RADLabs26_Feb23_GrafLab_Clay100%_Group9SampleA_Mon_Feb_23_03_41_25_2026,0.04817384481430048,0.9327216148376464,4.2779725995743965
RADLabs26_Feb23_GrafLab_Clay100%_Group9SampleA_Mon_Feb_23_03_41_25_2026,0.04817384481430048,0.9327216148376464,4.2779725995743965
RADLabs26_Feb23_GrafLab_Clay100%_Group9SampleA_Mon_Feb_23_03_41_25_2026,0.0482819527387619,0.9279593229293824,4.2779725995743965
RADLabs26_Feb23_GrafLab_Clay100%_Group9SampleA_Mon_Feb_23_03_41_25_2026,0.0482819527387619,0.9279593229293824,4.2779725995743965
RADLabs26_Feb23_GrafLab_Clay100%_Group9SampleA_Mon_Feb_23_03_41_25_2026,0.0482819527387619,0.9279593229293824,4.2779725995743965
RADLabs26_Feb23_GrafLab_Clay100%_Group9SampleA_Mon_Feb_23_03_41_25_2026,0.0482819527387619,0.9279593229293824,4.2779725995743965
RADLabs26_Feb23_GrafLab_Clay100%_Group9SampleA_Mon_Feb_23_03_41_25_2026,0.0482819527387619,0.9279593229293824,4.2779725995743965
RADLabs26_Feb23_GrafLab_Clay100%_Group9SampleA_Mon_Feb_23_03_41_25_2026,0.0482819527387619,0.9279593229293824,4.2779725995743965
RADLabs26_Feb23_GrafLab_Clay100%_Group9SampleA_Mon_Feb_23_03_41_25_2026,0.04840327799320218,0.917339563369751,4.2779725995743965
RADLabs26_Feb23_GrafLab_Clay100%_Group9SampleA_Mon_Feb_23_03_41_25_2026,0.04840327799320218,0.917339563369751,4.2779725995743965
RADLabs26_Feb23_GrafLab_Clay100%_Group9SampleA_Mon_Feb_23_03_41_25_2026,0.04840327799320218,0.917339563369751,4.2779725995743965
RADLabs26_Feb23_GrafLab_Clay100%_Group9SampleA_Mon_Feb_23_03_41_25_2026,0.04840327799320218,0.917339563369751,4.2779725995743965
RADLabs26_Feb23_GrafLab_Clay100%_Group9SampleA_Mon_Feb_23_03_41_25_2026,0.04840327799320218,0.917339563369751,4.2779725995743965
RADLabs26_Feb23_GrafLab_Clay100%_Group9SampleA_Mon_Feb_23_03_41_25_2026,0.04840327799320218,0.917339563369751,4.2779725995743965
RADLabs26_Feb23_GrafLab_Clay100%_Group9SampleA_Mon_Feb_23_03_41_25_2026,0.04846172034740448,0.9678471684455872,4.2779725995743965
RADLabs26_Feb23_GrafLab_Clay100%_Group9SampleA_Mon_Feb_23_03_41_25_2026,0.04846172034740448,0.9678471684455872,4.2779725995743965
RADLabs26_Feb23_GrafLab_Clay100%_Group9SampleA_Mon_Feb_23_03_41_25_2026,0.04846172034740448,0.9678471684455872,4.2779725995743965
RADLabs26_Feb23_GrafLab_Clay100%_Group9SampleA_Mon_Feb_23_03_41_25_2026,0.04846172034740448,0.9678471684455872,4.2779725995743965
RADLabs26_Feb23_GrafLab_Clay100%_Group9SampleA_Mon_Feb_23_03_41_25_2026,0.04846172034740448,0.9678471684455872,4.2779725995743965
RADLabs26_Feb23_GrafLab_Clay100%_Group9SampleA_Mon_Feb_23_03_41_25_2026,0.04853992164134979,0.956508219242096,4.2779725995743965
RADLabs26_Feb23_GrafLab_Clay100%_Group9SampleA_Mon_Feb_23_03_41_25_2026,0.04853992164134979,0.956508219242096,4.2779725995743965
RADLabs26_Feb23_GrafLab_Clay100%_Group9SampleA_Mon_Feb_23_03_41_25_2026,0.04853992164134979,0.956508219242096,4.2779725995743965
RADLabs26_Feb23_GrafLab_Clay100%_Group9SampleA_Mon_Feb_23_03_41_25_2026,0.04853992164134979,0.956508219242096,4.2779725995743965
RADLabs26_Feb23_GrafLab_Clay100%_Group9SampleA_Mon_Feb_23_03_41_25_2026,0.04853992164134979,0.956508219242096,4.2779725995743965
RADLabs26_Feb23_GrafLab_Clay100%_Group9SampleA_Mon_Feb_23_03_41_25_2026,0.048672884702682495,0.9254554510116576,4.2779725995743965
RADLabs26_Feb23_GrafLab_Clay100%_Group9SampleA_Mon_Feb_23_03_41_25_2026,0.048672884702682495,0.9254554510116576,4.2779725995743965
RADLabs26_Feb23_GrafLab_Clay100%_Group9SampleA_Mon_Feb_23_03_41_25_2026,0.048672884702682495,0.9254554510116576,4.2779725995743965
RADLabs26_Feb23_GrafLab_Clay100%_Group9SampleA_Mon_Feb_23_03_41_25_2026,0.048672884702682495,0.9254554510116576,4.2779725995743965
RADLabs26_Feb23_GrafLab_Clay100%_Group9SampleA_Mon_Feb_23_03_41_25_2026,0.048672884702682495,0.9254554510116576,4.2779725995743965
RADLabs26_Feb23_GrafLab_Clay100%_Group9SampleA_Mon_Feb_23_03_41_25_2026,0.048858389258384705,0.8303537964820862,4.2779725995743965
RADLabs26_Feb23_GrafLab_Clay100%_Group9SampleA_Mon_Feb_23_03_41_25_2026,0.048858389258384705,0.8303537964820862,4.2779725995743965
RADLabs26_Feb23_GrafLab_Clay100%_Group9SampleA_Mon_Feb_23_03_41_25_2026,0.048858389258384705,0.8303537964820862,4.2779725995743965
RADLabs26_Feb23_GrafLab_Clay100%_Group9SampleA_Mon_Feb_23_03_41_25_2026,0.048858389258384705,0.8303537964820862,4.2779725995743965
RADLabs26_Feb23_GrafLab_Clay100%_Group9SampleA_Mon_Feb_23_03_41_25_2026,0.048858389258384705,0.8303537964820862,4.2779725995743965
RADLabs26_Feb23_GrafLab_Clay100%_Group9SampleA_Mon_Feb_23_03_41_25_2026,0.048858389258384705,0.8303537964820862,4.2779725995743965
RADLabs26_Feb23_GrafLab_Clay100%_Group9SampleA_Mon_Feb_23_03_41_25_2026,0.048858389258384705,0.8303537964820862,4.2779725995743965
RADLabs26_Feb23_GrafLab_Clay100%_Group9SampleA_Mon_Feb_23_03_41_25_2026,0.049069523811340304,0.5960909128189087,4.2779725995743965
RADLabs26_Feb23_GrafLab_Clay100%_Group9SampleA_Mon_Feb_23_03_41_25_2026,0.049069523811340304,0.5960909128189087,4.2779725995743965
RADLabs26_Feb23_GrafLab_Clay100%_Group9SampleA_Mon_Feb_23_03_41_25_2026,0.049069523811340304,0.5960909128189087,4.2779725995743965
RADLabs26_Feb23_GrafLab_Clay100%_Group9SampleA_Mon_Feb_23_03_41_25_2026,0.049069523811340304,0.5960909128189087,4.2779725995743965
RADLabs26_Feb23_GrafLab_Clay100%_Group9SampleA_Mon_Feb_23_03_41_25_2026,0.049069523811340304,0.5960909128189087,4.2779725995743965
RADLabs26_Feb23_GrafLab_Clay100%_Group9SampleA_Mon_Feb_23_03_41_25_2026,0.049069523811340304,0.5960909128189087,4.2779725995743965
RADLabs26_Feb23_GrafLab_Clay100%_Group9SampleA_Mon_Feb_23_03_41_25_2026,0.04927772283554069,0.3904977142810821,4.2779725995743965
RADLabs26_Feb23_GrafLab_Clay100%_Group9SampleA_Mon_Feb_23_03_41_25_2026,0.04927772283554069,0.3904977142810821,4.2779725995743965
RADLabs26_Feb23_GrafLab_Clay100%_Group9SampleA_Mon_Feb_23_03_41_25_2026,0.04927772283554069,0.3904977142810821,4.2779725995743965
RADLabs26_Feb23_GrafLab_Clay100%_Group9SampleA_Mon_Feb_23_03_41_25_2026,0.04927772283554069,0.3904977142810821,4.2779725995743965
RADLabs26_Feb23_GrafLab_Clay100%_Group9SampleA_Mon_Feb_23_03_41_25_2026,0.04927772283554069,0.3904977142810821,4.2779725995743965
RADLabs26_Feb23_GrafLab_Clay100%_Group9SampleA_Mon_Feb_23_03_41_25_2026,0.04927772283554069,0.3904977142810821,4.2779725995743965
RADLabs26_Feb23_GrafLab_Clay100%_Group9SampleA_Mon_Feb_23_03_41_25_2026,0.049451366066932595,0.234516441822052,4.2779725995743965
RADLabs26_Feb23_GrafLab_Clay100%_Group9SampleA_Mon_Feb_23_03_41_25_2026,0.049451366066932595,0.234516441822052,4.2779725995743965
RADLabs26_Feb23_GrafLab_Clay100%_Group9SampleA_Mon_Feb_23_03_41_25_2026,0.049451366066932595,0.234516441822052,4.2779725995743965
RADLabs26_Feb23_GrafLab_Clay100%_Group9SampleA_Mon_Feb_23_03_41_25_2026,0.049451366066932595,0.234516441822052,4.2779725995743965
RADLabs26_Feb23_GrafLab_Clay100%_Group9SampleA_Mon_Feb_23_03_41_25_2026,0.049451366066932595,0.234516441822052,4.2779725995743965
RADLabs26_Feb23_GrafLab_Clay100%_Group9SampleA_Mon_Feb_23_03_41_25_2026,0.04954090714454648,0.1846097558736801,4.2779725995743965
RADLabs26_Feb23_GrafLab_Clay100%_Group9SampleA_Mon_Feb_23_03_41_25_2026,0.04954090714454648,0.1846097558736801,4.2779725995743965
RADLabs26_Feb23_GrafLab_Clay100%_Group9SampleA_Mon_Feb_23_03_41_25_2026,0.04954090714454648,0.1846097558736801,4.2779725995743965
RADLabs26_Feb23_GrafLab_Clay100%_Group9SampleA_Mon_Feb_23_03_41_25_2026,0.04954090714454648,0.1846097558736801,4.2779725995743965
RADLabs26_Feb23_GrafLab_Clay100%_Group9SampleA_Mon_Feb_23_03_41_25_2026,0.04954090714454648,0.1846097558736801,4.2779725995743965
RADLabs26_Feb23_GrafLab_Clay100%_Group9SampleA_Mon_Feb_23_03_41_25_2026,0.04953883588314048,0.2017625868320465,4.2779725995743965
RADLabs26_Feb23_GrafLab_Clay100%_Group9SampleA_Mon_Feb_23_03_41_25_2026,0.04953883588314048,0.2017625868320465,4.2779725995743965
RADLabs26_Feb23_GrafLab_Clay100%_Group9SampleA_Mon_Feb_23_03_41_25_2026,0.04953883588314048,0.2017625868320465,4.2779725995743965
RADLabs26_Feb23_GrafLab_Clay100%_Group9SampleA_Mon_Feb_23_03_41_25_2026,0.04953883588314048,0.2017625868320465,4.2779725995743965
RADLabs26_Feb23_GrafLab_Clay100%_Group9SampleA_Mon_Feb_23_03_41_25_2026,0.04953883588314048,0.2017625868320465,4.2779725995743965
RADLabs26_Feb23_GrafLab_Clay100%_Group9SampleA_Mon_Feb_23_03_41_25_2026,0.04953883588314048,0.2017625868320465,4.2779725995743965
RADLabs26_Feb23_GrafLab_Clay100%_Group9SampleA_Mon_Feb_23_03_41_25_2026,0.04953907430171958,0.2015071213245391,4.2779725995743965
RADLabs26_Feb23_GrafLab_Clay100%_Group9SampleA_Mon_Feb_23_03_41_25_2026,0.04953907430171958,0.2015071213245391,4.2779725995743965
RADLabs26_Feb23_GrafLab_Clay100%_Group9SampleA_Mon_Feb_23_03_41_25_2026,0.04953907430171958,0.2015071213245391,4.2779725995743965
RADLabs26_Feb23_GrafLab_Clay100%_Group9SampleA_Mon_Feb_23_03_41_25_2026,0.04953907430171958,0.2015071213245391,4.2779725995743965
RADLabs26_Feb23_GrafLab_Clay100%_Group9SampleA_Mon_Feb_23_03_41_25_2026,0.04953907430171958,0.2015071213245391,4.2779725995743965
RADLabs26_Feb23_GrafLab_Clay100%_Group9SampleA_Mon_Feb_23_03_41_25_2026,0.04953956604003898,0.2009935230016708,4.2779725995743965
RADLabs26_Feb23_GrafLab_Clay100%_Group9SampleA_Mon_Feb_23_03_41_25_2026,0.04953956604003898,0.2009935230016708,4.2779725995743965
RADLabs26_Feb23_GrafLab_Clay100%_Group9SampleA_Mon_Feb_23_03_41_25_2026,0.04953956604003898,0.2009935230016708,4.2779725995743965
RADLabs26_Feb23_GrafLab_Clay100%_Group9SampleA_Mon_Feb_23_03_41_25_2026,0.04953956604003898,0.2009935230016708,4.2779725995743965
RADLabs26_Feb23_GrafLab_Clay100%_Group9SampleA_Mon_Feb_23_03_41_25_2026,0.04953956604003898,0.2009935230016708,4.2779725995743965
RADLabs26_Feb23_GrafLab_Clay100%_Group9SampleA_Mon_Feb_23_03_41_25_2026,0.04953956604003898,0.2009935230016708,4.2779725995743965
RADLabs26_Feb23_GrafLab_Clay100%_Group9SampleA_Mon_Feb_23_03_41_25_2026,0.04953956604003898,0.2009935230016708,4.2779725995743965
RADLabs26_Feb23_GrafLab_Clay100%_Group9SampleA_Mon_Feb_23_03_41_25_2026,0.0495504885911941,0.1821846067905426,4.2779725995743965
RADLabs26_Feb23_GrafLab_Clay100%_Group9SampleA_Mon_Feb_23_03_41_25_2026,0.0495504885911941,0.1821846067905426,4.2779725995743965
RADLabs26_Feb23_GrafLab_Clay100%_Group9SampleA_Mon_Feb_23_03_41_25_2026,0.0495504885911941,0.1821846067905426,4.2779725995743965
RADLabs26_Feb23_GrafLab_Clay100%_Group9SampleA_Mon_Feb_23_03_41_25_2026,0.0495504885911941,0.1821846067905426,4.2779725995743965
RADLabs26_Feb23_GrafLab_Clay100%_Group9SampleA_Mon_Feb_23_03_41_25_2026,0.0495504885911941,0.1821846067905426,4.2779725995743965
RADLabs26_Feb23_GrafLab_Clay100%_Group9SampleA_Mon_Feb_23_03_41_25_2026,0.0495504885911941,0.1821846067905426,4.2779725995743965
RADLabs26_Feb23_GrafLab_Clay100%_Group9SampleA_Mon_Feb_23_03_41_25_2026,0.04955196380615229,0.1881681084632873,4.2779725995743965
RADLabs26_Feb23_GrafLab_Clay100%_Group9SampleA_Mon_Feb_23_03_41_25_2026,0.04955196380615229,0.1881681084632873,4.2779725995743965
RADLabs26_Feb23_GrafLab_Clay100%_Group9SampleA_Mon_Feb_23_03_41_25_2026,0.04955196380615229,0.1881681084632873,4.2779725995743965
RADLabs26_Feb23_GrafLab_Clay100%_Group9SampleA_Mon_Feb_23_03_41_25_2026,0.04955196380615229,0.1881681084632873,4.2779725995743965
RADLabs26_Feb23_GrafLab_Clay100%_Group9SampleA_Mon_Feb_23_03_41_25_2026,0.04955196380615229,0.1881681084632873,4.2779725995743965
RADLabs26_Feb23_GrafLab_Clay100%_Group9SampleA_Mon_Feb_23_03_41_25_2026,0.04955196380615229,0.1881681084632873,4.2779725995743965
RADLabs26_Feb23_GrafLab_Clay100%_Group9SampleA_Mon_Feb_23_03_41_25_2026,0.04955196380615229,0.1881681084632873,4.2779725995743965
RADLabs26_Feb23_GrafLab_Clay100%_Group9SampleA_Mon_Feb_23_03_41_25_2026,0.04955196380615229,0.1881681084632873,4.2779725995743965
RADLabs26_Feb23_GrafLab_Clay100%_Group9SampleA_Mon_Feb_23_03_41_25_2026,0.04955196380615229,0.1881681084632873,4.2779725995743965
RADLabs26_Feb23_GrafLab_Clay100%_Group9SampleA_Mon_Feb_23_03_41_25_2026,0.04955196380615229,0.1881681084632873,4.2779725995743965
RADLabs26_Feb23_GrafLab_Clay100%_Group9SampleA_Mon_Feb_23_03_41_25_2026,0.04955196380615229,0.1881681084632873,4.2779725995743965
RADLabs26_Feb23_GrafLab_Clay100%_Group9SampleA_Mon_Feb_23_03_41_25_2026,0.04955196380615229,0.1881681084632873,4.2779725995743965
RADLabs26_Feb23_GrafLab_Clay100%_Group9SampleA_Mon_Feb_23_03_41_25_2026,0.04955196380615229,0.1881681084632873,4.2779725995743965
RADLabs26_Feb23_GrafLab_Clay100%_Group9SampleA_Mon_Feb_23_03_41_25_2026,0.0495527237653732,0.1679399758577346,4.2779725995743965
RADLabs26_Feb23_GrafLab_Clay100%_Group9SampleA_Mon_Feb_23_03_41_25_2026,0.0495527237653732,0.1679399758577346,4.2779725995743965
RADLabs26_Feb23_GrafLab_Clay100%_Group9SampleA_Mon_Feb_23_03_41_25_2026,0.0495527237653732,0.1679399758577346,4.2779725995743965
RADLabs26_Feb23_GrafLab_Clay100%_Group9SampleA_Mon_Feb_23_03_41_25_2026,0.0495527237653732,0.1679399758577346,4.2779725995743965
RADLabs26_Feb23_GrafLab_Clay100%_Group9SampleA_Mon_Feb_23_03_41_25_2026,0.0495527237653732,0.1679399758577346,4.2779725995743965
RADLabs26_Feb23_GrafLab_Clay100%_Group9SampleA_Mon_Feb_23_03_41_25_2026,0.0495527237653732,0.1679399758577346,4.2779725995743965
RADLabs26_Feb23_GrafLab_Clay100%_Group9SampleA_Mon_Feb_23_03_41_25_2026,0.0495527237653732,0.1679399758577346,4.2779725995743965
RADLabs26_Feb23_GrafLab_Clay100%_Group9SampleA_Mon_Feb_23_03_41_25_2026,0.04955196380615229,0.1881681084632873,4.2779725995743965
RADLabs26_Feb23_GrafLab_Clay100%_Group9SampleA_Mon_Feb_23_03_41_25_2026,0.04955196380615229,0.1881681084632873,4.2779725995743965
RADLabs26_Feb23_GrafLab_Clay100%_Group9SampleA_Mon_Feb_23_03_41_25_2026,0.04955196380615229,0.1881681084632873,4.2779725995743965
RADLabs26_Feb23_GrafLab_Clay100%_Group9SampleA_Mon_Feb_23_03_41_25_2026,0.04955196380615229,0.1881681084632873,4.2779725995743965
RADLabs26_Feb23_GrafLab_Clay100%_Group9SampleA_Mon_Feb_23_03_41_25_2026,0.04955196380615229,0.1881681084632873,4.2779725995743965
RADLabs26_Feb23_GrafLab_Clay100%_Group9SampleA_Mon_Feb_23_03_41_25_2026,0.04955196380615229,0.1881681084632873,4.2779725995743965
RADLabs26_Feb23_GrafLab_Clay100%_Group9SampleA_Mon_Feb_23_03_41_25_2026,0.04955196380615229,0.1881681084632873,4.2779725995743965
RADLabs26_Feb23_GrafLab_Clay100%_Group9SampleA_Mon_Feb_23_03_41_25_2026,0.04955196380615229,0.1881681084632873,4.2779725995743965
RADLabs26_Feb23_GrafLab_Clay100%_Group9SampleA_Mon_Feb_23_03_41_25_2026,0.04955196380615229,0.1881681084632873,4.2779725995743965
RADLabs26_Feb23_GrafLab_Clay100%_Group9SampleA_Mon_Feb_23_03_41_25_2026,0.04955196380615229,0.1881681084632873,4.2779725995743965
RADLabs26_Feb23_GrafLab_Clay100%_Group9SampleA_Mon_Feb_23_03_41_25_2026,0.04955196380615229,0.1881681084632873,4.2779725995743965
RADLabs26_Feb23_GrafLab_Clay100%_Group9SampleA_Mon_Feb_23_03_41_25_2026,0.04955196380615229,0.1881681084632873,4.2779725995743965
RADLabs26_Feb23_GrafLab_Clay100%_Group9SampleA_Mon_Feb_23_03_41_25_2026,0.0495338439941406,0.2234976887702942,4.2779725995743965
RADLabs26_Feb23_GrafLab_Clay100%_Group9SampleA_Mon_Feb_23_03_41_25_2026,0.0495338439941406,0.2234976887702942,4.2779725995743965
RADLabs26_Feb23_GrafLab_Clay100%_Group9SampleA_Mon_Feb_23_03_41_25_2026,0.0495338439941406,0.2234976887702942,4.2779725995743965
RADLabs26_Feb23_GrafLab_Clay100%_Group9SampleA_Mon_Feb_23_03_41_25_2026,0.0495338439941406,0.2234976887702942,4.2779725995743965
RADLabs26_Feb23_GrafLab_Clay100%_Group9SampleA_Mon_Feb_23_03_41_25_2026,0.0495338439941406,0.2234976887702942,4.2779725995743965
RADLabs26_Feb23_GrafLab_Clay100%_Group9SampleA_Mon_Feb_23_03_41_25_2026,0.04954725503921509,0.1855183988809585,4.2779725995743965
RADLabs26_Feb23_GrafLab_Clay100%_Group9SampleA_Mon_Feb_23_03_41_25_2026,0.04954725503921509,0.1855183988809585,4.2779725995743965
RADLabs26_Feb23_GrafLab_Clay100%_Group9SampleA_Mon_Feb_23_03_41_25_2026,0.04954725503921509,0.1855183988809585,4.2779725995743965
RADLabs26_Feb23_GrafLab_Clay100%_Group9SampleA_Mon_Feb_23_03_41_25_2026,0.04954725503921509,0.1855183988809585,4.2779725995743965
RADLabs26_Feb23_GrafLab_Clay100%_Group9SampleA_Mon_Feb_23_03_41_25_2026,0.04954725503921509,0.1855183988809585,4.2779725995743965
RADLabs26_Feb23_GrafLab_Clay100%_Group9SampleA_Mon_Feb_23_03_41_25_2026,0.04955196380615229,0.1881681084632873,4.2779725995743965
RADLabs26_Feb23_GrafLab_Clay100%_Group9SampleA_Mon_Feb_23_03_41_25_2026,0.04955196380615229,0.1881681084632873,4.2779725995743965
RADLabs26_Feb23_GrafLab_Clay100%_Group9SampleA_Mon_Feb_23_03_41_25_2026,0.04955196380615229,0.1881681084632873,4.2779725995743965
RADLabs26_Feb23_GrafLab_Clay100%_Group9SampleA_Mon_Feb_23_03_41_25_2026,0.04955196380615229,0.1881681084632873,4.2779725995743965
RADLabs26_Feb23_GrafLab_Clay100%_Group9SampleA_Mon_Feb_23_03_41_25_2026,0.04955196380615229,0.1881681084632873,4.2779725995743965
RADLabs26_Feb23_GrafLab_Clay100%_Group9SampleA_Mon_Feb_23_03_41_25_2026,0.04955196380615229,0.1881681084632873,4.2779725995743965
RADLabs26_Feb23_GrafLab_Clay100%_Group9SampleA_Mon_Feb_23_03_41_25_2026,0.04954725503921509,0.170470044016838,4.2779725995743965
RADLabs26_Feb23_GrafLab_Clay100%_Group9SampleA_Mon_Feb_23_03_41_25_2026,0.04954725503921509,0.170470044016838,4.2779725995743965
RADLabs26_Feb23_GrafLab_Clay100%_Group9SampleA_Mon_Feb_23_03_41_25_2026,0.04954725503921509,0.170470044016838,4.2779725995743965
RADLabs26_Feb23_GrafLab_Clay100%_Group9SampleA_Mon_Feb_23_03_41_25_2026,0.04954725503921509,0.170470044016838,4.2779725995743965
RADLabs26_Feb23_GrafLab_Clay100%_Group9SampleA_Mon_Feb_23_03_41_25_2026,0.04954725503921509,0.170470044016838,4.2779725995743965
RADLabs26_Feb23_GrafLab_Clay100%_Group9SampleA_Mon_Feb_23_03_41_25_2026,0.04954725503921509,0.170470044016838,4.2779725995743965
RADLabs26_Feb23_GrafLab_Clay100%_Group9SampleA_Mon_Feb_23_03_41_25_2026,0.049540057778358404,0.2046324461698532,4.2779725995743965
RADLabs26_Feb23_GrafLab_Clay100%_Group9SampleA_Mon_Feb_23_03_41_25_2026,0.049540057778358404,0.2046324461698532,4.2779725995743965
RADLabs26_Feb23_GrafLab_Clay100%_Group9SampleA_Mon_Feb_23_03_41_25_2026,0.049540057778358404,0.2046324461698532,4.2779725995743965
RADLabs26_Feb23_GrafLab_Clay100%_Group9SampleA_Mon_Feb_23_03_41_25_2026,0.049540057778358404,0.2046324461698532,4.2779725995743965
RADLabs26_Feb23_GrafLab_Clay100%_Group9SampleA_Mon_Feb_23_03_41_25_2026,0.049540057778358404,0.2046324461698532,4.2779725995743965
RADLabs26_Feb23_GrafLab_Clay100%_Group9SampleA_Mon_Feb_23_03_41_25_2026,0.049540057778358404,0.2046324461698532,4.2779725995743965
RADLabs26_Feb23_GrafLab_Clay100%_Group9SampleA_Mon_Feb_23_03_41_25_2026,0.049540057778358404,0.2046324461698532,4.2779725995743965
RADLabs26_Feb23_GrafLab_Clay100%_Group9SampleA_Mon_Feb_23_03_41_25_2026,0.049540057778358404,0.2046324461698532,4.2779725995743965
RADLabs26_Feb23_GrafLab_Clay100%_Group9SampleA_Mon_Feb_23_03_41_25_2026,0.049543514847755404,0.1893662214279174,4.2779725995743965
RADLabs26_Feb23_GrafLab_Clay100%_Group9SampleA_Mon_Feb_23_03_41_25_2026,0.049543514847755404,0.1893662214279174,4.2779725995743965
RADLabs26_Feb23_GrafLab_Clay100%_Group9SampleA_Mon_Feb_23_03_41_25_2026,0.049543514847755404,0.1893662214279174,4.2779725995743965
RADLabs26_Feb23_GrafLab_Clay100%_Group9SampleA_Mon_Feb_23_03_41_25_2026,0.049543514847755404,0.1893662214279174,4.2779725995743965
RADLabs26_Feb23_GrafLab_Clay100%_Group9SampleA_Mon_Feb_23_03_41_25_2026,0.049543514847755404,0.1893662214279174,4.2779725995743965
RADLabs26_Feb23_GrafLab_Clay100%_Group9SampleA_Mon_Feb_23_03_41_25_2026,0.049543514847755404,0.1893662214279174,4.2779725995743965
RADLabs26_Feb23_GrafLab_Clay100%_Group9SampleA_Mon_Feb_23_03_41_25_2026,0.049543514847755404,0.1893662214279174,4.2779725995743965
RADLabs26_Feb23_GrafLab_Clay100%_Group9SampleA_Mon_Feb_23_03_41_25_2026,0.04955196380615229,0.1881681084632873,4.2779725995743965
RADLabs26_Feb23_GrafLab_Clay100%_Group9SampleA_Mon_Feb_23_03_41_25_2026,0.04955196380615229,0.1881681084632873,4.2779725995743965
RADLabs26_Feb23_GrafLab_Clay100%_Group9SampleA_Mon_Feb_23_03_41_25_2026,0.04955196380615229,0.1881681084632873,4.2779725995743965
RADLabs26_Feb23_GrafLab_Clay100%_Group9SampleA_Mon_Feb_23_03_41_25_2026,0.04955196380615229,0.1881681084632873,4.2779725995743965
RADLabs26_Feb23_GrafLab_Clay100%_Group9SampleA_Mon_Feb_23_03_41_25_2026,0.04955196380615229,0.1881681084632873,4.2779725995743965
RADLabs26_Feb23_GrafLab_Clay100%_Group9SampleA_Mon_Feb_23_03_41_25_2026,0.04955196380615229,0.1881681084632873,4.2779725995743965
RADLabs26_Feb23_GrafLab_Clay100%_Group9SampleA_Mon_Feb_23_03_41_25_2026,0.04955196380615229,0.1881681084632873,4.2779725995743965
RADLabs26_Feb23_GrafLab_Clay100%_Group9SampleA_Mon_Feb_23_03_41_25_2026,0.04955196380615229,0.1881681084632873,4.2779725995743965
RADLabs26_Feb23_GrafLab_Clay100%_Group9SampleA_Mon_Feb_23_03_41_25_2026,0.04955196380615229,0.1881681084632873,4.2779725995743965
RADLabs26_Feb23_GrafLab_Clay100%_Group9SampleA_Mon_Feb_23_03_41_25_2026,0.04955196380615229,0.1881681084632873,4.2779725995743965
RADLabs26_Feb23_GrafLab_Clay100%_Group9SampleA_Mon_Feb_23_03_41_25_2026,0.04955196380615229,0.1881681084632873,4.2779725995743965
RADLabs26_Feb23_GrafLab_Clay100%_Group9SampleA_Mon_Feb_23_03_41_25_2026,0.04955196380615229,0.1881681084632873,4.2779725995743965
RADLabs26_Feb23_GrafLab_Clay100%_Group9SampleA_Mon_Feb_23_03_41_25_2026,0.04955196380615229,0.1881681084632873,4.2779725995743965
RADLabs26_Feb23_GrafLab_Clay100%_Group9SampleA_Mon_Feb_23_03_41_25_2026,0.04955196380615229,0.1881681084632873,4.2779725995743965
RADLabs26_Feb23_GrafLab_Clay100%_Group9SampleA_Mon_Feb_23_03_41_25_2026,0.04955196380615229,0.1881681084632873,4.2779725995743965
RADLabs26_Feb23_GrafLab_Clay100%_Group9SampleA_Mon_Feb_23_03_41_25_2026,0.04955196380615229,0.1881681084632873,4.2779725995743965
RADLabs26_Feb23_GrafLab_Clay100%_Group9SampleA_Mon_Feb_23_03_41_25_2026,0.04955196380615229,0.1881681084632873,4.2779725995743965
RADLabs26_Feb23_GrafLab_Clay100%_Group9SampleA_Mon_Feb_23_03_41_25_2026,0.04952789843082428,0.213050365447998,4.2779725995743965
RADLabs26_Feb23_GrafLab_Clay100%_Group9SampleA_Mon_Feb_23_03_41_25_2026,0.04952789843082428,0.213050365447998,4.2779725995743965
RADLabs26_Feb23_GrafLab_Clay100%_Group9SampleA_Mon_Feb_23_03_41_25_2026,0.04952789843082428,0.213050365447998,4.2779725995743965
RADLabs26_Feb23_GrafLab_Clay100%_Group9SampleA_Mon_Feb_23_03_41_25_2026,0.04952789843082428,0.213050365447998,4.2779725995743965
RADLabs26_Feb23_GrafLab_Clay100%_Group9SampleA_Mon_Feb_23_03_41_25_2026,0.04952789843082428,0.213050365447998,4.2779725995743965
RADLabs26_Feb23_GrafLab_Clay100%_Group9SampleA_Mon_Feb_23_03_41_25_2026,0.04952789843082428,0.213050365447998,4.2779725995743965
RADLabs26_Feb23_GrafLab_Clay100%_Group9SampleA_Mon_Feb_23_03_41_25_2026,0.049524426460266086,0.2239063680171966,4.2779725995743965
RADLabs26_Feb23_GrafLab_Clay100%_Group9SampleA_Mon_Feb_23_03_41_25_2026,0.049524426460266086,0.2239063680171966,4.2779725995743965
RADLabs26_Feb23_GrafLab_Clay100%_Group9SampleA_Mon_Feb_23_03_41_25_2026,0.049524426460266086,0.2239063680171966,4.2779725995743965
RADLabs26_Feb23_GrafLab_Clay100%_Group9SampleA_Mon_Feb_23_03_41_25_2026,0.049524426460266086,0.2239063680171966,4.2779725995743965
RADLabs26_Feb23_GrafLab_Clay100%_Group9SampleA_Mon_Feb_23_03_41_25_2026,0.049524426460266086,0.2239063680171966,4.2779725995743965
RADLabs26_Feb23_GrafLab_Clay100%_Group9SampleA_Mon_Feb_23_03_41_25_2026,0.04955196380615229,0.1881681084632873,4.2779725995743965
RADLabs26_Feb23_GrafLab_Clay100%_Group9SampleA_Mon_Feb_23_03_41_25_2026,0.04955196380615229,0.1881681084632873,4.2779725995743965
RADLabs26_Feb23_GrafLab_Clay100%_Group9SampleA_Mon_Feb_23_03_41_25_2026,0.04955196380615229,0.1881681084632873,4.2779725995743965
RADLabs26_Feb23_GrafLab_Clay100%_Group9SampleA_Mon_Feb_23_03_41_25_2026,0.04955196380615229,0.1881681084632873,4.2779725995743965
RADLabs26_Feb23_GrafLab_Clay100%_Group9SampleA_Mon_Feb_23_03_41_25_2026,0.04955196380615229,0.1881681084632873,4.2779725995743965
RADLabs26_Feb23_GrafLab_Clay100%_Group9SampleA_Mon_Feb_23_03_41_25_2026,0.04955196380615229,0.1881681084632873,4.2779725995743965
RADLabs26_Feb23_GrafLab_Clay100%_Group9SampleA_Mon_Feb_23_03_41_25_2026,0.04955196380615229,0.1881681084632873,4.2779725995743965
RADLabs26_Feb23_GrafLab_Clay100%_Group9SampleA_Mon_Feb_23_03_41_25_2026,0.04955196380615229,0.1881681084632873,4.2779725995743965
RADLabs26_Feb23_GrafLab_Clay100%_Group9SampleA_Mon_Feb_23_03_41_25_2026,0.04955196380615229,0.1881681084632873,4.2779725995743965
RADLabs26_Feb23_GrafLab_Clay100%_Group9SampleA_Mon_Feb_23_03_41_25_2026,0.04955196380615229,0.1881681084632873,4.2779725995743965
RADLabs26_Feb23_GrafLab_Clay100%_Group9SampleA_Mon_Feb_23_03_41_25_2026,0.04955196380615229,0.1881681084632873,4.2779725995743965
RADLabs26_Feb23_GrafLab_Clay100%_Group9SampleA_Mon_Feb_23_03_41_25_2026,0.04955196380615229,0.1881681084632873,4.2779725995743965
RADLabs26_Feb23_GrafLab_Clay100%_Group9SampleA_Mon_Feb_23_03_41_25_2026,0.049529641866683904,0.2330469340085983,4.2779725995743965
RADLabs26_Feb23_GrafLab_Clay100%_Group9SampleA_Mon_Feb_23_03_41_25_2026,0.049529641866683904,0.2330469340085983,4.2779725995743965
RADLabs26_Feb23_GrafLab_Clay100%_Group9SampleA_Mon_Feb_23_03_41_25_2026,0.049529641866683904,0.2330469340085983,4.2779725995743965
RADLabs26_Feb23_GrafLab_Clay100%_Group9SampleA_Mon_Feb_23_03_41_25_2026,0.049529641866683904,0.2330469340085983,4.2779725995743965
RADLabs26_Feb23_GrafLab_Clay100%_Group9SampleA_Mon_Feb_23_03_41_25_2026,0.049529641866683904,0.2330469340085983,4.2779725995743965
RADLabs26_Feb23_GrafLab_Clay100%_Group9SampleA_Mon_Feb_23_03_41_25_2026,0.049529641866683904,0.2330469340085983,4.2779725995743965
RADLabs26_Feb23_GrafLab_Clay100%_Group9SampleA_Mon_Feb_23_03_41_25_2026,0.049540057778358404,0.2004799246788025,4.2779725995743965
RADLabs26_Feb23_GrafLab_Clay100%_Group9SampleA_Mon_Feb_23_03_41_25_2026,0.049540057778358404,0.2004799246788025,4.2779725995743965
RADLabs26_Feb23_GrafLab_Clay100%_Group9SampleA_Mon_Feb_23_03_41_25_2026,0.049540057778358404,0.2004799246788025,4.2779725995743965
RADLabs26_Feb23_GrafLab_Clay100%_Group9SampleA_Mon_Feb_23_03_41_25_2026,0.049540057778358404,0.2004799246788025,4.2779725995743965
RADLabs26_Feb23_GrafLab_Clay100%_Group9SampleA_Mon_Feb_23_03_41_25_2026,0.049540057778358404,0.2004799246788025,4.2779725995743965
RADLabs26_Feb23_GrafLab_Clay100%_Group9SampleA_Mon_Feb_23_03_41_25_2026,0.049540057778358404,0.2004799246788025,4.2779725995743965
RADLabs26_Feb23_GrafLab_Clay100%_Group9SampleA_Mon_Feb_23_03_41_25_2026,0.049540057778358404,0.2004799246788025,4.2779725995743965
RADLabs26_Feb23_GrafLab_Clay100%_Group9SampleA_Mon_Feb_23_03_41_25_2026,0.049540057778358404,0.2004799246788025,4.2779725995743965
RADLabs26_Feb23_GrafLab_Clay100%_Group9SampleA_Mon_Feb_23_03_41_25_2026,0.049540057778358404,0.2004799246788025,4.2779725995743965
RADLabs26_Feb23_GrafLab_Clay100%_Group9SampleA_Mon_Feb_23_03_41_25_2026,0.049540057778358404,0.2004799246788025,4.2779725995743965
RADLabs26_Feb23_GrafLab_Clay100%_Group9SampleA_Mon_Feb_23_03_41_25_2026,0.049540057778358404,0.2004799246788025,4.2779725995743965
RADLabs26_Feb23_GrafLab_Clay100%_Group9SampleA_Mon_Feb_23_03_41_25_2026,0.049540057778358404,0.2004799246788025,4.2779725995743965
RADLabs26_Feb23_GrafLab_Clay100%_Group9SampleA_Mon_Feb_23_03_41_25_2026,0.049540057778358404,0.2004799246788025,4.2779725995743965
RADLabs26_Feb23_GrafLab_Clay100%_Group9SampleA_Mon_Feb_23_03_41_25_2026,0.049540057778358404,0.2004799246788025,4.2779725995743965
RADLabs26_Feb23_GrafLab_Clay100%_Group9SampleA_Mon_Feb_23_03_41_25_2026,0.049540057778358404,0.2004799246788025,4.2779725995743965
RADLabs26_Feb23_GrafLab_Clay100%_Group9SampleA_Mon_Feb_23_03_41_25_2026,0.049540057778358404,0.2004799246788025,4.2779725995743965
RADLabs26_Feb23_GrafLab_Clay100%_Group9SampleA_Mon_Feb_23_03_41_25_2026,0.049540057778358404,0.2004799246788025,4.2779725995743965
RADLabs26_Feb23_GrafLab_Clay100%_Group9SampleA_Mon_Feb_23_03_41_25_2026,0.04953856766223899,0.2020203322172165,4.2779725995743965
RADLabs26_Feb23_GrafLab_Clay100%_Group9SampleA_Mon_Feb_23_03_41_25_2026,0.04953856766223899,0.2020203322172165,4.2779725995743965
RADLabs26_Feb23_GrafLab_Clay100%_Group9SampleA_Mon_Feb_23_03_41_25_2026,0.04953856766223899,0.2020203322172165,4.2779725995743965
RADLabs26_Feb23_GrafLab_Clay100%_Group9SampleA_Mon_Feb_23_03_41_25_2026,0.04953856766223899,0.2020203322172165,4.2779725995743965
RADLabs26_Feb23_GrafLab_Clay100%_Group9SampleA_Mon_Feb_23_03_41_25_2026,0.04953856766223899,0.2020203322172165,4.2779725995743965
RADLabs26_Feb23_GrafLab_Clay100%_Group9SampleA_Mon_Feb_23_03_41_25_2026,0.04953856766223899,0.2020203322172165,4.2779725995743965
RADLabs26_Feb23_GrafLab_Clay100%_Group9SampleA_Mon_Feb_23_03_41_25_2026,0.04953856766223899,0.2020203322172165,4.2779725995743965
RADLabs26_Feb23_GrafLab_Clay100%_Group9SampleA_Mon_Feb_23_03_41_25_2026,0.04953856766223899,0.2020203322172165,4.2779725995743965
RADLabs26_Feb23_GrafLab_Clay100%_Group9SampleA_Mon_Feb_23_03_41_25_2026,0.04953856766223899,0.2020203322172165,4.2779725995743965
RADLabs26_Feb23_GrafLab_Clay100%_Group9SampleA_Mon_Feb_23_03_41_25_2026,0.04953856766223899,0.2020203322172165,4.2779725995743965
RADLabs26_Feb23_GrafLab_Clay100%_Group9SampleA_Mon_Feb_23_03_41_25_2026,0.04953856766223899,0.2020203322172165,4.2779725995743965
RADLabs26_Feb23_GrafLab_Clay100%_Group9SampleA_Mon_Feb_23_03_41_25_2026,0.04953856766223899,0.2020203322172165,4.2779725995743965
RADLabs26_Feb23_GrafLab_Clay100%_Group9SampleA_Mon_Feb_23_03_41_25_2026,0.04953856766223899,0.2020203322172165,4.2779725995743965
RADLabs26_Feb23_GrafLab_Clay100%_Group9SampleA_Mon_Feb_23_03_41_25_2026,0.04953856766223899,0.2020203322172165,4.2779725995743965
RADLabs26_Feb23_GrafLab_Clay100%_Group9SampleA_Mon_Feb_23_03_41_25_2026,0.049553707242011996,0.1791088879108429,4.2779725995743965
RADLabs26_Feb23_GrafLab_Clay100%_Group9SampleA_Mon_Feb_23_03_41_25_2026,0.049553707242011996,0.1791088879108429,4.2779725995743965
RADLabs26_Feb23_GrafLab_Clay100%_Group9SampleA_Mon_Feb_23_03_41_25_2026,0.049553707242011996,0.1791088879108429,4.2779725995743965
RADLabs26_Feb23_GrafLab_Clay100%_Group9SampleA_Mon_Feb_23_03_41_25_2026,0.049553707242011996,0.1791088879108429,4.2779725995743965
RADLabs26_Feb23_GrafLab_Clay100%_Group9SampleA_Mon_Feb_23_03_41_25_2026,0.049553707242011996,0.1791088879108429,4.2779725995743965
RADLabs26_Feb23_GrafLab_Clay100%_Group9SampleA_Mon_Feb_23_03_41_25_2026,0.04952740669250488,0.2395066767930984,4.2779725995743965
RADLabs26_Feb23_GrafLab_Clay100%_Group9SampleA_Mon_Feb_23_03_41_25_2026,0.04952740669250488,0.2395066767930984,4.2779725995743965
RADLabs26_Feb23_GrafLab_Clay100%_Group9SampleA_Mon_Feb_23_03_41_25_2026,0.04952740669250488,0.2395066767930984,4.2779725995743965
RADLabs26_Feb23_GrafLab_Clay100%_Group9SampleA_Mon_Feb_23_03_41_25_2026,0.04954454302787778,0.1883390545845031,4.2779725995743965
RADLabs26_Feb23_GrafLab_Clay100%_Group9SampleA_Mon_Feb_23_03_41_25_2026,0.04954454302787778,0.1883390545845031,4.2779725995743965
RADLabs26_Feb23_GrafLab_Clay100%_Group9SampleA_Mon_Feb_23_03_41_25_2026,0.04954454302787778,0.1883390545845031,4.2779725995743965
RADLabs26_Feb23_GrafLab_Clay100%_Group9SampleA_Mon_Feb_23_03_41_25_2026,0.04954454302787778,0.1883390545845031,4.2779725995743965
RADLabs26_Feb23_GrafLab_Clay100%_Group9SampleA_Mon_Feb_23_03_41_25_2026,0.04954454302787778,0.1883390545845031,4.2779725995743965
RADLabs26_Feb23_GrafLab_Clay100%_Group9SampleA_Mon_Feb_23_03_41_25_2026,0.04955196380615229,0.1881681084632873,4.2779725995743965
RADLabs26_Feb23_GrafLab_Clay100%_Group9SampleA_Mon_Feb_23_03_41_25_2026,0.04955196380615229,0.1881681084632873,4.2779725995743965
RADLabs26_Feb23_GrafLab_Clay100%_Group9SampleA_Mon_Feb_23_03_41_25_2026,0.04955196380615229,0.1881681084632873,4.2779725995743965
RADLabs26_Feb23_GrafLab_Clay100%_Group9SampleA_Mon_Feb_23_03_41_25_2026,0.04955196380615229,0.1881681084632873,4.2779725995743965
RADLabs26_Feb23_GrafLab_Clay100%_Group9SampleA_Mon_Feb_23_03_41_25_2026,0.04955196380615229,0.1881681084632873,4.2779725995743965
RADLabs26_Feb23_GrafLab_Clay100%_Group9SampleA_Mon_Feb_23_03_41_25_2026,0.04955196380615229,0.1881681084632873,4.2779725995743965
RADLabs26_Feb23_GrafLab_Clay100%_Group9SampleA_Mon_Feb_23_03_41_25_2026,0.04952789843082428,0.213050365447998,4.2779725995743965
RADLabs26_Feb23_GrafLab_Clay100%_Group9SampleA_Mon_Feb_23_03_41_25_2026,0.04952789843082428,0.213050365447998,4.2779725995743965
RADLabs26_Feb23_GrafLab_Clay100%_Group9SampleA_Mon_Feb_23_03_41_25_2026,0.04952789843082428,0.213050365447998,4.2779725995743965
RADLabs26_Feb23_GrafLab_Clay100%_Group9SampleA_Mon_Feb_23_03_41_25_2026,0.04952789843082428,0.213050365447998,4.2779725995743965
RADLabs26_Feb23_GrafLab_Clay100%_Group9SampleA_Mon_Feb_23_03_41_25_2026,0.04952789843082428,0.213050365447998,4.2779725995743965
RADLabs26_Feb23_GrafLab_Clay100%_Group9SampleA_Mon_Feb_23_03_41_25_2026,0.04952789843082428,0.213050365447998,4.2779725995743965
RADLabs26_Feb23_GrafLab_Clay100%_Group9SampleA_Mon_Feb_23_03_41_25_2026,0.04952789843082428,0.213050365447998,4.2779725995743965
RADLabs26_Feb23_GrafLab_Clay100%_Group9SampleA_Mon_Feb_23_03_41_25_2026,0.04952789843082428,0.213050365447998,4.2779725995743965
RADLabs26_Feb23_GrafLab_Clay100%_Group9SampleA_Mon_Feb_23_03_41_25_2026,0.04952789843082428,0.213050365447998,4.2779725995743965
RADLabs26_Feb23_GrafLab_Clay100%_Group9SampleA_Mon_Feb_23_03_41_25_2026,0.04952789843082428,0.213050365447998,4.2779725995743965
RADLabs26_Feb23_GrafLab_Clay100%_Group9SampleA_Mon_Feb_23_03_41_25_2026,0.04952789843082428,0.213050365447998,4.2779725995743965
RADLabs26_Feb23_GrafLab_Clay100%_Group9SampleA_Mon_Feb_23_03_41_25_2026,0.04952789843082428,0.213050365447998,4.2779725995743965
RADLabs26_Feb23_GrafLab_Clay100%_Group9SampleA_Mon_Feb_23_03_41_25_2026,0.04955196380615229,0.1881681084632873,4.2779725995743965
RADLabs26_Feb23_GrafLab_Clay100%_Group9SampleA_Mon_Feb_23_03_41_25_2026,0.04955196380615229,0.1881681084632873,4.2779725995743965
RADLabs26_Feb23_GrafLab_Clay100%_Group9SampleA_Mon_Feb_23_03_41_25_2026,0.04955196380615229,0.1881681084632873,4.2779725995743965
RADLabs26_Feb23_GrafLab_Clay100%_Group9SampleA_Mon_Feb_23_03_41_25_2026,0.04955196380615229,0.1881681084632873,4.2779725995743965
RADLabs26_Feb23_GrafLab_Clay100%_Group9SampleA_Mon_Feb_23_03_41_25_2026,0.04955196380615229,0.1881681084632873,4.2779725995743965
RADLabs26_Feb23_GrafLab_Clay100%_Group9SampleA_Mon_Feb_23_03_41_25_2026,0.04955196380615229,0.1881681084632873,4.2779725995743965
RADLabs26_Feb23_GrafLab_Clay100%_Group9SampleA_Mon_Feb_23_03_41_25_2026,0.049531623721122686,0.2237317115068435,4.2779725995743965
RADLabs26_Feb23_GrafLab_Clay100%_Group9SampleA_Mon_Feb_23_03_41_25_2026,0.049531623721122686,0.2237317115068435,4.2779725995743965
RADLabs26_Feb23_GrafLab_Clay100%_Group9SampleA_Mon_Feb_23_03_41_25_2026,0.049531623721122686,0.2237317115068435,4.2779725995743965
RADLabs26_Feb23_GrafLab_Clay100%_Group9SampleA_Mon_Feb_23_03_41_25_2026,0.049531623721122686,0.2237317115068435,4.2779725995743965
RADLabs26_Feb23_GrafLab_Clay100%_Group9SampleA_Mon_Feb_23_03_41_25_2026,0.049531623721122686,0.2237317115068435,4.2779725995743965
RADLabs26_Feb23_GrafLab_Clay100%_Group9SampleA_Mon_Feb_23_03_41_25_2026,0.049531623721122686,0.2237317115068435,4.2779725995743965
RADLabs26_Feb23_GrafLab_Clay100%_Group9SampleA_Mon_Feb_23_03_41_25_2026,0.049531623721122686,0.2237317115068435,4.2779725995743965
RADLabs26_Feb23_GrafLab_Clay100%_Group9SampleA_Mon_Feb_23_03_41_25_2026,0.04955196380615229,0.1881681084632873,4.2779725995743965
RADLabs26_Feb23_GrafLab_Clay100%_Group9SampleA_Mon_Feb_23_03_41_25_2026,0.04955196380615229,0.1881681084632873,4.2779725995743965
RADLabs26_Feb23_GrafLab_Clay100%_Group9SampleA_Mon_Feb_23_03_41_25_2026,0.04955196380615229,0.1881681084632873,4.2779725995743965
RADLabs26_Feb23_GrafLab_Clay100%_Group9SampleA_Mon_Feb_23_03_41_25_2026,0.04955196380615229,0.1881681084632873,4.2779725995743965
RADLabs26_Feb23_GrafLab_Clay100%_Group9SampleA_Mon_Feb_23_03_41_25_2026,0.04955196380615229,0.1881681084632873,4.2779725995743965
RADLabs26_Feb23_GrafLab_Clay100%_Group9SampleA_Mon_Feb_23_03_41_25_2026,0.04955196380615229,0.1881681084632873,4.2779725995743965
RADLabs26_Feb23_GrafLab_Clay100%_Group9SampleA_Mon_Feb_23_03_41_25_2026,0.04955196380615229,0.1881681084632873,4.2779725995743965
RADLabs26_Feb23_GrafLab_Clay100%_Group9SampleA_Mon_Feb_23_03_41_25_2026,0.04955196380615229,0.1881681084632873,4.2779725995743965
RADLabs26_Feb23_GrafLab_Clay100%_Group9SampleA_Mon_Feb_23_03_41_25_2026,0.04955196380615229,0.1881681084632873,4.2779725995743965
RADLabs26_Feb23_GrafLab_Clay100%_Group9SampleA_Mon_Feb_23_03_41_25_2026,0.04955419898033139,0.1783368289470672,4.2779725995743965
RADLabs26_Feb23_GrafLab_Clay100%_Group9SampleA_Mon_Feb_23_03_41_25_2026,0.04955419898033139,0.1783368289470672,4.2779725995743965
RADLabs26_Feb23_GrafLab_Clay100%_Group9SampleA_Mon_Feb_23_03_41_25_2026,0.04955419898033139,0.1783368289470672,4.2779725995743965
RADLabs26_Feb23_GrafLab_Clay100%_Group9SampleA_Mon_Feb_23_03_41_25_2026,0.04955419898033139,0.1783368289470672,4.2779725995743965
RADLabs26_Feb23_GrafLab_Clay100%_Group9SampleA_Mon_Feb_23_03_41_25_2026,0.04955419898033139,0.1783368289470672,4.2779725995743965
RADLabs26_Feb23_GrafLab_Clay100%_Group9SampleA_Mon_Feb_23_03_41_25_2026,0.04955419898033139,0.1783368289470672,4.2779725995743965
RADLabs26_Feb23_GrafLab_Clay100%_Group9SampleA_Mon_Feb_23_03_41_25_2026,0.049543783068656894,0.1966323107481002,4.2779725995743965
RADLabs26_Feb23_GrafLab_Clay100%_Group9SampleA_Mon_Feb_23_03_41_25_2026,0.049543783068656894,0.1966323107481002,4.2779725995743965
RADLabs26_Feb23_GrafLab_Clay100%_Group9SampleA_Mon_Feb_23_03_41_25_2026,0.049543783068656894,0.1966323107481002,4.2779725995743965
RADLabs26_Feb23_GrafLab_Clay100%_Group9SampleA_Mon_Feb_23_03_41_25_2026,0.049543783068656894,0.1966323107481002,4.2779725995743965
RADLabs26_Feb23_GrafLab_Clay100%_Group9SampleA_Mon_Feb_23_03_41_25_2026,0.049543783068656894,0.1966323107481002,4.2779725995743965
RADLabs26_Feb23_GrafLab_Clay100%_Group9SampleA_Mon_Feb_23_03_41_25_2026,0.049543783068656894,0.1966323107481002,4.2779725995743965
RADLabs26_Feb23_GrafLab_Clay100%_Group9SampleA_Mon_Feb_23_03_41_25_2026,0.049550980329513494,0.1819294989109039,4.2779725995743965
RADLabs26_Feb23_GrafLab_Clay100%_Group9SampleA_Mon_Feb_23_03_41_25_2026,0.049550980329513494,0.1819294989109039,4.2779725995743965
RADLabs26_Feb23_GrafLab_Clay100%_Group9SampleA_Mon_Feb_23_03_41_25_2026,0.049550980329513494,0.1819294989109039,4.2779725995743965
RADLabs26_Feb23_GrafLab_Clay100%_Group9SampleA_Mon_Feb_23_03_41_25_2026,0.049550980329513494,0.1819294989109039,4.2779725995743965
RADLabs26_Feb23_GrafLab_Clay100%_Group9SampleA_Mon_Feb_23_03_41_25_2026,0.049550980329513494,0.1819294989109039,4.2779725995743965
RADLabs26_Feb23_GrafLab_Clay100%_Group9SampleA_Mon_Feb_23_03_41_25_2026,0.049550980329513494,0.1819294989109039,4.2779725995743965
RADLabs26_Feb23_GrafLab_Clay100%_Group9SampleA_Mon_Feb_23_03_41_25_2026,0.049550980329513494,0.1819294989109039,4.2779725995743965
RADLabs26_Feb23_GrafLab_Clay100%_Group9SampleA_Mon_Feb_23_03_41_25_2026,0.04953633248806,0.2279371917247772,4.2779725995743965
RADLabs26_Feb23_GrafLab_Clay100%_Group9SampleA_Mon_Feb_23_03_41_25_2026,0.04953633248806,0.2279371917247772,4.2779725995743965
RADLabs26_Feb23_GrafLab_Clay100%_Group9SampleA_Mon_Feb_23_03_41_25_2026,0.04953633248806,0.2279371917247772,4.2779725995743965
RADLabs26_Feb23_GrafLab_Clay100%_Group9SampleA_Mon_Feb_23_03_41_25_2026,0.04953633248806,0.2279371917247772,4.2779725995743965
RADLabs26_Feb23_GrafLab_Clay100%_Group9SampleA_Mon_Feb_23_03_41_25_2026,0.04953633248806,0.2279371917247772,4.2779725995743965
RADLabs26_Feb23_GrafLab_Clay100%_Group9SampleA_Mon_Feb_23_03_41_25_2026,0.04955196380615229,0.1881681084632873,4.2779725995743965
RADLabs26_Feb23_GrafLab_Clay100%_Group9SampleA_Mon_Feb_23_03_41_25_2026,0.04955196380615229,0.1881681084632873,4.2779725995743965
RADLabs26_Feb23_GrafLab_Clay100%_Group9SampleA_Mon_Feb_23_03_41_25_2026,0.04955196380615229,0.1881681084632873,4.2779725995743965
RADLabs26_Feb23_GrafLab_Clay100%_Group9SampleA_Mon_Feb_23_03_41_25_2026,0.04955196380615229,0.1881681084632873,4.2779725995743965
RADLabs26_Feb23_GrafLab_Clay100%_Group9SampleA_Mon_Feb_23_03_41_25_2026,0.04955196380615229,0.1881681084632873,4.2779725995743965
RADLabs26_Feb23_GrafLab_Clay100%_Group9SampleA_Mon_Feb_23_03_41_25_2026,0.049533367156982394,0.2299768477678299,4.2779725995743965
RADLabs26_Feb23_GrafLab_Clay100%_Group9SampleA_Mon_Feb_23_03_41_25_2026,0.049533367156982394,0.2299768477678299,4.2779725995743965
RADLabs26_Feb23_GrafLab_Clay100%_Group9SampleA_Mon_Feb_23_03_41_25_2026,0.049533367156982394,0.2299768477678299,4.2779725995743965
RADLabs26_Feb23_GrafLab_Clay100%_Group9SampleA_Mon_Feb_23_03_41_25_2026,0.049533367156982394,0.2299768477678299,4.2779725995743965
RADLabs26_Feb23_GrafLab_Clay100%_Group9SampleA_Mon_Feb_23_03_41_25_2026,0.049533367156982394,0.2299768477678299,4.2779725995743965
RADLabs26_Feb23_GrafLab_Clay100%_Group9SampleA_Mon_Feb_23_03_41_25_2026,0.049533367156982394,0.2299768477678299,4.2779725995743965
RADLabs26_Feb23_GrafLab_Clay100%_Group9SampleA_Mon_Feb_23_03_41_25_2026,0.04955196380615229,0.1881681084632873,4.2779725995743965
RADLabs26_Feb23_GrafLab_Clay100%_Group9SampleA_Mon_Feb_23_03_41_25_2026,0.04955196380615229,0.1881681084632873,4.2779725995743965
RADLabs26_Feb23_GrafLab_Clay100%_Group9SampleA_Mon_Feb_23_03_41_25_2026,0.04955196380615229,0.1881681084632873,4.2779725995743965
RADLabs26_Feb23_GrafLab_Clay100%_Group9SampleA_Mon_Feb_23_03_41_25_2026,0.04955196380615229,0.1881681084632873,4.2779725995743965
RADLabs26_Feb23_GrafLab_Clay100%_Group9SampleA_Mon_Feb_23_03_41_25_2026,0.049543783068656894,0.1966323107481002,4.2779725995743965
RADLabs26_Feb23_GrafLab_Clay100%_Group9SampleA_Mon_Feb_23_03_41_25_2026,0.049543783068656894,0.1966323107481002,4.2779725995743965
RADLabs26_Feb23_GrafLab_Clay100%_Group9SampleA_Mon_Feb_23_03_41_25_2026,0.049543783068656894,0.1966323107481002,4.2779725995743965
RADLabs26_Feb23_GrafLab_Clay100%_Group9SampleA_Mon_Feb_23_03_41_25_2026,0.049543783068656894,0.1966323107481002,4.2779725995743965
RADLabs26_Feb23_GrafLab_Clay100%_Group9SampleA_Mon_Feb_23_03_41_25_2026,0.049543783068656894,0.1966323107481002,4.2779725995743965
RADLabs26_Feb23_GrafLab_Clay100%_Group9SampleA_Mon_Feb_23_03_41_25_2026,0.049546509981155396,0.1862874180078506,4.2779725995743965
RADLabs26_Feb23_GrafLab_Clay100%_Group9SampleA_Mon_Feb_23_03_41_25_2026,0.049546509981155396,0.1862874180078506,4.2779725995743965
RADLabs26_Feb23_GrafLab_Clay100%_Group9SampleA_Mon_Feb_23_03_41_25_2026,0.049546509981155396,0.1862874180078506,4.2779725995743965
RADLabs26_Feb23_GrafLab_Clay100%_Group9SampleA_Mon_Feb_23_03_41_25_2026,0.049546509981155396,0.1862874180078506,4.2779725995743965
RADLabs26_Feb23_GrafLab_Clay100%_Group9SampleA_Mon_Feb_23_03_41_25_2026,0.049546509981155396,0.1862874180078506,4.2779725995743965
RADLabs26_Feb23_GrafLab_Clay100%_Group9SampleA_Mon_Feb_23_03_41_25_2026,0.049546509981155396,0.1862874180078506,4.2779725995743965
RADLabs26_Feb23_GrafLab_Clay100%_Group9SampleA_Mon_Feb_23_03_41_25_2026,0.04955196380615229,0.1881681084632873,4.2779725995743965
RADLabs26_Feb23_GrafLab_Clay100%_Group9SampleA_Mon_Feb_23_03_41_25_2026,0.04955196380615229,0.1881681084632873,4.2779725995743965
RADLabs26_Feb23_GrafLab_Clay100%_Group9SampleA_Mon_Feb_23_03_41_25_2026,0.04955196380615229,0.1881681084632873,4.2779725995743965
RADLabs26_Feb23_GrafLab_Clay100%_Group9SampleA_Mon_Feb_23_03_41_25_2026,0.04955196380615229,0.1881681084632873,4.2779725995743965
RADLabs26_Feb23_GrafLab_Clay100%_Group9SampleA_Mon_Feb_23_03_41_25_2026,0.04955196380615229,0.1881681084632873,4.2779725995743965
RADLabs26_Feb23_GrafLab_Clay100%_Group9SampleA_Mon_Feb_23_03_41_25_2026,0.049543783068656894,0.1966323107481002,4.2779725995743965
RADLabs26_Feb23_GrafLab_Clay100%_Group9SampleA_Mon_Feb_23_03_41_25_2026,0.049543783068656894,0.1966323107481002,4.2779725995743965
RADLabs26_Feb23_GrafLab_Clay100%_Group9SampleA_Mon_Feb_23_03_41_25_2026,0.049543783068656894,0.1966323107481002,4.2779725995743965
RADLabs26_Feb23_GrafLab_Clay100%_Group9SampleA_Mon_Feb_23_03_41_25_2026,0.049543783068656894,0.1966323107481002,4.2779725995743965
RADLabs26_Feb23_GrafLab_Clay100%_Group9SampleA_Mon_Feb_23_03_41_25_2026,0.049543783068656894,0.1966323107481002,4.2779725995743965
RADLabs26_Feb23_GrafLab_Clay100%_Group9SampleA_Mon_Feb_23_03_41_25_2026,0.049543783068656894,0.1966323107481002,4.2779725995743965
RADLabs26_Feb23_GrafLab_Clay100%_Group9SampleA_Mon_Feb_23_03_41_25_2026,0.049543783068656894,0.1966323107481002,4.2779725995743965
RADLabs26_Feb23_GrafLab_Clay100%_Group9SampleA_Mon_Feb_23_03_41_25_2026,0.049543783068656894,0.1966323107481002,4.2779725995743965
RADLabs26_Feb23_GrafLab_Clay100%_Group9SampleA_Mon_Feb_23_03_41_25_2026,0.049543783068656894,0.1966323107481002,4.2779725995743965
RADLabs26_Feb23_GrafLab_Clay100%_Group9SampleA_Mon_Feb_23_03_41_25_2026,0.049543783068656894,0.1966323107481002,4.2779725995743965
RADLabs26_Feb23_GrafLab_Clay100%_Group9SampleA_Mon_Feb_23_03_41_25_2026,0.049543783068656894,0.1966323107481002,4.2779725995743965
RADLabs26_Feb23_GrafLab_Clay100%_Group9SampleA_Mon_Feb_23_03_41_25_2026,0.049543783068656894,0.1966323107481002,4.2779725995743965
RADLabs26_Feb23_GrafLab_Clay100%_Group9SampleA_Mon_Feb_23_03_41_25_2026,0.049543783068656894,0.1966323107481002,4.2779725995743965
RADLabs26_Feb23_GrafLab_Clay100%_Group9SampleA_Mon_Feb_23_03_41_25_2026,0.049543783068656894,0.1966323107481002,4.2779725995743965
RADLabs26_Feb23_GrafLab_Clay100%_Group9SampleA_Mon_Feb_23_03_41_25_2026,0.049543783068656894,0.1966323107481002,4.2779725995743965
RADLabs26_Feb23_GrafLab_Clay100%_Group9SampleA_Mon_Feb_23_03_41_25_2026,0.049543052911758395,0.1974013298749923,4.2779725995743965
RADLabs26_Feb23_GrafLab_Clay100%_Group9SampleA_Mon_Feb_23_03_41_25_2026,0.049543052911758395,0.1974013298749923,4.2779725995743965
RADLabs26_Feb23_GrafLab_Clay100%_Group9SampleA_Mon_Feb_23_03_41_25_2026,0.049543052911758395,0.1974013298749923,4.2779725995743965
RADLabs26_Feb23_GrafLab_Clay100%_Group9SampleA_Mon_Feb_23_03_41_25_2026,0.049543052911758395,0.1974013298749923,4.2779725995743965
RADLabs26_Feb23_GrafLab_Clay100%_Group9SampleA_Mon_Feb_23_03_41_25_2026,0.049543052911758395,0.1974013298749923,4.2779725995743965
RADLabs26_Feb23_GrafLab_Clay100%_Group9SampleA_Mon_Feb_23_03_41_25_2026,0.049543052911758395,0.1974013298749923,4.2779725995743965
RADLabs26_Feb23_GrafLab_Clay100%_Group9SampleA_Mon_Feb_23_03_41_25_2026,0.049543052911758395,0.1974013298749923,4.2779725995743965
RADLabs26_Feb23_GrafLab_Clay100%_Group9SampleA_Mon_Feb_23_03_41_25_2026,0.049543052911758395,0.1974013298749923,4.2779725995743965
RADLabs26_Feb23_GrafLab_Clay100%_Group9SampleA_Mon_Feb_23_03_41_25_2026,0.049543052911758395,0.1974013298749923,4.2779725995743965
RADLabs26_Feb23_GrafLab_Clay100%_Group9SampleA_Mon_Feb_23_03_41_25_2026,0.049543052911758395,0.1903965473175048,4.2779725995743965
RADLabs26_Feb23_GrafLab_Clay100%_Group9SampleA_Mon_Feb_23_03_41_25_2026,0.049543052911758395,0.1903965473175048,4.2779725995743965
RADLabs26_Feb23_GrafLab_Clay100%_Group9SampleA_Mon_Feb_23_03_41_25_2026,0.049543052911758395,0.1903965473175048,4.2779725995743965
RADLabs26_Feb23_GrafLab_Clay100%_Group9SampleA_Mon_Feb_23_03_41_25_2026,0.049543052911758395,0.1903965473175048,4.2779725995743965
RADLabs26_Feb23_GrafLab_Clay100%_Group9SampleA_Mon_Feb_23_03_41_25_2026,0.049543052911758395,0.1903965473175048,4.2779725995743965
RADLabs26_Feb23_GrafLab_Clay100%_Group9SampleA_Mon_Feb_23_03_41_25_2026,0.049543052911758395,0.1903965473175048,4.2779725995743965
RADLabs26_Feb23_GrafLab_Clay100%_Group9SampleA_Mon_Feb_23_03_41_25_2026,0.04955196380615229,0.1881681084632873,4.2779725995743965
RADLabs26_Feb23_GrafLab_Clay100%_Group9SampleA_Mon_Feb_23_03_41_25_2026,0.04955196380615229,0.1881681084632873,4.2779725995743965
RADLabs26_Feb23_GrafLab_Clay100%_Group9SampleA_Mon_Feb_23_03_41_25_2026,0.04955196380615229,0.1881681084632873,4.2779725995743965
RADLabs26_Feb23_GrafLab_Clay100%_Group9SampleA_Mon_Feb_23_03_41_25_2026,0.04955196380615229,0.1881681084632873,4.2779725995743965
RADLabs26_Feb23_GrafLab_Clay100%_Group9SampleA_Mon_Feb_23_03_41_25_2026,0.04955196380615229,0.1881681084632873,4.2779725995743965
RADLabs26_Feb23_GrafLab_Clay100%_Group9SampleA_Mon_Feb_23_03_41_25_2026,0.04955196380615229,0.1881681084632873,4.2779725995743965
RADLabs26_Feb23_GrafLab_Clay100%_Group9SampleA_Mon_Feb_23_03_41_25_2026,0.04955196380615229,0.1881681084632873,4.2779725995743965
RADLabs26_Feb23_GrafLab_Clay100%_Group9SampleA_Mon_Feb_23_03_41_25_2026,0.04955196380615229,0.1881681084632873,4.2779725995743965
RADLabs26_Feb23_GrafLab_Clay100%_Group9SampleA_Mon_Feb_23_03_41_25_2026,0.04955196380615229,0.1881681084632873,4.2779725995743965
RADLabs26_Feb23_GrafLab_Clay100%_Group9SampleA_Mon_Feb_23_03_41_25_2026,0.04955196380615229,0.1881681084632873,4.2779725995743965
RADLabs26_Feb23_GrafLab_Clay100%_Group9SampleA_Mon_Feb_23_03_41_25_2026,0.04955196380615229,0.1881681084632873,4.2779725995743965
RADLabs26_Feb23_GrafLab_Clay100%_Group9SampleA_Mon_Feb_23_03_41_25_2026,0.04955196380615229,0.1881681084632873,4.2779725995743965
RADLabs26_Feb23_GrafLab_Clay100%_Group9SampleA_Mon_Feb_23_03_41_25_2026,0.04955196380615229,0.1881681084632873,4.2779725995743965
RADLabs26_Feb23_GrafLab_Clay100%_Group9SampleA_Mon_Feb_23_03_41_25_2026,0.049543783068656894,0.1966323107481002,4.2779725995743965
RADLabs26_Feb23_GrafLab_Clay100%_Group9SampleA_Mon_Feb_23_03_41_25_2026,0.049543783068656894,0.1966323107481002,4.2779725995743965
RADLabs26_Feb23_GrafLab_Clay100%_Group9SampleA_Mon_Feb_23_03_41_25_2026,0.049543783068656894,0.1966323107481002,4.2779725995743965
RADLabs26_Feb23_GrafLab_Clay100%_Group9SampleA_Mon_Feb_23_03_41_25_2026,0.049543783068656894,0.1966323107481002,4.2779725995743965
RADLabs26_Feb23_GrafLab_Clay100%_Group9SampleA_Mon_Feb_23_03_41_25_2026,0.049543783068656894,0.1966323107481002,4.2779725995743965
RADLabs26_Feb23_GrafLab_Clay100%_Group9SampleA_Mon_Feb_23_03_41_25_2026,0.049543783068656894,0.1966323107481002,4.2779725995743965
RADLabs26_Feb23_GrafLab_Clay100%_Group9SampleA_Mon_Feb_23_03_41_25_2026,0.049543783068656894,0.1966323107481002,4.2779725995743965
RADLabs26_Feb23_GrafLab_Clay100%_Group9SampleA_Mon_Feb_23_03_41_25_2026,0.049543783068656894,0.1966323107481002,4.2779725995743965
RADLabs26_Feb23_GrafLab_Clay100%_Group9SampleA_Mon_Feb_23_03_41_25_2026,0.049543783068656894,0.1966323107481002,4.2779725995743965
RADLabs26_Feb23_GrafLab_Clay100%_Group9SampleA_Mon_Feb_23_03_41_25_2026,0.049543783068656894,0.1966323107481002,4.2779725995743965
RADLabs26_Feb23_GrafLab_Clay100%_Group9SampleA_Mon_Feb_23_03_41_25_2026,0.049543783068656894,0.1966323107481002,4.2779725995743965
RADLabs26_Feb23_GrafLab_Clay100%_Group9SampleA_Mon_Feb_23_03_41_25_2026,0.049543783068656894,0.1966323107481002,4.2779725995743965
RADLabs26_Feb23_GrafLab_Clay100%_Group9SampleA_Mon_Feb_23_03_41_25_2026,0.049543783068656894,0.1966323107481002,4.2779725995743965
RADLabs26_Feb23_GrafLab_Clay100%_Group9SampleA_Mon_Feb_23_03_41_25_2026,0.049543783068656894,0.1966323107481002,4.2779725995743965
RADLabs26_Feb23_GrafLab_Clay100%_Group9SampleA_Mon_Feb_23_03_41_25_2026,0.049543783068656894,0.1966323107481002,4.2779725995743965
RADLabs26_Feb23_GrafLab_Clay100%_Group9SampleA_Mon_Feb_23_03_41_25_2026,0.049543783068656894,0.1966323107481002,4.2779725995743965
RADLabs26_Feb23_GrafLab_Clay100%_Group9SampleA_Mon_Feb_23_03_41_25_2026,0.049543783068656894,0.1966323107481002,4.2779725995743965
RADLabs26_Feb23_GrafLab_Clay100%_Group9SampleA_Mon_Feb_23_03_41_25_2026,0.049543783068656894,0.1966323107481002,4.2779725995743965
RADLabs26_Feb23_GrafLab_Clay100%_Group9SampleA_Mon_Feb_23_03_41_25_2026,0.049543783068656894,0.1966323107481002,4.2779725995743965
RADLabs26_Feb23_GrafLab_Clay100%_Group9SampleA_Mon_Feb_23_03_41_25_2026,0.049543783068656894,0.1966323107481002,4.2779725995743965
RADLabs26_Feb23_GrafLab_Clay100%_Group9SampleA_Mon_Feb_23_03_41_25_2026,0.049543783068656894,0.1966323107481002,4.2779725995743965
RADLabs26_Feb23_GrafLab_Clay100%_Group9SampleA_Mon_Feb_23_03_41_25_2026,0.049543783068656894,0.1966323107481002,4.2779725995743965
RADLabs26_Feb23_GrafLab_Clay100%_Group9SampleA_Mon_Feb_23_03_41_25_2026,0.049543783068656894,0.1966323107481002,4.2779725995743965
RADLabs26_Feb23_GrafLab_Clay100%_Group9SampleA_Mon_Feb_23_03_41_25_2026,0.049543783068656894,0.1966323107481002,4.2779725995743965
RADLabs26_Feb23_GrafLab_Clay100%_Group9SampleA_Mon_Feb_23_03_41_25_2026,0.049543783068656894,0.1966323107481002,4.2779725995743965
RADLabs26_Feb23_GrafLab_Clay100%_Group9SampleA_Mon_Feb_23_03_41_25_2026,0.049543783068656894,0.1966323107481002,4.2779725995743965
RADLabs26_Feb23_GrafLab_Clay100%_Group9SampleA_Mon_Feb_23_03_41_25_2026,0.049543783068656894,0.1966323107481002,4.2779725995743965
RADLabs26_Feb23_GrafLab_Clay100%_Group9SampleA_Mon_Feb_23_03_41_25_2026,0.049543783068656894,0.1966323107481002,4.2779725995743965
RADLabs26_Feb23_GrafLab_Clay100%_Group9SampleA_Mon_Feb_23_03_41_25_2026,0.049543783068656894,0.1966323107481002,4.2779725995743965
RADLabs26_Feb23_GrafLab_Clay100%_Group9SampleA_Mon_Feb_23_03_41_25_2026,0.049543783068656894,0.1966323107481002,4.2779725995743965
RADLabs26_Feb23_GrafLab_Clay100%_Group9SampleA_Mon_Feb_23_03_41_25_2026,0.049543783068656894,0.1966323107481002,4.2779725995743965
RADLabs26_Feb23_GrafLab_Clay100%_Group9SampleA_Mon_Feb_23_03_41_25_2026,0.049543783068656894,0.1966323107481002,4.2779725995743965
RADLabs26_Feb23_GrafLab_Clay100%_Group9SampleA_Mon_Feb_23_03_41_25_2026,0.049536094069480896,0.2121073752641677,4.2779725995743965
RADLabs26_Feb23_GrafLab_Clay100%_Group9SampleA_Mon_Feb_23_03_41_25_2026,0.049536094069480896,0.2121073752641677,4.2779725995743965
RADLabs26_Feb23_GrafLab_Clay100%_Group9SampleA_Mon_Feb_23_03_41_25_2026,0.049536094069480896,0.2121073752641677,4.2779725995743965
RADLabs26_Feb23_GrafLab_Clay100%_Group9SampleA_Mon_Feb_23_03_41_25_2026,0.049536094069480896,0.2121073752641677,4.2779725995743965
RADLabs26_Feb23_GrafLab_Clay100%_Group9SampleA_Mon_Feb_23_03_41_25_2026,0.049536094069480896,0.2121073752641677,4.2779725995743965
RADLabs26_Feb23_GrafLab_Clay100%_Group9SampleA_Mon_Feb_23_03_41_25_2026,0.049536094069480896,0.2121073752641677,4.2779725995743965
RADLabs26_Feb23_GrafLab_Clay100%_Group9SampleA_Mon_Feb_23_03_41_25_2026,0.049536094069480896,0.2121073752641677,4.2779725995743965
RADLabs26_Feb23_GrafLab_Clay100%_Group9SampleA_Mon_Feb_23_03_41_25_2026,0.0495539456605911,0.1785924136638641,4.2779725995743965
RADLabs26_Feb23_GrafLab_Clay100%_Group9SampleA_Mon_Feb_23_03_41_25_2026,0.0495539456605911,0.1785924136638641,4.2779725995743965
RADLabs26_Feb23_GrafLab_Clay100%_Group9SampleA_Mon_Feb_23_03_41_25_2026,0.0495539456605911,0.1785924136638641,4.2779725995743965
RADLabs26_Feb23_GrafLab_Clay100%_Group9SampleA_Mon_Feb_23_03_41_25_2026,0.0495539456605911,0.1785924136638641,4.2779725995743965
RADLabs26_Feb23_GrafLab_Clay100%_Group9SampleA_Mon_Feb_23_03_41_25_2026,0.0495539456605911,0.1785924136638641,4.2779725995743965
RADLabs26_Feb23_GrafLab_Clay100%_Group9SampleA_Mon_Feb_23_03_41_25_2026,0.0495539456605911,0.1785924136638641,4.2779725995743965
RADLabs26_Feb23_GrafLab_Clay100%_Group9SampleA_Mon_Feb_23_03_41_25_2026,0.0495539456605911,0.1785924136638641,4.2779725995743965
RADLabs26_Feb23_GrafLab_Clay100%_Group9SampleA_Mon_Feb_23_03_41_25_2026,0.0495635569095611,0.1696601808071136,4.2779725995743965
RADLabs26_Feb23_GrafLab_Clay100%_Group9SampleA_Mon_Feb_23_03_41_25_2026,0.0495635569095611,0.1696601808071136,4.2779725995743965
RADLabs26_Feb23_GrafLab_Clay100%_Group9SampleA_Mon_Feb_23_03_41_25_2026,0.0495635569095611,0.1696601808071136,4.2779725995743965
RADLabs26_Feb23_GrafLab_Clay100%_Group9SampleA_Mon_Feb_23_03_41_25_2026,0.0495635569095611,0.1696601808071136,4.2779725995743965
RADLabs26_Feb23_GrafLab_Clay100%_Group9SampleA_Mon_Feb_23_03_41_25_2026,0.0495635569095611,0.1696601808071136,4.2779725995743965
RADLabs26_Feb23_GrafLab_Clay100%_Group9SampleA_Mon_Feb_23_03_41_25_2026,0.0495635569095611,0.1696601808071136,4.2779725995743965
RADLabs26_Feb23_GrafLab_Clay100%_Group9SampleA_Mon_Feb_23_03_41_25_2026,0.0495635569095611,0.1696601808071136,4.2779725995743965
RADLabs26_Feb23_GrafLab_Clay100%_Group9SampleA_Mon_Feb_23_03_41_25_2026,0.04955640435218808,0.1962977200746536,4.2779725995743965
RADLabs26_Feb23_GrafLab_Clay100%_Group9SampleA_Mon_Feb_23_03_41_25_2026,0.04955640435218808,0.1962977200746536,4.2779725995743965
RADLabs26_Feb23_GrafLab_Clay100%_Group9SampleA_Mon_Feb_23_03_41_25_2026,0.04955640435218808,0.1962977200746536,4.2779725995743965
RADLabs26_Feb23_GrafLab_Clay100%_Group9SampleA_Mon_Feb_23_03_41_25_2026,0.04955640435218808,0.1962977200746536,4.2779725995743965
RADLabs26_Feb23_GrafLab_Clay100%_Group9SampleA_Mon_Feb_23_03_41_25_2026,0.04955640435218808,0.1962977200746536,4.2779725995743965
RADLabs26_Feb23_GrafLab_Clay100%_Group9SampleA_Mon_Feb_23_03_41_25_2026,0.04955640435218808,0.1962977200746536,4.2779725995743965
RADLabs26_Feb23_GrafLab_Clay100%_Group9SampleA_Mon_Feb_23_03_41_25_2026,0.04955640435218808,0.1962977200746536,4.2779725995743965
RADLabs26_Feb23_GrafLab_Clay100%_Group9SampleA_Mon_Feb_23_03_41_25_2026,0.04955640435218808,0.1962977200746536,4.2779725995743965
RADLabs26_Feb23_GrafLab_Clay100%_Group9SampleA_Mon_Feb_23_03_41_25_2026,0.049569562077522195,0.1710242182016372,4.2779725995743965
RADLabs26_Feb23_GrafLab_Clay100%_Group9SampleA_Mon_Feb_23_03_41_25_2026,0.049569562077522195,0.1710242182016372,4.2779725995743965
RADLabs26_Feb23_GrafLab_Clay100%_Group9SampleA_Mon_Feb_23_03_41_25_2026,0.049569562077522195,0.1710242182016372,4.2779725995743965
RADLabs26_Feb23_GrafLab_Clay100%_Group9SampleA_Mon_Feb_23_03_41_25_2026,0.049569562077522195,0.1710242182016372,4.2779725995743965
RADLabs26_Feb23_GrafLab_Clay100%_Group9SampleA_Mon_Feb_23_03_41_25_2026,0.049569562077522195,0.1710242182016372,4.2779725995743965
RADLabs26_Feb23_GrafLab_Clay100%_Group9SampleA_Mon_Feb_23_03_41_25_2026,0.049569562077522195,0.1710242182016372,4.2779725995743965
RADLabs26_Feb23_GrafLab_Clay100%_Group9SampleA_Mon_Feb_23_03_41_25_2026,0.049569562077522195,0.1710242182016372,4.2779725995743965
RADLabs26_Feb23_GrafLab_Clay100%_Group9SampleA_Mon_Feb_23_03_41_25_2026,0.04955095052719108,0.2128405272960662,4.2779725995743965
RADLabs26_Feb23_GrafLab_Clay100%_Group9SampleA_Mon_Feb_23_03_41_25_2026,0.04955095052719108,0.2128405272960662,4.2779725995743965
RADLabs26_Feb23_GrafLab_Clay100%_Group9SampleA_Mon_Feb_23_03_41_25_2026,0.04955095052719108,0.2128405272960662,4.2779725995743965
RADLabs26_Feb23_GrafLab_Clay100%_Group9SampleA_Mon_Feb_23_03_41_25_2026,0.04955095052719108,0.2128405272960662,4.2779725995743965
RADLabs26_Feb23_GrafLab_Clay100%_Group9SampleA_Mon_Feb_23_03_41_25_2026,0.04955095052719108,0.2128405272960662,4.2779725995743965
RADLabs26_Feb23_GrafLab_Clay100%_Group9SampleA_Mon_Feb_23_03_41_25_2026,0.04955095052719108,0.2128405272960662,4.2779725995743965
RADLabs26_Feb23_GrafLab_Clay100%_Group9SampleA_Mon_Feb_23_03_41_25_2026,0.04955095052719108,0.2128405272960662,4.2779725995743965
RADLabs26_Feb23_GrafLab_Clay100%_Group9SampleA_Mon_Feb_23_03_41_25_2026,0.04955095052719108,0.2128405272960662,4.2779725995743965
RADLabs26_Feb23_GrafLab_Clay100%_Group9SampleA_Mon_Feb_23_03_41_25_2026,0.04956932365894309,0.1640157550573349,4.2779725995743965
RADLabs26_Feb23_GrafLab_Clay100%_Group9SampleA_Mon_Feb_23_03_41_25_2026,0.04956932365894309,0.1640157550573349,4.2779725995743965
RADLabs26_Feb23_GrafLab_Clay100%_Group9SampleA_Mon_Feb_23_03_41_25_2026,0.04956932365894309,0.1640157550573349,4.2779725995743965
RADLabs26_Feb23_GrafLab_Clay100%_Group9SampleA_Mon_Feb_23_03_41_25_2026,0.04956932365894309,0.1640157550573349,4.2779725995743965
RADLabs26_Feb23_GrafLab_Clay100%_Group9SampleA_Mon_Feb_23_03_41_25_2026,0.04955790936946869,0.183083564043045,4.2779725995743965
RADLabs26_Feb23_GrafLab_Clay100%_Group9SampleA_Mon_Feb_23_03_41_25_2026,0.04955790936946869,0.183083564043045,4.2779725995743965
RADLabs26_Feb23_GrafLab_Clay100%_Group9SampleA_Mon_Feb_23_03_41_25_2026,0.04955790936946869,0.183083564043045,4.2779725995743965
RADLabs26_Feb23_GrafLab_Clay100%_Group9SampleA_Mon_Feb_23_03_41_25_2026,0.04955790936946869,0.183083564043045,4.2779725995743965
RADLabs26_Feb23_GrafLab_Clay100%_Group9SampleA_Mon_Feb_23_03_41_25_2026,0.04955790936946869,0.183083564043045,4.2779725995743965
RADLabs26_Feb23_GrafLab_Clay100%_Group9SampleA_Mon_Feb_23_03_41_25_2026,0.04955790936946869,0.183083564043045,4.2779725995743965
RADLabs26_Feb23_GrafLab_Clay100%_Group9SampleA_Mon_Feb_23_03_41_25_2026,0.04955790936946869,0.183083564043045,4.2779725995743965
RADLabs26_Feb23_GrafLab_Clay100%_Group9SampleA_Mon_Feb_23_03_41_25_2026,0.04955790936946869,0.183083564043045,4.2779725995743965
RADLabs26_Feb23_GrafLab_Clay100%_Group9SampleA_Mon_Feb_23_03_41_25_2026,0.04955790936946869,0.183083564043045,4.2779725995743965
RADLabs26_Feb23_GrafLab_Clay100%_Group9SampleA_Mon_Feb_23_03_41_25_2026,0.04955790936946869,0.183083564043045,4.2779725995743965
RADLabs26_Feb23_GrafLab_Clay100%_Group9SampleA_Mon_Feb_23_03_41_25_2026,0.04955790936946869,0.183083564043045,4.2779725995743965
RADLabs26_Feb23_GrafLab_Clay100%_Group9SampleA_Mon_Feb_23_03_41_25_2026,0.04955790936946869,0.183083564043045,4.2779725995743965
RADLabs26_Feb23_GrafLab_Clay100%_Group9SampleA_Mon_Feb_23_03_41_25_2026,0.04955790936946869,0.183083564043045,4.2779725995743965
RADLabs26_Feb23_GrafLab_Clay100%_Group9SampleA_Mon_Feb_23_03_41_25_2026,0.04955790936946869,0.183083564043045,4.2779725995743965
RADLabs26_Feb23_GrafLab_Clay100%_Group9SampleA_Mon_Feb_23_03_41_25_2026,0.04955790936946869,0.183083564043045,4.2779725995743965
RADLabs26_Feb23_GrafLab_Clay100%_Group9SampleA_Mon_Feb_23_03_41_25_2026,0.04955790936946869,0.183083564043045,4.2779725995743965
RADLabs26_Feb23_GrafLab_Clay100%_Group9SampleA_Mon_Feb_23_03_41_25_2026,0.04955790936946869,0.183083564043045,4.2779725995743965
RADLabs26_Feb23_GrafLab_Clay100%_Group9SampleA_Mon_Feb_23_03_41_25_2026,0.04955790936946869,0.183083564043045,4.2779725995743965
RADLabs26_Feb23_GrafLab_Clay100%_Group9SampleA_Mon_Feb_23_03_41_25_2026,0.04955790936946869,0.183083564043045,4.2779725995743965
RADLabs26_Feb23_GrafLab_Clay100%_Group9SampleA_Mon_Feb_23_03_41_25_2026,0.04955790936946869,0.183083564043045,4.2779725995743965
RADLabs26_Feb23_GrafLab_Clay100%_Group9SampleA_Mon_Feb_23_03_41_25_2026,0.04955790936946869,0.183083564043045,4.2779725995743965
RADLabs26_Feb23_GrafLab_Clay100%_Group9SampleA_Mon_Feb_23_03_41_25_2026,0.04955790936946869,0.183083564043045,4.2779725995743965
RADLabs26_Feb23_GrafLab_Clay100%_Group9SampleA_Mon_Feb_23_03_41_25_2026,0.04955790936946869,0.183083564043045,4.2779725995743965
RADLabs26_Feb23_GrafLab_Clay100%_Group9SampleA_Mon_Feb_23_03_41_25_2026,0.04955790936946869,0.183083564043045,4.2779725995743965
RADLabs26_Feb23_GrafLab_Clay100%_Group9SampleA_Mon_Feb_23_03_41_25_2026,0.04955790936946869,0.183083564043045,4.2779725995743965
RADLabs26_Feb23_GrafLab_Clay100%_Group9SampleA_Mon_Feb_23_03_41_25_2026,0.04955790936946869,0.183083564043045,4.2779725995743965
RADLabs26_Feb23_GrafLab_Clay100%_Group9SampleA_Mon_Feb_23_03_41_25_2026,0.04955790936946869,0.183083564043045,4.2779725995743965
RADLabs26_Feb23_GrafLab_Clay100%_Group9SampleA_Mon_Feb_23_03_41_25_2026,0.04955790936946869,0.183083564043045,4.2779725995743965
RADLabs26_Feb23_GrafLab_Clay100%_Group9SampleA_Mon_Feb_23_03_41_25_2026,0.04955790936946869,0.183083564043045,4.2779725995743965
RADLabs26_Feb23_GrafLab_Clay100%_Group9SampleA_Mon_Feb_23_03_41_25_2026,0.04955790936946869,0.183083564043045,4.2779725995743965
RADLabs26_Feb23_GrafLab_Clay100%_Group9SampleA_Mon_Feb_23_03_41_25_2026,0.04955790936946869,0.183083564043045,4.2779725995743965
RADLabs26_Feb23_GrafLab_Clay100%_Group9SampleA_Mon_Feb_23_03_41_25_2026,0.04955790936946869,0.183083564043045,4.2779725995743965
RADLabs26_Feb23_GrafLab_Clay100%_Group9SampleA_Mon_Feb_23_03_41_25_2026,0.04955790936946869,0.183083564043045,4.2779725995743965
RADLabs26_Feb23_GrafLab_Clay100%_Group9SampleA_Mon_Feb_23_03_41_25_2026,0.04955790936946869,0.183083564043045,4.2779725995743965
RADLabs26_Feb23_GrafLab_Clay100%_Group9SampleA_Mon_Feb_23_03_41_25_2026,0.04955790936946869,0.183083564043045,4.2779725995743965
RADLabs26_Feb23_GrafLab_Clay100%_Group9SampleA_Mon_Feb_23_03_41_25_2026,0.04955790936946869,0.183083564043045,4.2779725995743965
RADLabs26_Feb23_GrafLab_Clay100%_Group9SampleA_Mon_Feb_23_03_41_25_2026,0.04955790936946869,0.183083564043045,4.2779725995743965
RADLabs26_Feb23_GrafLab_Clay100%_Group9SampleA_Mon_Feb_23_03_41_25_2026,0.04955790936946869,0.183083564043045,4.2779725995743965
RADLabs26_Feb23_GrafLab_Clay100%_Group9SampleA_Mon_Feb_23_03_41_25_2026,0.0495576411485672,0.1833390891551971,4.2779725995743965
RADLabs26_Feb23_GrafLab_Clay100%_Group9SampleA_Mon_Feb_23_03_41_25_2026,0.0495576411485672,0.1833390891551971,4.2779725995743965
RADLabs26_Feb23_GrafLab_Clay100%_Group9SampleA_Mon_Feb_23_03_41_25_2026,0.0495576411485672,0.1833390891551971,4.2779725995743965
RADLabs26_Feb23_GrafLab_Clay100%_Group9SampleA_Mon_Feb_23_03_41_25_2026,0.0495576411485672,0.1833390891551971,4.2779725995743965
RADLabs26_Feb23_GrafLab_Clay100%_Group9SampleA_Mon_Feb_23_03_41_25_2026,0.0495576411485672,0.1833390891551971,4.2779725995743965
RADLabs26_Feb23_GrafLab_Clay100%_Group9SampleA_Mon_Feb_23_03_41_25_2026,0.0495576411485672,0.1833390891551971,4.2779725995743965
RADLabs26_Feb23_GrafLab_Clay100%_Group9SampleA_Mon_Feb_23_03_41_25_2026,0.0495576411485672,0.1833390891551971,4.2779725995743965
RADLabs26_Feb23_GrafLab_Clay100%_Group9SampleA_Mon_Feb_23_03_41_25_2026,0.0495576411485672,0.1833390891551971,4.2779725995743965
RADLabs26_Feb23_GrafLab_Clay100%_Group9SampleA_Mon_Feb_23_03_41_25_2026,0.04955366253852839,0.183292731642723,4.2779725995743965
RADLabs26_Feb23_GrafLab_Clay100%_Group9SampleA_Mon_Feb_23_03_41_25_2026,0.04955366253852839,0.183292731642723,4.2779725995743965
RADLabs26_Feb23_GrafLab_Clay100%_Group9SampleA_Mon_Feb_23_03_41_25_2026,0.04955366253852839,0.183292731642723,4.2779725995743965
RADLabs26_Feb23_GrafLab_Clay100%_Group9SampleA_Mon_Feb_23_03_41_25_2026,0.04955366253852839,0.183292731642723,4.2779725995743965
RADLabs26_Feb23_GrafLab_Clay100%_Group9SampleA_Mon_Feb_23_03_41_25_2026,0.04955366253852839,0.183292731642723,4.2779725995743965
RADLabs26_Feb23_GrafLab_Clay100%_Group9SampleA_Mon_Feb_23_03_41_25_2026,0.04955366253852839,0.183292731642723,4.2779725995743965
RADLabs26_Feb23_GrafLab_Clay100%_Group9SampleA_Mon_Feb_23_03_41_25_2026,0.049569562077522195,0.1710242182016372,4.2779725995743965
RADLabs26_Feb23_GrafLab_Clay100%_Group9SampleA_Mon_Feb_23_03_41_25_2026,0.049569562077522195,0.1710242182016372,4.2779725995743965
RADLabs26_Feb23_GrafLab_Clay100%_Group9SampleA_Mon_Feb_23_03_41_25_2026,0.049569562077522195,0.1710242182016372,4.2779725995743965
RADLabs26_Feb23_GrafLab_Clay100%_Group9SampleA_Mon_Feb_23_03_41_25_2026,0.049569562077522195,0.1710242182016372,4.2779725995743965
RADLabs26_Feb23_GrafLab_Clay100%_Group9SampleA_Mon_Feb_23_03_41_25_2026,0.049569562077522195,0.1710242182016372,4.2779725995743965
RADLabs26_Feb23_GrafLab_Clay100%_Group9SampleA_Mon_Feb_23_03_41_25_2026,0.049569562077522195,0.1710242182016372,4.2779725995743965
RADLabs26_Feb23_GrafLab_Clay100%_Group9SampleA_Mon_Feb_23_03_41_25_2026,0.049569562077522195,0.1710242182016372,4.2779725995743965
RADLabs26_Feb23_GrafLab_Clay100%_Group9SampleA_Mon_Feb_23_03_41_25_2026,0.049569562077522195,0.1710242182016372,4.2779725995743965
RADLabs26_Feb23_GrafLab_Clay100%_Group9SampleA_Mon_Feb_23_03_41_25_2026,0.049569562077522195,0.1710242182016372,4.2779725995743965
RADLabs26_Feb23_GrafLab_Clay100%_Group9SampleA_Mon_Feb_23_03_41_25_2026,0.049569562077522195,0.1710242182016372,4.2779725995743965
RADLabs26_Feb23_GrafLab_Clay100%_Group9SampleA_Mon_Feb_23_03_41_25_2026,0.049569562077522195,0.1710242182016372,4.2779725995743965
RADLabs26_Feb23_GrafLab_Clay100%_Group9SampleA_Mon_Feb_23_03_41_25_2026,0.049569562077522195,0.1710242182016372,4.2779725995743965
RADLabs26_Feb23_GrafLab_Clay100%_Group9SampleA_Mon_Feb_23_03_41_25_2026,0.049569562077522195,0.1710242182016372,4.2779725995743965
RADLabs26_Feb23_GrafLab_Clay100%_Group9SampleA_Mon_Feb_23_03_41_25_2026,0.049569562077522195,0.1710242182016372,4.2779725995743965
RADLabs26_Feb23_GrafLab_Clay100%_Group9SampleA_Mon_Feb_23_03_41_25_2026,0.049569562077522195,0.1710242182016372,4.2779725995743965
RADLabs26_Feb23_GrafLab_Clay100%_Group9SampleA_Mon_Feb_23_03_41_25_2026,0.049569562077522195,0.1710242182016372,4.2779725995743965
RADLabs26_Feb23_GrafLab_Clay100%_Group9SampleA_Mon_Feb_23_03_41_25_2026,0.049569562077522195,0.1710242182016372,4.2779725995743965
RADLabs26_Feb23_GrafLab_Clay100%_Group9SampleA_Mon_Feb_23_03_41_25_2026,0.049569562077522195,0.1710242182016372,4.2779725995743965
RADLabs26_Feb23_GrafLab_Clay100%_Group9SampleA_Mon_Feb_23_03_41_25_2026,0.049569562077522195,0.1710242182016372,4.2779725995743965
RADLabs26_Feb23_GrafLab_Clay100%_Group9SampleA_Mon_Feb_23_03_41_25_2026,0.049569562077522195,0.1710242182016372,4.2779725995743965
RADLabs26_Feb23_GrafLab_Clay100%_Group9SampleA_Mon_Feb_23_03_41_25_2026,0.049569562077522195,0.1710242182016372,4.2779725995743965
RADLabs26_Feb23_GrafLab_Clay100%_Group9SampleA_Mon_Feb_23_03_41_25_2026,0.049569562077522195,0.1710242182016372,4.2779725995743965
RADLabs26_Feb23_GrafLab_Clay100%_Group9SampleA_Mon_Feb_23_03_41_25_2026,0.049569562077522195,0.1710242182016372,4.2779725995743965
RADLabs26_Feb23_GrafLab_Clay100%_Group9SampleA_Mon_Feb_23_03_41_25_2026,0.049569562077522195,0.1710242182016372,4.2779725995743965
RADLabs26_Feb23_GrafLab_Clay100%_Group9SampleA_Mon_Feb_23_03_41_25_2026,0.049569562077522195,0.1710242182016372,4.2779725995743965
RADLabs26_Feb23_GrafLab_Clay100%_Group9SampleA_Mon_Feb_23_03_41_25_2026,0.049569562077522195,0.1710242182016372,4.2779725995743965
RADLabs26_Feb23_GrafLab_Clay100%_Group9SampleA_Mon_Feb_23_03_41_25_2026,0.04957152903079978,0.1689720898866653,4.2779725995743965
RADLabs26_Feb23_GrafLab_Clay100%_Group9SampleA_Mon_Feb_23_03_41_25_2026,0.04957152903079978,0.1689720898866653,4.2779725995743965
RADLabs26_Feb23_GrafLab_Clay100%_Group9SampleA_Mon_Feb_23_03_41_25_2026,0.04957152903079978,0.1689720898866653,4.2779725995743965
RADLabs26_Feb23_GrafLab_Clay100%_Group9SampleA_Mon_Feb_23_03_41_25_2026,0.04957152903079978,0.1689720898866653,4.2779725995743965
RADLabs26_Feb23_GrafLab_Clay100%_Group9SampleA_Mon_Feb_23_03_41_25_2026,0.04957152903079978,0.1689720898866653,4.2779725995743965
RADLabs26_Feb23_GrafLab_Clay100%_Group9SampleA_Mon_Feb_23_03_41_25_2026,0.04957152903079978,0.1689720898866653,4.2779725995743965
RADLabs26_Feb23_GrafLab_Clay100%_Group9SampleA_Mon_Feb_23_03_41_25_2026,0.04957152903079978,0.1689720898866653,4.2779725995743965
RADLabs26_Feb23_GrafLab_Clay100%_Group9SampleA_Mon_Feb_23_03_41_25_2026,0.04957152903079978,0.1689720898866653,4.2779725995743965
RADLabs26_Feb23_GrafLab_Clay100%_Group9SampleA_Mon_Feb_23_03_41_25_2026,0.04957152903079978,0.1689720898866653,4.2779725995743965
RADLabs26_Feb23_GrafLab_Clay100%_Group9SampleA_Mon_Feb_23_03_41_25_2026,0.04957152903079978,0.1689720898866653,4.2779725995743965
RADLabs26_Feb23_GrafLab_Clay100%_Group9SampleA_Mon_Feb_23_03_41_25_2026,0.04957152903079978,0.1689720898866653,4.2779725995743965
RADLabs26_Feb23_GrafLab_Clay100%_Group9SampleA_Mon_Feb_23_03_41_25_2026,0.04957152903079978,0.1689720898866653,4.2779725995743965
RADLabs26_Feb23_GrafLab_Clay100%_Group9SampleA_Mon_Feb_23_03_41_25_2026,0.04957152903079978,0.1689720898866653,4.2779725995743965
RADLabs26_Feb23_GrafLab_Clay100%_Group9SampleA_Mon_Feb_23_03_41_25_2026,0.04957152903079978,0.1689720898866653,4.2779725995743965
RADLabs26_Feb23_GrafLab_Clay100%_Group9SampleA_Mon_Feb_23_03_41_25_2026,0.04957152903079978,0.1689720898866653,4.2779725995743965
RADLabs26_Feb23_GrafLab_Clay100%_Group9SampleA_Mon_Feb_23_03_41_25_2026,0.04957152903079978,0.1689720898866653,4.2779725995743965
RADLabs26_Feb23_GrafLab_Clay100%_Group9SampleA_Mon_Feb_23_03_41_25_2026,0.04957152903079978,0.1689720898866653,4.2779725995743965
RADLabs26_Feb23_GrafLab_Clay100%_Group9SampleA_Mon_Feb_23_03_41_25_2026,0.04957152903079978,0.1689720898866653,4.2779725995743965
RADLabs26_Feb23_GrafLab_Clay100%_Group9SampleA_Mon_Feb_23_03_41_25_2026,0.04957152903079978,0.1689720898866653,4.2779725995743965
RADLabs26_Feb23_GrafLab_Clay100%_Group9SampleA_Mon_Feb_23_03_41_25_2026,0.04957152903079978,0.1689720898866653,4.2779725995743965
RADLabs26_Feb23_GrafLab_Clay100%_Group9SampleA_Mon_Feb_23_03_41_25_2026,0.04957152903079978,0.1689720898866653,4.2779725995743965
RADLabs26_Feb23_GrafLab_Clay100%_Group9SampleA_Mon_Feb_23_03_41_25_2026,0.04957152903079978,0.1689720898866653,4.2779725995743965
RADLabs26_Feb23_GrafLab_Clay100%_Group9SampleA_Mon_Feb_23_03_41_25_2026,0.04957152903079978,0.1689720898866653,4.2779725995743965
RADLabs26_Feb23_GrafLab_Clay100%_Group9SampleA_Mon_Feb_23_03_41_25_2026,0.04957152903079978,0.1689720898866653,4.2779725995743965
RADLabs26_Feb23_GrafLab_Clay100%_Group9SampleA_Mon_Feb_23_03_41_25_2026,0.04957152903079978,0.1689720898866653,4.2779725995743965
RADLabs26_Feb23_GrafLab_Clay100%_Group9SampleA_Mon_Feb_23_03_41_25_2026,0.04957152903079978,0.1689720898866653,4.2779725995743965
RADLabs26_Feb23_GrafLab_Clay100%_Group9SampleA_Mon_Feb_23_03_41_25_2026,0.04957152903079978,0.1689720898866653,4.2779725995743965
RADLabs26_Feb23_GrafLab_Clay100%_Group9SampleA_Mon_Feb_23_03_41_25_2026,0.04957152903079978,0.1689720898866653,4.2779725995743965
RADLabs26_Feb23_GrafLab_Clay100%_Group9SampleA_Mon_Feb_23_03_41_25_2026,0.04957152903079978,0.1689720898866653,4.2779725995743965
RADLabs26_Feb23_GrafLab_Clay100%_Group9SampleA_Mon_Feb_23_03_41_25_2026,0.04957152903079978,0.1689720898866653,4.2779725995743965
RADLabs26_Feb23_GrafLab_Clay100%_Group9SampleA_Mon_Feb_23_03_41_25_2026,0.04957152903079978,0.1689720898866653,4.2779725995743965
RADLabs26_Feb23_GrafLab_Clay100%_Group9SampleA_Mon_Feb_23_03_41_25_2026,0.04957152903079978,0.1689720898866653,4.2779725995743965
RADLabs26_Feb23_GrafLab_Clay100%_Group9SampleA_Mon_Feb_23_03_41_25_2026,0.04957152903079978,0.1689720898866653,4.2779725995743965
RADLabs26_Feb23_GrafLab_Clay100%_Group9SampleA_Mon_Feb_23_03_41_25_2026,0.04957152903079978,0.1689720898866653,4.2779725995743965
RADLabs26_Feb23_GrafLab_Clay100%_Group9SampleA_Mon_Feb_23_03_41_25_2026,0.04957152903079978,0.1689720898866653,4.2779725995743965
RADLabs26_Feb23_GrafLab_Clay100%_Group9SampleA_Mon_Feb_23_03_41_25_2026,0.049563854932785006,0.1623938083648681,4.2779725995743965
RADLabs26_Feb23_GrafLab_Clay100%_Group9SampleA_Mon_Feb_23_03_41_25_2026,0.049563854932785006,0.1623938083648681,4.2779725995743965
RADLabs26_Feb23_GrafLab_Clay100%_Group9SampleA_Mon_Feb_23_03_41_25_2026,0.049563854932785006,0.1623938083648681,4.2779725995743965
RADLabs26_Feb23_GrafLab_Clay100%_Group9SampleA_Mon_Feb_23_03_41_25_2026,0.049563854932785006,0.1623938083648681,4.2779725995743965
RADLabs26_Feb23_GrafLab_Clay100%_Group9SampleA_Mon_Feb_23_03_41_25_2026,0.049563854932785006,0.1623938083648681,4.2779725995743965
RADLabs26_Feb23_GrafLab_Clay100%_Group9SampleA_Mon_Feb_23_03_41_25_2026,0.049569562077522195,0.1710242182016372,4.2779725995743965
RADLabs26_Feb23_GrafLab_Clay100%_Group9SampleA_Mon_Feb_23_03_41_25_2026,0.049569562077522195,0.1710242182016372,4.2779725995743965
RADLabs26_Feb23_GrafLab_Clay100%_Group9SampleA_Mon_Feb_23_03_41_25_2026,0.049569562077522195,0.1710242182016372,4.2779725995743965
RADLabs26_Feb23_GrafLab_Clay100%_Group9SampleA_Mon_Feb_23_03_41_25_2026,0.049569562077522195,0.1710242182016372,4.2779725995743965
RADLabs26_Feb23_GrafLab_Clay100%_Group9SampleA_Mon_Feb_23_03_41_25_2026,0.049569562077522195,0.1710242182016372,4.2779725995743965
RADLabs26_Feb23_GrafLab_Clay100%_Group9SampleA_Mon_Feb_23_03_41_25_2026,0.049569562077522195,0.1710242182016372,4.2779725995743965
RADLabs26_Feb23_GrafLab_Clay100%_Group9SampleA_Mon_Feb_23_03_41_25_2026,0.049569562077522195,0.1710242182016372,4.2779725995743965
RADLabs26_Feb23_GrafLab_Clay100%_Group9SampleA_Mon_Feb_23_03_41_25_2026,0.049569562077522195,0.1710242182016372,4.2779725995743965
RADLabs26_Feb23_GrafLab_Clay100%_Group9SampleA_Mon_Feb_23_03_41_25_2026,0.049569562077522195,0.1710242182016372,4.2779725995743965
RADLabs26_Feb23_GrafLab_Clay100%_Group9SampleA_Mon_Feb_23_03_41_25_2026,0.049569562077522195,0.1710242182016372,4.2779725995743965
RADLabs26_Feb23_GrafLab_Clay100%_Group9SampleA_Mon_Feb_23_03_41_25_2026,0.049569562077522195,0.1710242182016372,4.2779725995743965
RADLabs26_Feb23_GrafLab_Clay100%_Group9SampleA_Mon_Feb_23_03_41_25_2026,0.049569562077522195,0.1710242182016372,4.2779725995743965
RADLabs26_Feb23_GrafLab_Clay100%_Group9SampleA_Mon_Feb_23_03_41_25_2026,0.049569562077522195,0.1710242182016372,4.2779725995743965
RADLabs26_Feb23_GrafLab_Clay100%_Group9SampleA_Mon_Feb_23_03_41_25_2026,0.049569562077522195,0.1710242182016372,4.2779725995743965
RADLabs26_Feb23_GrafLab_Clay100%_Group9SampleA_Mon_Feb_23_03_41_25_2026,0.049569562077522195,0.1710242182016372,4.2779725995743965
RADLabs26_Feb23_GrafLab_Clay100%_Group9SampleA_Mon_Feb_23_03_41_25_2026,0.049569562077522195,0.1710242182016372,4.2779725995743965
RADLabs26_Feb23_GrafLab_Clay100%_Group9SampleA_Mon_Feb_23_03_41_25_2026,0.0495613813400268,0.1794904768466949,4.2779725995743965
RADLabs26_Feb23_GrafLab_Clay100%_Group9SampleA_Mon_Feb_23_03_41_25_2026,0.0495613813400268,0.1794904768466949,4.2779725995743965
RADLabs26_Feb23_GrafLab_Clay100%_Group9SampleA_Mon_Feb_23_03_41_25_2026,0.0495613813400268,0.1794904768466949,4.2779725995743965
RADLabs26_Feb23_GrafLab_Clay100%_Group9SampleA_Mon_Feb_23_03_41_25_2026,0.0495613813400268,0.1794904768466949,4.2779725995743965
RADLabs26_Feb23_GrafLab_Clay100%_Group9SampleA_Mon_Feb_23_03_41_25_2026,0.0495613813400268,0.1794904768466949,4.2779725995743965
RADLabs26_Feb23_GrafLab_Clay100%_Group9SampleA_Mon_Feb_23_03_41_25_2026,0.049569562077522195,0.1634991466999054,4.2779725995743965
RADLabs26_Feb23_GrafLab_Clay100%_Group9SampleA_Mon_Feb_23_03_41_25_2026,0.049569562077522195,0.1634991466999054,4.2779725995743965
RADLabs26_Feb23_GrafLab_Clay100%_Group9SampleA_Mon_Feb_23_03_41_25_2026,0.049569562077522195,0.1634991466999054,4.2779725995743965
RADLabs26_Feb23_GrafLab_Clay100%_Group9SampleA_Mon_Feb_23_03_41_25_2026,0.049569562077522195,0.1634991466999054,4.2779725995743965
RADLabs26_Feb23_GrafLab_Clay100%_Group9SampleA_Mon_Feb_23_03_41_25_2026,0.049569562077522195,0.1634991466999054,4.2779725995743965
RADLabs26_Feb23_GrafLab_Clay100%_Group9SampleA_Mon_Feb_23_03_41_25_2026,0.0495613813400268,0.1794904768466949,4.2779725995743965
RADLabs26_Feb23_GrafLab_Clay100%_Group9SampleA_Mon_Feb_23_03_41_25_2026,0.0495613813400268,0.1794904768466949,4.2779725995743965
RADLabs26_Feb23_GrafLab_Clay100%_Group9SampleA_Mon_Feb_23_03_41_25_2026,0.0495613813400268,0.1794904768466949,4.2779725995743965
RADLabs26_Feb23_GrafLab_Clay100%_Group9SampleA_Mon_Feb_23_03_41_25_2026,0.0495613813400268,0.1794904768466949,4.2779725995743965
RADLabs26_Feb23_GrafLab_Clay100%_Group9SampleA_Mon_Feb_23_03_41_25_2026,0.0495613813400268,0.1794904768466949,4.2779725995743965
RADLabs26_Feb23_GrafLab_Clay100%_Group9SampleA_Mon_Feb_23_03_41_25_2026,0.0495613813400268,0.1794904768466949,4.2779725995743965
RADLabs26_Feb23_GrafLab_Clay100%_Group9SampleA_Mon_Feb_23_03_41_25_2026,0.0495613813400268,0.1794904768466949,4.2779725995743965
RADLabs26_Feb23_GrafLab_Clay100%_Group9SampleA_Mon_Feb_23_03_41_25_2026,0.0495613813400268,0.1794904768466949,4.2779725995743965
RADLabs26_Feb23_GrafLab_Clay100%_Group9SampleA_Mon_Feb_23_03_41_25_2026,0.0495613813400268,0.1794904768466949,4.2779725995743965
RADLabs26_Feb23_GrafLab_Clay100%_Group9SampleA_Mon_Feb_23_03_41_25_2026,0.0495613813400268,0.1794904768466949,4.2779725995743965
RADLabs26_Feb23_GrafLab_Clay100%_Group9SampleA_Mon_Feb_23_03_41_25_2026,0.0495613813400268,0.1794904768466949,4.2779725995743965
RADLabs26_Feb23_GrafLab_Clay100%_Group9SampleA_Mon_Feb_23_03_41_25_2026,0.0495613813400268,0.1794904768466949,4.2779725995743965
RADLabs26_Feb23_GrafLab_Clay100%_Group9SampleA_Mon_Feb_23_03_41_25_2026,0.0495613813400268,0.1794904768466949,4.2779725995743965
RADLabs26_Feb23_GrafLab_Clay100%_Group9SampleA_Mon_Feb_23_03_41_25_2026,0.0495613813400268,0.1794904768466949,4.2779725995743965
RADLabs26_Feb23_GrafLab_Clay100%_Group9SampleA_Mon_Feb_23_03_41_25_2026,0.0495613813400268,0.1794904768466949,4.2779725995743965
RADLabs26_Feb23_GrafLab_Clay100%_Group9SampleA_Mon_Feb_23_03_41_25_2026,0.0495613813400268,0.1794904768466949,4.2779725995743965
RADLabs26_Feb23_GrafLab_Clay100%_Group9SampleA_Mon_Feb_23_03_41_25_2026,0.0495613813400268,0.1794904768466949,4.2779725995743965
RADLabs26_Feb23_GrafLab_Clay100%_Group9SampleA_Mon_Feb_23_03_41_25_2026,0.049566328525543185,0.1670949757099151,4.2779725995743965
RADLabs26_Feb23_GrafLab_Clay100%_Group9SampleA_Mon_Feb_23_03_41_25_2026,0.049566328525543185,0.1670949757099151,4.2779725995743965
RADLabs26_Feb23_GrafLab_Clay100%_Group9SampleA_Mon_Feb_23_03_41_25_2026,0.049566328525543185,0.1670949757099151,4.2779725995743965
RADLabs26_Feb23_GrafLab_Clay100%_Group9SampleA_Mon_Feb_23_03_41_25_2026,0.049566328525543185,0.1670949757099151,4.2779725995743965
RADLabs26_Feb23_GrafLab_Clay100%_Group9SampleA_Mon_Feb_23_03_41_25_2026,0.049566328525543185,0.1670949757099151,4.2779725995743965
RADLabs26_Feb23_GrafLab_Clay100%_Group9SampleA_Mon_Feb_23_03_41_25_2026,0.049566328525543185,0.1670949757099151,4.2779725995743965
RADLabs26_Feb23_GrafLab_Clay100%_Group9SampleA_Mon_Feb_23_03_41_25_2026,0.049569562077522195,0.1710242182016372,4.2779725995743965
RADLabs26_Feb23_GrafLab_Clay100%_Group9SampleA_Mon_Feb_23_03_41_25_2026,0.049569562077522195,0.1710242182016372,4.2779725995743965
RADLabs26_Feb23_GrafLab_Clay100%_Group9SampleA_Mon_Feb_23_03_41_25_2026,0.049569562077522195,0.1710242182016372,4.2779725995743965
RADLabs26_Feb23_GrafLab_Clay100%_Group9SampleA_Mon_Feb_23_03_41_25_2026,0.049569562077522195,0.1710242182016372,4.2779725995743965
RADLabs26_Feb23_GrafLab_Clay100%_Group9SampleA_Mon_Feb_23_03_41_25_2026,0.049569562077522195,0.1710242182016372,4.2779725995743965
RADLabs26_Feb23_GrafLab_Clay100%_Group9SampleA_Mon_Feb_23_03_41_25_2026,0.049569562077522195,0.1710242182016372,4.2779725995743965
RADLabs26_Feb23_GrafLab_Clay100%_Group9SampleA_Mon_Feb_23_03_41_25_2026,0.049569562077522195,0.1710242182016372,4.2779725995743965
RADLabs26_Feb23_GrafLab_Clay100%_Group9SampleA_Mon_Feb_23_03_41_25_2026,0.049569562077522195,0.1710242182016372,4.2779725995743965
RADLabs26_Feb23_GrafLab_Clay100%_Group9SampleA_Mon_Feb_23_03_41_25_2026,0.049569562077522195,0.1710242182016372,4.2779725995743965
RADLabs26_Feb23_GrafLab_Clay100%_Group9SampleA_Mon_Feb_23_03_41_25_2026,0.049569562077522195,0.1710242182016372,4.2779725995743965
RADLabs26_Feb23_GrafLab_Clay100%_Group9SampleA_Mon_Feb_23_03_41_25_2026,0.049569562077522195,0.1710242182016372,4.2779725995743965
RADLabs26_Feb23_GrafLab_Clay100%_Group9SampleA_Mon_Feb_23_03_41_25_2026,0.0495524257421493,0.2113019526004791,4.2779725995743965
RADLabs26_Feb23_GrafLab_Clay100%_Group9SampleA_Mon_Feb_23_03_41_25_2026,0.0495524257421493,0.2113019526004791,4.2779725995743965
RADLabs26_Feb23_GrafLab_Clay100%_Group9SampleA_Mon_Feb_23_03_41_25_2026,0.0495524257421493,0.2113019526004791,4.2779725995743965
RADLabs26_Feb23_GrafLab_Clay100%_Group9SampleA_Mon_Feb_23_03_41_25_2026,0.0495524257421493,0.2113019526004791,4.2779725995743965
RADLabs26_Feb23_GrafLab_Clay100%_Group9SampleA_Mon_Feb_23_03_41_25_2026,0.0495524257421493,0.2113019526004791,4.2779725995743965
RADLabs26_Feb23_GrafLab_Clay100%_Group9SampleA_Mon_Feb_23_03_41_25_2026,0.0495524257421493,0.2113019526004791,4.2779725995743965
RADLabs26_Feb23_GrafLab_Clay100%_Group9SampleA_Mon_Feb_23_03_41_25_2026,0.0495643466711044,0.1598069071769714,4.2779725995743965
RADLabs26_Feb23_GrafLab_Clay100%_Group9SampleA_Mon_Feb_23_03_41_25_2026,0.0495643466711044,0.1598069071769714,4.2779725995743965
RADLabs26_Feb23_GrafLab_Clay100%_Group9SampleA_Mon_Feb_23_03_41_25_2026,0.0495643466711044,0.1598069071769714,4.2779725995743965
RADLabs26_Feb23_GrafLab_Clay100%_Group9SampleA_Mon_Feb_23_03_41_25_2026,0.0495643466711044,0.1598069071769714,4.2779725995743965
RADLabs26_Feb23_GrafLab_Clay100%_Group9SampleA_Mon_Feb_23_03_41_25_2026,0.0495643466711044,0.1598069071769714,4.2779725995743965
RADLabs26_Feb23_GrafLab_Clay100%_Group9SampleA_Mon_Feb_23_03_41_25_2026,0.0495613813400268,0.1794904768466949,4.2779725995743965
RADLabs26_Feb23_GrafLab_Clay100%_Group9SampleA_Mon_Feb_23_03_41_25_2026,0.0495613813400268,0.1794904768466949,4.2779725995743965
RADLabs26_Feb23_GrafLab_Clay100%_Group9SampleA_Mon_Feb_23_03_41_25_2026,0.0495613813400268,0.1794904768466949,4.2779725995743965
RADLabs26_Feb23_GrafLab_Clay100%_Group9SampleA_Mon_Feb_23_03_41_25_2026,0.0495613813400268,0.1794904768466949,4.2779725995743965
RADLabs26_Feb23_GrafLab_Clay100%_Group9SampleA_Mon_Feb_23_03_41_25_2026,0.0495613813400268,0.1794904768466949,4.2779725995743965
RADLabs26_Feb23_GrafLab_Clay100%_Group9SampleA_Mon_Feb_23_03_41_25_2026,0.0495613813400268,0.1794904768466949,4.2779725995743965
RADLabs26_Feb23_GrafLab_Clay100%_Group9SampleA_Mon_Feb_23_03_41_25_2026,0.0495613813400268,0.1794904768466949,4.2779725995743965
RADLabs26_Feb23_GrafLab_Clay100%_Group9SampleA_Mon_Feb_23_03_41_25_2026,0.0495613813400268,0.1794904768466949,4.2779725995743965
RADLabs26_Feb23_GrafLab_Clay100%_Group9SampleA_Mon_Feb_23_03_41_25_2026,0.0495613813400268,0.1794904768466949,4.2779725995743965
RADLabs26_Feb23_GrafLab_Clay100%_Group9SampleA_Mon_Feb_23_03_41_25_2026,0.0495613813400268,0.1794904768466949,4.2779725995743965
RADLabs26_Feb23_GrafLab_Clay100%_Group9SampleA_Mon_Feb_23_03_41_25_2026,0.0495613813400268,0.1794904768466949,4.2779725995743965
RADLabs26_Feb23_GrafLab_Clay100%_Group9SampleA_Mon_Feb_23_03_41_25_2026,0.0495613813400268,0.1794904768466949,4.2779725995743965
RADLabs26_Feb23_GrafLab_Clay100%_Group9SampleA_Mon_Feb_23_03_41_25_2026,0.0495613813400268,0.1794904768466949,4.2779725995743965
RADLabs26_Feb23_GrafLab_Clay100%_Group9SampleA_Mon_Feb_23_03_41_25_2026,0.0495613813400268,0.1794904768466949,4.2779725995743965
RADLabs26_Feb23_GrafLab_Clay100%_Group9SampleA_Mon_Feb_23_03_41_25_2026,0.0495613813400268,0.1794904768466949,4.2779725995743965
RADLabs26_Feb23_GrafLab_Clay100%_Group9SampleA_Mon_Feb_23_03_41_25_2026,0.0495613813400268,0.1794904768466949,4.2779725995743965
RADLabs26_Feb23_GrafLab_Clay100%_Group9SampleA_Mon_Feb_23_03_41_25_2026,0.0495613813400268,0.1794904768466949,4.2779725995743965
RADLabs26_Feb23_GrafLab_Clay100%_Group9SampleA_Mon_Feb_23_03_41_25_2026,0.0495613813400268,0.1794904768466949,4.2779725995743965
RADLabs26_Feb23_GrafLab_Clay100%_Group9SampleA_Mon_Feb_23_03_41_25_2026,0.0495613813400268,0.1794904768466949,4.2779725995743965
RADLabs26_Feb23_GrafLab_Clay100%_Group9SampleA_Mon_Feb_23_03_41_25_2026,0.0495613813400268,0.1794904768466949,4.2779725995743965
RADLabs26_Feb23_GrafLab_Clay100%_Group9SampleA_Mon_Feb_23_03_41_25_2026,0.0495613813400268,0.1794904768466949,4.2779725995743965
RADLabs26_Feb23_GrafLab_Clay100%_Group9SampleA_Mon_Feb_23_03_41_25_2026,0.0495613813400268,0.1794904768466949,4.2779725995743965
RADLabs26_Feb23_GrafLab_Clay100%_Group9SampleA_Mon_Feb_23_03_41_25_2026,0.0495613813400268,0.1794904768466949,4.2779725995743965
RADLabs26_Feb23_GrafLab_Clay100%_Group9SampleA_Mon_Feb_23_03_41_25_2026,0.0495613813400268,0.1794904768466949,4.2779725995743965
RADLabs26_Feb23_GrafLab_Clay100%_Group9SampleA_Mon_Feb_23_03_41_25_2026,0.0495613813400268,0.1794904768466949,4.2779725995743965
RADLabs26_Feb23_GrafLab_Clay100%_Group9SampleA_Mon_Feb_23_03_41_25_2026,0.0495613813400268,0.1794904768466949,4.2779725995743965
RADLabs26_Feb23_GrafLab_Clay100%_Group9SampleA_Mon_Feb_23_03_41_25_2026,0.0495613813400268,0.1794904768466949,4.2779725995743965
RADLabs26_Feb23_GrafLab_Clay100%_Group9SampleA_Mon_Feb_23_03_41_25_2026,0.0495613813400268,0.1794904768466949,4.2779725995743965
RADLabs26_Feb23_GrafLab_Clay100%_Group9SampleA_Mon_Feb_23_03_41_25_2026,0.0495613813400268,0.1794904768466949,4.2779725995743965
RADLabs26_Feb23_GrafLab_Clay100%_Group9SampleA_Mon_Feb_23_03_41_25_2026,0.0495613813400268,0.1794904768466949,4.2779725995743965
RADLabs26_Feb23_GrafLab_Clay100%_Group9SampleA_Mon_Feb_23_03_41_25_2026,0.0495613813400268,0.1794904768466949,4.2779725995743965
RADLabs26_Feb23_GrafLab_Clay100%_Group9SampleA_Mon_Feb_23_03_41_25_2026,0.0495613813400268,0.1794904768466949,4.2779725995743965
RADLabs26_Feb23_GrafLab_Clay100%_Group9SampleA_Mon_Feb_23_03_41_25_2026,0.0495613813400268,0.1794904768466949,4.2779725995743965
RADLabs26_Feb23_GrafLab_Clay100%_Group9SampleA_Mon_Feb_23_03_41_25_2026,0.0495613813400268,0.1794904768466949,4.2779725995743965
RADLabs26_Feb23_GrafLab_Clay100%_Group9SampleA_Mon_Feb_23_03_41_25_2026,0.0495613813400268,0.1794904768466949,4.2779725995743965
RADLabs26_Feb23_GrafLab_Clay100%_Group9SampleA_Mon_Feb_23_03_41_25_2026,0.0495613813400268,0.1794904768466949,4.2779725995743965
RADLabs26_Feb23_GrafLab_Clay100%_Group9SampleA_Mon_Feb_23_03_41_25_2026,0.0495613813400268,0.1794904768466949,4.2779725995743965
RADLabs26_Feb23_GrafLab_Clay100%_Group9SampleA_Mon_Feb_23_03_41_25_2026,0.0495613813400268,0.1794904768466949,4.2779725995743965
RADLabs26_Feb23_GrafLab_Clay100%_Group9SampleA_Mon_Feb_23_03_41_25_2026,0.0495613813400268,0.1794904768466949,4.2779725995743965
RADLabs26_Feb23_GrafLab_Clay100%_Group9SampleA_Mon_Feb_23_03_41_25_2026,0.0495613813400268,0.1794904768466949,4.2779725995743965
RADLabs26_Feb23_GrafLab_Clay100%_Group9SampleA_Mon_Feb_23_03_41_25_2026,0.0495613813400268,0.1794904768466949,4.2779725995743965
RADLabs26_Feb23_GrafLab_Clay100%_Group9SampleA_Mon_Feb_23_03_41_25_2026,0.0495613813400268,0.1794904768466949,4.2779725995743965
RADLabs26_Feb23_GrafLab_Clay100%_Group9SampleA_Mon_Feb_23_03_41_25_2026,0.0495613813400268,0.1794904768466949,4.2779725995743965
RADLabs26_Feb23_GrafLab_Clay100%_Group9SampleA_Mon_Feb_23_03_41_25_2026,0.0495613813400268,0.1794904768466949,4.2779725995743965
RADLabs26_Feb23_GrafLab_Clay100%_Group9SampleA_Mon_Feb_23_03_41_25_2026,0.0495613813400268,0.1794904768466949,4.2779725995743965
RADLabs26_Feb23_GrafLab_Clay100%_Group9SampleA_Mon_Feb_23_03_41_25_2026,0.0495613813400268,0.1794904768466949,4.2779725995743965
RADLabs26_Feb23_GrafLab_Clay100%_Group9SampleA_Mon_Feb_23_03_41_25_2026,0.0495613813400268,0.1794904768466949,4.2779725995743965
RADLabs26_Feb23_GrafLab_Clay100%_Group9SampleA_Mon_Feb_23_03_41_25_2026,0.0495613813400268,0.1794904768466949,4.2779725995743965
RADLabs26_Feb23_GrafLab_Clay100%_Group9SampleA_Mon_Feb_23_03_41_25_2026,0.0495613813400268,0.1794904768466949,4.2779725995743965
RADLabs26_Feb23_GrafLab_Clay100%_Group9SampleA_Mon_Feb_23_03_41_25_2026,0.0495613813400268,0.1794904768466949,4.2779725995743965
RADLabs26_Feb23_GrafLab_Clay100%_Group9SampleA_Mon_Feb_23_03_41_25_2026,0.0495613813400268,0.1794904768466949,4.2779725995743965
RADLabs26_Feb23_GrafLab_Clay100%_Group9SampleA_Mon_Feb_23_03_41_25_2026,0.04956334829330439,0.1699131727218628,4.2779725995743965
RADLabs26_Feb23_GrafLab_Clay100%_Group9SampleA_Mon_Feb_23_03_41_25_2026,0.04956334829330439,0.1699131727218628,4.2779725995743965
RADLabs26_Feb23_GrafLab_Clay100%_Group9SampleA_Mon_Feb_23_03_41_25_2026,0.04956334829330439,0.1699131727218628,4.2779725995743965
RADLabs26_Feb23_GrafLab_Clay100%_Group9SampleA_Mon_Feb_23_03_41_25_2026,0.04956334829330439,0.1699131727218628,4.2779725995743965
RADLabs26_Feb23_GrafLab_Clay100%_Group9SampleA_Mon_Feb_23_03_41_25_2026,0.04956334829330439,0.1699131727218628,4.2779725995743965
RADLabs26_Feb23_GrafLab_Clay100%_Group9SampleA_Mon_Feb_23_03_41_25_2026,0.04956334829330439,0.1699131727218628,4.2779725995743965
RADLabs26_Feb23_GrafLab_Clay100%_Group9SampleA_Mon_Feb_23_03_41_25_2026,0.04956334829330439,0.1699131727218628,4.2779725995743965
RADLabs26_Feb23_GrafLab_Clay100%_Group9SampleA_Mon_Feb_23_03_41_25_2026,0.049558401107788086,0.1825698316097259,4.2779725995743965
RADLabs26_Feb23_GrafLab_Clay100%_Group9SampleA_Mon_Feb_23_03_41_25_2026,0.049558401107788086,0.1825698316097259,4.2779725995743965
RADLabs26_Feb23_GrafLab_Clay100%_Group9SampleA_Mon_Feb_23_03_41_25_2026,0.049558401107788086,0.1825698316097259,4.2779725995743965
RADLabs26_Feb23_GrafLab_Clay100%_Group9SampleA_Mon_Feb_23_03_41_25_2026,0.049558401107788086,0.1825698316097259,4.2779725995743965
RADLabs26_Feb23_GrafLab_Clay100%_Group9SampleA_Mon_Feb_23_03_41_25_2026,0.049558401107788086,0.1825698316097259,4.2779725995743965
RADLabs26_Feb23_GrafLab_Clay100%_Group9SampleA_Mon_Feb_23_03_41_25_2026,0.04955814778804779,0.182825356721878,4.2779725995743965
RADLabs26_Feb23_GrafLab_Clay100%_Group9SampleA_Mon_Feb_23_03_41_25_2026,0.04955814778804779,0.182825356721878,4.2779725995743965
RADLabs26_Feb23_GrafLab_Clay100%_Group9SampleA_Mon_Feb_23_03_41_25_2026,0.04955814778804779,0.182825356721878,4.2779725995743965
RADLabs26_Feb23_GrafLab_Clay100%_Group9SampleA_Mon_Feb_23_03_41_25_2026,0.04955814778804779,0.182825356721878,4.2779725995743965
RADLabs26_Feb23_GrafLab_Clay100%_Group9SampleA_Mon_Feb_23_03_41_25_2026,0.04955814778804779,0.182825356721878,4.2779725995743965
RADLabs26_Feb23_GrafLab_Clay100%_Group9SampleA_Mon_Feb_23_03_41_25_2026,0.04955814778804779,0.182825356721878,4.2779725995743965
RADLabs26_Feb23_GrafLab_Clay100%_Group9SampleA_Mon_Feb_23_03_41_25_2026,0.04955814778804779,0.182825356721878,4.2779725995743965
RADLabs26_Feb23_GrafLab_Clay100%_Group9SampleA_Mon_Feb_23_03_41_25_2026,0.04955814778804779,0.182825356721878,4.2779725995743965
RADLabs26_Feb23_GrafLab_Clay100%_Group9SampleA_Mon_Feb_23_03_41_25_2026,0.04955814778804779,0.182825356721878,4.2779725995743965
RADLabs26_Feb23_GrafLab_Clay100%_Group9SampleA_Mon_Feb_23_03_41_25_2026,0.04955814778804779,0.182825356721878,4.2779725995743965
RADLabs26_Feb23_GrafLab_Clay100%_Group9SampleA_Mon_Feb_23_03_41_25_2026,0.04955814778804779,0.182825356721878,4.2779725995743965
RADLabs26_Feb23_GrafLab_Clay100%_Group9SampleA_Mon_Feb_23_03_41_25_2026,0.04955814778804779,0.182825356721878,4.2779725995743965
RADLabs26_Feb23_GrafLab_Clay100%_Group9SampleA_Mon_Feb_23_03_41_25_2026,0.04955814778804779,0.182825356721878,4.2779725995743965
RADLabs26_Feb23_GrafLab_Clay100%_Group9SampleA_Mon_Feb_23_03_41_25_2026,0.04955814778804779,0.182825356721878,4.2779725995743965
RADLabs26_Feb23_GrafLab_Clay100%_Group9SampleA_Mon_Feb_23_03_41_25_2026,0.04955814778804779,0.182825356721878,4.2779725995743965
RADLabs26_Feb23_GrafLab_Clay100%_Group9SampleA_Mon_Feb_23_03_41_25_2026,0.04955814778804779,0.182825356721878,4.2779725995743965
RADLabs26_Feb23_GrafLab_Clay100%_Group9SampleA_Mon_Feb_23_03_41_25_2026,0.04955814778804779,0.182825356721878,4.2779725995743965
RADLabs26_Feb23_GrafLab_Clay100%_Group9SampleA_Mon_Feb_23_03_41_25_2026,0.04955814778804779,0.182825356721878,4.2779725995743965
RADLabs26_Feb23_GrafLab_Clay100%_Group9SampleA_Mon_Feb_23_03_41_25_2026,0.04955814778804779,0.182825356721878,4.2779725995743965
RADLabs26_Feb23_GrafLab_Clay100%_Group9SampleA_Mon_Feb_23_03_41_25_2026,0.04955814778804779,0.182825356721878,4.2779725995743965
RADLabs26_Feb23_GrafLab_Clay100%_Group9SampleA_Mon_Feb_23_03_41_25_2026,0.04955814778804779,0.182825356721878,4.2779725995743965
RADLabs26_Feb23_GrafLab_Clay100%_Group9SampleA_Mon_Feb_23_03_41_25_2026,0.049557387828826904,0.183077797293663,4.2779725995743965
RADLabs26_Feb23_GrafLab_Clay100%_Group9SampleA_Mon_Feb_23_03_41_25_2026,0.049557387828826904,0.183077797293663,4.2779725995743965
RADLabs26_Feb23_GrafLab_Clay100%_Group9SampleA_Mon_Feb_23_03_41_25_2026,0.049557387828826904,0.183077797293663,4.2779725995743965
RADLabs26_Feb23_GrafLab_Clay100%_Group9SampleA_Mon_Feb_23_03_41_25_2026,0.049557387828826904,0.183077797293663,4.2779725995743965
RADLabs26_Feb23_GrafLab_Clay100%_Group9SampleA_Mon_Feb_23_03_41_25_2026,0.049557387828826904,0.183077797293663,4.2779725995743965
RADLabs26_Feb23_GrafLab_Clay100%_Group9SampleA_Mon_Feb_23_03_41_25_2026,0.049557387828826904,0.183077797293663,4.2779725995743965
RADLabs26_Feb23_GrafLab_Clay100%_Group9SampleA_Mon_Feb_23_03_41_25_2026,0.04956334829330439,0.1699131727218628,4.2779725995743965
RADLabs26_Feb23_GrafLab_Clay100%_Group9SampleA_Mon_Feb_23_03_41_25_2026,0.04956334829330439,0.1699131727218628,4.2779725995743965
RADLabs26_Feb23_GrafLab_Clay100%_Group9SampleA_Mon_Feb_23_03_41_25_2026,0.04956334829330439,0.1699131727218628,4.2779725995743965
RADLabs26_Feb23_GrafLab_Clay100%_Group9SampleA_Mon_Feb_23_03_41_25_2026,0.04956334829330439,0.1699131727218628,4.2779725995743965
RADLabs26_Feb23_GrafLab_Clay100%_Group9SampleA_Mon_Feb_23_03_41_25_2026,0.04956334829330439,0.1699131727218628,4.2779725995743965
RADLabs26_Feb23_GrafLab_Clay100%_Group9SampleA_Mon_Feb_23_03_41_25_2026,0.04956334829330439,0.1699131727218628,4.2779725995743965
RADLabs26_Feb23_GrafLab_Clay100%_Group9SampleA_Mon_Feb_23_03_41_25_2026,0.049569562077522195,0.1710242182016372,4.2779725995743965
RADLabs26_Feb23_GrafLab_Clay100%_Group9SampleA_Mon_Feb_23_03_41_25_2026,0.049569562077522195,0.1710242182016372,4.2779725995743965
RADLabs26_Feb23_GrafLab_Clay100%_Group9SampleA_Mon_Feb_23_03_41_25_2026,0.049569562077522195,0.1710242182016372,4.2779725995743965
RADLabs26_Feb23_GrafLab_Clay100%_Group9SampleA_Mon_Feb_23_03_41_25_2026,0.049569562077522195,0.1710242182016372,4.2779725995743965
RADLabs26_Feb23_GrafLab_Clay100%_Group9SampleA_Mon_Feb_23_03_41_25_2026,0.049569562077522195,0.1710242182016372,4.2779725995743965
RADLabs26_Feb23_GrafLab_Clay100%_Group9SampleA_Mon_Feb_23_03_41_25_2026,0.049569562077522195,0.1710242182016372,4.2779725995743965
RADLabs26_Feb23_GrafLab_Clay100%_Group9SampleA_Mon_Feb_23_03_41_25_2026,0.049569562077522195,0.1710242182016372,4.2779725995743965
RADLabs26_Feb23_GrafLab_Clay100%_Group9SampleA_Mon_Feb_23_03_41_25_2026,0.049569562077522195,0.1710242182016372,4.2779725995743965
RADLabs26_Feb23_GrafLab_Clay100%_Group9SampleA_Mon_Feb_23_03_41_25_2026,0.049569562077522195,0.1710242182016372,4.2779725995743965
RADLabs26_Feb23_GrafLab_Clay100%_Group9SampleA_Mon_Feb_23_03_41_25_2026,0.049569562077522195,0.1710242182016372,4.2779725995743965
RADLabs26_Feb23_GrafLab_Clay100%_Group9SampleA_Mon_Feb_23_03_41_25_2026,0.049569562077522195,0.1710242182016372,4.2779725995743965
RADLabs26_Feb23_GrafLab_Clay100%_Group9SampleA_Mon_Feb_23_03_41_25_2026,0.049569562077522195,0.1710242182016372,4.2779725995743965
RADLabs26_Feb23_GrafLab_Clay100%_Group9SampleA_Mon_Feb_23_03_41_25_2026,0.049569562077522195,0.1710242182016372,4.2779725995743965
RADLabs26_Feb23_GrafLab_Clay100%_Group9SampleA_Mon_Feb_23_03_41_25_2026,0.049569562077522195,0.1710242182016372,4.2779725995743965
RADLabs26_Feb23_GrafLab_Clay100%_Group9SampleA_Mon_Feb_23_03_41_25_2026,0.049569562077522195,0.1710242182016372,4.2779725995743965
RADLabs26_Feb23_GrafLab_Clay100%_Group9SampleA_Mon_Feb_23_03_41_25_2026,0.049569562077522195,0.1710242182016372,4.2779725995743965
RADLabs26_Feb23_GrafLab_Clay100%_Group9SampleA_Mon_Feb_23_03_41_25_2026,0.049569562077522195,0.1710242182016372,4.2779725995743965
RADLabs26_Feb23_GrafLab_Clay100%_Group9SampleA_Mon_Feb_23_03_41_25_2026,0.049569562077522195,0.1710242182016372,4.2779725995743965
RADLabs26_Feb23_GrafLab_Clay100%_Group9SampleA_Mon_Feb_23_03_41_25_2026,0.04955889284610748,0.1820563971996307,4.2779725995743965
RADLabs26_Feb23_GrafLab_Clay100%_Group9SampleA_Mon_Feb_23_03_41_25_2026,0.04955889284610748,0.1820563971996307,4.2779725995743965
RADLabs26_Feb23_GrafLab_Clay100%_Group9SampleA_Mon_Feb_23_03_41_25_2026,0.04955889284610748,0.1820563971996307,4.2779725995743965
RADLabs26_Feb23_GrafLab_Clay100%_Group9SampleA_Mon_Feb_23_03_41_25_2026,0.04955889284610748,0.1820563971996307,4.2779725995743965
RADLabs26_Feb23_GrafLab_Clay100%_Group9SampleA_Mon_Feb_23_03_41_25_2026,0.04955889284610748,0.1820563971996307,4.2779725995743965
RADLabs26_Feb23_GrafLab_Clay100%_Group9SampleA_Mon_Feb_23_03_41_25_2026,0.04955889284610748,0.1820563971996307,4.2779725995743965
RADLabs26_Feb23_GrafLab_Clay100%_Group9SampleA_Mon_Feb_23_03_41_25_2026,0.04955889284610748,0.1820563971996307,4.2779725995743965
RADLabs26_Feb23_GrafLab_Clay100%_Group9SampleA_Mon_Feb_23_03_41_25_2026,0.04955889284610748,0.1820563971996307,4.2779725995743965
RADLabs26_Feb23_GrafLab_Clay100%_Group9SampleA_Mon_Feb_23_03_41_25_2026,0.04955889284610748,0.1820563971996307,4.2779725995743965
RADLabs26_Feb23_GrafLab_Clay100%_Group9SampleA_Mon_Feb_23_03_41_25_2026,0.04955889284610748,0.1820563971996307,4.2779725995743965
RADLabs26_Feb23_GrafLab_Clay100%_Group9SampleA_Mon_Feb_23_03_41_25_2026,0.04955889284610748,0.1820563971996307,4.2779725995743965
RADLabs26_Feb23_GrafLab_Clay100%_Group9SampleA_Mon_Feb_23_03_41_25_2026,0.04955889284610748,0.1820563971996307,4.2779725995743965
RADLabs26_Feb23_GrafLab_Clay100%_Group9SampleA_Mon_Feb_23_03_41_25_2026,0.04955889284610748,0.1820563971996307,4.2779725995743965
RADLabs26_Feb23_GrafLab_Clay100%_Group9SampleA_Mon_Feb_23_03_41_25_2026,0.04955889284610748,0.1820563971996307,4.2779725995743965
RADLabs26_Feb23_GrafLab_Clay100%_Group9SampleA_Mon_Feb_23_03_41_25_2026,0.04955889284610748,0.1820563971996307,4.2779725995743965
RADLabs26_Feb23_GrafLab_Clay100%_Group9SampleA_Mon_Feb_23_03_41_25_2026,0.04955889284610748,0.1820563971996307,4.2779725995743965
RADLabs26_Feb23_GrafLab_Clay100%_Group9SampleA_Mon_Feb_23_03_41_25_2026,0.04955889284610748,0.1820563971996307,4.2779725995743965
RADLabs26_Feb23_GrafLab_Clay100%_Group9SampleA_Mon_Feb_23_03_41_25_2026,0.04955889284610748,0.1820563971996307,4.2779725995743965
RADLabs26_Feb23_GrafLab_Clay100%_Group9SampleA_Mon_Feb_23_03_41_25_2026,0.04955889284610748,0.1820563971996307,4.2779725995743965
RADLabs26_Feb23_GrafLab_Clay100%_Group9SampleA_Mon_Feb_23_03_41_25_2026,0.04956981539726249,0.1481935232877731,4.2779725995743965
RADLabs26_Feb23_GrafLab_Clay100%_Group9SampleA_Mon_Feb_23_03_41_25_2026,0.04956981539726249,0.1481935232877731,4.2779725995743965
RADLabs26_Feb23_GrafLab_Clay100%_Group9SampleA_Mon_Feb_23_03_41_25_2026,0.04956981539726249,0.1481935232877731,4.2779725995743965
RADLabs26_Feb23_GrafLab_Clay100%_Group9SampleA_Mon_Feb_23_03_41_25_2026,0.04956981539726249,0.1481935232877731,4.2779725995743965
RADLabs26_Feb23_GrafLab_Clay100%_Group9SampleA_Mon_Feb_23_03_41_25_2026,0.049569562077522195,0.1710242182016372,4.2779725995743965
RADLabs26_Feb23_GrafLab_Clay100%_Group9SampleA_Mon_Feb_23_03_41_25_2026,0.049569562077522195,0.1710242182016372,4.2779725995743965
RADLabs26_Feb23_GrafLab_Clay100%_Group9SampleA_Mon_Feb_23_03_41_25_2026,0.049569562077522195,0.1710242182016372,4.2779725995743965
RADLabs26_Feb23_GrafLab_Clay100%_Group9SampleA_Mon_Feb_23_03_41_25_2026,0.049569562077522195,0.1710242182016372,4.2779725995743965
RADLabs26_Feb23_GrafLab_Clay100%_Group9SampleA_Mon_Feb_23_03_41_25_2026,0.049569562077522195,0.1710242182016372,4.2779725995743965
RADLabs26_Feb23_GrafLab_Clay100%_Group9SampleA_Mon_Feb_23_03_41_25_2026,0.049569562077522195,0.1710242182016372,4.2779725995743965
RADLabs26_Feb23_GrafLab_Clay100%_Group9SampleA_Mon_Feb_23_03_41_25_2026,0.0495613813400268,0.1794904768466949,4.2779725995743965
RADLabs26_Feb23_GrafLab_Clay100%_Group9SampleA_Mon_Feb_23_03_41_25_2026,0.0495613813400268,0.1794904768466949,4.2779725995743965
RADLabs26_Feb23_GrafLab_Clay100%_Group9SampleA_Mon_Feb_23_03_41_25_2026,0.0495613813400268,0.1794904768466949,4.2779725995743965
RADLabs26_Feb23_GrafLab_Clay100%_Group9SampleA_Mon_Feb_23_03_41_25_2026,0.0495613813400268,0.1794904768466949,4.2779725995743965
RADLabs26_Feb23_GrafLab_Clay100%_Group9SampleA_Mon_Feb_23_03_41_25_2026,0.0495613813400268,0.1794904768466949,4.2779725995743965
RADLabs26_Feb23_GrafLab_Clay100%_Group9SampleA_Mon_Feb_23_03_41_25_2026,0.049558401107788086,0.1825698316097259,4.2779725995743965
RADLabs26_Feb23_GrafLab_Clay100%_Group9SampleA_Mon_Feb_23_03_41_25_2026,0.049558401107788086,0.1825698316097259,4.2779725995743965
RADLabs26_Feb23_GrafLab_Clay100%_Group9SampleA_Mon_Feb_23_03_41_25_2026,0.049558401107788086,0.1825698316097259,4.2779725995743965
RADLabs26_Feb23_GrafLab_Clay100%_Group9SampleA_Mon_Feb_23_03_41_25_2026,0.049558401107788086,0.1825698316097259,4.2779725995743965
RADLabs26_Feb23_GrafLab_Clay100%_Group9SampleA_Mon_Feb_23_03_41_25_2026,0.049558401107788086,0.1825698316097259,4.2779725995743965
RADLabs26_Feb23_GrafLab_Clay100%_Group9SampleA_Mon_Feb_23_03_41_25_2026,0.049558401107788086,0.1825698316097259,4.2779725995743965
RADLabs26_Feb23_GrafLab_Clay100%_Group9SampleA_Mon_Feb_23_03_41_25_2026,0.049558401107788086,0.1825698316097259,4.2779725995743965
RADLabs26_Feb23_GrafLab_Clay100%_Group9SampleA_Mon_Feb_23_03_41_25_2026,0.049558401107788086,0.1825698316097259,4.2779725995743965
RADLabs26_Feb23_GrafLab_Clay100%_Group9SampleA_Mon_Feb_23_03_41_25_2026,0.049558401107788086,0.1825698316097259,4.2779725995743965
RADLabs26_Feb23_GrafLab_Clay100%_Group9SampleA_Mon_Feb_23_03_41_25_2026,0.049558401107788086,0.1825698316097259,4.2779725995743965
RADLabs26_Feb23_GrafLab_Clay100%_Group9SampleA_Mon_Feb_23_03_41_25_2026,0.049558401107788086,0.1825698316097259,4.2779725995743965
RADLabs26_Feb23_GrafLab_Clay100%_Group9SampleA_Mon_Feb_23_03_41_25_2026,0.049558401107788086,0.1825698316097259,4.2779725995743965
RADLabs26_Feb23_GrafLab_Clay100%_Group9SampleA_Mon_Feb_23_03_41_25_2026,0.049558401107788086,0.1825698316097259,4.2779725995743965
RADLabs26_Feb23_GrafLab_Clay100%_Group9SampleA_Mon_Feb_23_03_41_25_2026,0.049558401107788086,0.1825698316097259,4.2779725995743965
RADLabs26_Feb23_GrafLab_Clay100%_Group9SampleA_Mon_Feb_23_03_41_25_2026,0.049558401107788086,0.1825698316097259,4.2779725995743965
RADLabs26_Feb23_GrafLab_Clay100%_Group9SampleA_Mon_Feb_23_03_41_25_2026,0.04957225918769828,0.1606778502464294,4.2779725995743965
