scenario,real_time_plot,extrude_speed_slider,extrude_angle_slider,extrude_length_slider,down_length_slider,down_speed_slider,delay_after_down,shear_length,shear_speed,delay_after_shear,back_speed,moving_speed,moving_step_angle,time_delay,variable1,variable3,search_start,search_end,ground_height,extrude_back_speed
leg,True,1.0,0.0,5.0,4.0,1.0,3.0,17.0,1.0,0.0,1.0,10.0,5.0,0.0,16.3,0.0,16.8,27.0,18.4,2.0
time,toeforce_x,toeforce_y,toeforce_x_loadcell,toeforce_yloadcell,toe_position_x,toe_position_y,toe_velocity_x,toe_velocity_y,position,position1,torque,torque1,theta command,length command,state flag,current
0.00445866584777832,-0.28240787982940674,-0.6260757446289062,0.0,0.0,-0.0007983780233189464,-0.18458472192287445,0.0,0.0,-0.12510092460136726,-0.09603678587189989,-0.007340242620557547,0.05888276919722557,0.0,0.0,0.0,0.0
0.012092351913452148,-0.28240787982940674,-0.6260757446289062,0.0,0.0,-0.0007983780233189464,-0.18458472192287445,0.0,0.0,-0.12510092460136726,-0.09603678587189989,-6.28642737865448e-07,-8.664792403578758e-05,0.0,0.0,0.0,0.0
0.013702154159545898,-0.28240787982940674,-0.6260757446289062,0.0,0.0,-0.0007983780233189464,-0.18458472192287445,0.0,0.0,-0.12510092460136726,-0.09603678587189989,-6.28642737865448e-07,-8.664792403578758e-05,0.0,0.0,0.0,0.0
0.015314579010009766,-0.28240787982940674,-0.6260757446289062,0.0,0.0,-0.0007983780233189464,-0.18458472192287445,0.0,0.0,-0.12510092460136726,-0.09603678587189989,-6.28642737865448e-07,-8.664792403578758e-05,0.0,0.0,0.0,0.0
0.016704082489013672,-0.28240787982940674,-0.6260757446289062,0.0,0.0,-0.0007983780233189464,-0.18458472192287445,0.0,0.0,-0.12510092460136726,-0.09603678587189989,-6.28642737865448e-07,-8.664792403578758e-05,0.0,0.0,0.0,0.0
0.01799178123474121,-0.2820933759212494,-0.6255384087562561,0.0,0.0,-0.0007974955951794982,-0.18458420038223267,0.0,0.0,-0.12510092460136726,-0.0968852666545302,-6.28642737865448e-07,0.011443283408880234,0.0,0.0,0.0,0.0
0.01929163932800293,-0.2820933759212494,-0.6255384087562561,0.0,0.0,-0.0007974955951794982,-0.18458420038223267,0.0,0.0,-0.12510092460136726,-0.0968852666545302,-6.28642737865448e-07,0.011443283408880234,0.0,0.0,0.0,0.0
0.02055525779724121,-0.2820933759212494,-0.6255384087562561,0.0,0.0,-0.0007974955951794982,-0.18458420038223267,0.0,0.0,-0.12510092460136726,-0.09735984313111679,-0.05510885268449783,0.06929422169923782,0.0,0.0,0.0,0.0
0.021898984909057617,-0.2820933759212494,-0.6255384087562561,0.0,0.0,-0.0007974955951794982,-0.18458420038223267,0.0,0.0,-0.12510092460136726,-0.09735984313111679,-0.05510885268449783,0.06929422169923782,0.0,0.0,0.0,0.0
0.023194313049316406,-0.2820933759212494,-0.6255384087562561,0.0,0.0,-0.0007974955951794982,-0.18458420038223267,0.0,0.0,-0.12510092460136726,-0.09790632495713551,-0.05510885268449783,0.0716116651892662,0.0,0.0,0.0,0.0
0.024428367614746094,-0.2820933759212494,-0.6255384087562561,0.0,0.0,-0.0007974955951794982,-0.18458420038223267,0.0,0.0,-0.12510092460136726,-0.09790632495713551,-0.05510885268449783,0.0716116651892662,0.0,0.0,0.0,0.0
0.025960206985473633,-0.2820933759212494,-0.6255384087562561,0.0,0.0,-0.0007974955951794982,-0.18458420038223267,0.0,0.0,-0.12510092460136726,-0.09816038701412567,-0.05510885268449783,0.07158306986093521,0.0,0.0,0.0,0.0
0.029354095458984375,-0.2819361984729767,-0.6252699494361877,0.0,0.0,-0.0007970544975250959,-0.18458397686481476,0.0,0.0,-0.12485645343530476,-0.0984623918224096,-0.05510885268449783,0.0732138380408287,0.0,0.0,0.0,0.0
0.030726909637451172,-0.2819361984729767,-0.6252699494361877,0.0,0.0,-0.0007970544975250959,-0.18458397686481476,0.0,0.0,-0.12405111118099588,-0.09845759345110959,-0.09898312389850616,0.12904532253742218,0.0,0.0,0.0,0.0
0.03203606605529785,-0.2819361984729767,-0.6252699494361877,0.0,0.0,-0.0007970544975250959,-0.18458397686481476,0.0,0.0,-0.12405111118099588,-0.09845759345110959,-0.09898312389850616,0.12904532253742218,0.0,0.0,0.0,0.0
0.033303022384643555,-0.2819361984729767,-0.6252699494361877,0.0,0.0,-0.0007970544975250959,-0.18458397686481476,0.0,0.0,-0.12297731760746915,-0.09812204100543193,-0.09005677700042725,0.12375245243310928,0.0,0.0,0.0,0.0
0.034618377685546875,-0.2819361984729767,-0.6252699494361877,0.0,0.0,-0.0007970544975250959,-0.18458397686481476,0.0,0.0,-0.12297731760746915,-0.09812204100543193,-0.09005677700042725,0.12375245243310928,0.0,0.0,0.0,0.0
0.035883426666259766,-0.2819361984729767,-0.6252699494361877,0.0,0.0,-0.0007970544975250959,-0.18458397686481476,0.0,0.0,-0.12146251860143885,-0.0971105735937543,-0.07812626659870148,0.11491185426712036,0.0,0.0,0.0,0.0
0.03715801239013672,-0.2819361984729767,-0.6252699494361877,0.0,0.0,-0.0007970544975250959,-0.18458397686481476,0.0,0.0,-0.12146251860143885,-0.0971105735937543,-0.07812626659870148,0.11491185426712036,0.0,0.0,0.0,0.0
0.0412440299987793,0.0004763335455209017,0.000811708508990705,0.0,0.0,-0.0007970544975250959,-0.18458397686481476,0.0,0.0,-0.12006276347316214,-0.09602719498097222,-0.06937158107757568,0.10412582755088806,0.0,0.0,0.0,0.0
0.044806480407714844,0.0004763335455209017,0.000811708508990705,0.0,0.0,-0.0007970544975250959,-0.18458397686481476,0.0,0.0,-0.11654898639024265,-0.09315577937498663,-0.10457750409841537,0.14468125998973846,0.0,0.0,0.0,0.0
0.06044268608093262,-0.19553619623184204,-2.0214755535125732,0.0,0.0,-0.0011854562908411026,-0.18457987904548645,0.0,0.0,-0.10329443364491829,-0.08385122247712994,-0.07195347547531128,0.1446201205253601,0.0,0.0,0.0,0.0
0.06364965438842773,-0.19553619623184204,-2.0214755535125732,0.0,0.0,-0.0011854562908411026,-0.18457987904548645,0.0,0.0,-0.10329443364491829,-0.08385122247712994,-0.07195347547531128,0.1446201205253601,0.0,0.0,0.0,0.0
0.07463312149047852,-0.19553619623184204,-2.0214755535125732,0.0,0.0,-0.0011854562908411026,-0.18457987904548645,0.0,0.0,-0.09742695596092125,-0.07977179348968103,-0.09236689656972885,0.17485836148262024,0.0,0.0,0.0,0.0
0.09286308288574219,-0.41635453701019287,-2.0603950023651123,0.0,0.0,-0.0016686127055436373,-0.18278808891773224,0.0,0.0,-0.0631664502904845,-0.04765407074332541,-0.06412093341350555,0.1492103934288025,0.0,0.0,0.0,0.0
0.09832143783569336,-0.41635453701019287,-2.0603950023651123,0.0,0.0,-0.0016686127055436373,-0.18278808891773224,0.0,0.0,-0.06019436251395606,-0.04460049257810948,-0.043607376515865326,0.13607829809188843,0.0,0.0,0.0,0.0
0.10777473449707031,-0.4989314675331116,-2.117854356765747,0.0,0.0,-0.0019060969352722168,-0.18191395699977875,0.0,0.0,-0.055419848481996464,-0.038987079876938766,-0.01837315410375595,0.09868473559617996,0.0,0.0,0.0,0.0
0.11111712455749512,-0.500724196434021,-1.2529371976852417,0.0,0.0,-0.0019710478372871876,-0.1802336722612381,0.0,0.0,-0.04665698381636697,-0.028110199108338837,-0.026377618312835693,0.09810220450162888,0.0,0.0,0.0,0.0
0.11557197570800781,-0.500724196434021,-1.2529371976852417,0.0,0.0,-0.0019710478372871876,-0.1802336722612381,0.0,0.0,-0.04665698381636697,-0.028110199108338837,-0.026377618312835693,0.09810220450162888,0.0,0.0,0.0,0.0
0.1284165382385254,-0.4563278257846832,-2.0177385807037354,0.0,0.0,-0.0018071068916469812,-0.17770761251449585,0.0,0.0,-0.036676520730018786,-0.012866263565807199,-0.08900777995586395,0.1285962611436844,0.0,0.0,0.0,0.0
0.1315295696258545,-0.4563278257846832,-2.0177385807037354,0.0,0.0,-0.0018071068916469812,-0.17770761251449585,0.0,0.0,-0.034754252225534056,-0.00999484357106738,-0.07536067813634872,0.11383336782455444,0.0,0.0,0.0,0.0
0.13390874862670898,-0.4563278257846832,-2.0177385807037354,0.0,0.0,-0.0018071068916469812,-0.17770761251449585,0.0,0.0,-0.034754252225534056,-0.00999484357106738,-0.07536067813634872,0.11383336782455444,0.0,0.0,0.0,0.0
0.1382582187652588,-0.4563278257846832,-2.0177385807037354,0.0,0.0,-0.0018071068916469812,-0.17770761251449585,0.0,0.0,-0.02914563496982718,-0.002118810999839994,-0.09822816401720047,0.12047680467367172,0.0,0.0,0.0,0.0
0.14561772346496582,-0.416932612657547,-1.2154555320739746,0.0,0.0,-0.001694831415079534,-0.17697004973888397,0.0,0.0,-0.023254190298937508,0.0058866517855324756,-0.11399593949317932,0.12960906326770782,0.0,0.0,0.0,0.0
0.1503312587738037,-0.29775139689445496,-2.5973145961761475,0.0,0.0,-0.0013999220682308078,-0.17611010372638702,0.0,0.0,-0.015967781556480713,0.012679311412785332,-0.06790485978126526,0.08763784170150757,0.0,0.0,0.0,0.0
0.1616649627685547,-0.16514918208122253,-2.7933473587036133,0.0,0.0,-0.0010339276632294059,-0.1752472221851349,0.0,0.0,-0.002698847412113348,0.025416144764447448,-0.045769210904836655,0.07738763093948364,0.0,0.0,0.0,0.0
0.17445945739746094,-0.16514918208122253,-2.7933473587036133,0.0,0.0,-0.0010339276632294059,-0.1752472221851349,0.0,0.0,0.002828277443393671,0.030147517342249457,-0.08221077919006348,0.10801184922456741,0.0,0.0,0.0,0.0
0.18005847930908203,-0.10251590609550476,-2.3785934448242188,0.0,0.0,-0.0007206633454188704,-0.17304633557796478,0.0,0.0,0.01995613365306869,0.04257755482891806,-0.03716201335191727,0.11069609969854355,0.0,0.0,0.0,0.0
0.18399524688720703,-0.10251590609550476,-2.3785934448242188,0.0,0.0,-0.0007206633454188704,-0.17304633557796478,0.0,0.0,0.025516814009154138,0.04535309956149695,-0.06757142394781113,0.15668471157550812,0.0,0.0,0.0,0.0
0.19228148460388184,-0.18969470262527466,-1.2389172315597534,0.0,0.0,-0.000824641203507781,-0.17206637561321259,0.0,0.0,0.03407834311120641,0.04952840234818871,-0.017045751214027405,0.13396820425987244,0.0,0.0,0.0,0.0
0.20752167701721191,-0.18969470262527466,-1.2389172315597534,0.0,0.0,-0.000824641203507781,-0.17206637561321259,0.0,0.0,0.03822488492845978,0.05249090508546178,-0.05342414602637291,0.17723605036735535,0.0,0.0,0.0,0.0
0.21483564376831055,-0.5455818772315979,-2.2861008644104004,0.0,0.0,-0.0015156804583966732,-0.16968725621700287,0.0,0.0,0.056977803571365136,0.07237513338909833,-0.06240077689290047,0.17102867364883423,0.0,0.0,0.0,0.0
0.21954011917114258,-0.7145826816558838,-2.6307389736175537,0.0,0.0,-0.0019008989911526442,-0.1688920557498932,0.0,0.0,0.06256724489688897,0.07930201538439444,-0.030843675136566162,0.12708336114883423,0.0,0.0,0.0,0.0
0.22750616073608398,-0.7478532791137695,-2.662928819656372,0.0,0.0,-0.0019733374938368797,-0.16799624264240265,0.0,0.0,0.0698201001502797,0.09004946593884929,-0.0495162196457386,0.12428509443998337,0.0,0.0,0.0,0.0
0.2301349639892578,-0.7478532791137695,-2.662928819656372,0.0,0.0,-0.0019733374938368797,-0.16799624264240265,0.0,0.0,0.07263878633701618,0.09392756228855713,-0.03214980661869049,0.10191189497709274,0.0,0.0,0.0,0.0
0.24251985549926758,-0.6780752539634705,-2.4224536418914795,0.0,0.0,-0.0018606623634696007,-0.16684766113758087,0.0,0.0,0.08333351332389424,0.10913315035947693,-0.030246125534176826,0.07830286026000977,0.0,0.0,0.0,0.0
0.2458806037902832,-0.6780752539634705,-2.4224536418914795,0.0,0.0,-0.0018606623634696007,-0.16684766113758087,0.0,0.0,0.08769097866981634,0.11532659544989629,-0.07263167947530746,0.11246740818023682,0.0,0.0,0.0,0.0
0.24830007553100586,-0.5685062408447266,-2.6299335956573486,0.0,0.0,-0.0016512430738657713,-0.1659802496433258,0.0,0.0,0.08977144128372072,0.11782410089816582,-0.06135927513241768,0.09704645723104477,0.0,0.0,0.0,0.0
0.2586479187011719,-0.350128710269928,-1.9733974933624268,0.0,0.0,-0.0011336267925798893,-0.1644805669784546,0.0,0.0,0.09842405166538816,0.12849006106393315,-0.07058820873498917,0.09878919273614883,0.0,0.0,0.0,0.0
0.27436041831970215,-0.350128710269928,-1.9733974933624268,0.0,0.0,-0.0011336267925798893,-0.1644805669784546,0.0,0.0,0.10327526356640757,0.13377750343284542,-0.10157786309719086,0.1289285123348236,0.0,0.0,0.0,0.0
0.27679872512817383,-0.2537882924079895,-1.9747893810272217,0.0,0.0,-0.0008221049793064594,-0.16336140036582947,0.0,0.0,0.11105542471563398,0.14094406992624864,-0.05851949751377106,0.09250769019126892,0.0,0.0,0.0,0.0
0.2798581123352051,-0.22059252858161926,-2.1787564754486084,0.0,0.0,-0.0006592190475203097,-0.16249722242355347,0.0,0.0,0.1210934068150228,0.14999935728674285,-0.06165926158428192,0.10286439955234528,0.0,0.0,0.0,0.0
0.2818622589111328,-0.22059252858161926,-2.1787564754486084,0.0,0.0,-0.0006592190475203097,-0.16249722242355347,0.0,0.0,0.12454007691981013,0.1530337536701034,-0.10408031940460205,0.15422816574573517,0.0,0.0,0.0,0.0
0.29208874702453613,-0.2048330157995224,-2.203260898590088,0.0,0.0,-0.0005786941037513316,-0.16154071688652039,0.0,0.0,0.13639487453685778,0.1633881239883315,-0.09902868419885635,0.1609499156475067,0.0,0.0,0.0,0.0
0.294788122177124,-0.2048330157995224,-2.203260898590088,0.0,0.0,-0.0005786941037513316,-0.16154071688652039,0.0,0.0,0.13951077301225048,0.16567472346294923,-0.08171943575143814,0.14738869667053223,0.0,0.0,0.0,0.0
0.3077511787414551,-0.2048330157995224,-2.203260898590088,0.0,0.0,-0.0005786941037513316,-0.16154071688652039,0.0,0.0,0.13951077301225048,0.16567472346294923,-0.08171943575143814,0.14738869667053223,0.0,0.0,0.0,0.0
0.3155825138092041,-0.3266258239746094,-2.832409620285034,0.0,0.0,-0.0007361388998106122,-0.15991659462451935,0.0,0.0,0.16687315765682953,0.18799413690467853,-0.05182390660047531,0.1512329876422882,0.0,0.0,0.0,0.0
0.3173971176147461,-0.4050542116165161,-2.874312400817871,0.0,0.0,-0.0008506907033734024,-0.15890806913375854,0.0,0.0,0.16687315765682953,0.18799413690467853,-0.05182390660047531,0.1512329876422882,0.0,0.0,0.0,0.0
0.3266158103942871,-0.4050542116165161,-2.874312400817871,0.0,0.0,-0.0008506907033734024,-0.15890806913375854,0.0,0.0,0.17835404511616113,0.19757673016100843,0.015209904871881008,0.09884770214557648,0.0,0.0,0.0,0.0
0.3412787914276123,-0.5367933511734009,-2.8287012577056885,0.0,0.0,-0.0010933902813121676,-0.15786704421043396,0.0,0.0,0.18157540243005205,0.20076453398583327,0.022763006389141083,0.08308349549770355,0.0,0.0,0.0,0.0
0.34755444526672363,-0.6805829405784607,-1.5516102313995361,0.0,0.0,-0.0013499759370461106,-0.15595248341560364,0.0,0.0,0.17865125155314504,0.2024087602801725,-0.019179625436663628,0.08788998425006866,0.0,0.0,0.0,0.0
0.3578498363494873,-0.6805829405784607,-1.5516102313995361,0.0,0.0,-0.0013499759370461106,-0.15595248341560364,0.0,0.0,0.17644615417055945,0.2024087602801725,-0.03374224901199341,0.08788998425006866,0.0,0.0,0.0,0.0
0.3667922019958496,-0.6881812810897827,-0.6832818984985352,0.0,0.0,-0.0014367967378348112,-0.15523269772529602,0.0,0.0,0.16816745394660804,0.20220264097447607,-0.07219436764717102,0.08786137402057648,0.0,0.0,0.0,0.0
0.37766337394714355,-0.2616218030452728,-1.5528740882873535,0.0,0.0,-0.0007410670514218509,-0.15548673272132874,0.0,0.0,0.16957680581748474,0.20522746402192593,-0.05425575375556946,0.06640367209911346,0.0,0.0,0.0,0.0
0.3804142475128174,-0.2616218030452728,-1.5528740882873535,0.0,0.0,-0.0007410670514218509,-0.15548673272132874,0.0,0.0,0.16998905613222223,0.20519389882951522,-0.0534546785056591,0.07043766230344772,0.0,0.0,0.0,0.0
0.39134812355041504,-0.2616218030452728,-1.5528740882873535,0.0,0.0,-0.0007410670514218509,-0.15548673272132874,0.0,0.0,0.170722493037099,0.20516993037970452,-0.04761819168925285,0.07141046226024628,0.0,0.0,0.0,0.0
0.39997386932373047,-0.014886731281876564,-1.5794011354446411,0.0,0.0,-0.00013411416148301214,-0.15567626059055328,0.0,0.0,0.17552576803849698,0.2029312678047082,-0.019723230972886086,0.09118013083934784,0.0,0.0,0.0,0.0
0.409104585647583,-0.1551903933286667,-1.3569828271865845,0.0,0.0,-0.00025289406767114997,-0.15552149713039398,0.0,0.0,0.17651327285203622,0.20128224313906898,-0.01626133918762207,0.0979321151971817,0.0,0.0,0.0,0.0
0.41113829612731934,-0.1551903933286667,-1.3569828271865845,0.0,0.0,-0.00025289406767114997,-0.15552149713039398,0.0,0.0,0.1766522851796005,0.2009802500341297,-0.015689147636294365,0.09921964257955551,0.0,0.0,0.0,0.0
0.42452502250671387,-0.1551903933286667,-1.3569828271865845,0.0,0.0,-0.00025289406767114997,-0.15552149713039398,0.0,0.0,0.17663790176904515,0.20102338856245114,-0.017920788377523422,0.09615831822156906,0.0,0.0,0.0,0.0
0.4311714172363281,-0.5049921870231628,-1.3102329969406128,0.0,0.0,-0.0008882690453901887,-0.15542000532150269,0.0,0.0,0.17387194500155778,0.20230331314501893,-0.03829126060009003,0.08371292054653168,0.0,0.0,0.0,0.0
0.4367237091064453,-0.5049921870231628,-1.3102329969406128,0.0,0.0,-0.0008882690453901887,-0.15542000532150269,0.0,0.0,0.17387194500155778,0.20230331314501893,-0.03829126060009003,0.08371292054653168,0.0,0.0,0.0,0.0
0.45978546142578125,-0.2822971045970917,-1.3670934438705444,0.0,0.0,-0.0006632636650465429,-0.15549778938293457,0.0,0.0,0.17393906368303455,0.20363594959181885,-0.02987981028854847,0.08056573569774628,0.0,0.0,0.0,0.0
0.46378636360168457,-0.2822971045970917,-1.3670934438705444,0.0,0.0,-0.0006632636650465429,-0.15549778938293457,0.0,0.0,0.1744184326792488,0.20363594959181885,-0.027161838486790657,0.08056573569774628,0.0,0.0,0.0,0.0
0.4762451648712158,-0.24720007181167603,-1.40691077709198,0.0,0.0,-0.0005279513425193727,-0.15550020337104797,0.0,0.0,0.1754874161781309,0.20284019237676534,-0.02524496614933014,0.08614467829465866,0.0,0.0,0.0,0.0
0.4937925338745117,-0.355972558259964,-1.2156500816345215,0.0,0.0,-0.00068372004898265,-0.15541157126426697,0.0,0.0,0.17463414872754524,0.20286416082657605,-0.034486085176467896,0.08517201244831085,0.0,0.0,0.0,0.0
0.49619364738464355,-0.355972558259964,-1.2156500816345215,0.0,0.0,-0.00068372004898265,-0.15541157126426697,0.0,0.0,0.17426502523778453,0.20286416082657605,-0.035287171602249146,0.08517201244831085,0.0,0.0,0.0,0.0
0.4983947277069092,-0.39842459559440613,-1.2693462371826172,0.0,0.0,-0.000804040755610913,-0.15541288256645203,0.0,0.0,0.17405890593208811,0.20286416082657605,-0.03580215573310852,0.08517201244831085,0.0,0.0,0.0,0.0
0.5000152587890625,-0.39842459559440613,-1.2693462371826172,0.0,0.0,-0.000804040755610913,-0.15541288256645203,0.0,0.0,0.17398700058265598,0.20286416082657605,-0.03457194194197655,0.08517201244831085,0.0,0.0,0.0,0.0
0.5015830993652344,-0.39842459559440613,-1.2693462371826172,0.0,0.0,-0.000804040755610913,-0.15541288256645203,0.0,0.0,0.17398700058265598,0.20286416082657605,-0.03457194194197655,0.08517201244831085,0.0,0.0,0.0,0.0
0.5033895969390869,-0.39842459559440613,-1.2693462371826172,0.0,0.0,-0.000804040755610913,-0.15541288256645203,0.0,0.0,0.1740253407396774,0.20286416082657605,-0.03351336345076561,0.08517201244831085,0.0,0.0,0.0,0.0
0.5049424171447754,-0.39842459559440613,-1.2693462371826172,0.0,0.0,-0.000804040755610913,-0.15541288256645203,0.0,0.0,0.17386235996230243,0.20286416082657605,-0.03531576693058014,0.08517201244831085,0.0,0.0,0.0,0.0
0.5064938068389893,-0.39842459559440613,-1.2693462371826172,0.0,0.0,-0.000804040755610913,-0.15541288256645203,0.0,0.0,0.17386235996230243,0.20286416082657605,-0.03531576693058014,0.08517201244831085,0.0,0.0,0.0,0.0
0.5083503723144531,-0.4039388597011566,-1.2374036312103271,0.0,0.0,-0.0008200260926969349,-0.15540167689323425,0.0,0.0,0.17376648616305956,0.20286416082657605,-0.03588797152042389,0.08517201244831085,0.0,0.0,0.0,0.0
0.5099594593048096,-0.4039388597011566,-1.2374036312103271,0.0,0.0,-0.0008200260926969349,-0.15540167689323425,0.0,0.0,0.1736658139925167,0.20286416082657605,-0.036488816142082214,0.08517201244831085,0.0,0.0,0.0,0.0
0.5115163326263428,-0.4039388597011566,-1.2374036312103271,0.0,0.0,-0.0008200260926969349,-0.15540167689323425,0.0,0.0,0.1736658139925167,0.20286416082657605,-0.036488816142082214,0.08517201244831085,0.0,0.0,0.0,0.0
0.513052225112915,-0.4039388597011566,-1.2374036312103271,0.0,0.0,-0.0008200260926969349,-0.15540167689323425,0.0,0.0,0.17371854926343813,0.20286416082657605,-0.03534439206123352,0.08517201244831085,0.0,0.0,0.0,0.0
0.5147171020507812,-0.4039388597011566,-1.2374036312103271,0.0,0.0,-0.0008200260926969349,-0.15540167689323425,0.0,0.0,0.17371854926343813,0.20286416082657605,-0.03534439206123352,0.08517201244831085,0.0,0.0,0.0,0.0
0.5163815021514893,-0.4039388597011566,-1.2374036312103271,0.0,0.0,-0.0008200260926969349,-0.15540167689323425,0.0,0.0,0.17371854926343813,0.20286416082657605,-0.03534439206123352,0.08517201244831085,0.0,0.0,0.0,0.0
0.5177476406097412,-0.3325178027153015,-1.3637447357177734,0.0,0.0,-0.0007360716699622571,-0.15544955432415009,0.0,0.0,0.17371854926343813,0.20286416082657605,-0.03534439206123352,0.08517201244831085,0.0,0.0,0.0,0.0
0.5190751552581787,-0.3325178027153015,-1.3637447357177734,0.0,0.0,-0.0007360716699622571,-0.15544955432415009,0.0,0.0,0.17371854926343813,0.20286416082657605,-0.03534439206123352,0.08517201244831085,0.0,0.0,0.0,0.0
0.5205898284912109,-0.3325178027153015,-1.3637447357177734,0.0,0.0,-0.0007360716699622571,-0.15544955432415009,0.0,0.0,0.17417874818114168,0.20286416082657605,-0.03019457869231701,0.08517201244831085,0.0,0.0,0.0,0.0
0.5219466686248779,-0.3325178027153015,-1.3637447357177734,0.0,0.0,-0.0007360716699622571,-0.15544955432415009,0.0,0.0,0.17417874818114168,0.20286416082657605,-0.03019457869231701,0.08517201244831085,0.0,0.0,0.0,0.0
0.5234148502349854,-0.3325178027153015,-1.3637447357177734,0.0,0.0,-0.0007360716699622571,-0.15544955432415009,0.0,0.0,0.1743273455479613,0.20286416082657605,-0.030051473528146744,0.08517201244831085,0.0,0.0,0.0,0.0
0.5247888565063477,-0.3325178027153015,-1.3637447357177734,0.0,0.0,-0.0007360716699622571,-0.15544955432415009,0.0,0.0,0.1743273455479613,0.20286416082657605,-0.030051473528146744,0.08517201244831085,0.0,0.0,0.0,0.0
0.5261008739471436,-0.3325178027153015,-1.3637447357177734,0.0,0.0,-0.0007360716699622571,-0.15544955432415009,0.0,0.0,0.17450950810719168,0.20286416082657605,-0.028964336961507797,0.08517201244831085,0.0,0.0,0.0,0.0
0.5275120735168457,-0.3382522165775299,-1.3523834943771362,0.0,0.0,-0.0006888616480864584,-0.15547645092010498,0.0,0.0,0.17450950810719168,0.20286416082657605,-0.028964336961507797,0.08517201244831085,0.0,0.0,0.0,0.0
0.5293967723846436,-0.3382522165775299,-1.3523834943771362,0.0,0.0,-0.0006888616480864584,-0.15547645092010498,0.0,0.0,0.17467728725586665,0.20286416082657605,-0.027962980791926384,0.08517201244831085,0.0,0.0,0.0,0.0
0.5313818454742432,-0.3382522165775299,-1.3523834943771362,0.0,0.0,-0.0006888616480864584,-0.15547645092010498,0.0,0.0,0.17481629958343095,0.20286416082657605,-0.027962923049926758,0.08517201244831085,0.0,0.0,0.0,0.0
0.5335590839385986,-0.3382522165775299,-1.3523834943771362,0.0,0.0,-0.0006888616480864584,-0.15547645092010498,0.0,0.0,0.1747971295049202,0.20286416082657605,-0.028907088562846184,0.08517201244831085,0.0,0.0,0.0,0.0
0.5354864597320557,-0.3382522165775299,-1.3523834943771362,0.0,0.0,-0.0006888616480864584,-0.15547645092010498,0.0,0.0,0.1747971295049202,0.20286416082657605,-0.028907088562846184,0.08517201244831085,0.0,0.0,0.0,0.0
0.5376400947570801,-0.3263290822505951,-1.3732010126113892,0.0,0.0,-0.0006650841096416116,-0.15549002587795258,0.0,0.0,0.1747971295049202,0.20286416082657605,-0.028907088562846184,0.08517201244831085,0.0,0.0,0.0,0.0
0.5394823551177979,-0.3263290822505951,-1.3732010126113892,0.0,0.0,-0.0006650841096416116,-0.15549002587795258,0.0,0.0,0.1747971295049202,0.20286416082657605,-0.028907088562846184,0.08517201244831085,0.0,0.0,0.0,0.0
0.5413362979888916,-0.3263290822505951,-1.3732010126113892,0.0,0.0,-0.0006650841096416116,-0.15549002587795258,0.0,0.0,0.1747971295049202,0.20286416082657605,-0.028907088562846184,0.08517201244831085,0.0,0.0,0.0,0.0
0.5431110858917236,-0.3263290822505951,-1.3732010126113892,0.0,0.0,-0.0006650841096416116,-0.15549002587795258,0.0,0.0,0.1747971295049202,0.20286416082657605,-0.028907088562846184,0.08517201244831085,0.0,0.0,0.0,0.0
0.5448877811431885,-0.3263290822505951,-1.3732010126113892,0.0,0.0,-0.0006650841096416116,-0.15549002587795258,0.0,0.0,0.1747971295049202,0.20286416082657605,-0.028907088562846184,0.08517201244831085,0.0,0.0,0.0,0.0
0.5466747283935547,-0.3263290822505951,-1.3732010126113892,0.0,0.0,-0.0006650841096416116,-0.15549002587795258,0.0,0.0,0.1747971295049202,0.20286416082657605,-0.028907088562846184,0.08517201244831085,0.0,0.0,0.0,0.0
0.5490472316741943,-0.3605721592903137,-1.3129019737243652,0.0,0.0,-0.0007122653187252581,-0.15546312928199768,0.0,0.0,0.1747971295049202,0.20286416082657605,-0.028907088562846184,0.08517201244831085,0.0,0.0,0.0,0.0
0.5506198406219482,-0.3605721592903137,-1.3129019737243652,0.0,0.0,-0.0007122653187252581,-0.15546312928199768,0.0,0.0,0.1747971295049202,0.20286416082657605,-0.028907088562846184,0.08517201244831085,0.0,0.0,0.0,0.0
0.5525097846984863,-0.3605721592903137,-1.3129019737243652,0.0,0.0,-0.0007122653187252581,-0.15546312928199768,0.0,0.0,0.1747971295049202,0.20286416082657605,-0.028907088562846184,0.08517201244831085,0.0,0.0,0.0,0.0
0.5541870594024658,-0.3605721592903137,-1.3129019737243652,0.0,0.0,-0.0007122653187252581,-0.15546312928199768,0.0,0.0,0.1747971295049202,0.20286416082657605,-0.028907088562846184,0.08517201244831085,0.0,0.0,0.0,0.0
0.555689811706543,-0.3605721592903137,-1.3129019737243652,0.0,0.0,-0.0007122653187252581,-0.15546312928199768,0.0,0.0,0.1747971295049202,0.20286416082657605,-0.028907088562846184,0.08517201244831085,0.0,0.0,0.0,0.0
0.557358980178833,-0.3682279884815216,-1.2999755144119263,0.0,0.0,-0.000748712511267513,-0.15544235706329346,0.0,0.0,0.1746389353955006,0.20286416082657605,-0.028907088562846184,0.08517201244831085,0.0,0.0,0.0,0.0
0.5599725246429443,-0.3682279884815216,-1.2999755144119263,0.0,0.0,-0.000748712511267513,-0.15544235706329346,0.0,0.0,0.17431776050870595,0.20286416082657605,-0.03474359214305878,0.08517201244831085,0.0,0.0,0.0,0.0
0.5624740123748779,-0.3682279884815216,-1.2999755144119263,0.0,0.0,-0.000748712511267513,-0.15544235706329346,0.0,0.0,0.17426502523778453,0.20286416082657605,-0.03291253745555878,0.08517201244831085,0.0,0.0,0.0,0.0
0.5643761157989502,-0.3682279884815216,-1.2999755144119263,0.0,0.0,-0.000748712511267513,-0.15544235706329346,0.0,0.0,0.17426502523778453,0.20286416082657605,-0.03291253745555878,0.08517201244831085,0.0,0.0,0.0,0.0
0.566105842590332,-0.3682279884815216,-1.2999755144119263,0.0,0.0,-0.000748712511267513,-0.15544235706329346,0.0,0.0,0.1741739498098417,0.20286416082657605,-0.03342753276228905,0.08517201244831085,0.0,0.0,0.0,0.0
0.5677964687347412,-0.3682279884815216,-1.2999755144119263,0.0,0.0,-0.000748712511267513,-0.15544235706329346,0.0,0.0,0.17407807601059883,0.20286416082657605,-0.0340283066034317,0.08517201244831085,0.0,0.0,0.0,0.0
0.5694987773895264,-0.3682279884815216,-1.2999755144119263,0.0,0.0,-0.000748712511267513,-0.15544235706329346,0.0,0.0,0.17407807601059883,0.20286416082657605,-0.0340283066034317,0.08517201244831085,0.0,0.0,0.0,0.0
0.5711908340454102,-0.3682279884815216,-1.2999755144119263,0.0,0.0,-0.000748712511267513,-0.15544235706329346,0.0,0.0,0.17397740384005597,0.20286416082657605,-0.03462915122509003,0.08517201244831085,0.0,0.0,0.0,0.0
0.5729422569274902,-0.3682279884815216,-1.2999755144119263,0.0,0.0,-0.000748712511267513,-0.15544235706329346,0.0,0.0,0.1740253407396774,0.20286416082657605,-0.03351336345076561,0.08517201244831085,0.0,0.0,0.0,0.0
0.5751528739929199,-0.3682279884815216,-1.2999755144119263,0.0,0.0,-0.000748712511267513,-0.15544235706329346,0.0,0.0,0.1740253407396774,0.20286416082657605,-0.03351336345076561,0.08517201244831085,0.0,0.0,0.0,0.0
0.5769326686859131,-0.3682279884815216,-1.2999755144119263,0.0,0.0,-0.000748712511267513,-0.15544235706329346,0.0,0.0,0.1740253407396774,0.20286416082657605,-0.03351336345076561,0.08517201244831085,0.0,0.0,0.0,0.0
0.5794029235839844,-0.3682279884815216,-1.2999755144119263,0.0,0.0,-0.000748712511267513,-0.15544235706329346,0.0,0.0,0.1740253407396774,0.20286416082657605,-0.03351336345076561,0.08517201244831085,0.0,0.0,0.0,0.0
0.58127760887146,-0.3682279884815216,-1.2999755144119263,0.0,0.0,-0.000748712511267513,-0.15544235706329346,0.0,0.0,0.1740253407396774,0.20286416082657605,-0.03351336345076561,0.08517201244831085,0.0,0.0,0.0,0.0
0.583451509475708,-0.3682279884815216,-1.2999755144119263,0.0,0.0,-0.000748712511267513,-0.15544235706329346,0.0,0.0,0.1740253407396774,0.20286416082657605,-0.03351336345076561,0.08517201244831085,0.0,0.0,0.0,0.0
0.5854268074035645,-0.3682279884815216,-1.2999755144119263,0.0,0.0,-0.000748712511267513,-0.15544235706329346,0.0,0.0,0.1740253407396774,0.20286416082657605,-0.03351336345076561,0.08517201244831085,0.0,0.0,0.0,0.0
0.5875251293182373,-0.34227079153060913,-1.3456034660339355,0.0,0.0,-0.0007074592867866158,-0.15546588599681854,0.0,0.0,0.1740253407396774,0.20286416082657605,-0.03351336345076561,0.08517201244831085,0.0,0.0,0.0,0.0
0.5894167423248291,-0.34227079153060913,-1.3456034660339355,0.0,0.0,-0.0007074592867866158,-0.15546588599681854,0.0,0.0,0.17441363430794882,0.20286416082657605,-0.02879263646900654,0.08517201244831085,0.0,0.0,0.0,0.0
0.5913491249084473,-0.34227079153060913,-1.3456034660339355,0.0,0.0,-0.0007074592867866158,-0.15546588599681854,0.0,0.0,0.17459099849587917,0.20286416082657605,-0.028477909043431282,0.08517201244831085,0.0,0.0,0.0,0.0
0.5931746959686279,-0.34227079153060913,-1.3456034660339355,0.0,0.0,-0.0007074592867866158,-0.15546588599681854,0.0,0.0,0.17459099849587917,0.20286416082657605,-0.028477909043431282,0.08517201244831085,0.0,0.0,0.0,0.0
0.5949170589447021,-0.34227079153060913,-1.3456034660339355,0.0,0.0,-0.0007074592867866158,-0.15546588599681854,0.0,0.0,0.17480192787622023,0.20286416082657605,-0.02721908502280712,0.08517201244831085,0.0,0.0,0.0,0.0
0.5966939926147461,-0.34227079153060913,-1.3456034660339355,0.0,0.0,-0.0007074592867866158,-0.15546588599681854,0.0,0.0,0.17485944981509702,0.20286416082657605,-0.027734098955988884,0.08517201244831085,0.0,0.0,0.0,0.0
0.5983901023864746,-0.3382522165775299,-1.3523834943771362,0.0,0.0,-0.0006888616480864584,-0.15547645092010498,0.0,0.0,0.17485944981509702,0.20286416082657605,-0.027734098955988884,0.08517201244831085,0.0,0.0,0.0,0.0
0.600820779800415,-0.3382522165775299,-1.3523834943771362,0.0,0.0,-0.0006888616480864584,-0.15547645092010498,0.0,0.0,0.1747971295049202,0.20286416082657605,-0.028907088562846184,0.08517201244831085,0.0,0.0,0.0,0.0
0.6033964157104492,-0.3382522165775299,-1.3523834943771362,0.0,0.0,-0.0006888616480864584,-0.15547645092010498,0.0,0.0,0.1747971295049202,0.20286416082657605,-0.028907088562846184,0.08517201244831085,0.0,0.0,0.0,0.0
0.6053457260131836,-0.3382522165775299,-1.3523834943771362,0.0,0.0,-0.0006888616480864584,-0.15547645092010498,0.0,0.0,0.1747971295049202,0.20286416082657605,-0.028907088562846184,0.08517201244831085,0.0,0.0,0.0,0.0
0.607388973236084,-0.3382522165775299,-1.3523834943771362,0.0,0.0,-0.0006888616480864584,-0.15547645092010498,0.0,0.0,0.1747971295049202,0.20286416082657605,-0.028907088562846184,0.08517201244831085,0.0,0.0,0.0,0.0
0.6093306541442871,-0.3382522165775299,-1.3523834943771362,0.0,0.0,-0.0006888616480864584,-0.15547645092010498,0.0,0.0,0.1747971295049202,0.20286416082657605,-0.028907088562846184,0.08517201244831085,0.0,0.0,0.0,0.0
0.6112546920776367,-0.3382522165775299,-1.3523834943771362,0.0,0.0,-0.0006888616480864584,-0.15547645092010498,0.0,0.0,0.1747971295049202,0.20286416082657605,-0.028907088562846184,0.08517201244831085,0.0,0.0,0.0,0.0
0.6131579875946045,-0.3382522165775299,-1.3523834943771362,0.0,0.0,-0.0006888616480864584,-0.15547645092010498,0.0,0.0,0.1747971295049202,0.20286416082657605,-0.028907088562846184,0.08517201244831085,0.0,0.0,0.0,0.0
0.6150314807891846,-0.3382522165775299,-1.3523834943771362,0.0,0.0,-0.0006888616480864584,-0.15547645092010498,0.0,0.0,0.1747971295049202,0.20286416082657605,-0.028907088562846184,0.08517201244831085,0.0,0.0,0.0,0.0
0.6176364421844482,-0.37899789214134216,-1.2806633710861206,0.0,0.0,-0.0007490821299143136,-0.15544214844703674,0.0,0.0,0.1747971295049202,0.20286416082657605,-0.028907088562846184,0.08517201244831085,0.0,0.0,0.0,0.0
0.6193981170654297,-0.37899789214134216,-1.2806633710861206,0.0,0.0,-0.0007490821299143136,-0.15544214844703674,0.0,0.0,0.1747971295049202,0.20286416082657605,-0.028907088562846184,0.08517201244831085,0.0,0.0,0.0,0.0
0.6212606430053711,-0.37899789214134216,-1.2806633710861206,0.0,0.0,-0.0007490821299143136,-0.15544214844703674,0.0,0.0,0.17440883593664883,0.20286416082657605,-0.03371359407901764,0.08517201244831085,0.0,0.0,0.0,0.0
0.623621940612793,-0.37899789214134216,-1.2806633710861206,0.0,0.0,-0.0007490821299143136,-0.15544214844703674,0.0,0.0,0.17432255888000595,0.20286416082657605,-0.03382806479930878,0.08517201244831085,0.0,0.0,0.0,0.0
0.6254575252532959,-0.37899789214134216,-1.2806633710861206,0.0,0.0,-0.0007490821299143136,-0.15544214844703674,0.0,0.0,0.17410684283170955,0.20286416082657605,-0.0346863716840744,0.08517201244831085,0.0,0.0,0.0,0.0
0.6273095607757568,-0.37899789214134216,-1.2806633710861206,0.0,0.0,-0.0007490821299143136,-0.15544214844703674,0.0,0.0,0.1740061706611667,0.20286416082657605,-0.03577357158064842,0.08517201244831085,0.0,0.0,0.0,0.0
0.6287760734558105,-0.3682279884815216,-1.2999755144119263,0.0,0.0,-0.000748712511267513,-0.15544235706329346,0.0,0.0,0.1740061706611667,0.20286416082657605,-0.03577357158064842,0.08517201244831085,0.0,0.0,0.0,0.0
0.6301424503326416,-0.3682279884815216,-1.2999755144119263,0.0,0.0,-0.000748712511267513,-0.15544235706329346,0.0,0.0,0.1740253407396774,0.20286416082657605,-0.03351336345076561,0.08517201244831085,0.0,0.0,0.0,0.0
0.6314394474029541,-0.3682279884815216,-1.2999755144119263,0.0,0.0,-0.000748712511267513,-0.15544235706329346,0.0,0.0,0.1740253407396774,0.20286416082657605,-0.03351336345076561,0.08517201244831085,0.0,0.0,0.0,0.0
0.6327388286590576,-0.3682279884815216,-1.2999755144119263,0.0,0.0,-0.000748712511267513,-0.15544235706329346,0.0,0.0,0.1740253407396774,0.20286416082657605,-0.03351336345076561,0.08517201244831085,0.0,0.0,0.0,0.0
0.6340487003326416,-0.3682279884815216,-1.2999755144119263,0.0,0.0,-0.000748712511267513,-0.15544235706329346,0.0,0.0,0.1740253407396774,0.20286416082657605,-0.03351336345076561,0.08517201244831085,0.0,0.0,0.0,0.0
0.6353237628936768,-0.3682279884815216,-1.2999755144119263,0.0,0.0,-0.000748712511267513,-0.15544235706329346,0.0,0.0,0.1740253407396774,0.20286416082657605,-0.03351336345076561,0.08517201244831085,0.0,0.0,0.0,0.0
0.6368131637573242,-0.3682279884815216,-1.2999755144119263,0.0,0.0,-0.000748712511267513,-0.15544235706329346,0.0,0.0,0.1740253407396774,0.20286416082657605,-0.03351336345076561,0.08517201244831085,0.0,0.0,0.0,0.0
0.6381542682647705,-0.3682279884815216,-1.2999755144119263,0.0,0.0,-0.000748712511267513,-0.15544235706329346,0.0,0.0,0.1740253407396774,0.20286416082657605,-0.03351336345076561,0.08517201244831085,0.0,0.0,0.0,0.0
0.6394379138946533,-0.3682279884815216,-1.2999755144119263,0.0,0.0,-0.000748712511267513,-0.15544235706329346,0.0,0.0,0.1740253407396774,0.20286416082657605,-0.03351336345076561,0.08517201244831085,0.0,0.0,0.0,0.0
0.6407227516174316,-0.3682279884815216,-1.2999755144119263,0.0,0.0,-0.000748712511267513,-0.15544235706329346,0.0,0.0,0.1740253407396774,0.20286416082657605,-0.03351336345076561,0.08517201244831085,0.0,0.0,0.0,0.0
0.6420285701751709,-0.3682279884815216,-1.2999755144119263,0.0,0.0,-0.000748712511267513,-0.15544235706329346,0.0,0.0,0.1740253407396774,0.20286416082657605,-0.03351336345076561,0.08517201244831085,0.0,0.0,0.0,0.0
0.6433191299438477,-0.3682279884815216,-1.2999755144119263,0.0,0.0,-0.000748712511267513,-0.15544235706329346,0.0,0.0,0.1740253407396774,0.20286416082657605,-0.03351336345076561,0.08517201244831085,0.0,0.0,0.0,0.0
0.6445989608764648,-0.3682279884815216,-1.2999755144119263,0.0,0.0,-0.000748712511267513,-0.15544235706329346,0.0,0.0,0.1740253407396774,0.20286416082657605,-0.03351336345076561,0.08517201244831085,0.0,0.0,0.0,0.0
0.6460139751434326,-0.3682279884815216,-1.2999755144119263,0.0,0.0,-0.000748712511267513,-0.15544235706329346,0.0,0.0,0.1740253407396774,0.20286416082657605,-0.03351336345076561,0.08517201244831085,0.0,0.0,0.0,0.0
0.6478936672210693,-0.3364737927913666,-1.3560967445373535,0.0,0.0,-0.0007118956418707967,-0.1554633527994156,0.0,0.0,0.17445677283627026,0.20286416082657605,-0.028363481163978577,0.08517201244831085,0.0,0.0,0.0,0.0
0.6497235298156738,-0.3364737927913666,-1.3560967445373535,0.0,0.0,-0.0007118956418707967,-0.1554633527994156,0.0,0.0,0.17445677283627026,0.20286416082657605,-0.028363481163978577,0.08517201244831085,0.0,0.0,0.0,0.0
0.6514303684234619,-0.3364737927913666,-1.3560967445373535,0.0,0.0,-0.0007118956418707967,-0.1554633527994156,0.0,0.0,0.17452389151774703,0.20286416082657605,-0.02973681502044201,0.08517201244831085,0.0,0.0,0.0,0.0
0.653242826461792,-0.3364737927913666,-1.3560967445373535,0.0,0.0,-0.0007118956418707967,-0.1554633527994156,0.0,0.0,0.17449033802868094,0.20286416082657605,-0.030738115310668945,0.08517201244831085,0.0,0.0,0.0,0.0
0.6555173397064209,-0.3364737927913666,-1.3560967445373535,0.0,0.0,-0.0007118956418707967,-0.1554633527994156,0.0,0.0,0.17457182841736846,0.20286416082657605,-0.030738115310668945,0.08517201244831085,0.0,0.0,0.0,0.0
0.6581108570098877,-0.3382522165775299,-1.3523834943771362,0.0,0.0,-0.0006888616480864584,-0.15547645092010498,0.0,0.0,0.1746629038453113,0.20286416082657605,-0.028878506273031235,0.08517201244831085,0.0,0.0,0.0,0.0
0.6595408916473389,-0.3382522165775299,-1.3523834943771362,0.0,0.0,-0.0006888616480864584,-0.15547645092010498,0.0,0.0,0.1746629038453113,0.20286416082657605,-0.028878506273031235,0.08517201244831085,0.0,0.0,0.0,0.0
0.6610333919525146,-0.3382522165775299,-1.3523834943771362,0.0,0.0,-0.0006888616480864584,-0.15547645092010498,0.0,0.0,0.17475877764455416,0.20286416082657605,-0.02833487093448639,0.08517201244831085,0.0,0.0,0.0,0.0
0.6627733707427979,-0.3382522165775299,-1.3523834943771362,0.0,0.0,-0.0006888616480864584,-0.15547645092010498,0.0,0.0,0.17484506640454164,0.20286416082657605,-0.027791306376457214,0.08517201244831085,0.0,0.0,0.0,0.0
0.6643216609954834,-0.3382522165775299,-1.3523834943771362,0.0,0.0,-0.0006888616480864584,-0.15547645092010498,0.0,0.0,0.17484506640454164,0.20286416082657605,-0.027791306376457214,0.08517201244831085,0.0,0.0,0.0,0.0
0.6658542156219482,-0.3382522165775299,-1.3523834943771362,0.0,0.0,-0.0006888616480864584,-0.15547645092010498,0.0,0.0,0.1747971295049202,0.20286416082657605,-0.028907088562846184,0.08517201244831085,0.0,0.0,0.0,0.0
0.6672980785369873,-0.3382522165775299,-1.3523834943771362,0.0,0.0,-0.0006888616480864584,-0.15547645092010498,0.0,0.0,0.1747971295049202,0.20286416082657605,-0.028907088562846184,0.08517201244831085,0.0,0.0,0.0,0.0
0.6688246726989746,-0.3382522165775299,-1.3523834943771362,0.0,0.0,-0.0006888616480864584,-0.15547645092010498,0.0,0.0,0.1747971295049202,0.20286416082657605,-0.028907088562846184,0.08517201244831085,0.0,0.0,0.0,0.0
0.6707546710968018,-0.3382522165775299,-1.3523834943771362,0.0,0.0,-0.0006888616480864584,-0.15547645092010498,0.0,0.0,0.1747971295049202,0.20286416082657605,-0.028907088562846184,0.08517201244831085,0.0,0.0,0.0,0.0
0.6721186637878418,-0.3382522165775299,-1.3523834943771362,0.0,0.0,-0.0006888616480864584,-0.15547645092010498,0.0,0.0,0.1747971295049202,0.20286416082657605,-0.028907088562846184,0.08517201244831085,0.0,0.0,0.0,0.0
0.6735973358154297,-0.3382522165775299,-1.3523834943771362,0.0,0.0,-0.0006888616480864584,-0.15547645092010498,0.0,0.0,0.1747971295049202,0.20286416082657605,-0.028907088562846184,0.08517201244831085,0.0,0.0,0.0,0.0
0.6754240989685059,-0.3382522165775299,-1.3523834943771362,0.0,0.0,-0.0006888616480864584,-0.15547645092010498,0.0,0.0,0.1745526466355131,0.20286416082657605,-0.028907088562846184,0.08517201244831085,0.0,0.0,0.0,0.0
0.6770377159118652,-0.3382522165775299,-1.3523834943771362,0.0,0.0,-0.0006888616480864584,-0.15547645092010498,0.0,0.0,0.1745526466355131,0.20286416082657605,-0.028907088562846184,0.08517201244831085,0.0,0.0,0.0,0.0
0.6787569522857666,-0.35631558299064636,-1.320814609527588,0.0,0.0,-0.0007249083137139678,-0.15545593202114105,0.0,0.0,0.17429379205889525,0.20286416082657605,-0.03440028056502342,0.08517201244831085,0.0,0.0,0.0,0.0
0.6805617809295654,-0.35631558299064636,-1.320814609527588,0.0,0.0,-0.0007249083137139678,-0.15545593202114105,0.0,0.0,0.1742794086483399,0.20286416082657605,-0.03282669186592102,0.08517201244831085,0.0,0.0,0.0,0.0
0.6821005344390869,-0.35631558299064636,-1.320814609527588,0.0,0.0,-0.0007249083137139678,-0.15545593202114105,0.0,0.0,0.1742794086483399,0.20286416082657605,-0.03282669186592102,0.08517201244831085,0.0,0.0,0.0,0.0
0.6846024990081787,-0.35631558299064636,-1.320814609527588,0.0,0.0,-0.0007249083137139678,-0.15545593202114105,0.0,0.0,0.17433214391926133,0.20286416082657605,-0.03168226778507233,0.08517201244831085,0.0,0.0,0.0,0.0
0.6865098476409912,-0.35631558299064636,-1.320814609527588,0.0,0.0,-0.0007249083137139678,-0.15545593202114105,0.0,0.0,0.17433214391926133,0.20286416082657605,-0.03168226778507233,0.08517201244831085,0.0,0.0,0.0,0.0
0.688269853591919,-0.37538036704063416,-1.2872251272201538,0.0,0.0,-0.0007524084649048746,-0.15544027090072632,0.0,0.0,0.17433214391926133,0.20286416082657605,-0.03168226778507233,0.08517201244831085,0.0,0.0,0.0,0.0
0.6906204223632812,-0.37538036704063416,-1.2872251272201538,0.0,0.0,-0.0007524084649048746,-0.15544027090072632,0.0,0.0,0.17433214391926133,0.20286416082657605,-0.03168226778507233,0.08517201244831085,0.0,0.0,0.0,0.0
0.6931889057159424,-0.37538036704063416,-1.2872251272201538,0.0,0.0,-0.0007524084649048746,-0.15544027090072632,0.0,0.0,0.17433214391926133,0.20286416082657605,-0.03168226778507233,0.08517201244831085,0.0,0.0,0.0,0.0
0.6949608325958252,-0.37538036704063416,-1.2872251272201538,0.0,0.0,-0.0007524084649048746,-0.15544027090072632,0.0,0.0,0.17433214391926133,0.20286416082657605,-0.03168226778507233,0.08517201244831085,0.0,0.0,0.0,0.0
0.6979484558105469,-0.3682279884815216,-1.2999755144119263,0.0,0.0,-0.000748712511267513,-0.15544235706329346,0.0,0.0,0.17433214391926133,0.20286416082657605,-0.03168226778507233,0.08517201244831085,0.0,0.0,0.0,0.0
0.7002816200256348,-0.3682279884815216,-1.2999755144119263,0.0,0.0,-0.000748712511267513,-0.15544235706329346,0.0,0.0,0.17433214391926133,0.20286416082657605,-0.03168226778507233,0.08517201244831085,0.0,0.0,0.0,0.0
0.7024359703063965,-0.3682279884815216,-1.2999755144119263,0.0,0.0,-0.000748712511267513,-0.15544235706329346,0.0,0.0,0.17433214391926133,0.20286416082657605,-0.03168226778507233,0.08517201244831085,0.0,0.0,0.0,0.0
0.7041594982147217,-0.3682279884815216,-1.2999755144119263,0.0,0.0,-0.000748712511267513,-0.15544235706329346,0.0,0.0,0.17433214391926133,0.20286416082657605,-0.03168226778507233,0.08517201244831085,0.0,0.0,0.0,0.0
0.7058868408203125,-0.3682279884815216,-1.2999755144119263,0.0,0.0,-0.000748712511267513,-0.15544235706329346,0.0,0.0,0.17433214391926133,0.20286416082657605,-0.03168226778507233,0.08517201244831085,0.0,0.0,0.0,0.0
0.7085201740264893,-0.34282955527305603,-1.344626784324646,0.0,0.0,-0.0007085683755576611,-0.1554652452468872,0.0,0.0,0.17433214391926133,0.20286416082657605,-0.03168226778507233,0.08517201244831085,0.0,0.0,0.0,0.0
0.7101051807403564,-0.34282955527305603,-1.344626784324646,0.0,0.0,-0.0007085683755576611,-0.1554652452468872,0.0,0.0,0.17433214391926133,0.20286416082657605,-0.03168226778507233,0.08517201244831085,0.0,0.0,0.0,0.0
0.7128677368164062,-0.34282955527305603,-1.344626784324646,0.0,0.0,-0.0007085683755576611,-0.1554652452468872,0.0,0.0,0.17433214391926133,0.20286416082657605,-0.03168226778507233,0.08517201244831085,0.0,0.0,0.0,0.0
0.7146503925323486,-0.34282955527305603,-1.344626784324646,0.0,0.0,-0.0007085683755576611,-0.1554652452468872,0.0,0.0,0.17433214391926133,0.20286416082657605,-0.03168226778507233,0.08517201244831085,0.0,0.0,0.0,0.0
0.7168886661529541,-0.34282955527305603,-1.344626784324646,0.0,0.0,-0.0007085683755576611,-0.1554652452468872,0.0,0.0,0.17433214391926133,0.20286416082657605,-0.03168226778507233,0.08517201244831085,0.0,0.0,0.0,0.0
0.7194268703460693,-0.3501713275909424,-1.3315569162368774,0.0,0.0,-0.0007126350537873805,-0.15546293556690216,0.0,0.0,0.17433214391926133,0.20286416082657605,-0.03168226778507233,0.08517201244831085,0.0,0.0,0.0,0.0
0.7211308479309082,-0.3501713275909424,-1.3315569162368774,0.0,0.0,-0.0007126350537873805,-0.15546293556690216,0.0,0.0,0.17433214391926133,0.20286416082657605,-0.03168226778507233,0.08517201244831085,0.0,0.0,0.0,0.0
0.7231040000915527,-0.3501713275909424,-1.3315569162368774,0.0,0.0,-0.0007126350537873805,-0.15546293556690216,0.0,0.0,0.17433214391926133,0.20286416082657605,-0.03168226778507233,0.08517201244831085,0.0,0.0,0.0,0.0
0.7252614498138428,-0.3501713275909424,-1.3315569162368774,0.0,0.0,-0.0007126350537873805,-0.15546293556690216,0.0,0.0,0.17433214391926133,0.20286416082657605,-0.03168226778507233,0.08517201244831085,0.0,0.0,0.0,0.0
0.7270007133483887,-0.3501713275909424,-1.3315569162368774,0.0,0.0,-0.0007126350537873805,-0.15546293556690216,0.0,0.0,0.17433214391926133,0.20286416082657605,-0.03168226778507233,0.08517201244831085,0.0,0.0,0.0,0.0
0.7289843559265137,-0.3501713275909424,-1.3315569162368774,0.0,0.0,-0.0007126350537873805,-0.15546293556690216,0.0,0.0,0.17433214391926133,0.20286416082657605,-0.03168226778507233,0.08517201244831085,0.0,0.0,0.0,0.0
0.7307925224304199,-0.3501713275909424,-1.3315569162368774,0.0,0.0,-0.0007126350537873805,-0.15546293556690216,0.0,0.0,0.17433214391926133,0.20286416082657605,-0.03168226778507233,0.08517201244831085,0.0,0.0,0.0,0.0
0.7326359748840332,-0.3501713275909424,-1.3315569162368774,0.0,0.0,-0.0007126350537873805,-0.15546293556690216,0.0,0.0,0.17433214391926133,0.20286416082657605,-0.03168226778507233,0.08517201244831085,0.0,0.0,0.0,0.0
0.7347557544708252,-0.3501713275909424,-1.3315569162368774,0.0,0.0,-0.0007126350537873805,-0.15546293556690216,0.0,0.0,0.17433214391926133,0.20286416082657605,-0.03168226778507233,0.08517201244831085,0.0,0.0,0.0,0.0
0.7366113662719727,-0.3501713275909424,-1.3315569162368774,0.0,0.0,-0.0007126350537873805,-0.15546293556690216,0.0,0.0,0.17433214391926133,0.20286416082657605,-0.03168226778507233,0.08517201244831085,0.0,0.0,0.0,0.0
0.7383942604064941,-0.3501713275909424,-1.3315569162368774,0.0,0.0,-0.0007126350537873805,-0.15546293556690216,0.0,0.0,0.17433214391926133,0.20286416082657605,-0.03168226778507233,0.08517201244831085,0.0,0.0,0.0,0.0
0.7404608726501465,-0.3501713275909424,-1.3315569162368774,0.0,0.0,-0.0007126350537873805,-0.15546293556690216,0.0,0.0,0.17433214391926133,0.20286416082657605,-0.03168226778507233,0.08517201244831085,0.0,0.0,0.0,0.0
0.7427041530609131,-0.3501713275909424,-1.3315569162368774,0.0,0.0,-0.0007126350537873805,-0.15546293556690216,0.0,0.0,0.17433214391926133,0.20286416082657605,-0.03168226778507233,0.08517201244831085,0.0,0.0,0.0,0.0
0.7443649768829346,-0.3501713275909424,-1.3315569162368774,0.0,0.0,-0.0007126350537873805,-0.15546293556690216,0.0,0.0,0.17433214391926133,0.20286416082657605,-0.03168226778507233,0.08517201244831085,0.0,0.0,0.0,0.0
0.7464606761932373,-0.3501713275909424,-1.3315569162368774,0.0,0.0,-0.0007126350537873805,-0.15546293556690216,0.0,0.0,0.17433214391926133,0.20286416082657605,-0.03168226778507233,0.08517201244831085,0.0,0.0,0.0,0.0
0.7482774257659912,-0.3501713275909424,-1.3315569162368774,0.0,0.0,-0.0007126350537873805,-0.15546293556690216,0.0,0.0,0.17433214391926133,0.20286416082657605,-0.03168226778507233,0.08517201244831085,0.0,0.0,0.0,0.0
0.7499661445617676,-0.3501713275909424,-1.3315569162368774,0.0,0.0,-0.0007126350537873805,-0.15546293556690216,0.0,0.0,0.17433214391926133,0.20286416082657605,-0.03168226778507233,0.08517201244831085,0.0,0.0,0.0,0.0
0.75140380859375,-0.3501713275909424,-1.3315569162368774,0.0,0.0,-0.0007126350537873805,-0.15546293556690216,0.0,0.0,0.17433214391926133,0.20286416082657605,-0.03168226778507233,0.08517201244831085,0.0,0.0,0.0,0.0
0.7533671855926514,-0.3501713275909424,-1.3315569162368774,0.0,0.0,-0.0007126350537873805,-0.15546293556690216,0.0,0.0,0.17433214391926133,0.20286416082657605,-0.03168226778507233,0.08517201244831085,0.0,0.0,0.0,0.0
0.7548377513885498,-0.3501713275909424,-1.3315569162368774,0.0,0.0,-0.0007126350537873805,-0.15546293556690216,0.0,0.0,0.17433214391926133,0.20286416082657605,-0.03168226778507233,0.08517201244831085,0.0,0.0,0.0,0.0
0.7564048767089844,-0.3501713275909424,-1.3315569162368774,0.0,0.0,-0.0007126350537873805,-0.15546293556690216,0.0,0.0,0.17433214391926133,0.20286416082657605,-0.03168226778507233,0.08517201244831085,0.0,0.0,0.0,0.0
0.7580044269561768,-0.3501713275909424,-1.3315569162368774,0.0,0.0,-0.0007126350537873805,-0.15546293556690216,0.0,0.0,0.17433214391926133,0.20286416082657605,-0.03168226778507233,0.08517201244831085,0.0,0.0,0.0,0.0
0.7596092224121094,-0.3501713275909424,-1.3315569162368774,0.0,0.0,-0.0007126350537873805,-0.15546293556690216,0.0,0.0,0.17433214391926133,0.20286416082657605,-0.03168226778507233,0.08517201244831085,0.0,0.0,0.0,0.0
0.7613627910614014,-0.3501713275909424,-1.3315569162368774,0.0,0.0,-0.0007126350537873805,-0.15546293556690216,0.0,0.0,0.17433214391926133,0.20286416082657605,-0.03168226778507233,0.08517201244831085,0.0,0.0,0.0,0.0
0.7631263732910156,-0.3501713275909424,-1.3315569162368774,0.0,0.0,-0.0007126350537873805,-0.15546293556690216,0.0,0.0,0.17433214391926133,0.20286416082657605,-0.03168226778507233,0.08517201244831085,0.0,0.0,0.0,0.0
0.7647790908813477,-0.3501713275909424,-1.3315569162368774,0.0,0.0,-0.0007126350537873805,-0.15546293556690216,0.0,0.0,0.17433214391926133,0.20286416082657605,-0.03168226778507233,0.08517201244831085,0.0,0.0,0.0,0.0
0.7676312923431396,-0.3501713275909424,-1.3315569162368774,0.0,0.0,-0.0007126350537873805,-0.15546293556690216,0.0,0.0,0.17433214391926133,0.20286416082657605,-0.03168226778507233,0.08517201244831085,0.0,0.0,0.0,0.0
0.7698166370391846,-0.3501713275909424,-1.3315569162368774,0.0,0.0,-0.0007126350537873805,-0.15546293556690216,0.0,0.0,0.17433214391926133,0.20286416082657605,-0.03168226778507233,0.08517201244831085,0.0,0.0,0.0,0.0
0.7714414596557617,-0.3501713275909424,-1.3315569162368774,0.0,0.0,-0.0007126350537873805,-0.15546293556690216,0.0,0.0,0.17433214391926133,0.20286416082657605,-0.03168226778507233,0.08517201244831085,0.0,0.0,0.0,0.0
0.7732276916503906,-0.3501713275909424,-1.3315569162368774,0.0,0.0,-0.0007126350537873805,-0.15546293556690216,0.0,0.0,0.17433214391926133,0.20286416082657605,-0.03168226778507233,0.08517201244831085,0.0,0.0,0.0,0.0
0.7749195098876953,-0.3501713275909424,-1.3315569162368774,0.0,0.0,-0.0007126350537873805,-0.15546293556690216,0.0,0.0,0.17433214391926133,0.20286416082657605,-0.03168226778507233,0.08517201244831085,0.0,0.0,0.0,0.0
0.7773754596710205,-0.3501713275909424,-1.3315569162368774,0.0,0.0,-0.0007126350537873805,-0.15546293556690216,0.0,0.0,0.17433214391926133,0.20286416082657605,-0.03168226778507233,0.08517201244831085,0.0,0.0,0.0,0.0
0.7791018486022949,-0.3501713275909424,-1.3315569162368774,0.0,0.0,-0.0007126350537873805,-0.15546293556690216,0.0,0.0,0.17433214391926133,0.20286416082657605,-0.03168226778507233,0.08517201244831085,0.0,0.0,0.0,0.0
0.7805774211883545,-0.3501713275909424,-1.3315569162368774,0.0,0.0,-0.0007126350537873805,-0.15546293556690216,0.0,0.0,0.17433214391926133,0.20286416082657605,-0.03168226778507233,0.08517201244831085,0.0,0.0,0.0,0.0
0.7819602489471436,-0.3501713275909424,-1.3315569162368774,0.0,0.0,-0.0007126350537873805,-0.15546293556690216,0.0,0.0,0.17433214391926133,0.20286416082657605,-0.03168226778507233,0.08517201244831085,0.0,0.0,0.0,0.0
0.7833211421966553,-0.3501713275909424,-1.3315569162368774,0.0,0.0,-0.0007126350537873805,-0.15546293556690216,0.0,0.0,0.17433214391926133,0.20286416082657605,-0.03168226778507233,0.08517201244831085,0.0,0.0,0.0,0.0
0.7846980094909668,-0.3501713275909424,-1.3315569162368774,0.0,0.0,-0.0007126350537873805,-0.15546293556690216,0.0,0.0,0.17433214391926133,0.20286416082657605,-0.03168226778507233,0.08517201244831085,0.0,0.0,0.0,0.0
0.7863578796386719,-0.3501713275909424,-1.3315569162368774,0.0,0.0,-0.0007126350537873805,-0.15546293556690216,0.0,0.0,0.17433214391926133,0.20286416082657605,-0.03168226778507233,0.08517201244831085,0.0,0.0,0.0,0.0
0.7882592678070068,-0.3501713275909424,-1.3315569162368774,0.0,0.0,-0.0007126350537873805,-0.15546293556690216,0.0,0.0,0.17433214391926133,0.20286416082657605,-0.03168226778507233,0.08517201244831085,0.0,0.0,0.0,0.0
0.7897140979766846,-0.3501713275909424,-1.3315569162368774,0.0,0.0,-0.0007126350537873805,-0.15546293556690216,0.0,0.0,0.17433214391926133,0.20286416082657605,-0.03168226778507233,0.08517201244831085,0.0,0.0,0.0,0.0
0.7911436557769775,-0.3501713275909424,-1.3315569162368774,0.0,0.0,-0.0007126350537873805,-0.15546293556690216,0.0,0.0,0.17433214391926133,0.20286416082657605,-0.03168226778507233,0.08517201244831085,0.0,0.0,0.0,0.0
0.792609691619873,-0.3501713275909424,-1.3315569162368774,0.0,0.0,-0.0007126350537873805,-0.15546293556690216,0.0,0.0,0.17433214391926133,0.20286416082657605,-0.03168226778507233,0.08517201244831085,0.0,0.0,0.0,0.0
0.794055700302124,-0.3501713275909424,-1.3315569162368774,0.0,0.0,-0.0007126350537873805,-0.15546293556690216,0.0,0.0,0.17433214391926133,0.20286416082657605,-0.03168226778507233,0.08517201244831085,0.0,0.0,0.0,0.0
0.7961678504943848,-0.3501713275909424,-1.3315569162368774,0.0,0.0,-0.0007126350537873805,-0.15546293556690216,0.0,0.0,0.17433214391926133,0.20286416082657605,-0.03168226778507233,0.08517201244831085,0.0,0.0,0.0,0.0
0.7977273464202881,-0.3501713275909424,-1.3315569162368774,0.0,0.0,-0.0007126350537873805,-0.15546293556690216,0.0,0.0,0.17433214391926133,0.20286416082657605,-0.03168226778507233,0.08517201244831085,0.0,0.0,0.0,0.0
0.7994298934936523,-0.3501713275909424,-1.3315569162368774,0.0,0.0,-0.0007126350537873805,-0.15546293556690216,0.0,0.0,0.17433214391926133,0.20286416082657605,-0.03168226778507233,0.08517201244831085,0.0,0.0,0.0,0.0
0.8016254901885986,-0.3501713275909424,-1.3315569162368774,0.0,0.0,-0.0007126350537873805,-0.15546293556690216,0.0,0.0,0.17433214391926133,0.20286416082657605,-0.03168226778507233,0.08517201244831085,0.0,0.0,0.0,0.0
0.8030738830566406,-0.3501713275909424,-1.3315569162368774,0.0,0.0,-0.0007126350537873805,-0.15546293556690216,0.0,0.0,0.17433214391926133,0.20286416082657605,-0.03168226778507233,0.08517201244831085,0.0,0.0,0.0,0.0
0.8045258522033691,-0.3501713275909424,-1.3315569162368774,0.0,0.0,-0.0007126350537873805,-0.15546293556690216,0.0,0.0,0.17433214391926133,0.20286416082657605,-0.03168226778507233,0.08517201244831085,0.0,0.0,0.0,0.0
0.8067646026611328,-0.3501713275909424,-1.3315569162368774,0.0,0.0,-0.0007126350537873805,-0.15546293556690216,0.0,0.0,0.17433214391926133,0.20286416082657605,-0.03168226778507233,0.08517201244831085,0.0,0.0,0.0,0.0
0.8082594871520996,-0.3501713275909424,-1.3315569162368774,0.0,0.0,-0.0007126350537873805,-0.15546293556690216,0.0,0.0,0.17433214391926133,0.20286416082657605,-0.03168226778507233,0.08517201244831085,0.0,0.0,0.0,0.0
0.8096978664398193,-0.3501713275909424,-1.3315569162368774,0.0,0.0,-0.0007126350537873805,-0.15546293556690216,0.0,0.0,0.17433214391926133,0.20286416082657605,-0.03168226778507233,0.08517201244831085,0.0,0.0,0.0,0.0
0.8118720054626465,-0.3501713275909424,-1.3315569162368774,0.0,0.0,-0.0007126350537873805,-0.15546293556690216,0.0,0.0,0.17433214391926133,0.20286416082657605,-0.03168226778507233,0.08517201244831085,0.0,0.0,0.0,0.0
0.8135037422180176,-0.3501713275909424,-1.3315569162368774,0.0,0.0,-0.0007126350537873805,-0.15546293556690216,0.0,0.0,0.17433214391926133,0.20286416082657605,-0.03168226778507233,0.08517201244831085,0.0,0.0,0.0,0.0
0.8149991035461426,-0.3501713275909424,-1.3315569162368774,0.0,0.0,-0.0007126350537873805,-0.15546293556690216,0.0,0.0,0.17433214391926133,0.20286416082657605,-0.03168226778507233,0.08517201244831085,0.0,0.0,0.0,0.0
0.8164818286895752,-0.3501713275909424,-1.3315569162368774,0.0,0.0,-0.0007126350537873805,-0.15546293556690216,0.0,0.0,0.17433214391926133,0.20286416082657605,-0.03168226778507233,0.08517201244831085,0.0,0.0,0.0,0.0
0.8179931640625,-0.3501713275909424,-1.3315569162368774,0.0,0.0,-0.0007126350537873805,-0.15546293556690216,0.0,0.0,0.17433214391926133,0.20286416082657605,-0.03168226778507233,0.08517201244831085,0.0,0.0,0.0,0.0
0.8202073574066162,-0.3501713275909424,-1.3315569162368774,0.0,0.0,-0.0007126350537873805,-0.15546293556690216,0.0,0.0,0.17433214391926133,0.20286416082657605,-0.03168226778507233,0.08517201244831085,0.0,0.0,0.0,0.0
0.8219277858734131,-0.3501713275909424,-1.3315569162368774,0.0,0.0,-0.0007126350537873805,-0.15546293556690216,0.0,0.0,0.17433214391926133,0.20286416082657605,-0.03168226778507233,0.08517201244831085,0.0,0.0,0.0,0.0
0.8234255313873291,-0.3501713275909424,-1.3315569162368774,0.0,0.0,-0.0007126350537873805,-0.15546293556690216,0.0,0.0,0.17433214391926133,0.20286416082657605,-0.03168226778507233,0.08517201244831085,0.0,0.0,0.0,0.0
0.8251080513000488,-0.3501713275909424,-1.3315569162368774,0.0,0.0,-0.0007126350537873805,-0.15546293556690216,0.0,0.0,0.17433214391926133,0.20286416082657605,-0.03168226778507233,0.08517201244831085,0.0,0.0,0.0,0.0
0.8267221450805664,-0.3501713275909424,-1.3315569162368774,0.0,0.0,-0.0007126350537873805,-0.15546293556690216,0.0,0.0,0.17433214391926133,0.20286416082657605,-0.03168226778507233,0.08517201244831085,0.0,0.0,0.0,0.0
0.8302452564239502,-0.3501713275909424,-1.3315569162368774,0.0,0.0,-0.0007126350537873805,-0.15546293556690216,0.0,0.0,0.17433214391926133,0.20286416082657605,-0.03168226778507233,0.08517201244831085,0.0,0.0,0.0,0.0
0.8325304985046387,-0.3501713275909424,-1.3315569162368774,0.0,0.0,-0.0007126350537873805,-0.15546293556690216,0.0,0.0,0.17433214391926133,0.20286416082657605,-0.03168226778507233,0.08517201244831085,0.0,0.0,0.0,0.0
0.8341984748840332,-0.3501713275909424,-1.3315569162368774,0.0,0.0,-0.0007126350537873805,-0.15546293556690216,0.0,0.0,0.17433214391926133,0.20286416082657605,-0.03168226778507233,0.08517201244831085,0.0,0.0,0.0,0.0
0.8356704711914062,-0.3501713275909424,-1.3315569162368774,0.0,0.0,-0.0007126350537873805,-0.15546293556690216,0.0,0.0,0.17433214391926133,0.20286416082657605,-0.03168226778507233,0.08517201244831085,0.0,0.0,0.0,0.0
0.8380565643310547,-0.3501713275909424,-1.3315569162368774,0.0,0.0,-0.0007126350537873805,-0.15546293556690216,0.0,0.0,0.17433214391926133,0.20286416082657605,-0.03168226778507233,0.08517201244831085,0.0,0.0,0.0,0.0
0.8396861553192139,-0.3501713275909424,-1.3315569162368774,0.0,0.0,-0.0007126350537873805,-0.15546293556690216,0.0,0.0,0.17433214391926133,0.20286416082657605,-0.03168226778507233,0.08517201244831085,0.0,0.0,0.0,0.0
0.8425314426422119,-0.3501713275909424,-1.3315569162368774,0.0,0.0,-0.0007126350537873805,-0.15546293556690216,0.0,0.0,0.17433214391926133,0.20286416082657605,-0.03168226778507233,0.08517201244831085,0.0,0.0,0.0,0.0
0.8441598415374756,-0.3501713275909424,-1.3315569162368774,0.0,0.0,-0.0007126350537873805,-0.15546293556690216,0.0,0.0,0.17433214391926133,0.20286416082657605,-0.03168226778507233,0.08517201244831085,0.0,0.0,0.0,0.0
0.8458116054534912,-0.3501713275909424,-1.3315569162368774,0.0,0.0,-0.0007126350537873805,-0.15546293556690216,0.0,0.0,0.17433214391926133,0.20286416082657605,-0.03168226778507233,0.08517201244831085,0.0,0.0,0.0,0.0
0.8475131988525391,-0.3501713275909424,-1.3315569162368774,0.0,0.0,-0.0007126350537873805,-0.15546293556690216,0.0,0.0,0.17433214391926133,0.20286416082657605,-0.03168226778507233,0.08517201244831085,0.0,0.0,0.0,0.0
0.849003791809082,-0.3501713275909424,-1.3315569162368774,0.0,0.0,-0.0007126350537873805,-0.15546293556690216,0.0,0.0,0.17433214391926133,0.20286416082657605,-0.03168226778507233,0.08517201244831085,0.0,0.0,0.0,0.0
0.8511703014373779,-0.3501713275909424,-1.3315569162368774,0.0,0.0,-0.0007126350537873805,-0.15546293556690216,0.0,0.0,0.17433214391926133,0.20286416082657605,-0.03168226778507233,0.08517201244831085,0.0,0.0,0.0,0.0
0.85349440574646,-0.3501713275909424,-1.3315569162368774,0.0,0.0,-0.0007126350537873805,-0.15546293556690216,0.0,0.0,0.17433214391926133,0.20286416082657605,-0.03168226778507233,0.08517201244831085,0.0,0.0,0.0,0.0
0.8559360504150391,-0.3501713275909424,-1.3315569162368774,0.0,0.0,-0.0007126350537873805,-0.15546293556690216,0.0,0.0,0.17433214391926133,0.20286416082657605,-0.03168226778507233,0.08517201244831085,0.0,0.0,0.0,0.0
0.8578741550445557,-0.3501713275909424,-1.3315569162368774,0.0,0.0,-0.0007126350537873805,-0.15546293556690216,0.0,0.0,0.17433214391926133,0.20286416082657605,-0.03168226778507233,0.08517201244831085,0.0,0.0,0.0,0.0
0.8597912788391113,-0.3501713275909424,-1.3315569162368774,0.0,0.0,-0.0007126350537873805,-0.15546293556690216,0.0,0.0,0.17433214391926133,0.20286416082657605,-0.03168226778507233,0.08517201244831085,0.0,0.0,0.0,0.0
0.8624913692474365,-0.3501713275909424,-1.3315569162368774,0.0,0.0,-0.0007126350537873805,-0.15546293556690216,0.0,0.0,0.17433214391926133,0.20286416082657605,-0.03168226778507233,0.08517201244831085,0.0,0.0,0.0,0.0
0.8644132614135742,-0.3501713275909424,-1.3315569162368774,0.0,0.0,-0.0007126350537873805,-0.15546293556690216,0.0,0.0,0.17433214391926133,0.20286416082657605,-0.03168226778507233,0.08517201244831085,0.0,0.0,0.0,0.0
0.8668954372406006,-0.3501713275909424,-1.3315569162368774,0.0,0.0,-0.0007126350537873805,-0.15546293556690216,0.0,0.0,0.17433214391926133,0.20286416082657605,-0.03168226778507233,0.08517201244831085,0.0,0.0,0.0,0.0
0.8695900440216064,-0.3501713275909424,-1.3315569162368774,0.0,0.0,-0.0007126350537873805,-0.15546293556690216,0.0,0.0,0.17433214391926133,0.20286416082657605,-0.03168226778507233,0.08517201244831085,0.0,0.0,0.0,0.0
0.87160325050354,-0.3501713275909424,-1.3315569162368774,0.0,0.0,-0.0007126350537873805,-0.15546293556690216,0.0,0.0,0.17433214391926133,0.20286416082657605,-0.03168226778507233,0.08517201244831085,0.0,0.0,0.0,0.0
0.8734610080718994,-0.3501713275909424,-1.3315569162368774,0.0,0.0,-0.0007126350537873805,-0.15546293556690216,0.0,0.0,0.17433214391926133,0.20286416082657605,-0.03168226778507233,0.08517201244831085,0.0,0.0,0.0,0.0
0.8754429817199707,-0.3501713275909424,-1.3315569162368774,0.0,0.0,-0.0007126350537873805,-0.15546293556690216,0.0,0.0,0.17433214391926133,0.20286416082657605,-0.03168226778507233,0.08517201244831085,0.0,0.0,0.0,0.0
0.8774442672729492,-0.3501713275909424,-1.3315569162368774,0.0,0.0,-0.0007126350537873805,-0.15546293556690216,0.0,0.0,0.17433214391926133,0.20286416082657605,-0.03168226778507233,0.08517201244831085,0.0,0.0,0.0,0.0
0.8796403408050537,-0.3501713275909424,-1.3315569162368774,0.0,0.0,-0.0007126350537873805,-0.15546293556690216,0.0,0.0,0.17433214391926133,0.20286416082657605,-0.03168226778507233,0.08517201244831085,0.0,0.0,0.0,0.0
0.8817629814147949,-0.3501713275909424,-1.3315569162368774,0.0,0.0,-0.0007126350537873805,-0.15546293556690216,0.0,0.0,0.17433214391926133,0.20286416082657605,-0.03168226778507233,0.08517201244831085,0.0,0.0,0.0,0.0
0.8835532665252686,-0.3501713275909424,-1.3315569162368774,0.0,0.0,-0.0007126350537873805,-0.15546293556690216,0.0,0.0,0.17433214391926133,0.20286416082657605,-0.03168226778507233,0.08517201244831085,0.0,0.0,0.0,0.0
0.8852932453155518,-0.3501713275909424,-1.3315569162368774,0.0,0.0,-0.0007126350537873805,-0.15546293556690216,0.0,0.0,0.17433214391926133,0.20286416082657605,-0.03168226778507233,0.08517201244831085,0.0,0.0,0.0,0.0
0.8875951766967773,-0.3501713275909424,-1.3315569162368774,0.0,0.0,-0.0007126350537873805,-0.15546293556690216,0.0,0.0,0.17433214391926133,0.20286416082657605,-0.03168226778507233,0.08517201244831085,0.0,0.0,0.0,0.0
0.8894662857055664,-0.3501713275909424,-1.3315569162368774,0.0,0.0,-0.0007126350537873805,-0.15546293556690216,0.0,0.0,0.17433214391926133,0.20286416082657605,-0.03168226778507233,0.08517201244831085,0.0,0.0,0.0,0.0
0.8914787769317627,-0.3501713275909424,-1.3315569162368774,0.0,0.0,-0.0007126350537873805,-0.15546293556690216,0.0,0.0,0.17433214391926133,0.20286416082657605,-0.03168226778507233,0.08517201244831085,0.0,0.0,0.0,0.0
0.8932886123657227,-0.3501713275909424,-1.3315569162368774,0.0,0.0,-0.0007126350537873805,-0.15546293556690216,0.0,0.0,0.17433214391926133,0.20286416082657605,-0.03168226778507233,0.08517201244831085,0.0,0.0,0.0,0.0
0.895115852355957,-0.3501713275909424,-1.3315569162368774,0.0,0.0,-0.0007126350537873805,-0.15546293556690216,0.0,0.0,0.17433214391926133,0.20286416082657605,-0.03168226778507233,0.08517201244831085,0.0,0.0,0.0,0.0
0.8969235420227051,-0.3501713275909424,-1.3315569162368774,0.0,0.0,-0.0007126350537873805,-0.15546293556690216,0.0,0.0,0.17433214391926133,0.20286416082657605,-0.03168226778507233,0.08517201244831085,0.0,0.0,0.0,0.0
0.8988895416259766,-0.3501713275909424,-1.3315569162368774,0.0,0.0,-0.0007126350537873805,-0.15546293556690216,0.0,0.0,0.17433214391926133,0.20286416082657605,-0.03168226778507233,0.08517201244831085,0.0,0.0,0.0,0.0
0.9009981155395508,-0.3501713275909424,-1.3315569162368774,0.0,0.0,-0.0007126350537873805,-0.15546293556690216,0.0,0.0,0.17433214391926133,0.20286416082657605,-0.03168226778507233,0.08517201244831085,0.0,0.0,0.0,0.0
0.9027256965637207,-0.3501713275909424,-1.3315569162368774,0.0,0.0,-0.0007126350537873805,-0.15546293556690216,0.0,0.0,0.17433214391926133,0.20286416082657605,-0.03168226778507233,0.08517201244831085,0.0,0.0,0.0,0.0
0.9043948650360107,-0.3501713275909424,-1.3315569162368774,0.0,0.0,-0.0007126350537873805,-0.15546293556690216,0.0,0.0,0.17433214391926133,0.20286416082657605,-0.03168226778507233,0.08517201244831085,0.0,0.0,0.0,0.0
0.9065139293670654,-0.3501713275909424,-1.3315569162368774,0.0,0.0,-0.0007126350537873805,-0.15546293556690216,0.0,0.0,0.17433214391926133,0.20286416082657605,-0.03168226778507233,0.08517201244831085,0.0,0.0,0.0,0.0
0.9082276821136475,-0.3501713275909424,-1.3315569162368774,0.0,0.0,-0.0007126350537873805,-0.15546293556690216,0.0,0.0,0.17433214391926133,0.20286416082657605,-0.03168226778507233,0.08517201244831085,0.0,0.0,0.0,0.0
0.909935474395752,-0.3501713275909424,-1.3315569162368774,0.0,0.0,-0.0007126350537873805,-0.15546293556690216,0.0,0.0,0.17433214391926133,0.20286416082657605,-0.03168226778507233,0.08517201244831085,0.0,0.0,0.0,0.0
0.9120662212371826,-0.3501713275909424,-1.3315569162368774,0.0,0.0,-0.0007126350537873805,-0.15546293556690216,0.0,0.0,0.17433214391926133,0.20286416082657605,-0.03168226778507233,0.08517201244831085,0.0,0.0,0.0,0.0
0.9137260913848877,-0.3501713275909424,-1.3315569162368774,0.0,0.0,-0.0007126350537873805,-0.15546293556690216,0.0,0.0,0.17433214391926133,0.20286416082657605,-0.03168226778507233,0.08517201244831085,0.0,0.0,0.0,0.0
0.9153003692626953,-0.3501713275909424,-1.3315569162368774,0.0,0.0,-0.0007126350537873805,-0.15546293556690216,0.0,0.0,0.17433214391926133,0.20286416082657605,-0.03168226778507233,0.08517201244831085,0.0,0.0,0.0,0.0
0.9168875217437744,-0.3501713275909424,-1.3315569162368774,0.0,0.0,-0.0007126350537873805,-0.15546293556690216,0.0,0.0,0.17433214391926133,0.20286416082657605,-0.03168226778507233,0.08517201244831085,0.0,0.0,0.0,0.0
0.9190294742584229,-0.3501713275909424,-1.3315569162368774,0.0,0.0,-0.0007126350537873805,-0.15546293556690216,0.0,0.0,0.17433214391926133,0.20286416082657605,-0.03168226778507233,0.08517201244831085,0.0,0.0,0.0,0.0
0.920616865158081,-0.3501713275909424,-1.3315569162368774,0.0,0.0,-0.0007126350537873805,-0.15546293556690216,0.0,0.0,0.17433214391926133,0.20286416082657605,-0.03168226778507233,0.08517201244831085,0.0,0.0,0.0,0.0
0.9221615791320801,-0.3501713275909424,-1.3315569162368774,0.0,0.0,-0.0007126350537873805,-0.15546293556690216,0.0,0.0,0.17433214391926133,0.20286416082657605,-0.03168226778507233,0.08517201244831085,0.0,0.0,0.0,0.0
0.9236164093017578,-0.3501713275909424,-1.3315569162368774,0.0,0.0,-0.0007126350537873805,-0.15546293556690216,0.0,0.0,0.17433214391926133,0.20286416082657605,-0.03168226778507233,0.08517201244831085,0.0,0.0,0.0,0.0
0.9251663684844971,-0.3501713275909424,-1.3315569162368774,0.0,0.0,-0.0007126350537873805,-0.15546293556690216,0.0,0.0,0.17433214391926133,0.20286416082657605,-0.03168226778507233,0.08517201244831085,0.0,0.0,0.0,0.0
0.926668643951416,-0.3501713275909424,-1.3315569162368774,0.0,0.0,-0.0007126350537873805,-0.15546293556690216,0.0,0.0,0.17433214391926133,0.20286416082657605,-0.03168226778507233,0.08517201244831085,0.0,0.0,0.0,0.0
0.9281594753265381,-0.3501713275909424,-1.3315569162368774,0.0,0.0,-0.0007126350537873805,-0.15546293556690216,0.0,0.0,0.17433214391926133,0.20286416082657605,-0.03168226778507233,0.08517201244831085,0.0,0.0,0.0,0.0
0.9296400547027588,-0.3501713275909424,-1.3315569162368774,0.0,0.0,-0.0007126350537873805,-0.15546293556690216,0.0,0.0,0.17433214391926133,0.20286416082657605,-0.03168226778507233,0.08517201244831085,0.0,0.0,0.0,0.0
0.9311239719390869,-0.3501713275909424,-1.3315569162368774,0.0,0.0,-0.0007126350537873805,-0.15546293556690216,0.0,0.0,0.17433214391926133,0.20286416082657605,-0.03168226778507233,0.08517201244831085,0.0,0.0,0.0,0.0
0.9324915409088135,-0.3501713275909424,-1.3315569162368774,0.0,0.0,-0.0007126350537873805,-0.15546293556690216,0.0,0.0,0.17433214391926133,0.20286416082657605,-0.03168226778507233,0.08517201244831085,0.0,0.0,0.0,0.0
0.9344720840454102,-0.3501713275909424,-1.3315569162368774,0.0,0.0,-0.0007126350537873805,-0.15546293556690216,0.0,0.0,0.17433214391926133,0.20286416082657605,-0.03168226778507233,0.08517201244831085,0.0,0.0,0.0,0.0
0.9359133243560791,-0.3501713275909424,-1.3315569162368774,0.0,0.0,-0.0007126350537873805,-0.15546293556690216,0.0,0.0,0.17433214391926133,0.20286416082657605,-0.03168226778507233,0.08517201244831085,0.0,0.0,0.0,0.0
0.9374842643737793,-0.3501713275909424,-1.3315569162368774,0.0,0.0,-0.0007126350537873805,-0.15546293556690216,0.0,0.0,0.17433214391926133,0.20286416082657605,-0.03168226778507233,0.08517201244831085,0.0,0.0,0.0,0.0
0.9389481544494629,-0.3501713275909424,-1.3315569162368774,0.0,0.0,-0.0007126350537873805,-0.15546293556690216,0.0,0.0,0.17433214391926133,0.20286416082657605,-0.03168226778507233,0.08517201244831085,0.0,0.0,0.0,0.0
0.9404349327087402,-0.3501713275909424,-1.3315569162368774,0.0,0.0,-0.0007126350537873805,-0.15546293556690216,0.0,0.0,0.17433214391926133,0.20286416082657605,-0.03168226778507233,0.08517201244831085,0.0,0.0,0.0,0.0
0.9419312477111816,-0.3501713275909424,-1.3315569162368774,0.0,0.0,-0.0007126350537873805,-0.15546293556690216,0.0,0.0,0.17433214391926133,0.20286416082657605,-0.03168226778507233,0.08517201244831085,0.0,0.0,0.0,0.0
0.9436485767364502,-0.3501713275909424,-1.3315569162368774,0.0,0.0,-0.0007126350537873805,-0.15546293556690216,0.0,0.0,0.17433214391926133,0.20286416082657605,-0.03168226778507233,0.08517201244831085,0.0,0.0,0.0,0.0
0.9452083110809326,-0.3501713275909424,-1.3315569162368774,0.0,0.0,-0.0007126350537873805,-0.15546293556690216,0.0,0.0,0.17433214391926133,0.20286416082657605,-0.03168226778507233,0.08517201244831085,0.0,0.0,0.0,0.0
0.9468965530395508,-0.3501713275909424,-1.3315569162368774,0.0,0.0,-0.0007126350537873805,-0.15546293556690216,0.0,0.0,0.17433214391926133,0.20286416082657605,-0.03168226778507233,0.08517201244831085,0.0,0.0,0.0,0.0
0.9489803314208984,-0.3501713275909424,-1.3315569162368774,0.0,0.0,-0.0007126350537873805,-0.15546293556690216,0.0,0.0,0.17433214391926133,0.20286416082657605,-0.03168226778507233,0.08517201244831085,0.0,0.0,0.0,0.0
0.9511010646820068,-0.3501713275909424,-1.3315569162368774,0.0,0.0,-0.0007126350537873805,-0.15546293556690216,0.0,0.0,0.17433214391926133,0.20286416082657605,-0.03168226778507233,0.08517201244831085,0.0,0.0,0.0,0.0
0.953399658203125,-0.3501713275909424,-1.3315569162368774,0.0,0.0,-0.0007126350537873805,-0.15546293556690216,0.0,0.0,0.17433214391926133,0.20286416082657605,-0.03168226778507233,0.08517201244831085,0.0,0.0,0.0,0.0
0.9551637172698975,-0.3501713275909424,-1.3315569162368774,0.0,0.0,-0.0007126350537873805,-0.15546293556690216,0.0,0.0,0.17433214391926133,0.20286416082657605,-0.03168226778507233,0.08517201244831085,0.0,0.0,0.0,0.0
0.9569027423858643,-0.3501713275909424,-1.3315569162368774,0.0,0.0,-0.0007126350537873805,-0.15546293556690216,0.0,0.0,0.17433214391926133,0.20286416082657605,-0.03168226778507233,0.08517201244831085,0.0,0.0,0.0,0.0
0.9594192504882812,-0.3501713275909424,-1.3315569162368774,0.0,0.0,-0.0007126350537873805,-0.15546293556690216,0.0,0.0,0.17433214391926133,0.20286416082657605,-0.03168226778507233,0.08517201244831085,0.0,0.0,0.0,0.0
0.9610695838928223,-0.3501713275909424,-1.3315569162368774,0.0,0.0,-0.0007126350537873805,-0.15546293556690216,0.0,0.0,0.17433214391926133,0.20286416082657605,-0.03168226778507233,0.08517201244831085,0.0,0.0,0.0,0.0
0.964005708694458,-0.3501713275909424,-1.3315569162368774,0.0,0.0,-0.0007126350537873805,-0.15546293556690216,0.0,0.0,0.17433214391926133,0.20286416082657605,-0.03168226778507233,0.08517201244831085,0.0,0.0,0.0,0.0
0.96551513671875,-0.3501713275909424,-1.3315569162368774,0.0,0.0,-0.0007126350537873805,-0.15546293556690216,0.0,0.0,0.17433214391926133,0.20286416082657605,-0.03168226778507233,0.08517201244831085,0.0,0.0,0.0,0.0
0.9669840335845947,-0.3501713275909424,-1.3315569162368774,0.0,0.0,-0.0007126350537873805,-0.15546293556690216,0.0,0.0,0.17433214391926133,0.20286416082657605,-0.03168226778507233,0.08517201244831085,0.0,0.0,0.0,0.0
0.9690234661102295,-0.3501713275909424,-1.3315569162368774,0.0,0.0,-0.0007126350537873805,-0.15546293556690216,0.0,0.0,0.17433214391926133,0.20286416082657605,-0.03168226778507233,0.08517201244831085,0.0,0.0,0.0,0.0
0.9705324172973633,-0.3501713275909424,-1.3315569162368774,0.0,0.0,-0.0007126350537873805,-0.15546293556690216,0.0,0.0,0.17433214391926133,0.20286416082657605,-0.03168226778507233,0.08517201244831085,0.0,0.0,0.0,0.0
0.9723694324493408,-0.3501713275909424,-1.3315569162368774,0.0,0.0,-0.0007126350537873805,-0.15546293556690216,0.0,0.0,0.17433214391926133,0.20286416082657605,-0.03168226778507233,0.08517201244831085,0.0,0.0,0.0,0.0
0.9744768142700195,-0.3501713275909424,-1.3315569162368774,0.0,0.0,-0.0007126350537873805,-0.15546293556690216,0.0,0.0,0.17433214391926133,0.20286416082657605,-0.03168226778507233,0.08517201244831085,0.0,0.0,0.0,0.0
0.9759416580200195,-0.3501713275909424,-1.3315569162368774,0.0,0.0,-0.0007126350537873805,-0.15546293556690216,0.0,0.0,0.17433214391926133,0.20286416082657605,-0.03168226778507233,0.08517201244831085,0.0,0.0,0.0,0.0
0.9775068759918213,-0.3501713275909424,-1.3315569162368774,0.0,0.0,-0.0007126350537873805,-0.15546293556690216,0.0,0.0,0.17433214391926133,0.20286416082657605,-0.03168226778507233,0.08517201244831085,0.0,0.0,0.0,0.0
0.979180097579956,-0.3501713275909424,-1.3315569162368774,0.0,0.0,-0.0007126350537873805,-0.15546293556690216,0.0,0.0,0.17433214391926133,0.20286416082657605,-0.03168226778507233,0.08517201244831085,0.0,0.0,0.0,0.0
0.9807629585266113,-0.3501713275909424,-1.3315569162368774,0.0,0.0,-0.0007126350537873805,-0.15546293556690216,0.0,0.0,0.17433214391926133,0.20286416082657605,-0.03168226778507233,0.08517201244831085,0.0,0.0,0.0,0.0
0.9822351932525635,-0.3501713275909424,-1.3315569162368774,0.0,0.0,-0.0007126350537873805,-0.15546293556690216,0.0,0.0,0.17433214391926133,0.20286416082657605,-0.03168226778507233,0.08517201244831085,0.0,0.0,0.0,0.0
0.9842360019683838,-0.3501713275909424,-1.3315569162368774,0.0,0.0,-0.0007126350537873805,-0.15546293556690216,0.0,0.0,0.17433214391926133,0.20286416082657605,-0.03168226778507233,0.08517201244831085,0.0,0.0,0.0,0.0
0.9861023426055908,-0.3501713275909424,-1.3315569162368774,0.0,0.0,-0.0007126350537873805,-0.15546293556690216,0.0,0.0,0.17433214391926133,0.20286416082657605,-0.03168226778507233,0.08517201244831085,0.0,0.0,0.0,0.0
0.9877350330352783,-0.3501713275909424,-1.3315569162368774,0.0,0.0,-0.0007126350537873805,-0.15546293556690216,0.0,0.0,0.17433214391926133,0.20286416082657605,-0.03168226778507233,0.08517201244831085,0.0,0.0,0.0,0.0
0.9895861148834229,-0.3501713275909424,-1.3315569162368774,0.0,0.0,-0.0007126350537873805,-0.15546293556690216,0.0,0.0,0.17433214391926133,0.20286416082657605,-0.03168226778507233,0.08517201244831085,0.0,0.0,0.0,0.0
0.9917206764221191,-0.3501713275909424,-1.3315569162368774,0.0,0.0,-0.0007126350537873805,-0.15546293556690216,0.0,0.0,0.17433214391926133,0.20286416082657605,-0.03168226778507233,0.08517201244831085,0.0,0.0,0.0,0.0
0.9933581352233887,-0.3501713275909424,-1.3315569162368774,0.0,0.0,-0.0007126350537873805,-0.15546293556690216,0.0,0.0,0.17433214391926133,0.20286416082657605,-0.03168226778507233,0.08517201244831085,0.0,0.0,0.0,0.0
0.9949016571044922,-0.3501713275909424,-1.3315569162368774,0.0,0.0,-0.0007126350537873805,-0.15546293556690216,0.0,0.0,0.17433214391926133,0.20286416082657605,-0.03168226778507233,0.08517201244831085,0.0,0.0,0.0,0.0
0.996690034866333,-0.3501713275909424,-1.3315569162368774,0.0,0.0,-0.0007126350537873805,-0.15546293556690216,0.0,0.0,0.17433214391926133,0.20286416082657605,-0.03168226778507233,0.08517201244831085,0.0,0.0,0.0,0.0
0.9984416961669922,-0.3501713275909424,-1.3315569162368774,0.0,0.0,-0.0007126350537873805,-0.15546293556690216,0.0,0.0,0.17433214391926133,0.20286416082657605,-0.03168226778507233,0.08517201244831085,0.0,0.0,0.0,0.0
1.0005483627319336,-0.3501713275909424,-1.3315569162368774,0.0,0.0,-0.0007126350537873805,-0.15546293556690216,0.0,0.0,0.17433214391926133,0.20286416082657605,-0.03168226778507233,0.08517201244831085,0.0,0.0,0.0,0.0
1.0020461082458496,-0.3501713275909424,-1.3315569162368774,0.0,0.0,-0.0007126350537873805,-0.15546293556690216,0.0,0.0,0.17433214391926133,0.20286416082657605,-0.03168226778507233,0.08517201244831085,0.0,0.0,0.0,0.0
1.00380277633667,-0.3501713275909424,-1.3315569162368774,0.0,0.0,-0.0007126350537873805,-0.15546293556690216,0.0,0.0,0.17433214391926133,0.20286416082657605,-0.03168226778507233,0.08517201244831085,0.0,0.0,0.0,0.0
1.0052506923675537,-0.3501713275909424,-1.3315569162368774,0.0,0.0,-0.0007126350537873805,-0.15546293556690216,0.0,0.0,0.17433214391926133,0.20286416082657605,-0.03168226778507233,0.08517201244831085,0.0,0.0,0.0,0.0
1.0066006183624268,-0.3501713275909424,-1.3315569162368774,0.0,0.0,-0.0007126350537873805,-0.15546293556690216,0.0,0.0,0.17433214391926133,0.20286416082657605,-0.03168226778507233,0.08517201244831085,0.0,0.0,0.0,0.0
1.0079402923583984,-0.3501713275909424,-1.3315569162368774,0.0,0.0,-0.0007126350537873805,-0.15546293556690216,0.0,0.0,0.17433214391926133,0.20286416082657605,-0.03168226778507233,0.08517201244831085,0.0,0.0,0.0,0.0
1.0092639923095703,-0.3501713275909424,-1.3315569162368774,0.0,0.0,-0.0007126350537873805,-0.15546293556690216,0.0,0.0,0.17433214391926133,0.20286416082657605,-0.03168226778507233,0.08517201244831085,0.0,0.0,0.0,0.0
1.0106112957000732,-0.3501713275909424,-1.3315569162368774,0.0,0.0,-0.0007126350537873805,-0.15546293556690216,0.0,0.0,0.17433214391926133,0.20286416082657605,-0.03168226778507233,0.08517201244831085,0.0,0.0,0.0,0.0
1.0124046802520752,-0.3501713275909424,-1.3315569162368774,0.0,0.0,-0.0007126350537873805,-0.15546293556690216,0.0,0.0,0.17433214391926133,0.20286416082657605,-0.03168226778507233,0.08517201244831085,0.0,0.0,0.0,0.0
1.013735294342041,-0.3501713275909424,-1.3315569162368774,0.0,0.0,-0.0007126350537873805,-0.15546293556690216,0.0,0.0,0.17433214391926133,0.20286416082657605,-0.03168226778507233,0.08517201244831085,0.0,0.0,0.0,0.0
1.0150537490844727,-0.3501713275909424,-1.3315569162368774,0.0,0.0,-0.0007126350537873805,-0.15546293556690216,0.0,0.0,0.17433214391926133,0.20286416082657605,-0.03168226778507233,0.08517201244831085,0.0,0.0,0.0,0.0
1.0166845321655273,-0.3501713275909424,-1.3315569162368774,0.0,0.0,-0.0007126350537873805,-0.15546293556690216,0.0,0.0,0.17433214391926133,0.20286416082657605,-0.03168226778507233,0.08517201244831085,0.0,0.0,0.0,0.0
1.0179460048675537,-0.3501713275909424,-1.3315569162368774,0.0,0.0,-0.0007126350537873805,-0.15546293556690216,0.0,0.0,0.17433214391926133,0.20286416082657605,-0.03168226778507233,0.08517201244831085,0.0,0.0,0.0,0.0
1.019484043121338,-0.3501713275909424,-1.3315569162368774,0.0,0.0,-0.0007126350537873805,-0.15546293556690216,0.0,0.0,0.17433214391926133,0.20286416082657605,-0.03168226778507233,0.08517201244831085,0.0,0.0,0.0,0.0
1.0207529067993164,-0.3501713275909424,-1.3315569162368774,0.0,0.0,-0.0007126350537873805,-0.15546293556690216,0.0,0.0,0.17433214391926133,0.20286416082657605,-0.03168226778507233,0.08517201244831085,0.0,0.0,0.0,0.0
1.0220351219177246,-0.3501713275909424,-1.3315569162368774,0.0,0.0,-0.0007126350537873805,-0.15546293556690216,0.0,0.0,0.17433214391926133,0.20286416082657605,-0.03168226778507233,0.08517201244831085,0.0,0.0,0.0,0.0
1.0232951641082764,-0.3501713275909424,-1.3315569162368774,0.0,0.0,-0.0007126350537873805,-0.15546293556690216,0.0,0.0,0.17433214391926133,0.20286416082657605,-0.03168226778507233,0.08517201244831085,0.0,0.0,0.0,0.0
1.0245506763458252,-0.3501713275909424,-1.3315569162368774,0.0,0.0,-0.0007126350537873805,-0.15546293556690216,0.0,0.0,0.17433214391926133,0.20286416082657605,-0.03168226778507233,0.08517201244831085,0.0,0.0,0.0,0.0
1.025791883468628,-0.3501713275909424,-1.3315569162368774,0.0,0.0,-0.0007126350537873805,-0.15546293556690216,0.0,0.0,0.17433214391926133,0.20286416082657605,-0.03168226778507233,0.08517201244831085,0.0,0.0,0.0,0.0
1.0271012783050537,-0.3501713275909424,-1.3315569162368774,0.0,0.0,-0.0007126350537873805,-0.15546293556690216,0.0,0.0,0.17433214391926133,0.20286416082657605,-0.03168226778507233,0.08517201244831085,0.0,0.0,0.0,0.0
1.028332233428955,-0.3501713275909424,-1.3315569162368774,0.0,0.0,-0.0007126350537873805,-0.15546293556690216,0.0,0.0,0.17433214391926133,0.20286416082657605,-0.03168226778507233,0.08517201244831085,0.0,0.0,0.0,0.0
1.0295994281768799,-0.3501713275909424,-1.3315569162368774,0.0,0.0,-0.0007126350537873805,-0.15546293556690216,0.0,0.0,0.17433214391926133,0.20286416082657605,-0.03168226778507233,0.08517201244831085,0.0,0.0,0.0,0.0
1.0308737754821777,-0.3501713275909424,-1.3315569162368774,0.0,0.0,-0.0007126350537873805,-0.15546293556690216,0.0,0.0,0.17433214391926133,0.20286416082657605,-0.03168226778507233,0.08517201244831085,0.0,0.0,0.0,0.0
1.0321605205535889,-0.3501713275909424,-1.3315569162368774,0.0,0.0,-0.0007126350537873805,-0.15546293556690216,0.0,0.0,0.17433214391926133,0.20286416082657605,-0.03168226778507233,0.08517201244831085,0.0,0.0,0.0,0.0
1.0333738327026367,-0.3501713275909424,-1.3315569162368774,0.0,0.0,-0.0007126350537873805,-0.15546293556690216,0.0,0.0,0.17433214391926133,0.20286416082657605,-0.03168226778507233,0.08517201244831085,0.0,0.0,0.0,0.0
1.0345909595489502,-0.3501713275909424,-1.3315569162368774,0.0,0.0,-0.0007126350537873805,-0.15546293556690216,0.0,0.0,0.17433214391926133,0.20286416082657605,-0.03168226778507233,0.08517201244831085,0.0,0.0,0.0,0.0
1.0359435081481934,-0.3501713275909424,-1.3315569162368774,0.0,0.0,-0.0007126350537873805,-0.15546293556690216,0.0,0.0,0.17433214391926133,0.20286416082657605,-0.03168226778507233,0.08517201244831085,0.0,0.0,0.0,0.0
1.0374410152435303,-0.3501713275909424,-1.3315569162368774,0.0,0.0,-0.0007126350537873805,-0.15546293556690216,0.0,0.0,0.17433214391926133,0.20286416082657605,-0.03168226778507233,0.08517201244831085,0.0,0.0,0.0,0.0
1.0387067794799805,-0.3501713275909424,-1.3315569162368774,0.0,0.0,-0.0007126350537873805,-0.15546293556690216,0.0,0.0,0.17433214391926133,0.20286416082657605,-0.03168226778507233,0.08517201244831085,0.0,0.0,0.0,0.0
1.040022850036621,-0.3501713275909424,-1.3315569162368774,0.0,0.0,-0.0007126350537873805,-0.15546293556690216,0.0,0.0,0.17433214391926133,0.20286416082657605,-0.03168226778507233,0.08517201244831085,0.0,0.0,0.0,0.0
1.0412282943725586,-0.3501713275909424,-1.3315569162368774,0.0,0.0,-0.0007126350537873805,-0.15546293556690216,0.0,0.0,0.17433214391926133,0.20286416082657605,-0.03168226778507233,0.08517201244831085,0.0,0.0,0.0,0.0
1.0424854755401611,-0.3501713275909424,-1.3315569162368774,0.0,0.0,-0.0007126350537873805,-0.15546293556690216,0.0,0.0,0.17433214391926133,0.20286416082657605,-0.03168226778507233,0.08517201244831085,0.0,0.0,0.0,0.0
1.04372239112854,-0.3501713275909424,-1.3315569162368774,0.0,0.0,-0.0007126350537873805,-0.15546293556690216,0.0,0.0,0.17433214391926133,0.20286416082657605,-0.03168226778507233,0.08517201244831085,0.0,0.0,0.0,0.0
1.0449812412261963,-0.3501713275909424,-1.3315569162368774,0.0,0.0,-0.0007126350537873805,-0.15546293556690216,0.0,0.0,0.17433214391926133,0.20286416082657605,-0.03168226778507233,0.08517201244831085,0.0,0.0,0.0,0.0
1.046234130859375,-0.3501713275909424,-1.3315569162368774,0.0,0.0,-0.0007126350537873805,-0.15546293556690216,0.0,0.0,0.17433214391926133,0.20286416082657605,-0.03168226778507233,0.08517201244831085,0.0,0.0,0.0,0.0
1.0474629402160645,-0.3501713275909424,-1.3315569162368774,0.0,0.0,-0.0007126350537873805,-0.15546293556690216,0.0,0.0,0.17433214391926133,0.20286416082657605,-0.03168226778507233,0.08517201244831085,0.0,0.0,0.0,0.0
1.0487041473388672,-0.3501713275909424,-1.3315569162368774,0.0,0.0,-0.0007126350537873805,-0.15546293556690216,0.0,0.0,0.17433214391926133,0.20286416082657605,-0.03168226778507233,0.08517201244831085,0.0,0.0,0.0,0.0
1.0499966144561768,-0.3501713275909424,-1.3315569162368774,0.0,0.0,-0.0007126350537873805,-0.15546293556690216,0.0,0.0,0.17433214391926133,0.20286416082657605,-0.03168226778507233,0.08517201244831085,0.0,0.0,0.0,0.0
1.0512738227844238,-0.3501713275909424,-1.3315569162368774,0.0,0.0,-0.0007126350537873805,-0.15546293556690216,0.0,0.0,0.17433214391926133,0.20286416082657605,-0.03168226778507233,0.08517201244831085,0.0,0.0,0.0,0.0
1.052530288696289,-0.3501713275909424,-1.3315569162368774,0.0,0.0,-0.0007126350537873805,-0.15546293556690216,0.0,0.0,0.17433214391926133,0.20286416082657605,-0.03168226778507233,0.08517201244831085,0.0,0.0,0.0,0.0
1.0537385940551758,-0.3501713275909424,-1.3315569162368774,0.0,0.0,-0.0007126350537873805,-0.15546293556690216,0.0,0.0,0.17433214391926133,0.20286416082657605,-0.03168226778507233,0.08517201244831085,0.0,0.0,0.0,0.0
1.0549962520599365,-0.3501713275909424,-1.3315569162368774,0.0,0.0,-0.0007126350537873805,-0.15546293556690216,0.0,0.0,0.17433214391926133,0.20286416082657605,-0.03168226778507233,0.08517201244831085,0.0,0.0,0.0,0.0
1.0562951564788818,-0.3501713275909424,-1.3315569162368774,0.0,0.0,-0.0007126350537873805,-0.15546293556690216,0.0,0.0,0.17433214391926133,0.20286416082657605,-0.03168226778507233,0.08517201244831085,0.0,0.0,0.0,0.0
1.0575482845306396,-0.3501713275909424,-1.3315569162368774,0.0,0.0,-0.0007126350537873805,-0.15546293556690216,0.0,0.0,0.17433214391926133,0.20286416082657605,-0.03168226778507233,0.08517201244831085,0.0,0.0,0.0,0.0
1.0587975978851318,-0.3501713275909424,-1.3315569162368774,0.0,0.0,-0.0007126350537873805,-0.15546293556690216,0.0,0.0,0.17433214391926133,0.20286416082657605,-0.03168226778507233,0.08517201244831085,0.0,0.0,0.0,0.0
1.0600388050079346,-0.3501713275909424,-1.3315569162368774,0.0,0.0,-0.0007126350537873805,-0.15546293556690216,0.0,0.0,0.17433214391926133,0.20286416082657605,-0.03168226778507233,0.08517201244831085,0.0,0.0,0.0,0.0
1.0613243579864502,-0.3501713275909424,-1.3315569162368774,0.0,0.0,-0.0007126350537873805,-0.15546293556690216,0.0,0.0,0.17433214391926133,0.20286416082657605,-0.03168226778507233,0.08517201244831085,0.0,0.0,0.0,0.0
1.0626063346862793,-0.3501713275909424,-1.3315569162368774,0.0,0.0,-0.0007126350537873805,-0.15546293556690216,0.0,0.0,0.17433214391926133,0.20286416082657605,-0.03168226778507233,0.08517201244831085,0.0,0.0,0.0,0.0
1.0638880729675293,-0.3501713275909424,-1.3315569162368774,0.0,0.0,-0.0007126350537873805,-0.15546293556690216,0.0,0.0,0.17433214391926133,0.20286416082657605,-0.03168226778507233,0.08517201244831085,0.0,0.0,0.0,0.0
1.0651614665985107,-0.3501713275909424,-1.3315569162368774,0.0,0.0,-0.0007126350537873805,-0.15546293556690216,0.0,0.0,0.17433214391926133,0.20286416082657605,-0.03168226778507233,0.08517201244831085,0.0,0.0,0.0,0.0
1.0664668083190918,-0.3501713275909424,-1.3315569162368774,0.0,0.0,-0.0007126350537873805,-0.15546293556690216,0.0,0.0,0.17433214391926133,0.20286416082657605,-0.03168226778507233,0.08517201244831085,0.0,0.0,0.0,0.0
1.0677554607391357,-0.3501713275909424,-1.3315569162368774,0.0,0.0,-0.0007126350537873805,-0.15546293556690216,0.0,0.0,0.17433214391926133,0.20286416082657605,-0.03168226778507233,0.08517201244831085,0.0,0.0,0.0,0.0
1.0690686702728271,-0.3501713275909424,-1.3315569162368774,0.0,0.0,-0.0007126350537873805,-0.15546293556690216,0.0,0.0,0.17433214391926133,0.20286416082657605,-0.03168226778507233,0.08517201244831085,0.0,0.0,0.0,0.0
1.0703730583190918,-0.3501713275909424,-1.3315569162368774,0.0,0.0,-0.0007126350537873805,-0.15546293556690216,0.0,0.0,0.17433214391926133,0.20286416082657605,-0.03168226778507233,0.08517201244831085,0.0,0.0,0.0,0.0
1.0717628002166748,-0.3501713275909424,-1.3315569162368774,0.0,0.0,-0.0007126350537873805,-0.15546293556690216,0.0,0.0,0.17433214391926133,0.20286416082657605,-0.03168226778507233,0.08517201244831085,0.0,0.0,0.0,0.0
1.073258638381958,-0.3501713275909424,-1.3315569162368774,0.0,0.0,-0.0007126350537873805,-0.15546293556690216,0.0,0.0,0.17433214391926133,0.20286416082657605,-0.03168226778507233,0.08517201244831085,0.0,0.0,0.0,0.0
1.0748252868652344,-0.3501713275909424,-1.3315569162368774,0.0,0.0,-0.0007126350537873805,-0.15546293556690216,0.0,0.0,0.17433214391926133,0.20286416082657605,-0.03168226778507233,0.08517201244831085,0.0,0.0,0.0,0.0
1.0762732028961182,-0.3501713275909424,-1.3315569162368774,0.0,0.0,-0.0007126350537873805,-0.15546293556690216,0.0,0.0,0.17433214391926133,0.20286416082657605,-0.03168226778507233,0.08517201244831085,0.0,0.0,0.0,0.0
1.0779073238372803,-0.3501713275909424,-1.3315569162368774,0.0,0.0,-0.0007126350537873805,-0.15546293556690216,0.0,0.0,0.17433214391926133,0.20286416082657605,-0.03168226778507233,0.08517201244831085,0.0,0.0,0.0,0.0
1.0794832706451416,-0.3501713275909424,-1.3315569162368774,0.0,0.0,-0.0007126350537873805,-0.15546293556690216,0.0,0.0,0.17433214391926133,0.20286416082657605,-0.03168226778507233,0.08517201244831085,0.0,0.0,0.0,0.0
1.0810210704803467,-0.3501713275909424,-1.3315569162368774,0.0,0.0,-0.0007126350537873805,-0.15546293556690216,0.0,0.0,0.17433214391926133,0.20286416082657605,-0.03168226778507233,0.08517201244831085,0.0,0.0,0.0,0.0
1.0825538635253906,-0.3501713275909424,-1.3315569162368774,0.0,0.0,-0.0007126350537873805,-0.15546293556690216,0.0,0.0,0.17433214391926133,0.20286416082657605,-0.03168226778507233,0.08517201244831085,0.0,0.0,0.0,0.0
1.0840816497802734,-0.3501713275909424,-1.3315569162368774,0.0,0.0,-0.0007126350537873805,-0.15546293556690216,0.0,0.0,0.17433214391926133,0.20286416082657605,-0.03168226778507233,0.08517201244831085,0.0,0.0,0.0,0.0
1.0856397151947021,-0.3501713275909424,-1.3315569162368774,0.0,0.0,-0.0007126350537873805,-0.15546293556690216,0.0,0.0,0.17433214391926133,0.20286416082657605,-0.03168226778507233,0.08517201244831085,0.0,0.0,0.0,0.0
1.0872817039489746,-0.3501713275909424,-1.3315569162368774,0.0,0.0,-0.0007126350537873805,-0.15546293556690216,0.0,0.0,0.17433214391926133,0.20286416082657605,-0.03168226778507233,0.08517201244831085,0.0,0.0,0.0,0.0
1.0887997150421143,-0.3501713275909424,-1.3315569162368774,0.0,0.0,-0.0007126350537873805,-0.15546293556690216,0.0,0.0,0.17433214391926133,0.20286416082657605,-0.03168226778507233,0.08517201244831085,0.0,0.0,0.0,0.0
1.0906198024749756,-0.3501713275909424,-1.3315569162368774,0.0,0.0,-0.0007126350537873805,-0.15546293556690216,0.0,0.0,0.17433214391926133,0.20286416082657605,-0.03168226778507233,0.08517201244831085,0.0,0.0,0.0,0.0
1.092094898223877,-0.3501713275909424,-1.3315569162368774,0.0,0.0,-0.0007126350537873805,-0.15546293556690216,0.0,0.0,0.17433214391926133,0.20286416082657605,-0.03168226778507233,0.08517201244831085,0.0,0.0,0.0,0.0
1.0936241149902344,-0.3501713275909424,-1.3315569162368774,0.0,0.0,-0.0007126350537873805,-0.15546293556690216,0.0,0.0,0.17433214391926133,0.20286416082657605,-0.03168226778507233,0.08517201244831085,0.0,0.0,0.0,0.0
1.095489740371704,-0.3501713275909424,-1.3315569162368774,0.0,0.0,-0.0007126350537873805,-0.15546293556690216,0.0,0.0,0.17433214391926133,0.20286416082657605,-0.03168226778507233,0.08517201244831085,0.0,0.0,0.0,0.0
1.09696626663208,-0.3501713275909424,-1.3315569162368774,0.0,0.0,-0.0007126350537873805,-0.15546293556690216,0.0,0.0,0.17433214391926133,0.20286416082657605,-0.03168226778507233,0.08517201244831085,0.0,0.0,0.0,0.0
1.0989916324615479,-0.3501713275909424,-1.3315569162368774,0.0,0.0,-0.0007126350537873805,-0.15546293556690216,0.0,0.0,0.17433214391926133,0.20286416082657605,-0.03168226778507233,0.08517201244831085,0.0,0.0,0.0,0.0
1.1005804538726807,-0.3501713275909424,-1.3315569162368774,0.0,0.0,-0.0007126350537873805,-0.15546293556690216,0.0,0.0,0.17433214391926133,0.20286416082657605,-0.03168226778507233,0.08517201244831085,0.0,0.0,0.0,0.0
1.1020598411560059,-0.3501713275909424,-1.3315569162368774,0.0,0.0,-0.0007126350537873805,-0.15546293556690216,0.0,0.0,0.17433214391926133,0.20286416082657605,-0.03168226778507233,0.08517201244831085,0.0,0.0,0.0,0.0
1.1036615371704102,-0.3501713275909424,-1.3315569162368774,0.0,0.0,-0.0007126350537873805,-0.15546293556690216,0.0,0.0,0.17433214391926133,0.20286416082657605,-0.03168226778507233,0.08517201244831085,0.0,0.0,0.0,0.0
1.1051514148712158,-0.3501713275909424,-1.3315569162368774,0.0,0.0,-0.0007126350537873805,-0.15546293556690216,0.0,0.0,0.17433214391926133,0.20286416082657605,-0.03168226778507233,0.08517201244831085,0.0,0.0,0.0,0.0
1.1065080165863037,-0.3501713275909424,-1.3315569162368774,0.0,0.0,-0.0007126350537873805,-0.15546293556690216,0.0,0.0,0.17433214391926133,0.20286416082657605,-0.03168226778507233,0.08517201244831085,0.0,0.0,0.0,0.0
1.108170986175537,-0.3501713275909424,-1.3315569162368774,0.0,0.0,-0.0007126350537873805,-0.15546293556690216,0.0,0.0,0.17433214391926133,0.20286416082657605,-0.03168226778507233,0.08517201244831085,0.0,0.0,0.0,0.0
1.1096925735473633,-0.3501713275909424,-1.3315569162368774,0.0,0.0,-0.0007126350537873805,-0.15546293556690216,0.0,0.0,0.17433214391926133,0.20286416082657605,-0.03168226778507233,0.08517201244831085,0.0,0.0,0.0,0.0
1.1110739707946777,-0.3501713275909424,-1.3315569162368774,0.0,0.0,-0.0007126350537873805,-0.15546293556690216,0.0,0.0,0.17433214391926133,0.20286416082657605,-0.03168226778507233,0.08517201244831085,0.0,0.0,0.0,0.0
1.1125173568725586,-0.3501713275909424,-1.3315569162368774,0.0,0.0,-0.0007126350537873805,-0.15546293556690216,0.0,0.0,0.17433214391926133,0.20286416082657605,-0.03168226778507233,0.08517201244831085,0.0,0.0,0.0,0.0
1.113863468170166,-0.3501713275909424,-1.3315569162368774,0.0,0.0,-0.0007126350537873805,-0.15546293556690216,0.0,0.0,0.17433214391926133,0.20286416082657605,-0.03168226778507233,0.08517201244831085,0.0,0.0,0.0,0.0
1.1151795387268066,-0.3501713275909424,-1.3315569162368774,0.0,0.0,-0.0007126350537873805,-0.15546293556690216,0.0,0.0,0.17433214391926133,0.20286416082657605,-0.03168226778507233,0.08517201244831085,0.0,0.0,0.0,0.0
1.1166317462921143,-0.3501713275909424,-1.3315569162368774,0.0,0.0,-0.0007126350537873805,-0.15546293556690216,0.0,0.0,0.17433214391926133,0.20286416082657605,-0.03168226778507233,0.08517201244831085,0.0,0.0,0.0,0.0
1.1185390949249268,-0.3501713275909424,-1.3315569162368774,0.0,0.0,-0.0007126350537873805,-0.15546293556690216,0.0,0.0,0.17433214391926133,0.20286416082657605,-0.03168226778507233,0.08517201244831085,0.0,0.0,0.0,0.0
1.1201565265655518,-0.3501713275909424,-1.3315569162368774,0.0,0.0,-0.0007126350537873805,-0.15546293556690216,0.0,0.0,0.17433214391926133,0.20286416082657605,-0.03168226778507233,0.08517201244831085,0.0,0.0,0.0,0.0
1.1216588020324707,-0.3501713275909424,-1.3315569162368774,0.0,0.0,-0.0007126350537873805,-0.15546293556690216,0.0,0.0,0.17433214391926133,0.20286416082657605,-0.03168226778507233,0.08517201244831085,0.0,0.0,0.0,0.0
1.1234188079833984,-0.3501713275909424,-1.3315569162368774,0.0,0.0,-0.0007126350537873805,-0.15546293556690216,0.0,0.0,0.17433214391926133,0.20286416082657605,-0.03168226778507233,0.08517201244831085,0.0,0.0,0.0,0.0
1.1256136894226074,-0.3501713275909424,-1.3315569162368774,0.0,0.0,-0.0007126350537873805,-0.15546293556690216,0.0,0.0,0.17433214391926133,0.20286416082657605,-0.03168226778507233,0.08517201244831085,0.0,0.0,0.0,0.0
1.1284332275390625,-0.3501713275909424,-1.3315569162368774,0.0,0.0,-0.0007126350537873805,-0.15546293556690216,0.0,0.0,0.17433214391926133,0.20286416082657605,-0.03168226778507233,0.08517201244831085,0.0,0.0,0.0,0.0
1.1307222843170166,-0.3501713275909424,-1.3315569162368774,0.0,0.0,-0.0007126350537873805,-0.15546293556690216,0.0,0.0,0.17433214391926133,0.20286416082657605,-0.03168226778507233,0.08517201244831085,0.0,0.0,0.0,0.0
1.1329216957092285,-0.3501713275909424,-1.3315569162368774,0.0,0.0,-0.0007126350537873805,-0.15546293556690216,0.0,0.0,0.17433214391926133,0.20286416082657605,-0.03168226778507233,0.08517201244831085,0.0,0.0,0.0,0.0
1.1344413757324219,-0.3501713275909424,-1.3315569162368774,0.0,0.0,-0.0007126350537873805,-0.15546293556690216,0.0,0.0,0.17433214391926133,0.20286416082657605,-0.03168226778507233,0.08517201244831085,0.0,0.0,0.0,0.0
1.1358160972595215,-0.3501713275909424,-1.3315569162368774,0.0,0.0,-0.0007126350537873805,-0.15546293556690216,0.0,0.0,0.17433214391926133,0.20286416082657605,-0.03168226778507233,0.08517201244831085,0.0,0.0,0.0,0.0
1.1378164291381836,-0.3501713275909424,-1.3315569162368774,0.0,0.0,-0.0007126350537873805,-0.15546293556690216,0.0,0.0,0.17433214391926133,0.20286416082657605,-0.03168226778507233,0.08517201244831085,0.0,0.0,0.0,0.0
1.1393318176269531,-0.3501713275909424,-1.3315569162368774,0.0,0.0,-0.0007126350537873805,-0.15546293556690216,0.0,0.0,0.17433214391926133,0.20286416082657605,-0.03168226778507233,0.08517201244831085,0.0,0.0,0.0,0.0
1.1409482955932617,-0.3501713275909424,-1.3315569162368774,0.0,0.0,-0.0007126350537873805,-0.15546293556690216,0.0,0.0,0.17433214391926133,0.20286416082657605,-0.03168226778507233,0.08517201244831085,0.0,0.0,0.0,0.0
1.1425321102142334,-0.3501713275909424,-1.3315569162368774,0.0,0.0,-0.0007126350537873805,-0.15546293556690216,0.0,0.0,0.17433214391926133,0.20286416082657605,-0.03168226778507233,0.08517201244831085,0.0,0.0,0.0,0.0
1.144014835357666,-0.3501713275909424,-1.3315569162368774,0.0,0.0,-0.0007126350537873805,-0.15546293556690216,0.0,0.0,0.17433214391926133,0.20286416082657605,-0.03168226778507233,0.08517201244831085,0.0,0.0,0.0,0.0
1.145622730255127,-0.3501713275909424,-1.3315569162368774,0.0,0.0,-0.0007126350537873805,-0.15546293556690216,0.0,0.0,0.17433214391926133,0.20286416082657605,-0.03168226778507233,0.08517201244831085,0.0,0.0,0.0,0.0
1.1474826335906982,-0.3501713275909424,-1.3315569162368774,0.0,0.0,-0.0007126350537873805,-0.15546293556690216,0.0,0.0,0.17433214391926133,0.20286416082657605,-0.03168226778507233,0.08517201244831085,0.0,0.0,0.0,0.0
1.1490223407745361,-0.3501713275909424,-1.3315569162368774,0.0,0.0,-0.0007126350537873805,-0.15546293556690216,0.0,0.0,0.17433214391926133,0.20286416082657605,-0.03168226778507233,0.08517201244831085,0.0,0.0,0.0,0.0
1.150421142578125,-0.3501713275909424,-1.3315569162368774,0.0,0.0,-0.0007126350537873805,-0.15546293556690216,0.0,0.0,0.17433214391926133,0.20286416082657605,-0.03168226778507233,0.08517201244831085,0.0,0.0,0.0,0.0
1.1518993377685547,-0.3501713275909424,-1.3315569162368774,0.0,0.0,-0.0007126350537873805,-0.15546293556690216,0.0,0.0,0.17433214391926133,0.20286416082657605,-0.03168226778507233,0.08517201244831085,0.0,0.0,0.0,0.0
1.153959035873413,-0.3501713275909424,-1.3315569162368774,0.0,0.0,-0.0007126350537873805,-0.15546293556690216,0.0,0.0,0.17433214391926133,0.20286416082657605,-0.03168226778507233,0.08517201244831085,0.0,0.0,0.0,0.0
1.155965805053711,-0.3501713275909424,-1.3315569162368774,0.0,0.0,-0.0007126350537873805,-0.15546293556690216,0.0,0.0,0.17433214391926133,0.20286416082657605,-0.03168226778507233,0.08517201244831085,0.0,0.0,0.0,0.0
1.1580898761749268,-0.3501713275909424,-1.3315569162368774,0.0,0.0,-0.0007126350537873805,-0.15546293556690216,0.0,0.0,0.17433214391926133,0.20286416082657605,-0.03168226778507233,0.08517201244831085,0.0,0.0,0.0,0.0
1.1601459980010986,-0.3501713275909424,-1.3315569162368774,0.0,0.0,-0.0007126350537873805,-0.15546293556690216,0.0,0.0,0.17433214391926133,0.20286416082657605,-0.03168226778507233,0.08517201244831085,0.0,0.0,0.0,0.0
1.1620190143585205,-0.3501713275909424,-1.3315569162368774,0.0,0.0,-0.0007126350537873805,-0.15546293556690216,0.0,0.0,0.17433214391926133,0.20286416082657605,-0.03168226778507233,0.08517201244831085,0.0,0.0,0.0,0.0
1.1639478206634521,-0.3501713275909424,-1.3315569162368774,0.0,0.0,-0.0007126350537873805,-0.15546293556690216,0.0,0.0,0.17433214391926133,0.20286416082657605,-0.03168226778507233,0.08517201244831085,0.0,0.0,0.0,0.0
1.1655352115631104,-0.3501713275909424,-1.3315569162368774,0.0,0.0,-0.0007126350537873805,-0.15546293556690216,0.0,0.0,0.17433214391926133,0.20286416082657605,-0.03168226778507233,0.08517201244831085,0.0,0.0,0.0,0.0
1.1676626205444336,-0.3501713275909424,-1.3315569162368774,0.0,0.0,-0.0007126350537873805,-0.15546293556690216,0.0,0.0,0.17433214391926133,0.20286416082657605,-0.03168226778507233,0.08517201244831085,0.0,0.0,0.0,0.0
1.1696422100067139,-0.3501713275909424,-1.3315569162368774,0.0,0.0,-0.0007126350537873805,-0.15546293556690216,0.0,0.0,0.17433214391926133,0.20286416082657605,-0.03168226778507233,0.08517201244831085,0.0,0.0,0.0,0.0
1.1712923049926758,-0.3501713275909424,-1.3315569162368774,0.0,0.0,-0.0007126350537873805,-0.15546293556690216,0.0,0.0,0.17433214391926133,0.20286416082657605,-0.03168226778507233,0.08517201244831085,0.0,0.0,0.0,0.0
1.1733288764953613,-0.3501713275909424,-1.3315569162368774,0.0,0.0,-0.0007126350537873805,-0.15546293556690216,0.0,0.0,0.17433214391926133,0.20286416082657605,-0.03168226778507233,0.08517201244831085,0.0,0.0,0.0,0.0
1.1750142574310303,-0.3501713275909424,-1.3315569162368774,0.0,0.0,-0.0007126350537873805,-0.15546293556690216,0.0,0.0,0.17433214391926133,0.20286416082657605,-0.03168226778507233,0.08517201244831085,0.0,0.0,0.0,0.0
1.1770617961883545,-0.3501713275909424,-1.3315569162368774,0.0,0.0,-0.0007126350537873805,-0.15546293556690216,0.0,0.0,0.17433214391926133,0.20286416082657605,-0.03168226778507233,0.08517201244831085,0.0,0.0,0.0,0.0
1.1792118549346924,-0.3501713275909424,-1.3315569162368774,0.0,0.0,-0.0007126350537873805,-0.15546293556690216,0.0,0.0,0.17433214391926133,0.20286416082657605,-0.03168226778507233,0.08517201244831085,0.0,0.0,0.0,0.0
1.181384801864624,-0.3501713275909424,-1.3315569162368774,0.0,0.0,-0.0007126350537873805,-0.15546293556690216,0.0,0.0,0.17433214391926133,0.20286416082657605,-0.03168226778507233,0.08517201244831085,0.0,0.0,0.0,0.0
1.183264970779419,-0.3501713275909424,-1.3315569162368774,0.0,0.0,-0.0007126350537873805,-0.15546293556690216,0.0,0.0,0.17433214391926133,0.20286416082657605,-0.03168226778507233,0.08517201244831085,0.0,0.0,0.0,0.0
1.1854162216186523,-0.3501713275909424,-1.3315569162368774,0.0,0.0,-0.0007126350537873805,-0.15546293556690216,0.0,0.0,0.17433214391926133,0.20286416082657605,-0.03168226778507233,0.08517201244831085,0.0,0.0,0.0,0.0
1.1877949237823486,-0.3501713275909424,-1.3315569162368774,0.0,0.0,-0.0007126350537873805,-0.15546293556690216,0.0,0.0,0.17433214391926133,0.20286416082657605,-0.03168226778507233,0.08517201244831085,0.0,0.0,0.0,0.0
1.1894230842590332,-0.3501713275909424,-1.3315569162368774,0.0,0.0,-0.0007126350537873805,-0.15546293556690216,0.0,0.0,0.17433214391926133,0.20286416082657605,-0.03168226778507233,0.08517201244831085,0.0,0.0,0.0,0.0
1.190852403640747,-0.3501713275909424,-1.3315569162368774,0.0,0.0,-0.0007126350537873805,-0.15546293556690216,0.0,0.0,0.17433214391926133,0.20286416082657605,-0.03168226778507233,0.08517201244831085,0.0,0.0,0.0,0.0
1.192613124847412,-0.3501713275909424,-1.3315569162368774,0.0,0.0,-0.0007126350537873805,-0.15546293556690216,0.0,0.0,0.17433214391926133,0.20286416082657605,-0.03168226778507233,0.08517201244831085,0.0,0.0,0.0,0.0
1.1943247318267822,-0.3501713275909424,-1.3315569162368774,0.0,0.0,-0.0007126350537873805,-0.15546293556690216,0.0,0.0,0.17433214391926133,0.20286416082657605,-0.03168226778507233,0.08517201244831085,0.0,0.0,0.0,0.0
1.1966722011566162,-0.3501713275909424,-1.3315569162368774,0.0,0.0,-0.0007126350537873805,-0.15546293556690216,0.0,0.0,0.17433214391926133,0.20286416082657605,-0.03168226778507233,0.08517201244831085,0.0,0.0,0.0,0.0
1.1992719173431396,-0.3501713275909424,-1.3315569162368774,0.0,0.0,-0.0007126350537873805,-0.15546293556690216,0.0,0.0,0.17433214391926133,0.20286416082657605,-0.03168226778507233,0.08517201244831085,0.0,0.0,0.0,0.0
1.2016663551330566,-0.3501713275909424,-1.3315569162368774,0.0,0.0,-0.0007126350537873805,-0.15546293556690216,0.0,0.0,0.17433214391926133,0.20286416082657605,-0.03168226778507233,0.08517201244831085,0.0,0.0,0.0,0.0
1.2033541202545166,-0.3501713275909424,-1.3315569162368774,0.0,0.0,-0.0007126350537873805,-0.15546293556690216,0.0,0.0,0.17433214391926133,0.20286416082657605,-0.03168226778507233,0.08517201244831085,0.0,0.0,0.0,0.0
1.2049460411071777,-0.3501713275909424,-1.3315569162368774,0.0,0.0,-0.0007126350537873805,-0.15546293556690216,0.0,0.0,0.17433214391926133,0.20286416082657605,-0.03168226778507233,0.08517201244831085,0.0,0.0,0.0,0.0
1.2065443992614746,-0.3501713275909424,-1.3315569162368774,0.0,0.0,-0.0007126350537873805,-0.15546293556690216,0.0,0.0,0.17433214391926133,0.20286416082657605,-0.03168226778507233,0.08517201244831085,0.0,0.0,0.0,0.0
1.2090773582458496,-0.3501713275909424,-1.3315569162368774,0.0,0.0,-0.0007126350537873805,-0.15546293556690216,0.0,0.0,0.17433214391926133,0.20286416082657605,-0.03168226778507233,0.08517201244831085,0.0,0.0,0.0,0.0
1.210900068283081,-0.3501713275909424,-1.3315569162368774,0.0,0.0,-0.0007126350537873805,-0.15546293556690216,0.0,0.0,0.17433214391926133,0.20286416082657605,-0.03168226778507233,0.08517201244831085,0.0,0.0,0.0,0.0
1.2133135795593262,-0.3501713275909424,-1.3315569162368774,0.0,0.0,-0.0007126350537873805,-0.15546293556690216,0.0,0.0,0.17433214391926133,0.20286416082657605,-0.03168226778507233,0.08517201244831085,0.0,0.0,0.0,0.0
1.215503454208374,-0.3501713275909424,-1.3315569162368774,0.0,0.0,-0.0007126350537873805,-0.15546293556690216,0.0,0.0,0.17433214391926133,0.20286416082657605,-0.03168226778507233,0.08517201244831085,0.0,0.0,0.0,0.0
1.2174642086029053,-0.3501713275909424,-1.3315569162368774,0.0,0.0,-0.0007126350537873805,-0.15546293556690216,0.0,0.0,0.17433214391926133,0.20286416082657605,-0.03168226778507233,0.08517201244831085,0.0,0.0,0.0,0.0
1.2191383838653564,-0.3501713275909424,-1.3315569162368774,0.0,0.0,-0.0007126350537873805,-0.15546293556690216,0.0,0.0,0.17433214391926133,0.20286416082657605,-0.03168226778507233,0.08517201244831085,0.0,0.0,0.0,0.0
1.2213904857635498,-0.3501713275909424,-1.3315569162368774,0.0,0.0,-0.0007126350537873805,-0.15546293556690216,0.0,0.0,0.17433214391926133,0.20286416082657605,-0.03168226778507233,0.08517201244831085,0.0,0.0,0.0,0.0
1.2229223251342773,-0.3501713275909424,-1.3315569162368774,0.0,0.0,-0.0007126350537873805,-0.15546293556690216,0.0,0.0,0.17433214391926133,0.20286416082657605,-0.03168226778507233,0.08517201244831085,0.0,0.0,0.0,0.0
1.2244930267333984,-0.3501713275909424,-1.3315569162368774,0.0,0.0,-0.0007126350537873805,-0.15546293556690216,0.0,0.0,0.17433214391926133,0.20286416082657605,-0.03168226778507233,0.08517201244831085,0.0,0.0,0.0,0.0
1.225970983505249,-0.3501713275909424,-1.3315569162368774,0.0,0.0,-0.0007126350537873805,-0.15546293556690216,0.0,0.0,0.17433214391926133,0.20286416082657605,-0.03168226778507233,0.08517201244831085,0.0,0.0,0.0,0.0
1.2280957698822021,-0.3501713275909424,-1.3315569162368774,0.0,0.0,-0.0007126350537873805,-0.15546293556690216,0.0,0.0,0.17433214391926133,0.20286416082657605,-0.03168226778507233,0.08517201244831085,0.0,0.0,0.0,0.0
1.230545997619629,-0.3501713275909424,-1.3315569162368774,0.0,0.0,-0.0007126350537873805,-0.15546293556690216,0.0,0.0,0.17433214391926133,0.20286416082657605,-0.03168226778507233,0.08517201244831085,0.0,0.0,0.0,0.0
1.2323193550109863,-0.3501713275909424,-1.3315569162368774,0.0,0.0,-0.0007126350537873805,-0.15546293556690216,0.0,0.0,0.17433214391926133,0.20286416082657605,-0.03168226778507233,0.08517201244831085,0.0,0.0,0.0,0.0
1.23447847366333,-0.3501713275909424,-1.3315569162368774,0.0,0.0,-0.0007126350537873805,-0.15546293556690216,0.0,0.0,0.17433214391926133,0.20286416082657605,-0.03168226778507233,0.08517201244831085,0.0,0.0,0.0,0.0
1.2362735271453857,-0.3501713275909424,-1.3315569162368774,0.0,0.0,-0.0007126350537873805,-0.15546293556690216,0.0,0.0,0.17433214391926133,0.20286416082657605,-0.03168226778507233,0.08517201244831085,0.0,0.0,0.0,0.0
1.2383973598480225,-0.3501713275909424,-1.3315569162368774,0.0,0.0,-0.0007126350537873805,-0.15546293556690216,0.0,0.0,0.17433214391926133,0.20286416082657605,-0.03168226778507233,0.08517201244831085,0.0,0.0,0.0,0.0
1.2404639720916748,-0.3501713275909424,-1.3315569162368774,0.0,0.0,-0.0007126350537873805,-0.15546293556690216,0.0,0.0,0.17433214391926133,0.20286416082657605,-0.03168226778507233,0.08517201244831085,0.0,0.0,0.0,0.0
1.2419428825378418,-0.3501713275909424,-1.3315569162368774,0.0,0.0,-0.0007126350537873805,-0.15546293556690216,0.0,0.0,0.17433214391926133,0.20286416082657605,-0.03168226778507233,0.08517201244831085,0.0,0.0,0.0,0.0
1.244185209274292,-0.3501713275909424,-1.3315569162368774,0.0,0.0,-0.0007126350537873805,-0.15546293556690216,0.0,0.0,0.17433214391926133,0.20286416082657605,-0.03168226778507233,0.08517201244831085,0.0,0.0,0.0,0.0
1.2459893226623535,-0.3501713275909424,-1.3315569162368774,0.0,0.0,-0.0007126350537873805,-0.15546293556690216,0.0,0.0,0.17433214391926133,0.20286416082657605,-0.03168226778507233,0.08517201244831085,0.0,0.0,0.0,0.0
1.2485747337341309,-0.3501713275909424,-1.3315569162368774,0.0,0.0,-0.0007126350537873805,-0.15546293556690216,0.0,0.0,0.17433214391926133,0.20286416082657605,-0.03168226778507233,0.08517201244831085,0.0,0.0,0.0,0.0
1.2510497570037842,-0.3501713275909424,-1.3315569162368774,0.0,0.0,-0.0007126350537873805,-0.15546293556690216,0.0,0.0,0.17433214391926133,0.20286416082657605,-0.03168226778507233,0.08517201244831085,0.0,0.0,0.0,0.0
1.2527496814727783,-0.3501713275909424,-1.3315569162368774,0.0,0.0,-0.0007126350537873805,-0.15546293556690216,0.0,0.0,0.17433214391926133,0.20286416082657605,-0.03168226778507233,0.08517201244831085,0.0,0.0,0.0,0.0
1.255246639251709,-0.3501713275909424,-1.3315569162368774,0.0,0.0,-0.0007126350537873805,-0.15546293556690216,0.0,0.0,0.17433214391926133,0.20286416082657605,-0.03168226778507233,0.08517201244831085,0.0,0.0,0.0,0.0
1.257070779800415,-0.3501713275909424,-1.3315569162368774,0.0,0.0,-0.0007126350537873805,-0.15546293556690216,0.0,0.0,0.17433214391926133,0.20286416082657605,-0.03168226778507233,0.08517201244831085,0.0,0.0,0.0,0.0
1.259239912033081,-0.3501713275909424,-1.3315569162368774,0.0,0.0,-0.0007126350537873805,-0.15546293556690216,0.0,0.0,0.17433214391926133,0.20286416082657605,-0.03168226778507233,0.08517201244831085,0.0,0.0,0.0,0.0
1.2606630325317383,-0.3501713275909424,-1.3315569162368774,0.0,0.0,-0.0007126350537873805,-0.15546293556690216,0.0,0.0,0.17433214391926133,0.20286416082657605,-0.03168226778507233,0.08517201244831085,0.0,0.0,0.0,0.0
1.2625298500061035,-0.3501713275909424,-1.3315569162368774,0.0,0.0,-0.0007126350537873805,-0.15546293556690216,0.0,0.0,0.17433214391926133,0.20286416082657605,-0.03168226778507233,0.08517201244831085,0.0,0.0,0.0,0.0
1.264390468597412,-0.3501713275909424,-1.3315569162368774,0.0,0.0,-0.0007126350537873805,-0.15546293556690216,0.0,0.0,0.17433214391926133,0.20286416082657605,-0.03168226778507233,0.08517201244831085,0.0,0.0,0.0,0.0
1.2668406963348389,-0.3501713275909424,-1.3315569162368774,0.0,0.0,-0.0007126350537873805,-0.15546293556690216,0.0,0.0,0.17433214391926133,0.20286416082657605,-0.03168226778507233,0.08517201244831085,0.0,0.0,0.0,0.0
1.2687859535217285,-0.3501713275909424,-1.3315569162368774,0.0,0.0,-0.0007126350537873805,-0.15546293556690216,0.0,0.0,0.17433214391926133,0.20286416082657605,-0.03168226778507233,0.08517201244831085,0.0,0.0,0.0,0.0
1.270488977432251,-0.3501713275909424,-1.3315569162368774,0.0,0.0,-0.0007126350537873805,-0.15546293556690216,0.0,0.0,0.17433214391926133,0.20286416082657605,-0.03168226778507233,0.08517201244831085,0.0,0.0,0.0,0.0
1.2727046012878418,-0.3501713275909424,-1.3315569162368774,0.0,0.0,-0.0007126350537873805,-0.15546293556690216,0.0,0.0,0.17433214391926133,0.20286416082657605,-0.03168226778507233,0.08517201244831085,0.0,0.0,0.0,0.0
1.2749826908111572,-0.3501713275909424,-1.3315569162368774,0.0,0.0,-0.0007126350537873805,-0.15546293556690216,0.0,0.0,0.17433214391926133,0.20286416082657605,-0.03168226778507233,0.08517201244831085,0.0,0.0,0.0,0.0
1.2764527797698975,-0.3501713275909424,-1.3315569162368774,0.0,0.0,-0.0007126350537873805,-0.15546293556690216,0.0,0.0,0.17433214391926133,0.20286416082657605,-0.03168226778507233,0.08517201244831085,0.0,0.0,0.0,0.0
1.2784373760223389,-0.3501713275909424,-1.3315569162368774,0.0,0.0,-0.0007126350537873805,-0.15546293556690216,0.0,0.0,0.17433214391926133,0.20286416082657605,-0.03168226778507233,0.08517201244831085,0.0,0.0,0.0,0.0
1.2799746990203857,-0.3501713275909424,-1.3315569162368774,0.0,0.0,-0.0007126350537873805,-0.15546293556690216,0.0,0.0,0.17433214391926133,0.20286416082657605,-0.03168226778507233,0.08517201244831085,0.0,0.0,0.0,0.0
1.2814574241638184,-0.3501713275909424,-1.3315569162368774,0.0,0.0,-0.0007126350537873805,-0.15546293556690216,0.0,0.0,0.17433214391926133,0.20286416082657605,-0.03168226778507233,0.08517201244831085,0.0,0.0,0.0,0.0
1.2836723327636719,-0.3501713275909424,-1.3315569162368774,0.0,0.0,-0.0007126350537873805,-0.15546293556690216,0.0,0.0,0.17433214391926133,0.20286416082657605,-0.03168226778507233,0.08517201244831085,0.0,0.0,0.0,0.0
1.2854411602020264,-0.3501713275909424,-1.3315569162368774,0.0,0.0,-0.0007126350537873805,-0.15546293556690216,0.0,0.0,0.17433214391926133,0.20286416082657605,-0.03168226778507233,0.08517201244831085,0.0,0.0,0.0,0.0
1.2869141101837158,-0.3501713275909424,-1.3315569162368774,0.0,0.0,-0.0007126350537873805,-0.15546293556690216,0.0,0.0,0.17433214391926133,0.20286416082657605,-0.03168226778507233,0.08517201244831085,0.0,0.0,0.0,0.0
1.290057897567749,-0.3501713275909424,-1.3315569162368774,0.0,0.0,-0.0007126350537873805,-0.15546293556690216,0.0,0.0,0.17433214391926133,0.20286416082657605,-0.03168226778507233,0.08517201244831085,0.0,0.0,0.0,0.0
1.2915010452270508,-0.3501713275909424,-1.3315569162368774,0.0,0.0,-0.0007126350537873805,-0.15546293556690216,0.0,0.0,0.17433214391926133,0.20286416082657605,-0.03168226778507233,0.08517201244831085,0.0,0.0,0.0,0.0
1.2935211658477783,-0.3501713275909424,-1.3315569162368774,0.0,0.0,-0.0007126350537873805,-0.15546293556690216,0.0,0.0,0.17433214391926133,0.20286416082657605,-0.03168226778507233,0.08517201244831085,0.0,0.0,0.0,0.0
1.2952232360839844,-0.3501713275909424,-1.3315569162368774,0.0,0.0,-0.0007126350537873805,-0.15546293556690216,0.0,0.0,0.17433214391926133,0.20286416082657605,-0.03168226778507233,0.08517201244831085,0.0,0.0,0.0,0.0
1.2968707084655762,-0.3501713275909424,-1.3315569162368774,0.0,0.0,-0.0007126350537873805,-0.15546293556690216,0.0,0.0,0.17433214391926133,0.20286416082657605,-0.03168226778507233,0.08517201244831085,0.0,0.0,0.0,0.0
1.3004670143127441,-0.3501713275909424,-1.3315569162368774,0.0,0.0,-0.0007126350537873805,-0.15546293556690216,0.0,0.0,0.17433214391926133,0.20286416082657605,-0.03168226778507233,0.08517201244831085,0.0,0.0,0.0,0.0
1.3027820587158203,-0.3501713275909424,-1.3315569162368774,0.0,0.0,-0.0007126350537873805,-0.15546293556690216,0.0,0.0,0.17433214391926133,0.20286416082657605,-0.03168226778507233,0.08517201244831085,0.0,0.0,0.0,0.0
1.3053092956542969,-0.3501713275909424,-1.3315569162368774,0.0,0.0,-0.0007126350537873805,-0.15546293556690216,0.0,0.0,0.17433214391926133,0.20286416082657605,-0.03168226778507233,0.08517201244831085,0.0,0.0,0.0,0.0
1.3082201480865479,-0.3501713275909424,-1.3315569162368774,0.0,0.0,-0.0007126350537873805,-0.15546293556690216,0.0,0.0,0.17433214391926133,0.20286416082657605,-0.03168226778507233,0.08517201244831085,0.0,0.0,0.0,0.0
1.3100740909576416,-0.3501713275909424,-1.3315569162368774,0.0,0.0,-0.0007126350537873805,-0.15546293556690216,0.0,0.0,0.17433214391926133,0.20286416082657605,-0.03168226778507233,0.08517201244831085,0.0,0.0,0.0,0.0
1.3117682933807373,-0.3501713275909424,-1.3315569162368774,0.0,0.0,-0.0007126350537873805,-0.15546293556690216,0.0,0.0,0.17433214391926133,0.20286416082657605,-0.03168226778507233,0.08517201244831085,0.0,0.0,0.0,0.0
1.3139877319335938,-0.3501713275909424,-1.3315569162368774,0.0,0.0,-0.0007126350537873805,-0.15546293556690216,0.0,0.0,0.17433214391926133,0.20286416082657605,-0.03168226778507233,0.08517201244831085,0.0,0.0,0.0,0.0
1.315561056137085,-0.3501713275909424,-1.3315569162368774,0.0,0.0,-0.0007126350537873805,-0.15546293556690216,0.0,0.0,0.17433214391926133,0.20286416082657605,-0.03168226778507233,0.08517201244831085,0.0,0.0,0.0,0.0
1.3184480667114258,-0.3501713275909424,-1.3315569162368774,0.0,0.0,-0.0007126350537873805,-0.15546293556690216,0.0,0.0,0.17433214391926133,0.20286416082657605,-0.03168226778507233,0.08517201244831085,0.0,0.0,0.0,0.0
1.3204684257507324,-0.3501713275909424,-1.3315569162368774,0.0,0.0,-0.0007126350537873805,-0.15546293556690216,0.0,0.0,0.17433214391926133,0.20286416082657605,-0.03168226778507233,0.08517201244831085,0.0,0.0,0.0,0.0
1.3221051692962646,-0.3501713275909424,-1.3315569162368774,0.0,0.0,-0.0007126350537873805,-0.15546293556690216,0.0,0.0,0.17433214391926133,0.20286416082657605,-0.03168226778507233,0.08517201244831085,0.0,0.0,0.0,0.0
1.3244762420654297,-0.3501713275909424,-1.3315569162368774,0.0,0.0,-0.0007126350537873805,-0.15546293556690216,0.0,0.0,0.17433214391926133,0.20286416082657605,-0.03168226778507233,0.08517201244831085,0.0,0.0,0.0,0.0
1.326848030090332,-0.3501713275909424,-1.3315569162368774,0.0,0.0,-0.0007126350537873805,-0.15546293556690216,0.0,0.0,0.17433214391926133,0.20286416082657605,-0.03168226778507233,0.08517201244831085,0.0,0.0,0.0,0.0
1.3293161392211914,-0.3501713275909424,-1.3315569162368774,0.0,0.0,-0.0007126350537873805,-0.15546293556690216,0.0,0.0,0.17433214391926133,0.20286416082657605,-0.03168226778507233,0.08517201244831085,0.0,0.0,0.0,0.0
1.3314838409423828,-0.3501713275909424,-1.3315569162368774,0.0,0.0,-0.0007126350537873805,-0.15546293556690216,0.0,0.0,0.17433214391926133,0.20286416082657605,-0.03168226778507233,0.08517201244831085,0.0,0.0,0.0,0.0
1.3332905769348145,-0.3501713275909424,-1.3315569162368774,0.0,0.0,-0.0007126350537873805,-0.15546293556690216,0.0,0.0,0.17433214391926133,0.20286416082657605,-0.03168226778507233,0.08517201244831085,0.0,0.0,0.0,0.0
1.3351657390594482,-0.3501713275909424,-1.3315569162368774,0.0,0.0,-0.0007126350537873805,-0.15546293556690216,0.0,0.0,0.17433214391926133,0.20286416082657605,-0.03168226778507233,0.08517201244831085,0.0,0.0,0.0,0.0
1.3391234874725342,-0.3501713275909424,-1.3315569162368774,0.0,0.0,-0.0007126350537873805,-0.15546293556690216,0.0,0.0,0.17433214391926133,0.20286416082657605,-0.03168226778507233,0.08517201244831085,0.0,0.0,0.0,0.0
1.3410344123840332,-0.3501713275909424,-1.3315569162368774,0.0,0.0,-0.0007126350537873805,-0.15546293556690216,0.0,0.0,0.17433214391926133,0.20286416082657605,-0.03168226778507233,0.08517201244831085,0.0,0.0,0.0,0.0
1.3434624671936035,-0.3501713275909424,-1.3315569162368774,0.0,0.0,-0.0007126350537873805,-0.15546293556690216,0.0,0.0,0.17433214391926133,0.20286416082657605,-0.03168226778507233,0.08517201244831085,0.0,0.0,0.0,0.0
1.3452277183532715,-0.3501713275909424,-1.3315569162368774,0.0,0.0,-0.0007126350537873805,-0.15546293556690216,0.0,0.0,0.17433214391926133,0.20286416082657605,-0.03168226778507233,0.08517201244831085,0.0,0.0,0.0,0.0
1.347719669342041,-0.3501713275909424,-1.3315569162368774,0.0,0.0,-0.0007126350537873805,-0.15546293556690216,0.0,0.0,0.17433214391926133,0.20286416082657605,-0.03168226778507233,0.08517201244831085,0.0,0.0,0.0,0.0
1.35091233253479,-0.3501713275909424,-1.3315569162368774,0.0,0.0,-0.0007126350537873805,-0.15546293556690216,0.0,0.0,0.17433214391926133,0.20286416082657605,-0.03168226778507233,0.08517201244831085,0.0,0.0,0.0,0.0
1.3526661396026611,-0.3501713275909424,-1.3315569162368774,0.0,0.0,-0.0007126350537873805,-0.15546293556690216,0.0,0.0,0.17433214391926133,0.20286416082657605,-0.03168226778507233,0.08517201244831085,0.0,0.0,0.0,0.0
1.3543038368225098,-0.3501713275909424,-1.3315569162368774,0.0,0.0,-0.0007126350537873805,-0.15546293556690216,0.0,0.0,0.17433214391926133,0.20286416082657605,-0.03168226778507233,0.08517201244831085,0.0,0.0,0.0,0.0
1.3561139106750488,-0.3501713275909424,-1.3315569162368774,0.0,0.0,-0.0007126350537873805,-0.15546293556690216,0.0,0.0,0.17433214391926133,0.20286416082657605,-0.03168226778507233,0.08517201244831085,0.0,0.0,0.0,0.0
1.3578708171844482,-0.3501713275909424,-1.3315569162368774,0.0,0.0,-0.0007126350537873805,-0.15546293556690216,0.0,0.0,0.17433214391926133,0.20286416082657605,-0.03168226778507233,0.08517201244831085,0.0,0.0,0.0,0.0
1.3595287799835205,-0.3501713275909424,-1.3315569162368774,0.0,0.0,-0.0007126350537873805,-0.15546293556690216,0.0,0.0,0.17433214391926133,0.20286416082657605,-0.03168226778507233,0.08517201244831085,0.0,0.0,0.0,0.0
1.3617403507232666,-0.3501713275909424,-1.3315569162368774,0.0,0.0,-0.0007126350537873805,-0.15546293556690216,0.0,0.0,0.17433214391926133,0.20286416082657605,-0.03168226778507233,0.08517201244831085,0.0,0.0,0.0,0.0
1.3633971214294434,-0.3501713275909424,-1.3315569162368774,0.0,0.0,-0.0007126350537873805,-0.15546293556690216,0.0,0.0,0.17433214391926133,0.20286416082657605,-0.03168226778507233,0.08517201244831085,0.0,0.0,0.0,0.0
1.3650290966033936,-0.3501713275909424,-1.3315569162368774,0.0,0.0,-0.0007126350537873805,-0.15546293556690216,0.0,0.0,0.17433214391926133,0.20286416082657605,-0.03168226778507233,0.08517201244831085,0.0,0.0,0.0,0.0
1.3665146827697754,-0.3501713275909424,-1.3315569162368774,0.0,0.0,-0.0007126350537873805,-0.15546293556690216,0.0,0.0,0.17433214391926133,0.20286416082657605,-0.03168226778507233,0.08517201244831085,0.0,0.0,0.0,0.0
1.3680570125579834,-0.3501713275909424,-1.3315569162368774,0.0,0.0,-0.0007126350537873805,-0.15546293556690216,0.0,0.0,0.17433214391926133,0.20286416082657605,-0.03168226778507233,0.08517201244831085,0.0,0.0,0.0,0.0
1.3696589469909668,-0.3501713275909424,-1.3315569162368774,0.0,0.0,-0.0007126350537873805,-0.15546293556690216,0.0,0.0,0.17433214391926133,0.20286416082657605,-0.03168226778507233,0.08517201244831085,0.0,0.0,0.0,0.0
1.3713054656982422,-0.3501713275909424,-1.3315569162368774,0.0,0.0,-0.0007126350537873805,-0.15546293556690216,0.0,0.0,0.17433214391926133,0.20286416082657605,-0.03168226778507233,0.08517201244831085,0.0,0.0,0.0,0.0
1.3728129863739014,-0.3501713275909424,-1.3315569162368774,0.0,0.0,-0.0007126350537873805,-0.15546293556690216,0.0,0.0,0.17433214391926133,0.20286416082657605,-0.03168226778507233,0.08517201244831085,0.0,0.0,0.0,0.0
1.3742039203643799,-0.3501713275909424,-1.3315569162368774,0.0,0.0,-0.0007126350537873805,-0.15546293556690216,0.0,0.0,0.17433214391926133,0.20286416082657605,-0.03168226778507233,0.08517201244831085,0.0,0.0,0.0,0.0
1.3755862712860107,-0.3501713275909424,-1.3315569162368774,0.0,0.0,-0.0007126350537873805,-0.15546293556690216,0.0,0.0,0.17433214391926133,0.20286416082657605,-0.03168226778507233,0.08517201244831085,0.0,0.0,0.0,0.0
1.376929521560669,-0.3501713275909424,-1.3315569162368774,0.0,0.0,-0.0007126350537873805,-0.15546293556690216,0.0,0.0,0.17433214391926133,0.20286416082657605,-0.03168226778507233,0.08517201244831085,0.0,0.0,0.0,0.0
1.378281831741333,-0.3501713275909424,-1.3315569162368774,0.0,0.0,-0.0007126350537873805,-0.15546293556690216,0.0,0.0,0.17433214391926133,0.20286416082657605,-0.03168226778507233,0.08517201244831085,0.0,0.0,0.0,0.0
1.3796546459197998,-0.3501713275909424,-1.3315569162368774,0.0,0.0,-0.0007126350537873805,-0.15546293556690216,0.0,0.0,0.17433214391926133,0.20286416082657605,-0.03168226778507233,0.08517201244831085,0.0,0.0,0.0,0.0
1.3810062408447266,-0.3501713275909424,-1.3315569162368774,0.0,0.0,-0.0007126350537873805,-0.15546293556690216,0.0,0.0,0.17433214391926133,0.20286416082657605,-0.03168226778507233,0.08517201244831085,0.0,0.0,0.0,0.0
1.3823766708374023,-0.3501713275909424,-1.3315569162368774,0.0,0.0,-0.0007126350537873805,-0.15546293556690216,0.0,0.0,0.17433214391926133,0.20286416082657605,-0.03168226778507233,0.08517201244831085,0.0,0.0,0.0,0.0
1.3838539123535156,-0.3501713275909424,-1.3315569162368774,0.0,0.0,-0.0007126350537873805,-0.15546293556690216,0.0,0.0,0.17433214391926133,0.20286416082657605,-0.03168226778507233,0.08517201244831085,0.0,0.0,0.0,0.0
1.3855476379394531,-0.3501713275909424,-1.3315569162368774,0.0,0.0,-0.0007126350537873805,-0.15546293556690216,0.0,0.0,0.17433214391926133,0.20286416082657605,-0.03168226778507233,0.08517201244831085,0.0,0.0,0.0,0.0
1.3876616954803467,-0.3501713275909424,-1.3315569162368774,0.0,0.0,-0.0007126350537873805,-0.15546293556690216,0.0,0.0,0.17433214391926133,0.20286416082657605,-0.03168226778507233,0.08517201244831085,0.0,0.0,0.0,0.0
1.3892910480499268,-0.3501713275909424,-1.3315569162368774,0.0,0.0,-0.0007126350537873805,-0.15546293556690216,0.0,0.0,0.17433214391926133,0.20286416082657605,-0.03168226778507233,0.08517201244831085,0.0,0.0,0.0,0.0
1.3907461166381836,-0.3501713275909424,-1.3315569162368774,0.0,0.0,-0.0007126350537873805,-0.15546293556690216,0.0,0.0,0.17433214391926133,0.20286416082657605,-0.03168226778507233,0.08517201244831085,0.0,0.0,0.0,0.0
1.39216947555542,-0.3501713275909424,-1.3315569162368774,0.0,0.0,-0.0007126350537873805,-0.15546293556690216,0.0,0.0,0.17433214391926133,0.20286416082657605,-0.03168226778507233,0.08517201244831085,0.0,0.0,0.0,0.0
1.3935699462890625,-0.3501713275909424,-1.3315569162368774,0.0,0.0,-0.0007126350537873805,-0.15546293556690216,0.0,0.0,0.17433214391926133,0.20286416082657605,-0.03168226778507233,0.08517201244831085,0.0,0.0,0.0,0.0
1.39497709274292,-0.3501713275909424,-1.3315569162368774,0.0,0.0,-0.0007126350537873805,-0.15546293556690216,0.0,0.0,0.17433214391926133,0.20286416082657605,-0.03168226778507233,0.08517201244831085,0.0,0.0,0.0,0.0
1.396336317062378,-0.3501713275909424,-1.3315569162368774,0.0,0.0,-0.0007126350537873805,-0.15546293556690216,0.0,0.0,0.17433214391926133,0.20286416082657605,-0.03168226778507233,0.08517201244831085,0.0,0.0,0.0,0.0
1.3977255821228027,-0.3501713275909424,-1.3315569162368774,0.0,0.0,-0.0007126350537873805,-0.15546293556690216,0.0,0.0,0.17433214391926133,0.20286416082657605,-0.03168226778507233,0.08517201244831085,0.0,0.0,0.0,0.0
1.3997132778167725,-0.3501713275909424,-1.3315569162368774,0.0,0.0,-0.0007126350537873805,-0.15546293556690216,0.0,0.0,0.17433214391926133,0.20286416082657605,-0.03168226778507233,0.08517201244831085,0.0,0.0,0.0,0.0
1.4012045860290527,-0.3501713275909424,-1.3315569162368774,0.0,0.0,-0.0007126350537873805,-0.15546293556690216,0.0,0.0,0.17433214391926133,0.20286416082657605,-0.03168226778507233,0.08517201244831085,0.0,0.0,0.0,0.0
1.4026515483856201,-0.3501713275909424,-1.3315569162368774,0.0,0.0,-0.0007126350537873805,-0.15546293556690216,0.0,0.0,0.17433214391926133,0.20286416082657605,-0.03168226778507233,0.08517201244831085,0.0,0.0,0.0,0.0
1.404186725616455,-0.3501713275909424,-1.3315569162368774,0.0,0.0,-0.0007126350537873805,-0.15546293556690216,0.0,0.0,0.17433214391926133,0.20286416082657605,-0.03168226778507233,0.08517201244831085,0.0,0.0,0.0,0.0
1.4058630466461182,-0.3501713275909424,-1.3315569162368774,0.0,0.0,-0.0007126350537873805,-0.15546293556690216,0.0,0.0,0.17433214391926133,0.20286416082657605,-0.03168226778507233,0.08517201244831085,0.0,0.0,0.0,0.0
1.4078688621520996,-0.3501713275909424,-1.3315569162368774,0.0,0.0,-0.0007126350537873805,-0.15546293556690216,0.0,0.0,0.17433214391926133,0.20286416082657605,-0.03168226778507233,0.08517201244831085,0.0,0.0,0.0,0.0
1.4106113910675049,-0.3501713275909424,-1.3315569162368774,0.0,0.0,-0.0007126350537873805,-0.15546293556690216,0.0,0.0,0.17433214391926133,0.20286416082657605,-0.03168226778507233,0.08517201244831085,0.0,0.0,0.0,0.0
1.4147450923919678,-0.3501713275909424,-1.3315569162368774,0.0,0.0,-0.0007126350537873805,-0.15546293556690216,0.0,0.0,0.17433214391926133,0.20286416082657605,-0.03168226778507233,0.08517201244831085,0.0,0.0,0.0,0.0
1.4169116020202637,-0.3501713275909424,-1.3315569162368774,0.0,0.0,-0.0007126350537873805,-0.15546293556690216,0.0,0.0,0.17433214391926133,0.20286416082657605,-0.03168226778507233,0.08517201244831085,0.0,0.0,0.0,0.0
1.4197373390197754,-0.3501713275909424,-1.3315569162368774,0.0,0.0,-0.0007126350537873805,-0.15546293556690216,0.0,0.0,0.17433214391926133,0.20286416082657605,-0.03168226778507233,0.08517201244831085,0.0,0.0,0.0,0.0
1.4221489429473877,-0.3501713275909424,-1.3315569162368774,0.0,0.0,-0.0007126350537873805,-0.15546293556690216,0.0,0.0,0.17433214391926133,0.20286416082657605,-0.03168226778507233,0.08517201244831085,0.0,0.0,0.0,0.0
1.4237468242645264,-0.3501713275909424,-1.3315569162368774,0.0,0.0,-0.0007126350537873805,-0.15546293556690216,0.0,0.0,0.17433214391926133,0.20286416082657605,-0.03168226778507233,0.08517201244831085,0.0,0.0,0.0,0.0
1.425464391708374,-0.3501713275909424,-1.3315569162368774,0.0,0.0,-0.0007126350537873805,-0.15546293556690216,0.0,0.0,0.17433214391926133,0.20286416082657605,-0.03168226778507233,0.08517201244831085,0.0,0.0,0.0,0.0
1.4284849166870117,-0.3501713275909424,-1.3315569162368774,0.0,0.0,-0.0007126350537873805,-0.15546293556690216,0.0,0.0,0.17433214391926133,0.20286416082657605,-0.03168226778507233,0.08517201244831085,0.0,0.0,0.0,0.0
1.4304816722869873,-0.3501713275909424,-1.3315569162368774,0.0,0.0,-0.0007126350537873805,-0.15546293556690216,0.0,0.0,0.17433214391926133,0.20286416082657605,-0.03168226778507233,0.08517201244831085,0.0,0.0,0.0,0.0
1.432133674621582,-0.3501713275909424,-1.3315569162368774,0.0,0.0,-0.0007126350537873805,-0.15546293556690216,0.0,0.0,0.17433214391926133,0.20286416082657605,-0.03168226778507233,0.08517201244831085,0.0,0.0,0.0,0.0
1.4337215423583984,-0.3501713275909424,-1.3315569162368774,0.0,0.0,-0.0007126350537873805,-0.15546293556690216,0.0,0.0,0.17433214391926133,0.20286416082657605,-0.03168226778507233,0.08517201244831085,0.0,0.0,0.0,0.0
1.4355573654174805,-0.3501713275909424,-1.3315569162368774,0.0,0.0,-0.0007126350537873805,-0.15546293556690216,0.0,0.0,0.17433214391926133,0.20286416082657605,-0.03168226778507233,0.08517201244831085,0.0,0.0,0.0,0.0
1.4375147819519043,-0.3501713275909424,-1.3315569162368774,0.0,0.0,-0.0007126350537873805,-0.15546293556690216,0.0,0.0,0.17433214391926133,0.20286416082657605,-0.03168226778507233,0.08517201244831085,0.0,0.0,0.0,0.0
1.4389054775238037,-0.3501713275909424,-1.3315569162368774,0.0,0.0,-0.0007126350537873805,-0.15546293556690216,0.0,0.0,0.17433214391926133,0.20286416082657605,-0.03168226778507233,0.08517201244831085,0.0,0.0,0.0,0.0
1.440403938293457,-0.3501713275909424,-1.3315569162368774,0.0,0.0,-0.0007126350537873805,-0.15546293556690216,0.0,0.0,0.17433214391926133,0.20286416082657605,-0.03168226778507233,0.08517201244831085,0.0,0.0,0.0,0.0
1.4418158531188965,-0.3501713275909424,-1.3315569162368774,0.0,0.0,-0.0007126350537873805,-0.15546293556690216,0.0,0.0,0.17433214391926133,0.20286416082657605,-0.03168226778507233,0.08517201244831085,0.0,0.0,0.0,0.0
1.443199872970581,-0.3501713275909424,-1.3315569162368774,0.0,0.0,-0.0007126350537873805,-0.15546293556690216,0.0,0.0,0.17433214391926133,0.20286416082657605,-0.03168226778507233,0.08517201244831085,0.0,0.0,0.0,0.0
1.44523286819458,-0.3501713275909424,-1.3315569162368774,0.0,0.0,-0.0007126350537873805,-0.15546293556690216,0.0,0.0,0.17433214391926133,0.20286416082657605,-0.03168226778507233,0.08517201244831085,0.0,0.0,0.0,0.0
1.4467697143554688,-0.3501713275909424,-1.3315569162368774,0.0,0.0,-0.0007126350537873805,-0.15546293556690216,0.0,0.0,0.17433214391926133,0.20286416082657605,-0.03168226778507233,0.08517201244831085,0.0,0.0,0.0,0.0
1.4494702816009521,-0.3501713275909424,-1.3315569162368774,0.0,0.0,-0.0007126350537873805,-0.15546293556690216,0.0,0.0,0.17433214391926133,0.20286416082657605,-0.03168226778507233,0.08517201244831085,0.0,0.0,0.0,0.0
1.4520032405853271,-0.3501713275909424,-1.3315569162368774,0.0,0.0,-0.0007126350537873805,-0.15546293556690216,0.0,0.0,0.17433214391926133,0.20286416082657605,-0.03168226778507233,0.08517201244831085,0.0,0.0,0.0,0.0
1.4554028511047363,-0.3501713275909424,-1.3315569162368774,0.0,0.0,-0.0007126350537873805,-0.15546293556690216,0.0,0.0,0.17433214391926133,0.20286416082657605,-0.03168226778507233,0.08517201244831085,0.0,0.0,0.0,0.0
1.4580893516540527,-0.3501713275909424,-1.3315569162368774,0.0,0.0,-0.0007126350537873805,-0.15546293556690216,0.0,0.0,0.17433214391926133,0.20286416082657605,-0.03168226778507233,0.08517201244831085,0.0,0.0,0.0,0.0
1.4603345394134521,-0.3501713275909424,-1.3315569162368774,0.0,0.0,-0.0007126350537873805,-0.15546293556690216,0.0,0.0,0.17433214391926133,0.20286416082657605,-0.03168226778507233,0.08517201244831085,0.0,0.0,0.0,0.0
1.4626190662384033,-0.3501713275909424,-1.3315569162368774,0.0,0.0,-0.0007126350537873805,-0.15546293556690216,0.0,0.0,0.17433214391926133,0.20286416082657605,-0.03168226778507233,0.08517201244831085,0.0,0.0,0.0,0.0
1.4651122093200684,-0.3501713275909424,-1.3315569162368774,0.0,0.0,-0.0007126350537873805,-0.15546293556690216,0.0,0.0,0.17433214391926133,0.20286416082657605,-0.03168226778507233,0.08517201244831085,0.0,0.0,0.0,0.0
1.4676275253295898,-0.3501713275909424,-1.3315569162368774,0.0,0.0,-0.0007126350537873805,-0.15546293556690216,0.0,0.0,0.17433214391926133,0.20286416082657605,-0.03168226778507233,0.08517201244831085,0.0,0.0,0.0,0.0
1.4698820114135742,-0.3501713275909424,-1.3315569162368774,0.0,0.0,-0.0007126350537873805,-0.15546293556690216,0.0,0.0,0.17433214391926133,0.20286416082657605,-0.03168226778507233,0.08517201244831085,0.0,0.0,0.0,0.0
1.471388339996338,-0.3501713275909424,-1.3315569162368774,0.0,0.0,-0.0007126350537873805,-0.15546293556690216,0.0,0.0,0.17433214391926133,0.20286416082657605,-0.03168226778507233,0.08517201244831085,0.0,0.0,0.0,0.0
1.472829818725586,-0.3501713275909424,-1.3315569162368774,0.0,0.0,-0.0007126350537873805,-0.15546293556690216,0.0,0.0,0.17433214391926133,0.20286416082657605,-0.03168226778507233,0.08517201244831085,0.0,0.0,0.0,0.0
1.474271535873413,-0.3501713275909424,-1.3315569162368774,0.0,0.0,-0.0007126350537873805,-0.15546293556690216,0.0,0.0,0.17433214391926133,0.20286416082657605,-0.03168226778507233,0.08517201244831085,0.0,0.0,0.0,0.0
1.4756817817687988,-0.3501713275909424,-1.3315569162368774,0.0,0.0,-0.0007126350537873805,-0.15546293556690216,0.0,0.0,0.17433214391926133,0.20286416082657605,-0.03168226778507233,0.08517201244831085,0.0,0.0,0.0,0.0
1.4771082401275635,-0.3501713275909424,-1.3315569162368774,0.0,0.0,-0.0007126350537873805,-0.15546293556690216,0.0,0.0,0.17433214391926133,0.20286416082657605,-0.03168226778507233,0.08517201244831085,0.0,0.0,0.0,0.0
1.479686975479126,-0.3501713275909424,-1.3315569162368774,0.0,0.0,-0.0007126350537873805,-0.15546293556690216,0.0,0.0,0.17433214391926133,0.20286416082657605,-0.03168226778507233,0.08517201244831085,0.0,0.0,0.0,0.0
1.481323003768921,-0.3501713275909424,-1.3315569162368774,0.0,0.0,-0.0007126350537873805,-0.15546293556690216,0.0,0.0,0.17433214391926133,0.20286416082657605,-0.03168226778507233,0.08517201244831085,0.0,0.0,0.0,0.0
1.4827475547790527,-0.3501713275909424,-1.3315569162368774,0.0,0.0,-0.0007126350537873805,-0.15546293556690216,0.0,0.0,0.17433214391926133,0.20286416082657605,-0.03168226778507233,0.08517201244831085,0.0,0.0,0.0,0.0
1.484255313873291,-0.3501713275909424,-1.3315569162368774,0.0,0.0,-0.0007126350537873805,-0.15546293556690216,0.0,0.0,0.17433214391926133,0.20286416082657605,-0.03168226778507233,0.08517201244831085,0.0,0.0,0.0,0.0
1.4860098361968994,-0.3501713275909424,-1.3315569162368774,0.0,0.0,-0.0007126350537873805,-0.15546293556690216,0.0,0.0,0.17433214391926133,0.20286416082657605,-0.03168226778507233,0.08517201244831085,0.0,0.0,0.0,0.0
1.4875400066375732,-0.3501713275909424,-1.3315569162368774,0.0,0.0,-0.0007126350537873805,-0.15546293556690216,0.0,0.0,0.17433214391926133,0.20286416082657605,-0.03168226778507233,0.08517201244831085,0.0,0.0,0.0,0.0
1.4890813827514648,-0.3501713275909424,-1.3315569162368774,0.0,0.0,-0.0007126350537873805,-0.15546293556690216,0.0,0.0,0.17433214391926133,0.20286416082657605,-0.03168226778507233,0.08517201244831085,0.0,0.0,0.0,0.0
1.4907045364379883,-0.3501713275909424,-1.3315569162368774,0.0,0.0,-0.0007126350537873805,-0.15546293556690216,0.0,0.0,0.17433214391926133,0.20286416082657605,-0.03168226778507233,0.08517201244831085,0.0,0.0,0.0,0.0
1.4932565689086914,-0.3501713275909424,-1.3315569162368774,0.0,0.0,-0.0007126350537873805,-0.15546293556690216,0.0,0.0,0.17433214391926133,0.20286416082657605,-0.03168226778507233,0.08517201244831085,0.0,0.0,0.0,0.0
1.4953336715698242,-0.3501713275909424,-1.3315569162368774,0.0,0.0,-0.0007126350537873805,-0.15546293556690216,0.0,0.0,0.17433214391926133,0.20286416082657605,-0.03168226778507233,0.08517201244831085,0.0,0.0,0.0,0.0
1.496915578842163,-0.3501713275909424,-1.3315569162368774,0.0,0.0,-0.0007126350537873805,-0.15546293556690216,0.0,0.0,0.17433214391926133,0.20286416082657605,-0.03168226778507233,0.08517201244831085,0.0,0.0,0.0,0.0
1.499690294265747,-0.3501713275909424,-1.3315569162368774,0.0,0.0,-0.0007126350537873805,-0.15546293556690216,0.0,0.0,0.17433214391926133,0.20286416082657605,-0.03168226778507233,0.08517201244831085,0.0,0.0,0.0,0.0
1.5017492771148682,-0.3501713275909424,-1.3315569162368774,0.0,0.0,-0.0007126350537873805,-0.15546293556690216,0.0,0.0,0.17433214391926133,0.20286416082657605,-0.03168226778507233,0.08517201244831085,0.0,0.0,0.0,0.0
1.5035192966461182,-0.3501713275909424,-1.3315569162368774,0.0,0.0,-0.0007126350537873805,-0.15546293556690216,0.0,0.0,0.17433214391926133,0.20286416082657605,-0.03168226778507233,0.08517201244831085,0.0,0.0,0.0,0.0
1.5052728652954102,-0.3501713275909424,-1.3315569162368774,0.0,0.0,-0.0007126350537873805,-0.15546293556690216,0.0,0.0,0.17433214391926133,0.20286416082657605,-0.03168226778507233,0.08517201244831085,0.0,0.0,0.0,0.0
1.5069756507873535,-0.3501713275909424,-1.3315569162368774,0.0,0.0,-0.0007126350537873805,-0.15546293556690216,0.0,0.0,0.17433214391926133,0.20286416082657605,-0.03168226778507233,0.08517201244831085,0.0,0.0,0.0,0.0
1.5090339183807373,-0.3501713275909424,-1.3315569162368774,0.0,0.0,-0.0007126350537873805,-0.15546293556690216,0.0,0.0,0.17433214391926133,0.20286416082657605,-0.03168226778507233,0.08517201244831085,0.0,0.0,0.0,0.0
1.5106890201568604,-0.3501713275909424,-1.3315569162368774,0.0,0.0,-0.0007126350537873805,-0.15546293556690216,0.0,0.0,0.17433214391926133,0.20286416082657605,-0.03168226778507233,0.08517201244831085,0.0,0.0,0.0,0.0
1.5132927894592285,-0.3501713275909424,-1.3315569162368774,0.0,0.0,-0.0007126350537873805,-0.15546293556690216,0.0,0.0,0.17433214391926133,0.20286416082657605,-0.03168226778507233,0.08517201244831085,0.0,0.0,0.0,0.0
1.5155737400054932,-0.3501713275909424,-1.3315569162368774,0.0,0.0,-0.0007126350537873805,-0.15546293556690216,0.0,0.0,0.17433214391926133,0.20286416082657605,-0.03168226778507233,0.08517201244831085,0.0,0.0,0.0,0.0
1.5179719924926758,-0.3501713275909424,-1.3315569162368774,0.0,0.0,-0.0007126350537873805,-0.15546293556690216,0.0,0.0,0.17433214391926133,0.20286416082657605,-0.03168226778507233,0.08517201244831085,0.0,0.0,0.0,0.0
1.5199475288391113,-0.3501713275909424,-1.3315569162368774,0.0,0.0,-0.0007126350537873805,-0.15546293556690216,0.0,0.0,0.17433214391926133,0.20286416082657605,-0.03168226778507233,0.08517201244831085,0.0,0.0,0.0,0.0
1.5218379497528076,-0.3501713275909424,-1.3315569162368774,0.0,0.0,-0.0007126350537873805,-0.15546293556690216,0.0,0.0,0.17433214391926133,0.20286416082657605,-0.03168226778507233,0.08517201244831085,0.0,0.0,0.0,0.0
1.5236785411834717,-0.3501713275909424,-1.3315569162368774,0.0,0.0,-0.0007126350537873805,-0.15546293556690216,0.0,0.0,0.17433214391926133,0.20286416082657605,-0.03168226778507233,0.08517201244831085,0.0,0.0,0.0,0.0
1.5254950523376465,-0.3501713275909424,-1.3315569162368774,0.0,0.0,-0.0007126350537873805,-0.15546293556690216,0.0,0.0,0.17433214391926133,0.20286416082657605,-0.03168226778507233,0.08517201244831085,0.0,0.0,0.0,0.0
1.5278491973876953,-0.3501713275909424,-1.3315569162368774,0.0,0.0,-0.0007126350537873805,-0.15546293556690216,0.0,0.0,0.17433214391926133,0.20286416082657605,-0.03168226778507233,0.08517201244831085,0.0,0.0,0.0,0.0
1.5297880172729492,-0.3501713275909424,-1.3315569162368774,0.0,0.0,-0.0007126350537873805,-0.15546293556690216,0.0,0.0,0.17433214391926133,0.20286416082657605,-0.03168226778507233,0.08517201244831085,0.0,0.0,0.0,0.0
1.5315685272216797,-0.3501713275909424,-1.3315569162368774,0.0,0.0,-0.0007126350537873805,-0.15546293556690216,0.0,0.0,0.17433214391926133,0.20286416082657605,-0.03168226778507233,0.08517201244831085,0.0,0.0,0.0,0.0
1.5334606170654297,-0.3501713275909424,-1.3315569162368774,0.0,0.0,-0.0007126350537873805,-0.15546293556690216,0.0,0.0,0.17433214391926133,0.20286416082657605,-0.03168226778507233,0.08517201244831085,0.0,0.0,0.0,0.0
1.535264015197754,-0.3501713275909424,-1.3315569162368774,0.0,0.0,-0.0007126350537873805,-0.15546293556690216,0.0,0.0,0.17433214391926133,0.20286416082657605,-0.03168226778507233,0.08517201244831085,0.0,0.0,0.0,0.0
1.5371029376983643,-0.3501713275909424,-1.3315569162368774,0.0,0.0,-0.0007126350537873805,-0.15546293556690216,0.0,0.0,0.17433214391926133,0.20286416082657605,-0.03168226778507233,0.08517201244831085,0.0,0.0,0.0,0.0
1.5385534763336182,-0.3501713275909424,-1.3315569162368774,0.0,0.0,-0.0007126350537873805,-0.15546293556690216,0.0,0.0,0.17433214391926133,0.20286416082657605,-0.03168226778507233,0.08517201244831085,0.0,0.0,0.0,0.0
1.5402178764343262,-0.3501713275909424,-1.3315569162368774,0.0,0.0,-0.0007126350537873805,-0.15546293556690216,0.0,0.0,0.17433214391926133,0.20286416082657605,-0.03168226778507233,0.08517201244831085,0.0,0.0,0.0,0.0
1.5417518615722656,-0.3501713275909424,-1.3315569162368774,0.0,0.0,-0.0007126350537873805,-0.15546293556690216,0.0,0.0,0.17433214391926133,0.20286416082657605,-0.03168226778507233,0.08517201244831085,0.0,0.0,0.0,0.0
1.543264627456665,-0.3501713275909424,-1.3315569162368774,0.0,0.0,-0.0007126350537873805,-0.15546293556690216,0.0,0.0,0.17433214391926133,0.20286416082657605,-0.03168226778507233,0.08517201244831085,0.0,0.0,0.0,0.0
1.5456573963165283,-0.3501713275909424,-1.3315569162368774,0.0,0.0,-0.0007126350537873805,-0.15546293556690216,0.0,0.0,0.17433214391926133,0.20286416082657605,-0.03168226778507233,0.08517201244831085,0.0,0.0,0.0,0.0
1.5480973720550537,-0.3501713275909424,-1.3315569162368774,0.0,0.0,-0.0007126350537873805,-0.15546293556690216,0.0,0.0,0.17433214391926133,0.20286416082657605,-0.03168226778507233,0.08517201244831085,0.0,0.0,0.0,0.0
1.549813985824585,-0.3501713275909424,-1.3315569162368774,0.0,0.0,-0.0007126350537873805,-0.15546293556690216,0.0,0.0,0.17433214391926133,0.20286416082657605,-0.03168226778507233,0.08517201244831085,0.0,0.0,0.0,0.0
1.5513226985931396,-0.3501713275909424,-1.3315569162368774,0.0,0.0,-0.0007126350537873805,-0.15546293556690216,0.0,0.0,0.17433214391926133,0.20286416082657605,-0.03168226778507233,0.08517201244831085,0.0,0.0,0.0,0.0
1.5531110763549805,-0.3501713275909424,-1.3315569162368774,0.0,0.0,-0.0007126350537873805,-0.15546293556690216,0.0,0.0,0.17433214391926133,0.20286416082657605,-0.03168226778507233,0.08517201244831085,0.0,0.0,0.0,0.0
1.5555639266967773,-0.3501713275909424,-1.3315569162368774,0.0,0.0,-0.0007126350537873805,-0.15546293556690216,0.0,0.0,0.17433214391926133,0.20286416082657605,-0.03168226778507233,0.08517201244831085,0.0,0.0,0.0,0.0
1.55802321434021,-0.3501713275909424,-1.3315569162368774,0.0,0.0,-0.0007126350537873805,-0.15546293556690216,0.0,0.0,0.17433214391926133,0.20286416082657605,-0.03168226778507233,0.08517201244831085,0.0,0.0,0.0,0.0
1.5606095790863037,-0.3501713275909424,-1.3315569162368774,0.0,0.0,-0.0007126350537873805,-0.15546293556690216,0.0,0.0,0.17433214391926133,0.20286416082657605,-0.03168226778507233,0.08517201244831085,0.0,0.0,0.0,0.0
1.562840223312378,-0.3501713275909424,-1.3315569162368774,0.0,0.0,-0.0007126350537873805,-0.15546293556690216,0.0,0.0,0.17433214391926133,0.20286416082657605,-0.03168226778507233,0.08517201244831085,0.0,0.0,0.0,0.0
1.5649714469909668,-0.3501713275909424,-1.3315569162368774,0.0,0.0,-0.0007126350537873805,-0.15546293556690216,0.0,0.0,0.17433214391926133,0.20286416082657605,-0.03168226778507233,0.08517201244831085,0.0,0.0,0.0,0.0
1.5668034553527832,-0.3501713275909424,-1.3315569162368774,0.0,0.0,-0.0007126350537873805,-0.15546293556690216,0.0,0.0,0.17433214391926133,0.20286416082657605,-0.03168226778507233,0.08517201244831085,0.0,0.0,0.0,0.0
1.5685994625091553,-0.3501713275909424,-1.3315569162368774,0.0,0.0,-0.0007126350537873805,-0.15546293556690216,0.0,0.0,0.17433214391926133,0.20286416082657605,-0.03168226778507233,0.08517201244831085,0.0,0.0,0.0,0.0
1.5704569816589355,-0.3501713275909424,-1.3315569162368774,0.0,0.0,-0.0007126350537873805,-0.15546293556690216,0.0,0.0,0.17433214391926133,0.20286416082657605,-0.03168226778507233,0.08517201244831085,0.0,0.0,0.0,0.0
1.5726394653320312,-0.3501713275909424,-1.3315569162368774,0.0,0.0,-0.0007126350537873805,-0.15546293556690216,0.0,0.0,0.17433214391926133,0.20286416082657605,-0.03168226778507233,0.08517201244831085,0.0,0.0,0.0,0.0
1.5743646621704102,-0.3501713275909424,-1.3315569162368774,0.0,0.0,-0.0007126350537873805,-0.15546293556690216,0.0,0.0,0.17433214391926133,0.20286416082657605,-0.03168226778507233,0.08517201244831085,0.0,0.0,0.0,0.0
1.5759954452514648,-0.3501713275909424,-1.3315569162368774,0.0,0.0,-0.0007126350537873805,-0.15546293556690216,0.0,0.0,0.17433214391926133,0.20286416082657605,-0.03168226778507233,0.08517201244831085,0.0,0.0,0.0,0.0
1.578300952911377,-0.3501713275909424,-1.3315569162368774,0.0,0.0,-0.0007126350537873805,-0.15546293556690216,0.0,0.0,0.17433214391926133,0.20286416082657605,-0.03168226778507233,0.08517201244831085,0.0,0.0,0.0,0.0
1.5806217193603516,-0.3501713275909424,-1.3315569162368774,0.0,0.0,-0.0007126350537873805,-0.15546293556690216,0.0,0.0,0.17433214391926133,0.20286416082657605,-0.03168226778507233,0.08517201244831085,0.0,0.0,0.0,0.0
1.5824036598205566,-0.3501713275909424,-1.3315569162368774,0.0,0.0,-0.0007126350537873805,-0.15546293556690216,0.0,0.0,0.17433214391926133,0.20286416082657605,-0.03168226778507233,0.08517201244831085,0.0,0.0,0.0,0.0
1.584582805633545,-0.3501713275909424,-1.3315569162368774,0.0,0.0,-0.0007126350537873805,-0.15546293556690216,0.0,0.0,0.17433214391926133,0.20286416082657605,-0.03168226778507233,0.08517201244831085,0.0,0.0,0.0,0.0
1.5867998600006104,-0.3501713275909424,-1.3315569162368774,0.0,0.0,-0.0007126350537873805,-0.15546293556690216,0.0,0.0,0.17433214391926133,0.20286416082657605,-0.03168226778507233,0.08517201244831085,0.0,0.0,0.0,0.0
1.5886635780334473,-0.3501713275909424,-1.3315569162368774,0.0,0.0,-0.0007126350537873805,-0.15546293556690216,0.0,0.0,0.17433214391926133,0.20286416082657605,-0.03168226778507233,0.08517201244831085,0.0,0.0,0.0,0.0
1.5905163288116455,-0.3501713275909424,-1.3315569162368774,0.0,0.0,-0.0007126350537873805,-0.15546293556690216,0.0,0.0,0.17433214391926133,0.20286416082657605,-0.03168226778507233,0.08517201244831085,0.0,0.0,0.0,0.0
1.5931484699249268,-0.3501713275909424,-1.3315569162368774,0.0,0.0,-0.0007126350537873805,-0.15546293556690216,0.0,0.0,0.17433214391926133,0.20286416082657605,-0.03168226778507233,0.08517201244831085,0.0,0.0,0.0,0.0
1.5956177711486816,-0.3501713275909424,-1.3315569162368774,0.0,0.0,-0.0007126350537873805,-0.15546293556690216,0.0,0.0,0.17433214391926133,0.20286416082657605,-0.03168226778507233,0.08517201244831085,0.0,0.0,0.0,0.0
1.5978407859802246,-0.3501713275909424,-1.3315569162368774,0.0,0.0,-0.0007126350537873805,-0.15546293556690216,0.0,0.0,0.17433214391926133,0.20286416082657605,-0.03168226778507233,0.08517201244831085,0.0,0.0,0.0,0.0
1.5994620323181152,-0.3501713275909424,-1.3315569162368774,0.0,0.0,-0.0007126350537873805,-0.15546293556690216,0.0,0.0,0.17433214391926133,0.20286416082657605,-0.03168226778507233,0.08517201244831085,0.0,0.0,0.0,0.0
1.6010477542877197,-0.3501713275909424,-1.3315569162368774,0.0,0.0,-0.0007126350537873805,-0.15546293556690216,0.0,0.0,0.17433214391926133,0.20286416082657605,-0.03168226778507233,0.08517201244831085,0.0,0.0,0.0,0.0
1.602790117263794,-0.3501713275909424,-1.3315569162368774,0.0,0.0,-0.0007126350537873805,-0.15546293556690216,0.0,0.0,0.17433214391926133,0.20286416082657605,-0.03168226778507233,0.08517201244831085,0.0,0.0,0.0,0.0
1.6046178340911865,-0.3501713275909424,-1.3315569162368774,0.0,0.0,-0.0007126350537873805,-0.15546293556690216,0.0,0.0,0.17433214391926133,0.20286416082657605,-0.03168226778507233,0.08517201244831085,0.0,0.0,0.0,0.0
1.6064612865447998,-0.3501713275909424,-1.3315569162368774,0.0,0.0,-0.0007126350537873805,-0.15546293556690216,0.0,0.0,0.17433214391926133,0.20286416082657605,-0.03168226778507233,0.08517201244831085,0.0,0.0,0.0,0.0
1.6081690788269043,-0.3501713275909424,-1.3315569162368774,0.0,0.0,-0.0007126350537873805,-0.15546293556690216,0.0,0.0,0.17433214391926133,0.20286416082657605,-0.03168226778507233,0.08517201244831085,0.0,0.0,0.0,0.0
1.6097145080566406,-0.3501713275909424,-1.3315569162368774,0.0,0.0,-0.0007126350537873805,-0.15546293556690216,0.0,0.0,0.17433214391926133,0.20286416082657605,-0.03168226778507233,0.08517201244831085,0.0,0.0,0.0,0.0
1.611194372177124,-0.3501713275909424,-1.3315569162368774,0.0,0.0,-0.0007126350537873805,-0.15546293556690216,0.0,0.0,0.17433214391926133,0.20286416082657605,-0.03168226778507233,0.08517201244831085,0.0,0.0,0.0,0.0
1.612673282623291,-0.3501713275909424,-1.3315569162368774,0.0,0.0,-0.0007126350537873805,-0.15546293556690216,0.0,0.0,0.17433214391926133,0.20286416082657605,-0.03168226778507233,0.08517201244831085,0.0,0.0,0.0,0.0
1.6141471862792969,-0.3501713275909424,-1.3315569162368774,0.0,0.0,-0.0007126350537873805,-0.15546293556690216,0.0,0.0,0.17433214391926133,0.20286416082657605,-0.03168226778507233,0.08517201244831085,0.0,0.0,0.0,0.0
1.616724967956543,-0.3501713275909424,-1.3315569162368774,0.0,0.0,-0.0007126350537873805,-0.15546293556690216,0.0,0.0,0.17433214391926133,0.20286416082657605,-0.03168226778507233,0.08517201244831085,0.0,0.0,0.0,0.0
1.6186373233795166,-0.3501713275909424,-1.3315569162368774,0.0,0.0,-0.0007126350537873805,-0.15546293556690216,0.0,0.0,0.17433214391926133,0.20286416082657605,-0.03168226778507233,0.08517201244831085,0.0,0.0,0.0,0.0
1.620516300201416,-0.3501713275909424,-1.3315569162368774,0.0,0.0,-0.0007126350537873805,-0.15546293556690216,0.0,0.0,0.17433214391926133,0.20286416082657605,-0.03168226778507233,0.08517201244831085,0.0,0.0,0.0,0.0
1.6222705841064453,-0.3501713275909424,-1.3315569162368774,0.0,0.0,-0.0007126350537873805,-0.15546293556690216,0.0,0.0,0.17433214391926133,0.20286416082657605,-0.03168226778507233,0.08517201244831085,0.0,0.0,0.0,0.0
1.623978614807129,-0.3501713275909424,-1.3315569162368774,0.0,0.0,-0.0007126350537873805,-0.15546293556690216,0.0,0.0,0.17433214391926133,0.20286416082657605,-0.03168226778507233,0.08517201244831085,0.0,0.0,0.0,0.0
1.6261701583862305,-0.3501713275909424,-1.3315569162368774,0.0,0.0,-0.0007126350537873805,-0.15546293556690216,0.0,0.0,0.17433214391926133,0.20286416082657605,-0.03168226778507233,0.08517201244831085,0.0,0.0,0.0,0.0
1.6279220581054688,-0.3501713275909424,-1.3315569162368774,0.0,0.0,-0.0007126350537873805,-0.15546293556690216,0.0,0.0,0.17433214391926133,0.20286416082657605,-0.03168226778507233,0.08517201244831085,0.0,0.0,0.0,0.0
1.6297032833099365,-0.3501713275909424,-1.3315569162368774,0.0,0.0,-0.0007126350537873805,-0.15546293556690216,0.0,0.0,0.17433214391926133,0.20286416082657605,-0.03168226778507233,0.08517201244831085,0.0,0.0,0.0,0.0
1.6316452026367188,-0.3501713275909424,-1.3315569162368774,0.0,0.0,-0.0007126350537873805,-0.15546293556690216,0.0,0.0,0.17433214391926133,0.20286416082657605,-0.03168226778507233,0.08517201244831085,0.0,0.0,0.0,0.0
1.6333467960357666,-0.3501713275909424,-1.3315569162368774,0.0,0.0,-0.0007126350537873805,-0.15546293556690216,0.0,0.0,0.17433214391926133,0.20286416082657605,-0.03168226778507233,0.08517201244831085,0.0,0.0,0.0,0.0
1.635103464126587,-0.3501713275909424,-1.3315569162368774,0.0,0.0,-0.0007126350537873805,-0.15546293556690216,0.0,0.0,0.17433214391926133,0.20286416082657605,-0.03168226778507233,0.08517201244831085,0.0,0.0,0.0,0.0
1.6376667022705078,-0.3501713275909424,-1.3315569162368774,0.0,0.0,-0.0007126350537873805,-0.15546293556690216,0.0,0.0,0.17433214391926133,0.20286416082657605,-0.03168226778507233,0.08517201244831085,0.0,0.0,0.0,0.0
1.6397929191589355,-0.3501713275909424,-1.3315569162368774,0.0,0.0,-0.0007126350537873805,-0.15546293556690216,0.0,0.0,0.17433214391926133,0.20286416082657605,-0.03168226778507233,0.08517201244831085,0.0,0.0,0.0,0.0
1.6415960788726807,-0.3501713275909424,-1.3315569162368774,0.0,0.0,-0.0007126350537873805,-0.15546293556690216,0.0,0.0,0.17433214391926133,0.20286416082657605,-0.03168226778507233,0.08517201244831085,0.0,0.0,0.0,0.0
1.6432971954345703,-0.3501713275909424,-1.3315569162368774,0.0,0.0,-0.0007126350537873805,-0.15546293556690216,0.0,0.0,0.17433214391926133,0.20286416082657605,-0.03168226778507233,0.08517201244831085,0.0,0.0,0.0,0.0
1.645305871963501,-0.3501713275909424,-1.3315569162368774,0.0,0.0,-0.0007126350537873805,-0.15546293556690216,0.0,0.0,0.17433214391926133,0.20286416082657605,-0.03168226778507233,0.08517201244831085,0.0,0.0,0.0,0.0
1.6477606296539307,-0.3501713275909424,-1.3315569162368774,0.0,0.0,-0.0007126350537873805,-0.15546293556690216,0.0,0.0,0.17433214391926133,0.20286416082657605,-0.03168226778507233,0.08517201244831085,0.0,0.0,0.0,0.0
1.6495566368103027,-0.3501713275909424,-1.3315569162368774,0.0,0.0,-0.0007126350537873805,-0.15546293556690216,0.0,0.0,0.17433214391926133,0.20286416082657605,-0.03168226778507233,0.08517201244831085,0.0,0.0,0.0,0.0
1.6512930393218994,-0.3501713275909424,-1.3315569162368774,0.0,0.0,-0.0007126350537873805,-0.15546293556690216,0.0,0.0,0.17433214391926133,0.20286416082657605,-0.03168226778507233,0.08517201244831085,0.0,0.0,0.0,0.0
1.65313720703125,-0.3501713275909424,-1.3315569162368774,0.0,0.0,-0.0007126350537873805,-0.15546293556690216,0.0,0.0,0.17433214391926133,0.20286416082657605,-0.03168226778507233,0.08517201244831085,0.0,0.0,0.0,0.0
1.6549127101898193,-0.3501713275909424,-1.3315569162368774,0.0,0.0,-0.0007126350537873805,-0.15546293556690216,0.0,0.0,0.17433214391926133,0.20286416082657605,-0.03168226778507233,0.08517201244831085,0.0,0.0,0.0,0.0
1.6578848361968994,-0.3501713275909424,-1.3315569162368774,0.0,0.0,-0.0007126350537873805,-0.15546293556690216,0.0,0.0,0.17433214391926133,0.20286416082657605,-0.03168226778507233,0.08517201244831085,0.0,0.0,0.0,0.0
1.6594369411468506,-0.3501713275909424,-1.3315569162368774,0.0,0.0,-0.0007126350537873805,-0.15546293556690216,0.0,0.0,0.17433214391926133,0.20286416082657605,-0.03168226778507233,0.08517201244831085,0.0,0.0,0.0,0.0
1.6608765125274658,-0.3501713275909424,-1.3315569162368774,0.0,0.0,-0.0007126350537873805,-0.15546293556690216,0.0,0.0,0.17433214391926133,0.20286416082657605,-0.03168226778507233,0.08517201244831085,0.0,0.0,0.0,0.0
1.6623163223266602,-0.3501713275909424,-1.3315569162368774,0.0,0.0,-0.0007126350537873805,-0.15546293556690216,0.0,0.0,0.17433214391926133,0.20286416082657605,-0.03168226778507233,0.08517201244831085,0.0,0.0,0.0,0.0
1.663867473602295,-0.3501713275909424,-1.3315569162368774,0.0,0.0,-0.0007126350537873805,-0.15546293556690216,0.0,0.0,0.17433214391926133,0.20286416082657605,-0.03168226778507233,0.08517201244831085,0.0,0.0,0.0,0.0
1.6660022735595703,-0.3501713275909424,-1.3315569162368774,0.0,0.0,-0.0007126350537873805,-0.15546293556690216,0.0,0.0,0.17433214391926133,0.20286416082657605,-0.03168226778507233,0.08517201244831085,0.0,0.0,0.0,0.0
1.6678369045257568,-0.3501713275909424,-1.3315569162368774,0.0,0.0,-0.0007126350537873805,-0.15546293556690216,0.0,0.0,0.17433214391926133,0.20286416082657605,-0.03168226778507233,0.08517201244831085,0.0,0.0,0.0,0.0
1.669513463973999,-0.3501713275909424,-1.3315569162368774,0.0,0.0,-0.0007126350537873805,-0.15546293556690216,0.0,0.0,0.17433214391926133,0.20286416082657605,-0.03168226778507233,0.08517201244831085,0.0,0.0,0.0,0.0
1.6709866523742676,-0.3501713275909424,-1.3315569162368774,0.0,0.0,-0.0007126350537873805,-0.15546293556690216,0.0,0.0,0.17433214391926133,0.20286416082657605,-0.03168226778507233,0.08517201244831085,0.0,0.0,0.0,0.0
1.6725499629974365,-0.3501713275909424,-1.3315569162368774,0.0,0.0,-0.0007126350537873805,-0.15546293556690216,0.0,0.0,0.17433214391926133,0.20286416082657605,-0.03168226778507233,0.08517201244831085,0.0,0.0,0.0,0.0
1.6742935180664062,-0.3501713275909424,-1.3315569162368774,0.0,0.0,-0.0007126350537873805,-0.15546293556690216,0.0,0.0,0.17433214391926133,0.20286416082657605,-0.03168226778507233,0.08517201244831085,0.0,0.0,0.0,0.0
1.67622709274292,-0.3501713275909424,-1.3315569162368774,0.0,0.0,-0.0007126350537873805,-0.15546293556690216,0.0,0.0,0.17433214391926133,0.20286416082657605,-0.03168226778507233,0.08517201244831085,0.0,0.0,0.0,0.0
1.677973985671997,-0.3501713275909424,-1.3315569162368774,0.0,0.0,-0.0007126350537873805,-0.15546293556690216,0.0,0.0,0.17433214391926133,0.20286416082657605,-0.03168226778507233,0.08517201244831085,0.0,0.0,0.0,0.0
1.6796338558197021,-0.3501713275909424,-1.3315569162368774,0.0,0.0,-0.0007126350537873805,-0.15546293556690216,0.0,0.0,0.17433214391926133,0.20286416082657605,-0.03168226778507233,0.08517201244831085,0.0,0.0,0.0,0.0
1.6818163394927979,-0.3501713275909424,-1.3315569162368774,0.0,0.0,-0.0007126350537873805,-0.15546293556690216,0.0,0.0,0.17433214391926133,0.20286416082657605,-0.03168226778507233,0.08517201244831085,0.0,0.0,0.0,0.0
1.6841413974761963,-0.3501713275909424,-1.3315569162368774,0.0,0.0,-0.0007126350537873805,-0.15546293556690216,0.0,0.0,0.17433214391926133,0.20286416082657605,-0.03168226778507233,0.08517201244831085,0.0,0.0,0.0,0.0
1.685922622680664,-0.3501713275909424,-1.3315569162368774,0.0,0.0,-0.0007126350537873805,-0.15546293556690216,0.0,0.0,0.17433214391926133,0.20286416082657605,-0.03168226778507233,0.08517201244831085,0.0,0.0,0.0,0.0
1.6897027492523193,-0.3501713275909424,-1.3315569162368774,0.0,0.0,-0.0007126350537873805,-0.15546293556690216,0.0,0.0,0.17433214391926133,0.20286416082657605,-0.03168226778507233,0.08517201244831085,0.0,0.0,0.0,0.0
1.6914422512054443,-0.3501713275909424,-1.3315569162368774,0.0,0.0,-0.0007126350537873805,-0.15546293556690216,0.0,0.0,0.17433214391926133,0.20286416082657605,-0.03168226778507233,0.08517201244831085,0.0,0.0,0.0,0.0
1.693160057067871,-0.3501713275909424,-1.3315569162368774,0.0,0.0,-0.0007126350537873805,-0.15546293556690216,0.0,0.0,0.17433214391926133,0.20286416082657605,-0.03168226778507233,0.08517201244831085,0.0,0.0,0.0,0.0
1.6947944164276123,-0.3501713275909424,-1.3315569162368774,0.0,0.0,-0.0007126350537873805,-0.15546293556690216,0.0,0.0,0.17433214391926133,0.20286416082657605,-0.03168226778507233,0.08517201244831085,0.0,0.0,0.0,0.0
1.6965265274047852,-0.3501713275909424,-1.3315569162368774,0.0,0.0,-0.0007126350537873805,-0.15546293556690216,0.0,0.0,0.17433214391926133,0.20286416082657605,-0.03168226778507233,0.08517201244831085,0.0,0.0,0.0,0.0
1.6985652446746826,-0.3501713275909424,-1.3315569162368774,0.0,0.0,-0.0007126350537873805,-0.15546293556690216,0.0,0.0,0.17433214391926133,0.20286416082657605,-0.03168226778507233,0.08517201244831085,0.0,0.0,0.0,0.0
1.7004423141479492,-0.3501713275909424,-1.3315569162368774,0.0,0.0,-0.0007126350537873805,-0.15546293556690216,0.0,0.0,0.17433214391926133,0.20286416082657605,-0.03168226778507233,0.08517201244831085,0.0,0.0,0.0,0.0
1.702584981918335,-0.3501713275909424,-1.3315569162368774,0.0,0.0,-0.0007126350537873805,-0.15546293556690216,0.0,0.0,0.17433214391926133,0.20286416082657605,-0.03168226778507233,0.08517201244831085,0.0,0.0,0.0,0.0
1.7043325901031494,-0.3501713275909424,-1.3315569162368774,0.0,0.0,-0.0007126350537873805,-0.15546293556690216,0.0,0.0,0.17433214391926133,0.20286416082657605,-0.03168226778507233,0.08517201244831085,0.0,0.0,0.0,0.0
1.7058830261230469,-0.3501713275909424,-1.3315569162368774,0.0,0.0,-0.0007126350537873805,-0.15546293556690216,0.0,0.0,0.17433214391926133,0.20286416082657605,-0.03168226778507233,0.08517201244831085,0.0,0.0,0.0,0.0
1.7082123756408691,-0.3501713275909424,-1.3315569162368774,0.0,0.0,-0.0007126350537873805,-0.15546293556690216,0.0,0.0,0.17433214391926133,0.20286416082657605,-0.03168226778507233,0.08517201244831085,0.0,0.0,0.0,0.0
1.7097196578979492,-0.3501713275909424,-1.3315569162368774,0.0,0.0,-0.0007126350537873805,-0.15546293556690216,0.0,0.0,0.17433214391926133,0.20286416082657605,-0.03168226778507233,0.08517201244831085,0.0,0.0,0.0,0.0
1.7111766338348389,-0.3501713275909424,-1.3315569162368774,0.0,0.0,-0.0007126350537873805,-0.15546293556690216,0.0,0.0,0.17433214391926133,0.20286416082657605,-0.03168226778507233,0.08517201244831085,0.0,0.0,0.0,0.0
1.7126572132110596,-0.3501713275909424,-1.3315569162368774,0.0,0.0,-0.0007126350537873805,-0.15546293556690216,0.0,0.0,0.17433214391926133,0.20286416082657605,-0.03168226778507233,0.08517201244831085,0.0,0.0,0.0,0.0
1.7140674591064453,-0.3501713275909424,-1.3315569162368774,0.0,0.0,-0.0007126350537873805,-0.15546293556690216,0.0,0.0,0.17433214391926133,0.20286416082657605,-0.03168226778507233,0.08517201244831085,0.0,0.0,0.0,0.0
1.7155439853668213,-0.3501713275909424,-1.3315569162368774,0.0,0.0,-0.0007126350537873805,-0.15546293556690216,0.0,0.0,0.17433214391926133,0.20286416082657605,-0.03168226778507233,0.08517201244831085,0.0,0.0,0.0,0.0
1.7170624732971191,-0.3501713275909424,-1.3315569162368774,0.0,0.0,-0.0007126350537873805,-0.15546293556690216,0.0,0.0,0.17433214391926133,0.20286416082657605,-0.03168226778507233,0.08517201244831085,0.0,0.0,0.0,0.0
1.718775749206543,-0.3501713275909424,-1.3315569162368774,0.0,0.0,-0.0007126350537873805,-0.15546293556690216,0.0,0.0,0.17433214391926133,0.20286416082657605,-0.03168226778507233,0.08517201244831085,0.0,0.0,0.0,0.0
1.7213554382324219,-0.3501713275909424,-1.3315569162368774,0.0,0.0,-0.0007126350537873805,-0.15546293556690216,0.0,0.0,0.17433214391926133,0.20286416082657605,-0.03168226778507233,0.08517201244831085,0.0,0.0,0.0,0.0
1.7228937149047852,-0.3501713275909424,-1.3315569162368774,0.0,0.0,-0.0007126350537873805,-0.15546293556690216,0.0,0.0,0.17433214391926133,0.20286416082657605,-0.03168226778507233,0.08517201244831085,0.0,0.0,0.0,0.0
1.7252004146575928,-0.3501713275909424,-1.3315569162368774,0.0,0.0,-0.0007126350537873805,-0.15546293556690216,0.0,0.0,0.17433214391926133,0.20286416082657605,-0.03168226778507233,0.08517201244831085,0.0,0.0,0.0,0.0
1.7267892360687256,-0.3501713275909424,-1.3315569162368774,0.0,0.0,-0.0007126350537873805,-0.15546293556690216,0.0,0.0,0.17433214391926133,0.20286416082657605,-0.03168226778507233,0.08517201244831085,0.0,0.0,0.0,0.0
1.7285380363464355,-0.3501713275909424,-1.3315569162368774,0.0,0.0,-0.0007126350537873805,-0.15546293556690216,0.0,0.0,0.17433214391926133,0.20286416082657605,-0.03168226778507233,0.08517201244831085,0.0,0.0,0.0,0.0
1.730255126953125,-0.3501713275909424,-1.3315569162368774,0.0,0.0,-0.0007126350537873805,-0.15546293556690216,0.0,0.0,0.17433214391926133,0.20286416082657605,-0.03168226778507233,0.08517201244831085,0.0,0.0,0.0,0.0
1.7326979637145996,-0.3501713275909424,-1.3315569162368774,0.0,0.0,-0.0007126350537873805,-0.15546293556690216,0.0,0.0,0.17433214391926133,0.20286416082657605,-0.03168226778507233,0.08517201244831085,0.0,0.0,0.0,0.0
1.7343482971191406,-0.3501713275909424,-1.3315569162368774,0.0,0.0,-0.0007126350537873805,-0.15546293556690216,0.0,0.0,0.17433214391926133,0.20286416082657605,-0.03168226778507233,0.08517201244831085,0.0,0.0,0.0,0.0
1.735908031463623,-0.3501713275909424,-1.3315569162368774,0.0,0.0,-0.0007126350537873805,-0.15546293556690216,0.0,0.0,0.17433214391926133,0.20286416082657605,-0.03168226778507233,0.08517201244831085,0.0,0.0,0.0,0.0
1.7375657558441162,-0.3501713275909424,-1.3315569162368774,0.0,0.0,-0.0007126350537873805,-0.15546293556690216,0.0,0.0,0.17433214391926133,0.20286416082657605,-0.03168226778507233,0.08517201244831085,0.0,0.0,0.0,0.0
1.7391948699951172,-0.3501713275909424,-1.3315569162368774,0.0,0.0,-0.0007126350537873805,-0.15546293556690216,0.0,0.0,0.17433214391926133,0.20286416082657605,-0.03168226778507233,0.08517201244831085,0.0,0.0,0.0,0.0
1.740839958190918,-0.3501713275909424,-1.3315569162368774,0.0,0.0,-0.0007126350537873805,-0.15546293556690216,0.0,0.0,0.17433214391926133,0.20286416082657605,-0.03168226778507233,0.08517201244831085,0.0,0.0,0.0,0.0
1.7424545288085938,-0.3501713275909424,-1.3315569162368774,0.0,0.0,-0.0007126350537873805,-0.15546293556690216,0.0,0.0,0.17433214391926133,0.20286416082657605,-0.03168226778507233,0.08517201244831085,0.0,0.0,0.0,0.0
1.7439403533935547,-0.3501713275909424,-1.3315569162368774,0.0,0.0,-0.0007126350537873805,-0.15546293556690216,0.0,0.0,0.17433214391926133,0.20286416082657605,-0.03168226778507233,0.08517201244831085,0.0,0.0,0.0,0.0
1.7455427646636963,-0.3501713275909424,-1.3315569162368774,0.0,0.0,-0.0007126350537873805,-0.15546293556690216,0.0,0.0,0.17433214391926133,0.20286416082657605,-0.03168226778507233,0.08517201244831085,0.0,0.0,0.0,0.0
1.7470762729644775,-0.3501713275909424,-1.3315569162368774,0.0,0.0,-0.0007126350537873805,-0.15546293556690216,0.0,0.0,0.17433214391926133,0.20286416082657605,-0.03168226778507233,0.08517201244831085,0.0,0.0,0.0,0.0
1.7492046356201172,-0.3501713275909424,-1.3315569162368774,0.0,0.0,-0.0007126350537873805,-0.15546293556690216,0.0,0.0,0.17433214391926133,0.20286416082657605,-0.03168226778507233,0.08517201244831085,0.0,0.0,0.0,0.0
1.7507753372192383,-0.3501713275909424,-1.3315569162368774,0.0,0.0,-0.0007126350537873805,-0.15546293556690216,0.0,0.0,0.17433214391926133,0.20286416082657605,-0.03168226778507233,0.08517201244831085,0.0,0.0,0.0,0.0
1.7521641254425049,-0.3501713275909424,-1.3315569162368774,0.0,0.0,-0.0007126350537873805,-0.15546293556690216,0.0,0.0,0.17433214391926133,0.20286416082657605,-0.03168226778507233,0.08517201244831085,0.0,0.0,0.0,0.0
1.7535266876220703,-0.3501713275909424,-1.3315569162368774,0.0,0.0,-0.0007126350537873805,-0.15546293556690216,0.0,0.0,0.17433214391926133,0.20286416082657605,-0.03168226778507233,0.08517201244831085,0.0,0.0,0.0,0.0
1.7549278736114502,-0.3501713275909424,-1.3315569162368774,0.0,0.0,-0.0007126350537873805,-0.15546293556690216,0.0,0.0,0.17433214391926133,0.20286416082657605,-0.03168226778507233,0.08517201244831085,0.0,0.0,0.0,0.0
1.7562882900238037,-0.3501713275909424,-1.3315569162368774,0.0,0.0,-0.0007126350537873805,-0.15546293556690216,0.0,0.0,0.17433214391926133,0.20286416082657605,-0.03168226778507233,0.08517201244831085,0.0,0.0,0.0,0.0
1.7584154605865479,-0.3501713275909424,-1.3315569162368774,0.0,0.0,-0.0007126350537873805,-0.15546293556690216,0.0,0.0,0.17433214391926133,0.20286416082657605,-0.03168226778507233,0.08517201244831085,0.0,0.0,0.0,0.0
1.7600808143615723,-0.3501713275909424,-1.3315569162368774,0.0,0.0,-0.0007126350537873805,-0.15546293556690216,0.0,0.0,0.17433214391926133,0.20286416082657605,-0.03168226778507233,0.08517201244831085,0.0,0.0,0.0,0.0
1.7615430355072021,-0.3501713275909424,-1.3315569162368774,0.0,0.0,-0.0007126350537873805,-0.15546293556690216,0.0,0.0,0.17433214391926133,0.20286416082657605,-0.03168226778507233,0.08517201244831085,0.0,0.0,0.0,0.0
1.7635624408721924,-0.3501713275909424,-1.3315569162368774,0.0,0.0,-0.0007126350537873805,-0.15546293556690216,0.0,0.0,0.17433214391926133,0.20286416082657605,-0.03168226778507233,0.08517201244831085,0.0,0.0,0.0,0.0
1.765122890472412,-0.3501713275909424,-1.3315569162368774,0.0,0.0,-0.0007126350537873805,-0.15546293556690216,0.0,0.0,0.17433214391926133,0.20286416082657605,-0.03168226778507233,0.08517201244831085,0.0,0.0,0.0,0.0
1.766632080078125,-0.3501713275909424,-1.3315569162368774,0.0,0.0,-0.0007126350537873805,-0.15546293556690216,0.0,0.0,0.17433214391926133,0.20286416082657605,-0.03168226778507233,0.08517201244831085,0.0,0.0,0.0,0.0
1.7691235542297363,-0.3501713275909424,-1.3315569162368774,0.0,0.0,-0.0007126350537873805,-0.15546293556690216,0.0,0.0,0.17433214391926133,0.20286416082657605,-0.03168226778507233,0.08517201244831085,0.0,0.0,0.0,0.0
1.771331787109375,-0.3501713275909424,-1.3315569162368774,0.0,0.0,-0.0007126350537873805,-0.15546293556690216,0.0,0.0,0.17433214391926133,0.20286416082657605,-0.03168226778507233,0.08517201244831085,0.0,0.0,0.0,0.0
1.7734785079956055,-0.3501713275909424,-1.3315569162368774,0.0,0.0,-0.0007126350537873805,-0.15546293556690216,0.0,0.0,0.17433214391926133,0.20286416082657605,-0.03168226778507233,0.08517201244831085,0.0,0.0,0.0,0.0
1.775078535079956,-0.3501713275909424,-1.3315569162368774,0.0,0.0,-0.0007126350537873805,-0.15546293556690216,0.0,0.0,0.17433214391926133,0.20286416082657605,-0.03168226778507233,0.08517201244831085,0.0,0.0,0.0,0.0
1.77671480178833,-0.3501713275909424,-1.3315569162368774,0.0,0.0,-0.0007126350537873805,-0.15546293556690216,0.0,0.0,0.17433214391926133,0.20286416082657605,-0.03168226778507233,0.08517201244831085,0.0,0.0,0.0,0.0
1.7789793014526367,-0.3501713275909424,-1.3315569162368774,0.0,0.0,-0.0007126350537873805,-0.15546293556690216,0.0,0.0,0.17433214391926133,0.20286416082657605,-0.03168226778507233,0.08517201244831085,0.0,0.0,0.0,0.0
1.7809674739837646,-0.3501713275909424,-1.3315569162368774,0.0,0.0,-0.0007126350537873805,-0.15546293556690216,0.0,0.0,0.17433214391926133,0.20286416082657605,-0.03168226778507233,0.08517201244831085,0.0,0.0,0.0,0.0
1.7824938297271729,-0.3501713275909424,-1.3315569162368774,0.0,0.0,-0.0007126350537873805,-0.15546293556690216,0.0,0.0,0.17433214391926133,0.20286416082657605,-0.03168226778507233,0.08517201244831085,0.0,0.0,0.0,0.0
1.7840170860290527,-0.3501713275909424,-1.3315569162368774,0.0,0.0,-0.0007126350537873805,-0.15546293556690216,0.0,0.0,0.17433214391926133,0.20286416082657605,-0.03168226778507233,0.08517201244831085,0.0,0.0,0.0,0.0
1.7859106063842773,-0.3501713275909424,-1.3315569162368774,0.0,0.0,-0.0007126350537873805,-0.15546293556690216,0.0,0.0,0.17433214391926133,0.20286416082657605,-0.03168226778507233,0.08517201244831085,0.0,0.0,0.0,0.0
1.7876296043395996,-0.3501713275909424,-1.3315569162368774,0.0,0.0,-0.0007126350537873805,-0.15546293556690216,0.0,0.0,0.17433214391926133,0.20286416082657605,-0.03168226778507233,0.08517201244831085,0.0,0.0,0.0,0.0
1.7894487380981445,-0.3501713275909424,-1.3315569162368774,0.0,0.0,-0.0007126350537873805,-0.15546293556690216,0.0,0.0,0.17433214391926133,0.20286416082657605,-0.03168226778507233,0.08517201244831085,0.0,0.0,0.0,0.0
1.7908830642700195,-0.3501713275909424,-1.3315569162368774,0.0,0.0,-0.0007126350537873805,-0.15546293556690216,0.0,0.0,0.17433214391926133,0.20286416082657605,-0.03168226778507233,0.08517201244831085,0.0,0.0,0.0,0.0
1.7923271656036377,-0.3501713275909424,-1.3315569162368774,0.0,0.0,-0.0007126350537873805,-0.15546293556690216,0.0,0.0,0.17433214391926133,0.20286416082657605,-0.03168226778507233,0.08517201244831085,0.0,0.0,0.0,0.0
1.793769121170044,-0.3501713275909424,-1.3315569162368774,0.0,0.0,-0.0007126350537873805,-0.15546293556690216,0.0,0.0,0.17433214391926133,0.20286416082657605,-0.03168226778507233,0.08517201244831085,0.0,0.0,0.0,0.0
1.795186996459961,-0.3501713275909424,-1.3315569162368774,0.0,0.0,-0.0007126350537873805,-0.15546293556690216,0.0,0.0,0.17433214391926133,0.20286416082657605,-0.03168226778507233,0.08517201244831085,0.0,0.0,0.0,0.0
1.7966349124908447,-0.3501713275909424,-1.3315569162368774,0.0,0.0,-0.0007126350537873805,-0.15546293556690216,0.0,0.0,0.17433214391926133,0.20286416082657605,-0.03168226778507233,0.08517201244831085,0.0,0.0,0.0,0.0
1.7987613677978516,-0.3501713275909424,-1.3315569162368774,0.0,0.0,-0.0007126350537873805,-0.15546293556690216,0.0,0.0,0.17433214391926133,0.20286416082657605,-0.03168226778507233,0.08517201244831085,0.0,0.0,0.0,0.0
1.8004605770111084,-0.3501713275909424,-1.3315569162368774,0.0,0.0,-0.0007126350537873805,-0.15546293556690216,0.0,0.0,0.17433214391926133,0.20286416082657605,-0.03168226778507233,0.08517201244831085,0.0,0.0,0.0,0.0
1.8024775981903076,-0.3501713275909424,-1.3315569162368774,0.0,0.0,-0.0007126350537873805,-0.15546293556690216,0.0,0.0,0.17433214391926133,0.20286416082657605,-0.03168226778507233,0.08517201244831085,0.0,0.0,0.0,0.0
1.804309368133545,-0.3501713275909424,-1.3315569162368774,0.0,0.0,-0.0007126350537873805,-0.15546293556690216,0.0,0.0,0.17433214391926133,0.20286416082657605,-0.03168226778507233,0.08517201244831085,0.0,0.0,0.0,0.0
1.8066198825836182,-0.3501713275909424,-1.3315569162368774,0.0,0.0,-0.0007126350537873805,-0.15546293556690216,0.0,0.0,0.17433214391926133,0.20286416082657605,-0.03168226778507233,0.08517201244831085,0.0,0.0,0.0,0.0
1.8089091777801514,-0.3501713275909424,-1.3315569162368774,0.0,0.0,-0.0007126350537873805,-0.15546293556690216,0.0,0.0,0.17433214391926133,0.20286416082657605,-0.03168226778507233,0.08517201244831085,0.0,0.0,0.0,0.0
1.8114628791809082,-0.3501713275909424,-1.3315569162368774,0.0,0.0,-0.0007126350537873805,-0.15546293556690216,0.0,0.0,0.17433214391926133,0.20286416082657605,-0.03168226778507233,0.08517201244831085,0.0,0.0,0.0,0.0
1.813141107559204,-0.3501713275909424,-1.3315569162368774,0.0,0.0,-0.0007126350537873805,-0.15546293556690216,0.0,0.0,0.17433214391926133,0.20286416082657605,-0.03168226778507233,0.08517201244831085,0.0,0.0,0.0,0.0
1.8149898052215576,-0.3501713275909424,-1.3315569162368774,0.0,0.0,-0.0007126350537873805,-0.15546293556690216,0.0,0.0,0.17433214391926133,0.20286416082657605,-0.03168226778507233,0.08517201244831085,0.0,0.0,0.0,0.0
1.816767930984497,-0.3501713275909424,-1.3315569162368774,0.0,0.0,-0.0007126350537873805,-0.15546293556690216,0.0,0.0,0.17433214391926133,0.20286416082657605,-0.03168226778507233,0.08517201244831085,0.0,0.0,0.0,0.0
1.8185012340545654,-0.3501713275909424,-1.3315569162368774,0.0,0.0,-0.0007126350537873805,-0.15546293556690216,0.0,0.0,0.17433214391926133,0.20286416082657605,-0.03168226778507233,0.08517201244831085,0.0,0.0,0.0,0.0
1.8204452991485596,-0.3501713275909424,-1.3315569162368774,0.0,0.0,-0.0007126350537873805,-0.15546293556690216,0.0,0.0,0.17433214391926133,0.20286416082657605,-0.03168226778507233,0.08517201244831085,0.0,0.0,0.0,0.0
1.8219003677368164,-0.3501713275909424,-1.3315569162368774,0.0,0.0,-0.0007126350537873805,-0.15546293556690216,0.0,0.0,0.17433214391926133,0.20286416082657605,-0.03168226778507233,0.08517201244831085,0.0,0.0,0.0,0.0
1.8251211643218994,-0.3501713275909424,-1.3315569162368774,0.0,0.0,-0.0007126350537873805,-0.15546293556690216,0.0,0.0,0.17433214391926133,0.20286416082657605,-0.03168226778507233,0.08517201244831085,0.0,0.0,0.0,0.0
1.826892375946045,-0.3501713275909424,-1.3315569162368774,0.0,0.0,-0.0007126350537873805,-0.15546293556690216,0.0,0.0,0.17433214391926133,0.20286416082657605,-0.03168226778507233,0.08517201244831085,0.0,0.0,0.0,0.0
1.8287811279296875,-0.3501713275909424,-1.3315569162368774,0.0,0.0,-0.0007126350537873805,-0.15546293556690216,0.0,0.0,0.17433214391926133,0.20286416082657605,-0.03168226778507233,0.08517201244831085,0.0,0.0,0.0,0.0
1.8324863910675049,-0.3501713275909424,-1.3315569162368774,0.0,0.0,-0.0007126350537873805,-0.15546293556690216,0.0,0.0,0.17433214391926133,0.20286416082657605,-0.03168226778507233,0.08517201244831085,0.0,0.0,0.0,0.0
1.8347342014312744,-0.3501713275909424,-1.3315569162368774,0.0,0.0,-0.0007126350537873805,-0.15546293556690216,0.0,0.0,0.17433214391926133,0.20286416082657605,-0.03168226778507233,0.08517201244831085,0.0,0.0,0.0,0.0
1.8363938331604004,-0.3501713275909424,-1.3315569162368774,0.0,0.0,-0.0007126350537873805,-0.15546293556690216,0.0,0.0,0.17433214391926133,0.20286416082657605,-0.03168226778507233,0.08517201244831085,0.0,0.0,0.0,0.0
1.8394367694854736,-0.3501713275909424,-1.3315569162368774,0.0,0.0,-0.0007126350537873805,-0.15546293556690216,0.0,0.0,0.17433214391926133,0.20286416082657605,-0.03168226778507233,0.08517201244831085,0.0,0.0,0.0,0.0
1.8411362171173096,-0.3501713275909424,-1.3315569162368774,0.0,0.0,-0.0007126350537873805,-0.15546293556690216,0.0,0.0,0.17433214391926133,0.20286416082657605,-0.03168226778507233,0.08517201244831085,0.0,0.0,0.0,0.0
1.8425467014312744,-0.3501713275909424,-1.3315569162368774,0.0,0.0,-0.0007126350537873805,-0.15546293556690216,0.0,0.0,0.17433214391926133,0.20286416082657605,-0.03168226778507233,0.08517201244831085,0.0,0.0,0.0,0.0
1.8445641994476318,-0.3501713275909424,-1.3315569162368774,0.0,0.0,-0.0007126350537873805,-0.15546293556690216,0.0,0.0,0.17433214391926133,0.20286416082657605,-0.03168226778507233,0.08517201244831085,0.0,0.0,0.0,0.0
1.8459711074829102,-0.3501713275909424,-1.3315569162368774,0.0,0.0,-0.0007126350537873805,-0.15546293556690216,0.0,0.0,0.17433214391926133,0.20286416082657605,-0.03168226778507233,0.08517201244831085,0.0,0.0,0.0,0.0
1.847489833831787,-0.3501713275909424,-1.3315569162368774,0.0,0.0,-0.0007126350537873805,-0.15546293556690216,0.0,0.0,0.17433214391926133,0.20286416082657605,-0.03168226778507233,0.08517201244831085,0.0,0.0,0.0,0.0
1.8489868640899658,-0.3501713275909424,-1.3315569162368774,0.0,0.0,-0.0007126350537873805,-0.15546293556690216,0.0,0.0,0.17433214391926133,0.20286416082657605,-0.03168226778507233,0.08517201244831085,0.0,0.0,0.0,0.0
1.8505895137786865,-0.3501713275909424,-1.3315569162368774,0.0,0.0,-0.0007126350537873805,-0.15546293556690216,0.0,0.0,0.17433214391926133,0.20286416082657605,-0.03168226778507233,0.08517201244831085,0.0,0.0,0.0,0.0
1.8526570796966553,-0.3501713275909424,-1.3315569162368774,0.0,0.0,-0.0007126350537873805,-0.15546293556690216,0.0,0.0,0.17433214391926133,0.20286416082657605,-0.03168226778507233,0.08517201244831085,0.0,0.0,0.0,0.0
1.854158639907837,-0.3501713275909424,-1.3315569162368774,0.0,0.0,-0.0007126350537873805,-0.15546293556690216,0.0,0.0,0.17433214391926133,0.20286416082657605,-0.03168226778507233,0.08517201244831085,0.0,0.0,0.0,0.0
1.8555424213409424,-0.3501713275909424,-1.3315569162368774,0.0,0.0,-0.0007126350537873805,-0.15546293556690216,0.0,0.0,0.17433214391926133,0.20286416082657605,-0.03168226778507233,0.08517201244831085,0.0,0.0,0.0,0.0
1.857680320739746,-0.3501713275909424,-1.3315569162368774,0.0,0.0,-0.0007126350537873805,-0.15546293556690216,0.0,0.0,0.17433214391926133,0.20286416082657605,-0.03168226778507233,0.08517201244831085,0.0,0.0,0.0,0.0
1.8593690395355225,-0.3501713275909424,-1.3315569162368774,0.0,0.0,-0.0007126350537873805,-0.15546293556690216,0.0,0.0,0.17433214391926133,0.20286416082657605,-0.03168226778507233,0.08517201244831085,0.0,0.0,0.0,0.0
1.8608381748199463,-0.3501713275909424,-1.3315569162368774,0.0,0.0,-0.0007126350537873805,-0.15546293556690216,0.0,0.0,0.17433214391926133,0.20286416082657605,-0.03168226778507233,0.08517201244831085,0.0,0.0,0.0,0.0
1.8631904125213623,-0.3501713275909424,-1.3315569162368774,0.0,0.0,-0.0007126350537873805,-0.15546293556690216,0.0,0.0,0.17433214391926133,0.20286416082657605,-0.03168226778507233,0.08517201244831085,0.0,0.0,0.0,0.0
1.864654302597046,-0.3501713275909424,-1.3315569162368774,0.0,0.0,-0.0007126350537873805,-0.15546293556690216,0.0,0.0,0.17433214391926133,0.20286416082657605,-0.03168226778507233,0.08517201244831085,0.0,0.0,0.0,0.0
1.8666720390319824,-0.3501713275909424,-1.3315569162368774,0.0,0.0,-0.0007126350537873805,-0.15546293556690216,0.0,0.0,0.17433214391926133,0.20286416082657605,-0.03168226778507233,0.08517201244831085,0.0,0.0,0.0,0.0
1.8680784702301025,-0.3501713275909424,-1.3315569162368774,0.0,0.0,-0.0007126350537873805,-0.15546293556690216,0.0,0.0,0.17433214391926133,0.20286416082657605,-0.03168226778507233,0.08517201244831085,0.0,0.0,0.0,0.0
1.8695313930511475,-0.3501713275909424,-1.3315569162368774,0.0,0.0,-0.0007126350537873805,-0.15546293556690216,0.0,0.0,0.17433214391926133,0.20286416082657605,-0.03168226778507233,0.08517201244831085,0.0,0.0,0.0,0.0
1.8716800212860107,-0.3501713275909424,-1.3315569162368774,0.0,0.0,-0.0007126350537873805,-0.15546293556690216,0.0,0.0,0.17433214391926133,0.20286416082657605,-0.03168226778507233,0.08517201244831085,0.0,0.0,0.0,0.0
1.8731646537780762,-0.3501713275909424,-1.3315569162368774,0.0,0.0,-0.0007126350537873805,-0.15546293556690216,0.0,0.0,0.17433214391926133,0.20286416082657605,-0.03168226778507233,0.08517201244831085,0.0,0.0,0.0,0.0
1.8746318817138672,-0.3501713275909424,-1.3315569162368774,0.0,0.0,-0.0007126350537873805,-0.15546293556690216,0.0,0.0,0.17433214391926133,0.20286416082657605,-0.03168226778507233,0.08517201244831085,0.0,0.0,0.0,0.0
1.8760795593261719,-0.3501713275909424,-1.3315569162368774,0.0,0.0,-0.0007126350537873805,-0.15546293556690216,0.0,0.0,0.17433214391926133,0.20286416082657605,-0.03168226778507233,0.08517201244831085,0.0,0.0,0.0,0.0
1.8782246112823486,-0.3501713275909424,-1.3315569162368774,0.0,0.0,-0.0007126350537873805,-0.15546293556690216,0.0,0.0,0.17433214391926133,0.20286416082657605,-0.03168226778507233,0.08517201244831085,0.0,0.0,0.0,0.0
1.8797039985656738,-0.3501713275909424,-1.3315569162368774,0.0,0.0,-0.0007126350537873805,-0.15546293556690216,0.0,0.0,0.17433214391926133,0.20286416082657605,-0.03168226778507233,0.08517201244831085,0.0,0.0,0.0,0.0
1.8816795349121094,-0.3501713275909424,-1.3315569162368774,0.0,0.0,-0.0007126350537873805,-0.15546293556690216,0.0,0.0,0.17433214391926133,0.20286416082657605,-0.03168226778507233,0.08517201244831085,0.0,0.0,0.0,0.0
1.8837940692901611,-0.3501713275909424,-1.3315569162368774,0.0,0.0,-0.0007126350537873805,-0.15546293556690216,0.0,0.0,0.17433214391926133,0.20286416082657605,-0.03168226778507233,0.08517201244831085,0.0,0.0,0.0,0.0
1.8853135108947754,-0.3501713275909424,-1.3315569162368774,0.0,0.0,-0.0007126350537873805,-0.15546293556690216,0.0,0.0,0.17433214391926133,0.20286416082657605,-0.03168226778507233,0.08517201244831085,0.0,0.0,0.0,0.0
1.8869500160217285,-0.3501713275909424,-1.3315569162368774,0.0,0.0,-0.0007126350537873805,-0.15546293556690216,0.0,0.0,0.17433214391926133,0.20286416082657605,-0.03168226778507233,0.08517201244831085,0.0,0.0,0.0,0.0
1.8887553215026855,-0.3501713275909424,-1.3315569162368774,0.0,0.0,-0.0007126350537873805,-0.15546293556690216,0.0,0.0,0.17433214391926133,0.20286416082657605,-0.03168226778507233,0.08517201244831085,0.0,0.0,0.0,0.0
1.8903732299804688,-0.3501713275909424,-1.3315569162368774,0.0,0.0,-0.0007126350537873805,-0.15546293556690216,0.0,0.0,0.17433214391926133,0.20286416082657605,-0.03168226778507233,0.08517201244831085,0.0,0.0,0.0,0.0
1.8918352127075195,-0.3501713275909424,-1.3315569162368774,0.0,0.0,-0.0007126350537873805,-0.15546293556690216,0.0,0.0,0.17433214391926133,0.20286416082657605,-0.03168226778507233,0.08517201244831085,0.0,0.0,0.0,0.0
1.8935015201568604,-0.3501713275909424,-1.3315569162368774,0.0,0.0,-0.0007126350537873805,-0.15546293556690216,0.0,0.0,0.17433214391926133,0.20286416082657605,-0.03168226778507233,0.08517201244831085,0.0,0.0,0.0,0.0
1.8971683979034424,-0.3501713275909424,-1.3315569162368774,0.0,0.0,-0.0007126350537873805,-0.15546293556690216,0.0,0.0,0.17433214391926133,0.20286416082657605,-0.03168226778507233,0.08517201244831085,0.0,0.0,0.0,0.0
1.8993430137634277,-0.3501713275909424,-1.3315569162368774,0.0,0.0,-0.0007126350537873805,-0.15546293556690216,0.0,0.0,0.17433214391926133,0.20286416082657605,-0.03168226778507233,0.08517201244831085,0.0,0.0,0.0,0.0
1.901427984237671,-0.3501713275909424,-1.3315569162368774,0.0,0.0,-0.0007126350537873805,-0.15546293556690216,0.0,0.0,0.17433214391926133,0.20286416082657605,-0.03168226778507233,0.08517201244831085,0.0,0.0,0.0,0.0
1.902806043624878,-0.3501713275909424,-1.3315569162368774,0.0,0.0,-0.0007126350537873805,-0.15546293556690216,0.0,0.0,0.17433214391926133,0.20286416082657605,-0.03168226778507233,0.08517201244831085,0.0,0.0,0.0,0.0
1.904299259185791,-0.3501713275909424,-1.3315569162368774,0.0,0.0,-0.0007126350537873805,-0.15546293556690216,0.0,0.0,0.17433214391926133,0.20286416082657605,-0.03168226778507233,0.08517201244831085,0.0,0.0,0.0,0.0
1.905867099761963,-0.3501713275909424,-1.3315569162368774,0.0,0.0,-0.0007126350537873805,-0.15546293556690216,0.0,0.0,0.17433214391926133,0.20286416082657605,-0.03168226778507233,0.08517201244831085,0.0,0.0,0.0,0.0
1.9082646369934082,-0.3501713275909424,-1.3315569162368774,0.0,0.0,-0.0007126350537873805,-0.15546293556690216,0.0,0.0,0.17433214391926133,0.20286416082657605,-0.03168226778507233,0.08517201244831085,0.0,0.0,0.0,0.0
1.9096508026123047,-0.3501713275909424,-1.3315569162368774,0.0,0.0,-0.0007126350537873805,-0.15546293556690216,0.0,0.0,0.17433214391926133,0.20286416082657605,-0.03168226778507233,0.08517201244831085,0.0,0.0,0.0,0.0
1.911393404006958,-0.3501713275909424,-1.3315569162368774,0.0,0.0,-0.0007126350537873805,-0.15546293556690216,0.0,0.0,0.17433214391926133,0.20286416082657605,-0.03168226778507233,0.08517201244831085,0.0,0.0,0.0,0.0
1.9127798080444336,-0.3501713275909424,-1.3315569162368774,0.0,0.0,-0.0007126350537873805,-0.15546293556690216,0.0,0.0,0.17433214391926133,0.20286416082657605,-0.03168226778507233,0.08517201244831085,0.0,0.0,0.0,0.0
1.9141781330108643,-0.3501713275909424,-1.3315569162368774,0.0,0.0,-0.0007126350537873805,-0.15546293556690216,0.0,0.0,0.17433214391926133,0.20286416082657605,-0.03168226778507233,0.08517201244831085,0.0,0.0,0.0,0.0
1.915783405303955,-0.3501713275909424,-1.3315569162368774,0.0,0.0,-0.0007126350537873805,-0.15546293556690216,0.0,0.0,0.17433214391926133,0.20286416082657605,-0.03168226778507233,0.08517201244831085,0.0,0.0,0.0,0.0
1.9171438217163086,-0.3501713275909424,-1.3315569162368774,0.0,0.0,-0.0007126350537873805,-0.15546293556690216,0.0,0.0,0.17433214391926133,0.20286416082657605,-0.03168226778507233,0.08517201244831085,0.0,0.0,0.0,0.0
1.9191086292266846,-0.3501713275909424,-1.3315569162368774,0.0,0.0,-0.0007126350537873805,-0.15546293556690216,0.0,0.0,0.17433214391926133,0.20286416082657605,-0.03168226778507233,0.08517201244831085,0.0,0.0,0.0,0.0
1.920912265777588,-0.3501713275909424,-1.3315569162368774,0.0,0.0,-0.0007126350537873805,-0.15546293556690216,0.0,0.0,0.17433214391926133,0.20286416082657605,-0.03168226778507233,0.08517201244831085,0.0,0.0,0.0,0.0
1.922386884689331,-0.3501713275909424,-1.3315569162368774,0.0,0.0,-0.0007126350537873805,-0.15546293556690216,0.0,0.0,0.17433214391926133,0.20286416082657605,-0.03168226778507233,0.08517201244831085,0.0,0.0,0.0,0.0
1.9238228797912598,-0.3501713275909424,-1.3315569162368774,0.0,0.0,-0.0007126350537873805,-0.15546293556690216,0.0,0.0,0.17433214391926133,0.20286416082657605,-0.03168226778507233,0.08517201244831085,0.0,0.0,0.0,0.0
1.925323486328125,-0.3501713275909424,-1.3315569162368774,0.0,0.0,-0.0007126350537873805,-0.15546293556690216,0.0,0.0,0.17433214391926133,0.20286416082657605,-0.03168226778507233,0.08517201244831085,0.0,0.0,0.0,0.0
1.9275469779968262,-0.3501713275909424,-1.3315569162368774,0.0,0.0,-0.0007126350537873805,-0.15546293556690216,0.0,0.0,0.17433214391926133,0.20286416082657605,-0.03168226778507233,0.08517201244831085,0.0,0.0,0.0,0.0
1.9297173023223877,-0.3501713275909424,-1.3315569162368774,0.0,0.0,-0.0007126350537873805,-0.15546293556690216,0.0,0.0,0.17433214391926133,0.20286416082657605,-0.03168226778507233,0.08517201244831085,0.0,0.0,0.0,0.0
1.9314701557159424,-0.3501713275909424,-1.3315569162368774,0.0,0.0,-0.0007126350537873805,-0.15546293556690216,0.0,0.0,0.17433214391926133,0.20286416082657605,-0.03168226778507233,0.08517201244831085,0.0,0.0,0.0,0.0
1.9330344200134277,-0.3501713275909424,-1.3315569162368774,0.0,0.0,-0.0007126350537873805,-0.15546293556690216,0.0,0.0,0.17433214391926133,0.20286416082657605,-0.03168226778507233,0.08517201244831085,0.0,0.0,0.0,0.0
1.9348421096801758,-0.3501713275909424,-1.3315569162368774,0.0,0.0,-0.0007126350537873805,-0.15546293556690216,0.0,0.0,0.17433214391926133,0.20286416082657605,-0.03168226778507233,0.08517201244831085,0.0,0.0,0.0,0.0
1.9363861083984375,-0.3501713275909424,-1.3315569162368774,0.0,0.0,-0.0007126350537873805,-0.15546293556690216,0.0,0.0,0.17433214391926133,0.20286416082657605,-0.03168226778507233,0.08517201244831085,0.0,0.0,0.0,0.0
1.9378993511199951,-0.3501713275909424,-1.3315569162368774,0.0,0.0,-0.0007126350537873805,-0.15546293556690216,0.0,0.0,0.17433214391926133,0.20286416082657605,-0.03168226778507233,0.08517201244831085,0.0,0.0,0.0,0.0
1.940096378326416,-0.3501713275909424,-1.3315569162368774,0.0,0.0,-0.0007126350537873805,-0.15546293556690216,0.0,0.0,0.17433214391926133,0.20286416082657605,-0.03168226778507233,0.08517201244831085,0.0,0.0,0.0,0.0
1.942101001739502,-0.3501713275909424,-1.3315569162368774,0.0,0.0,-0.0007126350537873805,-0.15546293556690216,0.0,0.0,0.17433214391926133,0.20286416082657605,-0.03168226778507233,0.08517201244831085,0.0,0.0,0.0,0.0
1.9435675144195557,-0.3501713275909424,-1.3315569162368774,0.0,0.0,-0.0007126350537873805,-0.15546293556690216,0.0,0.0,0.17433214391926133,0.20286416082657605,-0.03168226778507233,0.08517201244831085,0.0,0.0,0.0,0.0
1.9450106620788574,-0.3501713275909424,-1.3315569162368774,0.0,0.0,-0.0007126350537873805,-0.15546293556690216,0.0,0.0,0.17433214391926133,0.20286416082657605,-0.03168226778507233,0.08517201244831085,0.0,0.0,0.0,0.0
1.9464542865753174,-0.3501713275909424,-1.3315569162368774,0.0,0.0,-0.0007126350537873805,-0.15546293556690216,0.0,0.0,0.17433214391926133,0.20286416082657605,-0.03168226778507233,0.08517201244831085,0.0,0.0,0.0,0.0
1.948101282119751,-0.3501713275909424,-1.3315569162368774,0.0,0.0,-0.0007126350537873805,-0.15546293556690216,0.0,0.0,0.17433214391926133,0.20286416082657605,-0.03168226778507233,0.08517201244831085,0.0,0.0,0.0,0.0
1.9496691226959229,-0.3501713275909424,-1.3315569162368774,0.0,0.0,-0.0007126350537873805,-0.15546293556690216,0.0,0.0,0.17433214391926133,0.20286416082657605,-0.03168226778507233,0.08517201244831085,0.0,0.0,0.0,0.0
1.9511711597442627,-0.3501713275909424,-1.3315569162368774,0.0,0.0,-0.0007126350537873805,-0.15546293556690216,0.0,0.0,0.17433214391926133,0.20286416082657605,-0.03168226778507233,0.08517201244831085,0.0,0.0,0.0,0.0
1.9526162147521973,-0.3501713275909424,-1.3315569162368774,0.0,0.0,-0.0007126350537873805,-0.15546293556690216,0.0,0.0,0.17433214391926133,0.20286416082657605,-0.03168226778507233,0.08517201244831085,0.0,0.0,0.0,0.0
1.9540629386901855,-0.3501713275909424,-1.3315569162368774,0.0,0.0,-0.0007126350537873805,-0.15546293556690216,0.0,0.0,0.17433214391926133,0.20286416082657605,-0.03168226778507233,0.08517201244831085,0.0,0.0,0.0,0.0
1.956256628036499,-0.3501713275909424,-1.3315569162368774,0.0,0.0,-0.0007126350537873805,-0.15546293556690216,0.0,0.0,0.17433214391926133,0.20286416082657605,-0.03168226778507233,0.08517201244831085,0.0,0.0,0.0,0.0
1.9587886333465576,-0.3501713275909424,-1.3315569162368774,0.0,0.0,-0.0007126350537873805,-0.15546293556690216,0.0,0.0,0.17433214391926133,0.20286416082657605,-0.03168226778507233,0.08517201244831085,0.0,0.0,0.0,0.0
1.9603664875030518,-0.3501713275909424,-1.3315569162368774,0.0,0.0,-0.0007126350537873805,-0.15546293556690216,0.0,0.0,0.17433214391926133,0.20286416082657605,-0.03168226778507233,0.08517201244831085,0.0,0.0,0.0,0.0
1.9617881774902344,-0.3501713275909424,-1.3315569162368774,0.0,0.0,-0.0007126350537873805,-0.15546293556690216,0.0,0.0,0.17433214391926133,0.20286416082657605,-0.03168226778507233,0.08517201244831085,0.0,0.0,0.0,0.0
1.963759183883667,-0.3501713275909424,-1.3315569162368774,0.0,0.0,-0.0007126350537873805,-0.15546293556690216,0.0,0.0,0.17433214391926133,0.20286416082657605,-0.03168226778507233,0.08517201244831085,0.0,0.0,0.0,0.0
1.9651715755462646,-0.3501713275909424,-1.3315569162368774,0.0,0.0,-0.0007126350537873805,-0.15546293556690216,0.0,0.0,0.17433214391926133,0.20286416082657605,-0.03168226778507233,0.08517201244831085,0.0,0.0,0.0,0.0
1.966583490371704,-0.3501713275909424,-1.3315569162368774,0.0,0.0,-0.0007126350537873805,-0.15546293556690216,0.0,0.0,0.17433214391926133,0.20286416082657605,-0.03168226778507233,0.08517201244831085,0.0,0.0,0.0,0.0
1.9680395126342773,-0.3501713275909424,-1.3315569162368774,0.0,0.0,-0.0007126350537873805,-0.15546293556690216,0.0,0.0,0.17433214391926133,0.20286416082657605,-0.03168226778507233,0.08517201244831085,0.0,0.0,0.0,0.0
1.9699821472167969,-0.3501713275909424,-1.3315569162368774,0.0,0.0,-0.0007126350537873805,-0.15546293556690216,0.0,0.0,0.17433214391926133,0.20286416082657605,-0.03168226778507233,0.08517201244831085,0.0,0.0,0.0,0.0
1.9713799953460693,-0.3501713275909424,-1.3315569162368774,0.0,0.0,-0.0007126350537873805,-0.15546293556690216,0.0,0.0,0.17433214391926133,0.20286416082657605,-0.03168226778507233,0.08517201244831085,0.0,0.0,0.0,0.0
1.972815752029419,-0.3501713275909424,-1.3315569162368774,0.0,0.0,-0.0007126350537873805,-0.15546293556690216,0.0,0.0,0.17433214391926133,0.20286416082657605,-0.03168226778507233,0.08517201244831085,0.0,0.0,0.0,0.0
1.974245309829712,-0.3501713275909424,-1.3315569162368774,0.0,0.0,-0.0007126350537873805,-0.15546293556690216,0.0,0.0,0.17433214391926133,0.20286416082657605,-0.03168226778507233,0.08517201244831085,0.0,0.0,0.0,0.0
1.9757122993469238,-0.3501713275909424,-1.3315569162368774,0.0,0.0,-0.0007126350537873805,-0.15546293556690216,0.0,0.0,0.17433214391926133,0.20286416082657605,-0.03168226778507233,0.08517201244831085,0.0,0.0,0.0,0.0
1.9776744842529297,-0.3501713275909424,-1.3315569162368774,0.0,0.0,-0.0007126350537873805,-0.15546293556690216,0.0,0.0,0.17433214391926133,0.20286416082657605,-0.03168226778507233,0.08517201244831085,0.0,0.0,0.0,0.0
1.9797005653381348,-0.3501713275909424,-1.3315569162368774,0.0,0.0,-0.0007126350537873805,-0.15546293556690216,0.0,0.0,0.17433214391926133,0.20286416082657605,-0.03168226778507233,0.08517201244831085,0.0,0.0,0.0,0.0
1.981421709060669,-0.3501713275909424,-1.3315569162368774,0.0,0.0,-0.0007126350537873805,-0.15546293556690216,0.0,0.0,0.17433214391926133,0.20286416082657605,-0.03168226778507233,0.08517201244831085,0.0,0.0,0.0,0.0
1.983651876449585,-0.3501713275909424,-1.3315569162368774,0.0,0.0,-0.0007126350537873805,-0.15546293556690216,0.0,0.0,0.17433214391926133,0.20286416082657605,-0.03168226778507233,0.08517201244831085,0.0,0.0,0.0,0.0
1.9855105876922607,-0.3501713275909424,-1.3315569162368774,0.0,0.0,-0.0007126350537873805,-0.15546293556690216,0.0,0.0,0.17433214391926133,0.20286416082657605,-0.03168226778507233,0.08517201244831085,0.0,0.0,0.0,0.0
1.986924171447754,-0.3501713275909424,-1.3315569162368774,0.0,0.0,-0.0007126350537873805,-0.15546293556690216,0.0,0.0,0.17433214391926133,0.20286416082657605,-0.03168226778507233,0.08517201244831085,0.0,0.0,0.0,0.0
1.9891159534454346,-0.3501713275909424,-1.3315569162368774,0.0,0.0,-0.0007126350537873805,-0.15546293556690216,0.0,0.0,0.17433214391926133,0.20286416082657605,-0.03168226778507233,0.08517201244831085,0.0,0.0,0.0,0.0
1.9912145137786865,-0.3501713275909424,-1.3315569162368774,0.0,0.0,-0.0007126350537873805,-0.15546293556690216,0.0,0.0,0.17433214391926133,0.20286416082657605,-0.03168226778507233,0.08517201244831085,0.0,0.0,0.0,0.0
1.9926807880401611,-0.3501713275909424,-1.3315569162368774,0.0,0.0,-0.0007126350537873805,-0.15546293556690216,0.0,0.0,0.17433214391926133,0.20286416082657605,-0.03168226778507233,0.08517201244831085,0.0,0.0,0.0,0.0
1.9941329956054688,-0.3501713275909424,-1.3315569162368774,0.0,0.0,-0.0007126350537873805,-0.15546293556690216,0.0,0.0,0.17433214391926133,0.20286416082657605,-0.03168226778507233,0.08517201244831085,0.0,0.0,0.0,0.0
1.9960277080535889,-0.3501713275909424,-1.3315569162368774,0.0,0.0,-0.0007126350537873805,-0.15546293556690216,0.0,0.0,0.17433214391926133,0.20286416082657605,-0.03168226778507233,0.08517201244831085,0.0,0.0,0.0,0.0
1.997633934020996,-0.3501713275909424,-1.3315569162368774,0.0,0.0,-0.0007126350537873805,-0.15546293556690216,0.0,0.0,0.17433214391926133,0.20286416082657605,-0.03168226778507233,0.08517201244831085,0.0,0.0,0.0,0.0
1.9991424083709717,-0.3501713275909424,-1.3315569162368774,0.0,0.0,-0.0007126350537873805,-0.15546293556690216,0.0,0.0,0.17433214391926133,0.20286416082657605,-0.03168226778507233,0.08517201244831085,0.0,0.0,0.0,0.0
2.0005950927734375,-0.3501713275909424,-1.3315569162368774,0.0,0.0,-0.0007126350537873805,-0.15546293556690216,0.0,0.0,0.17433214391926133,0.20286416082657605,-0.03168226778507233,0.08517201244831085,0.0,0.0,0.0,0.0
2.0020482540130615,-0.3501713275909424,-1.3315569162368774,0.0,0.0,-0.0007126350537873805,-0.15546293556690216,0.0,0.0,0.17433214391926133,0.20286416082657605,-0.03168226778507233,0.08517201244831085,0.0,0.0,0.0,0.0
2.0034871101379395,-0.3501713275909424,-1.3315569162368774,0.0,0.0,-0.0007126350537873805,-0.15546293556690216,0.0,0.0,0.17433214391926133,0.20286416082657605,-0.03168226778507233,0.08517201244831085,0.0,0.0,0.0,0.0
2.0051379203796387,-0.3501713275909424,-1.3315569162368774,0.0,0.0,-0.0007126350537873805,-0.15546293556690216,0.0,0.0,0.17433214391926133,0.20286416082657605,-0.03168226778507233,0.08517201244831085,0.0,0.0,0.0,0.0
2.0067269802093506,-0.3501713275909424,-1.3315569162368774,0.0,0.0,-0.0007126350537873805,-0.15546293556690216,0.0,0.0,0.17433214391926133,0.20286416082657605,-0.03168226778507233,0.08517201244831085,0.0,0.0,0.0,0.0
2.0082452297210693,-0.3501713275909424,-1.3315569162368774,0.0,0.0,-0.0007126350537873805,-0.15546293556690216,0.0,0.0,0.17433214391926133,0.20286416082657605,-0.03168226778507233,0.08517201244831085,0.0,0.0,0.0,0.0
2.0096545219421387,-0.3501713275909424,-1.3315569162368774,0.0,0.0,-0.0007126350537873805,-0.15546293556690216,0.0,0.0,0.17433214391926133,0.20286416082657605,-0.03168226778507233,0.08517201244831085,0.0,0.0,0.0,0.0
2.01106858253479,-0.3501713275909424,-1.3315569162368774,0.0,0.0,-0.0007126350537873805,-0.15546293556690216,0.0,0.0,0.17433214391926133,0.20286416082657605,-0.03168226778507233,0.08517201244831085,0.0,0.0,0.0,0.0
2.012535572052002,-0.3501713275909424,-1.3315569162368774,0.0,0.0,-0.0007126350537873805,-0.15546293556690216,0.0,0.0,0.17433214391926133,0.20286416082657605,-0.03168226778507233,0.08517201244831085,0.0,0.0,0.0,0.0
2.014305830001831,-0.3501713275909424,-1.3315569162368774,0.0,0.0,-0.0007126350537873805,-0.15546293556690216,0.0,0.0,0.17433214391926133,0.20286416082657605,-0.03168226778507233,0.08517201244831085,0.0,0.0,0.0,0.0
2.016047716140747,-0.3501713275909424,-1.3315569162368774,0.0,0.0,-0.0007126350537873805,-0.15546293556690216,0.0,0.0,0.17433214391926133,0.20286416082657605,-0.03168226778507233,0.08517201244831085,0.0,0.0,0.0,0.0
2.0178000926971436,-0.3501713275909424,-1.3315569162368774,0.0,0.0,-0.0007126350537873805,-0.15546293556690216,0.0,0.0,0.17433214391926133,0.20286416082657605,-0.03168226778507233,0.08517201244831085,0.0,0.0,0.0,0.0
2.0197396278381348,-0.3501713275909424,-1.3315569162368774,0.0,0.0,-0.0007126350537873805,-0.15546293556690216,0.0,0.0,0.17433214391926133,0.20286416082657605,-0.03168226778507233,0.08517201244831085,0.0,0.0,0.0,0.0
2.0218052864074707,-0.3501713275909424,-1.3315569162368774,0.0,0.0,-0.0007126350537873805,-0.15546293556690216,0.0,0.0,0.17433214391926133,0.20286416082657605,-0.03168226778507233,0.08517201244831085,0.0,0.0,0.0,0.0
2.0234923362731934,-0.3501713275909424,-1.3315569162368774,0.0,0.0,-0.0007126350537873805,-0.15546293556690216,0.0,0.0,0.17433214391926133,0.20286416082657605,-0.03168226778507233,0.08517201244831085,0.0,0.0,0.0,0.0
2.0250768661499023,-0.3501713275909424,-1.3315569162368774,0.0,0.0,-0.0007126350537873805,-0.15546293556690216,0.0,0.0,0.17433214391926133,0.20286416082657605,-0.03168226778507233,0.08517201244831085,0.0,0.0,0.0,0.0
2.0270557403564453,-0.3501713275909424,-1.3315569162368774,0.0,0.0,-0.0007126350537873805,-0.15546293556690216,0.0,0.0,0.17433214391926133,0.20286416082657605,-0.03168226778507233,0.08517201244831085,0.0,0.0,0.0,0.0
2.0291709899902344,-0.3501713275909424,-1.3315569162368774,0.0,0.0,-0.0007126350537873805,-0.15546293556690216,0.0,0.0,0.17433214391926133,0.20286416082657605,-0.03168226778507233,0.08517201244831085,0.0,0.0,0.0,0.0
2.031604290008545,-0.3501713275909424,-1.3315569162368774,0.0,0.0,-0.0007126350537873805,-0.15546293556690216,0.0,0.0,0.17433214391926133,0.20286416082657605,-0.03168226778507233,0.08517201244831085,0.0,0.0,0.0,0.0
2.0340466499328613,-0.3501713275909424,-1.3315569162368774,0.0,0.0,-0.0007126350537873805,-0.15546293556690216,0.0,0.0,0.17433214391926133,0.20286416082657605,-0.03168226778507233,0.08517201244831085,0.0,0.0,0.0,0.0
2.036546230316162,-0.3501713275909424,-1.3315569162368774,0.0,0.0,-0.0007126350537873805,-0.15546293556690216,0.0,0.0,0.17433214391926133,0.20286416082657605,-0.03168226778507233,0.08517201244831085,0.0,0.0,0.0,0.0
2.038116931915283,-0.3501713275909424,-1.3315569162368774,0.0,0.0,-0.0007126350537873805,-0.15546293556690216,0.0,0.0,0.17433214391926133,0.20286416082657605,-0.03168226778507233,0.08517201244831085,0.0,0.0,0.0,0.0
2.039658546447754,-0.3501713275909424,-1.3315569162368774,0.0,0.0,-0.0007126350537873805,-0.15546293556690216,0.0,0.0,0.17433214391926133,0.20286416082657605,-0.03168226778507233,0.08517201244831085,0.0,0.0,0.0,0.0
2.041672945022583,-0.3501713275909424,-1.3315569162368774,0.0,0.0,-0.0007126350537873805,-0.15546293556690216,0.0,0.0,0.17433214391926133,0.20286416082657605,-0.03168226778507233,0.08517201244831085,0.0,0.0,0.0,0.0
2.0433011054992676,-0.3501713275909424,-1.3315569162368774,0.0,0.0,-0.0007126350537873805,-0.15546293556690216,0.0,0.0,0.17433214391926133,0.20286416082657605,-0.03168226778507233,0.08517201244831085,0.0,0.0,0.0,0.0
2.046231985092163,-0.3501713275909424,-1.3315569162368774,0.0,0.0,-0.0007126350537873805,-0.15546293556690216,0.0,0.0,0.17433214391926133,0.20286416082657605,-0.03168226778507233,0.08517201244831085,0.0,0.0,0.0,0.0
2.048234224319458,-0.3501713275909424,-1.3315569162368774,0.0,0.0,-0.0007126350537873805,-0.15546293556690216,0.0,0.0,0.17433214391926133,0.20286416082657605,-0.03168226778507233,0.08517201244831085,0.0,0.0,0.0,0.0
2.049909830093384,-0.3501713275909424,-1.3315569162368774,0.0,0.0,-0.0007126350537873805,-0.15546293556690216,0.0,0.0,0.17433214391926133,0.20286416082657605,-0.03168226778507233,0.08517201244831085,0.0,0.0,0.0,0.0
2.0513455867767334,-0.3501713275909424,-1.3315569162368774,0.0,0.0,-0.0007126350537873805,-0.15546293556690216,0.0,0.0,0.17433214391926133,0.20286416082657605,-0.03168226778507233,0.08517201244831085,0.0,0.0,0.0,0.0
2.053328275680542,-0.3501713275909424,-1.3315569162368774,0.0,0.0,-0.0007126350537873805,-0.15546293556690216,0.0,0.0,0.17433214391926133,0.20286416082657605,-0.03168226778507233,0.08517201244831085,0.0,0.0,0.0,0.0
2.055081844329834,-0.3501713275909424,-1.3315569162368774,0.0,0.0,-0.0007126350537873805,-0.15546293556690216,0.0,0.0,0.17433214391926133,0.20286416082657605,-0.03168226778507233,0.08517201244831085,0.0,0.0,0.0,0.0
2.0576095581054688,-0.3501713275909424,-1.3315569162368774,0.0,0.0,-0.0007126350537873805,-0.15546293556690216,0.0,0.0,0.17433214391926133,0.20286416082657605,-0.03168226778507233,0.08517201244831085,0.0,0.0,0.0,0.0
2.059652805328369,-0.3501713275909424,-1.3315569162368774,0.0,0.0,-0.0007126350537873805,-0.15546293556690216,0.0,0.0,0.17433214391926133,0.20286416082657605,-0.03168226778507233,0.08517201244831085,0.0,0.0,0.0,0.0
2.0612001419067383,-0.3501713275909424,-1.3315569162368774,0.0,0.0,-0.0007126350537873805,-0.15546293556690216,0.0,0.0,0.17433214391926133,0.20286416082657605,-0.03168226778507233,0.08517201244831085,0.0,0.0,0.0,0.0
2.062619924545288,-0.3501713275909424,-1.3315569162368774,0.0,0.0,-0.0007126350537873805,-0.15546293556690216,0.0,0.0,0.17433214391926133,0.20286416082657605,-0.03168226778507233,0.08517201244831085,0.0,0.0,0.0,0.0
2.063986301422119,-0.3501713275909424,-1.3315569162368774,0.0,0.0,-0.0007126350537873805,-0.15546293556690216,0.0,0.0,0.17433214391926133,0.20286416082657605,-0.03168226778507233,0.08517201244831085,0.0,0.0,0.0,0.0
2.0653600692749023,-0.3501713275909424,-1.3315569162368774,0.0,0.0,-0.0007126350537873805,-0.15546293556690216,0.0,0.0,0.17433214391926133,0.20286416082657605,-0.03168226778507233,0.08517201244831085,0.0,0.0,0.0,0.0
2.066723108291626,-0.3501713275909424,-1.3315569162368774,0.0,0.0,-0.0007126350537873805,-0.15546293556690216,0.0,0.0,0.17433214391926133,0.20286416082657605,-0.03168226778507233,0.08517201244831085,0.0,0.0,0.0,0.0
2.0682530403137207,-0.3501713275909424,-1.3315569162368774,0.0,0.0,-0.0007126350537873805,-0.15546293556690216,0.0,0.0,0.17433214391926133,0.20286416082657605,-0.03168226778507233,0.08517201244831085,0.0,0.0,0.0,0.0
2.069993734359741,-0.3501713275909424,-1.3315569162368774,0.0,0.0,-0.0007126350537873805,-0.15546293556690216,0.0,0.0,0.17433214391926133,0.20286416082657605,-0.03168226778507233,0.08517201244831085,0.0,0.0,0.0,0.0
2.071899175643921,-0.3501713275909424,-1.3315569162368774,0.0,0.0,-0.0007126350537873805,-0.15546293556690216,0.0,0.0,0.17433214391926133,0.20286416082657605,-0.03168226778507233,0.08517201244831085,0.0,0.0,0.0,0.0
2.073467493057251,-0.3501713275909424,-1.3315569162368774,0.0,0.0,-0.0007126350537873805,-0.15546293556690216,0.0,0.0,0.17433214391926133,0.20286416082657605,-0.03168226778507233,0.08517201244831085,0.0,0.0,0.0,0.0
2.0749478340148926,-0.3501713275909424,-1.3315569162368774,0.0,0.0,-0.0007126350537873805,-0.15546293556690216,0.0,0.0,0.17433214391926133,0.20286416082657605,-0.03168226778507233,0.08517201244831085,0.0,0.0,0.0,0.0
2.0769259929656982,-0.3501713275909424,-1.3315569162368774,0.0,0.0,-0.0007126350537873805,-0.15546293556690216,0.0,0.0,0.17433214391926133,0.20286416082657605,-0.03168226778507233,0.08517201244831085,0.0,0.0,0.0,0.0
2.079252004623413,-0.3501713275909424,-1.3315569162368774,0.0,0.0,-0.0007126350537873805,-0.15546293556690216,0.0,0.0,0.17433214391926133,0.20286416082657605,-0.03168226778507233,0.08517201244831085,0.0,0.0,0.0,0.0
2.080958127975464,-0.3501713275909424,-1.3315569162368774,0.0,0.0,-0.0007126350537873805,-0.15546293556690216,0.0,0.0,0.17433214391926133,0.20286416082657605,-0.03168226778507233,0.08517201244831085,0.0,0.0,0.0,0.0
2.0826869010925293,-0.3501713275909424,-1.3315569162368774,0.0,0.0,-0.0007126350537873805,-0.15546293556690216,0.0,0.0,0.17433214391926133,0.20286416082657605,-0.03168226778507233,0.08517201244831085,0.0,0.0,0.0,0.0
2.0844740867614746,-0.3501713275909424,-1.3315569162368774,0.0,0.0,-0.0007126350537873805,-0.15546293556690216,0.0,0.0,0.17433214391926133,0.20286416082657605,-0.03168226778507233,0.08517201244831085,0.0,0.0,0.0,0.0
2.086292028427124,-0.3501713275909424,-1.3315569162368774,0.0,0.0,-0.0007126350537873805,-0.15546293556690216,0.0,0.0,0.17433214391926133,0.20286416082657605,-0.03168226778507233,0.08517201244831085,0.0,0.0,0.0,0.0
2.0881102085113525,-0.3501713275909424,-1.3315569162368774,0.0,0.0,-0.0007126350537873805,-0.15546293556690216,0.0,0.0,0.17433214391926133,0.20286416082657605,-0.03168226778507233,0.08517201244831085,0.0,0.0,0.0,0.0
2.0902259349823,-0.3501713275909424,-1.3315569162368774,0.0,0.0,-0.0007126350537873805,-0.15546293556690216,0.0,0.0,0.17433214391926133,0.20286416082657605,-0.03168226778507233,0.08517201244831085,0.0,0.0,0.0,0.0
2.0917725563049316,-0.3501713275909424,-1.3315569162368774,0.0,0.0,-0.0007126350537873805,-0.15546293556690216,0.0,0.0,0.17433214391926133,0.20286416082657605,-0.03168226778507233,0.08517201244831085,0.0,0.0,0.0,0.0
2.09325909614563,-0.3501713275909424,-1.3315569162368774,0.0,0.0,-0.0007126350537873805,-0.15546293556690216,0.0,0.0,0.17433214391926133,0.20286416082657605,-0.03168226778507233,0.08517201244831085,0.0,0.0,0.0,0.0
2.0948243141174316,-0.3501713275909424,-1.3315569162368774,0.0,0.0,-0.0007126350537873805,-0.15546293556690216,0.0,0.0,0.17433214391926133,0.20286416082657605,-0.03168226778507233,0.08517201244831085,0.0,0.0,0.0,0.0
2.0970330238342285,-0.3501713275909424,-1.3315569162368774,0.0,0.0,-0.0007126350537873805,-0.15546293556690216,0.0,0.0,0.17433214391926133,0.20286416082657605,-0.03168226778507233,0.08517201244831085,0.0,0.0,0.0,0.0
2.098510980606079,-0.3501713275909424,-1.3315569162368774,0.0,0.0,-0.0007126350537873805,-0.15546293556690216,0.0,0.0,0.17433214391926133,0.20286416082657605,-0.03168226778507233,0.08517201244831085,0.0,0.0,0.0,0.0
2.1002397537231445,-0.3501713275909424,-1.3315569162368774,0.0,0.0,-0.0007126350537873805,-0.15546293556690216,0.0,0.0,0.17433214391926133,0.20286416082657605,-0.03168226778507233,0.08517201244831085,0.0,0.0,0.0,0.0
2.1017093658447266,-0.3501713275909424,-1.3315569162368774,0.0,0.0,-0.0007126350537873805,-0.15546293556690216,0.0,0.0,0.17433214391926133,0.20286416082657605,-0.03168226778507233,0.08517201244831085,0.0,0.0,0.0,0.0
2.103437900543213,-0.3501713275909424,-1.3315569162368774,0.0,0.0,-0.0007126350537873805,-0.15546293556690216,0.0,0.0,0.17433214391926133,0.20286416082657605,-0.03168226778507233,0.08517201244831085,0.0,0.0,0.0,0.0
2.105865955352783,-0.3501713275909424,-1.3315569162368774,0.0,0.0,-0.0007126350537873805,-0.15546293556690216,0.0,0.0,0.17433214391926133,0.20286416082657605,-0.03168226778507233,0.08517201244831085,0.0,0.0,0.0,0.0
2.107564687728882,-0.3501713275909424,-1.3315569162368774,0.0,0.0,-0.0007126350537873805,-0.15546293556690216,0.0,0.0,0.17433214391926133,0.20286416082657605,-0.03168226778507233,0.08517201244831085,0.0,0.0,0.0,0.0
2.109708786010742,-0.3501713275909424,-1.3315569162368774,0.0,0.0,-0.0007126350537873805,-0.15546293556690216,0.0,0.0,0.17433214391926133,0.20286416082657605,-0.03168226778507233,0.08517201244831085,0.0,0.0,0.0,0.0
2.111189842224121,-0.3501713275909424,-1.3315569162368774,0.0,0.0,-0.0007126350537873805,-0.15546293556690216,0.0,0.0,0.17433214391926133,0.20286416082657605,-0.03168226778507233,0.08517201244831085,0.0,0.0,0.0,0.0
2.1126608848571777,-0.3501713275909424,-1.3315569162368774,0.0,0.0,-0.0007126350537873805,-0.15546293556690216,0.0,0.0,0.17433214391926133,0.20286416082657605,-0.03168226778507233,0.08517201244831085,0.0,0.0,0.0,0.0
2.1146068572998047,-0.3501713275909424,-1.3315569162368774,0.0,0.0,-0.0007126350537873805,-0.15546293556690216,0.0,0.0,0.17433214391926133,0.20286416082657605,-0.03168226778507233,0.08517201244831085,0.0,0.0,0.0,0.0
2.116070032119751,-0.3501713275909424,-1.3315569162368774,0.0,0.0,-0.0007126350537873805,-0.15546293556690216,0.0,0.0,0.17433214391926133,0.20286416082657605,-0.03168226778507233,0.08517201244831085,0.0,0.0,0.0,0.0
2.117577314376831,-0.3501713275909424,-1.3315569162368774,0.0,0.0,-0.0007126350537873805,-0.15546293556690216,0.0,0.0,0.17433214391926133,0.20286416082657605,-0.03168226778507233,0.08517201244831085,0.0,0.0,0.0,0.0
2.119063138961792,-0.3501713275909424,-1.3315569162368774,0.0,0.0,-0.0007126350537873805,-0.15546293556690216,0.0,0.0,0.17433214391926133,0.20286416082657605,-0.03168226778507233,0.08517201244831085,0.0,0.0,0.0,0.0
2.1208760738372803,-0.3501713275909424,-1.3315569162368774,0.0,0.0,-0.0007126350537873805,-0.15546293556690216,0.0,0.0,0.17433214391926133,0.20286416082657605,-0.03168226778507233,0.08517201244831085,0.0,0.0,0.0,0.0
2.122344732284546,-0.3501713275909424,-1.3315569162368774,0.0,0.0,-0.0007126350537873805,-0.15546293556690216,0.0,0.0,0.17433214391926133,0.20286416082657605,-0.03168226778507233,0.08517201244831085,0.0,0.0,0.0,0.0
2.124213933944702,-0.3501713275909424,-1.3315569162368774,0.0,0.0,-0.0007126350537873805,-0.15546293556690216,0.0,0.0,0.17433214391926133,0.20286416082657605,-0.03168226778507233,0.08517201244831085,0.0,0.0,0.0,0.0
2.1257927417755127,-0.3501713275909424,-1.3315569162368774,0.0,0.0,-0.0007126350537873805,-0.15546293556690216,0.0,0.0,0.17433214391926133,0.20286416082657605,-0.03168226778507233,0.08517201244831085,0.0,0.0,0.0,0.0
2.12740159034729,-0.3501713275909424,-1.3315569162368774,0.0,0.0,-0.0007126350537873805,-0.15546293556690216,0.0,0.0,0.17433214391926133,0.20286416082657605,-0.03168226778507233,0.08517201244831085,0.0,0.0,0.0,0.0
2.129122495651245,-0.3501713275909424,-1.3315569162368774,0.0,0.0,-0.0007126350537873805,-0.15546293556690216,0.0,0.0,0.17433214391926133,0.20286416082657605,-0.03168226778507233,0.08517201244831085,0.0,0.0,0.0,0.0
2.130910873413086,-0.3501713275909424,-1.3315569162368774,0.0,0.0,-0.0007126350537873805,-0.15546293556690216,0.0,0.0,0.17433214391926133,0.20286416082657605,-0.03168226778507233,0.08517201244831085,0.0,0.0,0.0,0.0
2.132333278656006,-0.3501713275909424,-1.3315569162368774,0.0,0.0,-0.0007126350537873805,-0.15546293556690216,0.0,0.0,0.17433214391926133,0.20286416082657605,-0.03168226778507233,0.08517201244831085,0.0,0.0,0.0,0.0
2.1336870193481445,-0.3501713275909424,-1.3315569162368774,0.0,0.0,-0.0007126350537873805,-0.15546293556690216,0.0,0.0,0.17433214391926133,0.20286416082657605,-0.03168226778507233,0.08517201244831085,0.0,0.0,0.0,0.0
2.135071039199829,-0.3501713275909424,-1.3315569162368774,0.0,0.0,-0.0007126350537873805,-0.15546293556690216,0.0,0.0,0.17433214391926133,0.20286416082657605,-0.03168226778507233,0.08517201244831085,0.0,0.0,0.0,0.0
2.1365222930908203,-0.3501713275909424,-1.3315569162368774,0.0,0.0,-0.0007126350537873805,-0.15546293556690216,0.0,0.0,0.17433214391926133,0.20286416082657605,-0.03168226778507233,0.08517201244831085,0.0,0.0,0.0,0.0
2.137916326522827,-0.3501713275909424,-1.3315569162368774,0.0,0.0,-0.0007126350537873805,-0.15546293556690216,0.0,0.0,0.17433214391926133,0.20286416082657605,-0.03168226778507233,0.08517201244831085,0.0,0.0,0.0,0.0
2.139749526977539,-0.3501713275909424,-1.3315569162368774,0.0,0.0,-0.0007126350537873805,-0.15546293556690216,0.0,0.0,0.17433214391926133,0.20286416082657605,-0.03168226778507233,0.08517201244831085,0.0,0.0,0.0,0.0
2.141192674636841,-0.3501713275909424,-1.3315569162368774,0.0,0.0,-0.0007126350537873805,-0.15546293556690216,0.0,0.0,0.17433214391926133,0.20286416082657605,-0.03168226778507233,0.08517201244831085,0.0,0.0,0.0,0.0
2.142634391784668,-0.3501713275909424,-1.3315569162368774,0.0,0.0,-0.0007126350537873805,-0.15546293556690216,0.0,0.0,0.17433214391926133,0.20286416082657605,-0.03168226778507233,0.08517201244831085,0.0,0.0,0.0,0.0
2.144792318344116,-0.3501713275909424,-1.3315569162368774,0.0,0.0,-0.0007126350537873805,-0.15546293556690216,0.0,0.0,0.17433214391926133,0.20286416082657605,-0.03168226778507233,0.08517201244831085,0.0,0.0,0.0,0.0
2.1463005542755127,-0.3501713275909424,-1.3315569162368774,0.0,0.0,-0.0007126350537873805,-0.15546293556690216,0.0,0.0,0.17433214391926133,0.20286416082657605,-0.03168226778507233,0.08517201244831085,0.0,0.0,0.0,0.0
2.1478211879730225,-0.3501713275909424,-1.3315569162368774,0.0,0.0,-0.0007126350537873805,-0.15546293556690216,0.0,0.0,0.17433214391926133,0.20286416082657605,-0.03168226778507233,0.08517201244831085,0.0,0.0,0.0,0.0
2.1497273445129395,-0.3501713275909424,-1.3315569162368774,0.0,0.0,-0.0007126350537873805,-0.15546293556690216,0.0,0.0,0.17433214391926133,0.20286416082657605,-0.03168226778507233,0.08517201244831085,0.0,0.0,0.0,0.0
2.151275634765625,-0.3501713275909424,-1.3315569162368774,0.0,0.0,-0.0007126350537873805,-0.15546293556690216,0.0,0.0,0.17433214391926133,0.20286416082657605,-0.03168226778507233,0.08517201244831085,0.0,0.0,0.0,0.0
2.1527512073516846,-0.3501713275909424,-1.3315569162368774,0.0,0.0,-0.0007126350537873805,-0.15546293556690216,0.0,0.0,0.17433214391926133,0.20286416082657605,-0.03168226778507233,0.08517201244831085,0.0,0.0,0.0,0.0
2.154677629470825,-0.3501713275909424,-1.3315569162368774,0.0,0.0,-0.0007126350537873805,-0.15546293556690216,0.0,0.0,0.17433214391926133,0.20286416082657605,-0.03168226778507233,0.08517201244831085,0.0,0.0,0.0,0.0
2.156425952911377,-0.3501713275909424,-1.3315569162368774,0.0,0.0,-0.0007126350537873805,-0.15546293556690216,0.0,0.0,0.17433214391926133,0.20286416082657605,-0.03168226778507233,0.08517201244831085,0.0,0.0,0.0,0.0
2.1579785346984863,-0.3501713275909424,-1.3315569162368774,0.0,0.0,-0.0007126350537873805,-0.15546293556690216,0.0,0.0,0.17433214391926133,0.20286416082657605,-0.03168226778507233,0.08517201244831085,0.0,0.0,0.0,0.0
2.1599764823913574,-0.3501713275909424,-1.3315569162368774,0.0,0.0,-0.0007126350537873805,-0.15546293556690216,0.0,0.0,0.17433214391926133,0.20286416082657605,-0.03168226778507233,0.08517201244831085,0.0,0.0,0.0,0.0
2.1616084575653076,-0.3501713275909424,-1.3315569162368774,0.0,0.0,-0.0007126350537873805,-0.15546293556690216,0.0,0.0,0.17433214391926133,0.20286416082657605,-0.03168226778507233,0.08517201244831085,0.0,0.0,0.0,0.0
2.1631975173950195,-0.3501713275909424,-1.3315569162368774,0.0,0.0,-0.0007126350537873805,-0.15546293556690216,0.0,0.0,0.17433214391926133,0.20286416082657605,-0.03168226778507233,0.08517201244831085,0.0,0.0,0.0,0.0
2.1647305488586426,-0.3501713275909424,-1.3315569162368774,0.0,0.0,-0.0007126350537873805,-0.15546293556690216,0.0,0.0,0.17433214391926133,0.20286416082657605,-0.03168226778507233,0.08517201244831085,0.0,0.0,0.0,0.0
2.1662938594818115,-0.3501713275909424,-1.3315569162368774,0.0,0.0,-0.0007126350537873805,-0.15546293556690216,0.0,0.0,0.17433214391926133,0.20286416082657605,-0.03168226778507233,0.08517201244831085,0.0,0.0,0.0,0.0
2.1678202152252197,-0.3501713275909424,-1.3315569162368774,0.0,0.0,-0.0007126350537873805,-0.15546293556690216,0.0,0.0,0.17433214391926133,0.20286416082657605,-0.03168226778507233,0.08517201244831085,0.0,0.0,0.0,0.0
2.173895835876465,-0.3501713275909424,-1.3315569162368774,0.0,0.0,-0.0007126350537873805,-0.15546293556690216,0.0,0.0,0.17433214391926133,0.20286416082657605,-0.03168226778507233,0.08517201244831085,0.0,0.0,0.0,0.0
2.1800036430358887,-0.3501713275909424,-1.3315569162368774,0.0,0.0,-0.0007126350537873805,-0.15546293556690216,0.0,0.0,0.17433214391926133,0.20286416082657605,-0.03168226778507233,0.08517201244831085,0.0,0.0,0.0,0.0
2.1828272342681885,-0.3501713275909424,-1.3315569162368774,0.0,0.0,-0.0007126350537873805,-0.15546293556690216,0.0,0.0,0.17433214391926133,0.20286416082657605,-0.03168226778507233,0.08517201244831085,0.0,0.0,0.0,0.0
2.1860995292663574,-0.3501713275909424,-1.3315569162368774,0.0,0.0,-0.0007126350537873805,-0.15546293556690216,0.0,0.0,0.17433214391926133,0.20286416082657605,-0.03168226778507233,0.08517201244831085,0.0,0.0,0.0,0.0
2.188041925430298,-0.3501713275909424,-1.3315569162368774,0.0,0.0,-0.0007126350537873805,-0.15546293556690216,0.0,0.0,0.17433214391926133,0.20286416082657605,-0.03168226778507233,0.08517201244831085,0.0,0.0,0.0,0.0
2.190462350845337,-0.3501713275909424,-1.3315569162368774,0.0,0.0,-0.0007126350537873805,-0.15546293556690216,0.0,0.0,0.17433214391926133,0.20286416082657605,-0.03168226778507233,0.08517201244831085,0.0,0.0,0.0,0.0
2.1942648887634277,-0.3501713275909424,-1.3315569162368774,0.0,0.0,-0.0007126350537873805,-0.15546293556690216,0.0,0.0,0.17433214391926133,0.20286416082657605,-0.03168226778507233,0.08517201244831085,0.0,0.0,0.0,0.0
2.196836233139038,-0.3501713275909424,-1.3315569162368774,0.0,0.0,-0.0007126350537873805,-0.15546293556690216,0.0,0.0,0.17433214391926133,0.20286416082657605,-0.03168226778507233,0.08517201244831085,0.0,0.0,0.0,0.0
2.1995086669921875,-0.3501713275909424,-1.3315569162368774,0.0,0.0,-0.0007126350537873805,-0.15546293556690216,0.0,0.0,0.17433214391926133,0.20286416082657605,-0.03168226778507233,0.08517201244831085,0.0,0.0,0.0,0.0
2.2011327743530273,-0.3501713275909424,-1.3315569162368774,0.0,0.0,-0.0007126350537873805,-0.15546293556690216,0.0,0.0,0.17433214391926133,0.20286416082657605,-0.03168226778507233,0.08517201244831085,0.0,0.0,0.0,0.0
2.2025959491729736,-0.3501713275909424,-1.3315569162368774,0.0,0.0,-0.0007126350537873805,-0.15546293556690216,0.0,0.0,0.17433214391926133,0.20286416082657605,-0.03168226778507233,0.08517201244831085,0.0,0.0,0.0,0.0
2.2041916847229004,-0.3501713275909424,-1.3315569162368774,0.0,0.0,-0.0007126350537873805,-0.15546293556690216,0.0,0.0,0.17433214391926133,0.20286416082657605,-0.03168226778507233,0.08517201244831085,0.0,0.0,0.0,0.0
2.2066140174865723,-0.3501713275909424,-1.3315569162368774,0.0,0.0,-0.0007126350537873805,-0.15546293556690216,0.0,0.0,0.17433214391926133,0.20286416082657605,-0.03168226778507233,0.08517201244831085,0.0,0.0,0.0,0.0
2.209733486175537,-0.3501713275909424,-1.3315569162368774,0.0,0.0,-0.0007126350537873805,-0.15546293556690216,0.0,0.0,0.17433214391926133,0.20286416082657605,-0.03168226778507233,0.08517201244831085,0.0,0.0,0.0,0.0
2.2113866806030273,-0.3501713275909424,-1.3315569162368774,0.0,0.0,-0.0007126350537873805,-0.15546293556690216,0.0,0.0,0.17433214391926133,0.20286416082657605,-0.03168226778507233,0.08517201244831085,0.0,0.0,0.0,0.0
2.2130954265594482,-0.3501713275909424,-1.3315569162368774,0.0,0.0,-0.0007126350537873805,-0.15546293556690216,0.0,0.0,0.17433214391926133,0.20286416082657605,-0.03168226778507233,0.08517201244831085,0.0,0.0,0.0,0.0
2.2150139808654785,-0.3501713275909424,-1.3315569162368774,0.0,0.0,-0.0007126350537873805,-0.15546293556690216,0.0,0.0,0.17433214391926133,0.20286416082657605,-0.03168226778507233,0.08517201244831085,0.0,0.0,0.0,0.0
2.216508150100708,-0.3501713275909424,-1.3315569162368774,0.0,0.0,-0.0007126350537873805,-0.15546293556690216,0.0,0.0,0.17433214391926133,0.20286416082657605,-0.03168226778507233,0.08517201244831085,0.0,0.0,0.0,0.0
2.21793270111084,-0.3501713275909424,-1.3315569162368774,0.0,0.0,-0.0007126350537873805,-0.15546293556690216,0.0,0.0,0.17433214391926133,0.20286416082657605,-0.03168226778507233,0.08517201244831085,0.0,0.0,0.0,0.0
2.2192223072052,-0.3501713275909424,-1.3315569162368774,0.0,0.0,-0.0007126350537873805,-0.15546293556690216,0.0,0.0,0.17433214391926133,0.20286416082657605,-0.03168226778507233,0.08517201244831085,0.0,0.0,0.0,0.0
2.220526933670044,-0.3501713275909424,-1.3315569162368774,0.0,0.0,-0.0007126350537873805,-0.15546293556690216,0.0,0.0,0.17433214391926133,0.20286416082657605,-0.03168226778507233,0.08517201244831085,0.0,0.0,0.0,0.0
2.223019599914551,-0.3501713275909424,-1.3315569162368774,0.0,0.0,-0.0007126350537873805,-0.15546293556690216,0.0,0.0,0.17433214391926133,0.20286416082657605,-0.03168226778507233,0.08517201244831085,0.0,0.0,0.0,0.0
2.2246832847595215,-0.3501713275909424,-1.3315569162368774,0.0,0.0,-0.0007126350537873805,-0.15546293556690216,0.0,0.0,0.17433214391926133,0.20286416082657605,-0.03168226778507233,0.08517201244831085,0.0,0.0,0.0,0.0
2.225959300994873,-0.3501713275909424,-1.3315569162368774,0.0,0.0,-0.0007126350537873805,-0.15546293556690216,0.0,0.0,0.17433214391926133,0.20286416082657605,-0.03168226778507233,0.08517201244831085,0.0,0.0,0.0,0.0
2.227299928665161,-0.3501713275909424,-1.3315569162368774,0.0,0.0,-0.0007126350537873805,-0.15546293556690216,0.0,0.0,0.17433214391926133,0.20286416082657605,-0.03168226778507233,0.08517201244831085,0.0,0.0,0.0,0.0
2.228557586669922,-0.3501713275909424,-1.3315569162368774,0.0,0.0,-0.0007126350537873805,-0.15546293556690216,0.0,0.0,0.17433214391926133,0.20286416082657605,-0.03168226778507233,0.08517201244831085,0.0,0.0,0.0,0.0
2.229828357696533,-0.3501713275909424,-1.3315569162368774,0.0,0.0,-0.0007126350537873805,-0.15546293556690216,0.0,0.0,0.17433214391926133,0.20286416082657605,-0.03168226778507233,0.08517201244831085,0.0,0.0,0.0,0.0
2.2311370372772217,-0.3501713275909424,-1.3315569162368774,0.0,0.0,-0.0007126350537873805,-0.15546293556690216,0.0,0.0,0.17433214391926133,0.20286416082657605,-0.03168226778507233,0.08517201244831085,0.0,0.0,0.0,0.0
2.2326767444610596,-0.3501713275909424,-1.3315569162368774,0.0,0.0,-0.0007126350537873805,-0.15546293556690216,0.0,0.0,0.17433214391926133,0.20286416082657605,-0.03168226778507233,0.08517201244831085,0.0,0.0,0.0,0.0
2.2339422702789307,-0.3501713275909424,-1.3315569162368774,0.0,0.0,-0.0007126350537873805,-0.15546293556690216,0.0,0.0,0.17433214391926133,0.20286416082657605,-0.03168226778507233,0.08517201244831085,0.0,0.0,0.0,0.0
2.2351930141448975,-0.3501713275909424,-1.3315569162368774,0.0,0.0,-0.0007126350537873805,-0.15546293556690216,0.0,0.0,0.17433214391926133,0.20286416082657605,-0.03168226778507233,0.08517201244831085,0.0,0.0,0.0,0.0
2.2364888191223145,-0.3501713275909424,-1.3315569162368774,0.0,0.0,-0.0007126350537873805,-0.15546293556690216,0.0,0.0,0.17433214391926133,0.20286416082657605,-0.03168226778507233,0.08517201244831085,0.0,0.0,0.0,0.0
2.237800121307373,-0.3501713275909424,-1.3315569162368774,0.0,0.0,-0.0007126350537873805,-0.15546293556690216,0.0,0.0,0.17433214391926133,0.20286416082657605,-0.03168226778507233,0.08517201244831085,0.0,0.0,0.0,0.0
2.2391197681427,-0.3501713275909424,-1.3315569162368774,0.0,0.0,-0.0007126350537873805,-0.15546293556690216,0.0,0.0,0.17433214391926133,0.20286416082657605,-0.03168226778507233,0.08517201244831085,0.0,0.0,0.0,0.0
2.2404673099517822,-0.3501713275909424,-1.3315569162368774,0.0,0.0,-0.0007126350537873805,-0.15546293556690216,0.0,0.0,0.17433214391926133,0.20286416082657605,-0.03168226778507233,0.08517201244831085,0.0,0.0,0.0,0.0
2.242196798324585,-0.3501713275909424,-1.3315569162368774,0.0,0.0,-0.0007126350537873805,-0.15546293556690216,0.0,0.0,0.17433214391926133,0.20286416082657605,-0.03168226778507233,0.08517201244831085,0.0,0.0,0.0,0.0
2.2465269565582275,-0.3501713275909424,-1.3315569162368774,0.0,0.0,-0.0007126350537873805,-0.15546293556690216,0.0,0.0,0.17433214391926133,0.20286416082657605,-0.03168226778507233,0.08517201244831085,0.0,0.0,0.0,0.0
2.249037742614746,-0.3501713275909424,-1.3315569162368774,0.0,0.0,-0.0007126350537873805,-0.15546293556690216,0.0,0.0,0.17433214391926133,0.20286416082657605,-0.03168226778507233,0.08517201244831085,0.0,0.0,0.0,0.0
2.2510476112365723,-0.3501713275909424,-1.3315569162368774,0.0,0.0,-0.0007126350537873805,-0.15546293556690216,0.0,0.0,0.17433214391926133,0.20286416082657605,-0.03168226778507233,0.08517201244831085,0.0,0.0,0.0,0.0
2.252755641937256,-0.3501713275909424,-1.3315569162368774,0.0,0.0,-0.0007126350537873805,-0.15546293556690216,0.0,0.0,0.17433214391926133,0.20286416082657605,-0.03168226778507233,0.08517201244831085,0.0,0.0,0.0,0.0
2.254718542098999,-0.3501713275909424,-1.3315569162368774,0.0,0.0,-0.0007126350537873805,-0.15546293556690216,0.0,0.0,0.17433214391926133,0.20286416082657605,-0.03168226778507233,0.08517201244831085,0.0,0.0,0.0,0.0
2.2563788890838623,-0.3501713275909424,-1.3315569162368774,0.0,0.0,-0.0007126350537873805,-0.15546293556690216,0.0,0.0,0.17433214391926133,0.20286416082657605,-0.03168226778507233,0.08517201244831085,0.0,0.0,0.0,0.0
2.2580649852752686,-0.3501713275909424,-1.3315569162368774,0.0,0.0,-0.0007126350537873805,-0.15546293556690216,0.0,0.0,0.17433214391926133,0.20286416082657605,-0.03168226778507233,0.08517201244831085,0.0,0.0,0.0,0.0
2.2601091861724854,-0.3501713275909424,-1.3315569162368774,0.0,0.0,-0.0007126350537873805,-0.15546293556690216,0.0,0.0,0.17433214391926133,0.20286416082657605,-0.03168226778507233,0.08517201244831085,0.0,0.0,0.0,0.0
2.261751413345337,-0.3501713275909424,-1.3315569162368774,0.0,0.0,-0.0007126350537873805,-0.15546293556690216,0.0,0.0,0.17433214391926133,0.20286416082657605,-0.03168226778507233,0.08517201244831085,0.0,0.0,0.0,0.0
2.263378858566284,-0.3501713275909424,-1.3315569162368774,0.0,0.0,-0.0007126350537873805,-0.15546293556690216,0.0,0.0,0.17433214391926133,0.20286416082657605,-0.03168226778507233,0.08517201244831085,0.0,0.0,0.0,0.0
