condition,depth,resistance,slope
RABLab26_Mar02_GrafLab_Clay0%(supersand)_Group1SampleA_Mon_Mar__2_16_19_21_2026,0.0,-0.0655398219823837,63.103223759755515
RABLab26_Mar02_GrafLab_Clay0%(supersand)_Group1SampleA_Mon_Mar__2_16_19_21_2026,0.0,-0.0655398219823837,63.103223759755515
RABLab26_Mar02_GrafLab_Clay0%(supersand)_Group1SampleA_Mon_Mar__2_16_19_21_2026,0.0,-0.0655398219823837,63.103223759755515
RABLab26_Mar02_GrafLab_Clay0%(supersand)_Group1SampleA_Mon_Mar__2_16_19_21_2026,0.0,-0.0655398219823837,63.103223759755515
RABLab26_Mar02_GrafLab_Clay0%(supersand)_Group1SampleA_Mon_Mar__2_16_19_21_2026,0.0,-0.0655398219823837,63.103223759755515
RABLab26_Mar02_GrafLab_Clay0%(supersand)_Group1SampleA_Mon_Mar__2_16_19_21_2026,0.00015532970428469572,-0.1504014730453491,63.103223759755515
RABLab26_Mar02_GrafLab_Clay0%(supersand)_Group1SampleA_Mon_Mar__2_16_19_21_2026,0.00015532970428469572,-0.1504014730453491,63.103223759755515
RABLab26_Mar02_GrafLab_Clay0%(supersand)_Group1SampleA_Mon_Mar__2_16_19_21_2026,0.00015532970428469572,-0.1504014730453491,63.103223759755515
RABLab26_Mar02_GrafLab_Clay0%(supersand)_Group1SampleA_Mon_Mar__2_16_19_21_2026,0.00015532970428469572,-0.1504014730453491,63.103223759755515
RABLab26_Mar02_GrafLab_Clay0%(supersand)_Group1SampleA_Mon_Mar__2_16_19_21_2026,0.00015532970428469572,-0.1504014730453491,63.103223759755515
RABLab26_Mar02_GrafLab_Clay0%(supersand)_Group1SampleA_Mon_Mar__2_16_19_21_2026,0.0003083646297454834,-0.2306749522686004,63.103223759755515
RABLab26_Mar02_GrafLab_Clay0%(supersand)_Group1SampleA_Mon_Mar__2_16_19_21_2026,0.0003083646297454834,-0.2306749522686004,63.103223759755515
RABLab26_Mar02_GrafLab_Clay0%(supersand)_Group1SampleA_Mon_Mar__2_16_19_21_2026,0.0003083646297454834,-0.2306749522686004,63.103223759755515
RABLab26_Mar02_GrafLab_Clay0%(supersand)_Group1SampleA_Mon_Mar__2_16_19_21_2026,0.0003083646297454834,-0.2306749522686004,63.103223759755515
RABLab26_Mar02_GrafLab_Clay0%(supersand)_Group1SampleA_Mon_Mar__2_16_19_21_2026,0.0003083646297454834,-0.2306749522686004,63.103223759755515
RABLab26_Mar02_GrafLab_Clay0%(supersand)_Group1SampleA_Mon_Mar__2_16_19_21_2026,0.0006086677312850952,-0.4949988424777984,63.103223759755515
RABLab26_Mar02_GrafLab_Clay0%(supersand)_Group1SampleA_Mon_Mar__2_16_19_21_2026,0.0006086677312850952,-0.4949988424777984,63.103223759755515
RABLab26_Mar02_GrafLab_Clay0%(supersand)_Group1SampleA_Mon_Mar__2_16_19_21_2026,0.0006086677312850952,-0.4949988424777984,63.103223759755515
RABLab26_Mar02_GrafLab_Clay0%(supersand)_Group1SampleA_Mon_Mar__2_16_19_21_2026,0.0006086677312850952,-0.4949988424777984,63.103223759755515
RABLab26_Mar02_GrafLab_Clay0%(supersand)_Group1SampleA_Mon_Mar__2_16_19_21_2026,0.0006086677312850952,-0.4949988424777984,63.103223759755515
RABLab26_Mar02_GrafLab_Clay0%(supersand)_Group1SampleA_Mon_Mar__2_16_19_21_2026,0.0006086677312850952,-0.4949988424777984,63.103223759755515
RABLab26_Mar02_GrafLab_Clay0%(supersand)_Group1SampleA_Mon_Mar__2_16_19_21_2026,0.001155138015747098,-1.054774522781372,63.103223759755515
RABLab26_Mar02_GrafLab_Clay0%(supersand)_Group1SampleA_Mon_Mar__2_16_19_21_2026,0.001155138015747098,-1.054774522781372,63.103223759755515
RABLab26_Mar02_GrafLab_Clay0%(supersand)_Group1SampleA_Mon_Mar__2_16_19_21_2026,0.001155138015747098,-1.054774522781372,63.103223759755515
RABLab26_Mar02_GrafLab_Clay0%(supersand)_Group1SampleA_Mon_Mar__2_16_19_21_2026,0.001155138015747098,-1.054774522781372,63.103223759755515
RABLab26_Mar02_GrafLab_Clay0%(supersand)_Group1SampleA_Mon_Mar__2_16_19_21_2026,0.001155138015747098,-1.054774522781372,63.103223759755515
RABLab26_Mar02_GrafLab_Clay0%(supersand)_Group1SampleA_Mon_Mar__2_16_19_21_2026,0.001155138015747098,-1.054774522781372,63.103223759755515
RABLab26_Mar02_GrafLab_Clay0%(supersand)_Group1SampleA_Mon_Mar__2_16_19_21_2026,0.0019764304161072055,-1.7694168090820312,63.103223759755515
RABLab26_Mar02_GrafLab_Clay0%(supersand)_Group1SampleA_Mon_Mar__2_16_19_21_2026,0.0019764304161072055,-1.7694168090820312,63.103223759755515
RABLab26_Mar02_GrafLab_Clay0%(supersand)_Group1SampleA_Mon_Mar__2_16_19_21_2026,0.0019764304161072055,-1.7694168090820312,63.103223759755515
RABLab26_Mar02_GrafLab_Clay0%(supersand)_Group1SampleA_Mon_Mar__2_16_19_21_2026,0.0019764304161072055,-1.7694168090820312,63.103223759755515
RABLab26_Mar02_GrafLab_Clay0%(supersand)_Group1SampleA_Mon_Mar__2_16_19_21_2026,0.0019764304161072055,-1.7694168090820312,63.103223759755515
RABLab26_Mar02_GrafLab_Clay0%(supersand)_Group1SampleA_Mon_Mar__2_16_19_21_2026,0.0019764304161072055,-1.7694168090820312,63.103223759755515
RABLab26_Mar02_GrafLab_Clay0%(supersand)_Group1SampleA_Mon_Mar__2_16_19_21_2026,0.0019764304161072055,-1.7694168090820312,63.103223759755515
RABLab26_Mar02_GrafLab_Clay0%(supersand)_Group1SampleA_Mon_Mar__2_16_19_21_2026,0.002015084028243991,-1.446643352508545,63.103223759755515
RABLab26_Mar02_GrafLab_Clay0%(supersand)_Group1SampleA_Mon_Mar__2_16_19_21_2026,0.002015084028243991,-1.446643352508545,63.103223759755515
RABLab26_Mar02_GrafLab_Clay0%(supersand)_Group1SampleA_Mon_Mar__2_16_19_21_2026,0.002015084028243991,-1.446643352508545,63.103223759755515
RABLab26_Mar02_GrafLab_Clay0%(supersand)_Group1SampleA_Mon_Mar__2_16_19_21_2026,0.002015084028243991,-1.446643352508545,63.103223759755515
RABLab26_Mar02_GrafLab_Clay0%(supersand)_Group1SampleA_Mon_Mar__2_16_19_21_2026,0.002015084028243991,-1.446643352508545,63.103223759755515
RABLab26_Mar02_GrafLab_Clay0%(supersand)_Group1SampleA_Mon_Mar__2_16_19_21_2026,0.0017042011022568027,-0.970714509487152,63.103223759755515
RABLab26_Mar02_GrafLab_Clay0%(supersand)_Group1SampleA_Mon_Mar__2_16_19_21_2026,0.0017042011022568027,-0.970714509487152,63.103223759755515
RABLab26_Mar02_GrafLab_Clay0%(supersand)_Group1SampleA_Mon_Mar__2_16_19_21_2026,0.0017042011022568027,-0.970714509487152,63.103223759755515
RABLab26_Mar02_GrafLab_Clay0%(supersand)_Group1SampleA_Mon_Mar__2_16_19_21_2026,0.0017042011022568027,-0.970714509487152,63.103223759755515
RABLab26_Mar02_GrafLab_Clay0%(supersand)_Group1SampleA_Mon_Mar__2_16_19_21_2026,0.0017042011022568027,-0.970714509487152,63.103223759755515
RABLab26_Mar02_GrafLab_Clay0%(supersand)_Group1SampleA_Mon_Mar__2_16_19_21_2026,0.001640781760215787,-0.8808029890060425,63.103223759755515
RABLab26_Mar02_GrafLab_Clay0%(supersand)_Group1SampleA_Mon_Mar__2_16_19_21_2026,0.001640781760215787,-0.8808029890060425,63.103223759755515
RABLab26_Mar02_GrafLab_Clay0%(supersand)_Group1SampleA_Mon_Mar__2_16_19_21_2026,0.001640781760215787,-0.8808029890060425,63.103223759755515
RABLab26_Mar02_GrafLab_Clay0%(supersand)_Group1SampleA_Mon_Mar__2_16_19_21_2026,0.001640781760215787,-0.8808029890060425,63.103223759755515
RABLab26_Mar02_GrafLab_Clay0%(supersand)_Group1SampleA_Mon_Mar__2_16_19_21_2026,0.0019842386245727817,-1.2433950901031494,63.103223759755515
RABLab26_Mar02_GrafLab_Clay0%(supersand)_Group1SampleA_Mon_Mar__2_16_19_21_2026,0.0019842386245727817,-1.2433950901031494,63.103223759755515
RABLab26_Mar02_GrafLab_Clay0%(supersand)_Group1SampleA_Mon_Mar__2_16_19_21_2026,0.0019842386245727817,-1.2433950901031494,63.103223759755515
RABLab26_Mar02_GrafLab_Clay0%(supersand)_Group1SampleA_Mon_Mar__2_16_19_21_2026,0.0019842386245727817,-1.2433950901031494,63.103223759755515
RABLab26_Mar02_GrafLab_Clay0%(supersand)_Group1SampleA_Mon_Mar__2_16_19_21_2026,0.0019842386245727817,-1.2433950901031494,63.103223759755515
RABLab26_Mar02_GrafLab_Clay0%(supersand)_Group1SampleA_Mon_Mar__2_16_19_21_2026,0.0019842386245727817,-1.2433950901031494,63.103223759755515
RABLab26_Mar02_GrafLab_Clay0%(supersand)_Group1SampleA_Mon_Mar__2_16_19_21_2026,0.0019842386245727817,-1.2433950901031494,63.103223759755515
RABLab26_Mar02_GrafLab_Clay0%(supersand)_Group1SampleA_Mon_Mar__2_16_19_21_2026,0.001972571015357999,-1.0278409719467163,63.103223759755515
RABLab26_Mar02_GrafLab_Clay0%(supersand)_Group1SampleA_Mon_Mar__2_16_19_21_2026,0.001972571015357999,-1.0278409719467163,63.103223759755515
RABLab26_Mar02_GrafLab_Clay0%(supersand)_Group1SampleA_Mon_Mar__2_16_19_21_2026,0.001972571015357999,-1.0278409719467163,63.103223759755515
RABLab26_Mar02_GrafLab_Clay0%(supersand)_Group1SampleA_Mon_Mar__2_16_19_21_2026,0.001972571015357999,-1.0278409719467163,63.103223759755515
RABLab26_Mar02_GrafLab_Clay0%(supersand)_Group1SampleA_Mon_Mar__2_16_19_21_2026,0.001972571015357999,-1.0278409719467163,63.103223759755515
RABLab26_Mar02_GrafLab_Clay0%(supersand)_Group1SampleA_Mon_Mar__2_16_19_21_2026,0.001972571015357999,-1.0278409719467163,63.103223759755515
RABLab26_Mar02_GrafLab_Clay0%(supersand)_Group1SampleA_Mon_Mar__2_16_19_21_2026,0.001972571015357999,-1.0278409719467163,63.103223759755515
RABLab26_Mar02_GrafLab_Clay0%(supersand)_Group1SampleA_Mon_Mar__2_16_19_21_2026,0.001866742968559293,-0.7913890480995178,63.103223759755515
RABLab26_Mar02_GrafLab_Clay0%(supersand)_Group1SampleA_Mon_Mar__2_16_19_21_2026,0.001866742968559293,-0.7913890480995178,63.103223759755515
RABLab26_Mar02_GrafLab_Clay0%(supersand)_Group1SampleA_Mon_Mar__2_16_19_21_2026,0.001866742968559293,-0.7913890480995178,63.103223759755515
RABLab26_Mar02_GrafLab_Clay0%(supersand)_Group1SampleA_Mon_Mar__2_16_19_21_2026,0.001866742968559293,-0.7913890480995178,63.103223759755515
RABLab26_Mar02_GrafLab_Clay0%(supersand)_Group1SampleA_Mon_Mar__2_16_19_21_2026,0.0019253045320510864,-0.8187136054039001,63.103223759755515
RABLab26_Mar02_GrafLab_Clay0%(supersand)_Group1SampleA_Mon_Mar__2_16_19_21_2026,0.0019253045320510864,-0.8187136054039001,63.103223759755515
RABLab26_Mar02_GrafLab_Clay0%(supersand)_Group1SampleA_Mon_Mar__2_16_19_21_2026,0.0019253045320510864,-0.8187136054039001,63.103223759755515
RABLab26_Mar02_GrafLab_Clay0%(supersand)_Group1SampleA_Mon_Mar__2_16_19_21_2026,0.0019253045320510864,-0.8187136054039001,63.103223759755515
RABLab26_Mar02_GrafLab_Clay0%(supersand)_Group1SampleA_Mon_Mar__2_16_19_21_2026,0.0019253045320510864,-0.8187136054039001,63.103223759755515
RABLab26_Mar02_GrafLab_Clay0%(supersand)_Group1SampleA_Mon_Mar__2_16_19_21_2026,0.0019253045320510864,-0.8187136054039001,63.103223759755515
RABLab26_Mar02_GrafLab_Clay0%(supersand)_Group1SampleA_Mon_Mar__2_16_19_21_2026,0.0019253045320510864,-0.8187136054039001,63.103223759755515
RABLab26_Mar02_GrafLab_Clay0%(supersand)_Group1SampleA_Mon_Mar__2_16_19_21_2026,0.002012908458709689,-0.7919613122940063,63.103223759755515
RABLab26_Mar02_GrafLab_Clay0%(supersand)_Group1SampleA_Mon_Mar__2_16_19_21_2026,0.002012908458709689,-0.7919613122940063,63.103223759755515
RABLab26_Mar02_GrafLab_Clay0%(supersand)_Group1SampleA_Mon_Mar__2_16_19_21_2026,0.002012908458709689,-0.7919613122940063,63.103223759755515
RABLab26_Mar02_GrafLab_Clay0%(supersand)_Group1SampleA_Mon_Mar__2_16_19_21_2026,0.002012908458709689,-0.7919613122940063,63.103223759755515
RABLab26_Mar02_GrafLab_Clay0%(supersand)_Group1SampleA_Mon_Mar__2_16_19_21_2026,0.002012908458709689,-0.7919613122940063,63.103223759755515
RABLab26_Mar02_GrafLab_Clay0%(supersand)_Group1SampleA_Mon_Mar__2_16_19_21_2026,0.002012908458709689,-0.7919613122940063,63.103223759755515
RABLab26_Mar02_GrafLab_Clay0%(supersand)_Group1SampleA_Mon_Mar__2_16_19_21_2026,0.002034917473793002,-0.6982290744781494,63.103223759755515
RABLab26_Mar02_GrafLab_Clay0%(supersand)_Group1SampleA_Mon_Mar__2_16_19_21_2026,0.002034917473793002,-0.6982290744781494,63.103223759755515
RABLab26_Mar02_GrafLab_Clay0%(supersand)_Group1SampleA_Mon_Mar__2_16_19_21_2026,0.002034917473793002,-0.6982290744781494,63.103223759755515
RABLab26_Mar02_GrafLab_Clay0%(supersand)_Group1SampleA_Mon_Mar__2_16_19_21_2026,0.002034917473793002,-0.6982290744781494,63.103223759755515
RABLab26_Mar02_GrafLab_Clay0%(supersand)_Group1SampleA_Mon_Mar__2_16_19_21_2026,0.002034917473793002,-0.6982290744781494,63.103223759755515
RABLab26_Mar02_GrafLab_Clay0%(supersand)_Group1SampleA_Mon_Mar__2_16_19_21_2026,0.002010330557823181,-0.5571805834770203,63.103223759755515
RABLab26_Mar02_GrafLab_Clay0%(supersand)_Group1SampleA_Mon_Mar__2_16_19_21_2026,0.002010330557823181,-0.5571805834770203,63.103223759755515
RABLab26_Mar02_GrafLab_Clay0%(supersand)_Group1SampleA_Mon_Mar__2_16_19_21_2026,0.002010330557823181,-0.5571805834770203,63.103223759755515
RABLab26_Mar02_GrafLab_Clay0%(supersand)_Group1SampleA_Mon_Mar__2_16_19_21_2026,0.002010330557823181,-0.5571805834770203,63.103223759755515
RABLab26_Mar02_GrafLab_Clay0%(supersand)_Group1SampleA_Mon_Mar__2_16_19_21_2026,0.002010330557823181,-0.5571805834770203,63.103223759755515
RABLab26_Mar02_GrafLab_Clay0%(supersand)_Group1SampleA_Mon_Mar__2_16_19_21_2026,0.002010330557823181,-0.5571805834770203,63.103223759755515
RABLab26_Mar02_GrafLab_Clay0%(supersand)_Group1SampleA_Mon_Mar__2_16_19_21_2026,0.0020336955785750788,-0.4756467938423157,63.103223759755515
RABLab26_Mar02_GrafLab_Clay0%(supersand)_Group1SampleA_Mon_Mar__2_16_19_21_2026,0.0020336955785750788,-0.4756467938423157,63.103223759755515
RABLab26_Mar02_GrafLab_Clay0%(supersand)_Group1SampleA_Mon_Mar__2_16_19_21_2026,0.0020336955785750788,-0.4756467938423157,63.103223759755515
RABLab26_Mar02_GrafLab_Clay0%(supersand)_Group1SampleA_Mon_Mar__2_16_19_21_2026,0.0020336955785750788,-0.4756467938423157,63.103223759755515
RABLab26_Mar02_GrafLab_Clay0%(supersand)_Group1SampleA_Mon_Mar__2_16_19_21_2026,0.0020336955785750788,-0.4756467938423157,63.103223759755515
RABLab26_Mar02_GrafLab_Clay0%(supersand)_Group1SampleA_Mon_Mar__2_16_19_21_2026,0.0020336955785750788,-0.4756467938423157,63.103223759755515
RABLab26_Mar02_GrafLab_Clay0%(supersand)_Group1SampleA_Mon_Mar__2_16_19_21_2026,0.0020542144775390903,-0.4056561291217804,63.103223759755515
RABLab26_Mar02_GrafLab_Clay0%(supersand)_Group1SampleA_Mon_Mar__2_16_19_21_2026,0.0020542144775390903,-0.4056561291217804,63.103223759755515
RABLab26_Mar02_GrafLab_Clay0%(supersand)_Group1SampleA_Mon_Mar__2_16_19_21_2026,0.0020542144775390903,-0.4056561291217804,63.103223759755515
RABLab26_Mar02_GrafLab_Clay0%(supersand)_Group1SampleA_Mon_Mar__2_16_19_21_2026,0.0020542144775390903,-0.4056561291217804,63.103223759755515
RABLab26_Mar02_GrafLab_Clay0%(supersand)_Group1SampleA_Mon_Mar__2_16_19_21_2026,0.0020542144775390903,-0.4056561291217804,63.103223759755515
RABLab26_Mar02_GrafLab_Clay0%(supersand)_Group1SampleA_Mon_Mar__2_16_19_21_2026,0.0020542144775390903,-0.4056561291217804,63.103223759755515
RABLab26_Mar02_GrafLab_Clay0%(supersand)_Group1SampleA_Mon_Mar__2_16_19_21_2026,0.002084106206893893,-0.3337055742740631,63.103223759755515
RABLab26_Mar02_GrafLab_Clay0%(supersand)_Group1SampleA_Mon_Mar__2_16_19_21_2026,0.002084106206893893,-0.3337055742740631,63.103223759755515
RABLab26_Mar02_GrafLab_Clay0%(supersand)_Group1SampleA_Mon_Mar__2_16_19_21_2026,0.002084106206893893,-0.3337055742740631,63.103223759755515
RABLab26_Mar02_GrafLab_Clay0%(supersand)_Group1SampleA_Mon_Mar__2_16_19_21_2026,0.002084106206893893,-0.3337055742740631,63.103223759755515
RABLab26_Mar02_GrafLab_Clay0%(supersand)_Group1SampleA_Mon_Mar__2_16_19_21_2026,0.002084106206893893,-0.3337055742740631,63.103223759755515
RABLab26_Mar02_GrafLab_Clay0%(supersand)_Group1SampleA_Mon_Mar__2_16_19_21_2026,0.002084106206893893,-0.3337055742740631,63.103223759755515
RABLab26_Mar02_GrafLab_Clay0%(supersand)_Group1SampleA_Mon_Mar__2_16_19_21_2026,0.002084106206893893,-0.3337055742740631,63.103223759755515
RABLab26_Mar02_GrafLab_Clay0%(supersand)_Group1SampleA_Mon_Mar__2_16_19_21_2026,0.0021014362573623935,-0.2408298105001449,63.103223759755515
RABLab26_Mar02_GrafLab_Clay0%(supersand)_Group1SampleA_Mon_Mar__2_16_19_21_2026,0.0021014362573623935,-0.2408298105001449,63.103223759755515
RABLab26_Mar02_GrafLab_Clay0%(supersand)_Group1SampleA_Mon_Mar__2_16_19_21_2026,0.0021014362573623935,-0.2408298105001449,63.103223759755515
RABLab26_Mar02_GrafLab_Clay0%(supersand)_Group1SampleA_Mon_Mar__2_16_19_21_2026,0.0021014362573623935,-0.2408298105001449,63.103223759755515
RABLab26_Mar02_GrafLab_Clay0%(supersand)_Group1SampleA_Mon_Mar__2_16_19_21_2026,0.0021014362573623935,-0.2408298105001449,63.103223759755515
RABLab26_Mar02_GrafLab_Clay0%(supersand)_Group1SampleA_Mon_Mar__2_16_19_21_2026,0.0021014362573623935,-0.2408298105001449,63.103223759755515
RABLab26_Mar02_GrafLab_Clay0%(supersand)_Group1SampleA_Mon_Mar__2_16_19_21_2026,0.002150312066078186,-0.2001630365848541,63.103223759755515
RABLab26_Mar02_GrafLab_Clay0%(supersand)_Group1SampleA_Mon_Mar__2_16_19_21_2026,0.002150312066078186,-0.2001630365848541,63.103223759755515
RABLab26_Mar02_GrafLab_Clay0%(supersand)_Group1SampleA_Mon_Mar__2_16_19_21_2026,0.002150312066078186,-0.2001630365848541,63.103223759755515
RABLab26_Mar02_GrafLab_Clay0%(supersand)_Group1SampleA_Mon_Mar__2_16_19_21_2026,0.002150312066078186,-0.2001630365848541,63.103223759755515
RABLab26_Mar02_GrafLab_Clay0%(supersand)_Group1SampleA_Mon_Mar__2_16_19_21_2026,0.002150312066078186,-0.2001630365848541,63.103223759755515
RABLab26_Mar02_GrafLab_Clay0%(supersand)_Group1SampleA_Mon_Mar__2_16_19_21_2026,0.002150312066078186,-0.2001630365848541,63.103223759755515
RABLab26_Mar02_GrafLab_Clay0%(supersand)_Group1SampleA_Mon_Mar__2_16_19_21_2026,0.0022006481885910034,-0.1485693156719207,63.103223759755515
RABLab26_Mar02_GrafLab_Clay0%(supersand)_Group1SampleA_Mon_Mar__2_16_19_21_2026,0.0022006481885910034,-0.1485693156719207,63.103223759755515
RABLab26_Mar02_GrafLab_Clay0%(supersand)_Group1SampleA_Mon_Mar__2_16_19_21_2026,0.0022006481885910034,-0.1485693156719207,63.103223759755515
RABLab26_Mar02_GrafLab_Clay0%(supersand)_Group1SampleA_Mon_Mar__2_16_19_21_2026,0.0022006481885910034,-0.1485693156719207,63.103223759755515
RABLab26_Mar02_GrafLab_Clay0%(supersand)_Group1SampleA_Mon_Mar__2_16_19_21_2026,0.0022006481885910034,-0.1485693156719207,63.103223759755515
RABLab26_Mar02_GrafLab_Clay0%(supersand)_Group1SampleA_Mon_Mar__2_16_19_21_2026,0.0022006481885910034,-0.1485693156719207,63.103223759755515
RABLab26_Mar02_GrafLab_Clay0%(supersand)_Group1SampleA_Mon_Mar__2_16_19_21_2026,0.002225577831268283,-0.0554331839084625,63.103223759755515
RABLab26_Mar02_GrafLab_Clay0%(supersand)_Group1SampleA_Mon_Mar__2_16_19_21_2026,0.002225577831268283,-0.0554331839084625,63.103223759755515
RABLab26_Mar02_GrafLab_Clay0%(supersand)_Group1SampleA_Mon_Mar__2_16_19_21_2026,0.002225577831268283,-0.0554331839084625,63.103223759755515
RABLab26_Mar02_GrafLab_Clay0%(supersand)_Group1SampleA_Mon_Mar__2_16_19_21_2026,0.002225577831268283,-0.0554331839084625,63.103223759755515
RABLab26_Mar02_GrafLab_Clay0%(supersand)_Group1SampleA_Mon_Mar__2_16_19_21_2026,0.002225577831268283,-0.0554331839084625,63.103223759755515
RABLab26_Mar02_GrafLab_Clay0%(supersand)_Group1SampleA_Mon_Mar__2_16_19_21_2026,0.002225577831268283,-0.0554331839084625,63.103223759755515
RABLab26_Mar02_GrafLab_Clay0%(supersand)_Group1SampleA_Mon_Mar__2_16_19_21_2026,0.002276852726936285,-0.0193610731512308,63.103223759755515
RABLab26_Mar02_GrafLab_Clay0%(supersand)_Group1SampleA_Mon_Mar__2_16_19_21_2026,0.002276852726936285,-0.0193610731512308,63.103223759755515
RABLab26_Mar02_GrafLab_Clay0%(supersand)_Group1SampleA_Mon_Mar__2_16_19_21_2026,0.002276852726936285,-0.0193610731512308,63.103223759755515
RABLab26_Mar02_GrafLab_Clay0%(supersand)_Group1SampleA_Mon_Mar__2_16_19_21_2026,0.002276852726936285,-0.0193610731512308,63.103223759755515
RABLab26_Mar02_GrafLab_Clay0%(supersand)_Group1SampleA_Mon_Mar__2_16_19_21_2026,0.002276852726936285,-0.0193610731512308,63.103223759755515
RABLab26_Mar02_GrafLab_Clay0%(supersand)_Group1SampleA_Mon_Mar__2_16_19_21_2026,0.0023296922445296964,0.0233979001641273,63.103223759755515
RABLab26_Mar02_GrafLab_Clay0%(supersand)_Group1SampleA_Mon_Mar__2_16_19_21_2026,0.0023296922445296964,0.0233979001641273,63.103223759755515
RABLab26_Mar02_GrafLab_Clay0%(supersand)_Group1SampleA_Mon_Mar__2_16_19_21_2026,0.0023296922445296964,0.0233979001641273,63.103223759755515
RABLab26_Mar02_GrafLab_Clay0%(supersand)_Group1SampleA_Mon_Mar__2_16_19_21_2026,0.0023296922445296964,0.0233979001641273,63.103223759755515
RABLab26_Mar02_GrafLab_Clay0%(supersand)_Group1SampleA_Mon_Mar__2_16_19_21_2026,0.0023296922445296964,0.0233979001641273,63.103223759755515
RABLab26_Mar02_GrafLab_Clay0%(supersand)_Group1SampleA_Mon_Mar__2_16_19_21_2026,0.002393767237663297,0.0545126795768737,63.103223759755515
RABLab26_Mar02_GrafLab_Clay0%(supersand)_Group1SampleA_Mon_Mar__2_16_19_21_2026,0.002393767237663297,0.0545126795768737,63.103223759755515
RABLab26_Mar02_GrafLab_Clay0%(supersand)_Group1SampleA_Mon_Mar__2_16_19_21_2026,0.002393767237663297,0.0545126795768737,63.103223759755515
RABLab26_Mar02_GrafLab_Clay0%(supersand)_Group1SampleA_Mon_Mar__2_16_19_21_2026,0.002393767237663297,0.0545126795768737,63.103223759755515
RABLab26_Mar02_GrafLab_Clay0%(supersand)_Group1SampleA_Mon_Mar__2_16_19_21_2026,0.002393767237663297,0.0545126795768737,63.103223759755515
RABLab26_Mar02_GrafLab_Clay0%(supersand)_Group1SampleA_Mon_Mar__2_16_19_21_2026,0.002393767237663297,0.0545126795768737,63.103223759755515
RABLab26_Mar02_GrafLab_Clay0%(supersand)_Group1SampleA_Mon_Mar__2_16_19_21_2026,0.002453401684760992,0.1167922019958496,63.103223759755515
RABLab26_Mar02_GrafLab_Clay0%(supersand)_Group1SampleA_Mon_Mar__2_16_19_21_2026,0.002453401684760992,0.1167922019958496,63.103223759755515
RABLab26_Mar02_GrafLab_Clay0%(supersand)_Group1SampleA_Mon_Mar__2_16_19_21_2026,0.002453401684760992,0.1167922019958496,63.103223759755515
RABLab26_Mar02_GrafLab_Clay0%(supersand)_Group1SampleA_Mon_Mar__2_16_19_21_2026,0.002453401684760992,0.1167922019958496,63.103223759755515
RABLab26_Mar02_GrafLab_Clay0%(supersand)_Group1SampleA_Mon_Mar__2_16_19_21_2026,0.002453401684760992,0.1167922019958496,63.103223759755515
RABLab26_Mar02_GrafLab_Clay0%(supersand)_Group1SampleA_Mon_Mar__2_16_19_21_2026,0.002453401684760992,0.1167922019958496,63.103223759755515
RABLab26_Mar02_GrafLab_Clay0%(supersand)_Group1SampleA_Mon_Mar__2_16_19_21_2026,0.002453401684760992,0.1167922019958496,63.103223759755515
RABLab26_Mar02_GrafLab_Clay0%(supersand)_Group1SampleA_Mon_Mar__2_16_19_21_2026,0.002453401684760992,0.1167922019958496,63.103223759755515
RABLab26_Mar02_GrafLab_Clay0%(supersand)_Group1SampleA_Mon_Mar__2_16_19_21_2026,0.0024995654821395874,0.1693445891141891,63.103223759755515
RABLab26_Mar02_GrafLab_Clay0%(supersand)_Group1SampleA_Mon_Mar__2_16_19_21_2026,0.0024995654821395874,0.1693445891141891,63.103223759755515
RABLab26_Mar02_GrafLab_Clay0%(supersand)_Group1SampleA_Mon_Mar__2_16_19_21_2026,0.0024995654821395874,0.1693445891141891,63.103223759755515
RABLab26_Mar02_GrafLab_Clay0%(supersand)_Group1SampleA_Mon_Mar__2_16_19_21_2026,0.0024995654821395874,0.1693445891141891,63.103223759755515
RABLab26_Mar02_GrafLab_Clay0%(supersand)_Group1SampleA_Mon_Mar__2_16_19_21_2026,0.0024995654821395874,0.1693445891141891,63.103223759755515
RABLab26_Mar02_GrafLab_Clay0%(supersand)_Group1SampleA_Mon_Mar__2_16_19_21_2026,0.0024995654821395874,0.1693445891141891,63.103223759755515
RABLab26_Mar02_GrafLab_Clay0%(supersand)_Group1SampleA_Mon_Mar__2_16_19_21_2026,0.0025897026062011996,0.1533788591623306,63.103223759755515
RABLab26_Mar02_GrafLab_Clay0%(supersand)_Group1SampleA_Mon_Mar__2_16_19_21_2026,0.0025897026062011996,0.1533788591623306,63.103223759755515
RABLab26_Mar02_GrafLab_Clay0%(supersand)_Group1SampleA_Mon_Mar__2_16_19_21_2026,0.0025897026062011996,0.1533788591623306,63.103223759755515
RABLab26_Mar02_GrafLab_Clay0%(supersand)_Group1SampleA_Mon_Mar__2_16_19_21_2026,0.0025897026062011996,0.1533788591623306,63.103223759755515
RABLab26_Mar02_GrafLab_Clay0%(supersand)_Group1SampleA_Mon_Mar__2_16_19_21_2026,0.0025897026062011996,0.1533788591623306,63.103223759755515
RABLab26_Mar02_GrafLab_Clay0%(supersand)_Group1SampleA_Mon_Mar__2_16_19_21_2026,0.002644926309585599,0.2367714494466781,63.103223759755515
RABLab26_Mar02_GrafLab_Clay0%(supersand)_Group1SampleA_Mon_Mar__2_16_19_21_2026,0.002644926309585599,0.2367714494466781,63.103223759755515
RABLab26_Mar02_GrafLab_Clay0%(supersand)_Group1SampleA_Mon_Mar__2_16_19_21_2026,0.002644926309585599,0.2367714494466781,63.103223759755515
RABLab26_Mar02_GrafLab_Clay0%(supersand)_Group1SampleA_Mon_Mar__2_16_19_21_2026,0.002644926309585599,0.2367714494466781,63.103223759755515
RABLab26_Mar02_GrafLab_Clay0%(supersand)_Group1SampleA_Mon_Mar__2_16_19_21_2026,0.002644926309585599,0.2367714494466781,63.103223759755515
RABLab26_Mar02_GrafLab_Clay0%(supersand)_Group1SampleA_Mon_Mar__2_16_19_21_2026,0.002644926309585599,0.2367714494466781,63.103223759755515
RABLab26_Mar02_GrafLab_Clay0%(supersand)_Group1SampleA_Mon_Mar__2_16_19_21_2026,0.002731904387474088,0.2208453714847564,63.103223759755515
RABLab26_Mar02_GrafLab_Clay0%(supersand)_Group1SampleA_Mon_Mar__2_16_19_21_2026,0.002731904387474088,0.2208453714847564,63.103223759755515
RABLab26_Mar02_GrafLab_Clay0%(supersand)_Group1SampleA_Mon_Mar__2_16_19_21_2026,0.002731904387474088,0.2208453714847564,63.103223759755515
RABLab26_Mar02_GrafLab_Clay0%(supersand)_Group1SampleA_Mon_Mar__2_16_19_21_2026,0.002731904387474088,0.2208453714847564,63.103223759755515
RABLab26_Mar02_GrafLab_Clay0%(supersand)_Group1SampleA_Mon_Mar__2_16_19_21_2026,0.002731904387474088,0.2208453714847564,63.103223759755515
RABLab26_Mar02_GrafLab_Clay0%(supersand)_Group1SampleA_Mon_Mar__2_16_19_21_2026,0.002731904387474088,0.2208453714847564,63.103223759755515
RABLab26_Mar02_GrafLab_Clay0%(supersand)_Group1SampleA_Mon_Mar__2_16_19_21_2026,0.002878904342651395,0.1607207208871841,63.103223759755515
RABLab26_Mar02_GrafLab_Clay0%(supersand)_Group1SampleA_Mon_Mar__2_16_19_21_2026,0.002878904342651395,0.1607207208871841,63.103223759755515
RABLab26_Mar02_GrafLab_Clay0%(supersand)_Group1SampleA_Mon_Mar__2_16_19_21_2026,0.002878904342651395,0.1607207208871841,63.103223759755515
RABLab26_Mar02_GrafLab_Clay0%(supersand)_Group1SampleA_Mon_Mar__2_16_19_21_2026,0.002878904342651395,0.1607207208871841,63.103223759755515
RABLab26_Mar02_GrafLab_Clay0%(supersand)_Group1SampleA_Mon_Mar__2_16_19_21_2026,0.002878904342651395,0.1607207208871841,63.103223759755515
RABLab26_Mar02_GrafLab_Clay0%(supersand)_Group1SampleA_Mon_Mar__2_16_19_21_2026,0.0031487047672272006,-0.0563052743673324,63.103223759755515
RABLab26_Mar02_GrafLab_Clay0%(supersand)_Group1SampleA_Mon_Mar__2_16_19_21_2026,0.0031487047672272006,-0.0563052743673324,63.103223759755515
RABLab26_Mar02_GrafLab_Clay0%(supersand)_Group1SampleA_Mon_Mar__2_16_19_21_2026,0.0031487047672272006,-0.0563052743673324,63.103223759755515
RABLab26_Mar02_GrafLab_Clay0%(supersand)_Group1SampleA_Mon_Mar__2_16_19_21_2026,0.0031487047672272006,-0.0563052743673324,63.103223759755515
RABLab26_Mar02_GrafLab_Clay0%(supersand)_Group1SampleA_Mon_Mar__2_16_19_21_2026,0.0031487047672272006,-0.0563052743673324,63.103223759755515
RABLab26_Mar02_GrafLab_Clay0%(supersand)_Group1SampleA_Mon_Mar__2_16_19_21_2026,0.0031487047672272006,-0.0563052743673324,63.103223759755515
RABLab26_Mar02_GrafLab_Clay0%(supersand)_Group1SampleA_Mon_Mar__2_16_19_21_2026,0.0031487047672272006,-0.0563052743673324,63.103223759755515
RABLab26_Mar02_GrafLab_Clay0%(supersand)_Group1SampleA_Mon_Mar__2_16_19_21_2026,0.0035915076732634943,-0.5008311867713928,63.103223759755515
RABLab26_Mar02_GrafLab_Clay0%(supersand)_Group1SampleA_Mon_Mar__2_16_19_21_2026,0.0035915076732634943,-0.5008311867713928,63.103223759755515
RABLab26_Mar02_GrafLab_Clay0%(supersand)_Group1SampleA_Mon_Mar__2_16_19_21_2026,0.0035915076732634943,-0.5008311867713928,63.103223759755515
RABLab26_Mar02_GrafLab_Clay0%(supersand)_Group1SampleA_Mon_Mar__2_16_19_21_2026,0.0035915076732634943,-0.5008311867713928,63.103223759755515
RABLab26_Mar02_GrafLab_Clay0%(supersand)_Group1SampleA_Mon_Mar__2_16_19_21_2026,0.0035915076732634943,-0.5008311867713928,63.103223759755515
RABLab26_Mar02_GrafLab_Clay0%(supersand)_Group1SampleA_Mon_Mar__2_16_19_21_2026,0.004290133714675903,-1.1990855932235718,63.103223759755515
RABLab26_Mar02_GrafLab_Clay0%(supersand)_Group1SampleA_Mon_Mar__2_16_19_21_2026,0.004290133714675903,-1.1990855932235718,63.103223759755515
RABLab26_Mar02_GrafLab_Clay0%(supersand)_Group1SampleA_Mon_Mar__2_16_19_21_2026,0.004290133714675903,-1.1990855932235718,63.103223759755515
RABLab26_Mar02_GrafLab_Clay0%(supersand)_Group1SampleA_Mon_Mar__2_16_19_21_2026,0.004290133714675903,-1.1990855932235718,63.103223759755515
RABLab26_Mar02_GrafLab_Clay0%(supersand)_Group1SampleA_Mon_Mar__2_16_19_21_2026,0.004676461219787598,-1.359313726425171,63.103223759755515
RABLab26_Mar02_GrafLab_Clay0%(supersand)_Group1SampleA_Mon_Mar__2_16_19_21_2026,0.004676461219787598,-1.359313726425171,63.103223759755515
RABLab26_Mar02_GrafLab_Clay0%(supersand)_Group1SampleA_Mon_Mar__2_16_19_21_2026,0.004676461219787598,-1.359313726425171,63.103223759755515
RABLab26_Mar02_GrafLab_Clay0%(supersand)_Group1SampleA_Mon_Mar__2_16_19_21_2026,0.004676461219787598,-1.359313726425171,63.103223759755515
RABLab26_Mar02_GrafLab_Clay0%(supersand)_Group1SampleA_Mon_Mar__2_16_19_21_2026,0.004676461219787598,-1.359313726425171,63.103223759755515
RABLab26_Mar02_GrafLab_Clay0%(supersand)_Group1SampleA_Mon_Mar__2_16_19_21_2026,0.004517987370491,-0.8893372416496277,63.103223759755515
RABLab26_Mar02_GrafLab_Clay0%(supersand)_Group1SampleA_Mon_Mar__2_16_19_21_2026,0.004517987370491,-0.8893372416496277,63.103223759755515
RABLab26_Mar02_GrafLab_Clay0%(supersand)_Group1SampleA_Mon_Mar__2_16_19_21_2026,0.004517987370491,-0.8893372416496277,63.103223759755515
RABLab26_Mar02_GrafLab_Clay0%(supersand)_Group1SampleA_Mon_Mar__2_16_19_21_2026,0.004517987370491,-0.8893372416496277,63.103223759755515
RABLab26_Mar02_GrafLab_Clay0%(supersand)_Group1SampleA_Mon_Mar__2_16_19_21_2026,0.004517987370491,-0.8893372416496277,63.103223759755515
RABLab26_Mar02_GrafLab_Clay0%(supersand)_Group1SampleA_Mon_Mar__2_16_19_21_2026,0.004517987370491,-0.8893372416496277,63.103223759755515
RABLab26_Mar02_GrafLab_Clay0%(supersand)_Group1SampleA_Mon_Mar__2_16_19_21_2026,0.00439184904098508,-0.7066284418106079,63.103223759755515
RABLab26_Mar02_GrafLab_Clay0%(supersand)_Group1SampleA_Mon_Mar__2_16_19_21_2026,0.00439184904098508,-0.7066284418106079,63.103223759755515
RABLab26_Mar02_GrafLab_Clay0%(supersand)_Group1SampleA_Mon_Mar__2_16_19_21_2026,0.00439184904098508,-0.7066284418106079,63.103223759755515
RABLab26_Mar02_GrafLab_Clay0%(supersand)_Group1SampleA_Mon_Mar__2_16_19_21_2026,0.00439184904098508,-0.7066284418106079,63.103223759755515
RABLab26_Mar02_GrafLab_Clay0%(supersand)_Group1SampleA_Mon_Mar__2_16_19_21_2026,0.00439184904098508,-0.7066284418106079,63.103223759755515
RABLab26_Mar02_GrafLab_Clay0%(supersand)_Group1SampleA_Mon_Mar__2_16_19_21_2026,0.004525497555732699,-0.8477427363395691,63.103223759755515
RABLab26_Mar02_GrafLab_Clay0%(supersand)_Group1SampleA_Mon_Mar__2_16_19_21_2026,0.004525497555732699,-0.8477427363395691,63.103223759755515
RABLab26_Mar02_GrafLab_Clay0%(supersand)_Group1SampleA_Mon_Mar__2_16_19_21_2026,0.004525497555732699,-0.8477427363395691,63.103223759755515
RABLab26_Mar02_GrafLab_Clay0%(supersand)_Group1SampleA_Mon_Mar__2_16_19_21_2026,0.004525497555732699,-0.8477427363395691,63.103223759755515
RABLab26_Mar02_GrafLab_Clay0%(supersand)_Group1SampleA_Mon_Mar__2_16_19_21_2026,0.0046301335096358975,-0.7889077663421631,63.103223759755515
RABLab26_Mar02_GrafLab_Clay0%(supersand)_Group1SampleA_Mon_Mar__2_16_19_21_2026,0.0046301335096358975,-0.7889077663421631,63.103223759755515
RABLab26_Mar02_GrafLab_Clay0%(supersand)_Group1SampleA_Mon_Mar__2_16_19_21_2026,0.0046301335096358975,-0.7889077663421631,63.103223759755515
RABLab26_Mar02_GrafLab_Clay0%(supersand)_Group1SampleA_Mon_Mar__2_16_19_21_2026,0.0046301335096358975,-0.7889077663421631,63.103223759755515
RABLab26_Mar02_GrafLab_Clay0%(supersand)_Group1SampleA_Mon_Mar__2_16_19_21_2026,0.0046301335096358975,-0.7889077663421631,63.103223759755515
RABLab26_Mar02_GrafLab_Clay0%(supersand)_Group1SampleA_Mon_Mar__2_16_19_21_2026,0.004602506756782504,-0.6346306204795837,63.103223759755515
RABLab26_Mar02_GrafLab_Clay0%(supersand)_Group1SampleA_Mon_Mar__2_16_19_21_2026,0.004602506756782504,-0.6346306204795837,63.103223759755515
RABLab26_Mar02_GrafLab_Clay0%(supersand)_Group1SampleA_Mon_Mar__2_16_19_21_2026,0.004602506756782504,-0.6346306204795837,63.103223759755515
RABLab26_Mar02_GrafLab_Clay0%(supersand)_Group1SampleA_Mon_Mar__2_16_19_21_2026,0.004602506756782504,-0.6346306204795837,63.103223759755515
RABLab26_Mar02_GrafLab_Clay0%(supersand)_Group1SampleA_Mon_Mar__2_16_19_21_2026,0.004602506756782504,-0.6346306204795837,63.103223759755515
RABLab26_Mar02_GrafLab_Clay0%(supersand)_Group1SampleA_Mon_Mar__2_16_19_21_2026,0.004602506756782504,-0.6346306204795837,63.103223759755515
RABLab26_Mar02_GrafLab_Clay0%(supersand)_Group1SampleA_Mon_Mar__2_16_19_21_2026,0.004591524600982694,-0.5281512141227722,63.103223759755515
RABLab26_Mar02_GrafLab_Clay0%(supersand)_Group1SampleA_Mon_Mar__2_16_19_21_2026,0.004591524600982694,-0.5281512141227722,63.103223759755515
RABLab26_Mar02_GrafLab_Clay0%(supersand)_Group1SampleA_Mon_Mar__2_16_19_21_2026,0.004591524600982694,-0.5281512141227722,63.103223759755515
RABLab26_Mar02_GrafLab_Clay0%(supersand)_Group1SampleA_Mon_Mar__2_16_19_21_2026,0.004591524600982694,-0.5281512141227722,63.103223759755515
RABLab26_Mar02_GrafLab_Clay0%(supersand)_Group1SampleA_Mon_Mar__2_16_19_21_2026,0.004591524600982694,-0.5281512141227722,63.103223759755515
RABLab26_Mar02_GrafLab_Clay0%(supersand)_Group1SampleA_Mon_Mar__2_16_19_21_2026,0.004632979631423978,-0.4794239103794098,63.103223759755515
RABLab26_Mar02_GrafLab_Clay0%(supersand)_Group1SampleA_Mon_Mar__2_16_19_21_2026,0.004632979631423978,-0.4794239103794098,63.103223759755515
RABLab26_Mar02_GrafLab_Clay0%(supersand)_Group1SampleA_Mon_Mar__2_16_19_21_2026,0.004632979631423978,-0.4794239103794098,63.103223759755515
RABLab26_Mar02_GrafLab_Clay0%(supersand)_Group1SampleA_Mon_Mar__2_16_19_21_2026,0.004632979631423978,-0.4794239103794098,63.103223759755515
RABLab26_Mar02_GrafLab_Clay0%(supersand)_Group1SampleA_Mon_Mar__2_16_19_21_2026,0.004632979631423978,-0.4794239103794098,63.103223759755515
RABLab26_Mar02_GrafLab_Clay0%(supersand)_Group1SampleA_Mon_Mar__2_16_19_21_2026,0.004632979631423978,-0.4794239103794098,63.103223759755515
RABLab26_Mar02_GrafLab_Clay0%(supersand)_Group1SampleA_Mon_Mar__2_16_19_21_2026,0.004632979631423978,-0.3649056851863861,63.103223759755515
RABLab26_Mar02_GrafLab_Clay0%(supersand)_Group1SampleA_Mon_Mar__2_16_19_21_2026,0.004632979631423978,-0.3649056851863861,63.103223759755515
RABLab26_Mar02_GrafLab_Clay0%(supersand)_Group1SampleA_Mon_Mar__2_16_19_21_2026,0.004632979631423978,-0.3649056851863861,63.103223759755515
RABLab26_Mar02_GrafLab_Clay0%(supersand)_Group1SampleA_Mon_Mar__2_16_19_21_2026,0.004632979631423978,-0.3649056851863861,63.103223759755515
RABLab26_Mar02_GrafLab_Clay0%(supersand)_Group1SampleA_Mon_Mar__2_16_19_21_2026,0.004632979631423978,-0.3649056851863861,63.103223759755515
RABLab26_Mar02_GrafLab_Clay0%(supersand)_Group1SampleA_Mon_Mar__2_16_19_21_2026,0.004632979631423978,-0.3649056851863861,63.103223759755515
RABLab26_Mar02_GrafLab_Clay0%(supersand)_Group1SampleA_Mon_Mar__2_16_19_21_2026,0.004632979631423978,-0.2614063322544098,63.103223759755515
RABLab26_Mar02_GrafLab_Clay0%(supersand)_Group1SampleA_Mon_Mar__2_16_19_21_2026,0.004632979631423978,-0.2614063322544098,63.103223759755515
RABLab26_Mar02_GrafLab_Clay0%(supersand)_Group1SampleA_Mon_Mar__2_16_19_21_2026,0.004632979631423978,-0.2614063322544098,63.103223759755515
RABLab26_Mar02_GrafLab_Clay0%(supersand)_Group1SampleA_Mon_Mar__2_16_19_21_2026,0.004632979631423978,-0.2614063322544098,63.103223759755515
RABLab26_Mar02_GrafLab_Clay0%(supersand)_Group1SampleA_Mon_Mar__2_16_19_21_2026,0.004632979631423978,-0.2614063322544098,63.103223759755515
RABLab26_Mar02_GrafLab_Clay0%(supersand)_Group1SampleA_Mon_Mar__2_16_19_21_2026,0.004632979631423978,-0.2614063322544098,63.103223759755515
RABLab26_Mar02_GrafLab_Clay0%(supersand)_Group1SampleA_Mon_Mar__2_16_19_21_2026,0.004656106233596802,-0.189089834690094,63.103223759755515
RABLab26_Mar02_GrafLab_Clay0%(supersand)_Group1SampleA_Mon_Mar__2_16_19_21_2026,0.004656106233596802,-0.189089834690094,63.103223759755515
RABLab26_Mar02_GrafLab_Clay0%(supersand)_Group1SampleA_Mon_Mar__2_16_19_21_2026,0.004656106233596802,-0.189089834690094,63.103223759755515
RABLab26_Mar02_GrafLab_Clay0%(supersand)_Group1SampleA_Mon_Mar__2_16_19_21_2026,0.004656106233596802,-0.189089834690094,63.103223759755515
RABLab26_Mar02_GrafLab_Clay0%(supersand)_Group1SampleA_Mon_Mar__2_16_19_21_2026,0.004656106233596802,-0.189089834690094,63.103223759755515
RABLab26_Mar02_GrafLab_Clay0%(supersand)_Group1SampleA_Mon_Mar__2_16_19_21_2026,0.004656106233596802,-0.189089834690094,63.103223759755515
RABLab26_Mar02_GrafLab_Clay0%(supersand)_Group1SampleA_Mon_Mar__2_16_19_21_2026,0.004716798663139288,-0.1616086661815643,63.103223759755515
RABLab26_Mar02_GrafLab_Clay0%(supersand)_Group1SampleA_Mon_Mar__2_16_19_21_2026,0.004716798663139288,-0.1616086661815643,63.103223759755515
RABLab26_Mar02_GrafLab_Clay0%(supersand)_Group1SampleA_Mon_Mar__2_16_19_21_2026,0.004716798663139288,-0.1616086661815643,63.103223759755515
RABLab26_Mar02_GrafLab_Clay0%(supersand)_Group1SampleA_Mon_Mar__2_16_19_21_2026,0.004716798663139288,-0.1616086661815643,63.103223759755515
RABLab26_Mar02_GrafLab_Clay0%(supersand)_Group1SampleA_Mon_Mar__2_16_19_21_2026,0.004716798663139288,-0.1616086661815643,63.103223759755515
RABLab26_Mar02_GrafLab_Clay0%(supersand)_Group1SampleA_Mon_Mar__2_16_19_21_2026,0.004716798663139288,-0.1616086661815643,63.103223759755515
RABLab26_Mar02_GrafLab_Clay0%(supersand)_Group1SampleA_Mon_Mar__2_16_19_21_2026,0.004721373319625882,-0.0393082164227962,63.103223759755515
RABLab26_Mar02_GrafLab_Clay0%(supersand)_Group1SampleA_Mon_Mar__2_16_19_21_2026,0.004721373319625882,-0.0393082164227962,63.103223759755515
RABLab26_Mar02_GrafLab_Clay0%(supersand)_Group1SampleA_Mon_Mar__2_16_19_21_2026,0.004721373319625882,-0.0393082164227962,63.103223759755515
RABLab26_Mar02_GrafLab_Clay0%(supersand)_Group1SampleA_Mon_Mar__2_16_19_21_2026,0.004721373319625882,-0.0393082164227962,63.103223759755515
RABLab26_Mar02_GrafLab_Clay0%(supersand)_Group1SampleA_Mon_Mar__2_16_19_21_2026,0.004721373319625882,-0.0393082164227962,63.103223759755515
RABLab26_Mar02_GrafLab_Clay0%(supersand)_Group1SampleA_Mon_Mar__2_16_19_21_2026,0.004721373319625882,-0.0393082164227962,63.103223759755515
RABLab26_Mar02_GrafLab_Clay0%(supersand)_Group1SampleA_Mon_Mar__2_16_19_21_2026,0.004754126071929904,0.0108927059918642,63.103223759755515
RABLab26_Mar02_GrafLab_Clay0%(supersand)_Group1SampleA_Mon_Mar__2_16_19_21_2026,0.004754126071929904,0.0108927059918642,63.103223759755515
RABLab26_Mar02_GrafLab_Clay0%(supersand)_Group1SampleA_Mon_Mar__2_16_19_21_2026,0.004754126071929904,0.0108927059918642,63.103223759755515
RABLab26_Mar02_GrafLab_Clay0%(supersand)_Group1SampleA_Mon_Mar__2_16_19_21_2026,0.004754126071929904,0.0108927059918642,63.103223759755515
RABLab26_Mar02_GrafLab_Clay0%(supersand)_Group1SampleA_Mon_Mar__2_16_19_21_2026,0.004754126071929904,0.0108927059918642,63.103223759755515
RABLab26_Mar02_GrafLab_Clay0%(supersand)_Group1SampleA_Mon_Mar__2_16_19_21_2026,0.004754126071929904,0.0108927059918642,63.103223759755515
RABLab26_Mar02_GrafLab_Clay0%(supersand)_Group1SampleA_Mon_Mar__2_16_19_21_2026,0.004784733057022095,0.0900767818093299,63.103223759755515
RABLab26_Mar02_GrafLab_Clay0%(supersand)_Group1SampleA_Mon_Mar__2_16_19_21_2026,0.004784733057022095,0.0900767818093299,63.103223759755515
RABLab26_Mar02_GrafLab_Clay0%(supersand)_Group1SampleA_Mon_Mar__2_16_19_21_2026,0.004784733057022095,0.0900767818093299,63.103223759755515
RABLab26_Mar02_GrafLab_Clay0%(supersand)_Group1SampleA_Mon_Mar__2_16_19_21_2026,0.004784733057022095,0.0900767818093299,63.103223759755515
RABLab26_Mar02_GrafLab_Clay0%(supersand)_Group1SampleA_Mon_Mar__2_16_19_21_2026,0.004784733057022095,0.0900767818093299,63.103223759755515
RABLab26_Mar02_GrafLab_Clay0%(supersand)_Group1SampleA_Mon_Mar__2_16_19_21_2026,0.004784733057022095,0.0900767818093299,63.103223759755515
RABLab26_Mar02_GrafLab_Clay0%(supersand)_Group1SampleA_Mon_Mar__2_16_19_21_2026,0.004838943481445285,0.1145543903112411,63.103223759755515
RABLab26_Mar02_GrafLab_Clay0%(supersand)_Group1SampleA_Mon_Mar__2_16_19_21_2026,0.004838943481445285,0.1145543903112411,63.103223759755515
RABLab26_Mar02_GrafLab_Clay0%(supersand)_Group1SampleA_Mon_Mar__2_16_19_21_2026,0.004838943481445285,0.1145543903112411,63.103223759755515
RABLab26_Mar02_GrafLab_Clay0%(supersand)_Group1SampleA_Mon_Mar__2_16_19_21_2026,0.004838943481445285,0.1145543903112411,63.103223759755515
RABLab26_Mar02_GrafLab_Clay0%(supersand)_Group1SampleA_Mon_Mar__2_16_19_21_2026,0.004838943481445285,0.1145543903112411,63.103223759755515
RABLab26_Mar02_GrafLab_Clay0%(supersand)_Group1SampleA_Mon_Mar__2_16_19_21_2026,0.0048737823963165006,0.1964177638292312,63.103223759755515
RABLab26_Mar02_GrafLab_Clay0%(supersand)_Group1SampleA_Mon_Mar__2_16_19_21_2026,0.0048737823963165006,0.1964177638292312,63.103223759755515
RABLab26_Mar02_GrafLab_Clay0%(supersand)_Group1SampleA_Mon_Mar__2_16_19_21_2026,0.0048737823963165006,0.1964177638292312,63.103223759755515
RABLab26_Mar02_GrafLab_Clay0%(supersand)_Group1SampleA_Mon_Mar__2_16_19_21_2026,0.0048737823963165006,0.1964177638292312,63.103223759755515
RABLab26_Mar02_GrafLab_Clay0%(supersand)_Group1SampleA_Mon_Mar__2_16_19_21_2026,0.0048737823963165006,0.1964177638292312,63.103223759755515
RABLab26_Mar02_GrafLab_Clay0%(supersand)_Group1SampleA_Mon_Mar__2_16_19_21_2026,0.0048737823963165006,0.1964177638292312,63.103223759755515
RABLab26_Mar02_GrafLab_Clay0%(supersand)_Group1SampleA_Mon_Mar__2_16_19_21_2026,0.004919067025184604,0.2723067104816437,63.103223759755515
RABLab26_Mar02_GrafLab_Clay0%(supersand)_Group1SampleA_Mon_Mar__2_16_19_21_2026,0.004919067025184604,0.2723067104816437,63.103223759755515
RABLab26_Mar02_GrafLab_Clay0%(supersand)_Group1SampleA_Mon_Mar__2_16_19_21_2026,0.004919067025184604,0.2723067104816437,63.103223759755515
RABLab26_Mar02_GrafLab_Clay0%(supersand)_Group1SampleA_Mon_Mar__2_16_19_21_2026,0.004919067025184604,0.2723067104816437,63.103223759755515
RABLab26_Mar02_GrafLab_Clay0%(supersand)_Group1SampleA_Mon_Mar__2_16_19_21_2026,0.004919067025184604,0.2723067104816437,63.103223759755515
RABLab26_Mar02_GrafLab_Clay0%(supersand)_Group1SampleA_Mon_Mar__2_16_19_21_2026,0.004919067025184604,0.2723067104816437,63.103223759755515
RABLab26_Mar02_GrafLab_Clay0%(supersand)_Group1SampleA_Mon_Mar__2_16_19_21_2026,0.004976809024810791,0.2876282930374145,63.103223759755515
RABLab26_Mar02_GrafLab_Clay0%(supersand)_Group1SampleA_Mon_Mar__2_16_19_21_2026,0.004976809024810791,0.2876282930374145,63.103223759755515
RABLab26_Mar02_GrafLab_Clay0%(supersand)_Group1SampleA_Mon_Mar__2_16_19_21_2026,0.004976809024810791,0.2876282930374145,63.103223759755515
RABLab26_Mar02_GrafLab_Clay0%(supersand)_Group1SampleA_Mon_Mar__2_16_19_21_2026,0.004976809024810791,0.2876282930374145,63.103223759755515
RABLab26_Mar02_GrafLab_Clay0%(supersand)_Group1SampleA_Mon_Mar__2_16_19_21_2026,0.004976809024810791,0.2876282930374145,63.103223759755515
RABLab26_Mar02_GrafLab_Clay0%(supersand)_Group1SampleA_Mon_Mar__2_16_19_21_2026,0.004976809024810791,0.2876282930374145,63.103223759755515
RABLab26_Mar02_GrafLab_Clay0%(supersand)_Group1SampleA_Mon_Mar__2_16_19_21_2026,0.005000382661819486,0.3740721046924591,63.103223759755515
RABLab26_Mar02_GrafLab_Clay0%(supersand)_Group1SampleA_Mon_Mar__2_16_19_21_2026,0.005000382661819486,0.3740721046924591,63.103223759755515
RABLab26_Mar02_GrafLab_Clay0%(supersand)_Group1SampleA_Mon_Mar__2_16_19_21_2026,0.005000382661819486,0.3740721046924591,63.103223759755515
RABLab26_Mar02_GrafLab_Clay0%(supersand)_Group1SampleA_Mon_Mar__2_16_19_21_2026,0.005000382661819486,0.3740721046924591,63.103223759755515
RABLab26_Mar02_GrafLab_Clay0%(supersand)_Group1SampleA_Mon_Mar__2_16_19_21_2026,0.005063816905021695,0.4076225161552429,63.103223759755515
RABLab26_Mar02_GrafLab_Clay0%(supersand)_Group1SampleA_Mon_Mar__2_16_19_21_2026,0.005063816905021695,0.4076225161552429,63.103223759755515
RABLab26_Mar02_GrafLab_Clay0%(supersand)_Group1SampleA_Mon_Mar__2_16_19_21_2026,0.005063816905021695,0.4076225161552429,63.103223759755515
RABLab26_Mar02_GrafLab_Clay0%(supersand)_Group1SampleA_Mon_Mar__2_16_19_21_2026,0.005063816905021695,0.4076225161552429,63.103223759755515
RABLab26_Mar02_GrafLab_Clay0%(supersand)_Group1SampleA_Mon_Mar__2_16_19_21_2026,0.005063816905021695,0.4076225161552429,63.103223759755515
RABLab26_Mar02_GrafLab_Clay0%(supersand)_Group1SampleA_Mon_Mar__2_16_19_21_2026,0.0051125735044478815,0.4779324829578399,63.103223759755515
RABLab26_Mar02_GrafLab_Clay0%(supersand)_Group1SampleA_Mon_Mar__2_16_19_21_2026,0.0051125735044478815,0.4779324829578399,63.103223759755515
RABLab26_Mar02_GrafLab_Clay0%(supersand)_Group1SampleA_Mon_Mar__2_16_19_21_2026,0.0051125735044478815,0.4779324829578399,63.103223759755515
RABLab26_Mar02_GrafLab_Clay0%(supersand)_Group1SampleA_Mon_Mar__2_16_19_21_2026,0.0051125735044478815,0.4779324829578399,63.103223759755515
RABLab26_Mar02_GrafLab_Clay0%(supersand)_Group1SampleA_Mon_Mar__2_16_19_21_2026,0.0051125735044478815,0.4779324829578399,63.103223759755515
RABLab26_Mar02_GrafLab_Clay0%(supersand)_Group1SampleA_Mon_Mar__2_16_19_21_2026,0.005179286003112793,0.4676990807056427,63.103223759755515
RABLab26_Mar02_GrafLab_Clay0%(supersand)_Group1SampleA_Mon_Mar__2_16_19_21_2026,0.005179286003112793,0.4676990807056427,63.103223759755515
RABLab26_Mar02_GrafLab_Clay0%(supersand)_Group1SampleA_Mon_Mar__2_16_19_21_2026,0.005179286003112793,0.4676990807056427,63.103223759755515
RABLab26_Mar02_GrafLab_Clay0%(supersand)_Group1SampleA_Mon_Mar__2_16_19_21_2026,0.005179286003112793,0.4676990807056427,63.103223759755515
RABLab26_Mar02_GrafLab_Clay0%(supersand)_Group1SampleA_Mon_Mar__2_16_19_21_2026,0.005179286003112793,0.4676990807056427,63.103223759755515
RABLab26_Mar02_GrafLab_Clay0%(supersand)_Group1SampleA_Mon_Mar__2_16_19_21_2026,0.0052787363529205045,0.5111121535301208,63.103223759755515
RABLab26_Mar02_GrafLab_Clay0%(supersand)_Group1SampleA_Mon_Mar__2_16_19_21_2026,0.0052787363529205045,0.5111121535301208,63.103223759755515
RABLab26_Mar02_GrafLab_Clay0%(supersand)_Group1SampleA_Mon_Mar__2_16_19_21_2026,0.0052787363529205045,0.5111121535301208,63.103223759755515
RABLab26_Mar02_GrafLab_Clay0%(supersand)_Group1SampleA_Mon_Mar__2_16_19_21_2026,0.0052787363529205045,0.5111121535301208,63.103223759755515
RABLab26_Mar02_GrafLab_Clay0%(supersand)_Group1SampleA_Mon_Mar__2_16_19_21_2026,0.0052787363529205045,0.5111121535301208,63.103223759755515
RABLab26_Mar02_GrafLab_Clay0%(supersand)_Group1SampleA_Mon_Mar__2_16_19_21_2026,0.0053563863039017,0.515466570854187,63.103223759755515
RABLab26_Mar02_GrafLab_Clay0%(supersand)_Group1SampleA_Mon_Mar__2_16_19_21_2026,0.0053563863039017,0.515466570854187,63.103223759755515
RABLab26_Mar02_GrafLab_Clay0%(supersand)_Group1SampleA_Mon_Mar__2_16_19_21_2026,0.0053563863039017,0.515466570854187,63.103223759755515
RABLab26_Mar02_GrafLab_Clay0%(supersand)_Group1SampleA_Mon_Mar__2_16_19_21_2026,0.0053563863039017,0.515466570854187,63.103223759755515
RABLab26_Mar02_GrafLab_Clay0%(supersand)_Group1SampleA_Mon_Mar__2_16_19_21_2026,0.0053563863039017,0.515466570854187,63.103223759755515
RABLab26_Mar02_GrafLab_Clay0%(supersand)_Group1SampleA_Mon_Mar__2_16_19_21_2026,0.0053563863039017,0.515466570854187,63.103223759755515
RABLab26_Mar02_GrafLab_Clay0%(supersand)_Group1SampleA_Mon_Mar__2_16_19_21_2026,0.0054374635219573975,0.5034297704696655,63.103223759755515
RABLab26_Mar02_GrafLab_Clay0%(supersand)_Group1SampleA_Mon_Mar__2_16_19_21_2026,0.0054374635219573975,0.5034297704696655,63.103223759755515
RABLab26_Mar02_GrafLab_Clay0%(supersand)_Group1SampleA_Mon_Mar__2_16_19_21_2026,0.0054374635219573975,0.5034297704696655,63.103223759755515
RABLab26_Mar02_GrafLab_Clay0%(supersand)_Group1SampleA_Mon_Mar__2_16_19_21_2026,0.0054374635219573975,0.5034297704696655,63.103223759755515
RABLab26_Mar02_GrafLab_Clay0%(supersand)_Group1SampleA_Mon_Mar__2_16_19_21_2026,0.0054374635219573975,0.5034297704696655,63.103223759755515
RABLab26_Mar02_GrafLab_Clay0%(supersand)_Group1SampleA_Mon_Mar__2_16_19_21_2026,0.005582213401794378,0.4694058001041412,63.103223759755515
RABLab26_Mar02_GrafLab_Clay0%(supersand)_Group1SampleA_Mon_Mar__2_16_19_21_2026,0.005582213401794378,0.4694058001041412,63.103223759755515
RABLab26_Mar02_GrafLab_Clay0%(supersand)_Group1SampleA_Mon_Mar__2_16_19_21_2026,0.005582213401794378,0.4694058001041412,63.103223759755515
RABLab26_Mar02_GrafLab_Clay0%(supersand)_Group1SampleA_Mon_Mar__2_16_19_21_2026,0.005582213401794378,0.4694058001041412,63.103223759755515
RABLab26_Mar02_GrafLab_Clay0%(supersand)_Group1SampleA_Mon_Mar__2_16_19_21_2026,0.005582213401794378,0.4694058001041412,63.103223759755515
RABLab26_Mar02_GrafLab_Clay0%(supersand)_Group1SampleA_Mon_Mar__2_16_19_21_2026,0.005582213401794378,0.4694058001041412,63.103223759755515
RABLab26_Mar02_GrafLab_Clay0%(supersand)_Group1SampleA_Mon_Mar__2_16_19_21_2026,0.005798265337944003,0.3019214570522308,63.103223759755515
RABLab26_Mar02_GrafLab_Clay0%(supersand)_Group1SampleA_Mon_Mar__2_16_19_21_2026,0.005798265337944003,0.3019214570522308,63.103223759755515
RABLab26_Mar02_GrafLab_Clay0%(supersand)_Group1SampleA_Mon_Mar__2_16_19_21_2026,0.005798265337944003,0.3019214570522308,63.103223759755515
RABLab26_Mar02_GrafLab_Clay0%(supersand)_Group1SampleA_Mon_Mar__2_16_19_21_2026,0.005798265337944003,0.3019214570522308,63.103223759755515
RABLab26_Mar02_GrafLab_Clay0%(supersand)_Group1SampleA_Mon_Mar__2_16_19_21_2026,0.005798265337944003,0.3019214570522308,63.103223759755515
RABLab26_Mar02_GrafLab_Clay0%(supersand)_Group1SampleA_Mon_Mar__2_16_19_21_2026,0.005798265337944003,0.3019214570522308,63.103223759755515
RABLab26_Mar02_GrafLab_Clay0%(supersand)_Group1SampleA_Mon_Mar__2_16_19_21_2026,0.006141692399978582,0.011784971691668,63.103223759755515
RABLab26_Mar02_GrafLab_Clay0%(supersand)_Group1SampleA_Mon_Mar__2_16_19_21_2026,0.006141692399978582,0.011784971691668,63.103223759755515
RABLab26_Mar02_GrafLab_Clay0%(supersand)_Group1SampleA_Mon_Mar__2_16_19_21_2026,0.006141692399978582,0.011784971691668,63.103223759755515
RABLab26_Mar02_GrafLab_Clay0%(supersand)_Group1SampleA_Mon_Mar__2_16_19_21_2026,0.006141692399978582,0.011784971691668,63.103223759755515
RABLab26_Mar02_GrafLab_Clay0%(supersand)_Group1SampleA_Mon_Mar__2_16_19_21_2026,0.006698176264762878,-0.5931099057197571,63.103223759755515
RABLab26_Mar02_GrafLab_Clay0%(supersand)_Group1SampleA_Mon_Mar__2_16_19_21_2026,0.006698176264762878,-0.5931099057197571,63.103223759755515
RABLab26_Mar02_GrafLab_Clay0%(supersand)_Group1SampleA_Mon_Mar__2_16_19_21_2026,0.006698176264762878,-0.5931099057197571,63.103223759755515
RABLab26_Mar02_GrafLab_Clay0%(supersand)_Group1SampleA_Mon_Mar__2_16_19_21_2026,0.006698176264762878,-0.5931099057197571,63.103223759755515
RABLab26_Mar02_GrafLab_Clay0%(supersand)_Group1SampleA_Mon_Mar__2_16_19_21_2026,0.006698176264762878,-0.5931099057197571,63.103223759755515
RABLab26_Mar02_GrafLab_Clay0%(supersand)_Group1SampleA_Mon_Mar__2_16_19_21_2026,0.007175847887992887,-0.8831884264945984,63.103223759755515
RABLab26_Mar02_GrafLab_Clay0%(supersand)_Group1SampleA_Mon_Mar__2_16_19_21_2026,0.007175847887992887,-0.8831884264945984,63.103223759755515
RABLab26_Mar02_GrafLab_Clay0%(supersand)_Group1SampleA_Mon_Mar__2_16_19_21_2026,0.007175847887992887,-0.8831884264945984,63.103223759755515
RABLab26_Mar02_GrafLab_Clay0%(supersand)_Group1SampleA_Mon_Mar__2_16_19_21_2026,0.007175847887992887,-0.8831884264945984,63.103223759755515
RABLab26_Mar02_GrafLab_Clay0%(supersand)_Group1SampleA_Mon_Mar__2_16_19_21_2026,0.007175847887992887,-0.8831884264945984,63.103223759755515
RABLab26_Mar02_GrafLab_Clay0%(supersand)_Group1SampleA_Mon_Mar__2_16_19_21_2026,0.007175847887992887,-0.8831884264945984,63.103223759755515
RABLab26_Mar02_GrafLab_Clay0%(supersand)_Group1SampleA_Mon_Mar__2_16_19_21_2026,0.00725202262401578,-0.6941190958023071,63.103223759755515
RABLab26_Mar02_GrafLab_Clay0%(supersand)_Group1SampleA_Mon_Mar__2_16_19_21_2026,0.00725202262401578,-0.6941190958023071,63.103223759755515
RABLab26_Mar02_GrafLab_Clay0%(supersand)_Group1SampleA_Mon_Mar__2_16_19_21_2026,0.00725202262401578,-0.6941190958023071,63.103223759755515
RABLab26_Mar02_GrafLab_Clay0%(supersand)_Group1SampleA_Mon_Mar__2_16_19_21_2026,0.00725202262401578,-0.6941190958023071,63.103223759755515
RABLab26_Mar02_GrafLab_Clay0%(supersand)_Group1SampleA_Mon_Mar__2_16_19_21_2026,0.00725202262401578,-0.6941190958023071,63.103223759755515
RABLab26_Mar02_GrafLab_Clay0%(supersand)_Group1SampleA_Mon_Mar__2_16_19_21_2026,0.0071211606264113825,-0.4269202649593353,63.103223759755515
RABLab26_Mar02_GrafLab_Clay0%(supersand)_Group1SampleA_Mon_Mar__2_16_19_21_2026,0.0071211606264113825,-0.4269202649593353,63.103223759755515
RABLab26_Mar02_GrafLab_Clay0%(supersand)_Group1SampleA_Mon_Mar__2_16_19_21_2026,0.0071211606264113825,-0.4269202649593353,63.103223759755515
RABLab26_Mar02_GrafLab_Clay0%(supersand)_Group1SampleA_Mon_Mar__2_16_19_21_2026,0.0071211606264113825,-0.4269202649593353,63.103223759755515
RABLab26_Mar02_GrafLab_Clay0%(supersand)_Group1SampleA_Mon_Mar__2_16_19_21_2026,0.0071211606264113825,-0.4269202649593353,63.103223759755515
RABLab26_Mar02_GrafLab_Clay0%(supersand)_Group1SampleA_Mon_Mar__2_16_19_21_2026,0.007187411189079285,-0.4771404862403869,63.103223759755515
RABLab26_Mar02_GrafLab_Clay0%(supersand)_Group1SampleA_Mon_Mar__2_16_19_21_2026,0.007187411189079285,-0.4771404862403869,63.103223759755515
RABLab26_Mar02_GrafLab_Clay0%(supersand)_Group1SampleA_Mon_Mar__2_16_19_21_2026,0.007187411189079285,-0.4771404862403869,63.103223759755515
RABLab26_Mar02_GrafLab_Clay0%(supersand)_Group1SampleA_Mon_Mar__2_16_19_21_2026,0.007187411189079285,-0.4771404862403869,63.103223759755515
RABLab26_Mar02_GrafLab_Clay0%(supersand)_Group1SampleA_Mon_Mar__2_16_19_21_2026,0.00725552439689639,-0.3968711495399475,63.103223759755515
RABLab26_Mar02_GrafLab_Clay0%(supersand)_Group1SampleA_Mon_Mar__2_16_19_21_2026,0.00725552439689639,-0.3968711495399475,63.103223759755515
RABLab26_Mar02_GrafLab_Clay0%(supersand)_Group1SampleA_Mon_Mar__2_16_19_21_2026,0.00725552439689639,-0.3968711495399475,63.103223759755515
RABLab26_Mar02_GrafLab_Clay0%(supersand)_Group1SampleA_Mon_Mar__2_16_19_21_2026,0.00725552439689639,-0.3968711495399475,63.103223759755515
RABLab26_Mar02_GrafLab_Clay0%(supersand)_Group1SampleA_Mon_Mar__2_16_19_21_2026,0.00725552439689639,-0.3968711495399475,63.103223759755515
RABLab26_Mar02_GrafLab_Clay0%(supersand)_Group1SampleA_Mon_Mar__2_16_19_21_2026,0.007252454757690402,-0.2772484719753265,63.103223759755515
RABLab26_Mar02_GrafLab_Clay0%(supersand)_Group1SampleA_Mon_Mar__2_16_19_21_2026,0.007252454757690402,-0.2772484719753265,63.103223759755515
RABLab26_Mar02_GrafLab_Clay0%(supersand)_Group1SampleA_Mon_Mar__2_16_19_21_2026,0.007252454757690402,-0.2772484719753265,63.103223759755515
RABLab26_Mar02_GrafLab_Clay0%(supersand)_Group1SampleA_Mon_Mar__2_16_19_21_2026,0.007252454757690402,-0.2772484719753265,63.103223759755515
RABLab26_Mar02_GrafLab_Clay0%(supersand)_Group1SampleA_Mon_Mar__2_16_19_21_2026,0.007252454757690402,-0.2772484719753265,63.103223759755515
RABLab26_Mar02_GrafLab_Clay0%(supersand)_Group1SampleA_Mon_Mar__2_16_19_21_2026,0.007252454757690402,-0.2772484719753265,63.103223759755515
RABLab26_Mar02_GrafLab_Clay0%(supersand)_Group1SampleA_Mon_Mar__2_16_19_21_2026,0.007258504629135104,-0.1895786374807357,63.103223759755515
RABLab26_Mar02_GrafLab_Clay0%(supersand)_Group1SampleA_Mon_Mar__2_16_19_21_2026,0.007258504629135104,-0.1895786374807357,63.103223759755515
RABLab26_Mar02_GrafLab_Clay0%(supersand)_Group1SampleA_Mon_Mar__2_16_19_21_2026,0.007258504629135104,-0.1895786374807357,63.103223759755515
RABLab26_Mar02_GrafLab_Clay0%(supersand)_Group1SampleA_Mon_Mar__2_16_19_21_2026,0.007258504629135104,-0.1895786374807357,63.103223759755515
RABLab26_Mar02_GrafLab_Clay0%(supersand)_Group1SampleA_Mon_Mar__2_16_19_21_2026,0.007258504629135104,-0.1895786374807357,63.103223759755515
RABLab26_Mar02_GrafLab_Clay0%(supersand)_Group1SampleA_Mon_Mar__2_16_19_21_2026,0.007285699248313904,-0.1236555650830268,63.103223759755515
RABLab26_Mar02_GrafLab_Clay0%(supersand)_Group1SampleA_Mon_Mar__2_16_19_21_2026,0.007285699248313904,-0.1236555650830268,63.103223759755515
RABLab26_Mar02_GrafLab_Clay0%(supersand)_Group1SampleA_Mon_Mar__2_16_19_21_2026,0.007285699248313904,-0.1236555650830268,63.103223759755515
RABLab26_Mar02_GrafLab_Clay0%(supersand)_Group1SampleA_Mon_Mar__2_16_19_21_2026,0.007285699248313904,-0.1236555650830268,63.103223759755515
RABLab26_Mar02_GrafLab_Clay0%(supersand)_Group1SampleA_Mon_Mar__2_16_19_21_2026,0.007285699248313904,-0.1236555650830268,63.103223759755515
RABLab26_Mar02_GrafLab_Clay0%(supersand)_Group1SampleA_Mon_Mar__2_16_19_21_2026,0.007302626967430087,-0.0240339878946542,63.103223759755515
RABLab26_Mar02_GrafLab_Clay0%(supersand)_Group1SampleA_Mon_Mar__2_16_19_21_2026,0.007302626967430087,-0.0240339878946542,63.103223759755515
RABLab26_Mar02_GrafLab_Clay0%(supersand)_Group1SampleA_Mon_Mar__2_16_19_21_2026,0.007302626967430087,-0.0240339878946542,63.103223759755515
RABLab26_Mar02_GrafLab_Clay0%(supersand)_Group1SampleA_Mon_Mar__2_16_19_21_2026,0.007302626967430087,-0.0240339878946542,63.103223759755515
RABLab26_Mar02_GrafLab_Clay0%(supersand)_Group1SampleA_Mon_Mar__2_16_19_21_2026,0.007302626967430087,-0.0240339878946542,63.103223759755515
RABLab26_Mar02_GrafLab_Clay0%(supersand)_Group1SampleA_Mon_Mar__2_16_19_21_2026,0.0073315054178237915,0.0319174081087112,63.103223759755515
RABLab26_Mar02_GrafLab_Clay0%(supersand)_Group1SampleA_Mon_Mar__2_16_19_21_2026,0.0073315054178237915,0.0319174081087112,63.103223759755515
RABLab26_Mar02_GrafLab_Clay0%(supersand)_Group1SampleA_Mon_Mar__2_16_19_21_2026,0.0073315054178237915,0.0319174081087112,63.103223759755515
RABLab26_Mar02_GrafLab_Clay0%(supersand)_Group1SampleA_Mon_Mar__2_16_19_21_2026,0.0073315054178237915,0.0319174081087112,63.103223759755515
RABLab26_Mar02_GrafLab_Clay0%(supersand)_Group1SampleA_Mon_Mar__2_16_19_21_2026,0.0073315054178237915,0.0319174081087112,63.103223759755515
RABLab26_Mar02_GrafLab_Clay0%(supersand)_Group1SampleA_Mon_Mar__2_16_19_21_2026,0.0073315054178237915,0.0319174081087112,63.103223759755515
RABLab26_Mar02_GrafLab_Clay0%(supersand)_Group1SampleA_Mon_Mar__2_16_19_21_2026,0.007352784276008578,0.1264899224042892,63.103223759755515
RABLab26_Mar02_GrafLab_Clay0%(supersand)_Group1SampleA_Mon_Mar__2_16_19_21_2026,0.007352784276008578,0.1264899224042892,63.103223759755515
RABLab26_Mar02_GrafLab_Clay0%(supersand)_Group1SampleA_Mon_Mar__2_16_19_21_2026,0.007352784276008578,0.1264899224042892,63.103223759755515
RABLab26_Mar02_GrafLab_Clay0%(supersand)_Group1SampleA_Mon_Mar__2_16_19_21_2026,0.007352784276008578,0.1264899224042892,63.103223759755515
RABLab26_Mar02_GrafLab_Clay0%(supersand)_Group1SampleA_Mon_Mar__2_16_19_21_2026,0.007352784276008578,0.1264899224042892,63.103223759755515
RABLab26_Mar02_GrafLab_Clay0%(supersand)_Group1SampleA_Mon_Mar__2_16_19_21_2026,0.007389456033706693,0.175979807972908,63.103223759755515
RABLab26_Mar02_GrafLab_Clay0%(supersand)_Group1SampleA_Mon_Mar__2_16_19_21_2026,0.007389456033706693,0.175979807972908,63.103223759755515
RABLab26_Mar02_GrafLab_Clay0%(supersand)_Group1SampleA_Mon_Mar__2_16_19_21_2026,0.007389456033706693,0.175979807972908,63.103223759755515
RABLab26_Mar02_GrafLab_Clay0%(supersand)_Group1SampleA_Mon_Mar__2_16_19_21_2026,0.007389456033706693,0.175979807972908,63.103223759755515
RABLab26_Mar02_GrafLab_Clay0%(supersand)_Group1SampleA_Mon_Mar__2_16_19_21_2026,0.007389456033706693,0.175979807972908,63.103223759755515
RABLab26_Mar02_GrafLab_Clay0%(supersand)_Group1SampleA_Mon_Mar__2_16_19_21_2026,0.007430121302604703,0.25412517786026,63.103223759755515
RABLab26_Mar02_GrafLab_Clay0%(supersand)_Group1SampleA_Mon_Mar__2_16_19_21_2026,0.007430121302604703,0.25412517786026,63.103223759755515
RABLab26_Mar02_GrafLab_Clay0%(supersand)_Group1SampleA_Mon_Mar__2_16_19_21_2026,0.007430121302604703,0.25412517786026,63.103223759755515
RABLab26_Mar02_GrafLab_Clay0%(supersand)_Group1SampleA_Mon_Mar__2_16_19_21_2026,0.007430121302604703,0.25412517786026,63.103223759755515
RABLab26_Mar02_GrafLab_Clay0%(supersand)_Group1SampleA_Mon_Mar__2_16_19_21_2026,0.007430121302604703,0.25412517786026,63.103223759755515
RABLab26_Mar02_GrafLab_Clay0%(supersand)_Group1SampleA_Mon_Mar__2_16_19_21_2026,0.007484436035156278,0.2827341258525848,63.103223759755515
RABLab26_Mar02_GrafLab_Clay0%(supersand)_Group1SampleA_Mon_Mar__2_16_19_21_2026,0.007484436035156278,0.2827341258525848,63.103223759755515
RABLab26_Mar02_GrafLab_Clay0%(supersand)_Group1SampleA_Mon_Mar__2_16_19_21_2026,0.007484436035156278,0.2827341258525848,63.103223759755515
RABLab26_Mar02_GrafLab_Clay0%(supersand)_Group1SampleA_Mon_Mar__2_16_19_21_2026,0.007484436035156278,0.2827341258525848,63.103223759755515
RABLab26_Mar02_GrafLab_Clay0%(supersand)_Group1SampleA_Mon_Mar__2_16_19_21_2026,0.007484436035156278,0.2827341258525848,63.103223759755515
RABLab26_Mar02_GrafLab_Clay0%(supersand)_Group1SampleA_Mon_Mar__2_16_19_21_2026,0.007484436035156278,0.2827341258525848,63.103223759755515
RABLab26_Mar02_GrafLab_Clay0%(supersand)_Group1SampleA_Mon_Mar__2_16_19_21_2026,0.007484436035156278,0.2827341258525848,63.103223759755515
RABLab26_Mar02_GrafLab_Clay0%(supersand)_Group1SampleA_Mon_Mar__2_16_19_21_2026,0.007512673735618591,0.3540292084217071,63.103223759755515
RABLab26_Mar02_GrafLab_Clay0%(supersand)_Group1SampleA_Mon_Mar__2_16_19_21_2026,0.007512673735618591,0.3540292084217071,63.103223759755515
RABLab26_Mar02_GrafLab_Clay0%(supersand)_Group1SampleA_Mon_Mar__2_16_19_21_2026,0.007512673735618591,0.3540292084217071,63.103223759755515
RABLab26_Mar02_GrafLab_Clay0%(supersand)_Group1SampleA_Mon_Mar__2_16_19_21_2026,0.007512673735618591,0.3540292084217071,63.103223759755515
RABLab26_Mar02_GrafLab_Clay0%(supersand)_Group1SampleA_Mon_Mar__2_16_19_21_2026,0.007512673735618591,0.3540292084217071,63.103223759755515
RABLab26_Mar02_GrafLab_Clay0%(supersand)_Group1SampleA_Mon_Mar__2_16_19_21_2026,0.007512673735618591,0.3540292084217071,63.103223759755515
RABLab26_Mar02_GrafLab_Clay0%(supersand)_Group1SampleA_Mon_Mar__2_16_19_21_2026,0.007563978433608981,0.4032995104789734,63.103223759755515
RABLab26_Mar02_GrafLab_Clay0%(supersand)_Group1SampleA_Mon_Mar__2_16_19_21_2026,0.007563978433608981,0.4032995104789734,63.103223759755515
RABLab26_Mar02_GrafLab_Clay0%(supersand)_Group1SampleA_Mon_Mar__2_16_19_21_2026,0.007563978433608981,0.4032995104789734,63.103223759755515
RABLab26_Mar02_GrafLab_Clay0%(supersand)_Group1SampleA_Mon_Mar__2_16_19_21_2026,0.007563978433608981,0.4032995104789734,63.103223759755515
RABLab26_Mar02_GrafLab_Clay0%(supersand)_Group1SampleA_Mon_Mar__2_16_19_21_2026,0.007563978433608981,0.4032995104789734,63.103223759755515
RABLab26_Mar02_GrafLab_Clay0%(supersand)_Group1SampleA_Mon_Mar__2_16_19_21_2026,0.007563978433608981,0.4032995104789734,63.103223759755515
RABLab26_Mar02_GrafLab_Clay0%(supersand)_Group1SampleA_Mon_Mar__2_16_19_21_2026,0.007615610957145691,0.4608155786991119,63.103223759755515
RABLab26_Mar02_GrafLab_Clay0%(supersand)_Group1SampleA_Mon_Mar__2_16_19_21_2026,0.007615610957145691,0.4608155786991119,63.103223759755515
RABLab26_Mar02_GrafLab_Clay0%(supersand)_Group1SampleA_Mon_Mar__2_16_19_21_2026,0.007615610957145691,0.4608155786991119,63.103223759755515
RABLab26_Mar02_GrafLab_Clay0%(supersand)_Group1SampleA_Mon_Mar__2_16_19_21_2026,0.0076574385166167935,0.5237976908683777,63.103223759755515
RABLab26_Mar02_GrafLab_Clay0%(supersand)_Group1SampleA_Mon_Mar__2_16_19_21_2026,0.0076574385166167935,0.5237976908683777,63.103223759755515
RABLab26_Mar02_GrafLab_Clay0%(supersand)_Group1SampleA_Mon_Mar__2_16_19_21_2026,0.0076574385166167935,0.5237976908683777,63.103223759755515
RABLab26_Mar02_GrafLab_Clay0%(supersand)_Group1SampleA_Mon_Mar__2_16_19_21_2026,0.007734388113021878,0.5351788401603699,63.103223759755515
RABLab26_Mar02_GrafLab_Clay0%(supersand)_Group1SampleA_Mon_Mar__2_16_19_21_2026,0.007734388113021878,0.5351788401603699,63.103223759755515
RABLab26_Mar02_GrafLab_Clay0%(supersand)_Group1SampleA_Mon_Mar__2_16_19_21_2026,0.007734388113021878,0.5351788401603699,63.103223759755515
RABLab26_Mar02_GrafLab_Clay0%(supersand)_Group1SampleA_Mon_Mar__2_16_19_21_2026,0.007734388113021878,0.5351788401603699,63.103223759755515
RABLab26_Mar02_GrafLab_Clay0%(supersand)_Group1SampleA_Mon_Mar__2_16_19_21_2026,0.007734388113021878,0.5351788401603699,63.103223759755515
RABLab26_Mar02_GrafLab_Clay0%(supersand)_Group1SampleA_Mon_Mar__2_16_19_21_2026,0.007734388113021878,0.5351788401603699,63.103223759755515
RABLab26_Mar02_GrafLab_Clay0%(supersand)_Group1SampleA_Mon_Mar__2_16_19_21_2026,0.007785886526107788,0.5831549763679504,63.103223759755515
RABLab26_Mar02_GrafLab_Clay0%(supersand)_Group1SampleA_Mon_Mar__2_16_19_21_2026,0.007785886526107788,0.5831549763679504,63.103223759755515
RABLab26_Mar02_GrafLab_Clay0%(supersand)_Group1SampleA_Mon_Mar__2_16_19_21_2026,0.007785886526107788,0.5831549763679504,63.103223759755515
RABLab26_Mar02_GrafLab_Clay0%(supersand)_Group1SampleA_Mon_Mar__2_16_19_21_2026,0.007785886526107788,0.5831549763679504,63.103223759755515
RABLab26_Mar02_GrafLab_Clay0%(supersand)_Group1SampleA_Mon_Mar__2_16_19_21_2026,0.007785886526107788,0.5831549763679504,63.103223759755515
RABLab26_Mar02_GrafLab_Clay0%(supersand)_Group1SampleA_Mon_Mar__2_16_19_21_2026,0.007785886526107788,0.5831549763679504,63.103223759755515
RABLab26_Mar02_GrafLab_Clay0%(supersand)_Group1SampleA_Mon_Mar__2_16_19_21_2026,0.007836863398551885,0.6271582245826721,63.103223759755515
RABLab26_Mar02_GrafLab_Clay0%(supersand)_Group1SampleA_Mon_Mar__2_16_19_21_2026,0.007836863398551885,0.6271582245826721,63.103223759755515
RABLab26_Mar02_GrafLab_Clay0%(supersand)_Group1SampleA_Mon_Mar__2_16_19_21_2026,0.007836863398551885,0.6271582245826721,63.103223759755515
RABLab26_Mar02_GrafLab_Clay0%(supersand)_Group1SampleA_Mon_Mar__2_16_19_21_2026,0.007836863398551885,0.6271582245826721,63.103223759755515
RABLab26_Mar02_GrafLab_Clay0%(supersand)_Group1SampleA_Mon_Mar__2_16_19_21_2026,0.007836863398551885,0.6271582245826721,63.103223759755515
RABLab26_Mar02_GrafLab_Clay0%(supersand)_Group1SampleA_Mon_Mar__2_16_19_21_2026,0.00786334276199338,0.7055292129516602,63.103223759755515
RABLab26_Mar02_GrafLab_Clay0%(supersand)_Group1SampleA_Mon_Mar__2_16_19_21_2026,0.00786334276199338,0.7055292129516602,63.103223759755515
RABLab26_Mar02_GrafLab_Clay0%(supersand)_Group1SampleA_Mon_Mar__2_16_19_21_2026,0.00786334276199338,0.7055292129516602,63.103223759755515
RABLab26_Mar02_GrafLab_Clay0%(supersand)_Group1SampleA_Mon_Mar__2_16_19_21_2026,0.00786334276199338,0.7055292129516602,63.103223759755515
RABLab26_Mar02_GrafLab_Clay0%(supersand)_Group1SampleA_Mon_Mar__2_16_19_21_2026,0.007914856076240484,0.764460563659668,63.103223759755515
RABLab26_Mar02_GrafLab_Clay0%(supersand)_Group1SampleA_Mon_Mar__2_16_19_21_2026,0.007914856076240484,0.764460563659668,63.103223759755515
RABLab26_Mar02_GrafLab_Clay0%(supersand)_Group1SampleA_Mon_Mar__2_16_19_21_2026,0.007914856076240484,0.764460563659668,63.103223759755515
RABLab26_Mar02_GrafLab_Clay0%(supersand)_Group1SampleA_Mon_Mar__2_16_19_21_2026,0.007914856076240484,0.764460563659668,63.103223759755515
RABLab26_Mar02_GrafLab_Clay0%(supersand)_Group1SampleA_Mon_Mar__2_16_19_21_2026,0.007914856076240484,0.764460563659668,63.103223759755515
RABLab26_Mar02_GrafLab_Clay0%(supersand)_Group1SampleA_Mon_Mar__2_16_19_21_2026,0.0080562233924866,0.6764947175979614,63.103223759755515
RABLab26_Mar02_GrafLab_Clay0%(supersand)_Group1SampleA_Mon_Mar__2_16_19_21_2026,0.0080562233924866,0.6764947175979614,63.103223759755515
RABLab26_Mar02_GrafLab_Clay0%(supersand)_Group1SampleA_Mon_Mar__2_16_19_21_2026,0.0080562233924866,0.6764947175979614,63.103223759755515
RABLab26_Mar02_GrafLab_Clay0%(supersand)_Group1SampleA_Mon_Mar__2_16_19_21_2026,0.0080562233924866,0.6764947175979614,63.103223759755515
RABLab26_Mar02_GrafLab_Clay0%(supersand)_Group1SampleA_Mon_Mar__2_16_19_21_2026,0.0080562233924866,0.6764947175979614,63.103223759755515
RABLab26_Mar02_GrafLab_Clay0%(supersand)_Group1SampleA_Mon_Mar__2_16_19_21_2026,0.0080562233924866,0.6764947175979614,63.103223759755515
RABLab26_Mar02_GrafLab_Clay0%(supersand)_Group1SampleA_Mon_Mar__2_16_19_21_2026,0.008238390088081388,0.5629574060440063,63.103223759755515
RABLab26_Mar02_GrafLab_Clay0%(supersand)_Group1SampleA_Mon_Mar__2_16_19_21_2026,0.008238390088081388,0.5629574060440063,63.103223759755515
RABLab26_Mar02_GrafLab_Clay0%(supersand)_Group1SampleA_Mon_Mar__2_16_19_21_2026,0.008238390088081388,0.5629574060440063,63.103223759755515
RABLab26_Mar02_GrafLab_Clay0%(supersand)_Group1SampleA_Mon_Mar__2_16_19_21_2026,0.008238390088081388,0.5629574060440063,63.103223759755515
RABLab26_Mar02_GrafLab_Clay0%(supersand)_Group1SampleA_Mon_Mar__2_16_19_21_2026,0.008238390088081388,0.5629574060440063,63.103223759755515
RABLab26_Mar02_GrafLab_Clay0%(supersand)_Group1SampleA_Mon_Mar__2_16_19_21_2026,0.008465826511383084,0.4181929230690002,63.103223759755515
RABLab26_Mar02_GrafLab_Clay0%(supersand)_Group1SampleA_Mon_Mar__2_16_19_21_2026,0.008465826511383084,0.4181929230690002,63.103223759755515
RABLab26_Mar02_GrafLab_Clay0%(supersand)_Group1SampleA_Mon_Mar__2_16_19_21_2026,0.008465826511383084,0.4181929230690002,63.103223759755515
RABLab26_Mar02_GrafLab_Clay0%(supersand)_Group1SampleA_Mon_Mar__2_16_19_21_2026,0.008465826511383084,0.4181929230690002,63.103223759755515
RABLab26_Mar02_GrafLab_Clay0%(supersand)_Group1SampleA_Mon_Mar__2_16_19_21_2026,0.008465826511383084,0.4181929230690002,63.103223759755515
RABLab26_Mar02_GrafLab_Clay0%(supersand)_Group1SampleA_Mon_Mar__2_16_19_21_2026,0.008801937103271484,0.1621294617652893,63.103223759755515
RABLab26_Mar02_GrafLab_Clay0%(supersand)_Group1SampleA_Mon_Mar__2_16_19_21_2026,0.008801937103271484,0.1621294617652893,63.103223759755515
RABLab26_Mar02_GrafLab_Clay0%(supersand)_Group1SampleA_Mon_Mar__2_16_19_21_2026,0.008801937103271484,0.1621294617652893,63.103223759755515
RABLab26_Mar02_GrafLab_Clay0%(supersand)_Group1SampleA_Mon_Mar__2_16_19_21_2026,0.008801937103271484,0.1621294617652893,63.103223759755515
RABLab26_Mar02_GrafLab_Clay0%(supersand)_Group1SampleA_Mon_Mar__2_16_19_21_2026,0.00932519137859339,-0.3656868040561676,63.103223759755515
RABLab26_Mar02_GrafLab_Clay0%(supersand)_Group1SampleA_Mon_Mar__2_16_19_21_2026,0.00932519137859339,-0.3656868040561676,63.103223759755515
RABLab26_Mar02_GrafLab_Clay0%(supersand)_Group1SampleA_Mon_Mar__2_16_19_21_2026,0.00932519137859339,-0.3656868040561676,63.103223759755515
RABLab26_Mar02_GrafLab_Clay0%(supersand)_Group1SampleA_Mon_Mar__2_16_19_21_2026,0.00932519137859339,-0.3656868040561676,63.103223759755515
RABLab26_Mar02_GrafLab_Clay0%(supersand)_Group1SampleA_Mon_Mar__2_16_19_21_2026,0.0098051726818085,-0.6141812801361084,63.103223759755515
RABLab26_Mar02_GrafLab_Clay0%(supersand)_Group1SampleA_Mon_Mar__2_16_19_21_2026,0.0098051726818085,-0.6141812801361084,63.103223759755515
RABLab26_Mar02_GrafLab_Clay0%(supersand)_Group1SampleA_Mon_Mar__2_16_19_21_2026,0.0098051726818085,-0.6141812801361084,63.103223759755515
RABLab26_Mar02_GrafLab_Clay0%(supersand)_Group1SampleA_Mon_Mar__2_16_19_21_2026,0.0098051726818085,-0.6141812801361084,63.103223759755515
RABLab26_Mar02_GrafLab_Clay0%(supersand)_Group1SampleA_Mon_Mar__2_16_19_21_2026,0.0098051726818085,-0.6141812801361084,63.103223759755515
RABLab26_Mar02_GrafLab_Clay0%(supersand)_Group1SampleA_Mon_Mar__2_16_19_21_2026,0.00986726582050318,-0.5027941465377808,63.103223759755515
RABLab26_Mar02_GrafLab_Clay0%(supersand)_Group1SampleA_Mon_Mar__2_16_19_21_2026,0.00986726582050318,-0.5027941465377808,63.103223759755515
RABLab26_Mar02_GrafLab_Clay0%(supersand)_Group1SampleA_Mon_Mar__2_16_19_21_2026,0.00986726582050318,-0.5027941465377808,63.103223759755515
RABLab26_Mar02_GrafLab_Clay0%(supersand)_Group1SampleA_Mon_Mar__2_16_19_21_2026,0.00986726582050318,-0.5027941465377808,63.103223759755515
RABLab26_Mar02_GrafLab_Clay0%(supersand)_Group1SampleA_Mon_Mar__2_16_19_21_2026,0.00986726582050318,-0.5027941465377808,63.103223759755515
RABLab26_Mar02_GrafLab_Clay0%(supersand)_Group1SampleA_Mon_Mar__2_16_19_21_2026,0.00986726582050318,-0.5027941465377808,63.103223759755515
RABLab26_Mar02_GrafLab_Clay0%(supersand)_Group1SampleA_Mon_Mar__2_16_19_21_2026,0.00985689461231229,-0.3895085453987121,63.103223759755515
RABLab26_Mar02_GrafLab_Clay0%(supersand)_Group1SampleA_Mon_Mar__2_16_19_21_2026,0.00985689461231229,-0.3895085453987121,63.103223759755515
RABLab26_Mar02_GrafLab_Clay0%(supersand)_Group1SampleA_Mon_Mar__2_16_19_21_2026,0.00985689461231229,-0.3895085453987121,63.103223759755515
RABLab26_Mar02_GrafLab_Clay0%(supersand)_Group1SampleA_Mon_Mar__2_16_19_21_2026,0.00985689461231229,-0.3895085453987121,63.103223759755515
RABLab26_Mar02_GrafLab_Clay0%(supersand)_Group1SampleA_Mon_Mar__2_16_19_21_2026,0.009943544864654486,-0.3861328065395355,63.103223759755515
RABLab26_Mar02_GrafLab_Clay0%(supersand)_Group1SampleA_Mon_Mar__2_16_19_21_2026,0.009943544864654486,-0.3861328065395355,63.103223759755515
RABLab26_Mar02_GrafLab_Clay0%(supersand)_Group1SampleA_Mon_Mar__2_16_19_21_2026,0.009943544864654486,-0.3861328065395355,63.103223759755515
RABLab26_Mar02_GrafLab_Clay0%(supersand)_Group1SampleA_Mon_Mar__2_16_19_21_2026,0.009943544864654486,-0.3861328065395355,63.103223759755515
RABLab26_Mar02_GrafLab_Clay0%(supersand)_Group1SampleA_Mon_Mar__2_16_19_21_2026,0.009943544864654486,-0.3861328065395355,63.103223759755515
RABLab26_Mar02_GrafLab_Clay0%(supersand)_Group1SampleA_Mon_Mar__2_16_19_21_2026,0.00998865067958829,-0.3294783532619476,63.103223759755515
RABLab26_Mar02_GrafLab_Clay0%(supersand)_Group1SampleA_Mon_Mar__2_16_19_21_2026,0.00998865067958829,-0.3294783532619476,63.103223759755515
RABLab26_Mar02_GrafLab_Clay0%(supersand)_Group1SampleA_Mon_Mar__2_16_19_21_2026,0.00998865067958829,-0.3294783532619476,63.103223759755515
RABLab26_Mar02_GrafLab_Clay0%(supersand)_Group1SampleA_Mon_Mar__2_16_19_21_2026,0.00998865067958829,-0.3294783532619476,63.103223759755515
RABLab26_Mar02_GrafLab_Clay0%(supersand)_Group1SampleA_Mon_Mar__2_16_19_21_2026,0.00998865067958829,-0.3294783532619476,63.103223759755515
RABLab26_Mar02_GrafLab_Clay0%(supersand)_Group1SampleA_Mon_Mar__2_16_19_21_2026,0.009995386004447882,-0.2171150147914886,63.103223759755515
RABLab26_Mar02_GrafLab_Clay0%(supersand)_Group1SampleA_Mon_Mar__2_16_19_21_2026,0.009995386004447882,-0.2171150147914886,63.103223759755515
RABLab26_Mar02_GrafLab_Clay0%(supersand)_Group1SampleA_Mon_Mar__2_16_19_21_2026,0.009995386004447882,-0.2171150147914886,63.103223759755515
RABLab26_Mar02_GrafLab_Clay0%(supersand)_Group1SampleA_Mon_Mar__2_16_19_21_2026,0.009995386004447882,-0.2171150147914886,63.103223759755515
RABLab26_Mar02_GrafLab_Clay0%(supersand)_Group1SampleA_Mon_Mar__2_16_19_21_2026,0.009995386004447882,-0.2171150147914886,63.103223759755515
RABLab26_Mar02_GrafLab_Clay0%(supersand)_Group1SampleA_Mon_Mar__2_16_19_21_2026,0.009995386004447882,-0.2171150147914886,63.103223759755515
RABLab26_Mar02_GrafLab_Clay0%(supersand)_Group1SampleA_Mon_Mar__2_16_19_21_2026,0.009995386004447882,-0.1169924661517143,63.103223759755515
RABLab26_Mar02_GrafLab_Clay0%(supersand)_Group1SampleA_Mon_Mar__2_16_19_21_2026,0.009995386004447882,-0.1169924661517143,63.103223759755515
RABLab26_Mar02_GrafLab_Clay0%(supersand)_Group1SampleA_Mon_Mar__2_16_19_21_2026,0.009995386004447882,-0.1169924661517143,63.103223759755515
RABLab26_Mar02_GrafLab_Clay0%(supersand)_Group1SampleA_Mon_Mar__2_16_19_21_2026,0.009995386004447882,-0.1169924661517143,63.103223759755515
RABLab26_Mar02_GrafLab_Clay0%(supersand)_Group1SampleA_Mon_Mar__2_16_19_21_2026,0.009995386004447882,-0.1169924661517143,63.103223759755515
RABLab26_Mar02_GrafLab_Clay0%(supersand)_Group1SampleA_Mon_Mar__2_16_19_21_2026,0.010023534297943087,-0.0528320595622062,63.103223759755515
RABLab26_Mar02_GrafLab_Clay0%(supersand)_Group1SampleA_Mon_Mar__2_16_19_21_2026,0.010023534297943087,-0.0528320595622062,63.103223759755515
RABLab26_Mar02_GrafLab_Clay0%(supersand)_Group1SampleA_Mon_Mar__2_16_19_21_2026,0.010023534297943087,-0.0528320595622062,63.103223759755515
RABLab26_Mar02_GrafLab_Clay0%(supersand)_Group1SampleA_Mon_Mar__2_16_19_21_2026,0.010023534297943087,-0.0528320595622062,63.103223759755515
RABLab26_Mar02_GrafLab_Clay0%(supersand)_Group1SampleA_Mon_Mar__2_16_19_21_2026,0.010023534297943087,-0.0528320595622062,63.103223759755515
RABLab26_Mar02_GrafLab_Clay0%(supersand)_Group1SampleA_Mon_Mar__2_16_19_21_2026,0.010094985365867587,-0.0547834113240242,63.103223759755515
RABLab26_Mar02_GrafLab_Clay0%(supersand)_Group1SampleA_Mon_Mar__2_16_19_21_2026,0.010094985365867587,-0.0547834113240242,63.103223759755515
RABLab26_Mar02_GrafLab_Clay0%(supersand)_Group1SampleA_Mon_Mar__2_16_19_21_2026,0.010094985365867587,-0.0547834113240242,63.103223759755515
RABLab26_Mar02_GrafLab_Clay0%(supersand)_Group1SampleA_Mon_Mar__2_16_19_21_2026,0.010094985365867587,-0.0547834113240242,63.103223759755515
RABLab26_Mar02_GrafLab_Clay0%(supersand)_Group1SampleA_Mon_Mar__2_16_19_21_2026,0.010094985365867587,-0.0547834113240242,63.103223759755515
RABLab26_Mar02_GrafLab_Clay0%(supersand)_Group1SampleA_Mon_Mar__2_16_19_21_2026,0.010096117854118292,0.0814053118228912,63.103223759755515
RABLab26_Mar02_GrafLab_Clay0%(supersand)_Group1SampleA_Mon_Mar__2_16_19_21_2026,0.010096117854118292,0.0814053118228912,63.103223759755515
RABLab26_Mar02_GrafLab_Clay0%(supersand)_Group1SampleA_Mon_Mar__2_16_19_21_2026,0.010096117854118292,0.0814053118228912,63.103223759755515
RABLab26_Mar02_GrafLab_Clay0%(supersand)_Group1SampleA_Mon_Mar__2_16_19_21_2026,0.010096117854118292,0.0814053118228912,63.103223759755515
RABLab26_Mar02_GrafLab_Clay0%(supersand)_Group1SampleA_Mon_Mar__2_16_19_21_2026,0.010096117854118292,0.0814053118228912,63.103223759755515
RABLab26_Mar02_GrafLab_Clay0%(supersand)_Group1SampleA_Mon_Mar__2_16_19_21_2026,0.010096117854118292,0.0814053118228912,63.103223759755515
RABLab26_Mar02_GrafLab_Clay0%(supersand)_Group1SampleA_Mon_Mar__2_16_19_21_2026,0.010144904255867004,0.1030446961522102,63.103223759755515
RABLab26_Mar02_GrafLab_Clay0%(supersand)_Group1SampleA_Mon_Mar__2_16_19_21_2026,0.010144904255867004,0.1030446961522102,63.103223759755515
RABLab26_Mar02_GrafLab_Clay0%(supersand)_Group1SampleA_Mon_Mar__2_16_19_21_2026,0.010144904255867004,0.1030446961522102,63.103223759755515
RABLab26_Mar02_GrafLab_Clay0%(supersand)_Group1SampleA_Mon_Mar__2_16_19_21_2026,0.010144904255867004,0.1030446961522102,63.103223759755515
RABLab26_Mar02_GrafLab_Clay0%(supersand)_Group1SampleA_Mon_Mar__2_16_19_21_2026,0.010144904255867004,0.1030446961522102,63.103223759755515
RABLab26_Mar02_GrafLab_Clay0%(supersand)_Group1SampleA_Mon_Mar__2_16_19_21_2026,0.010144904255867004,0.1030446961522102,63.103223759755515
RABLab26_Mar02_GrafLab_Clay0%(supersand)_Group1SampleA_Mon_Mar__2_16_19_21_2026,0.010146290063858004,0.2304959893226623,63.103223759755515
RABLab26_Mar02_GrafLab_Clay0%(supersand)_Group1SampleA_Mon_Mar__2_16_19_21_2026,0.010146290063858004,0.2304959893226623,63.103223759755515
RABLab26_Mar02_GrafLab_Clay0%(supersand)_Group1SampleA_Mon_Mar__2_16_19_21_2026,0.010146290063858004,0.2304959893226623,63.103223759755515
RABLab26_Mar02_GrafLab_Clay0%(supersand)_Group1SampleA_Mon_Mar__2_16_19_21_2026,0.010146290063858004,0.2304959893226623,63.103223759755515
RABLab26_Mar02_GrafLab_Clay0%(supersand)_Group1SampleA_Mon_Mar__2_16_19_21_2026,0.010176286101341192,0.2846566140651703,63.103223759755515
RABLab26_Mar02_GrafLab_Clay0%(supersand)_Group1SampleA_Mon_Mar__2_16_19_21_2026,0.010176286101341192,0.2846566140651703,63.103223759755515
RABLab26_Mar02_GrafLab_Clay0%(supersand)_Group1SampleA_Mon_Mar__2_16_19_21_2026,0.010176286101341192,0.2846566140651703,63.103223759755515
RABLab26_Mar02_GrafLab_Clay0%(supersand)_Group1SampleA_Mon_Mar__2_16_19_21_2026,0.010176286101341192,0.2846566140651703,63.103223759755515
RABLab26_Mar02_GrafLab_Clay0%(supersand)_Group1SampleA_Mon_Mar__2_16_19_21_2026,0.010176286101341192,0.2846566140651703,63.103223759755515
RABLab26_Mar02_GrafLab_Clay0%(supersand)_Group1SampleA_Mon_Mar__2_16_19_21_2026,0.010176286101341192,0.2846566140651703,63.103223759755515
RABLab26_Mar02_GrafLab_Clay0%(supersand)_Group1SampleA_Mon_Mar__2_16_19_21_2026,0.01022416353225708,0.3373889029026031,63.103223759755515
RABLab26_Mar02_GrafLab_Clay0%(supersand)_Group1SampleA_Mon_Mar__2_16_19_21_2026,0.01022416353225708,0.3373889029026031,63.103223759755515
RABLab26_Mar02_GrafLab_Clay0%(supersand)_Group1SampleA_Mon_Mar__2_16_19_21_2026,0.01022416353225708,0.3373889029026031,63.103223759755515
RABLab26_Mar02_GrafLab_Clay0%(supersand)_Group1SampleA_Mon_Mar__2_16_19_21_2026,0.01022416353225708,0.3373889029026031,63.103223759755515
RABLab26_Mar02_GrafLab_Clay0%(supersand)_Group1SampleA_Mon_Mar__2_16_19_21_2026,0.01022416353225708,0.3373889029026031,63.103223759755515
RABLab26_Mar02_GrafLab_Clay0%(supersand)_Group1SampleA_Mon_Mar__2_16_19_21_2026,0.01022416353225708,0.3373889029026031,63.103223759755515
RABLab26_Mar02_GrafLab_Clay0%(supersand)_Group1SampleA_Mon_Mar__2_16_19_21_2026,0.010277956724166898,0.3910795748233795,63.103223759755515
RABLab26_Mar02_GrafLab_Clay0%(supersand)_Group1SampleA_Mon_Mar__2_16_19_21_2026,0.010277956724166898,0.3910795748233795,63.103223759755515
RABLab26_Mar02_GrafLab_Clay0%(supersand)_Group1SampleA_Mon_Mar__2_16_19_21_2026,0.010277956724166898,0.3910795748233795,63.103223759755515
RABLab26_Mar02_GrafLab_Clay0%(supersand)_Group1SampleA_Mon_Mar__2_16_19_21_2026,0.010277956724166898,0.3910795748233795,63.103223759755515
RABLab26_Mar02_GrafLab_Clay0%(supersand)_Group1SampleA_Mon_Mar__2_16_19_21_2026,0.010277956724166898,0.3910795748233795,63.103223759755515
RABLab26_Mar02_GrafLab_Clay0%(supersand)_Group1SampleA_Mon_Mar__2_16_19_21_2026,0.010277956724166898,0.3910795748233795,63.103223759755515
RABLab26_Mar02_GrafLab_Clay0%(supersand)_Group1SampleA_Mon_Mar__2_16_19_21_2026,0.010280609130859403,0.4948100447654724,63.103223759755515
RABLab26_Mar02_GrafLab_Clay0%(supersand)_Group1SampleA_Mon_Mar__2_16_19_21_2026,0.010280609130859403,0.4948100447654724,63.103223759755515
RABLab26_Mar02_GrafLab_Clay0%(supersand)_Group1SampleA_Mon_Mar__2_16_19_21_2026,0.010280609130859403,0.4948100447654724,63.103223759755515
RABLab26_Mar02_GrafLab_Clay0%(supersand)_Group1SampleA_Mon_Mar__2_16_19_21_2026,0.010280609130859403,0.4948100447654724,63.103223759755515
RABLab26_Mar02_GrafLab_Clay0%(supersand)_Group1SampleA_Mon_Mar__2_16_19_21_2026,0.010280609130859403,0.4948100447654724,63.103223759755515
RABLab26_Mar02_GrafLab_Clay0%(supersand)_Group1SampleA_Mon_Mar__2_16_19_21_2026,0.010319516062736483,0.5360743403434753,63.103223759755515
RABLab26_Mar02_GrafLab_Clay0%(supersand)_Group1SampleA_Mon_Mar__2_16_19_21_2026,0.010319516062736483,0.5360743403434753,63.103223759755515
RABLab26_Mar02_GrafLab_Clay0%(supersand)_Group1SampleA_Mon_Mar__2_16_19_21_2026,0.010319516062736483,0.5360743403434753,63.103223759755515
RABLab26_Mar02_GrafLab_Clay0%(supersand)_Group1SampleA_Mon_Mar__2_16_19_21_2026,0.010319516062736483,0.5360743403434753,63.103223759755515
RABLab26_Mar02_GrafLab_Clay0%(supersand)_Group1SampleA_Mon_Mar__2_16_19_21_2026,0.010319516062736483,0.5360743403434753,63.103223759755515
RABLab26_Mar02_GrafLab_Clay0%(supersand)_Group1SampleA_Mon_Mar__2_16_19_21_2026,0.010319516062736483,0.5360743403434753,63.103223759755515
RABLab26_Mar02_GrafLab_Clay0%(supersand)_Group1SampleA_Mon_Mar__2_16_19_21_2026,0.01037859916687009,0.552266001701355,63.103223759755515
RABLab26_Mar02_GrafLab_Clay0%(supersand)_Group1SampleA_Mon_Mar__2_16_19_21_2026,0.01037859916687009,0.552266001701355,63.103223759755515
RABLab26_Mar02_GrafLab_Clay0%(supersand)_Group1SampleA_Mon_Mar__2_16_19_21_2026,0.01037859916687009,0.552266001701355,63.103223759755515
RABLab26_Mar02_GrafLab_Clay0%(supersand)_Group1SampleA_Mon_Mar__2_16_19_21_2026,0.01037859916687009,0.552266001701355,63.103223759755515
RABLab26_Mar02_GrafLab_Clay0%(supersand)_Group1SampleA_Mon_Mar__2_16_19_21_2026,0.01037859916687009,0.552266001701355,63.103223759755515
RABLab26_Mar02_GrafLab_Clay0%(supersand)_Group1SampleA_Mon_Mar__2_16_19_21_2026,0.01037859916687009,0.552266001701355,63.103223759755515
RABLab26_Mar02_GrafLab_Clay0%(supersand)_Group1SampleA_Mon_Mar__2_16_19_21_2026,0.010406181216239901,0.6601618528366089,63.103223759755515
RABLab26_Mar02_GrafLab_Clay0%(supersand)_Group1SampleA_Mon_Mar__2_16_19_21_2026,0.010406181216239901,0.6601618528366089,63.103223759755515
RABLab26_Mar02_GrafLab_Clay0%(supersand)_Group1SampleA_Mon_Mar__2_16_19_21_2026,0.010406181216239901,0.6601618528366089,63.103223759755515
RABLab26_Mar02_GrafLab_Clay0%(supersand)_Group1SampleA_Mon_Mar__2_16_19_21_2026,0.010406181216239901,0.6601618528366089,63.103223759755515
RABLab26_Mar02_GrafLab_Clay0%(supersand)_Group1SampleA_Mon_Mar__2_16_19_21_2026,0.010406181216239901,0.6601618528366089,63.103223759755515
RABLab26_Mar02_GrafLab_Clay0%(supersand)_Group1SampleA_Mon_Mar__2_16_19_21_2026,0.010461360216140692,0.6971110105514526,63.103223759755515
RABLab26_Mar02_GrafLab_Clay0%(supersand)_Group1SampleA_Mon_Mar__2_16_19_21_2026,0.010461360216140692,0.6971110105514526,63.103223759755515
RABLab26_Mar02_GrafLab_Clay0%(supersand)_Group1SampleA_Mon_Mar__2_16_19_21_2026,0.010461360216140692,0.6971110105514526,63.103223759755515
RABLab26_Mar02_GrafLab_Clay0%(supersand)_Group1SampleA_Mon_Mar__2_16_19_21_2026,0.010461360216140692,0.6971110105514526,63.103223759755515
RABLab26_Mar02_GrafLab_Clay0%(supersand)_Group1SampleA_Mon_Mar__2_16_19_21_2026,0.010461360216140692,0.6971110105514526,63.103223759755515
RABLab26_Mar02_GrafLab_Clay0%(supersand)_Group1SampleA_Mon_Mar__2_16_19_21_2026,0.010461360216140692,0.6971110105514526,63.103223759755515
RABLab26_Mar02_GrafLab_Clay0%(supersand)_Group1SampleA_Mon_Mar__2_16_19_21_2026,0.010560616850852994,0.678932249546051,63.103223759755515
RABLab26_Mar02_GrafLab_Clay0%(supersand)_Group1SampleA_Mon_Mar__2_16_19_21_2026,0.010560616850852994,0.678932249546051,63.103223759755515
RABLab26_Mar02_GrafLab_Clay0%(supersand)_Group1SampleA_Mon_Mar__2_16_19_21_2026,0.010560616850852994,0.678932249546051,63.103223759755515
RABLab26_Mar02_GrafLab_Clay0%(supersand)_Group1SampleA_Mon_Mar__2_16_19_21_2026,0.010560616850852994,0.678932249546051,63.103223759755515
RABLab26_Mar02_GrafLab_Clay0%(supersand)_Group1SampleA_Mon_Mar__2_16_19_21_2026,0.010560616850852994,0.678932249546051,63.103223759755515
RABLab26_Mar02_GrafLab_Clay0%(supersand)_Group1SampleA_Mon_Mar__2_16_19_21_2026,0.010560616850852994,0.678932249546051,63.103223759755515
RABLab26_Mar02_GrafLab_Clay0%(supersand)_Group1SampleA_Mon_Mar__2_16_19_21_2026,0.010605067014694186,0.7574979662895203,63.103223759755515
RABLab26_Mar02_GrafLab_Clay0%(supersand)_Group1SampleA_Mon_Mar__2_16_19_21_2026,0.010605067014694186,0.7574979662895203,63.103223759755515
RABLab26_Mar02_GrafLab_Clay0%(supersand)_Group1SampleA_Mon_Mar__2_16_19_21_2026,0.010605067014694186,0.7574979662895203,63.103223759755515
RABLab26_Mar02_GrafLab_Clay0%(supersand)_Group1SampleA_Mon_Mar__2_16_19_21_2026,0.010605067014694186,0.7574979662895203,63.103223759755515
RABLab26_Mar02_GrafLab_Clay0%(supersand)_Group1SampleA_Mon_Mar__2_16_19_21_2026,0.010605067014694186,0.7574979662895203,63.103223759755515
RABLab26_Mar02_GrafLab_Clay0%(supersand)_Group1SampleA_Mon_Mar__2_16_19_21_2026,0.010605067014694186,0.7574979662895203,63.103223759755515
RABLab26_Mar02_GrafLab_Clay0%(supersand)_Group1SampleA_Mon_Mar__2_16_19_21_2026,0.010702192783355685,0.748212993144989,63.103223759755515
RABLab26_Mar02_GrafLab_Clay0%(supersand)_Group1SampleA_Mon_Mar__2_16_19_21_2026,0.010702192783355685,0.748212993144989,63.103223759755515
RABLab26_Mar02_GrafLab_Clay0%(supersand)_Group1SampleA_Mon_Mar__2_16_19_21_2026,0.010702192783355685,0.748212993144989,63.103223759755515
RABLab26_Mar02_GrafLab_Clay0%(supersand)_Group1SampleA_Mon_Mar__2_16_19_21_2026,0.010702192783355685,0.748212993144989,63.103223759755515
RABLab26_Mar02_GrafLab_Clay0%(supersand)_Group1SampleA_Mon_Mar__2_16_19_21_2026,0.010702192783355685,0.748212993144989,63.103223759755515
RABLab26_Mar02_GrafLab_Clay0%(supersand)_Group1SampleA_Mon_Mar__2_16_19_21_2026,0.010702192783355685,0.748212993144989,63.103223759755515
RABLab26_Mar02_GrafLab_Clay0%(supersand)_Group1SampleA_Mon_Mar__2_16_19_21_2026,0.01081123948097229,0.6908414959907532,63.103223759755515
RABLab26_Mar02_GrafLab_Clay0%(supersand)_Group1SampleA_Mon_Mar__2_16_19_21_2026,0.01081123948097229,0.6908414959907532,63.103223759755515
RABLab26_Mar02_GrafLab_Clay0%(supersand)_Group1SampleA_Mon_Mar__2_16_19_21_2026,0.01081123948097229,0.6908414959907532,63.103223759755515
RABLab26_Mar02_GrafLab_Clay0%(supersand)_Group1SampleA_Mon_Mar__2_16_19_21_2026,0.01081123948097229,0.6908414959907532,63.103223759755515
RABLab26_Mar02_GrafLab_Clay0%(supersand)_Group1SampleA_Mon_Mar__2_16_19_21_2026,0.01081123948097229,0.6908414959907532,63.103223759755515
RABLab26_Mar02_GrafLab_Clay0%(supersand)_Group1SampleA_Mon_Mar__2_16_19_21_2026,0.01092597842216489,0.6938722133636475,63.103223759755515
RABLab26_Mar02_GrafLab_Clay0%(supersand)_Group1SampleA_Mon_Mar__2_16_19_21_2026,0.01092597842216489,0.6938722133636475,63.103223759755515
RABLab26_Mar02_GrafLab_Clay0%(supersand)_Group1SampleA_Mon_Mar__2_16_19_21_2026,0.01092597842216489,0.6938722133636475,63.103223759755515
RABLab26_Mar02_GrafLab_Clay0%(supersand)_Group1SampleA_Mon_Mar__2_16_19_21_2026,0.01092597842216489,0.6938722133636475,63.103223759755515
RABLab26_Mar02_GrafLab_Clay0%(supersand)_Group1SampleA_Mon_Mar__2_16_19_21_2026,0.01092597842216489,0.6938722133636475,63.103223759755515
RABLab26_Mar02_GrafLab_Clay0%(supersand)_Group1SampleA_Mon_Mar__2_16_19_21_2026,0.011098027229309082,0.6123351454734802,63.103223759755515
RABLab26_Mar02_GrafLab_Clay0%(supersand)_Group1SampleA_Mon_Mar__2_16_19_21_2026,0.011098027229309082,0.6123351454734802,63.103223759755515
RABLab26_Mar02_GrafLab_Clay0%(supersand)_Group1SampleA_Mon_Mar__2_16_19_21_2026,0.011098027229309082,0.6123351454734802,63.103223759755515
RABLab26_Mar02_GrafLab_Clay0%(supersand)_Group1SampleA_Mon_Mar__2_16_19_21_2026,0.011098027229309082,0.6123351454734802,63.103223759755515
RABLab26_Mar02_GrafLab_Clay0%(supersand)_Group1SampleA_Mon_Mar__2_16_19_21_2026,0.011098027229309082,0.6123351454734802,63.103223759755515
RABLab26_Mar02_GrafLab_Clay0%(supersand)_Group1SampleA_Mon_Mar__2_16_19_21_2026,0.011098027229309082,0.6123351454734802,63.103223759755515
RABLab26_Mar02_GrafLab_Clay0%(supersand)_Group1SampleA_Mon_Mar__2_16_19_21_2026,0.011563375592231778,0.1409632861614227,63.103223759755515
RABLab26_Mar02_GrafLab_Clay0%(supersand)_Group1SampleA_Mon_Mar__2_16_19_21_2026,0.011563375592231778,0.1409632861614227,63.103223759755515
RABLab26_Mar02_GrafLab_Clay0%(supersand)_Group1SampleA_Mon_Mar__2_16_19_21_2026,0.011563375592231778,0.1409632861614227,63.103223759755515
RABLab26_Mar02_GrafLab_Clay0%(supersand)_Group1SampleA_Mon_Mar__2_16_19_21_2026,0.011563375592231778,0.1409632861614227,63.103223759755515
RABLab26_Mar02_GrafLab_Clay0%(supersand)_Group1SampleA_Mon_Mar__2_16_19_21_2026,0.011563375592231778,0.1409632861614227,63.103223759755515
RABLab26_Mar02_GrafLab_Clay0%(supersand)_Group1SampleA_Mon_Mar__2_16_19_21_2026,0.012067466974258395,-0.2738973200321197,63.103223759755515
RABLab26_Mar02_GrafLab_Clay0%(supersand)_Group1SampleA_Mon_Mar__2_16_19_21_2026,0.012067466974258395,-0.2738973200321197,63.103223759755515
RABLab26_Mar02_GrafLab_Clay0%(supersand)_Group1SampleA_Mon_Mar__2_16_19_21_2026,0.012067466974258395,-0.2738973200321197,63.103223759755515
RABLab26_Mar02_GrafLab_Clay0%(supersand)_Group1SampleA_Mon_Mar__2_16_19_21_2026,0.012067466974258395,-0.2738973200321197,63.103223759755515
RABLab26_Mar02_GrafLab_Clay0%(supersand)_Group1SampleA_Mon_Mar__2_16_19_21_2026,0.012067466974258395,-0.2738973200321197,63.103223759755515
RABLab26_Mar02_GrafLab_Clay0%(supersand)_Group1SampleA_Mon_Mar__2_16_19_21_2026,0.012067466974258395,-0.2738973200321197,63.103223759755515
RABLab26_Mar02_GrafLab_Clay0%(supersand)_Group1SampleA_Mon_Mar__2_16_19_21_2026,0.012445136904716492,-0.4992006421089172,63.103223759755515
RABLab26_Mar02_GrafLab_Clay0%(supersand)_Group1SampleA_Mon_Mar__2_16_19_21_2026,0.012445136904716492,-0.4992006421089172,63.103223759755515
RABLab26_Mar02_GrafLab_Clay0%(supersand)_Group1SampleA_Mon_Mar__2_16_19_21_2026,0.012445136904716492,-0.4992006421089172,63.103223759755515
RABLab26_Mar02_GrafLab_Clay0%(supersand)_Group1SampleA_Mon_Mar__2_16_19_21_2026,0.012445136904716492,-0.4992006421089172,63.103223759755515
RABLab26_Mar02_GrafLab_Clay0%(supersand)_Group1SampleA_Mon_Mar__2_16_19_21_2026,0.012445136904716492,-0.4992006421089172,63.103223759755515
RABLab26_Mar02_GrafLab_Clay0%(supersand)_Group1SampleA_Mon_Mar__2_16_19_21_2026,0.012556061148643494,-0.4043889045715332,63.103223759755515
RABLab26_Mar02_GrafLab_Clay0%(supersand)_Group1SampleA_Mon_Mar__2_16_19_21_2026,0.012556061148643494,-0.4043889045715332,63.103223759755515
RABLab26_Mar02_GrafLab_Clay0%(supersand)_Group1SampleA_Mon_Mar__2_16_19_21_2026,0.012556061148643494,-0.4043889045715332,63.103223759755515
RABLab26_Mar02_GrafLab_Clay0%(supersand)_Group1SampleA_Mon_Mar__2_16_19_21_2026,0.012556061148643494,-0.4043889045715332,63.103223759755515
RABLab26_Mar02_GrafLab_Clay0%(supersand)_Group1SampleA_Mon_Mar__2_16_19_21_2026,0.012556061148643494,-0.4043889045715332,63.103223759755515
RABLab26_Mar02_GrafLab_Clay0%(supersand)_Group1SampleA_Mon_Mar__2_16_19_21_2026,0.012556061148643494,-0.4043889045715332,63.103223759755515
RABLab26_Mar02_GrafLab_Clay0%(supersand)_Group1SampleA_Mon_Mar__2_16_19_21_2026,0.01256406307220459,-0.2884481251239776,63.103223759755515
RABLab26_Mar02_GrafLab_Clay0%(supersand)_Group1SampleA_Mon_Mar__2_16_19_21_2026,0.01256406307220459,-0.2884481251239776,63.103223759755515
RABLab26_Mar02_GrafLab_Clay0%(supersand)_Group1SampleA_Mon_Mar__2_16_19_21_2026,0.01256406307220459,-0.2884481251239776,63.103223759755515
RABLab26_Mar02_GrafLab_Clay0%(supersand)_Group1SampleA_Mon_Mar__2_16_19_21_2026,0.01256406307220459,-0.2884481251239776,63.103223759755515
RABLab26_Mar02_GrafLab_Clay0%(supersand)_Group1SampleA_Mon_Mar__2_16_19_21_2026,0.01256406307220459,-0.2884481251239776,63.103223759755515
RABLab26_Mar02_GrafLab_Clay0%(supersand)_Group1SampleA_Mon_Mar__2_16_19_21_2026,0.01256406307220459,-0.2884481251239776,63.103223759755515
RABLab26_Mar02_GrafLab_Clay0%(supersand)_Group1SampleA_Mon_Mar__2_16_19_21_2026,0.012633040547370883,-0.2656196355819702,63.103223759755515
RABLab26_Mar02_GrafLab_Clay0%(supersand)_Group1SampleA_Mon_Mar__2_16_19_21_2026,0.012633040547370883,-0.2656196355819702,63.103223759755515
RABLab26_Mar02_GrafLab_Clay0%(supersand)_Group1SampleA_Mon_Mar__2_16_19_21_2026,0.012633040547370883,-0.2656196355819702,63.103223759755515
RABLab26_Mar02_GrafLab_Clay0%(supersand)_Group1SampleA_Mon_Mar__2_16_19_21_2026,0.012633040547370883,-0.2656196355819702,63.103223759755515
RABLab26_Mar02_GrafLab_Clay0%(supersand)_Group1SampleA_Mon_Mar__2_16_19_21_2026,0.012633040547370883,-0.2656196355819702,63.103223759755515
RABLab26_Mar02_GrafLab_Clay0%(supersand)_Group1SampleA_Mon_Mar__2_16_19_21_2026,0.012633040547370883,-0.2656196355819702,63.103223759755515
RABLab26_Mar02_GrafLab_Clay0%(supersand)_Group1SampleA_Mon_Mar__2_16_19_21_2026,0.01266349852085108,-0.1799905002117157,63.103223759755515
RABLab26_Mar02_GrafLab_Clay0%(supersand)_Group1SampleA_Mon_Mar__2_16_19_21_2026,0.01266349852085108,-0.1799905002117157,63.103223759755515
RABLab26_Mar02_GrafLab_Clay0%(supersand)_Group1SampleA_Mon_Mar__2_16_19_21_2026,0.01266349852085108,-0.1799905002117157,63.103223759755515
RABLab26_Mar02_GrafLab_Clay0%(supersand)_Group1SampleA_Mon_Mar__2_16_19_21_2026,0.01266349852085108,-0.1799905002117157,63.103223759755515
RABLab26_Mar02_GrafLab_Clay0%(supersand)_Group1SampleA_Mon_Mar__2_16_19_21_2026,0.012690603733062689,-0.1180671453475952,63.103223759755515
RABLab26_Mar02_GrafLab_Clay0%(supersand)_Group1SampleA_Mon_Mar__2_16_19_21_2026,0.012690603733062689,-0.1180671453475952,63.103223759755515
RABLab26_Mar02_GrafLab_Clay0%(supersand)_Group1SampleA_Mon_Mar__2_16_19_21_2026,0.012690603733062689,-0.1180671453475952,63.103223759755515
RABLab26_Mar02_GrafLab_Clay0%(supersand)_Group1SampleA_Mon_Mar__2_16_19_21_2026,0.012690603733062689,-0.1180671453475952,63.103223759755515
RABLab26_Mar02_GrafLab_Clay0%(supersand)_Group1SampleA_Mon_Mar__2_16_19_21_2026,0.012689262628555298,-0.0112240584567189,63.103223759755515
RABLab26_Mar02_GrafLab_Clay0%(supersand)_Group1SampleA_Mon_Mar__2_16_19_21_2026,0.012689262628555298,-0.0112240584567189,63.103223759755515
RABLab26_Mar02_GrafLab_Clay0%(supersand)_Group1SampleA_Mon_Mar__2_16_19_21_2026,0.012689262628555298,-0.0112240584567189,63.103223759755515
RABLab26_Mar02_GrafLab_Clay0%(supersand)_Group1SampleA_Mon_Mar__2_16_19_21_2026,0.012689262628555298,-0.0112240584567189,63.103223759755515
RABLab26_Mar02_GrafLab_Clay0%(supersand)_Group1SampleA_Mon_Mar__2_16_19_21_2026,0.012689262628555298,-0.0112240584567189,63.103223759755515
RABLab26_Mar02_GrafLab_Clay0%(supersand)_Group1SampleA_Mon_Mar__2_16_19_21_2026,0.012726023793220492,0.036794152110815,63.103223759755515
RABLab26_Mar02_GrafLab_Clay0%(supersand)_Group1SampleA_Mon_Mar__2_16_19_21_2026,0.012726023793220492,0.036794152110815,63.103223759755515
RABLab26_Mar02_GrafLab_Clay0%(supersand)_Group1SampleA_Mon_Mar__2_16_19_21_2026,0.012726023793220492,0.036794152110815,63.103223759755515
RABLab26_Mar02_GrafLab_Clay0%(supersand)_Group1SampleA_Mon_Mar__2_16_19_21_2026,0.012726023793220492,0.036794152110815,63.103223759755515
RABLab26_Mar02_GrafLab_Clay0%(supersand)_Group1SampleA_Mon_Mar__2_16_19_21_2026,0.012726023793220492,0.036794152110815,63.103223759755515
RABLab26_Mar02_GrafLab_Clay0%(supersand)_Group1SampleA_Mon_Mar__2_16_19_21_2026,0.012773558497428894,0.0906697288155555,63.103223759755515
RABLab26_Mar02_GrafLab_Clay0%(supersand)_Group1SampleA_Mon_Mar__2_16_19_21_2026,0.012773558497428894,0.0906697288155555,63.103223759755515
RABLab26_Mar02_GrafLab_Clay0%(supersand)_Group1SampleA_Mon_Mar__2_16_19_21_2026,0.012773558497428894,0.0906697288155555,63.103223759755515
RABLab26_Mar02_GrafLab_Clay0%(supersand)_Group1SampleA_Mon_Mar__2_16_19_21_2026,0.012773558497428894,0.0906697288155555,63.103223759755515
RABLab26_Mar02_GrafLab_Clay0%(supersand)_Group1SampleA_Mon_Mar__2_16_19_21_2026,0.012773558497428894,0.0906697288155555,63.103223759755515
RABLab26_Mar02_GrafLab_Clay0%(supersand)_Group1SampleA_Mon_Mar__2_16_19_21_2026,0.012773558497428894,0.0906697288155555,63.103223759755515
RABLab26_Mar02_GrafLab_Clay0%(supersand)_Group1SampleA_Mon_Mar__2_16_19_21_2026,0.012780755758285495,0.1870329678058624,63.103223759755515
RABLab26_Mar02_GrafLab_Clay0%(supersand)_Group1SampleA_Mon_Mar__2_16_19_21_2026,0.012780755758285495,0.1870329678058624,63.103223759755515
RABLab26_Mar02_GrafLab_Clay0%(supersand)_Group1SampleA_Mon_Mar__2_16_19_21_2026,0.012780755758285495,0.1870329678058624,63.103223759755515
RABLab26_Mar02_GrafLab_Clay0%(supersand)_Group1SampleA_Mon_Mar__2_16_19_21_2026,0.012780755758285495,0.1870329678058624,63.103223759755515
RABLab26_Mar02_GrafLab_Clay0%(supersand)_Group1SampleA_Mon_Mar__2_16_19_21_2026,0.012780755758285495,0.1870329678058624,63.103223759755515
RABLab26_Mar02_GrafLab_Clay0%(supersand)_Group1SampleA_Mon_Mar__2_16_19_21_2026,0.012780755758285495,0.1870329678058624,63.103223759755515
RABLab26_Mar02_GrafLab_Clay0%(supersand)_Group1SampleA_Mon_Mar__2_16_19_21_2026,0.012843459844589178,0.1975891143083572,63.103223759755515
RABLab26_Mar02_GrafLab_Clay0%(supersand)_Group1SampleA_Mon_Mar__2_16_19_21_2026,0.012843459844589178,0.1975891143083572,63.103223759755515
RABLab26_Mar02_GrafLab_Clay0%(supersand)_Group1SampleA_Mon_Mar__2_16_19_21_2026,0.012843459844589178,0.1975891143083572,63.103223759755515
RABLab26_Mar02_GrafLab_Clay0%(supersand)_Group1SampleA_Mon_Mar__2_16_19_21_2026,0.012843459844589178,0.1975891143083572,63.103223759755515
RABLab26_Mar02_GrafLab_Clay0%(supersand)_Group1SampleA_Mon_Mar__2_16_19_21_2026,0.012843459844589178,0.1975891143083572,63.103223759755515
RABLab26_Mar02_GrafLab_Clay0%(supersand)_Group1SampleA_Mon_Mar__2_16_19_21_2026,0.012843459844589178,0.1975891143083572,63.103223759755515
RABLab26_Mar02_GrafLab_Clay0%(supersand)_Group1SampleA_Mon_Mar__2_16_19_21_2026,0.012858226895332281,0.3027927279472351,63.103223759755515
RABLab26_Mar02_GrafLab_Clay0%(supersand)_Group1SampleA_Mon_Mar__2_16_19_21_2026,0.012858226895332281,0.3027927279472351,63.103223759755515
RABLab26_Mar02_GrafLab_Clay0%(supersand)_Group1SampleA_Mon_Mar__2_16_19_21_2026,0.012858226895332281,0.3027927279472351,63.103223759755515
RABLab26_Mar02_GrafLab_Clay0%(supersand)_Group1SampleA_Mon_Mar__2_16_19_21_2026,0.012858226895332281,0.3027927279472351,63.103223759755515
RABLab26_Mar02_GrafLab_Clay0%(supersand)_Group1SampleA_Mon_Mar__2_16_19_21_2026,0.012858226895332281,0.3027927279472351,63.103223759755515
RABLab26_Mar02_GrafLab_Clay0%(supersand)_Group1SampleA_Mon_Mar__2_16_19_21_2026,0.012898549437522888,0.3533662259578705,63.103223759755515
RABLab26_Mar02_GrafLab_Clay0%(supersand)_Group1SampleA_Mon_Mar__2_16_19_21_2026,0.012898549437522888,0.3533662259578705,63.103223759755515
RABLab26_Mar02_GrafLab_Clay0%(supersand)_Group1SampleA_Mon_Mar__2_16_19_21_2026,0.012898549437522888,0.3533662259578705,63.103223759755515
RABLab26_Mar02_GrafLab_Clay0%(supersand)_Group1SampleA_Mon_Mar__2_16_19_21_2026,0.012898549437522888,0.3533662259578705,63.103223759755515
RABLab26_Mar02_GrafLab_Clay0%(supersand)_Group1SampleA_Mon_Mar__2_16_19_21_2026,0.012898549437522888,0.3533662259578705,63.103223759755515
RABLab26_Mar02_GrafLab_Clay0%(supersand)_Group1SampleA_Mon_Mar__2_16_19_21_2026,0.01294857263565058,0.405049204826355,63.103223759755515
RABLab26_Mar02_GrafLab_Clay0%(supersand)_Group1SampleA_Mon_Mar__2_16_19_21_2026,0.01294857263565058,0.405049204826355,63.103223759755515
RABLab26_Mar02_GrafLab_Clay0%(supersand)_Group1SampleA_Mon_Mar__2_16_19_21_2026,0.01294857263565058,0.405049204826355,63.103223759755515
RABLab26_Mar02_GrafLab_Clay0%(supersand)_Group1SampleA_Mon_Mar__2_16_19_21_2026,0.01294857263565058,0.405049204826355,63.103223759755515
RABLab26_Mar02_GrafLab_Clay0%(supersand)_Group1SampleA_Mon_Mar__2_16_19_21_2026,0.01294857263565058,0.405049204826355,63.103223759755515
RABLab26_Mar02_GrafLab_Clay0%(supersand)_Group1SampleA_Mon_Mar__2_16_19_21_2026,0.01294857263565058,0.405049204826355,63.103223759755515
RABLab26_Mar02_GrafLab_Clay0%(supersand)_Group1SampleA_Mon_Mar__2_16_19_21_2026,0.013023361563682584,0.405904620885849,63.103223759755515
RABLab26_Mar02_GrafLab_Clay0%(supersand)_Group1SampleA_Mon_Mar__2_16_19_21_2026,0.013023361563682584,0.405904620885849,63.103223759755515
RABLab26_Mar02_GrafLab_Clay0%(supersand)_Group1SampleA_Mon_Mar__2_16_19_21_2026,0.013023361563682584,0.405904620885849,63.103223759755515
RABLab26_Mar02_GrafLab_Clay0%(supersand)_Group1SampleA_Mon_Mar__2_16_19_21_2026,0.013023361563682584,0.405904620885849,63.103223759755515
RABLab26_Mar02_GrafLab_Clay0%(supersand)_Group1SampleA_Mon_Mar__2_16_19_21_2026,0.013023361563682584,0.405904620885849,63.103223759755515
RABLab26_Mar02_GrafLab_Clay0%(supersand)_Group1SampleA_Mon_Mar__2_16_19_21_2026,0.013035133481025696,0.5258445143699646,63.103223759755515
RABLab26_Mar02_GrafLab_Clay0%(supersand)_Group1SampleA_Mon_Mar__2_16_19_21_2026,0.013035133481025696,0.5258445143699646,63.103223759755515
RABLab26_Mar02_GrafLab_Clay0%(supersand)_Group1SampleA_Mon_Mar__2_16_19_21_2026,0.013035133481025696,0.5258445143699646,63.103223759755515
RABLab26_Mar02_GrafLab_Clay0%(supersand)_Group1SampleA_Mon_Mar__2_16_19_21_2026,0.013035133481025696,0.5258445143699646,63.103223759755515
RABLab26_Mar02_GrafLab_Clay0%(supersand)_Group1SampleA_Mon_Mar__2_16_19_21_2026,0.013035133481025696,0.5258445143699646,63.103223759755515
RABLab26_Mar02_GrafLab_Clay0%(supersand)_Group1SampleA_Mon_Mar__2_16_19_21_2026,0.013035133481025696,0.5258445143699646,63.103223759755515
RABLab26_Mar02_GrafLab_Clay0%(supersand)_Group1SampleA_Mon_Mar__2_16_19_21_2026,0.013048395514488192,0.6235669851303101,63.103223759755515
RABLab26_Mar02_GrafLab_Clay0%(supersand)_Group1SampleA_Mon_Mar__2_16_19_21_2026,0.013048395514488192,0.6235669851303101,63.103223759755515
RABLab26_Mar02_GrafLab_Clay0%(supersand)_Group1SampleA_Mon_Mar__2_16_19_21_2026,0.013048395514488192,0.6235669851303101,63.103223759755515
RABLab26_Mar02_GrafLab_Clay0%(supersand)_Group1SampleA_Mon_Mar__2_16_19_21_2026,0.013048395514488192,0.6235669851303101,63.103223759755515
RABLab26_Mar02_GrafLab_Clay0%(supersand)_Group1SampleA_Mon_Mar__2_16_19_21_2026,0.013048395514488192,0.6235669851303101,63.103223759755515
RABLab26_Mar02_GrafLab_Clay0%(supersand)_Group1SampleA_Mon_Mar__2_16_19_21_2026,0.013048395514488192,0.6235669851303101,63.103223759755515
RABLab26_Mar02_GrafLab_Clay0%(supersand)_Group1SampleA_Mon_Mar__2_16_19_21_2026,0.013048395514488192,0.6235669851303101,63.103223759755515
RABLab26_Mar02_GrafLab_Clay0%(supersand)_Group1SampleA_Mon_Mar__2_16_19_21_2026,0.01313513517379758,0.5848102569580078,63.103223759755515
RABLab26_Mar02_GrafLab_Clay0%(supersand)_Group1SampleA_Mon_Mar__2_16_19_21_2026,0.01313513517379758,0.5848102569580078,63.103223759755515
RABLab26_Mar02_GrafLab_Clay0%(supersand)_Group1SampleA_Mon_Mar__2_16_19_21_2026,0.01313513517379758,0.5848102569580078,63.103223759755515
RABLab26_Mar02_GrafLab_Clay0%(supersand)_Group1SampleA_Mon_Mar__2_16_19_21_2026,0.01313513517379758,0.5848102569580078,63.103223759755515
RABLab26_Mar02_GrafLab_Clay0%(supersand)_Group1SampleA_Mon_Mar__2_16_19_21_2026,0.01313513517379758,0.5848102569580078,63.103223759755515
RABLab26_Mar02_GrafLab_Clay0%(supersand)_Group1SampleA_Mon_Mar__2_16_19_21_2026,0.01313513517379758,0.5848102569580078,63.103223759755515
RABLab26_Mar02_GrafLab_Clay0%(supersand)_Group1SampleA_Mon_Mar__2_16_19_21_2026,0.013145402073860196,0.7195497155189514,63.103223759755515
RABLab26_Mar02_GrafLab_Clay0%(supersand)_Group1SampleA_Mon_Mar__2_16_19_21_2026,0.013145402073860196,0.7195497155189514,63.103223759755515
RABLab26_Mar02_GrafLab_Clay0%(supersand)_Group1SampleA_Mon_Mar__2_16_19_21_2026,0.013145402073860196,0.7195497155189514,63.103223759755515
RABLab26_Mar02_GrafLab_Clay0%(supersand)_Group1SampleA_Mon_Mar__2_16_19_21_2026,0.013145402073860196,0.7195497155189514,63.103223759755515
RABLab26_Mar02_GrafLab_Clay0%(supersand)_Group1SampleA_Mon_Mar__2_16_19_21_2026,0.013145402073860196,0.7195497155189514,63.103223759755515
RABLab26_Mar02_GrafLab_Clay0%(supersand)_Group1SampleA_Mon_Mar__2_16_19_21_2026,0.013145402073860196,0.7195497155189514,63.103223759755515
RABLab26_Mar02_GrafLab_Clay0%(supersand)_Group1SampleA_Mon_Mar__2_16_19_21_2026,0.013145402073860196,0.7195497155189514,63.103223759755515
RABLab26_Mar02_GrafLab_Clay0%(supersand)_Group1SampleA_Mon_Mar__2_16_19_21_2026,0.013216346502304105,0.715213418006897,63.103223759755515
RABLab26_Mar02_GrafLab_Clay0%(supersand)_Group1SampleA_Mon_Mar__2_16_19_21_2026,0.013216346502304105,0.715213418006897,63.103223759755515
RABLab26_Mar02_GrafLab_Clay0%(supersand)_Group1SampleA_Mon_Mar__2_16_19_21_2026,0.013216346502304105,0.715213418006897,63.103223759755515
RABLab26_Mar02_GrafLab_Clay0%(supersand)_Group1SampleA_Mon_Mar__2_16_19_21_2026,0.013216346502304105,0.715213418006897,63.103223759755515
RABLab26_Mar02_GrafLab_Clay0%(supersand)_Group1SampleA_Mon_Mar__2_16_19_21_2026,0.013216346502304105,0.715213418006897,63.103223759755515
RABLab26_Mar02_GrafLab_Clay0%(supersand)_Group1SampleA_Mon_Mar__2_16_19_21_2026,0.013259500265121488,0.7619959115982056,63.103223759755515
RABLab26_Mar02_GrafLab_Clay0%(supersand)_Group1SampleA_Mon_Mar__2_16_19_21_2026,0.013259500265121488,0.7619959115982056,63.103223759755515
RABLab26_Mar02_GrafLab_Clay0%(supersand)_Group1SampleA_Mon_Mar__2_16_19_21_2026,0.013259500265121488,0.7619959115982056,63.103223759755515
RABLab26_Mar02_GrafLab_Clay0%(supersand)_Group1SampleA_Mon_Mar__2_16_19_21_2026,0.013259500265121488,0.7619959115982056,63.103223759755515
RABLab26_Mar02_GrafLab_Clay0%(supersand)_Group1SampleA_Mon_Mar__2_16_19_21_2026,0.013259500265121488,0.7619959115982056,63.103223759755515
RABLab26_Mar02_GrafLab_Clay0%(supersand)_Group1SampleA_Mon_Mar__2_16_19_21_2026,0.013259500265121488,0.7619959115982056,63.103223759755515
RABLab26_Mar02_GrafLab_Clay0%(supersand)_Group1SampleA_Mon_Mar__2_16_19_21_2026,0.013306885957717896,0.8397039771080017,63.103223759755515
RABLab26_Mar02_GrafLab_Clay0%(supersand)_Group1SampleA_Mon_Mar__2_16_19_21_2026,0.013306885957717896,0.8397039771080017,63.103223759755515
RABLab26_Mar02_GrafLab_Clay0%(supersand)_Group1SampleA_Mon_Mar__2_16_19_21_2026,0.013306885957717896,0.8397039771080017,63.103223759755515
RABLab26_Mar02_GrafLab_Clay0%(supersand)_Group1SampleA_Mon_Mar__2_16_19_21_2026,0.013306885957717896,0.8397039771080017,63.103223759755515
RABLab26_Mar02_GrafLab_Clay0%(supersand)_Group1SampleA_Mon_Mar__2_16_19_21_2026,0.013409405946731595,0.8117753267288208,63.103223759755515
RABLab26_Mar02_GrafLab_Clay0%(supersand)_Group1SampleA_Mon_Mar__2_16_19_21_2026,0.013409405946731595,0.8117753267288208,63.103223759755515
RABLab26_Mar02_GrafLab_Clay0%(supersand)_Group1SampleA_Mon_Mar__2_16_19_21_2026,0.013409405946731595,0.8117753267288208,63.103223759755515
RABLab26_Mar02_GrafLab_Clay0%(supersand)_Group1SampleA_Mon_Mar__2_16_19_21_2026,0.013409405946731595,0.8117753267288208,63.103223759755515
RABLab26_Mar02_GrafLab_Clay0%(supersand)_Group1SampleA_Mon_Mar__2_16_19_21_2026,0.013409405946731595,0.8117753267288208,63.103223759755515
RABLab26_Mar02_GrafLab_Clay0%(supersand)_Group1SampleA_Mon_Mar__2_16_19_21_2026,0.01346129179000849,0.8839641809463501,63.103223759755515
RABLab26_Mar02_GrafLab_Clay0%(supersand)_Group1SampleA_Mon_Mar__2_16_19_21_2026,0.01346129179000849,0.8839641809463501,63.103223759755515
RABLab26_Mar02_GrafLab_Clay0%(supersand)_Group1SampleA_Mon_Mar__2_16_19_21_2026,0.01346129179000849,0.8839641809463501,63.103223759755515
RABLab26_Mar02_GrafLab_Clay0%(supersand)_Group1SampleA_Mon_Mar__2_16_19_21_2026,0.01346129179000849,0.8839641809463501,63.103223759755515
RABLab26_Mar02_GrafLab_Clay0%(supersand)_Group1SampleA_Mon_Mar__2_16_19_21_2026,0.01346129179000849,0.8839641809463501,63.103223759755515
RABLab26_Mar02_GrafLab_Clay0%(supersand)_Group1SampleA_Mon_Mar__2_16_19_21_2026,0.01346129179000849,0.8839641809463501,63.103223759755515
RABLab26_Mar02_GrafLab_Clay0%(supersand)_Group1SampleA_Mon_Mar__2_16_19_21_2026,0.013578966259956388,0.8264639377593994,63.103223759755515
RABLab26_Mar02_GrafLab_Clay0%(supersand)_Group1SampleA_Mon_Mar__2_16_19_21_2026,0.013578966259956388,0.8264639377593994,63.103223759755515
RABLab26_Mar02_GrafLab_Clay0%(supersand)_Group1SampleA_Mon_Mar__2_16_19_21_2026,0.013578966259956388,0.8264639377593994,63.103223759755515
RABLab26_Mar02_GrafLab_Clay0%(supersand)_Group1SampleA_Mon_Mar__2_16_19_21_2026,0.013578966259956388,0.8264639377593994,63.103223759755515
RABLab26_Mar02_GrafLab_Clay0%(supersand)_Group1SampleA_Mon_Mar__2_16_19_21_2026,0.013578966259956388,0.8264639377593994,63.103223759755515
RABLab26_Mar02_GrafLab_Clay0%(supersand)_Group1SampleA_Mon_Mar__2_16_19_21_2026,0.013704270124435397,0.8055515885353088,63.103223759755515
RABLab26_Mar02_GrafLab_Clay0%(supersand)_Group1SampleA_Mon_Mar__2_16_19_21_2026,0.013704270124435397,0.8055515885353088,63.103223759755515
RABLab26_Mar02_GrafLab_Clay0%(supersand)_Group1SampleA_Mon_Mar__2_16_19_21_2026,0.013704270124435397,0.8055515885353088,63.103223759755515
RABLab26_Mar02_GrafLab_Clay0%(supersand)_Group1SampleA_Mon_Mar__2_16_19_21_2026,0.013704270124435397,0.8055515885353088,63.103223759755515
RABLab26_Mar02_GrafLab_Clay0%(supersand)_Group1SampleA_Mon_Mar__2_16_19_21_2026,0.014066025614738492,0.4833764731884002,63.103223759755515
RABLab26_Mar02_GrafLab_Clay0%(supersand)_Group1SampleA_Mon_Mar__2_16_19_21_2026,0.014066025614738492,0.4833764731884002,63.103223759755515
RABLab26_Mar02_GrafLab_Clay0%(supersand)_Group1SampleA_Mon_Mar__2_16_19_21_2026,0.014066025614738492,0.4833764731884002,63.103223759755515
RABLab26_Mar02_GrafLab_Clay0%(supersand)_Group1SampleA_Mon_Mar__2_16_19_21_2026,0.014066025614738492,0.4833764731884002,63.103223759755515
RABLab26_Mar02_GrafLab_Clay0%(supersand)_Group1SampleA_Mon_Mar__2_16_19_21_2026,0.014431208372116089,0.2001611739397049,63.103223759755515
RABLab26_Mar02_GrafLab_Clay0%(supersand)_Group1SampleA_Mon_Mar__2_16_19_21_2026,0.014431208372116089,0.2001611739397049,63.103223759755515
RABLab26_Mar02_GrafLab_Clay0%(supersand)_Group1SampleA_Mon_Mar__2_16_19_21_2026,0.014431208372116089,0.2001611739397049,63.103223759755515
RABLab26_Mar02_GrafLab_Clay0%(supersand)_Group1SampleA_Mon_Mar__2_16_19_21_2026,0.014431208372116089,0.2001611739397049,63.103223759755515
RABLab26_Mar02_GrafLab_Clay0%(supersand)_Group1SampleA_Mon_Mar__2_16_19_21_2026,0.01477004587650299,-0.0219656825065612,63.103223759755515
RABLab26_Mar02_GrafLab_Clay0%(supersand)_Group1SampleA_Mon_Mar__2_16_19_21_2026,0.01477004587650299,-0.0219656825065612,63.103223759755515
RABLab26_Mar02_GrafLab_Clay0%(supersand)_Group1SampleA_Mon_Mar__2_16_19_21_2026,0.01477004587650299,-0.0219656825065612,63.103223759755515
RABLab26_Mar02_GrafLab_Clay0%(supersand)_Group1SampleA_Mon_Mar__2_16_19_21_2026,0.01477004587650299,-0.0219656825065612,63.103223759755515
RABLab26_Mar02_GrafLab_Clay0%(supersand)_Group1SampleA_Mon_Mar__2_16_19_21_2026,0.01477004587650299,-0.0219656825065612,63.103223759755515
RABLab26_Mar02_GrafLab_Clay0%(supersand)_Group1SampleA_Mon_Mar__2_16_19_21_2026,0.014924794435501099,0.0032771772239357,63.103223759755515
RABLab26_Mar02_GrafLab_Clay0%(supersand)_Group1SampleA_Mon_Mar__2_16_19_21_2026,0.014924794435501099,0.0032771772239357,63.103223759755515
RABLab26_Mar02_GrafLab_Clay0%(supersand)_Group1SampleA_Mon_Mar__2_16_19_21_2026,0.014924794435501099,0.0032771772239357,63.103223759755515
RABLab26_Mar02_GrafLab_Clay0%(supersand)_Group1SampleA_Mon_Mar__2_16_19_21_2026,0.014924794435501099,0.0032771772239357,63.103223759755515
RABLab26_Mar02_GrafLab_Clay0%(supersand)_Group1SampleA_Mon_Mar__2_16_19_21_2026,0.014924794435501099,0.0032771772239357,63.103223759755515
RABLab26_Mar02_GrafLab_Clay0%(supersand)_Group1SampleA_Mon_Mar__2_16_19_21_2026,0.01499684154987338,0.0520903244614601,63.103223759755515
RABLab26_Mar02_GrafLab_Clay0%(supersand)_Group1SampleA_Mon_Mar__2_16_19_21_2026,0.01499684154987338,0.0520903244614601,63.103223759755515
RABLab26_Mar02_GrafLab_Clay0%(supersand)_Group1SampleA_Mon_Mar__2_16_19_21_2026,0.01499684154987338,0.0520903244614601,63.103223759755515
RABLab26_Mar02_GrafLab_Clay0%(supersand)_Group1SampleA_Mon_Mar__2_16_19_21_2026,0.01499684154987338,0.0520903244614601,63.103223759755515
RABLab26_Mar02_GrafLab_Clay0%(supersand)_Group1SampleA_Mon_Mar__2_16_19_21_2026,0.015011370182037381,0.1665451675653457,63.103223759755515
RABLab26_Mar02_GrafLab_Clay0%(supersand)_Group1SampleA_Mon_Mar__2_16_19_21_2026,0.015011370182037381,0.1665451675653457,63.103223759755515
RABLab26_Mar02_GrafLab_Clay0%(supersand)_Group1SampleA_Mon_Mar__2_16_19_21_2026,0.015011370182037381,0.1665451675653457,63.103223759755515
RABLab26_Mar02_GrafLab_Clay0%(supersand)_Group1SampleA_Mon_Mar__2_16_19_21_2026,0.015011370182037381,0.1665451675653457,63.103223759755515
RABLab26_Mar02_GrafLab_Clay0%(supersand)_Group1SampleA_Mon_Mar__2_16_19_21_2026,0.015011370182037381,0.1665451675653457,63.103223759755515
RABLab26_Mar02_GrafLab_Clay0%(supersand)_Group1SampleA_Mon_Mar__2_16_19_21_2026,0.015073239803314181,0.1776253134012222,63.103223759755515
RABLab26_Mar02_GrafLab_Clay0%(supersand)_Group1SampleA_Mon_Mar__2_16_19_21_2026,0.015073239803314181,0.1776253134012222,63.103223759755515
RABLab26_Mar02_GrafLab_Clay0%(supersand)_Group1SampleA_Mon_Mar__2_16_19_21_2026,0.015073239803314181,0.1776253134012222,63.103223759755515
RABLab26_Mar02_GrafLab_Clay0%(supersand)_Group1SampleA_Mon_Mar__2_16_19_21_2026,0.015073239803314181,0.1776253134012222,63.103223759755515
RABLab26_Mar02_GrafLab_Clay0%(supersand)_Group1SampleA_Mon_Mar__2_16_19_21_2026,0.015073239803314181,0.1776253134012222,63.103223759755515
RABLab26_Mar02_GrafLab_Clay0%(supersand)_Group1SampleA_Mon_Mar__2_16_19_21_2026,0.01510338485240939,0.2638875544071197,63.103223759755515
RABLab26_Mar02_GrafLab_Clay0%(supersand)_Group1SampleA_Mon_Mar__2_16_19_21_2026,0.01510338485240939,0.2638875544071197,63.103223759755515
RABLab26_Mar02_GrafLab_Clay0%(supersand)_Group1SampleA_Mon_Mar__2_16_19_21_2026,0.01510338485240939,0.2638875544071197,63.103223759755515
RABLab26_Mar02_GrafLab_Clay0%(supersand)_Group1SampleA_Mon_Mar__2_16_19_21_2026,0.01510338485240939,0.2638875544071197,63.103223759755515
RABLab26_Mar02_GrafLab_Clay0%(supersand)_Group1SampleA_Mon_Mar__2_16_19_21_2026,0.01525335013866419,0.2001531422138214,63.103223759755515
RABLab26_Mar02_GrafLab_Clay0%(supersand)_Group1SampleA_Mon_Mar__2_16_19_21_2026,0.01525335013866419,0.2001531422138214,63.103223759755515
RABLab26_Mar02_GrafLab_Clay0%(supersand)_Group1SampleA_Mon_Mar__2_16_19_21_2026,0.01525335013866419,0.2001531422138214,63.103223759755515
RABLab26_Mar02_GrafLab_Clay0%(supersand)_Group1SampleA_Mon_Mar__2_16_19_21_2026,0.01525335013866419,0.2001531422138214,63.103223759755515
RABLab26_Mar02_GrafLab_Clay0%(supersand)_Group1SampleA_Mon_Mar__2_16_19_21_2026,0.01525335013866419,0.2001531422138214,63.103223759755515
RABLab26_Mar02_GrafLab_Clay0%(supersand)_Group1SampleA_Mon_Mar__2_16_19_21_2026,0.015373826026916504,0.1536722183227539,63.103223759755515
RABLab26_Mar02_GrafLab_Clay0%(supersand)_Group1SampleA_Mon_Mar__2_16_19_21_2026,0.015373826026916504,0.1536722183227539,63.103223759755515
RABLab26_Mar02_GrafLab_Clay0%(supersand)_Group1SampleA_Mon_Mar__2_16_19_21_2026,0.015373826026916504,0.1536722183227539,63.103223759755515
RABLab26_Mar02_GrafLab_Clay0%(supersand)_Group1SampleA_Mon_Mar__2_16_19_21_2026,0.015373826026916504,0.1536722183227539,63.103223759755515
RABLab26_Mar02_GrafLab_Clay0%(supersand)_Group1SampleA_Mon_Mar__2_16_19_21_2026,0.015373826026916504,0.1536722183227539,63.103223759755515
RABLab26_Mar02_GrafLab_Clay0%(supersand)_Group1SampleA_Mon_Mar__2_16_19_21_2026,0.015457734465599088,0.1870187520980835,63.103223759755515
RABLab26_Mar02_GrafLab_Clay0%(supersand)_Group1SampleA_Mon_Mar__2_16_19_21_2026,0.015457734465599088,0.1870187520980835,63.103223759755515
RABLab26_Mar02_GrafLab_Clay0%(supersand)_Group1SampleA_Mon_Mar__2_16_19_21_2026,0.015457734465599088,0.1870187520980835,63.103223759755515
RABLab26_Mar02_GrafLab_Clay0%(supersand)_Group1SampleA_Mon_Mar__2_16_19_21_2026,0.015457734465599088,0.1870187520980835,63.103223759755515
RABLab26_Mar02_GrafLab_Clay0%(supersand)_Group1SampleA_Mon_Mar__2_16_19_21_2026,0.0154828280210495,0.2874368131160736,63.103223759755515
RABLab26_Mar02_GrafLab_Clay0%(supersand)_Group1SampleA_Mon_Mar__2_16_19_21_2026,0.0154828280210495,0.2874368131160736,63.103223759755515
RABLab26_Mar02_GrafLab_Clay0%(supersand)_Group1SampleA_Mon_Mar__2_16_19_21_2026,0.0154828280210495,0.2874368131160736,63.103223759755515
RABLab26_Mar02_GrafLab_Clay0%(supersand)_Group1SampleA_Mon_Mar__2_16_19_21_2026,0.0154828280210495,0.2874368131160736,63.103223759755515
RABLab26_Mar02_GrafLab_Clay0%(supersand)_Group1SampleA_Mon_Mar__2_16_19_21_2026,0.0154828280210495,0.2874368131160736,63.103223759755515
RABLab26_Mar02_GrafLab_Clay0%(supersand)_Group1SampleA_Mon_Mar__2_16_19_21_2026,0.015496969223022489,0.3633167743682861,63.103223759755515
RABLab26_Mar02_GrafLab_Clay0%(supersand)_Group1SampleA_Mon_Mar__2_16_19_21_2026,0.015496969223022489,0.3633167743682861,63.103223759755515
RABLab26_Mar02_GrafLab_Clay0%(supersand)_Group1SampleA_Mon_Mar__2_16_19_21_2026,0.015496969223022489,0.3633167743682861,63.103223759755515
RABLab26_Mar02_GrafLab_Clay0%(supersand)_Group1SampleA_Mon_Mar__2_16_19_21_2026,0.015496969223022489,0.3633167743682861,63.103223759755515
RABLab26_Mar02_GrafLab_Clay0%(supersand)_Group1SampleA_Mon_Mar__2_16_19_21_2026,0.015529766678810092,0.4217386841773987,63.103223759755515
RABLab26_Mar02_GrafLab_Clay0%(supersand)_Group1SampleA_Mon_Mar__2_16_19_21_2026,0.015529766678810092,0.4217386841773987,63.103223759755515
RABLab26_Mar02_GrafLab_Clay0%(supersand)_Group1SampleA_Mon_Mar__2_16_19_21_2026,0.015529766678810092,0.4217386841773987,63.103223759755515
RABLab26_Mar02_GrafLab_Clay0%(supersand)_Group1SampleA_Mon_Mar__2_16_19_21_2026,0.015529766678810092,0.4217386841773987,63.103223759755515
RABLab26_Mar02_GrafLab_Clay0%(supersand)_Group1SampleA_Mon_Mar__2_16_19_21_2026,0.015529766678810092,0.4217386841773987,63.103223759755515
RABLab26_Mar02_GrafLab_Clay0%(supersand)_Group1SampleA_Mon_Mar__2_16_19_21_2026,0.015529766678810092,0.4217386841773987,63.103223759755515
RABLab26_Mar02_GrafLab_Clay0%(supersand)_Group1SampleA_Mon_Mar__2_16_19_21_2026,0.015558868646621704,0.51921147108078,63.103223759755515
RABLab26_Mar02_GrafLab_Clay0%(supersand)_Group1SampleA_Mon_Mar__2_16_19_21_2026,0.015558868646621704,0.51921147108078,63.103223759755515
RABLab26_Mar02_GrafLab_Clay0%(supersand)_Group1SampleA_Mon_Mar__2_16_19_21_2026,0.015558868646621704,0.51921147108078,63.103223759755515
RABLab26_Mar02_GrafLab_Clay0%(supersand)_Group1SampleA_Mon_Mar__2_16_19_21_2026,0.015558868646621704,0.51921147108078,63.103223759755515
RABLab26_Mar02_GrafLab_Clay0%(supersand)_Group1SampleA_Mon_Mar__2_16_19_21_2026,0.015558868646621704,0.51921147108078,63.103223759755515
RABLab26_Mar02_GrafLab_Clay0%(supersand)_Group1SampleA_Mon_Mar__2_16_19_21_2026,0.015558868646621704,0.51921147108078,63.103223759755515
RABLab26_Mar02_GrafLab_Clay0%(supersand)_Group1SampleA_Mon_Mar__2_16_19_21_2026,0.015558868646621704,0.51921147108078,63.103223759755515
RABLab26_Mar02_GrafLab_Clay0%(supersand)_Group1SampleA_Mon_Mar__2_16_19_21_2026,0.015602335333824185,0.5482504367828369,63.103223759755515
RABLab26_Mar02_GrafLab_Clay0%(supersand)_Group1SampleA_Mon_Mar__2_16_19_21_2026,0.015602335333824185,0.5482504367828369,63.103223759755515
RABLab26_Mar02_GrafLab_Clay0%(supersand)_Group1SampleA_Mon_Mar__2_16_19_21_2026,0.015602335333824185,0.5482504367828369,63.103223759755515
RABLab26_Mar02_GrafLab_Clay0%(supersand)_Group1SampleA_Mon_Mar__2_16_19_21_2026,0.015602335333824185,0.5482504367828369,63.103223759755515
RABLab26_Mar02_GrafLab_Clay0%(supersand)_Group1SampleA_Mon_Mar__2_16_19_21_2026,0.015602335333824185,0.5482504367828369,63.103223759755515
RABLab26_Mar02_GrafLab_Clay0%(supersand)_Group1SampleA_Mon_Mar__2_16_19_21_2026,0.015663176774978582,0.5751714706420898,63.103223759755515
RABLab26_Mar02_GrafLab_Clay0%(supersand)_Group1SampleA_Mon_Mar__2_16_19_21_2026,0.015663176774978582,0.5751714706420898,63.103223759755515
RABLab26_Mar02_GrafLab_Clay0%(supersand)_Group1SampleA_Mon_Mar__2_16_19_21_2026,0.015663176774978582,0.5751714706420898,63.103223759755515
RABLab26_Mar02_GrafLab_Clay0%(supersand)_Group1SampleA_Mon_Mar__2_16_19_21_2026,0.015663176774978582,0.5751714706420898,63.103223759755515
RABLab26_Mar02_GrafLab_Clay0%(supersand)_Group1SampleA_Mon_Mar__2_16_19_21_2026,0.015663176774978582,0.5751714706420898,63.103223759755515
RABLab26_Mar02_GrafLab_Clay0%(supersand)_Group1SampleA_Mon_Mar__2_16_19_21_2026,0.015663176774978582,0.5751714706420898,63.103223759755515
RABLab26_Mar02_GrafLab_Clay0%(supersand)_Group1SampleA_Mon_Mar__2_16_19_21_2026,0.015719562768936185,0.6173790097236633,63.103223759755515
RABLab26_Mar02_GrafLab_Clay0%(supersand)_Group1SampleA_Mon_Mar__2_16_19_21_2026,0.015719562768936185,0.6173790097236633,63.103223759755515
RABLab26_Mar02_GrafLab_Clay0%(supersand)_Group1SampleA_Mon_Mar__2_16_19_21_2026,0.015719562768936185,0.6173790097236633,63.103223759755515
RABLab26_Mar02_GrafLab_Clay0%(supersand)_Group1SampleA_Mon_Mar__2_16_19_21_2026,0.015719562768936185,0.6173790097236633,63.103223759755515
RABLab26_Mar02_GrafLab_Clay0%(supersand)_Group1SampleA_Mon_Mar__2_16_19_21_2026,0.015719562768936185,0.6173790097236633,63.103223759755515
RABLab26_Mar02_GrafLab_Clay0%(supersand)_Group1SampleA_Mon_Mar__2_16_19_21_2026,0.0157599747180939,0.6903023719787598,63.103223759755515
RABLab26_Mar02_GrafLab_Clay0%(supersand)_Group1SampleA_Mon_Mar__2_16_19_21_2026,0.0157599747180939,0.6903023719787598,63.103223759755515
RABLab26_Mar02_GrafLab_Clay0%(supersand)_Group1SampleA_Mon_Mar__2_16_19_21_2026,0.0157599747180939,0.6903023719787598,63.103223759755515
RABLab26_Mar02_GrafLab_Clay0%(supersand)_Group1SampleA_Mon_Mar__2_16_19_21_2026,0.0157599747180939,0.6903023719787598,63.103223759755515
RABLab26_Mar02_GrafLab_Clay0%(supersand)_Group1SampleA_Mon_Mar__2_16_19_21_2026,0.0157599747180939,0.6903023719787598,63.103223759755515
RABLab26_Mar02_GrafLab_Clay0%(supersand)_Group1SampleA_Mon_Mar__2_16_19_21_2026,0.015800222754478482,0.757804274559021,63.103223759755515
RABLab26_Mar02_GrafLab_Clay0%(supersand)_Group1SampleA_Mon_Mar__2_16_19_21_2026,0.015800222754478482,0.757804274559021,63.103223759755515
RABLab26_Mar02_GrafLab_Clay0%(supersand)_Group1SampleA_Mon_Mar__2_16_19_21_2026,0.015800222754478482,0.757804274559021,63.103223759755515
RABLab26_Mar02_GrafLab_Clay0%(supersand)_Group1SampleA_Mon_Mar__2_16_19_21_2026,0.015800222754478482,0.757804274559021,63.103223759755515
RABLab26_Mar02_GrafLab_Clay0%(supersand)_Group1SampleA_Mon_Mar__2_16_19_21_2026,0.015800222754478482,0.757804274559021,63.103223759755515
RABLab26_Mar02_GrafLab_Clay0%(supersand)_Group1SampleA_Mon_Mar__2_16_19_21_2026,0.015800222754478482,0.757804274559021,63.103223759755515
RABLab26_Mar02_GrafLab_Clay0%(supersand)_Group1SampleA_Mon_Mar__2_16_19_21_2026,0.015833526849746704,0.8134172558784485,63.103223759755515
RABLab26_Mar02_GrafLab_Clay0%(supersand)_Group1SampleA_Mon_Mar__2_16_19_21_2026,0.015833526849746704,0.8134172558784485,63.103223759755515
RABLab26_Mar02_GrafLab_Clay0%(supersand)_Group1SampleA_Mon_Mar__2_16_19_21_2026,0.015833526849746704,0.8134172558784485,63.103223759755515
RABLab26_Mar02_GrafLab_Clay0%(supersand)_Group1SampleA_Mon_Mar__2_16_19_21_2026,0.015833526849746704,0.8134172558784485,63.103223759755515
RABLab26_Mar02_GrafLab_Clay0%(supersand)_Group1SampleA_Mon_Mar__2_16_19_21_2026,0.015916913747787503,0.8204202651977539,63.103223759755515
RABLab26_Mar02_GrafLab_Clay0%(supersand)_Group1SampleA_Mon_Mar__2_16_19_21_2026,0.015916913747787503,0.8204202651977539,63.103223759755515
RABLab26_Mar02_GrafLab_Clay0%(supersand)_Group1SampleA_Mon_Mar__2_16_19_21_2026,0.015916913747787503,0.8204202651977539,63.103223759755515
RABLab26_Mar02_GrafLab_Clay0%(supersand)_Group1SampleA_Mon_Mar__2_16_19_21_2026,0.015916913747787503,0.8204202651977539,63.103223759755515
RABLab26_Mar02_GrafLab_Clay0%(supersand)_Group1SampleA_Mon_Mar__2_16_19_21_2026,0.015916913747787503,0.8204202651977539,63.103223759755515
RABLab26_Mar02_GrafLab_Clay0%(supersand)_Group1SampleA_Mon_Mar__2_16_19_21_2026,0.015988454222679083,0.8293358683586121,63.103223759755515
RABLab26_Mar02_GrafLab_Clay0%(supersand)_Group1SampleA_Mon_Mar__2_16_19_21_2026,0.015988454222679083,0.8293358683586121,63.103223759755515
RABLab26_Mar02_GrafLab_Clay0%(supersand)_Group1SampleA_Mon_Mar__2_16_19_21_2026,0.015988454222679083,0.8293358683586121,63.103223759755515
RABLab26_Mar02_GrafLab_Clay0%(supersand)_Group1SampleA_Mon_Mar__2_16_19_21_2026,0.015988454222679083,0.8293358683586121,63.103223759755515
RABLab26_Mar02_GrafLab_Clay0%(supersand)_Group1SampleA_Mon_Mar__2_16_19_21_2026,0.015988454222679083,0.8293358683586121,63.103223759755515
RABLab26_Mar02_GrafLab_Clay0%(supersand)_Group1SampleA_Mon_Mar__2_16_19_21_2026,0.0160392373800278,0.884103536605835,63.103223759755515
RABLab26_Mar02_GrafLab_Clay0%(supersand)_Group1SampleA_Mon_Mar__2_16_19_21_2026,0.0160392373800278,0.884103536605835,63.103223759755515
RABLab26_Mar02_GrafLab_Clay0%(supersand)_Group1SampleA_Mon_Mar__2_16_19_21_2026,0.0160392373800278,0.884103536605835,63.103223759755515
RABLab26_Mar02_GrafLab_Clay0%(supersand)_Group1SampleA_Mon_Mar__2_16_19_21_2026,0.0160392373800278,0.884103536605835,63.103223759755515
RABLab26_Mar02_GrafLab_Clay0%(supersand)_Group1SampleA_Mon_Mar__2_16_19_21_2026,0.0160392373800278,0.884103536605835,63.103223759755515
RABLab26_Mar02_GrafLab_Clay0%(supersand)_Group1SampleA_Mon_Mar__2_16_19_21_2026,0.016162797808647184,0.8651549816131592,63.103223759755515
RABLab26_Mar02_GrafLab_Clay0%(supersand)_Group1SampleA_Mon_Mar__2_16_19_21_2026,0.016162797808647184,0.8651549816131592,63.103223759755515
RABLab26_Mar02_GrafLab_Clay0%(supersand)_Group1SampleA_Mon_Mar__2_16_19_21_2026,0.016162797808647184,0.8651549816131592,63.103223759755515
RABLab26_Mar02_GrafLab_Clay0%(supersand)_Group1SampleA_Mon_Mar__2_16_19_21_2026,0.016162797808647184,0.8651549816131592,63.103223759755515
RABLab26_Mar02_GrafLab_Clay0%(supersand)_Group1SampleA_Mon_Mar__2_16_19_21_2026,0.016162797808647184,0.8651549816131592,63.103223759755515
RABLab26_Mar02_GrafLab_Clay0%(supersand)_Group1SampleA_Mon_Mar__2_16_19_21_2026,0.016162797808647184,0.8651549816131592,63.103223759755515
RABLab26_Mar02_GrafLab_Clay0%(supersand)_Group1SampleA_Mon_Mar__2_16_19_21_2026,0.016249150037765503,0.8569733500480652,63.103223759755515
RABLab26_Mar02_GrafLab_Clay0%(supersand)_Group1SampleA_Mon_Mar__2_16_19_21_2026,0.016249150037765503,0.8569733500480652,63.103223759755515
RABLab26_Mar02_GrafLab_Clay0%(supersand)_Group1SampleA_Mon_Mar__2_16_19_21_2026,0.016249150037765503,0.8569733500480652,63.103223759755515
RABLab26_Mar02_GrafLab_Clay0%(supersand)_Group1SampleA_Mon_Mar__2_16_19_21_2026,0.016249150037765503,0.8569733500480652,63.103223759755515
RABLab26_Mar02_GrafLab_Clay0%(supersand)_Group1SampleA_Mon_Mar__2_16_19_21_2026,0.016382336616516086,0.8152844905853271,63.103223759755515
RABLab26_Mar02_GrafLab_Clay0%(supersand)_Group1SampleA_Mon_Mar__2_16_19_21_2026,0.016382336616516086,0.8152844905853271,63.103223759755515
RABLab26_Mar02_GrafLab_Clay0%(supersand)_Group1SampleA_Mon_Mar__2_16_19_21_2026,0.016382336616516086,0.8152844905853271,63.103223759755515
RABLab26_Mar02_GrafLab_Clay0%(supersand)_Group1SampleA_Mon_Mar__2_16_19_21_2026,0.016382336616516086,0.8152844905853271,63.103223759755515
RABLab26_Mar02_GrafLab_Clay0%(supersand)_Group1SampleA_Mon_Mar__2_16_19_21_2026,0.016382336616516086,0.8152844905853271,63.103223759755515
RABLab26_Mar02_GrafLab_Clay0%(supersand)_Group1SampleA_Mon_Mar__2_16_19_21_2026,0.016382336616516086,0.8152844905853271,63.103223759755515
RABLab26_Mar02_GrafLab_Clay0%(supersand)_Group1SampleA_Mon_Mar__2_16_19_21_2026,0.016543984413147,0.7557933926582336,63.103223759755515
RABLab26_Mar02_GrafLab_Clay0%(supersand)_Group1SampleA_Mon_Mar__2_16_19_21_2026,0.016543984413147,0.7557933926582336,63.103223759755515
RABLab26_Mar02_GrafLab_Clay0%(supersand)_Group1SampleA_Mon_Mar__2_16_19_21_2026,0.016543984413147,0.7557933926582336,63.103223759755515
RABLab26_Mar02_GrafLab_Clay0%(supersand)_Group1SampleA_Mon_Mar__2_16_19_21_2026,0.016543984413147,0.7557933926582336,63.103223759755515
RABLab26_Mar02_GrafLab_Clay0%(supersand)_Group1SampleA_Mon_Mar__2_16_19_21_2026,0.016543984413147,0.7557933926582336,63.103223759755515
RABLab26_Mar02_GrafLab_Clay0%(supersand)_Group1SampleA_Mon_Mar__2_16_19_21_2026,0.016543984413147,0.7557933926582336,63.103223759755515
RABLab26_Mar02_GrafLab_Clay0%(supersand)_Group1SampleA_Mon_Mar__2_16_19_21_2026,0.01685334742069239,0.5093457698822021,63.103223759755515
RABLab26_Mar02_GrafLab_Clay0%(supersand)_Group1SampleA_Mon_Mar__2_16_19_21_2026,0.01685334742069239,0.5093457698822021,63.103223759755515
RABLab26_Mar02_GrafLab_Clay0%(supersand)_Group1SampleA_Mon_Mar__2_16_19_21_2026,0.01685334742069239,0.5093457698822021,63.103223759755515
RABLab26_Mar02_GrafLab_Clay0%(supersand)_Group1SampleA_Mon_Mar__2_16_19_21_2026,0.01685334742069239,0.5093457698822021,63.103223759755515
RABLab26_Mar02_GrafLab_Clay0%(supersand)_Group1SampleA_Mon_Mar__2_16_19_21_2026,0.01685334742069239,0.5093457698822021,63.103223759755515
RABLab26_Mar02_GrafLab_Clay0%(supersand)_Group1SampleA_Mon_Mar__2_16_19_21_2026,0.017063587903976385,0.4153997004032135,63.103223759755515
RABLab26_Mar02_GrafLab_Clay0%(supersand)_Group1SampleA_Mon_Mar__2_16_19_21_2026,0.017063587903976385,0.4153997004032135,63.103223759755515
RABLab26_Mar02_GrafLab_Clay0%(supersand)_Group1SampleA_Mon_Mar__2_16_19_21_2026,0.017063587903976385,0.4153997004032135,63.103223759755515
RABLab26_Mar02_GrafLab_Clay0%(supersand)_Group1SampleA_Mon_Mar__2_16_19_21_2026,0.017063587903976385,0.4153997004032135,63.103223759755515
RABLab26_Mar02_GrafLab_Clay0%(supersand)_Group1SampleA_Mon_Mar__2_16_19_21_2026,0.017063587903976385,0.4153997004032135,63.103223759755515
RABLab26_Mar02_GrafLab_Clay0%(supersand)_Group1SampleA_Mon_Mar__2_16_19_21_2026,0.017063587903976385,0.4153997004032135,63.103223759755515
RABLab26_Mar02_GrafLab_Clay0%(supersand)_Group1SampleA_Mon_Mar__2_16_19_21_2026,0.01718926429748538,0.4317363202571869,63.103223759755515
RABLab26_Mar02_GrafLab_Clay0%(supersand)_Group1SampleA_Mon_Mar__2_16_19_21_2026,0.01718926429748538,0.4317363202571869,63.103223759755515
RABLab26_Mar02_GrafLab_Clay0%(supersand)_Group1SampleA_Mon_Mar__2_16_19_21_2026,0.01718926429748538,0.4317363202571869,63.103223759755515
RABLab26_Mar02_GrafLab_Clay0%(supersand)_Group1SampleA_Mon_Mar__2_16_19_21_2026,0.01718926429748538,0.4317363202571869,63.103223759755515
RABLab26_Mar02_GrafLab_Clay0%(supersand)_Group1SampleA_Mon_Mar__2_16_19_21_2026,0.01718926429748538,0.4317363202571869,63.103223759755515
RABLab26_Mar02_GrafLab_Clay0%(supersand)_Group1SampleA_Mon_Mar__2_16_19_21_2026,0.01718926429748538,0.4317363202571869,63.103223759755515
RABLab26_Mar02_GrafLab_Clay0%(supersand)_Group1SampleA_Mon_Mar__2_16_19_21_2026,0.01722988486289978,0.5214440226554871,63.103223759755515
RABLab26_Mar02_GrafLab_Clay0%(supersand)_Group1SampleA_Mon_Mar__2_16_19_21_2026,0.01722988486289978,0.5214440226554871,63.103223759755515
RABLab26_Mar02_GrafLab_Clay0%(supersand)_Group1SampleA_Mon_Mar__2_16_19_21_2026,0.01722988486289978,0.5214440226554871,63.103223759755515
RABLab26_Mar02_GrafLab_Clay0%(supersand)_Group1SampleA_Mon_Mar__2_16_19_21_2026,0.01722988486289978,0.5214440226554871,63.103223759755515
RABLab26_Mar02_GrafLab_Clay0%(supersand)_Group1SampleA_Mon_Mar__2_16_19_21_2026,0.01722988486289978,0.5214440226554871,63.103223759755515
RABLab26_Mar02_GrafLab_Clay0%(supersand)_Group1SampleA_Mon_Mar__2_16_19_21_2026,0.01722988486289978,0.5214440226554871,63.103223759755515
RABLab26_Mar02_GrafLab_Clay0%(supersand)_Group1SampleA_Mon_Mar__2_16_19_21_2026,0.01723754405975339,0.6229070425033569,63.103223759755515
RABLab26_Mar02_GrafLab_Clay0%(supersand)_Group1SampleA_Mon_Mar__2_16_19_21_2026,0.01723754405975339,0.6229070425033569,63.103223759755515
RABLab26_Mar02_GrafLab_Clay0%(supersand)_Group1SampleA_Mon_Mar__2_16_19_21_2026,0.01723754405975339,0.6229070425033569,63.103223759755515
RABLab26_Mar02_GrafLab_Clay0%(supersand)_Group1SampleA_Mon_Mar__2_16_19_21_2026,0.01723754405975339,0.6229070425033569,63.103223759755515
RABLab26_Mar02_GrafLab_Clay0%(supersand)_Group1SampleA_Mon_Mar__2_16_19_21_2026,0.01723754405975339,0.6229070425033569,63.103223759755515
RABLab26_Mar02_GrafLab_Clay0%(supersand)_Group1SampleA_Mon_Mar__2_16_19_21_2026,0.017296716570854187,0.6284250617027283,63.103223759755515
RABLab26_Mar02_GrafLab_Clay0%(supersand)_Group1SampleA_Mon_Mar__2_16_19_21_2026,0.017296716570854187,0.6284250617027283,63.103223759755515
RABLab26_Mar02_GrafLab_Clay0%(supersand)_Group1SampleA_Mon_Mar__2_16_19_21_2026,0.017296716570854187,0.6284250617027283,63.103223759755515
RABLab26_Mar02_GrafLab_Clay0%(supersand)_Group1SampleA_Mon_Mar__2_16_19_21_2026,0.017296716570854187,0.6284250617027283,63.103223759755515
RABLab26_Mar02_GrafLab_Clay0%(supersand)_Group1SampleA_Mon_Mar__2_16_19_21_2026,0.017296716570854187,0.6284250617027283,63.103223759755515
RABLab26_Mar02_GrafLab_Clay0%(supersand)_Group1SampleA_Mon_Mar__2_16_19_21_2026,0.017398357391357394,0.626958966255188,63.103223759755515
RABLab26_Mar02_GrafLab_Clay0%(supersand)_Group1SampleA_Mon_Mar__2_16_19_21_2026,0.017398357391357394,0.626958966255188,63.103223759755515
RABLab26_Mar02_GrafLab_Clay0%(supersand)_Group1SampleA_Mon_Mar__2_16_19_21_2026,0.017398357391357394,0.626958966255188,63.103223759755515
RABLab26_Mar02_GrafLab_Clay0%(supersand)_Group1SampleA_Mon_Mar__2_16_19_21_2026,0.017398357391357394,0.626958966255188,63.103223759755515
RABLab26_Mar02_GrafLab_Clay0%(supersand)_Group1SampleA_Mon_Mar__2_16_19_21_2026,0.017398357391357394,0.626958966255188,63.103223759755515
RABLab26_Mar02_GrafLab_Clay0%(supersand)_Group1SampleA_Mon_Mar__2_16_19_21_2026,0.0175420343875885,0.5711410641670227,63.103223759755515
RABLab26_Mar02_GrafLab_Clay0%(supersand)_Group1SampleA_Mon_Mar__2_16_19_21_2026,0.0175420343875885,0.5711410641670227,63.103223759755515
RABLab26_Mar02_GrafLab_Clay0%(supersand)_Group1SampleA_Mon_Mar__2_16_19_21_2026,0.0175420343875885,0.5711410641670227,63.103223759755515
RABLab26_Mar02_GrafLab_Clay0%(supersand)_Group1SampleA_Mon_Mar__2_16_19_21_2026,0.0175420343875885,0.5711410641670227,63.103223759755515
RABLab26_Mar02_GrafLab_Clay0%(supersand)_Group1SampleA_Mon_Mar__2_16_19_21_2026,0.0175420343875885,0.5711410641670227,63.103223759755515
RABLab26_Mar02_GrafLab_Clay0%(supersand)_Group1SampleA_Mon_Mar__2_16_19_21_2026,0.0175420343875885,0.5711410641670227,63.103223759755515
RABLab26_Mar02_GrafLab_Clay0%(supersand)_Group1SampleA_Mon_Mar__2_16_19_21_2026,0.017678499221801786,0.5165302753448486,63.103223759755515
RABLab26_Mar02_GrafLab_Clay0%(supersand)_Group1SampleA_Mon_Mar__2_16_19_21_2026,0.017678499221801786,0.5165302753448486,63.103223759755515
RABLab26_Mar02_GrafLab_Clay0%(supersand)_Group1SampleA_Mon_Mar__2_16_19_21_2026,0.017678499221801786,0.5165302753448486,63.103223759755515
RABLab26_Mar02_GrafLab_Clay0%(supersand)_Group1SampleA_Mon_Mar__2_16_19_21_2026,0.017678499221801786,0.5165302753448486,63.103223759755515
RABLab26_Mar02_GrafLab_Clay0%(supersand)_Group1SampleA_Mon_Mar__2_16_19_21_2026,0.017678499221801786,0.5165302753448486,63.103223759755515
RABLab26_Mar02_GrafLab_Clay0%(supersand)_Group1SampleA_Mon_Mar__2_16_19_21_2026,0.017678499221801786,0.5165302753448486,63.103223759755515
RABLab26_Mar02_GrafLab_Clay0%(supersand)_Group1SampleA_Mon_Mar__2_16_19_21_2026,0.017844736576080295,0.455824613571167,63.103223759755515
RABLab26_Mar02_GrafLab_Clay0%(supersand)_Group1SampleA_Mon_Mar__2_16_19_21_2026,0.017844736576080295,0.455824613571167,63.103223759755515
RABLab26_Mar02_GrafLab_Clay0%(supersand)_Group1SampleA_Mon_Mar__2_16_19_21_2026,0.017844736576080295,0.455824613571167,63.103223759755515
RABLab26_Mar02_GrafLab_Clay0%(supersand)_Group1SampleA_Mon_Mar__2_16_19_21_2026,0.017844736576080295,0.455824613571167,63.103223759755515
RABLab26_Mar02_GrafLab_Clay0%(supersand)_Group1SampleA_Mon_Mar__2_16_19_21_2026,0.017844736576080295,0.455824613571167,63.103223759755515
RABLab26_Mar02_GrafLab_Clay0%(supersand)_Group1SampleA_Mon_Mar__2_16_19_21_2026,0.018003731966018705,0.4244617223739624,63.103223759755515
RABLab26_Mar02_GrafLab_Clay0%(supersand)_Group1SampleA_Mon_Mar__2_16_19_21_2026,0.018003731966018705,0.4244617223739624,63.103223759755515
RABLab26_Mar02_GrafLab_Clay0%(supersand)_Group1SampleA_Mon_Mar__2_16_19_21_2026,0.018003731966018705,0.4244617223739624,63.103223759755515
RABLab26_Mar02_GrafLab_Clay0%(supersand)_Group1SampleA_Mon_Mar__2_16_19_21_2026,0.018003731966018705,0.4244617223739624,63.103223759755515
RABLab26_Mar02_GrafLab_Clay0%(supersand)_Group1SampleA_Mon_Mar__2_16_19_21_2026,0.018003731966018705,0.4244617223739624,63.103223759755515
RABLab26_Mar02_GrafLab_Clay0%(supersand)_Group1SampleA_Mon_Mar__2_16_19_21_2026,0.018003731966018705,0.4244617223739624,63.103223759755515
RABLab26_Mar02_GrafLab_Clay0%(supersand)_Group1SampleA_Mon_Mar__2_16_19_21_2026,0.018003731966018705,0.4244617223739624,63.103223759755515
RABLab26_Mar02_GrafLab_Clay0%(supersand)_Group1SampleA_Mon_Mar__2_16_19_21_2026,0.018080487847328186,0.4440715610980987,63.103223759755515
RABLab26_Mar02_GrafLab_Clay0%(supersand)_Group1SampleA_Mon_Mar__2_16_19_21_2026,0.018080487847328186,0.4440715610980987,63.103223759755515
RABLab26_Mar02_GrafLab_Clay0%(supersand)_Group1SampleA_Mon_Mar__2_16_19_21_2026,0.018080487847328186,0.4440715610980987,63.103223759755515
RABLab26_Mar02_GrafLab_Clay0%(supersand)_Group1SampleA_Mon_Mar__2_16_19_21_2026,0.018080487847328186,0.4440715610980987,63.103223759755515
RABLab26_Mar02_GrafLab_Clay0%(supersand)_Group1SampleA_Mon_Mar__2_16_19_21_2026,0.01811522245407099,0.5268864035606384,63.103223759755515
RABLab26_Mar02_GrafLab_Clay0%(supersand)_Group1SampleA_Mon_Mar__2_16_19_21_2026,0.01811522245407099,0.5268864035606384,63.103223759755515
RABLab26_Mar02_GrafLab_Clay0%(supersand)_Group1SampleA_Mon_Mar__2_16_19_21_2026,0.01811522245407099,0.5268864035606384,63.103223759755515
RABLab26_Mar02_GrafLab_Clay0%(supersand)_Group1SampleA_Mon_Mar__2_16_19_21_2026,0.01811522245407099,0.5268864035606384,63.103223759755515
RABLab26_Mar02_GrafLab_Clay0%(supersand)_Group1SampleA_Mon_Mar__2_16_19_21_2026,0.01811522245407099,0.5268864035606384,63.103223759755515
RABLab26_Mar02_GrafLab_Clay0%(supersand)_Group1SampleA_Mon_Mar__2_16_19_21_2026,0.01817095279693598,0.5718908905982971,63.103223759755515
RABLab26_Mar02_GrafLab_Clay0%(supersand)_Group1SampleA_Mon_Mar__2_16_19_21_2026,0.01817095279693598,0.5718908905982971,63.103223759755515
RABLab26_Mar02_GrafLab_Clay0%(supersand)_Group1SampleA_Mon_Mar__2_16_19_21_2026,0.01817095279693598,0.5718908905982971,63.103223759755515
RABLab26_Mar02_GrafLab_Clay0%(supersand)_Group1SampleA_Mon_Mar__2_16_19_21_2026,0.01817095279693598,0.5718908905982971,63.103223759755515
RABLab26_Mar02_GrafLab_Clay0%(supersand)_Group1SampleA_Mon_Mar__2_16_19_21_2026,0.01817095279693598,0.5718908905982971,63.103223759755515
RABLab26_Mar02_GrafLab_Clay0%(supersand)_Group1SampleA_Mon_Mar__2_16_19_21_2026,0.01817095279693598,0.5718908905982971,63.103223759755515
RABLab26_Mar02_GrafLab_Clay0%(supersand)_Group1SampleA_Mon_Mar__2_16_19_21_2026,0.018197789788246183,0.634987473487854,63.103223759755515
RABLab26_Mar02_GrafLab_Clay0%(supersand)_Group1SampleA_Mon_Mar__2_16_19_21_2026,0.018197789788246183,0.634987473487854,63.103223759755515
RABLab26_Mar02_GrafLab_Clay0%(supersand)_Group1SampleA_Mon_Mar__2_16_19_21_2026,0.018197789788246183,0.634987473487854,63.103223759755515
RABLab26_Mar02_GrafLab_Clay0%(supersand)_Group1SampleA_Mon_Mar__2_16_19_21_2026,0.018197789788246183,0.634987473487854,63.103223759755515
RABLab26_Mar02_GrafLab_Clay0%(supersand)_Group1SampleA_Mon_Mar__2_16_19_21_2026,0.018197789788246183,0.634987473487854,63.103223759755515
RABLab26_Mar02_GrafLab_Clay0%(supersand)_Group1SampleA_Mon_Mar__2_16_19_21_2026,0.018197789788246183,0.634987473487854,63.103223759755515
RABLab26_Mar02_GrafLab_Clay0%(supersand)_Group1SampleA_Mon_Mar__2_16_19_21_2026,0.01821787655353549,0.7244107723236084,63.103223759755515
RABLab26_Mar02_GrafLab_Clay0%(supersand)_Group1SampleA_Mon_Mar__2_16_19_21_2026,0.01821787655353549,0.7244107723236084,63.103223759755515
RABLab26_Mar02_GrafLab_Clay0%(supersand)_Group1SampleA_Mon_Mar__2_16_19_21_2026,0.01821787655353549,0.7244107723236084,63.103223759755515
RABLab26_Mar02_GrafLab_Clay0%(supersand)_Group1SampleA_Mon_Mar__2_16_19_21_2026,0.01821787655353549,0.7244107723236084,63.103223759755515
RABLab26_Mar02_GrafLab_Clay0%(supersand)_Group1SampleA_Mon_Mar__2_16_19_21_2026,0.01821787655353549,0.7244107723236084,63.103223759755515
RABLab26_Mar02_GrafLab_Clay0%(supersand)_Group1SampleA_Mon_Mar__2_16_19_21_2026,0.01821787655353549,0.7244107723236084,63.103223759755515
RABLab26_Mar02_GrafLab_Clay0%(supersand)_Group1SampleA_Mon_Mar__2_16_19_21_2026,0.018328085541725186,0.6792600750923157,63.103223759755515
RABLab26_Mar02_GrafLab_Clay0%(supersand)_Group1SampleA_Mon_Mar__2_16_19_21_2026,0.018328085541725186,0.6792600750923157,63.103223759755515
RABLab26_Mar02_GrafLab_Clay0%(supersand)_Group1SampleA_Mon_Mar__2_16_19_21_2026,0.018328085541725186,0.6792600750923157,63.103223759755515
RABLab26_Mar02_GrafLab_Clay0%(supersand)_Group1SampleA_Mon_Mar__2_16_19_21_2026,0.018328085541725186,0.6792600750923157,63.103223759755515
RABLab26_Mar02_GrafLab_Clay0%(supersand)_Group1SampleA_Mon_Mar__2_16_19_21_2026,0.018328085541725186,0.6792600750923157,63.103223759755515
RABLab26_Mar02_GrafLab_Clay0%(supersand)_Group1SampleA_Mon_Mar__2_16_19_21_2026,0.018328085541725186,0.6792600750923157,63.103223759755515
RABLab26_Mar02_GrafLab_Clay0%(supersand)_Group1SampleA_Mon_Mar__2_16_19_21_2026,0.018363207578659085,0.7723119258880615,63.103223759755515
RABLab26_Mar02_GrafLab_Clay0%(supersand)_Group1SampleA_Mon_Mar__2_16_19_21_2026,0.018363207578659085,0.7723119258880615,63.103223759755515
RABLab26_Mar02_GrafLab_Clay0%(supersand)_Group1SampleA_Mon_Mar__2_16_19_21_2026,0.018363207578659085,0.7723119258880615,63.103223759755515
RABLab26_Mar02_GrafLab_Clay0%(supersand)_Group1SampleA_Mon_Mar__2_16_19_21_2026,0.018363207578659085,0.7723119258880615,63.103223759755515
RABLab26_Mar02_GrafLab_Clay0%(supersand)_Group1SampleA_Mon_Mar__2_16_19_21_2026,0.018428921699523898,0.7934080362319946,63.103223759755515
RABLab26_Mar02_GrafLab_Clay0%(supersand)_Group1SampleA_Mon_Mar__2_16_19_21_2026,0.018428921699523898,0.7934080362319946,63.103223759755515
RABLab26_Mar02_GrafLab_Clay0%(supersand)_Group1SampleA_Mon_Mar__2_16_19_21_2026,0.018428921699523898,0.7934080362319946,63.103223759755515
RABLab26_Mar02_GrafLab_Clay0%(supersand)_Group1SampleA_Mon_Mar__2_16_19_21_2026,0.018428921699523898,0.7934080362319946,63.103223759755515
RABLab26_Mar02_GrafLab_Clay0%(supersand)_Group1SampleA_Mon_Mar__2_16_19_21_2026,0.01848013699054718,0.8479359745979309,63.103223759755515
RABLab26_Mar02_GrafLab_Clay0%(supersand)_Group1SampleA_Mon_Mar__2_16_19_21_2026,0.01848013699054718,0.8479359745979309,63.103223759755515
RABLab26_Mar02_GrafLab_Clay0%(supersand)_Group1SampleA_Mon_Mar__2_16_19_21_2026,0.01848013699054718,0.8479359745979309,63.103223759755515
RABLab26_Mar02_GrafLab_Clay0%(supersand)_Group1SampleA_Mon_Mar__2_16_19_21_2026,0.01848013699054718,0.8479359745979309,63.103223759755515
RABLab26_Mar02_GrafLab_Clay0%(supersand)_Group1SampleA_Mon_Mar__2_16_19_21_2026,0.01848013699054718,0.8479359745979309,63.103223759755515
RABLab26_Mar02_GrafLab_Clay0%(supersand)_Group1SampleA_Mon_Mar__2_16_19_21_2026,0.018581360578536987,0.8244192004203796,63.103223759755515
RABLab26_Mar02_GrafLab_Clay0%(supersand)_Group1SampleA_Mon_Mar__2_16_19_21_2026,0.018581360578536987,0.8244192004203796,63.103223759755515
RABLab26_Mar02_GrafLab_Clay0%(supersand)_Group1SampleA_Mon_Mar__2_16_19_21_2026,0.018581360578536987,0.8244192004203796,63.103223759755515
RABLab26_Mar02_GrafLab_Clay0%(supersand)_Group1SampleA_Mon_Mar__2_16_19_21_2026,0.018581360578536987,0.8244192004203796,63.103223759755515
RABLab26_Mar02_GrafLab_Clay0%(supersand)_Group1SampleA_Mon_Mar__2_16_19_21_2026,0.018632993102073697,0.9008180499076844,63.103223759755515
RABLab26_Mar02_GrafLab_Clay0%(supersand)_Group1SampleA_Mon_Mar__2_16_19_21_2026,0.018632993102073697,0.9008180499076844,63.103223759755515
RABLab26_Mar02_GrafLab_Clay0%(supersand)_Group1SampleA_Mon_Mar__2_16_19_21_2026,0.018632993102073697,0.9008180499076844,63.103223759755515
RABLab26_Mar02_GrafLab_Clay0%(supersand)_Group1SampleA_Mon_Mar__2_16_19_21_2026,0.018632993102073697,0.9008180499076844,63.103223759755515
RABLab26_Mar02_GrafLab_Clay0%(supersand)_Group1SampleA_Mon_Mar__2_16_19_21_2026,0.018632993102073697,0.9008180499076844,63.103223759755515
RABLab26_Mar02_GrafLab_Clay0%(supersand)_Group1SampleA_Mon_Mar__2_16_19_21_2026,0.01874060928821558,0.8718095421791077,63.103223759755515
RABLab26_Mar02_GrafLab_Clay0%(supersand)_Group1SampleA_Mon_Mar__2_16_19_21_2026,0.01874060928821558,0.8718095421791077,63.103223759755515
RABLab26_Mar02_GrafLab_Clay0%(supersand)_Group1SampleA_Mon_Mar__2_16_19_21_2026,0.01874060928821558,0.8718095421791077,63.103223759755515
RABLab26_Mar02_GrafLab_Clay0%(supersand)_Group1SampleA_Mon_Mar__2_16_19_21_2026,0.01874060928821558,0.8718095421791077,63.103223759755515
RABLab26_Mar02_GrafLab_Clay0%(supersand)_Group1SampleA_Mon_Mar__2_16_19_21_2026,0.01874060928821558,0.8718095421791077,63.103223759755515
RABLab26_Mar02_GrafLab_Clay0%(supersand)_Group1SampleA_Mon_Mar__2_16_19_21_2026,0.01881153881549838,0.8905673027038574,63.103223759755515
RABLab26_Mar02_GrafLab_Clay0%(supersand)_Group1SampleA_Mon_Mar__2_16_19_21_2026,0.01881153881549838,0.8905673027038574,63.103223759755515
RABLab26_Mar02_GrafLab_Clay0%(supersand)_Group1SampleA_Mon_Mar__2_16_19_21_2026,0.01881153881549838,0.8905673027038574,63.103223759755515
RABLab26_Mar02_GrafLab_Clay0%(supersand)_Group1SampleA_Mon_Mar__2_16_19_21_2026,0.01881153881549838,0.8905673027038574,63.103223759755515
RABLab26_Mar02_GrafLab_Clay0%(supersand)_Group1SampleA_Mon_Mar__2_16_19_21_2026,0.01881153881549838,0.8905673027038574,63.103223759755515
RABLab26_Mar02_GrafLab_Clay0%(supersand)_Group1SampleA_Mon_Mar__2_16_19_21_2026,0.018889799714088384,0.918941617012024,63.103223759755515
RABLab26_Mar02_GrafLab_Clay0%(supersand)_Group1SampleA_Mon_Mar__2_16_19_21_2026,0.018889799714088384,0.918941617012024,63.103223759755515
RABLab26_Mar02_GrafLab_Clay0%(supersand)_Group1SampleA_Mon_Mar__2_16_19_21_2026,0.018889799714088384,0.918941617012024,63.103223759755515
RABLab26_Mar02_GrafLab_Clay0%(supersand)_Group1SampleA_Mon_Mar__2_16_19_21_2026,0.018889799714088384,0.918941617012024,63.103223759755515
RABLab26_Mar02_GrafLab_Clay0%(supersand)_Group1SampleA_Mon_Mar__2_16_19_21_2026,0.018889799714088384,0.918941617012024,63.103223759755515
RABLab26_Mar02_GrafLab_Clay0%(supersand)_Group1SampleA_Mon_Mar__2_16_19_21_2026,0.018889799714088384,0.918941617012024,63.103223759755515
RABLab26_Mar02_GrafLab_Clay0%(supersand)_Group1SampleA_Mon_Mar__2_16_19_21_2026,0.019002199172973605,0.9033380746841432,63.103223759755515
RABLab26_Mar02_GrafLab_Clay0%(supersand)_Group1SampleA_Mon_Mar__2_16_19_21_2026,0.019002199172973605,0.9033380746841432,63.103223759755515
RABLab26_Mar02_GrafLab_Clay0%(supersand)_Group1SampleA_Mon_Mar__2_16_19_21_2026,0.019002199172973605,0.9033380746841432,63.103223759755515
RABLab26_Mar02_GrafLab_Clay0%(supersand)_Group1SampleA_Mon_Mar__2_16_19_21_2026,0.019002199172973605,0.9033380746841432,63.103223759755515
RABLab26_Mar02_GrafLab_Clay0%(supersand)_Group1SampleA_Mon_Mar__2_16_19_21_2026,0.01915714144706729,0.8533958792686462,63.103223759755515
RABLab26_Mar02_GrafLab_Clay0%(supersand)_Group1SampleA_Mon_Mar__2_16_19_21_2026,0.01915714144706729,0.8533958792686462,63.103223759755515
RABLab26_Mar02_GrafLab_Clay0%(supersand)_Group1SampleA_Mon_Mar__2_16_19_21_2026,0.01915714144706729,0.8533958792686462,63.103223759755515
RABLab26_Mar02_GrafLab_Clay0%(supersand)_Group1SampleA_Mon_Mar__2_16_19_21_2026,0.01915714144706729,0.8533958792686462,63.103223759755515
RABLab26_Mar02_GrafLab_Clay0%(supersand)_Group1SampleA_Mon_Mar__2_16_19_21_2026,0.01915714144706729,0.8533958792686462,63.103223759755515
RABLab26_Mar02_GrafLab_Clay0%(supersand)_Group1SampleA_Mon_Mar__2_16_19_21_2026,0.01915714144706729,0.8533958792686462,63.103223759755515
RABLab26_Mar02_GrafLab_Clay0%(supersand)_Group1SampleA_Mon_Mar__2_16_19_21_2026,0.01927848160266879,0.800755500793457,63.103223759755515
RABLab26_Mar02_GrafLab_Clay0%(supersand)_Group1SampleA_Mon_Mar__2_16_19_21_2026,0.01927848160266879,0.800755500793457,63.103223759755515
RABLab26_Mar02_GrafLab_Clay0%(supersand)_Group1SampleA_Mon_Mar__2_16_19_21_2026,0.01927848160266879,0.800755500793457,63.103223759755515
RABLab26_Mar02_GrafLab_Clay0%(supersand)_Group1SampleA_Mon_Mar__2_16_19_21_2026,0.01927848160266879,0.800755500793457,63.103223759755515
RABLab26_Mar02_GrafLab_Clay0%(supersand)_Group1SampleA_Mon_Mar__2_16_19_21_2026,0.01927848160266879,0.800755500793457,63.103223759755515
RABLab26_Mar02_GrafLab_Clay0%(supersand)_Group1SampleA_Mon_Mar__2_16_19_21_2026,0.01927848160266879,0.800755500793457,63.103223759755515
RABLab26_Mar02_GrafLab_Clay0%(supersand)_Group1SampleA_Mon_Mar__2_16_19_21_2026,0.019416525959968595,0.7946744561195374,63.103223759755515
RABLab26_Mar02_GrafLab_Clay0%(supersand)_Group1SampleA_Mon_Mar__2_16_19_21_2026,0.019416525959968595,0.7946744561195374,63.103223759755515
RABLab26_Mar02_GrafLab_Clay0%(supersand)_Group1SampleA_Mon_Mar__2_16_19_21_2026,0.019416525959968595,0.7946744561195374,63.103223759755515
RABLab26_Mar02_GrafLab_Clay0%(supersand)_Group1SampleA_Mon_Mar__2_16_19_21_2026,0.019416525959968595,0.7946744561195374,63.103223759755515
RABLab26_Mar02_GrafLab_Clay0%(supersand)_Group1SampleA_Mon_Mar__2_16_19_21_2026,0.019454613327979986,0.888444721698761,63.103223759755515
RABLab26_Mar02_GrafLab_Clay0%(supersand)_Group1SampleA_Mon_Mar__2_16_19_21_2026,0.019454613327979986,0.888444721698761,63.103223759755515
RABLab26_Mar02_GrafLab_Clay0%(supersand)_Group1SampleA_Mon_Mar__2_16_19_21_2026,0.019454613327979986,0.888444721698761,63.103223759755515
RABLab26_Mar02_GrafLab_Clay0%(supersand)_Group1SampleA_Mon_Mar__2_16_19_21_2026,0.019454613327979986,0.888444721698761,63.103223759755515
RABLab26_Mar02_GrafLab_Clay0%(supersand)_Group1SampleA_Mon_Mar__2_16_19_21_2026,0.019454613327979986,0.888444721698761,63.103223759755515
RABLab26_Mar02_GrafLab_Clay0%(supersand)_Group1SampleA_Mon_Mar__2_16_19_21_2026,0.019490987062454196,0.941444218158722,63.103223759755515
RABLab26_Mar02_GrafLab_Clay0%(supersand)_Group1SampleA_Mon_Mar__2_16_19_21_2026,0.019490987062454196,0.941444218158722,63.103223759755515
RABLab26_Mar02_GrafLab_Clay0%(supersand)_Group1SampleA_Mon_Mar__2_16_19_21_2026,0.019490987062454196,0.941444218158722,63.103223759755515
RABLab26_Mar02_GrafLab_Clay0%(supersand)_Group1SampleA_Mon_Mar__2_16_19_21_2026,0.019490987062454196,0.941444218158722,63.103223759755515
RABLab26_Mar02_GrafLab_Clay0%(supersand)_Group1SampleA_Mon_Mar__2_16_19_21_2026,0.019490987062454196,0.941444218158722,63.103223759755515
RABLab26_Mar02_GrafLab_Clay0%(supersand)_Group1SampleA_Mon_Mar__2_16_19_21_2026,0.019490987062454196,0.941444218158722,63.103223759755515
RABLab26_Mar02_GrafLab_Clay0%(supersand)_Group1SampleA_Mon_Mar__2_16_19_21_2026,0.01952885091304779,0.9900978803634644,63.103223759755515
RABLab26_Mar02_GrafLab_Clay0%(supersand)_Group1SampleA_Mon_Mar__2_16_19_21_2026,0.01952885091304779,0.9900978803634644,63.103223759755515
RABLab26_Mar02_GrafLab_Clay0%(supersand)_Group1SampleA_Mon_Mar__2_16_19_21_2026,0.01952885091304779,0.9900978803634644,63.103223759755515
RABLab26_Mar02_GrafLab_Clay0%(supersand)_Group1SampleA_Mon_Mar__2_16_19_21_2026,0.01952885091304779,0.9900978803634644,63.103223759755515
RABLab26_Mar02_GrafLab_Clay0%(supersand)_Group1SampleA_Mon_Mar__2_16_19_21_2026,0.01952885091304779,0.9900978803634644,63.103223759755515
RABLab26_Mar02_GrafLab_Clay0%(supersand)_Group1SampleA_Mon_Mar__2_16_19_21_2026,0.0195841193199158,1.0392744541168213,63.103223759755515
RABLab26_Mar02_GrafLab_Clay0%(supersand)_Group1SampleA_Mon_Mar__2_16_19_21_2026,0.0195841193199158,1.0392744541168213,63.103223759755515
RABLab26_Mar02_GrafLab_Clay0%(supersand)_Group1SampleA_Mon_Mar__2_16_19_21_2026,0.0195841193199158,1.0392744541168213,63.103223759755515
RABLab26_Mar02_GrafLab_Clay0%(supersand)_Group1SampleA_Mon_Mar__2_16_19_21_2026,0.0195841193199158,1.0392744541168213,63.103223759755515
RABLab26_Mar02_GrafLab_Clay0%(supersand)_Group1SampleA_Mon_Mar__2_16_19_21_2026,0.019644320011138888,1.0556001663208008,63.103223759755515
RABLab26_Mar02_GrafLab_Clay0%(supersand)_Group1SampleA_Mon_Mar__2_16_19_21_2026,0.019644320011138888,1.0556001663208008,63.103223759755515
RABLab26_Mar02_GrafLab_Clay0%(supersand)_Group1SampleA_Mon_Mar__2_16_19_21_2026,0.019644320011138888,1.0556001663208008,63.103223759755515
RABLab26_Mar02_GrafLab_Clay0%(supersand)_Group1SampleA_Mon_Mar__2_16_19_21_2026,0.019644320011138888,1.0556001663208008,63.103223759755515
RABLab26_Mar02_GrafLab_Clay0%(supersand)_Group1SampleA_Mon_Mar__2_16_19_21_2026,0.019644320011138888,1.0556001663208008,63.103223759755515
RABLab26_Mar02_GrafLab_Clay0%(supersand)_Group1SampleA_Mon_Mar__2_16_19_21_2026,0.019687995314598083,1.127983808517456,63.103223759755515
RABLab26_Mar02_GrafLab_Clay0%(supersand)_Group1SampleA_Mon_Mar__2_16_19_21_2026,0.019687995314598083,1.127983808517456,63.103223759755515
RABLab26_Mar02_GrafLab_Clay0%(supersand)_Group1SampleA_Mon_Mar__2_16_19_21_2026,0.019687995314598083,1.127983808517456,63.103223759755515
RABLab26_Mar02_GrafLab_Clay0%(supersand)_Group1SampleA_Mon_Mar__2_16_19_21_2026,0.019687995314598083,1.127983808517456,63.103223759755515
RABLab26_Mar02_GrafLab_Clay0%(supersand)_Group1SampleA_Mon_Mar__2_16_19_21_2026,0.019687995314598083,1.127983808517456,63.103223759755515
RABLab26_Mar02_GrafLab_Clay0%(supersand)_Group1SampleA_Mon_Mar__2_16_19_21_2026,0.019687995314598083,1.127983808517456,63.103223759755515
RABLab26_Mar02_GrafLab_Clay0%(supersand)_Group1SampleA_Mon_Mar__2_16_19_21_2026,0.019687995314598083,1.127983808517456,63.103223759755515
RABLab26_Mar02_GrafLab_Clay0%(supersand)_Group1SampleA_Mon_Mar__2_16_19_21_2026,0.019766330718994085,1.1404656171798706,63.103223759755515
RABLab26_Mar02_GrafLab_Clay0%(supersand)_Group1SampleA_Mon_Mar__2_16_19_21_2026,0.019766330718994085,1.1404656171798706,63.103223759755515
RABLab26_Mar02_GrafLab_Clay0%(supersand)_Group1SampleA_Mon_Mar__2_16_19_21_2026,0.019766330718994085,1.1404656171798706,63.103223759755515
RABLab26_Mar02_GrafLab_Clay0%(supersand)_Group1SampleA_Mon_Mar__2_16_19_21_2026,0.019766330718994085,1.1404656171798706,63.103223759755515
RABLab26_Mar02_GrafLab_Clay0%(supersand)_Group1SampleA_Mon_Mar__2_16_19_21_2026,0.019766330718994085,1.1404656171798706,63.103223759755515
RABLab26_Mar02_GrafLab_Clay0%(supersand)_Group1SampleA_Mon_Mar__2_16_19_21_2026,0.019810751080513,1.2041568756103516,63.103223759755515
RABLab26_Mar02_GrafLab_Clay0%(supersand)_Group1SampleA_Mon_Mar__2_16_19_21_2026,0.019810751080513,1.2041568756103516,63.103223759755515
RABLab26_Mar02_GrafLab_Clay0%(supersand)_Group1SampleA_Mon_Mar__2_16_19_21_2026,0.019810751080513,1.2041568756103516,63.103223759755515
RABLab26_Mar02_GrafLab_Clay0%(supersand)_Group1SampleA_Mon_Mar__2_16_19_21_2026,0.019810751080513,1.2041568756103516,63.103223759755515
RABLab26_Mar02_GrafLab_Clay0%(supersand)_Group1SampleA_Mon_Mar__2_16_19_21_2026,0.01986914873123169,1.2384415864944458,63.103223759755515
RABLab26_Mar02_GrafLab_Clay0%(supersand)_Group1SampleA_Mon_Mar__2_16_19_21_2026,0.01986914873123169,1.2384415864944458,63.103223759755515
RABLab26_Mar02_GrafLab_Clay0%(supersand)_Group1SampleA_Mon_Mar__2_16_19_21_2026,0.01986914873123169,1.2384415864944458,63.103223759755515
RABLab26_Mar02_GrafLab_Clay0%(supersand)_Group1SampleA_Mon_Mar__2_16_19_21_2026,0.01986914873123169,1.2384415864944458,63.103223759755515
RABLab26_Mar02_GrafLab_Clay0%(supersand)_Group1SampleA_Mon_Mar__2_16_19_21_2026,0.01986914873123169,1.2384415864944458,63.103223759755515
RABLab26_Mar02_GrafLab_Clay0%(supersand)_Group1SampleA_Mon_Mar__2_16_19_21_2026,0.01986914873123169,1.2384415864944458,63.103223759755515
RABLab26_Mar02_GrafLab_Clay0%(supersand)_Group1SampleA_Mon_Mar__2_16_19_21_2026,0.019935593008995084,1.2536132335662842,63.103223759755515
RABLab26_Mar02_GrafLab_Clay0%(supersand)_Group1SampleA_Mon_Mar__2_16_19_21_2026,0.019935593008995084,1.2536132335662842,63.103223759755515
RABLab26_Mar02_GrafLab_Clay0%(supersand)_Group1SampleA_Mon_Mar__2_16_19_21_2026,0.019935593008995084,1.2536132335662842,63.103223759755515
RABLab26_Mar02_GrafLab_Clay0%(supersand)_Group1SampleA_Mon_Mar__2_16_19_21_2026,0.019935593008995084,1.2536132335662842,63.103223759755515
RABLab26_Mar02_GrafLab_Clay0%(supersand)_Group1SampleA_Mon_Mar__2_16_19_21_2026,0.019935593008995084,1.2536132335662842,63.103223759755515
RABLab26_Mar02_GrafLab_Clay0%(supersand)_Group1SampleA_Mon_Mar__2_16_19_21_2026,0.019935593008995084,1.2536132335662842,63.103223759755515
RABLab26_Mar02_GrafLab_Clay0%(supersand)_Group1SampleA_Mon_Mar__2_16_19_21_2026,0.01999494433403018,1.3080663681030271,63.103223759755515
RABLab26_Mar02_GrafLab_Clay0%(supersand)_Group1SampleA_Mon_Mar__2_16_19_21_2026,0.01999494433403018,1.3080663681030271,63.103223759755515
RABLab26_Mar02_GrafLab_Clay0%(supersand)_Group1SampleA_Mon_Mar__2_16_19_21_2026,0.01999494433403018,1.3080663681030271,63.103223759755515
RABLab26_Mar02_GrafLab_Clay0%(supersand)_Group1SampleA_Mon_Mar__2_16_19_21_2026,0.01999494433403018,1.3080663681030271,63.103223759755515
RABLab26_Mar02_GrafLab_Clay0%(supersand)_Group1SampleA_Mon_Mar__2_16_19_21_2026,0.01999494433403018,1.3080663681030271,63.103223759755515
RABLab26_Mar02_GrafLab_Clay0%(supersand)_Group1SampleA_Mon_Mar__2_16_19_21_2026,0.01999494433403018,1.3080663681030271,63.103223759755515
RABLab26_Mar02_GrafLab_Clay0%(supersand)_Group1SampleA_Mon_Mar__2_16_19_21_2026,0.02009536325931549,1.26744282245636,63.103223759755515
RABLab26_Mar02_GrafLab_Clay0%(supersand)_Group1SampleA_Mon_Mar__2_16_19_21_2026,0.02009536325931549,1.26744282245636,63.103223759755515
RABLab26_Mar02_GrafLab_Clay0%(supersand)_Group1SampleA_Mon_Mar__2_16_19_21_2026,0.02009536325931549,1.26744282245636,63.103223759755515
RABLab26_Mar02_GrafLab_Clay0%(supersand)_Group1SampleA_Mon_Mar__2_16_19_21_2026,0.02009536325931549,1.26744282245636,63.103223759755515
RABLab26_Mar02_GrafLab_Clay0%(supersand)_Group1SampleA_Mon_Mar__2_16_19_21_2026,0.02009536325931549,1.26744282245636,63.103223759755515
RABLab26_Mar02_GrafLab_Clay0%(supersand)_Group1SampleA_Mon_Mar__2_16_19_21_2026,0.02014164626598358,1.350087285041809,63.103223759755515
RABLab26_Mar02_GrafLab_Clay0%(supersand)_Group1SampleA_Mon_Mar__2_16_19_21_2026,0.02014164626598358,1.350087285041809,63.103223759755515
RABLab26_Mar02_GrafLab_Clay0%(supersand)_Group1SampleA_Mon_Mar__2_16_19_21_2026,0.02014164626598358,1.350087285041809,63.103223759755515
RABLab26_Mar02_GrafLab_Clay0%(supersand)_Group1SampleA_Mon_Mar__2_16_19_21_2026,0.02014164626598358,1.350087285041809,63.103223759755515
RABLab26_Mar02_GrafLab_Clay0%(supersand)_Group1SampleA_Mon_Mar__2_16_19_21_2026,0.02014164626598358,1.350087285041809,63.103223759755515
RABLab26_Mar02_GrafLab_Clay0%(supersand)_Group1SampleA_Mon_Mar__2_16_19_21_2026,0.02014164626598358,1.350087285041809,63.103223759755515
RABLab26_Mar02_GrafLab_Clay0%(supersand)_Group1SampleA_Mon_Mar__2_16_19_21_2026,0.02031013369560239,1.248628854751587,63.103223759755515
RABLab26_Mar02_GrafLab_Clay0%(supersand)_Group1SampleA_Mon_Mar__2_16_19_21_2026,0.02031013369560239,1.248628854751587,63.103223759755515
RABLab26_Mar02_GrafLab_Clay0%(supersand)_Group1SampleA_Mon_Mar__2_16_19_21_2026,0.02031013369560239,1.248628854751587,63.103223759755515
RABLab26_Mar02_GrafLab_Clay0%(supersand)_Group1SampleA_Mon_Mar__2_16_19_21_2026,0.02031013369560239,1.248628854751587,63.103223759755515
RABLab26_Mar02_GrafLab_Clay0%(supersand)_Group1SampleA_Mon_Mar__2_16_19_21_2026,0.02031013369560239,1.248628854751587,63.103223759755515
RABLab26_Mar02_GrafLab_Clay0%(supersand)_Group1SampleA_Mon_Mar__2_16_19_21_2026,0.02031013369560239,1.248628854751587,63.103223759755515
RABLab26_Mar02_GrafLab_Clay0%(supersand)_Group1SampleA_Mon_Mar__2_16_19_21_2026,0.02031013369560239,1.248628854751587,63.103223759755515
RABLab26_Mar02_GrafLab_Clay0%(supersand)_Group1SampleA_Mon_Mar__2_16_19_21_2026,0.02042736113071439,1.2647606134414673,63.103223759755515
RABLab26_Mar02_GrafLab_Clay0%(supersand)_Group1SampleA_Mon_Mar__2_16_19_21_2026,0.02042736113071439,1.2647606134414673,63.103223759755515
RABLab26_Mar02_GrafLab_Clay0%(supersand)_Group1SampleA_Mon_Mar__2_16_19_21_2026,0.02042736113071439,1.2647606134414673,63.103223759755515
RABLab26_Mar02_GrafLab_Clay0%(supersand)_Group1SampleA_Mon_Mar__2_16_19_21_2026,0.02042736113071439,1.2647606134414673,63.103223759755515
RABLab26_Mar02_GrafLab_Clay0%(supersand)_Group1SampleA_Mon_Mar__2_16_19_21_2026,0.02042736113071439,1.2647606134414673,63.103223759755515
RABLab26_Mar02_GrafLab_Clay0%(supersand)_Group1SampleA_Mon_Mar__2_16_19_21_2026,0.02042736113071439,1.2647606134414673,63.103223759755515
RABLab26_Mar02_GrafLab_Clay0%(supersand)_Group1SampleA_Mon_Mar__2_16_19_21_2026,0.02042736113071439,1.2647606134414673,63.103223759755515
RABLab26_Mar02_GrafLab_Clay0%(supersand)_Group1SampleA_Mon_Mar__2_16_19_21_2026,0.020601958036422702,1.1590523719787598,63.103223759755515
RABLab26_Mar02_GrafLab_Clay0%(supersand)_Group1SampleA_Mon_Mar__2_16_19_21_2026,0.020601958036422702,1.1590523719787598,63.103223759755515
RABLab26_Mar02_GrafLab_Clay0%(supersand)_Group1SampleA_Mon_Mar__2_16_19_21_2026,0.020601958036422702,1.1590523719787598,63.103223759755515
RABLab26_Mar02_GrafLab_Clay0%(supersand)_Group1SampleA_Mon_Mar__2_16_19_21_2026,0.020601958036422702,1.1590523719787598,63.103223759755515
RABLab26_Mar02_GrafLab_Clay0%(supersand)_Group1SampleA_Mon_Mar__2_16_19_21_2026,0.020601958036422702,1.1590523719787598,63.103223759755515
RABLab26_Mar02_GrafLab_Clay0%(supersand)_Group1SampleA_Mon_Mar__2_16_19_21_2026,0.020601958036422702,1.1590523719787598,63.103223759755515
RABLab26_Mar02_GrafLab_Clay0%(supersand)_Group1SampleA_Mon_Mar__2_16_19_21_2026,0.020753726363182096,1.1092348098754885,63.103223759755515
RABLab26_Mar02_GrafLab_Clay0%(supersand)_Group1SampleA_Mon_Mar__2_16_19_21_2026,0.020753726363182096,1.1092348098754885,63.103223759755515
RABLab26_Mar02_GrafLab_Clay0%(supersand)_Group1SampleA_Mon_Mar__2_16_19_21_2026,0.020753726363182096,1.1092348098754885,63.103223759755515
RABLab26_Mar02_GrafLab_Clay0%(supersand)_Group1SampleA_Mon_Mar__2_16_19_21_2026,0.020753726363182096,1.1092348098754885,63.103223759755515
RABLab26_Mar02_GrafLab_Clay0%(supersand)_Group1SampleA_Mon_Mar__2_16_19_21_2026,0.020753726363182096,1.1092348098754885,63.103223759755515
RABLab26_Mar02_GrafLab_Clay0%(supersand)_Group1SampleA_Mon_Mar__2_16_19_21_2026,0.020753726363182096,1.1092348098754885,63.103223759755515
RABLab26_Mar02_GrafLab_Clay0%(supersand)_Group1SampleA_Mon_Mar__2_16_19_21_2026,0.020753726363182096,1.1092348098754885,63.103223759755515
RABLab26_Mar02_GrafLab_Clay0%(supersand)_Group1SampleA_Mon_Mar__2_16_19_21_2026,0.020753726363182096,1.1092348098754885,63.103223759755515
RABLab26_Mar02_GrafLab_Clay0%(supersand)_Group1SampleA_Mon_Mar__2_16_19_21_2026,0.02104490995407099,0.9817102551460266,63.103223759755515
RABLab26_Mar02_GrafLab_Clay0%(supersand)_Group1SampleA_Mon_Mar__2_16_19_21_2026,0.02104490995407099,0.9817102551460266,63.103223759755515
RABLab26_Mar02_GrafLab_Clay0%(supersand)_Group1SampleA_Mon_Mar__2_16_19_21_2026,0.02104490995407099,0.9817102551460266,63.103223759755515
RABLab26_Mar02_GrafLab_Clay0%(supersand)_Group1SampleA_Mon_Mar__2_16_19_21_2026,0.02104490995407099,0.9817102551460266,63.103223759755515
RABLab26_Mar02_GrafLab_Clay0%(supersand)_Group1SampleA_Mon_Mar__2_16_19_21_2026,0.02104490995407099,0.9817102551460266,63.103223759755515
RABLab26_Mar02_GrafLab_Clay0%(supersand)_Group1SampleA_Mon_Mar__2_16_19_21_2026,0.02104490995407099,0.9817102551460266,63.103223759755515
RABLab26_Mar02_GrafLab_Clay0%(supersand)_Group1SampleA_Mon_Mar__2_16_19_21_2026,0.021272629499435397,0.777001142501831,63.103223759755515
RABLab26_Mar02_GrafLab_Clay0%(supersand)_Group1SampleA_Mon_Mar__2_16_19_21_2026,0.021272629499435397,0.777001142501831,63.103223759755515
RABLab26_Mar02_GrafLab_Clay0%(supersand)_Group1SampleA_Mon_Mar__2_16_19_21_2026,0.021272629499435397,0.777001142501831,63.103223759755515
RABLab26_Mar02_GrafLab_Clay0%(supersand)_Group1SampleA_Mon_Mar__2_16_19_21_2026,0.021272629499435397,0.777001142501831,63.103223759755515
RABLab26_Mar02_GrafLab_Clay0%(supersand)_Group1SampleA_Mon_Mar__2_16_19_21_2026,0.021272629499435397,0.777001142501831,63.103223759755515
RABLab26_Mar02_GrafLab_Clay0%(supersand)_Group1SampleA_Mon_Mar__2_16_19_21_2026,0.021272629499435397,0.777001142501831,63.103223759755515
RABLab26_Mar02_GrafLab_Clay0%(supersand)_Group1SampleA_Mon_Mar__2_16_19_21_2026,0.021425426006317083,0.751501202583313,63.103223759755515
RABLab26_Mar02_GrafLab_Clay0%(supersand)_Group1SampleA_Mon_Mar__2_16_19_21_2026,0.021425426006317083,0.751501202583313,63.103223759755515
RABLab26_Mar02_GrafLab_Clay0%(supersand)_Group1SampleA_Mon_Mar__2_16_19_21_2026,0.021425426006317083,0.751501202583313,63.103223759755515
RABLab26_Mar02_GrafLab_Clay0%(supersand)_Group1SampleA_Mon_Mar__2_16_19_21_2026,0.021425426006317083,0.751501202583313,63.103223759755515
RABLab26_Mar02_GrafLab_Clay0%(supersand)_Group1SampleA_Mon_Mar__2_16_19_21_2026,0.021425426006317083,0.751501202583313,63.103223759755515
RABLab26_Mar02_GrafLab_Clay0%(supersand)_Group1SampleA_Mon_Mar__2_16_19_21_2026,0.021561369299888583,0.7464689612388611,63.103223759755515
RABLab26_Mar02_GrafLab_Clay0%(supersand)_Group1SampleA_Mon_Mar__2_16_19_21_2026,0.021561369299888583,0.7464689612388611,63.103223759755515
RABLab26_Mar02_GrafLab_Clay0%(supersand)_Group1SampleA_Mon_Mar__2_16_19_21_2026,0.021561369299888583,0.7464689612388611,63.103223759755515
RABLab26_Mar02_GrafLab_Clay0%(supersand)_Group1SampleA_Mon_Mar__2_16_19_21_2026,0.021561369299888583,0.7464689612388611,63.103223759755515
RABLab26_Mar02_GrafLab_Clay0%(supersand)_Group1SampleA_Mon_Mar__2_16_19_21_2026,0.021561369299888583,0.7464689612388611,63.103223759755515
RABLab26_Mar02_GrafLab_Clay0%(supersand)_Group1SampleA_Mon_Mar__2_16_19_21_2026,0.021561369299888583,0.7464689612388611,63.103223759755515
RABLab26_Mar02_GrafLab_Clay0%(supersand)_Group1SampleA_Mon_Mar__2_16_19_21_2026,0.021649807691574097,0.7715111970901489,63.103223759755515
RABLab26_Mar02_GrafLab_Clay0%(supersand)_Group1SampleA_Mon_Mar__2_16_19_21_2026,0.021649807691574097,0.7715111970901489,63.103223759755515
RABLab26_Mar02_GrafLab_Clay0%(supersand)_Group1SampleA_Mon_Mar__2_16_19_21_2026,0.021649807691574097,0.7715111970901489,63.103223759755515
RABLab26_Mar02_GrafLab_Clay0%(supersand)_Group1SampleA_Mon_Mar__2_16_19_21_2026,0.021649807691574097,0.7715111970901489,63.103223759755515
RABLab26_Mar02_GrafLab_Clay0%(supersand)_Group1SampleA_Mon_Mar__2_16_19_21_2026,0.02172887325286868,0.7703405618667603,63.103223759755515
RABLab26_Mar02_GrafLab_Clay0%(supersand)_Group1SampleA_Mon_Mar__2_16_19_21_2026,0.02172887325286868,0.7703405618667603,63.103223759755515
RABLab26_Mar02_GrafLab_Clay0%(supersand)_Group1SampleA_Mon_Mar__2_16_19_21_2026,0.02172887325286868,0.7703405618667603,63.103223759755515
RABLab26_Mar02_GrafLab_Clay0%(supersand)_Group1SampleA_Mon_Mar__2_16_19_21_2026,0.02172887325286868,0.7703405618667603,63.103223759755515
RABLab26_Mar02_GrafLab_Clay0%(supersand)_Group1SampleA_Mon_Mar__2_16_19_21_2026,0.021831601858138983,0.769511878490448,63.103223759755515
RABLab26_Mar02_GrafLab_Clay0%(supersand)_Group1SampleA_Mon_Mar__2_16_19_21_2026,0.021831601858138983,0.769511878490448,63.103223759755515
RABLab26_Mar02_GrafLab_Clay0%(supersand)_Group1SampleA_Mon_Mar__2_16_19_21_2026,0.021831601858138983,0.769511878490448,63.103223759755515
RABLab26_Mar02_GrafLab_Clay0%(supersand)_Group1SampleA_Mon_Mar__2_16_19_21_2026,0.021831601858138983,0.769511878490448,63.103223759755515
RABLab26_Mar02_GrafLab_Clay0%(supersand)_Group1SampleA_Mon_Mar__2_16_19_21_2026,0.021831601858138983,0.769511878490448,63.103223759755515
RABLab26_Mar02_GrafLab_Clay0%(supersand)_Group1SampleA_Mon_Mar__2_16_19_21_2026,0.02189433574676508,0.7954149842262268,63.103223759755515
RABLab26_Mar02_GrafLab_Clay0%(supersand)_Group1SampleA_Mon_Mar__2_16_19_21_2026,0.02189433574676508,0.7954149842262268,63.103223759755515
RABLab26_Mar02_GrafLab_Clay0%(supersand)_Group1SampleA_Mon_Mar__2_16_19_21_2026,0.02189433574676508,0.7954149842262268,63.103223759755515
RABLab26_Mar02_GrafLab_Clay0%(supersand)_Group1SampleA_Mon_Mar__2_16_19_21_2026,0.02189433574676508,0.7954149842262268,63.103223759755515
RABLab26_Mar02_GrafLab_Clay0%(supersand)_Group1SampleA_Mon_Mar__2_16_19_21_2026,0.02189433574676508,0.7954149842262268,63.103223759755515
RABLab26_Mar02_GrafLab_Clay0%(supersand)_Group1SampleA_Mon_Mar__2_16_19_21_2026,0.021962136030197088,0.8478975296020508,63.103223759755515
RABLab26_Mar02_GrafLab_Clay0%(supersand)_Group1SampleA_Mon_Mar__2_16_19_21_2026,0.021962136030197088,0.8478975296020508,63.103223759755515
RABLab26_Mar02_GrafLab_Clay0%(supersand)_Group1SampleA_Mon_Mar__2_16_19_21_2026,0.021962136030197088,0.8478975296020508,63.103223759755515
RABLab26_Mar02_GrafLab_Clay0%(supersand)_Group1SampleA_Mon_Mar__2_16_19_21_2026,0.021962136030197088,0.8478975296020508,63.103223759755515
RABLab26_Mar02_GrafLab_Clay0%(supersand)_Group1SampleA_Mon_Mar__2_16_19_21_2026,0.021962136030197088,0.8478975296020508,63.103223759755515
RABLab26_Mar02_GrafLab_Clay0%(supersand)_Group1SampleA_Mon_Mar__2_16_19_21_2026,0.021962136030197088,0.8478975296020508,63.103223759755515
RABLab26_Mar02_GrafLab_Clay0%(supersand)_Group1SampleA_Mon_Mar__2_16_19_21_2026,0.0220649391412735,0.8303170204162598,63.103223759755515
RABLab26_Mar02_GrafLab_Clay0%(supersand)_Group1SampleA_Mon_Mar__2_16_19_21_2026,0.0220649391412735,0.8303170204162598,63.103223759755515
RABLab26_Mar02_GrafLab_Clay0%(supersand)_Group1SampleA_Mon_Mar__2_16_19_21_2026,0.0220649391412735,0.8303170204162598,63.103223759755515
RABLab26_Mar02_GrafLab_Clay0%(supersand)_Group1SampleA_Mon_Mar__2_16_19_21_2026,0.0220649391412735,0.8303170204162598,63.103223759755515
RABLab26_Mar02_GrafLab_Clay0%(supersand)_Group1SampleA_Mon_Mar__2_16_19_21_2026,0.0220649391412735,0.8303170204162598,63.103223759755515
RABLab26_Mar02_GrafLab_Clay0%(supersand)_Group1SampleA_Mon_Mar__2_16_19_21_2026,0.0220969766378403,0.9246733784675598,63.103223759755515
RABLab26_Mar02_GrafLab_Clay0%(supersand)_Group1SampleA_Mon_Mar__2_16_19_21_2026,0.0220969766378403,0.9246733784675598,63.103223759755515
RABLab26_Mar02_GrafLab_Clay0%(supersand)_Group1SampleA_Mon_Mar__2_16_19_21_2026,0.0220969766378403,0.9246733784675598,63.103223759755515
RABLab26_Mar02_GrafLab_Clay0%(supersand)_Group1SampleA_Mon_Mar__2_16_19_21_2026,0.0220969766378403,0.9246733784675598,63.103223759755515
RABLab26_Mar02_GrafLab_Clay0%(supersand)_Group1SampleA_Mon_Mar__2_16_19_21_2026,0.0220969766378403,0.9246733784675598,63.103223759755515
RABLab26_Mar02_GrafLab_Clay0%(supersand)_Group1SampleA_Mon_Mar__2_16_19_21_2026,0.022142916917800903,0.9678211212158204,63.103223759755515
RABLab26_Mar02_GrafLab_Clay0%(supersand)_Group1SampleA_Mon_Mar__2_16_19_21_2026,0.022142916917800903,0.9678211212158204,63.103223759755515
RABLab26_Mar02_GrafLab_Clay0%(supersand)_Group1SampleA_Mon_Mar__2_16_19_21_2026,0.022142916917800903,0.9678211212158204,63.103223759755515
RABLab26_Mar02_GrafLab_Clay0%(supersand)_Group1SampleA_Mon_Mar__2_16_19_21_2026,0.022142916917800903,0.9678211212158204,63.103223759755515
RABLab26_Mar02_GrafLab_Clay0%(supersand)_Group1SampleA_Mon_Mar__2_16_19_21_2026,0.022142916917800903,0.9678211212158204,63.103223759755515
RABLab26_Mar02_GrafLab_Clay0%(supersand)_Group1SampleA_Mon_Mar__2_16_19_21_2026,0.022184908390045194,1.0234224796295166,63.103223759755515
RABLab26_Mar02_GrafLab_Clay0%(supersand)_Group1SampleA_Mon_Mar__2_16_19_21_2026,0.022184908390045194,1.0234224796295166,63.103223759755515
RABLab26_Mar02_GrafLab_Clay0%(supersand)_Group1SampleA_Mon_Mar__2_16_19_21_2026,0.022184908390045194,1.0234224796295166,63.103223759755515
RABLab26_Mar02_GrafLab_Clay0%(supersand)_Group1SampleA_Mon_Mar__2_16_19_21_2026,0.022184908390045194,1.0234224796295166,63.103223759755515
RABLab26_Mar02_GrafLab_Clay0%(supersand)_Group1SampleA_Mon_Mar__2_16_19_21_2026,0.022184908390045194,1.0234224796295166,63.103223759755515
RABLab26_Mar02_GrafLab_Clay0%(supersand)_Group1SampleA_Mon_Mar__2_16_19_21_2026,0.02223390340805048,1.0828046798706057,63.103223759755515
RABLab26_Mar02_GrafLab_Clay0%(supersand)_Group1SampleA_Mon_Mar__2_16_19_21_2026,0.02223390340805048,1.0828046798706057,63.103223759755515
RABLab26_Mar02_GrafLab_Clay0%(supersand)_Group1SampleA_Mon_Mar__2_16_19_21_2026,0.02223390340805048,1.0828046798706057,63.103223759755515
RABLab26_Mar02_GrafLab_Clay0%(supersand)_Group1SampleA_Mon_Mar__2_16_19_21_2026,0.02223390340805048,1.0828046798706057,63.103223759755515
RABLab26_Mar02_GrafLab_Clay0%(supersand)_Group1SampleA_Mon_Mar__2_16_19_21_2026,0.02227114140987399,1.1454615592956543,63.103223759755515
RABLab26_Mar02_GrafLab_Clay0%(supersand)_Group1SampleA_Mon_Mar__2_16_19_21_2026,0.02227114140987399,1.1454615592956543,63.103223759755515
RABLab26_Mar02_GrafLab_Clay0%(supersand)_Group1SampleA_Mon_Mar__2_16_19_21_2026,0.02227114140987399,1.1454615592956543,63.103223759755515
RABLab26_Mar02_GrafLab_Clay0%(supersand)_Group1SampleA_Mon_Mar__2_16_19_21_2026,0.02227114140987399,1.1454615592956543,63.103223759755515
RABLab26_Mar02_GrafLab_Clay0%(supersand)_Group1SampleA_Mon_Mar__2_16_19_21_2026,0.02227114140987399,1.1454615592956543,63.103223759755515
RABLab26_Mar02_GrafLab_Clay0%(supersand)_Group1SampleA_Mon_Mar__2_16_19_21_2026,0.022317871451377896,1.167962908744812,63.103223759755515
RABLab26_Mar02_GrafLab_Clay0%(supersand)_Group1SampleA_Mon_Mar__2_16_19_21_2026,0.022317871451377896,1.167962908744812,63.103223759755515
RABLab26_Mar02_GrafLab_Clay0%(supersand)_Group1SampleA_Mon_Mar__2_16_19_21_2026,0.022317871451377896,1.167962908744812,63.103223759755515
RABLab26_Mar02_GrafLab_Clay0%(supersand)_Group1SampleA_Mon_Mar__2_16_19_21_2026,0.022317871451377896,1.167962908744812,63.103223759755515
RABLab26_Mar02_GrafLab_Clay0%(supersand)_Group1SampleA_Mon_Mar__2_16_19_21_2026,0.022317871451377896,1.167962908744812,63.103223759755515
RABLab26_Mar02_GrafLab_Clay0%(supersand)_Group1SampleA_Mon_Mar__2_16_19_21_2026,0.022391334176063482,1.1837557554244995,63.103223759755515
RABLab26_Mar02_GrafLab_Clay0%(supersand)_Group1SampleA_Mon_Mar__2_16_19_21_2026,0.022391334176063482,1.1837557554244995,63.103223759755515
RABLab26_Mar02_GrafLab_Clay0%(supersand)_Group1SampleA_Mon_Mar__2_16_19_21_2026,0.022391334176063482,1.1837557554244995,63.103223759755515
RABLab26_Mar02_GrafLab_Clay0%(supersand)_Group1SampleA_Mon_Mar__2_16_19_21_2026,0.022391334176063482,1.1837557554244995,63.103223759755515
RABLab26_Mar02_GrafLab_Clay0%(supersand)_Group1SampleA_Mon_Mar__2_16_19_21_2026,0.022391334176063482,1.1837557554244995,63.103223759755515
RABLab26_Mar02_GrafLab_Clay0%(supersand)_Group1SampleA_Mon_Mar__2_16_19_21_2026,0.022391334176063482,1.1837557554244995,63.103223759755515
RABLab26_Mar02_GrafLab_Clay0%(supersand)_Group1SampleA_Mon_Mar__2_16_19_21_2026,0.02246351540088648,1.2250860929489136,63.103223759755515
RABLab26_Mar02_GrafLab_Clay0%(supersand)_Group1SampleA_Mon_Mar__2_16_19_21_2026,0.02246351540088648,1.2250860929489136,63.103223759755515
RABLab26_Mar02_GrafLab_Clay0%(supersand)_Group1SampleA_Mon_Mar__2_16_19_21_2026,0.02246351540088648,1.2250860929489136,63.103223759755515
RABLab26_Mar02_GrafLab_Clay0%(supersand)_Group1SampleA_Mon_Mar__2_16_19_21_2026,0.02246351540088648,1.2250860929489136,63.103223759755515
RABLab26_Mar02_GrafLab_Clay0%(supersand)_Group1SampleA_Mon_Mar__2_16_19_21_2026,0.02246351540088648,1.2250860929489136,63.103223759755515
RABLab26_Mar02_GrafLab_Clay0%(supersand)_Group1SampleA_Mon_Mar__2_16_19_21_2026,0.02246351540088648,1.2250860929489136,63.103223759755515
RABLab26_Mar02_GrafLab_Clay0%(supersand)_Group1SampleA_Mon_Mar__2_16_19_21_2026,0.022473067045211792,1.3260570764541626,63.103223759755515
RABLab26_Mar02_GrafLab_Clay0%(supersand)_Group1SampleA_Mon_Mar__2_16_19_21_2026,0.022473067045211792,1.3260570764541626,63.103223759755515
RABLab26_Mar02_GrafLab_Clay0%(supersand)_Group1SampleA_Mon_Mar__2_16_19_21_2026,0.022473067045211792,1.3260570764541626,63.103223759755515
RABLab26_Mar02_GrafLab_Clay0%(supersand)_Group1SampleA_Mon_Mar__2_16_19_21_2026,0.022473067045211792,1.3260570764541626,63.103223759755515
RABLab26_Mar02_GrafLab_Clay0%(supersand)_Group1SampleA_Mon_Mar__2_16_19_21_2026,0.022512629628181485,1.4787882566452026,63.103223759755515
RABLab26_Mar02_GrafLab_Clay0%(supersand)_Group1SampleA_Mon_Mar__2_16_19_21_2026,0.022512629628181485,1.4787882566452026,63.103223759755515
RABLab26_Mar02_GrafLab_Clay0%(supersand)_Group1SampleA_Mon_Mar__2_16_19_21_2026,0.022512629628181485,1.4787882566452026,63.103223759755515
RABLab26_Mar02_GrafLab_Clay0%(supersand)_Group1SampleA_Mon_Mar__2_16_19_21_2026,0.022512629628181485,1.4787882566452026,63.103223759755515
RABLab26_Mar02_GrafLab_Clay0%(supersand)_Group1SampleA_Mon_Mar__2_16_19_21_2026,0.022512629628181485,1.4787882566452026,63.103223759755515
RABLab26_Mar02_GrafLab_Clay0%(supersand)_Group1SampleA_Mon_Mar__2_16_19_21_2026,0.022512629628181485,1.4787882566452026,63.103223759755515
RABLab26_Mar02_GrafLab_Clay0%(supersand)_Group1SampleA_Mon_Mar__2_16_19_21_2026,0.022570252418518094,1.3875093460083008,63.103223759755515
RABLab26_Mar02_GrafLab_Clay0%(supersand)_Group1SampleA_Mon_Mar__2_16_19_21_2026,0.022570252418518094,1.3875093460083008,63.103223759755515
RABLab26_Mar02_GrafLab_Clay0%(supersand)_Group1SampleA_Mon_Mar__2_16_19_21_2026,0.022570252418518094,1.3875093460083008,63.103223759755515
RABLab26_Mar02_GrafLab_Clay0%(supersand)_Group1SampleA_Mon_Mar__2_16_19_21_2026,0.022570252418518094,1.3875093460083008,63.103223759755515
RABLab26_Mar02_GrafLab_Clay0%(supersand)_Group1SampleA_Mon_Mar__2_16_19_21_2026,0.022570252418518094,1.3875093460083008,63.103223759755515
RABLab26_Mar02_GrafLab_Clay0%(supersand)_Group1SampleA_Mon_Mar__2_16_19_21_2026,0.02261696755886078,1.4523913860321045,63.103223759755515
RABLab26_Mar02_GrafLab_Clay0%(supersand)_Group1SampleA_Mon_Mar__2_16_19_21_2026,0.02261696755886078,1.4523913860321045,63.103223759755515
RABLab26_Mar02_GrafLab_Clay0%(supersand)_Group1SampleA_Mon_Mar__2_16_19_21_2026,0.02261696755886078,1.4523913860321045,63.103223759755515
RABLab26_Mar02_GrafLab_Clay0%(supersand)_Group1SampleA_Mon_Mar__2_16_19_21_2026,0.02261696755886078,1.4523913860321045,63.103223759755515
RABLab26_Mar02_GrafLab_Clay0%(supersand)_Group1SampleA_Mon_Mar__2_16_19_21_2026,0.02261696755886078,1.4523913860321045,63.103223759755515
RABLab26_Mar02_GrafLab_Clay0%(supersand)_Group1SampleA_Mon_Mar__2_16_19_21_2026,0.022699430584907504,1.465245485305786,63.103223759755515
RABLab26_Mar02_GrafLab_Clay0%(supersand)_Group1SampleA_Mon_Mar__2_16_19_21_2026,0.022699430584907504,1.465245485305786,63.103223759755515
RABLab26_Mar02_GrafLab_Clay0%(supersand)_Group1SampleA_Mon_Mar__2_16_19_21_2026,0.022699430584907504,1.465245485305786,63.103223759755515
RABLab26_Mar02_GrafLab_Clay0%(supersand)_Group1SampleA_Mon_Mar__2_16_19_21_2026,0.022699430584907504,1.465245485305786,63.103223759755515
RABLab26_Mar02_GrafLab_Clay0%(supersand)_Group1SampleA_Mon_Mar__2_16_19_21_2026,0.022699430584907504,1.465245485305786,63.103223759755515
RABLab26_Mar02_GrafLab_Clay0%(supersand)_Group1SampleA_Mon_Mar__2_16_19_21_2026,0.022750318050384494,1.5298763513565063,63.103223759755515
RABLab26_Mar02_GrafLab_Clay0%(supersand)_Group1SampleA_Mon_Mar__2_16_19_21_2026,0.022750318050384494,1.5298763513565063,63.103223759755515
RABLab26_Mar02_GrafLab_Clay0%(supersand)_Group1SampleA_Mon_Mar__2_16_19_21_2026,0.022750318050384494,1.5298763513565063,63.103223759755515
RABLab26_Mar02_GrafLab_Clay0%(supersand)_Group1SampleA_Mon_Mar__2_16_19_21_2026,0.022750318050384494,1.5298763513565063,63.103223759755515
RABLab26_Mar02_GrafLab_Clay0%(supersand)_Group1SampleA_Mon_Mar__2_16_19_21_2026,0.022750318050384494,1.5298763513565063,63.103223759755515
RABLab26_Mar02_GrafLab_Clay0%(supersand)_Group1SampleA_Mon_Mar__2_16_19_21_2026,0.022750318050384494,1.5298763513565063,63.103223759755515
RABLab26_Mar02_GrafLab_Clay0%(supersand)_Group1SampleA_Mon_Mar__2_16_19_21_2026,0.022799685597419683,1.581283688545227,63.103223759755515
RABLab26_Mar02_GrafLab_Clay0%(supersand)_Group1SampleA_Mon_Mar__2_16_19_21_2026,0.022799685597419683,1.581283688545227,63.103223759755515
RABLab26_Mar02_GrafLab_Clay0%(supersand)_Group1SampleA_Mon_Mar__2_16_19_21_2026,0.022799685597419683,1.581283688545227,63.103223759755515
RABLab26_Mar02_GrafLab_Clay0%(supersand)_Group1SampleA_Mon_Mar__2_16_19_21_2026,0.022799685597419683,1.581283688545227,63.103223759755515
RABLab26_Mar02_GrafLab_Clay0%(supersand)_Group1SampleA_Mon_Mar__2_16_19_21_2026,0.022799685597419683,1.581283688545227,63.103223759755515
RABLab26_Mar02_GrafLab_Clay0%(supersand)_Group1SampleA_Mon_Mar__2_16_19_21_2026,0.022799685597419683,1.581283688545227,63.103223759755515
RABLab26_Mar02_GrafLab_Clay0%(supersand)_Group1SampleA_Mon_Mar__2_16_19_21_2026,0.02283239364624018,1.6412628889083862,63.103223759755515
RABLab26_Mar02_GrafLab_Clay0%(supersand)_Group1SampleA_Mon_Mar__2_16_19_21_2026,0.02283239364624018,1.6412628889083862,63.103223759755515
RABLab26_Mar02_GrafLab_Clay0%(supersand)_Group1SampleA_Mon_Mar__2_16_19_21_2026,0.02283239364624018,1.6412628889083862,63.103223759755515
RABLab26_Mar02_GrafLab_Clay0%(supersand)_Group1SampleA_Mon_Mar__2_16_19_21_2026,0.02283239364624018,1.6412628889083862,63.103223759755515
RABLab26_Mar02_GrafLab_Clay0%(supersand)_Group1SampleA_Mon_Mar__2_16_19_21_2026,0.02283239364624018,1.6412628889083862,63.103223759755515
RABLab26_Mar02_GrafLab_Clay0%(supersand)_Group1SampleA_Mon_Mar__2_16_19_21_2026,0.02288906276226038,1.6831599473953247,63.103223759755515
RABLab26_Mar02_GrafLab_Clay0%(supersand)_Group1SampleA_Mon_Mar__2_16_19_21_2026,0.02288906276226038,1.6831599473953247,63.103223759755515
RABLab26_Mar02_GrafLab_Clay0%(supersand)_Group1SampleA_Mon_Mar__2_16_19_21_2026,0.02288906276226038,1.6831599473953247,63.103223759755515
RABLab26_Mar02_GrafLab_Clay0%(supersand)_Group1SampleA_Mon_Mar__2_16_19_21_2026,0.02288906276226038,1.6831599473953247,63.103223759755515
RABLab26_Mar02_GrafLab_Clay0%(supersand)_Group1SampleA_Mon_Mar__2_16_19_21_2026,0.02288906276226038,1.6831599473953247,63.103223759755515
RABLab26_Mar02_GrafLab_Clay0%(supersand)_Group1SampleA_Mon_Mar__2_16_19_21_2026,0.02288906276226038,1.6831599473953247,63.103223759755515
RABLab26_Mar02_GrafLab_Clay0%(supersand)_Group1SampleA_Mon_Mar__2_16_19_21_2026,0.02297309041023249,1.7769509553909302,63.103223759755515
RABLab26_Mar02_GrafLab_Clay0%(supersand)_Group1SampleA_Mon_Mar__2_16_19_21_2026,0.02297309041023249,1.7769509553909302,63.103223759755515
RABLab26_Mar02_GrafLab_Clay0%(supersand)_Group1SampleA_Mon_Mar__2_16_19_21_2026,0.02297309041023249,1.7769509553909302,63.103223759755515
RABLab26_Mar02_GrafLab_Clay0%(supersand)_Group1SampleA_Mon_Mar__2_16_19_21_2026,0.02297309041023249,1.7769509553909302,63.103223759755515
RABLab26_Mar02_GrafLab_Clay0%(supersand)_Group1SampleA_Mon_Mar__2_16_19_21_2026,0.02297309041023249,1.7769509553909302,63.103223759755515
RABLab26_Mar02_GrafLab_Clay0%(supersand)_Group1SampleA_Mon_Mar__2_16_19_21_2026,0.023040503263473483,1.7206507921218872,63.103223759755515
RABLab26_Mar02_GrafLab_Clay0%(supersand)_Group1SampleA_Mon_Mar__2_16_19_21_2026,0.023040503263473483,1.7206507921218872,63.103223759755515
RABLab26_Mar02_GrafLab_Clay0%(supersand)_Group1SampleA_Mon_Mar__2_16_19_21_2026,0.023040503263473483,1.7206507921218872,63.103223759755515
RABLab26_Mar02_GrafLab_Clay0%(supersand)_Group1SampleA_Mon_Mar__2_16_19_21_2026,0.023040503263473483,1.7206507921218872,63.103223759755515
RABLab26_Mar02_GrafLab_Clay0%(supersand)_Group1SampleA_Mon_Mar__2_16_19_21_2026,0.023040503263473483,1.7206507921218872,63.103223759755515
RABLab26_Mar02_GrafLab_Clay0%(supersand)_Group1SampleA_Mon_Mar__2_16_19_21_2026,0.023098886013030978,1.8666399717330933,63.103223759755515
RABLab26_Mar02_GrafLab_Clay0%(supersand)_Group1SampleA_Mon_Mar__2_16_19_21_2026,0.023098886013030978,1.8666399717330933,63.103223759755515
RABLab26_Mar02_GrafLab_Clay0%(supersand)_Group1SampleA_Mon_Mar__2_16_19_21_2026,0.023098886013030978,1.8666399717330933,63.103223759755515
RABLab26_Mar02_GrafLab_Clay0%(supersand)_Group1SampleA_Mon_Mar__2_16_19_21_2026,0.023098886013030978,1.8666399717330933,63.103223759755515
RABLab26_Mar02_GrafLab_Clay0%(supersand)_Group1SampleA_Mon_Mar__2_16_19_21_2026,0.023098886013030978,1.8666399717330933,63.103223759755515
RABLab26_Mar02_GrafLab_Clay0%(supersand)_Group1SampleA_Mon_Mar__2_16_19_21_2026,0.023098886013030978,1.8666399717330933,63.103223759755515
RABLab26_Mar02_GrafLab_Clay0%(supersand)_Group1SampleA_Mon_Mar__2_16_19_21_2026,0.02320390939712519,1.8273603916168213,63.103223759755515
RABLab26_Mar02_GrafLab_Clay0%(supersand)_Group1SampleA_Mon_Mar__2_16_19_21_2026,0.02320390939712519,1.8273603916168213,63.103223759755515
RABLab26_Mar02_GrafLab_Clay0%(supersand)_Group1SampleA_Mon_Mar__2_16_19_21_2026,0.02320390939712519,1.8273603916168213,63.103223759755515
RABLab26_Mar02_GrafLab_Clay0%(supersand)_Group1SampleA_Mon_Mar__2_16_19_21_2026,0.02320390939712519,1.8273603916168213,63.103223759755515
RABLab26_Mar02_GrafLab_Clay0%(supersand)_Group1SampleA_Mon_Mar__2_16_19_21_2026,0.02320390939712519,1.8273603916168213,63.103223759755515
RABLab26_Mar02_GrafLab_Clay0%(supersand)_Group1SampleA_Mon_Mar__2_16_19_21_2026,0.023346334695815985,1.7684786319732666,63.103223759755515
RABLab26_Mar02_GrafLab_Clay0%(supersand)_Group1SampleA_Mon_Mar__2_16_19_21_2026,0.023346334695815985,1.7684786319732666,63.103223759755515
RABLab26_Mar02_GrafLab_Clay0%(supersand)_Group1SampleA_Mon_Mar__2_16_19_21_2026,0.023346334695815985,1.7684786319732666,63.103223759755515
RABLab26_Mar02_GrafLab_Clay0%(supersand)_Group1SampleA_Mon_Mar__2_16_19_21_2026,0.023346334695815985,1.7684786319732666,63.103223759755515
RABLab26_Mar02_GrafLab_Clay0%(supersand)_Group1SampleA_Mon_Mar__2_16_19_21_2026,0.023346334695815985,1.7684786319732666,63.103223759755515
RABLab26_Mar02_GrafLab_Clay0%(supersand)_Group1SampleA_Mon_Mar__2_16_19_21_2026,0.02354426681995389,1.6569708585739136,63.103223759755515
RABLab26_Mar02_GrafLab_Clay0%(supersand)_Group1SampleA_Mon_Mar__2_16_19_21_2026,0.02354426681995389,1.6569708585739136,63.103223759755515
RABLab26_Mar02_GrafLab_Clay0%(supersand)_Group1SampleA_Mon_Mar__2_16_19_21_2026,0.02354426681995389,1.6569708585739136,63.103223759755515
RABLab26_Mar02_GrafLab_Clay0%(supersand)_Group1SampleA_Mon_Mar__2_16_19_21_2026,0.02354426681995389,1.6569708585739136,63.103223759755515
RABLab26_Mar02_GrafLab_Clay0%(supersand)_Group1SampleA_Mon_Mar__2_16_19_21_2026,0.02354426681995389,1.6569708585739136,63.103223759755515
RABLab26_Mar02_GrafLab_Clay0%(supersand)_Group1SampleA_Mon_Mar__2_16_19_21_2026,0.02354426681995389,1.6569708585739136,63.103223759755515
RABLab26_Mar02_GrafLab_Clay0%(supersand)_Group1SampleA_Mon_Mar__2_16_19_21_2026,0.023790031671523992,1.499813437461853,63.103223759755515
RABLab26_Mar02_GrafLab_Clay0%(supersand)_Group1SampleA_Mon_Mar__2_16_19_21_2026,0.023790031671523992,1.499813437461853,63.103223759755515
RABLab26_Mar02_GrafLab_Clay0%(supersand)_Group1SampleA_Mon_Mar__2_16_19_21_2026,0.023790031671523992,1.499813437461853,63.103223759755515
RABLab26_Mar02_GrafLab_Clay0%(supersand)_Group1SampleA_Mon_Mar__2_16_19_21_2026,0.023790031671523992,1.499813437461853,63.103223759755515
RABLab26_Mar02_GrafLab_Clay0%(supersand)_Group1SampleA_Mon_Mar__2_16_19_21_2026,0.023790031671523992,1.499813437461853,63.103223759755515
RABLab26_Mar02_GrafLab_Clay0%(supersand)_Group1SampleA_Mon_Mar__2_16_19_21_2026,0.024205774068832397,1.1500701904296875,63.103223759755515
RABLab26_Mar02_GrafLab_Clay0%(supersand)_Group1SampleA_Mon_Mar__2_16_19_21_2026,0.024205774068832397,1.1500701904296875,63.103223759755515
RABLab26_Mar02_GrafLab_Clay0%(supersand)_Group1SampleA_Mon_Mar__2_16_19_21_2026,0.024205774068832397,1.1500701904296875,63.103223759755515
RABLab26_Mar02_GrafLab_Clay0%(supersand)_Group1SampleA_Mon_Mar__2_16_19_21_2026,0.024205774068832397,1.1500701904296875,63.103223759755515
RABLab26_Mar02_GrafLab_Clay0%(supersand)_Group1SampleA_Mon_Mar__2_16_19_21_2026,0.024205774068832397,1.1500701904296875,63.103223759755515
RABLab26_Mar02_GrafLab_Clay0%(supersand)_Group1SampleA_Mon_Mar__2_16_19_21_2026,0.024205774068832397,1.1500701904296875,63.103223759755515
RABLab26_Mar02_GrafLab_Clay0%(supersand)_Group1SampleA_Mon_Mar__2_16_19_21_2026,0.0246095210313797,0.7276483178138733,63.103223759755515
RABLab26_Mar02_GrafLab_Clay0%(supersand)_Group1SampleA_Mon_Mar__2_16_19_21_2026,0.0246095210313797,0.7276483178138733,63.103223759755515
RABLab26_Mar02_GrafLab_Clay0%(supersand)_Group1SampleA_Mon_Mar__2_16_19_21_2026,0.0246095210313797,0.7276483178138733,63.103223759755515
RABLab26_Mar02_GrafLab_Clay0%(supersand)_Group1SampleA_Mon_Mar__2_16_19_21_2026,0.0246095210313797,0.7276483178138733,63.103223759755515
RABLab26_Mar02_GrafLab_Clay0%(supersand)_Group1SampleA_Mon_Mar__2_16_19_21_2026,0.0246095210313797,0.7276483178138733,63.103223759755515
RABLab26_Mar02_GrafLab_Clay0%(supersand)_Group1SampleA_Mon_Mar__2_16_19_21_2026,0.0246095210313797,0.7276483178138733,63.103223759755515
RABLab26_Mar02_GrafLab_Clay0%(supersand)_Group1SampleA_Mon_Mar__2_16_19_21_2026,0.0249542444944382,0.5615898966789246,63.103223759755515
RABLab26_Mar02_GrafLab_Clay0%(supersand)_Group1SampleA_Mon_Mar__2_16_19_21_2026,0.0249542444944382,0.5615898966789246,63.103223759755515
RABLab26_Mar02_GrafLab_Clay0%(supersand)_Group1SampleA_Mon_Mar__2_16_19_21_2026,0.0249542444944382,0.5615898966789246,63.103223759755515
RABLab26_Mar02_GrafLab_Clay0%(supersand)_Group1SampleA_Mon_Mar__2_16_19_21_2026,0.0249542444944382,0.5615898966789246,63.103223759755515
RABLab26_Mar02_GrafLab_Clay0%(supersand)_Group1SampleA_Mon_Mar__2_16_19_21_2026,0.0249542444944382,0.5615898966789246,63.103223759755515
RABLab26_Mar02_GrafLab_Clay0%(supersand)_Group1SampleA_Mon_Mar__2_16_19_21_2026,0.0249542444944382,0.5615898966789246,63.103223759755515
RABLab26_Mar02_GrafLab_Clay0%(supersand)_Group1SampleA_Mon_Mar__2_16_19_21_2026,0.025066658854484586,0.6466376781463623,63.103223759755515
RABLab26_Mar02_GrafLab_Clay0%(supersand)_Group1SampleA_Mon_Mar__2_16_19_21_2026,0.025066658854484586,0.6466376781463623,63.103223759755515
RABLab26_Mar02_GrafLab_Clay0%(supersand)_Group1SampleA_Mon_Mar__2_16_19_21_2026,0.025066658854484586,0.6466376781463623,63.103223759755515
RABLab26_Mar02_GrafLab_Clay0%(supersand)_Group1SampleA_Mon_Mar__2_16_19_21_2026,0.025066658854484586,0.6466376781463623,63.103223759755515
RABLab26_Mar02_GrafLab_Clay0%(supersand)_Group1SampleA_Mon_Mar__2_16_19_21_2026,0.025066658854484586,0.6466376781463623,63.103223759755515
RABLab26_Mar02_GrafLab_Clay0%(supersand)_Group1SampleA_Mon_Mar__2_16_19_21_2026,0.025066658854484586,0.6466376781463623,63.103223759755515
RABLab26_Mar02_GrafLab_Clay0%(supersand)_Group1SampleA_Mon_Mar__2_16_19_21_2026,0.025063619017600985,0.8587672114372253,63.103223759755515
RABLab26_Mar02_GrafLab_Clay0%(supersand)_Group1SampleA_Mon_Mar__2_16_19_21_2026,0.025063619017600985,0.8587672114372253,63.103223759755515
RABLab26_Mar02_GrafLab_Clay0%(supersand)_Group1SampleA_Mon_Mar__2_16_19_21_2026,0.025063619017600985,0.8587672114372253,63.103223759755515
RABLab26_Mar02_GrafLab_Clay0%(supersand)_Group1SampleA_Mon_Mar__2_16_19_21_2026,0.025063619017600985,0.8587672114372253,63.103223759755515
RABLab26_Mar02_GrafLab_Clay0%(supersand)_Group1SampleA_Mon_Mar__2_16_19_21_2026,0.025063619017600985,0.8587672114372253,63.103223759755515
RABLab26_Mar02_GrafLab_Clay0%(supersand)_Group1SampleA_Mon_Mar__2_16_19_21_2026,0.025063619017600985,0.8587672114372253,63.103223759755515
RABLab26_Mar02_GrafLab_Clay0%(supersand)_Group1SampleA_Mon_Mar__2_16_19_21_2026,0.025063619017600985,0.8587672114372253,63.103223759755515
RABLab26_Mar02_GrafLab_Clay0%(supersand)_Group1SampleA_Mon_Mar__2_16_19_21_2026,0.025063619017600985,0.8587672114372253,63.103223759755515
RABLab26_Mar02_GrafLab_Clay0%(supersand)_Group1SampleA_Mon_Mar__2_16_19_21_2026,0.025063619017600985,0.8587672114372253,63.103223759755515
RABLab26_Mar02_GrafLab_Clay0%(supersand)_Group1SampleA_Mon_Mar__2_16_19_21_2026,0.025063619017600985,0.8587672114372253,63.103223759755515
RABLab26_Mar02_GrafLab_Clay0%(supersand)_Group1SampleA_Mon_Mar__2_16_19_21_2026,0.025063619017600985,0.8587672114372253,63.103223759755515
RABLab26_Mar02_GrafLab_Clay0%(supersand)_Group1SampleA_Mon_Mar__2_16_19_21_2026,0.025063619017600985,0.8587672114372253,63.103223759755515
RABLab26_Mar02_GrafLab_Clay0%(supersand)_Group1SampleA_Mon_Mar__2_16_19_21_2026,0.025063619017600985,1.0482819080352783,63.103223759755515
RABLab26_Mar02_GrafLab_Clay0%(supersand)_Group1SampleA_Mon_Mar__2_16_19_21_2026,0.025063619017600985,1.0482819080352783,63.103223759755515
RABLab26_Mar02_GrafLab_Clay0%(supersand)_Group1SampleA_Mon_Mar__2_16_19_21_2026,0.025063619017600985,1.0482819080352783,63.103223759755515
RABLab26_Mar02_GrafLab_Clay0%(supersand)_Group1SampleA_Mon_Mar__2_16_19_21_2026,0.025063619017600985,1.0482819080352783,63.103223759755515
RABLab26_Mar02_GrafLab_Clay0%(supersand)_Group1SampleA_Mon_Mar__2_16_19_21_2026,0.025063619017600985,1.0482819080352783,63.103223759755515
RABLab26_Mar02_GrafLab_Clay0%(supersand)_Group1SampleA_Mon_Mar__2_16_19_21_2026,0.025063619017600985,1.0482819080352783,63.103223759755515
RABLab26_Mar02_GrafLab_Clay0%(supersand)_Group1SampleA_Mon_Mar__2_16_19_21_2026,0.025063619017600985,1.0482819080352783,63.103223759755515
RABLab26_Mar02_GrafLab_Clay0%(supersand)_Group1SampleA_Mon_Mar__2_16_19_21_2026,0.025063619017600985,1.0482819080352783,63.103223759755515
RABLab26_Mar02_GrafLab_Clay0%(supersand)_Group1SampleA_Mon_Mar__2_16_19_21_2026,0.025063619017600985,1.0482819080352783,63.103223759755515
RABLab26_Mar02_GrafLab_Clay0%(supersand)_Group1SampleA_Mon_Mar__2_16_19_21_2026,0.025063619017600985,1.0482819080352783,63.103223759755515
RABLab26_Mar02_GrafLab_Clay0%(supersand)_Group1SampleA_Mon_Mar__2_16_19_21_2026,0.025063619017600985,1.0482819080352783,63.103223759755515
RABLab26_Mar02_GrafLab_Clay0%(supersand)_Group1SampleA_Mon_Mar__2_16_19_21_2026,0.025063619017600985,1.2378535270690918,63.103223759755515
RABLab26_Mar02_GrafLab_Clay0%(supersand)_Group1SampleA_Mon_Mar__2_16_19_21_2026,0.025063619017600985,1.2378535270690918,63.103223759755515
RABLab26_Mar02_GrafLab_Clay0%(supersand)_Group1SampleA_Mon_Mar__2_16_19_21_2026,0.025063619017600985,1.2378535270690918,63.103223759755515
RABLab26_Mar02_GrafLab_Clay0%(supersand)_Group1SampleA_Mon_Mar__2_16_19_21_2026,0.025063619017600985,1.2378535270690918,63.103223759755515
RABLab26_Mar02_GrafLab_Clay0%(supersand)_Group1SampleA_Mon_Mar__2_16_19_21_2026,0.025063619017600985,1.2378535270690918,63.103223759755515
RABLab26_Mar02_GrafLab_Clay0%(supersand)_Group1SampleA_Mon_Mar__2_16_19_21_2026,0.025071084499359103,1.223643183708191,63.103223759755515
RABLab26_Mar02_GrafLab_Clay0%(supersand)_Group1SampleA_Mon_Mar__2_16_19_21_2026,0.025071084499359103,1.223643183708191,63.103223759755515
RABLab26_Mar02_GrafLab_Clay0%(supersand)_Group1SampleA_Mon_Mar__2_16_19_21_2026,0.025071084499359103,1.223643183708191,63.103223759755515
RABLab26_Mar02_GrafLab_Clay0%(supersand)_Group1SampleA_Mon_Mar__2_16_19_21_2026,0.025071084499359103,1.223643183708191,63.103223759755515
RABLab26_Mar02_GrafLab_Clay0%(supersand)_Group1SampleA_Mon_Mar__2_16_19_21_2026,0.025071084499359103,1.223643183708191,63.103223759755515
RABLab26_Mar02_GrafLab_Clay0%(supersand)_Group1SampleA_Mon_Mar__2_16_19_21_2026,0.02510116994380948,1.3844367265701294,63.103223759755515
RABLab26_Mar02_GrafLab_Clay0%(supersand)_Group1SampleA_Mon_Mar__2_16_19_21_2026,0.02510116994380948,1.3844367265701294,63.103223759755515
RABLab26_Mar02_GrafLab_Clay0%(supersand)_Group1SampleA_Mon_Mar__2_16_19_21_2026,0.02510116994380948,1.3844367265701294,63.103223759755515
RABLab26_Mar02_GrafLab_Clay0%(supersand)_Group1SampleA_Mon_Mar__2_16_19_21_2026,0.02510116994380948,1.3844367265701294,63.103223759755515
RABLab26_Mar02_GrafLab_Clay0%(supersand)_Group1SampleA_Mon_Mar__2_16_19_21_2026,0.02510116994380948,1.3844367265701294,63.103223759755515
RABLab26_Mar02_GrafLab_Clay0%(supersand)_Group1SampleA_Mon_Mar__2_16_19_21_2026,0.02510116994380948,1.3844367265701294,63.103223759755515
RABLab26_Mar02_GrafLab_Clay0%(supersand)_Group1SampleA_Mon_Mar__2_16_19_21_2026,0.025120705366134588,1.4535245895385742,63.103223759755515
RABLab26_Mar02_GrafLab_Clay0%(supersand)_Group1SampleA_Mon_Mar__2_16_19_21_2026,0.025120705366134588,1.4535245895385742,63.103223759755515
RABLab26_Mar02_GrafLab_Clay0%(supersand)_Group1SampleA_Mon_Mar__2_16_19_21_2026,0.025120705366134588,1.4535245895385742,63.103223759755515
RABLab26_Mar02_GrafLab_Clay0%(supersand)_Group1SampleA_Mon_Mar__2_16_19_21_2026,0.025120705366134588,1.4535245895385742,63.103223759755515
RABLab26_Mar02_GrafLab_Clay0%(supersand)_Group1SampleA_Mon_Mar__2_16_19_21_2026,0.025120705366134588,1.4535245895385742,63.103223759755515
RABLab26_Mar02_GrafLab_Clay0%(supersand)_Group1SampleA_Mon_Mar__2_16_19_21_2026,0.02513241767883298,1.5520740747451782,63.103223759755515
RABLab26_Mar02_GrafLab_Clay0%(supersand)_Group1SampleA_Mon_Mar__2_16_19_21_2026,0.02513241767883298,1.5520740747451782,63.103223759755515
RABLab26_Mar02_GrafLab_Clay0%(supersand)_Group1SampleA_Mon_Mar__2_16_19_21_2026,0.02513241767883298,1.5520740747451782,63.103223759755515
RABLab26_Mar02_GrafLab_Clay0%(supersand)_Group1SampleA_Mon_Mar__2_16_19_21_2026,0.02513241767883298,1.5520740747451782,63.103223759755515
RABLab26_Mar02_GrafLab_Clay0%(supersand)_Group1SampleA_Mon_Mar__2_16_19_21_2026,0.02513241767883298,1.5520740747451782,63.103223759755515
RABLab26_Mar02_GrafLab_Clay0%(supersand)_Group1SampleA_Mon_Mar__2_16_19_21_2026,0.02517224848270419,1.5947680473327637,63.103223759755515
RABLab26_Mar02_GrafLab_Clay0%(supersand)_Group1SampleA_Mon_Mar__2_16_19_21_2026,0.02517224848270419,1.5947680473327637,63.103223759755515
RABLab26_Mar02_GrafLab_Clay0%(supersand)_Group1SampleA_Mon_Mar__2_16_19_21_2026,0.02517224848270419,1.5947680473327637,63.103223759755515
RABLab26_Mar02_GrafLab_Clay0%(supersand)_Group1SampleA_Mon_Mar__2_16_19_21_2026,0.02517224848270419,1.5947680473327637,63.103223759755515
RABLab26_Mar02_GrafLab_Clay0%(supersand)_Group1SampleA_Mon_Mar__2_16_19_21_2026,0.02517224848270419,1.5947680473327637,63.103223759755515
RABLab26_Mar02_GrafLab_Clay0%(supersand)_Group1SampleA_Mon_Mar__2_16_19_21_2026,0.02517224848270419,1.5947680473327637,63.103223759755515
RABLab26_Mar02_GrafLab_Clay0%(supersand)_Group1SampleA_Mon_Mar__2_16_19_21_2026,0.025195658206939697,1.6739435195922852,63.103223759755515
RABLab26_Mar02_GrafLab_Clay0%(supersand)_Group1SampleA_Mon_Mar__2_16_19_21_2026,0.025195658206939697,1.6739435195922852,63.103223759755515
RABLab26_Mar02_GrafLab_Clay0%(supersand)_Group1SampleA_Mon_Mar__2_16_19_21_2026,0.025195658206939697,1.6739435195922852,63.103223759755515
RABLab26_Mar02_GrafLab_Clay0%(supersand)_Group1SampleA_Mon_Mar__2_16_19_21_2026,0.025195658206939697,1.6739435195922852,63.103223759755515
RABLab26_Mar02_GrafLab_Clay0%(supersand)_Group1SampleA_Mon_Mar__2_16_19_21_2026,0.025195658206939697,1.6739435195922852,63.103223759755515
RABLab26_Mar02_GrafLab_Clay0%(supersand)_Group1SampleA_Mon_Mar__2_16_19_21_2026,0.02523711323738098,1.6413215398788452,63.103223759755515
RABLab26_Mar02_GrafLab_Clay0%(supersand)_Group1SampleA_Mon_Mar__2_16_19_21_2026,0.02523711323738098,1.6413215398788452,63.103223759755515
RABLab26_Mar02_GrafLab_Clay0%(supersand)_Group1SampleA_Mon_Mar__2_16_19_21_2026,0.02523711323738098,1.6413215398788452,63.103223759755515
RABLab26_Mar02_GrafLab_Clay0%(supersand)_Group1SampleA_Mon_Mar__2_16_19_21_2026,0.02523711323738098,1.6413215398788452,63.103223759755515
RABLab26_Mar02_GrafLab_Clay0%(supersand)_Group1SampleA_Mon_Mar__2_16_19_21_2026,0.02523711323738098,1.6413215398788452,63.103223759755515
RABLab26_Mar02_GrafLab_Clay0%(supersand)_Group1SampleA_Mon_Mar__2_16_19_21_2026,0.02523711323738098,1.6413215398788452,63.103223759755515
RABLab26_Mar02_GrafLab_Clay0%(supersand)_Group1SampleA_Mon_Mar__2_16_19_21_2026,0.025274142622947693,1.7932393550872805,63.103223759755515
RABLab26_Mar02_GrafLab_Clay0%(supersand)_Group1SampleA_Mon_Mar__2_16_19_21_2026,0.025274142622947693,1.7932393550872805,63.103223759755515
RABLab26_Mar02_GrafLab_Clay0%(supersand)_Group1SampleA_Mon_Mar__2_16_19_21_2026,0.025274142622947693,1.7932393550872805,63.103223759755515
RABLab26_Mar02_GrafLab_Clay0%(supersand)_Group1SampleA_Mon_Mar__2_16_19_21_2026,0.025274142622947693,1.7932393550872805,63.103223759755515
RABLab26_Mar02_GrafLab_Clay0%(supersand)_Group1SampleA_Mon_Mar__2_16_19_21_2026,0.025274142622947693,1.7932393550872805,63.103223759755515
RABLab26_Mar02_GrafLab_Clay0%(supersand)_Group1SampleA_Mon_Mar__2_16_19_21_2026,0.025274142622947693,1.7932393550872805,63.103223759755515
RABLab26_Mar02_GrafLab_Clay0%(supersand)_Group1SampleA_Mon_Mar__2_16_19_21_2026,0.025274142622947693,1.7932393550872805,63.103223759755515
RABLab26_Mar02_GrafLab_Clay0%(supersand)_Group1SampleA_Mon_Mar__2_16_19_21_2026,0.02530598640441889,1.8467031717300413,63.103223759755515
RABLab26_Mar02_GrafLab_Clay0%(supersand)_Group1SampleA_Mon_Mar__2_16_19_21_2026,0.02530598640441889,1.8467031717300413,63.103223759755515
RABLab26_Mar02_GrafLab_Clay0%(supersand)_Group1SampleA_Mon_Mar__2_16_19_21_2026,0.02530598640441889,1.8467031717300413,63.103223759755515
RABLab26_Mar02_GrafLab_Clay0%(supersand)_Group1SampleA_Mon_Mar__2_16_19_21_2026,0.02530598640441889,1.8467031717300413,63.103223759755515
RABLab26_Mar02_GrafLab_Clay0%(supersand)_Group1SampleA_Mon_Mar__2_16_19_21_2026,0.02530598640441889,1.8467031717300413,63.103223759755515
RABLab26_Mar02_GrafLab_Clay0%(supersand)_Group1SampleA_Mon_Mar__2_16_19_21_2026,0.02530598640441889,1.8467031717300413,63.103223759755515
RABLab26_Mar02_GrafLab_Clay0%(supersand)_Group1SampleA_Mon_Mar__2_16_19_21_2026,0.025321125984191895,1.942408561706543,63.103223759755515
RABLab26_Mar02_GrafLab_Clay0%(supersand)_Group1SampleA_Mon_Mar__2_16_19_21_2026,0.025321125984191895,1.942408561706543,63.103223759755515
RABLab26_Mar02_GrafLab_Clay0%(supersand)_Group1SampleA_Mon_Mar__2_16_19_21_2026,0.025321125984191895,1.942408561706543,63.103223759755515
RABLab26_Mar02_GrafLab_Clay0%(supersand)_Group1SampleA_Mon_Mar__2_16_19_21_2026,0.025321125984191895,1.942408561706543,63.103223759755515
RABLab26_Mar02_GrafLab_Clay0%(supersand)_Group1SampleA_Mon_Mar__2_16_19_21_2026,0.025321125984191895,1.942408561706543,63.103223759755515
RABLab26_Mar02_GrafLab_Clay0%(supersand)_Group1SampleA_Mon_Mar__2_16_19_21_2026,0.025321125984191895,1.942408561706543,63.103223759755515
RABLab26_Mar02_GrafLab_Clay0%(supersand)_Group1SampleA_Mon_Mar__2_16_19_21_2026,0.025344908237457303,1.9996440410614011,63.103223759755515
RABLab26_Mar02_GrafLab_Clay0%(supersand)_Group1SampleA_Mon_Mar__2_16_19_21_2026,0.025344908237457303,1.9996440410614011,63.103223759755515
RABLab26_Mar02_GrafLab_Clay0%(supersand)_Group1SampleA_Mon_Mar__2_16_19_21_2026,0.025344908237457303,1.9996440410614011,63.103223759755515
RABLab26_Mar02_GrafLab_Clay0%(supersand)_Group1SampleA_Mon_Mar__2_16_19_21_2026,0.025344908237457303,1.9996440410614011,63.103223759755515
RABLab26_Mar02_GrafLab_Clay0%(supersand)_Group1SampleA_Mon_Mar__2_16_19_21_2026,0.025372192263603183,2.08341908454895,63.103223759755515
RABLab26_Mar02_GrafLab_Clay0%(supersand)_Group1SampleA_Mon_Mar__2_16_19_21_2026,0.025372192263603183,2.08341908454895,63.103223759755515
RABLab26_Mar02_GrafLab_Clay0%(supersand)_Group1SampleA_Mon_Mar__2_16_19_21_2026,0.025372192263603183,2.08341908454895,63.103223759755515
RABLab26_Mar02_GrafLab_Clay0%(supersand)_Group1SampleA_Mon_Mar__2_16_19_21_2026,0.025372192263603183,2.08341908454895,63.103223759755515
RABLab26_Mar02_GrafLab_Clay0%(supersand)_Group1SampleA_Mon_Mar__2_16_19_21_2026,0.025372192263603183,2.08341908454895,63.103223759755515
RABLab26_Mar02_GrafLab_Clay0%(supersand)_Group1SampleA_Mon_Mar__2_16_19_21_2026,0.025428771972656278,1.9853315353393557,63.103223759755515
RABLab26_Mar02_GrafLab_Clay0%(supersand)_Group1SampleA_Mon_Mar__2_16_19_21_2026,0.025428771972656278,1.9853315353393557,63.103223759755515
RABLab26_Mar02_GrafLab_Clay0%(supersand)_Group1SampleA_Mon_Mar__2_16_19_21_2026,0.025428771972656278,1.9853315353393557,63.103223759755515
RABLab26_Mar02_GrafLab_Clay0%(supersand)_Group1SampleA_Mon_Mar__2_16_19_21_2026,0.025428771972656278,1.9853315353393557,63.103223759755515
RABLab26_Mar02_GrafLab_Clay0%(supersand)_Group1SampleA_Mon_Mar__2_16_19_21_2026,0.025428771972656278,1.9853315353393557,63.103223759755515
RABLab26_Mar02_GrafLab_Clay0%(supersand)_Group1SampleA_Mon_Mar__2_16_19_21_2026,0.025452360510826083,2.1887974739074707,63.103223759755515
RABLab26_Mar02_GrafLab_Clay0%(supersand)_Group1SampleA_Mon_Mar__2_16_19_21_2026,0.025452360510826083,2.1887974739074707,63.103223759755515
RABLab26_Mar02_GrafLab_Clay0%(supersand)_Group1SampleA_Mon_Mar__2_16_19_21_2026,0.025452360510826083,2.1887974739074707,63.103223759755515
RABLab26_Mar02_GrafLab_Clay0%(supersand)_Group1SampleA_Mon_Mar__2_16_19_21_2026,0.025452360510826083,2.1887974739074707,63.103223759755515
RABLab26_Mar02_GrafLab_Clay0%(supersand)_Group1SampleA_Mon_Mar__2_16_19_21_2026,0.025452360510826083,2.1887974739074707,63.103223759755515
RABLab26_Mar02_GrafLab_Clay0%(supersand)_Group1SampleA_Mon_Mar__2_16_19_21_2026,0.025452360510826083,2.1887974739074707,63.103223759755515
RABLab26_Mar02_GrafLab_Clay0%(supersand)_Group1SampleA_Mon_Mar__2_16_19_21_2026,0.0254987180233002,2.239626884460449,63.103223759755515
RABLab26_Mar02_GrafLab_Clay0%(supersand)_Group1SampleA_Mon_Mar__2_16_19_21_2026,0.0254987180233002,2.239626884460449,63.103223759755515
RABLab26_Mar02_GrafLab_Clay0%(supersand)_Group1SampleA_Mon_Mar__2_16_19_21_2026,0.0254987180233002,2.239626884460449,63.103223759755515
RABLab26_Mar02_GrafLab_Clay0%(supersand)_Group1SampleA_Mon_Mar__2_16_19_21_2026,0.0254987180233002,2.239626884460449,63.103223759755515
RABLab26_Mar02_GrafLab_Clay0%(supersand)_Group1SampleA_Mon_Mar__2_16_19_21_2026,0.0254987180233002,2.239626884460449,63.103223759755515
RABLab26_Mar02_GrafLab_Clay0%(supersand)_Group1SampleA_Mon_Mar__2_16_19_21_2026,0.025531470775604193,2.315042495727539,63.103223759755515
RABLab26_Mar02_GrafLab_Clay0%(supersand)_Group1SampleA_Mon_Mar__2_16_19_21_2026,0.025531470775604193,2.315042495727539,63.103223759755515
RABLab26_Mar02_GrafLab_Clay0%(supersand)_Group1SampleA_Mon_Mar__2_16_19_21_2026,0.025531470775604193,2.315042495727539,63.103223759755515
RABLab26_Mar02_GrafLab_Clay0%(supersand)_Group1SampleA_Mon_Mar__2_16_19_21_2026,0.025531470775604193,2.315042495727539,63.103223759755515
RABLab26_Mar02_GrafLab_Clay0%(supersand)_Group1SampleA_Mon_Mar__2_16_19_21_2026,0.025531470775604193,2.315042495727539,63.103223759755515
RABLab26_Mar02_GrafLab_Clay0%(supersand)_Group1SampleA_Mon_Mar__2_16_19_21_2026,0.025531470775604193,2.315042495727539,63.103223759755515
RABLab26_Mar02_GrafLab_Clay0%(supersand)_Group1SampleA_Mon_Mar__2_16_19_21_2026,0.025573477149009705,2.350334644317627,63.103223759755515
RABLab26_Mar02_GrafLab_Clay0%(supersand)_Group1SampleA_Mon_Mar__2_16_19_21_2026,0.025573477149009705,2.350334644317627,63.103223759755515
RABLab26_Mar02_GrafLab_Clay0%(supersand)_Group1SampleA_Mon_Mar__2_16_19_21_2026,0.025573477149009705,2.350334644317627,63.103223759755515
RABLab26_Mar02_GrafLab_Clay0%(supersand)_Group1SampleA_Mon_Mar__2_16_19_21_2026,0.025573477149009705,2.350334644317627,63.103223759755515
RABLab26_Mar02_GrafLab_Clay0%(supersand)_Group1SampleA_Mon_Mar__2_16_19_21_2026,0.025573477149009705,2.350334644317627,63.103223759755515
RABLab26_Mar02_GrafLab_Clay0%(supersand)_Group1SampleA_Mon_Mar__2_16_19_21_2026,0.025573477149009705,2.350334644317627,63.103223759755515
RABLab26_Mar02_GrafLab_Clay0%(supersand)_Group1SampleA_Mon_Mar__2_16_19_21_2026,0.025610730051994296,2.3038036823272705,63.103223759755515
RABLab26_Mar02_GrafLab_Clay0%(supersand)_Group1SampleA_Mon_Mar__2_16_19_21_2026,0.025610730051994296,2.3038036823272705,63.103223759755515
RABLab26_Mar02_GrafLab_Clay0%(supersand)_Group1SampleA_Mon_Mar__2_16_19_21_2026,0.025610730051994296,2.3038036823272705,63.103223759755515
RABLab26_Mar02_GrafLab_Clay0%(supersand)_Group1SampleA_Mon_Mar__2_16_19_21_2026,0.025610730051994296,2.3038036823272705,63.103223759755515
RABLab26_Mar02_GrafLab_Clay0%(supersand)_Group1SampleA_Mon_Mar__2_16_19_21_2026,0.025643914937972995,2.4723567962646484,63.103223759755515
RABLab26_Mar02_GrafLab_Clay0%(supersand)_Group1SampleA_Mon_Mar__2_16_19_21_2026,0.025643914937972995,2.4723567962646484,63.103223759755515
RABLab26_Mar02_GrafLab_Clay0%(supersand)_Group1SampleA_Mon_Mar__2_16_19_21_2026,0.025643914937972995,2.4723567962646484,63.103223759755515
RABLab26_Mar02_GrafLab_Clay0%(supersand)_Group1SampleA_Mon_Mar__2_16_19_21_2026,0.025643914937972995,2.4723567962646484,63.103223759755515
RABLab26_Mar02_GrafLab_Clay0%(supersand)_Group1SampleA_Mon_Mar__2_16_19_21_2026,0.025643914937972995,2.4723567962646484,63.103223759755515
RABLab26_Mar02_GrafLab_Clay0%(supersand)_Group1SampleA_Mon_Mar__2_16_19_21_2026,0.025643914937972995,2.4723567962646484,63.103223759755515
RABLab26_Mar02_GrafLab_Clay0%(supersand)_Group1SampleA_Mon_Mar__2_16_19_21_2026,0.025695547461509705,2.409173011779785,63.103223759755515
RABLab26_Mar02_GrafLab_Clay0%(supersand)_Group1SampleA_Mon_Mar__2_16_19_21_2026,0.025695547461509705,2.409173011779785,63.103223759755515
RABLab26_Mar02_GrafLab_Clay0%(supersand)_Group1SampleA_Mon_Mar__2_16_19_21_2026,0.025695547461509705,2.409173011779785,63.103223759755515
RABLab26_Mar02_GrafLab_Clay0%(supersand)_Group1SampleA_Mon_Mar__2_16_19_21_2026,0.025695547461509705,2.409173011779785,63.103223759755515
RABLab26_Mar02_GrafLab_Clay0%(supersand)_Group1SampleA_Mon_Mar__2_16_19_21_2026,0.025695547461509705,2.409173011779785,63.103223759755515
RABLab26_Mar02_GrafLab_Clay0%(supersand)_Group1SampleA_Mon_Mar__2_16_19_21_2026,0.025695547461509705,2.409173011779785,63.103223759755515
RABLab26_Mar02_GrafLab_Clay0%(supersand)_Group1SampleA_Mon_Mar__2_16_19_21_2026,0.0257407873868942,2.569478750228882,63.103223759755515
RABLab26_Mar02_GrafLab_Clay0%(supersand)_Group1SampleA_Mon_Mar__2_16_19_21_2026,0.0257407873868942,2.569478750228882,63.103223759755515
RABLab26_Mar02_GrafLab_Clay0%(supersand)_Group1SampleA_Mon_Mar__2_16_19_21_2026,0.0257407873868942,2.569478750228882,63.103223759755515
RABLab26_Mar02_GrafLab_Clay0%(supersand)_Group1SampleA_Mon_Mar__2_16_19_21_2026,0.0257407873868942,2.569478750228882,63.103223759755515
RABLab26_Mar02_GrafLab_Clay0%(supersand)_Group1SampleA_Mon_Mar__2_16_19_21_2026,0.0257407873868942,2.569478750228882,63.103223759755515
RABLab26_Mar02_GrafLab_Clay0%(supersand)_Group1SampleA_Mon_Mar__2_16_19_21_2026,0.0257407873868942,2.569478750228882,63.103223759755515
RABLab26_Mar02_GrafLab_Clay0%(supersand)_Group1SampleA_Mon_Mar__2_16_19_21_2026,0.025760993361473083,2.558011531829834,63.103223759755515
RABLab26_Mar02_GrafLab_Clay0%(supersand)_Group1SampleA_Mon_Mar__2_16_19_21_2026,0.025760993361473083,2.558011531829834,63.103223759755515
RABLab26_Mar02_GrafLab_Clay0%(supersand)_Group1SampleA_Mon_Mar__2_16_19_21_2026,0.025760993361473083,2.558011531829834,63.103223759755515
RABLab26_Mar02_GrafLab_Clay0%(supersand)_Group1SampleA_Mon_Mar__2_16_19_21_2026,0.025760993361473083,2.558011531829834,63.103223759755515
RABLab26_Mar02_GrafLab_Clay0%(supersand)_Group1SampleA_Mon_Mar__2_16_19_21_2026,0.025760993361473083,2.558011531829834,63.103223759755515
RABLab26_Mar02_GrafLab_Clay0%(supersand)_Group1SampleA_Mon_Mar__2_16_19_21_2026,0.025786265730857794,2.6217544078826904,63.103223759755515
RABLab26_Mar02_GrafLab_Clay0%(supersand)_Group1SampleA_Mon_Mar__2_16_19_21_2026,0.025786265730857794,2.6217544078826904,63.103223759755515
RABLab26_Mar02_GrafLab_Clay0%(supersand)_Group1SampleA_Mon_Mar__2_16_19_21_2026,0.025786265730857794,2.6217544078826904,63.103223759755515
RABLab26_Mar02_GrafLab_Clay0%(supersand)_Group1SampleA_Mon_Mar__2_16_19_21_2026,0.025786265730857794,2.6217544078826904,63.103223759755515
RABLab26_Mar02_GrafLab_Clay0%(supersand)_Group1SampleA_Mon_Mar__2_16_19_21_2026,0.025786265730857794,2.6217544078826904,63.103223759755515
RABLab26_Mar02_GrafLab_Clay0%(supersand)_Group1SampleA_Mon_Mar__2_16_19_21_2026,0.025901094079017584,2.5827956199646,63.103223759755515
RABLab26_Mar02_GrafLab_Clay0%(supersand)_Group1SampleA_Mon_Mar__2_16_19_21_2026,0.025901094079017584,2.5827956199646,63.103223759755515
RABLab26_Mar02_GrafLab_Clay0%(supersand)_Group1SampleA_Mon_Mar__2_16_19_21_2026,0.025901094079017584,2.5827956199646,63.103223759755515
RABLab26_Mar02_GrafLab_Clay0%(supersand)_Group1SampleA_Mon_Mar__2_16_19_21_2026,0.025901094079017584,2.5827956199646,63.103223759755515
RABLab26_Mar02_GrafLab_Clay0%(supersand)_Group1SampleA_Mon_Mar__2_16_19_21_2026,0.025901094079017584,2.5827956199646,63.103223759755515
RABLab26_Mar02_GrafLab_Clay0%(supersand)_Group1SampleA_Mon_Mar__2_16_19_21_2026,0.025901094079017584,2.5827956199646,63.103223759755515
RABLab26_Mar02_GrafLab_Clay0%(supersand)_Group1SampleA_Mon_Mar__2_16_19_21_2026,0.02601465582847598,2.665161371231079,63.103223759755515
RABLab26_Mar02_GrafLab_Clay0%(supersand)_Group1SampleA_Mon_Mar__2_16_19_21_2026,0.02601465582847598,2.665161371231079,63.103223759755515
RABLab26_Mar02_GrafLab_Clay0%(supersand)_Group1SampleA_Mon_Mar__2_16_19_21_2026,0.02601465582847598,2.665161371231079,63.103223759755515
RABLab26_Mar02_GrafLab_Clay0%(supersand)_Group1SampleA_Mon_Mar__2_16_19_21_2026,0.02601465582847598,2.665161371231079,63.103223759755515
RABLab26_Mar02_GrafLab_Clay0%(supersand)_Group1SampleA_Mon_Mar__2_16_19_21_2026,0.026110425591468783,2.583254814147949,63.103223759755515
RABLab26_Mar02_GrafLab_Clay0%(supersand)_Group1SampleA_Mon_Mar__2_16_19_21_2026,0.026110425591468783,2.583254814147949,63.103223759755515
RABLab26_Mar02_GrafLab_Clay0%(supersand)_Group1SampleA_Mon_Mar__2_16_19_21_2026,0.026110425591468783,2.583254814147949,63.103223759755515
RABLab26_Mar02_GrafLab_Clay0%(supersand)_Group1SampleA_Mon_Mar__2_16_19_21_2026,0.026110425591468783,2.583254814147949,63.103223759755515
RABLab26_Mar02_GrafLab_Clay0%(supersand)_Group1SampleA_Mon_Mar__2_16_19_21_2026,0.026110425591468783,2.583254814147949,63.103223759755515
RABLab26_Mar02_GrafLab_Clay0%(supersand)_Group1SampleA_Mon_Mar__2_16_19_21_2026,0.02632288634777069,2.5312485694885254,63.103223759755515
RABLab26_Mar02_GrafLab_Clay0%(supersand)_Group1SampleA_Mon_Mar__2_16_19_21_2026,0.02632288634777069,2.5312485694885254,63.103223759755515
RABLab26_Mar02_GrafLab_Clay0%(supersand)_Group1SampleA_Mon_Mar__2_16_19_21_2026,0.02632288634777069,2.5312485694885254,63.103223759755515
RABLab26_Mar02_GrafLab_Clay0%(supersand)_Group1SampleA_Mon_Mar__2_16_19_21_2026,0.02632288634777069,2.5312485694885254,63.103223759755515
RABLab26_Mar02_GrafLab_Clay0%(supersand)_Group1SampleA_Mon_Mar__2_16_19_21_2026,0.02632288634777069,2.5312485694885254,63.103223759755515
RABLab26_Mar02_GrafLab_Clay0%(supersand)_Group1SampleA_Mon_Mar__2_16_19_21_2026,0.02657744288444519,2.2493343353271484,63.103223759755515
RABLab26_Mar02_GrafLab_Clay0%(supersand)_Group1SampleA_Mon_Mar__2_16_19_21_2026,0.02657744288444519,2.2493343353271484,63.103223759755515
RABLab26_Mar02_GrafLab_Clay0%(supersand)_Group1SampleA_Mon_Mar__2_16_19_21_2026,0.02657744288444519,2.2493343353271484,63.103223759755515
RABLab26_Mar02_GrafLab_Clay0%(supersand)_Group1SampleA_Mon_Mar__2_16_19_21_2026,0.02657744288444519,2.2493343353271484,63.103223759755515
RABLab26_Mar02_GrafLab_Clay0%(supersand)_Group1SampleA_Mon_Mar__2_16_19_21_2026,0.02723608911037448,1.6286559104919434,63.103223759755515
RABLab26_Mar02_GrafLab_Clay0%(supersand)_Group1SampleA_Mon_Mar__2_16_19_21_2026,0.02723608911037448,1.6286559104919434,63.103223759755515
RABLab26_Mar02_GrafLab_Clay0%(supersand)_Group1SampleA_Mon_Mar__2_16_19_21_2026,0.02723608911037448,1.6286559104919434,63.103223759755515
RABLab26_Mar02_GrafLab_Clay0%(supersand)_Group1SampleA_Mon_Mar__2_16_19_21_2026,0.02723608911037448,1.6286559104919434,63.103223759755515
RABLab26_Mar02_GrafLab_Clay0%(supersand)_Group1SampleA_Mon_Mar__2_16_19_21_2026,0.02723608911037448,1.6286559104919434,63.103223759755515
RABLab26_Mar02_GrafLab_Clay0%(supersand)_Group1SampleA_Mon_Mar__2_16_19_21_2026,0.027883142232894897,1.1092056035995483,63.103223759755515
RABLab26_Mar02_GrafLab_Clay0%(supersand)_Group1SampleA_Mon_Mar__2_16_19_21_2026,0.027883142232894897,1.1092056035995483,63.103223759755515
RABLab26_Mar02_GrafLab_Clay0%(supersand)_Group1SampleA_Mon_Mar__2_16_19_21_2026,0.027883142232894897,1.1092056035995483,63.103223759755515
RABLab26_Mar02_GrafLab_Clay0%(supersand)_Group1SampleA_Mon_Mar__2_16_19_21_2026,0.027883142232894897,1.1092056035995483,63.103223759755515
RABLab26_Mar02_GrafLab_Clay0%(supersand)_Group1SampleA_Mon_Mar__2_16_19_21_2026,0.027883142232894897,1.1092056035995483,63.103223759755515
RABLab26_Mar02_GrafLab_Clay0%(supersand)_Group1SampleA_Mon_Mar__2_16_19_21_2026,0.028096973896026584,1.2721256017684937,63.103223759755515
RABLab26_Mar02_GrafLab_Clay0%(supersand)_Group1SampleA_Mon_Mar__2_16_19_21_2026,0.028096973896026584,1.2721256017684937,63.103223759755515
RABLab26_Mar02_GrafLab_Clay0%(supersand)_Group1SampleA_Mon_Mar__2_16_19_21_2026,0.028096973896026584,1.2721256017684937,63.103223759755515
RABLab26_Mar02_GrafLab_Clay0%(supersand)_Group1SampleA_Mon_Mar__2_16_19_21_2026,0.028096973896026584,1.2721256017684937,63.103223759755515
RABLab26_Mar02_GrafLab_Clay0%(supersand)_Group1SampleA_Mon_Mar__2_16_19_21_2026,0.028096973896026584,1.2721256017684937,63.103223759755515
RABLab26_Mar02_GrafLab_Clay0%(supersand)_Group1SampleA_Mon_Mar__2_16_19_21_2026,0.028096973896026584,1.2721256017684937,63.103223759755515
RABLab26_Mar02_GrafLab_Clay0%(supersand)_Group1SampleA_Mon_Mar__2_16_19_21_2026,0.028082579374313382,1.31408953666687,63.103223759755515
RABLab26_Mar02_GrafLab_Clay0%(supersand)_Group1SampleA_Mon_Mar__2_16_19_21_2026,0.028082579374313382,1.31408953666687,63.103223759755515
RABLab26_Mar02_GrafLab_Clay0%(supersand)_Group1SampleA_Mon_Mar__2_16_19_21_2026,0.028082579374313382,1.31408953666687,63.103223759755515
RABLab26_Mar02_GrafLab_Clay0%(supersand)_Group1SampleA_Mon_Mar__2_16_19_21_2026,0.028082579374313382,1.31408953666687,63.103223759755515
RABLab26_Mar02_GrafLab_Clay0%(supersand)_Group1SampleA_Mon_Mar__2_16_19_21_2026,0.028082579374313382,1.31408953666687,63.103223759755515
RABLab26_Mar02_GrafLab_Clay0%(supersand)_Group1SampleA_Mon_Mar__2_16_19_21_2026,0.02807556092739108,1.409010410308838,63.103223759755515
RABLab26_Mar02_GrafLab_Clay0%(supersand)_Group1SampleA_Mon_Mar__2_16_19_21_2026,0.02807556092739108,1.409010410308838,63.103223759755515
RABLab26_Mar02_GrafLab_Clay0%(supersand)_Group1SampleA_Mon_Mar__2_16_19_21_2026,0.02807556092739108,1.409010410308838,63.103223759755515
RABLab26_Mar02_GrafLab_Clay0%(supersand)_Group1SampleA_Mon_Mar__2_16_19_21_2026,0.02807556092739108,1.409010410308838,63.103223759755515
RABLab26_Mar02_GrafLab_Clay0%(supersand)_Group1SampleA_Mon_Mar__2_16_19_21_2026,0.02807556092739108,1.409010410308838,63.103223759755515
RABLab26_Mar02_GrafLab_Clay0%(supersand)_Group1SampleA_Mon_Mar__2_16_19_21_2026,0.02809193730354309,1.4672560691833496,63.103223759755515
RABLab26_Mar02_GrafLab_Clay0%(supersand)_Group1SampleA_Mon_Mar__2_16_19_21_2026,0.02809193730354309,1.4672560691833496,63.103223759755515
RABLab26_Mar02_GrafLab_Clay0%(supersand)_Group1SampleA_Mon_Mar__2_16_19_21_2026,0.02809193730354309,1.4672560691833496,63.103223759755515
RABLab26_Mar02_GrafLab_Clay0%(supersand)_Group1SampleA_Mon_Mar__2_16_19_21_2026,0.02809193730354309,1.4672560691833496,63.103223759755515
RABLab26_Mar02_GrafLab_Clay0%(supersand)_Group1SampleA_Mon_Mar__2_16_19_21_2026,0.02809193730354309,1.4672560691833496,63.103223759755515
RABLab26_Mar02_GrafLab_Clay0%(supersand)_Group1SampleA_Mon_Mar__2_16_19_21_2026,0.028104677796363803,1.657696008682251,63.103223759755515
RABLab26_Mar02_GrafLab_Clay0%(supersand)_Group1SampleA_Mon_Mar__2_16_19_21_2026,0.028104677796363803,1.657696008682251,63.103223759755515
RABLab26_Mar02_GrafLab_Clay0%(supersand)_Group1SampleA_Mon_Mar__2_16_19_21_2026,0.028104677796363803,1.657696008682251,63.103223759755515
RABLab26_Mar02_GrafLab_Clay0%(supersand)_Group1SampleA_Mon_Mar__2_16_19_21_2026,0.028104677796363803,1.657696008682251,63.103223759755515
RABLab26_Mar02_GrafLab_Clay0%(supersand)_Group1SampleA_Mon_Mar__2_16_19_21_2026,0.028104677796363803,1.657696008682251,63.103223759755515
RABLab26_Mar02_GrafLab_Clay0%(supersand)_Group1SampleA_Mon_Mar__2_16_19_21_2026,0.028104677796363803,1.657696008682251,63.103223759755515
RABLab26_Mar02_GrafLab_Clay0%(supersand)_Group1SampleA_Mon_Mar__2_16_19_21_2026,0.028104677796363803,1.657696008682251,63.103223759755515
RABLab26_Mar02_GrafLab_Clay0%(supersand)_Group1SampleA_Mon_Mar__2_16_19_21_2026,0.0281012952327728,1.6495929956436155,63.103223759755515
RABLab26_Mar02_GrafLab_Clay0%(supersand)_Group1SampleA_Mon_Mar__2_16_19_21_2026,0.0281012952327728,1.6495929956436155,63.103223759755515
RABLab26_Mar02_GrafLab_Clay0%(supersand)_Group1SampleA_Mon_Mar__2_16_19_21_2026,0.0281012952327728,1.6495929956436155,63.103223759755515
RABLab26_Mar02_GrafLab_Clay0%(supersand)_Group1SampleA_Mon_Mar__2_16_19_21_2026,0.0281012952327728,1.6495929956436155,63.103223759755515
RABLab26_Mar02_GrafLab_Clay0%(supersand)_Group1SampleA_Mon_Mar__2_16_19_21_2026,0.0281012952327728,1.6495929956436155,63.103223759755515
RABLab26_Mar02_GrafLab_Clay0%(supersand)_Group1SampleA_Mon_Mar__2_16_19_21_2026,0.0281012952327728,1.6495929956436155,63.103223759755515
RABLab26_Mar02_GrafLab_Clay0%(supersand)_Group1SampleA_Mon_Mar__2_16_19_21_2026,0.028106212615966797,1.8448374271392824,63.103223759755515
RABLab26_Mar02_GrafLab_Clay0%(supersand)_Group1SampleA_Mon_Mar__2_16_19_21_2026,0.028106212615966797,1.8448374271392824,63.103223759755515
RABLab26_Mar02_GrafLab_Clay0%(supersand)_Group1SampleA_Mon_Mar__2_16_19_21_2026,0.028106212615966797,1.8448374271392824,63.103223759755515
RABLab26_Mar02_GrafLab_Clay0%(supersand)_Group1SampleA_Mon_Mar__2_16_19_21_2026,0.028106212615966797,1.8448374271392824,63.103223759755515
RABLab26_Mar02_GrafLab_Clay0%(supersand)_Group1SampleA_Mon_Mar__2_16_19_21_2026,0.028106212615966797,1.8448374271392824,63.103223759755515
RABLab26_Mar02_GrafLab_Clay0%(supersand)_Group1SampleA_Mon_Mar__2_16_19_21_2026,0.028106212615966797,1.8448374271392824,63.103223759755515
RABLab26_Mar02_GrafLab_Clay0%(supersand)_Group1SampleA_Mon_Mar__2_16_19_21_2026,0.028135210275649997,1.907375454902649,63.103223759755515
RABLab26_Mar02_GrafLab_Clay0%(supersand)_Group1SampleA_Mon_Mar__2_16_19_21_2026,0.028135210275649997,1.907375454902649,63.103223759755515
RABLab26_Mar02_GrafLab_Clay0%(supersand)_Group1SampleA_Mon_Mar__2_16_19_21_2026,0.028135210275649997,1.907375454902649,63.103223759755515
RABLab26_Mar02_GrafLab_Clay0%(supersand)_Group1SampleA_Mon_Mar__2_16_19_21_2026,0.028135210275649997,1.907375454902649,63.103223759755515
RABLab26_Mar02_GrafLab_Clay0%(supersand)_Group1SampleA_Mon_Mar__2_16_19_21_2026,0.028135210275649997,1.907375454902649,63.103223759755515
RABLab26_Mar02_GrafLab_Clay0%(supersand)_Group1SampleA_Mon_Mar__2_16_19_21_2026,0.028135210275649997,1.907375454902649,63.103223759755515
RABLab26_Mar02_GrafLab_Clay0%(supersand)_Group1SampleA_Mon_Mar__2_16_19_21_2026,0.028135210275649997,1.907375454902649,63.103223759755515
RABLab26_Mar02_GrafLab_Clay0%(supersand)_Group1SampleA_Mon_Mar__2_16_19_21_2026,0.028135210275649997,1.9192062616348269,63.103223759755515
RABLab26_Mar02_GrafLab_Clay0%(supersand)_Group1SampleA_Mon_Mar__2_16_19_21_2026,0.028135210275649997,1.9192062616348269,63.103223759755515
RABLab26_Mar02_GrafLab_Clay0%(supersand)_Group1SampleA_Mon_Mar__2_16_19_21_2026,0.028135210275649997,1.9192062616348269,63.103223759755515
RABLab26_Mar02_GrafLab_Clay0%(supersand)_Group1SampleA_Mon_Mar__2_16_19_21_2026,0.028135210275649997,1.9192062616348269,63.103223759755515
RABLab26_Mar02_GrafLab_Clay0%(supersand)_Group1SampleA_Mon_Mar__2_16_19_21_2026,0.028135210275649997,1.9192062616348269,63.103223759755515
RABLab26_Mar02_GrafLab_Clay0%(supersand)_Group1SampleA_Mon_Mar__2_16_19_21_2026,0.028135210275649997,1.9192062616348269,63.103223759755515
RABLab26_Mar02_GrafLab_Clay0%(supersand)_Group1SampleA_Mon_Mar__2_16_19_21_2026,0.02815508842468259,2.075117349624634,63.103223759755515
RABLab26_Mar02_GrafLab_Clay0%(supersand)_Group1SampleA_Mon_Mar__2_16_19_21_2026,0.02815508842468259,2.075117349624634,63.103223759755515
RABLab26_Mar02_GrafLab_Clay0%(supersand)_Group1SampleA_Mon_Mar__2_16_19_21_2026,0.02815508842468259,2.075117349624634,63.103223759755515
RABLab26_Mar02_GrafLab_Clay0%(supersand)_Group1SampleA_Mon_Mar__2_16_19_21_2026,0.02815508842468259,2.075117349624634,63.103223759755515
RABLab26_Mar02_GrafLab_Clay0%(supersand)_Group1SampleA_Mon_Mar__2_16_19_21_2026,0.02815508842468259,2.075117349624634,63.103223759755515
RABLab26_Mar02_GrafLab_Clay0%(supersand)_Group1SampleA_Mon_Mar__2_16_19_21_2026,0.02815508842468259,2.075117349624634,63.103223759755515
RABLab26_Mar02_GrafLab_Clay0%(supersand)_Group1SampleA_Mon_Mar__2_16_19_21_2026,0.02815508842468259,2.075117349624634,63.103223759755515
RABLab26_Mar02_GrafLab_Clay0%(supersand)_Group1SampleA_Mon_Mar__2_16_19_21_2026,0.028194069862365695,2.139787435531616,63.103223759755515
RABLab26_Mar02_GrafLab_Clay0%(supersand)_Group1SampleA_Mon_Mar__2_16_19_21_2026,0.028194069862365695,2.139787435531616,63.103223759755515
RABLab26_Mar02_GrafLab_Clay0%(supersand)_Group1SampleA_Mon_Mar__2_16_19_21_2026,0.028194069862365695,2.139787435531616,63.103223759755515
RABLab26_Mar02_GrafLab_Clay0%(supersand)_Group1SampleA_Mon_Mar__2_16_19_21_2026,0.028194069862365695,2.139787435531616,63.103223759755515
RABLab26_Mar02_GrafLab_Clay0%(supersand)_Group1SampleA_Mon_Mar__2_16_19_21_2026,0.028194069862365695,2.139787435531616,63.103223759755515
RABLab26_Mar02_GrafLab_Clay0%(supersand)_Group1SampleA_Mon_Mar__2_16_19_21_2026,0.028204098343849182,2.137895107269287,63.103223759755515
RABLab26_Mar02_GrafLab_Clay0%(supersand)_Group1SampleA_Mon_Mar__2_16_19_21_2026,0.028204098343849182,2.137895107269287,63.103223759755515
RABLab26_Mar02_GrafLab_Clay0%(supersand)_Group1SampleA_Mon_Mar__2_16_19_21_2026,0.028204098343849182,2.137895107269287,63.103223759755515
RABLab26_Mar02_GrafLab_Clay0%(supersand)_Group1SampleA_Mon_Mar__2_16_19_21_2026,0.028204098343849182,2.137895107269287,63.103223759755515
RABLab26_Mar02_GrafLab_Clay0%(supersand)_Group1SampleA_Mon_Mar__2_16_19_21_2026,0.028204098343849182,2.137895107269287,63.103223759755515
RABLab26_Mar02_GrafLab_Clay0%(supersand)_Group1SampleA_Mon_Mar__2_16_19_21_2026,0.028204098343849182,2.137895107269287,63.103223759755515
RABLab26_Mar02_GrafLab_Clay0%(supersand)_Group1SampleA_Mon_Mar__2_16_19_21_2026,0.02821372449398038,2.3107573986053467,63.103223759755515
RABLab26_Mar02_GrafLab_Clay0%(supersand)_Group1SampleA_Mon_Mar__2_16_19_21_2026,0.02821372449398038,2.3107573986053467,63.103223759755515
RABLab26_Mar02_GrafLab_Clay0%(supersand)_Group1SampleA_Mon_Mar__2_16_19_21_2026,0.02821372449398038,2.3107573986053467,63.103223759755515
RABLab26_Mar02_GrafLab_Clay0%(supersand)_Group1SampleA_Mon_Mar__2_16_19_21_2026,0.02821372449398038,2.3107573986053467,63.103223759755515
RABLab26_Mar02_GrafLab_Clay0%(supersand)_Group1SampleA_Mon_Mar__2_16_19_21_2026,0.02821372449398038,2.3107573986053467,63.103223759755515
RABLab26_Mar02_GrafLab_Clay0%(supersand)_Group1SampleA_Mon_Mar__2_16_19_21_2026,0.02821372449398038,2.3107573986053467,63.103223759755515
RABLab26_Mar02_GrafLab_Clay0%(supersand)_Group1SampleA_Mon_Mar__2_16_19_21_2026,0.02824899554252619,2.270393848419189,63.103223759755515
RABLab26_Mar02_GrafLab_Clay0%(supersand)_Group1SampleA_Mon_Mar__2_16_19_21_2026,0.02824899554252619,2.270393848419189,63.103223759755515
RABLab26_Mar02_GrafLab_Clay0%(supersand)_Group1SampleA_Mon_Mar__2_16_19_21_2026,0.02824899554252619,2.270393848419189,63.103223759755515
RABLab26_Mar02_GrafLab_Clay0%(supersand)_Group1SampleA_Mon_Mar__2_16_19_21_2026,0.02824899554252619,2.270393848419189,63.103223759755515
RABLab26_Mar02_GrafLab_Clay0%(supersand)_Group1SampleA_Mon_Mar__2_16_19_21_2026,0.028279438614845304,2.33618712425232,63.103223759755515
RABLab26_Mar02_GrafLab_Clay0%(supersand)_Group1SampleA_Mon_Mar__2_16_19_21_2026,0.028279438614845304,2.33618712425232,63.103223759755515
RABLab26_Mar02_GrafLab_Clay0%(supersand)_Group1SampleA_Mon_Mar__2_16_19_21_2026,0.028279438614845304,2.33618712425232,63.103223759755515
RABLab26_Mar02_GrafLab_Clay0%(supersand)_Group1SampleA_Mon_Mar__2_16_19_21_2026,0.028279438614845304,2.33618712425232,63.103223759755515
RABLab26_Mar02_GrafLab_Clay0%(supersand)_Group1SampleA_Mon_Mar__2_16_19_21_2026,0.028317168354988098,2.395010232925415,63.103223759755515
RABLab26_Mar02_GrafLab_Clay0%(supersand)_Group1SampleA_Mon_Mar__2_16_19_21_2026,0.028317168354988098,2.395010232925415,63.103223759755515
RABLab26_Mar02_GrafLab_Clay0%(supersand)_Group1SampleA_Mon_Mar__2_16_19_21_2026,0.028317168354988098,2.395010232925415,63.103223759755515
RABLab26_Mar02_GrafLab_Clay0%(supersand)_Group1SampleA_Mon_Mar__2_16_19_21_2026,0.028317168354988098,2.395010232925415,63.103223759755515
RABLab26_Mar02_GrafLab_Clay0%(supersand)_Group1SampleA_Mon_Mar__2_16_19_21_2026,0.028317168354988098,2.395010232925415,63.103223759755515
RABLab26_Mar02_GrafLab_Clay0%(supersand)_Group1SampleA_Mon_Mar__2_16_19_21_2026,0.028324052691459684,2.4978511333465576,63.103223759755515
RABLab26_Mar02_GrafLab_Clay0%(supersand)_Group1SampleA_Mon_Mar__2_16_19_21_2026,0.028324052691459684,2.4978511333465576,63.103223759755515
RABLab26_Mar02_GrafLab_Clay0%(supersand)_Group1SampleA_Mon_Mar__2_16_19_21_2026,0.028324052691459684,2.4978511333465576,63.103223759755515
RABLab26_Mar02_GrafLab_Clay0%(supersand)_Group1SampleA_Mon_Mar__2_16_19_21_2026,0.028324052691459684,2.4978511333465576,63.103223759755515
RABLab26_Mar02_GrafLab_Clay0%(supersand)_Group1SampleA_Mon_Mar__2_16_19_21_2026,0.028324052691459684,2.4978511333465576,63.103223759755515
RABLab26_Mar02_GrafLab_Clay0%(supersand)_Group1SampleA_Mon_Mar__2_16_19_21_2026,0.028324052691459684,2.4978511333465576,63.103223759755515
RABLab26_Mar02_GrafLab_Clay0%(supersand)_Group1SampleA_Mon_Mar__2_16_19_21_2026,0.028324052691459684,2.4978511333465576,63.103223759755515
RABLab26_Mar02_GrafLab_Clay0%(supersand)_Group1SampleA_Mon_Mar__2_16_19_21_2026,0.0283301770687103,2.579396247863769,63.103223759755515
RABLab26_Mar02_GrafLab_Clay0%(supersand)_Group1SampleA_Mon_Mar__2_16_19_21_2026,0.0283301770687103,2.579396247863769,63.103223759755515
RABLab26_Mar02_GrafLab_Clay0%(supersand)_Group1SampleA_Mon_Mar__2_16_19_21_2026,0.0283301770687103,2.579396247863769,63.103223759755515
RABLab26_Mar02_GrafLab_Clay0%(supersand)_Group1SampleA_Mon_Mar__2_16_19_21_2026,0.0283301770687103,2.579396247863769,63.103223759755515
RABLab26_Mar02_GrafLab_Clay0%(supersand)_Group1SampleA_Mon_Mar__2_16_19_21_2026,0.0283301770687103,2.579396247863769,63.103223759755515
RABLab26_Mar02_GrafLab_Clay0%(supersand)_Group1SampleA_Mon_Mar__2_16_19_21_2026,0.0283732861280441,2.72048282623291,63.103223759755515
RABLab26_Mar02_GrafLab_Clay0%(supersand)_Group1SampleA_Mon_Mar__2_16_19_21_2026,0.0283732861280441,2.72048282623291,63.103223759755515
RABLab26_Mar02_GrafLab_Clay0%(supersand)_Group1SampleA_Mon_Mar__2_16_19_21_2026,0.0283732861280441,2.72048282623291,63.103223759755515
RABLab26_Mar02_GrafLab_Clay0%(supersand)_Group1SampleA_Mon_Mar__2_16_19_21_2026,0.0283732861280441,2.72048282623291,63.103223759755515
RABLab26_Mar02_GrafLab_Clay0%(supersand)_Group1SampleA_Mon_Mar__2_16_19_21_2026,0.0283732861280441,2.72048282623291,63.103223759755515
RABLab26_Mar02_GrafLab_Clay0%(supersand)_Group1SampleA_Mon_Mar__2_16_19_21_2026,0.028442636132240295,2.635828256607056,63.103223759755515
RABLab26_Mar02_GrafLab_Clay0%(supersand)_Group1SampleA_Mon_Mar__2_16_19_21_2026,0.028442636132240295,2.635828256607056,63.103223759755515
RABLab26_Mar02_GrafLab_Clay0%(supersand)_Group1SampleA_Mon_Mar__2_16_19_21_2026,0.028442636132240295,2.635828256607056,63.103223759755515
RABLab26_Mar02_GrafLab_Clay0%(supersand)_Group1SampleA_Mon_Mar__2_16_19_21_2026,0.028442636132240295,2.635828256607056,63.103223759755515
RABLab26_Mar02_GrafLab_Clay0%(supersand)_Group1SampleA_Mon_Mar__2_16_19_21_2026,0.028442636132240295,2.635828256607056,63.103223759755515
RABLab26_Mar02_GrafLab_Clay0%(supersand)_Group1SampleA_Mon_Mar__2_16_19_21_2026,0.028442636132240295,2.635828256607056,63.103223759755515
RABLab26_Mar02_GrafLab_Clay0%(supersand)_Group1SampleA_Mon_Mar__2_16_19_21_2026,0.028473973274230985,2.7184746265411377,63.103223759755515
RABLab26_Mar02_GrafLab_Clay0%(supersand)_Group1SampleA_Mon_Mar__2_16_19_21_2026,0.028473973274230985,2.7184746265411377,63.103223759755515
RABLab26_Mar02_GrafLab_Clay0%(supersand)_Group1SampleA_Mon_Mar__2_16_19_21_2026,0.028473973274230985,2.7184746265411377,63.103223759755515
RABLab26_Mar02_GrafLab_Clay0%(supersand)_Group1SampleA_Mon_Mar__2_16_19_21_2026,0.028473973274230985,2.7184746265411377,63.103223759755515
RABLab26_Mar02_GrafLab_Clay0%(supersand)_Group1SampleA_Mon_Mar__2_16_19_21_2026,0.028473973274230985,2.7184746265411377,63.103223759755515
RABLab26_Mar02_GrafLab_Clay0%(supersand)_Group1SampleA_Mon_Mar__2_16_19_21_2026,0.028473973274230985,2.7184746265411377,63.103223759755515
RABLab26_Mar02_GrafLab_Clay0%(supersand)_Group1SampleA_Mon_Mar__2_16_19_21_2026,0.028473973274230985,2.7184746265411377,63.103223759755515
RABLab26_Mar02_GrafLab_Clay0%(supersand)_Group1SampleA_Mon_Mar__2_16_19_21_2026,0.028511792421340887,2.880152940750122,63.103223759755515
RABLab26_Mar02_GrafLab_Clay0%(supersand)_Group1SampleA_Mon_Mar__2_16_19_21_2026,0.028511792421340887,2.880152940750122,63.103223759755515
RABLab26_Mar02_GrafLab_Clay0%(supersand)_Group1SampleA_Mon_Mar__2_16_19_21_2026,0.028511792421340887,2.880152940750122,63.103223759755515
RABLab26_Mar02_GrafLab_Clay0%(supersand)_Group1SampleA_Mon_Mar__2_16_19_21_2026,0.028511792421340887,2.880152940750122,63.103223759755515
RABLab26_Mar02_GrafLab_Clay0%(supersand)_Group1SampleA_Mon_Mar__2_16_19_21_2026,0.02856135368347168,2.855707883834839,63.103223759755515
RABLab26_Mar02_GrafLab_Clay0%(supersand)_Group1SampleA_Mon_Mar__2_16_19_21_2026,0.02856135368347168,2.855707883834839,63.103223759755515
RABLab26_Mar02_GrafLab_Clay0%(supersand)_Group1SampleA_Mon_Mar__2_16_19_21_2026,0.02856135368347168,2.855707883834839,63.103223759755515
RABLab26_Mar02_GrafLab_Clay0%(supersand)_Group1SampleA_Mon_Mar__2_16_19_21_2026,0.02856135368347168,2.855707883834839,63.103223759755515
RABLab26_Mar02_GrafLab_Clay0%(supersand)_Group1SampleA_Mon_Mar__2_16_19_21_2026,0.02856135368347168,2.855707883834839,63.103223759755515
RABLab26_Mar02_GrafLab_Clay0%(supersand)_Group1SampleA_Mon_Mar__2_16_19_21_2026,0.02856135368347168,2.855707883834839,63.103223759755515
RABLab26_Mar02_GrafLab_Clay0%(supersand)_Group1SampleA_Mon_Mar__2_16_19_21_2026,0.02865709364414218,2.9029805660247803,63.103223759755515
RABLab26_Mar02_GrafLab_Clay0%(supersand)_Group1SampleA_Mon_Mar__2_16_19_21_2026,0.02865709364414218,2.9029805660247803,63.103223759755515
RABLab26_Mar02_GrafLab_Clay0%(supersand)_Group1SampleA_Mon_Mar__2_16_19_21_2026,0.02865709364414218,2.9029805660247803,63.103223759755515
RABLab26_Mar02_GrafLab_Clay0%(supersand)_Group1SampleA_Mon_Mar__2_16_19_21_2026,0.02865709364414218,2.9029805660247803,63.103223759755515
RABLab26_Mar02_GrafLab_Clay0%(supersand)_Group1SampleA_Mon_Mar__2_16_19_21_2026,0.02865709364414218,2.9029805660247803,63.103223759755515
RABLab26_Mar02_GrafLab_Clay0%(supersand)_Group1SampleA_Mon_Mar__2_16_19_21_2026,0.02865709364414218,2.9029805660247803,63.103223759755515
RABLab26_Mar02_GrafLab_Clay0%(supersand)_Group1SampleA_Mon_Mar__2_16_19_21_2026,0.02865709364414218,2.9029805660247803,63.103223759755515
RABLab26_Mar02_GrafLab_Clay0%(supersand)_Group1SampleA_Mon_Mar__2_16_19_21_2026,0.028768882155418396,2.7914109230041504,63.103223759755515
RABLab26_Mar02_GrafLab_Clay0%(supersand)_Group1SampleA_Mon_Mar__2_16_19_21_2026,0.028768882155418396,2.7914109230041504,63.103223759755515
RABLab26_Mar02_GrafLab_Clay0%(supersand)_Group1SampleA_Mon_Mar__2_16_19_21_2026,0.028768882155418396,2.7914109230041504,63.103223759755515
RABLab26_Mar02_GrafLab_Clay0%(supersand)_Group1SampleA_Mon_Mar__2_16_19_21_2026,0.028768882155418396,2.7914109230041504,63.103223759755515
RABLab26_Mar02_GrafLab_Clay0%(supersand)_Group1SampleA_Mon_Mar__2_16_19_21_2026,0.028768882155418396,2.7914109230041504,63.103223759755515
RABLab26_Mar02_GrafLab_Clay0%(supersand)_Group1SampleA_Mon_Mar__2_16_19_21_2026,0.028768882155418396,2.7914109230041504,63.103223759755515
RABLab26_Mar02_GrafLab_Clay0%(supersand)_Group1SampleA_Mon_Mar__2_16_19_21_2026,0.028884589672088595,2.8908727169036865,63.103223759755515
RABLab26_Mar02_GrafLab_Clay0%(supersand)_Group1SampleA_Mon_Mar__2_16_19_21_2026,0.028884589672088595,2.8908727169036865,63.103223759755515
RABLab26_Mar02_GrafLab_Clay0%(supersand)_Group1SampleA_Mon_Mar__2_16_19_21_2026,0.028884589672088595,2.8908727169036865,63.103223759755515
RABLab26_Mar02_GrafLab_Clay0%(supersand)_Group1SampleA_Mon_Mar__2_16_19_21_2026,0.028884589672088595,2.8908727169036865,63.103223759755515
RABLab26_Mar02_GrafLab_Clay0%(supersand)_Group1SampleA_Mon_Mar__2_16_19_21_2026,0.028884589672088595,2.8908727169036865,63.103223759755515
RABLab26_Mar02_GrafLab_Clay0%(supersand)_Group1SampleA_Mon_Mar__2_16_19_21_2026,0.028884589672088595,2.8908727169036865,63.103223759755515
RABLab26_Mar02_GrafLab_Clay0%(supersand)_Group1SampleA_Mon_Mar__2_16_19_21_2026,0.028884589672088595,2.8908727169036865,63.103223759755515
RABLab26_Mar02_GrafLab_Clay0%(supersand)_Group1SampleA_Mon_Mar__2_16_19_21_2026,0.028996244072914096,2.764058351516724,63.103223759755515
RABLab26_Mar02_GrafLab_Clay0%(supersand)_Group1SampleA_Mon_Mar__2_16_19_21_2026,0.028996244072914096,2.764058351516724,63.103223759755515
RABLab26_Mar02_GrafLab_Clay0%(supersand)_Group1SampleA_Mon_Mar__2_16_19_21_2026,0.028996244072914096,2.764058351516724,63.103223759755515
RABLab26_Mar02_GrafLab_Clay0%(supersand)_Group1SampleA_Mon_Mar__2_16_19_21_2026,0.028996244072914096,2.764058351516724,63.103223759755515
RABLab26_Mar02_GrafLab_Clay0%(supersand)_Group1SampleA_Mon_Mar__2_16_19_21_2026,0.028996244072914096,2.764058351516724,63.103223759755515
RABLab26_Mar02_GrafLab_Clay0%(supersand)_Group1SampleA_Mon_Mar__2_16_19_21_2026,0.02910035848617548,2.751645803451538,63.103223759755515
RABLab26_Mar02_GrafLab_Clay0%(supersand)_Group1SampleA_Mon_Mar__2_16_19_21_2026,0.02910035848617548,2.751645803451538,63.103223759755515
RABLab26_Mar02_GrafLab_Clay0%(supersand)_Group1SampleA_Mon_Mar__2_16_19_21_2026,0.02910035848617548,2.751645803451538,63.103223759755515
RABLab26_Mar02_GrafLab_Clay0%(supersand)_Group1SampleA_Mon_Mar__2_16_19_21_2026,0.02910035848617548,2.751645803451538,63.103223759755515
RABLab26_Mar02_GrafLab_Clay0%(supersand)_Group1SampleA_Mon_Mar__2_16_19_21_2026,0.029369279742240878,2.5383358001708984,63.103223759755515
RABLab26_Mar02_GrafLab_Clay0%(supersand)_Group1SampleA_Mon_Mar__2_16_19_21_2026,0.029369279742240878,2.5383358001708984,63.103223759755515
RABLab26_Mar02_GrafLab_Clay0%(supersand)_Group1SampleA_Mon_Mar__2_16_19_21_2026,0.029369279742240878,2.5383358001708984,63.103223759755515
RABLab26_Mar02_GrafLab_Clay0%(supersand)_Group1SampleA_Mon_Mar__2_16_19_21_2026,0.029369279742240878,2.5383358001708984,63.103223759755515
RABLab26_Mar02_GrafLab_Clay0%(supersand)_Group1SampleA_Mon_Mar__2_16_19_21_2026,0.029369279742240878,2.5383358001708984,63.103223759755515
RABLab26_Mar02_GrafLab_Clay0%(supersand)_Group1SampleA_Mon_Mar__2_16_19_21_2026,0.029662087559699984,2.3539812564849854,63.103223759755515
RABLab26_Mar02_GrafLab_Clay0%(supersand)_Group1SampleA_Mon_Mar__2_16_19_21_2026,0.029662087559699984,2.3539812564849854,63.103223759755515
RABLab26_Mar02_GrafLab_Clay0%(supersand)_Group1SampleA_Mon_Mar__2_16_19_21_2026,0.029662087559699984,2.3539812564849854,63.103223759755515
RABLab26_Mar02_GrafLab_Clay0%(supersand)_Group1SampleA_Mon_Mar__2_16_19_21_2026,0.029662087559699984,2.3539812564849854,63.103223759755515
RABLab26_Mar02_GrafLab_Clay0%(supersand)_Group1SampleA_Mon_Mar__2_16_19_21_2026,0.029662087559699984,2.3539812564849854,63.103223759755515
RABLab26_Mar02_GrafLab_Clay0%(supersand)_Group1SampleA_Mon_Mar__2_16_19_21_2026,0.029662087559699984,2.3539812564849854,63.103223759755515
RABLab26_Mar02_GrafLab_Clay0%(supersand)_Group1SampleA_Mon_Mar__2_16_19_21_2026,0.030286550521850586,1.752745509147644,63.103223759755515
RABLab26_Mar02_GrafLab_Clay0%(supersand)_Group1SampleA_Mon_Mar__2_16_19_21_2026,0.030286550521850586,1.752745509147644,63.103223759755515
RABLab26_Mar02_GrafLab_Clay0%(supersand)_Group1SampleA_Mon_Mar__2_16_19_21_2026,0.030286550521850586,1.752745509147644,63.103223759755515
RABLab26_Mar02_GrafLab_Clay0%(supersand)_Group1SampleA_Mon_Mar__2_16_19_21_2026,0.030286550521850586,1.752745509147644,63.103223759755515
RABLab26_Mar02_GrafLab_Clay0%(supersand)_Group1SampleA_Mon_Mar__2_16_19_21_2026,0.030286550521850586,1.752745509147644,63.103223759755515
RABLab26_Mar02_GrafLab_Clay0%(supersand)_Group1SampleA_Mon_Mar__2_16_19_21_2026,0.030693098902702304,1.5339224338531494,63.103223759755515
RABLab26_Mar02_GrafLab_Clay0%(supersand)_Group1SampleA_Mon_Mar__2_16_19_21_2026,0.030693098902702304,1.5339224338531494,63.103223759755515
RABLab26_Mar02_GrafLab_Clay0%(supersand)_Group1SampleA_Mon_Mar__2_16_19_21_2026,0.030693098902702304,1.5339224338531494,63.103223759755515
RABLab26_Mar02_GrafLab_Clay0%(supersand)_Group1SampleA_Mon_Mar__2_16_19_21_2026,0.03079988062381739,1.650973916053772,63.103223759755515
RABLab26_Mar02_GrafLab_Clay0%(supersand)_Group1SampleA_Mon_Mar__2_16_19_21_2026,0.03079988062381739,1.650973916053772,63.103223759755515
RABLab26_Mar02_GrafLab_Clay0%(supersand)_Group1SampleA_Mon_Mar__2_16_19_21_2026,0.03079988062381739,1.650973916053772,63.103223759755515
RABLab26_Mar02_GrafLab_Clay0%(supersand)_Group1SampleA_Mon_Mar__2_16_19_21_2026,0.03079988062381739,1.650973916053772,63.103223759755515
RABLab26_Mar02_GrafLab_Clay0%(supersand)_Group1SampleA_Mon_Mar__2_16_19_21_2026,0.03079988062381739,1.650973916053772,63.103223759755515
RABLab26_Mar02_GrafLab_Clay0%(supersand)_Group1SampleA_Mon_Mar__2_16_19_21_2026,0.0308120995759964,1.7471145391464231,63.103223759755515
RABLab26_Mar02_GrafLab_Clay0%(supersand)_Group1SampleA_Mon_Mar__2_16_19_21_2026,0.0308120995759964,1.7471145391464231,63.103223759755515
RABLab26_Mar02_GrafLab_Clay0%(supersand)_Group1SampleA_Mon_Mar__2_16_19_21_2026,0.0308120995759964,1.7471145391464231,63.103223759755515
RABLab26_Mar02_GrafLab_Clay0%(supersand)_Group1SampleA_Mon_Mar__2_16_19_21_2026,0.0308120995759964,1.7471145391464231,63.103223759755515
RABLab26_Mar02_GrafLab_Clay0%(supersand)_Group1SampleA_Mon_Mar__2_16_19_21_2026,0.0308120995759964,1.7471145391464231,63.103223759755515
RABLab26_Mar02_GrafLab_Clay0%(supersand)_Group1SampleA_Mon_Mar__2_16_19_21_2026,0.030822724103927585,1.8254241943359373,63.103223759755515
RABLab26_Mar02_GrafLab_Clay0%(supersand)_Group1SampleA_Mon_Mar__2_16_19_21_2026,0.030822724103927585,1.8254241943359373,63.103223759755515
RABLab26_Mar02_GrafLab_Clay0%(supersand)_Group1SampleA_Mon_Mar__2_16_19_21_2026,0.030822724103927585,1.8254241943359373,63.103223759755515
RABLab26_Mar02_GrafLab_Clay0%(supersand)_Group1SampleA_Mon_Mar__2_16_19_21_2026,0.030822724103927585,1.8254241943359373,63.103223759755515
RABLab26_Mar02_GrafLab_Clay0%(supersand)_Group1SampleA_Mon_Mar__2_16_19_21_2026,0.030822724103927585,1.8254241943359373,63.103223759755515
RABLab26_Mar02_GrafLab_Clay0%(supersand)_Group1SampleA_Mon_Mar__2_16_19_21_2026,0.030822724103927585,1.8254241943359373,63.103223759755515
RABLab26_Mar02_GrafLab_Clay0%(supersand)_Group1SampleA_Mon_Mar__2_16_19_21_2026,0.030830010771751404,1.9200050830841064,63.103223759755515
RABLab26_Mar02_GrafLab_Clay0%(supersand)_Group1SampleA_Mon_Mar__2_16_19_21_2026,0.030830010771751404,1.9200050830841064,63.103223759755515
RABLab26_Mar02_GrafLab_Clay0%(supersand)_Group1SampleA_Mon_Mar__2_16_19_21_2026,0.030830010771751404,1.9200050830841064,63.103223759755515
RABLab26_Mar02_GrafLab_Clay0%(supersand)_Group1SampleA_Mon_Mar__2_16_19_21_2026,0.030830010771751404,1.9200050830841064,63.103223759755515
RABLab26_Mar02_GrafLab_Clay0%(supersand)_Group1SampleA_Mon_Mar__2_16_19_21_2026,0.030830010771751404,1.9200050830841064,63.103223759755515
RABLab26_Mar02_GrafLab_Clay0%(supersand)_Group1SampleA_Mon_Mar__2_16_19_21_2026,0.030830010771751404,1.9200050830841064,63.103223759755515
RABLab26_Mar02_GrafLab_Clay0%(supersand)_Group1SampleA_Mon_Mar__2_16_19_21_2026,0.030830010771751404,2.015352964401245,63.103223759755515
RABLab26_Mar02_GrafLab_Clay0%(supersand)_Group1SampleA_Mon_Mar__2_16_19_21_2026,0.030830010771751404,2.015352964401245,63.103223759755515
RABLab26_Mar02_GrafLab_Clay0%(supersand)_Group1SampleA_Mon_Mar__2_16_19_21_2026,0.030830010771751404,2.015352964401245,63.103223759755515
RABLab26_Mar02_GrafLab_Clay0%(supersand)_Group1SampleA_Mon_Mar__2_16_19_21_2026,0.030830010771751404,2.015352964401245,63.103223759755515
RABLab26_Mar02_GrafLab_Clay0%(supersand)_Group1SampleA_Mon_Mar__2_16_19_21_2026,0.030830010771751404,2.015352964401245,63.103223759755515
RABLab26_Mar02_GrafLab_Clay0%(supersand)_Group1SampleA_Mon_Mar__2_16_19_21_2026,0.030830010771751404,2.015352964401245,63.103223759755515
RABLab26_Mar02_GrafLab_Clay0%(supersand)_Group1SampleA_Mon_Mar__2_16_19_21_2026,0.030836150050163297,2.0961625576019287,63.103223759755515
RABLab26_Mar02_GrafLab_Clay0%(supersand)_Group1SampleA_Mon_Mar__2_16_19_21_2026,0.030836150050163297,2.0961625576019287,63.103223759755515
RABLab26_Mar02_GrafLab_Clay0%(supersand)_Group1SampleA_Mon_Mar__2_16_19_21_2026,0.030836150050163297,2.0961625576019287,63.103223759755515
RABLab26_Mar02_GrafLab_Clay0%(supersand)_Group1SampleA_Mon_Mar__2_16_19_21_2026,0.030836150050163297,2.0961625576019287,63.103223759755515
RABLab26_Mar02_GrafLab_Clay0%(supersand)_Group1SampleA_Mon_Mar__2_16_19_21_2026,0.030836150050163297,2.0961625576019287,63.103223759755515
RABLab26_Mar02_GrafLab_Clay0%(supersand)_Group1SampleA_Mon_Mar__2_16_19_21_2026,0.030836150050163297,2.0961625576019287,63.103223759755515
RABLab26_Mar02_GrafLab_Clay0%(supersand)_Group1SampleA_Mon_Mar__2_16_19_21_2026,0.030864447355270386,2.171600103378296,63.103223759755515
RABLab26_Mar02_GrafLab_Clay0%(supersand)_Group1SampleA_Mon_Mar__2_16_19_21_2026,0.030864447355270386,2.171600103378296,63.103223759755515
RABLab26_Mar02_GrafLab_Clay0%(supersand)_Group1SampleA_Mon_Mar__2_16_19_21_2026,0.030864447355270386,2.171600103378296,63.103223759755515
RABLab26_Mar02_GrafLab_Clay0%(supersand)_Group1SampleA_Mon_Mar__2_16_19_21_2026,0.030864447355270386,2.171600103378296,63.103223759755515
RABLab26_Mar02_GrafLab_Clay0%(supersand)_Group1SampleA_Mon_Mar__2_16_19_21_2026,0.030864447355270386,2.171600103378296,63.103223759755515
RABLab26_Mar02_GrafLab_Clay0%(supersand)_Group1SampleA_Mon_Mar__2_16_19_21_2026,0.030864447355270386,2.171600103378296,63.103223759755515
RABLab26_Mar02_GrafLab_Clay0%(supersand)_Group1SampleA_Mon_Mar__2_16_19_21_2026,0.030898928642272894,2.234048128128052,63.103223759755515
RABLab26_Mar02_GrafLab_Clay0%(supersand)_Group1SampleA_Mon_Mar__2_16_19_21_2026,0.030898928642272894,2.234048128128052,63.103223759755515
RABLab26_Mar02_GrafLab_Clay0%(supersand)_Group1SampleA_Mon_Mar__2_16_19_21_2026,0.030898928642272894,2.234048128128052,63.103223759755515
RABLab26_Mar02_GrafLab_Clay0%(supersand)_Group1SampleA_Mon_Mar__2_16_19_21_2026,0.030898928642272894,2.234048128128052,63.103223759755515
RABLab26_Mar02_GrafLab_Clay0%(supersand)_Group1SampleA_Mon_Mar__2_16_19_21_2026,0.030926495790481595,2.381394863128662,63.103223759755515
RABLab26_Mar02_GrafLab_Clay0%(supersand)_Group1SampleA_Mon_Mar__2_16_19_21_2026,0.030926495790481595,2.381394863128662,63.103223759755515
RABLab26_Mar02_GrafLab_Clay0%(supersand)_Group1SampleA_Mon_Mar__2_16_19_21_2026,0.030926495790481595,2.381394863128662,63.103223759755515
RABLab26_Mar02_GrafLab_Clay0%(supersand)_Group1SampleA_Mon_Mar__2_16_19_21_2026,0.030926495790481595,2.381394863128662,63.103223759755515
RABLab26_Mar02_GrafLab_Clay0%(supersand)_Group1SampleA_Mon_Mar__2_16_19_21_2026,0.030926495790481595,2.381394863128662,63.103223759755515
RABLab26_Mar02_GrafLab_Clay0%(supersand)_Group1SampleA_Mon_Mar__2_16_19_21_2026,0.030961662530898992,2.3552780151367188,63.103223759755515
RABLab26_Mar02_GrafLab_Clay0%(supersand)_Group1SampleA_Mon_Mar__2_16_19_21_2026,0.030961662530898992,2.3552780151367188,63.103223759755515
RABLab26_Mar02_GrafLab_Clay0%(supersand)_Group1SampleA_Mon_Mar__2_16_19_21_2026,0.030961662530898992,2.3552780151367188,63.103223759755515
RABLab26_Mar02_GrafLab_Clay0%(supersand)_Group1SampleA_Mon_Mar__2_16_19_21_2026,0.030961662530898992,2.3552780151367188,63.103223759755515
RABLab26_Mar02_GrafLab_Clay0%(supersand)_Group1SampleA_Mon_Mar__2_16_19_21_2026,0.030961662530898992,2.3552780151367188,63.103223759755515
RABLab26_Mar02_GrafLab_Clay0%(supersand)_Group1SampleA_Mon_Mar__2_16_19_21_2026,0.030961662530898992,2.3552780151367188,63.103223759755515
RABLab26_Mar02_GrafLab_Clay0%(supersand)_Group1SampleA_Mon_Mar__2_16_19_21_2026,0.030991226434707586,2.509161949157715,63.103223759755515
RABLab26_Mar02_GrafLab_Clay0%(supersand)_Group1SampleA_Mon_Mar__2_16_19_21_2026,0.030991226434707586,2.509161949157715,63.103223759755515
RABLab26_Mar02_GrafLab_Clay0%(supersand)_Group1SampleA_Mon_Mar__2_16_19_21_2026,0.030991226434707586,2.509161949157715,63.103223759755515
RABLab26_Mar02_GrafLab_Clay0%(supersand)_Group1SampleA_Mon_Mar__2_16_19_21_2026,0.030991226434707586,2.509161949157715,63.103223759755515
RABLab26_Mar02_GrafLab_Clay0%(supersand)_Group1SampleA_Mon_Mar__2_16_19_21_2026,0.030991226434707586,2.509161949157715,63.103223759755515
RABLab26_Mar02_GrafLab_Clay0%(supersand)_Group1SampleA_Mon_Mar__2_16_19_21_2026,0.031036242842674283,2.550292491912842,63.103223759755515
RABLab26_Mar02_GrafLab_Clay0%(supersand)_Group1SampleA_Mon_Mar__2_16_19_21_2026,0.031036242842674283,2.550292491912842,63.103223759755515
RABLab26_Mar02_GrafLab_Clay0%(supersand)_Group1SampleA_Mon_Mar__2_16_19_21_2026,0.031036242842674283,2.550292491912842,63.103223759755515
RABLab26_Mar02_GrafLab_Clay0%(supersand)_Group1SampleA_Mon_Mar__2_16_19_21_2026,0.031036242842674283,2.550292491912842,63.103223759755515
RABLab26_Mar02_GrafLab_Clay0%(supersand)_Group1SampleA_Mon_Mar__2_16_19_21_2026,0.031036242842674283,2.550292491912842,63.103223759755515
RABLab26_Mar02_GrafLab_Clay0%(supersand)_Group1SampleA_Mon_Mar__2_16_19_21_2026,0.031036242842674283,2.550292491912842,63.103223759755515
RABLab26_Mar02_GrafLab_Clay0%(supersand)_Group1SampleA_Mon_Mar__2_16_19_21_2026,0.031064376235008184,2.614565372467041,63.103223759755515
RABLab26_Mar02_GrafLab_Clay0%(supersand)_Group1SampleA_Mon_Mar__2_16_19_21_2026,0.031064376235008184,2.614565372467041,63.103223759755515
RABLab26_Mar02_GrafLab_Clay0%(supersand)_Group1SampleA_Mon_Mar__2_16_19_21_2026,0.031064376235008184,2.614565372467041,63.103223759755515
RABLab26_Mar02_GrafLab_Clay0%(supersand)_Group1SampleA_Mon_Mar__2_16_19_21_2026,0.031097009778022794,2.701132297515869,63.103223759755515
RABLab26_Mar02_GrafLab_Clay0%(supersand)_Group1SampleA_Mon_Mar__2_16_19_21_2026,0.031097009778022794,2.701132297515869,63.103223759755515
RABLab26_Mar02_GrafLab_Clay0%(supersand)_Group1SampleA_Mon_Mar__2_16_19_21_2026,0.031097009778022794,2.701132297515869,63.103223759755515
RABLab26_Mar02_GrafLab_Clay0%(supersand)_Group1SampleA_Mon_Mar__2_16_19_21_2026,0.031097009778022794,2.701132297515869,63.103223759755515
RABLab26_Mar02_GrafLab_Clay0%(supersand)_Group1SampleA_Mon_Mar__2_16_19_21_2026,0.031097009778022794,2.701132297515869,63.103223759755515
RABLab26_Mar02_GrafLab_Clay0%(supersand)_Group1SampleA_Mon_Mar__2_16_19_21_2026,0.031150028109550504,2.649163722991944,63.103223759755515
RABLab26_Mar02_GrafLab_Clay0%(supersand)_Group1SampleA_Mon_Mar__2_16_19_21_2026,0.031150028109550504,2.649163722991944,63.103223759755515
RABLab26_Mar02_GrafLab_Clay0%(supersand)_Group1SampleA_Mon_Mar__2_16_19_21_2026,0.031150028109550504,2.649163722991944,63.103223759755515
RABLab26_Mar02_GrafLab_Clay0%(supersand)_Group1SampleA_Mon_Mar__2_16_19_21_2026,0.031150028109550504,2.649163722991944,63.103223759755515
RABLab26_Mar02_GrafLab_Clay0%(supersand)_Group1SampleA_Mon_Mar__2_16_19_21_2026,0.031150028109550504,2.649163722991944,63.103223759755515
RABLab26_Mar02_GrafLab_Clay0%(supersand)_Group1SampleA_Mon_Mar__2_16_19_21_2026,0.031225576996803284,2.762947559356689,63.103223759755515
RABLab26_Mar02_GrafLab_Clay0%(supersand)_Group1SampleA_Mon_Mar__2_16_19_21_2026,0.031225576996803284,2.762947559356689,63.103223759755515
RABLab26_Mar02_GrafLab_Clay0%(supersand)_Group1SampleA_Mon_Mar__2_16_19_21_2026,0.031225576996803284,2.762947559356689,63.103223759755515
RABLab26_Mar02_GrafLab_Clay0%(supersand)_Group1SampleA_Mon_Mar__2_16_19_21_2026,0.031225576996803284,2.762947559356689,63.103223759755515
RABLab26_Mar02_GrafLab_Clay0%(supersand)_Group1SampleA_Mon_Mar__2_16_19_21_2026,0.031225576996803284,2.762947559356689,63.103223759755515
RABLab26_Mar02_GrafLab_Clay0%(supersand)_Group1SampleA_Mon_Mar__2_16_19_21_2026,0.03131845593452448,2.6513373851776123,63.103223759755515
RABLab26_Mar02_GrafLab_Clay0%(supersand)_Group1SampleA_Mon_Mar__2_16_19_21_2026,0.03131845593452448,2.6513373851776123,63.103223759755515
RABLab26_Mar02_GrafLab_Clay0%(supersand)_Group1SampleA_Mon_Mar__2_16_19_21_2026,0.03131845593452448,2.6513373851776123,63.103223759755515
RABLab26_Mar02_GrafLab_Clay0%(supersand)_Group1SampleA_Mon_Mar__2_16_19_21_2026,0.03131845593452448,2.6513373851776123,63.103223759755515
RABLab26_Mar02_GrafLab_Clay0%(supersand)_Group1SampleA_Mon_Mar__2_16_19_21_2026,0.03131845593452448,2.6513373851776123,63.103223759755515
RABLab26_Mar02_GrafLab_Clay0%(supersand)_Group1SampleA_Mon_Mar__2_16_19_21_2026,0.0314349830150604,2.7421414852142334,63.103223759755515
RABLab26_Mar02_GrafLab_Clay0%(supersand)_Group1SampleA_Mon_Mar__2_16_19_21_2026,0.0314349830150604,2.7421414852142334,63.103223759755515
RABLab26_Mar02_GrafLab_Clay0%(supersand)_Group1SampleA_Mon_Mar__2_16_19_21_2026,0.0314349830150604,2.7421414852142334,63.103223759755515
RABLab26_Mar02_GrafLab_Clay0%(supersand)_Group1SampleA_Mon_Mar__2_16_19_21_2026,0.0314349830150604,2.7421414852142334,63.103223759755515
RABLab26_Mar02_GrafLab_Clay0%(supersand)_Group1SampleA_Mon_Mar__2_16_19_21_2026,0.0314349830150604,2.7421414852142334,63.103223759755515
RABLab26_Mar02_GrafLab_Clay0%(supersand)_Group1SampleA_Mon_Mar__2_16_19_21_2026,0.0314349830150604,2.7421414852142334,63.103223759755515
RABLab26_Mar02_GrafLab_Clay0%(supersand)_Group1SampleA_Mon_Mar__2_16_19_21_2026,0.0315393656492233,2.616379499435425,63.103223759755515
RABLab26_Mar02_GrafLab_Clay0%(supersand)_Group1SampleA_Mon_Mar__2_16_19_21_2026,0.0315393656492233,2.616379499435425,63.103223759755515
RABLab26_Mar02_GrafLab_Clay0%(supersand)_Group1SampleA_Mon_Mar__2_16_19_21_2026,0.0315393656492233,2.616379499435425,63.103223759755515
RABLab26_Mar02_GrafLab_Clay0%(supersand)_Group1SampleA_Mon_Mar__2_16_19_21_2026,0.0315393656492233,2.616379499435425,63.103223759755515
RABLab26_Mar02_GrafLab_Clay0%(supersand)_Group1SampleA_Mon_Mar__2_16_19_21_2026,0.0315393656492233,2.616379499435425,63.103223759755515
RABLab26_Mar02_GrafLab_Clay0%(supersand)_Group1SampleA_Mon_Mar__2_16_19_21_2026,0.03170669078826899,2.6325299739837646,63.103223759755515
RABLab26_Mar02_GrafLab_Clay0%(supersand)_Group1SampleA_Mon_Mar__2_16_19_21_2026,0.03170669078826899,2.6325299739837646,63.103223759755515
RABLab26_Mar02_GrafLab_Clay0%(supersand)_Group1SampleA_Mon_Mar__2_16_19_21_2026,0.03170669078826899,2.6325299739837646,63.103223759755515
RABLab26_Mar02_GrafLab_Clay0%(supersand)_Group1SampleA_Mon_Mar__2_16_19_21_2026,0.03170669078826899,2.6325299739837646,63.103223759755515
RABLab26_Mar02_GrafLab_Clay0%(supersand)_Group1SampleA_Mon_Mar__2_16_19_21_2026,0.03170669078826899,2.6325299739837646,63.103223759755515
RABLab26_Mar02_GrafLab_Clay0%(supersand)_Group1SampleA_Mon_Mar__2_16_19_21_2026,0.03170669078826899,2.6325299739837646,63.103223759755515
RABLab26_Mar02_GrafLab_Clay0%(supersand)_Group1SampleA_Mon_Mar__2_16_19_21_2026,0.03190240263938898,2.428243637084961,63.103223759755515
RABLab26_Mar02_GrafLab_Clay0%(supersand)_Group1SampleA_Mon_Mar__2_16_19_21_2026,0.03190240263938898,2.428243637084961,63.103223759755515
RABLab26_Mar02_GrafLab_Clay0%(supersand)_Group1SampleA_Mon_Mar__2_16_19_21_2026,0.03190240263938898,2.428243637084961,63.103223759755515
RABLab26_Mar02_GrafLab_Clay0%(supersand)_Group1SampleA_Mon_Mar__2_16_19_21_2026,0.03190240263938898,2.428243637084961,63.103223759755515
RABLab26_Mar02_GrafLab_Clay0%(supersand)_Group1SampleA_Mon_Mar__2_16_19_21_2026,0.03190240263938898,2.428243637084961,63.103223759755515
RABLab26_Mar02_GrafLab_Clay0%(supersand)_Group1SampleA_Mon_Mar__2_16_19_21_2026,0.03190240263938898,2.428243637084961,63.103223759755515
RABLab26_Mar02_GrafLab_Clay0%(supersand)_Group1SampleA_Mon_Mar__2_16_19_21_2026,0.03190240263938898,2.428243637084961,63.103223759755515
RABLab26_Mar02_GrafLab_Clay0%(supersand)_Group1SampleA_Mon_Mar__2_16_19_21_2026,0.03221479058265689,2.304924964904785,63.103223759755515
RABLab26_Mar02_GrafLab_Clay0%(supersand)_Group1SampleA_Mon_Mar__2_16_19_21_2026,0.03221479058265689,2.304924964904785,63.103223759755515
RABLab26_Mar02_GrafLab_Clay0%(supersand)_Group1SampleA_Mon_Mar__2_16_19_21_2026,0.03221479058265689,2.304924964904785,63.103223759755515
RABLab26_Mar02_GrafLab_Clay0%(supersand)_Group1SampleA_Mon_Mar__2_16_19_21_2026,0.03221479058265689,2.304924964904785,63.103223759755515
RABLab26_Mar02_GrafLab_Clay0%(supersand)_Group1SampleA_Mon_Mar__2_16_19_21_2026,0.03221479058265689,2.304924964904785,63.103223759755515
RABLab26_Mar02_GrafLab_Clay0%(supersand)_Group1SampleA_Mon_Mar__2_16_19_21_2026,0.03221479058265689,2.304924964904785,63.103223759755515
RABLab26_Mar02_GrafLab_Clay0%(supersand)_Group1SampleA_Mon_Mar__2_16_19_21_2026,0.03221479058265689,2.304924964904785,63.103223759755515
RABLab26_Mar02_GrafLab_Clay0%(supersand)_Group1SampleA_Mon_Mar__2_16_19_21_2026,0.032458007335662786,2.070773839950561,63.103223759755515
RABLab26_Mar02_GrafLab_Clay0%(supersand)_Group1SampleA_Mon_Mar__2_16_19_21_2026,0.032458007335662786,2.070773839950561,63.103223759755515
RABLab26_Mar02_GrafLab_Clay0%(supersand)_Group1SampleA_Mon_Mar__2_16_19_21_2026,0.032458007335662786,2.070773839950561,63.103223759755515
RABLab26_Mar02_GrafLab_Clay0%(supersand)_Group1SampleA_Mon_Mar__2_16_19_21_2026,0.032458007335662786,2.070773839950561,63.103223759755515
RABLab26_Mar02_GrafLab_Clay0%(supersand)_Group1SampleA_Mon_Mar__2_16_19_21_2026,0.032458007335662786,2.070773839950561,63.103223759755515
RABLab26_Mar02_GrafLab_Clay0%(supersand)_Group1SampleA_Mon_Mar__2_16_19_21_2026,0.032458007335662786,2.070773839950561,63.103223759755515
RABLab26_Mar02_GrafLab_Clay0%(supersand)_Group1SampleA_Mon_Mar__2_16_19_21_2026,0.032673969864845304,2.10004997253418,63.103223759755515
RABLab26_Mar02_GrafLab_Clay0%(supersand)_Group1SampleA_Mon_Mar__2_16_19_21_2026,0.032673969864845304,2.10004997253418,63.103223759755515
RABLab26_Mar02_GrafLab_Clay0%(supersand)_Group1SampleA_Mon_Mar__2_16_19_21_2026,0.032673969864845304,2.10004997253418,63.103223759755515
RABLab26_Mar02_GrafLab_Clay0%(supersand)_Group1SampleA_Mon_Mar__2_16_19_21_2026,0.032673969864845304,2.10004997253418,63.103223759755515
RABLab26_Mar02_GrafLab_Clay0%(supersand)_Group1SampleA_Mon_Mar__2_16_19_21_2026,0.032673969864845304,2.10004997253418,63.103223759755515
RABLab26_Mar02_GrafLab_Clay0%(supersand)_Group1SampleA_Mon_Mar__2_16_19_21_2026,0.03275005519390109,2.0651304721832275,63.103223759755515
RABLab26_Mar02_GrafLab_Clay0%(supersand)_Group1SampleA_Mon_Mar__2_16_19_21_2026,0.03275005519390109,2.0651304721832275,63.103223759755515
RABLab26_Mar02_GrafLab_Clay0%(supersand)_Group1SampleA_Mon_Mar__2_16_19_21_2026,0.03275005519390109,2.0651304721832275,63.103223759755515
RABLab26_Mar02_GrafLab_Clay0%(supersand)_Group1SampleA_Mon_Mar__2_16_19_21_2026,0.03275005519390109,2.0651304721832275,63.103223759755515
RABLab26_Mar02_GrafLab_Clay0%(supersand)_Group1SampleA_Mon_Mar__2_16_19_21_2026,0.03275005519390109,2.0651304721832275,63.103223759755515
RABLab26_Mar02_GrafLab_Clay0%(supersand)_Group1SampleA_Mon_Mar__2_16_19_21_2026,0.03275005519390109,2.0651304721832275,63.103223759755515
RABLab26_Mar02_GrafLab_Clay0%(supersand)_Group1SampleA_Mon_Mar__2_16_19_21_2026,0.03280183672904968,2.2201387882232666,63.103223759755515
RABLab26_Mar02_GrafLab_Clay0%(supersand)_Group1SampleA_Mon_Mar__2_16_19_21_2026,0.03280183672904968,2.2201387882232666,63.103223759755515
RABLab26_Mar02_GrafLab_Clay0%(supersand)_Group1SampleA_Mon_Mar__2_16_19_21_2026,0.03280183672904968,2.2201387882232666,63.103223759755515
RABLab26_Mar02_GrafLab_Clay0%(supersand)_Group1SampleA_Mon_Mar__2_16_19_21_2026,0.03280183672904968,2.2201387882232666,63.103223759755515
RABLab26_Mar02_GrafLab_Clay0%(supersand)_Group1SampleA_Mon_Mar__2_16_19_21_2026,0.03280183672904968,2.2201387882232666,63.103223759755515
RABLab26_Mar02_GrafLab_Clay0%(supersand)_Group1SampleA_Mon_Mar__2_16_19_21_2026,0.03280183672904968,2.2201387882232666,63.103223759755515
RABLab26_Mar02_GrafLab_Clay0%(supersand)_Group1SampleA_Mon_Mar__2_16_19_21_2026,0.03280183672904968,2.2201387882232666,63.103223759755515
RABLab26_Mar02_GrafLab_Clay0%(supersand)_Group1SampleA_Mon_Mar__2_16_19_21_2026,0.03286218643188479,2.2559633255004883,63.103223759755515
RABLab26_Mar02_GrafLab_Clay0%(supersand)_Group1SampleA_Mon_Mar__2_16_19_21_2026,0.03286218643188479,2.2559633255004883,63.103223759755515
RABLab26_Mar02_GrafLab_Clay0%(supersand)_Group1SampleA_Mon_Mar__2_16_19_21_2026,0.03286218643188479,2.2559633255004883,63.103223759755515
RABLab26_Mar02_GrafLab_Clay0%(supersand)_Group1SampleA_Mon_Mar__2_16_19_21_2026,0.03286218643188479,2.2559633255004883,63.103223759755515
RABLab26_Mar02_GrafLab_Clay0%(supersand)_Group1SampleA_Mon_Mar__2_16_19_21_2026,0.03286218643188479,2.2559633255004883,63.103223759755515
RABLab26_Mar02_GrafLab_Clay0%(supersand)_Group1SampleA_Mon_Mar__2_16_19_21_2026,0.03286218643188479,2.2559633255004883,63.103223759755515
RABLab26_Mar02_GrafLab_Clay0%(supersand)_Group1SampleA_Mon_Mar__2_16_19_21_2026,0.032929033041000394,2.1916050910949707,63.103223759755515
RABLab26_Mar02_GrafLab_Clay0%(supersand)_Group1SampleA_Mon_Mar__2_16_19_21_2026,0.032929033041000394,2.1916050910949707,63.103223759755515
RABLab26_Mar02_GrafLab_Clay0%(supersand)_Group1SampleA_Mon_Mar__2_16_19_21_2026,0.032929033041000394,2.1916050910949707,63.103223759755515
RABLab26_Mar02_GrafLab_Clay0%(supersand)_Group1SampleA_Mon_Mar__2_16_19_21_2026,0.032929033041000394,2.1916050910949707,63.103223759755515
RABLab26_Mar02_GrafLab_Clay0%(supersand)_Group1SampleA_Mon_Mar__2_16_19_21_2026,0.032929033041000394,2.1916050910949707,63.103223759755515
RABLab26_Mar02_GrafLab_Clay0%(supersand)_Group1SampleA_Mon_Mar__2_16_19_21_2026,0.032929033041000394,2.1916050910949707,63.103223759755515
RABLab26_Mar02_GrafLab_Clay0%(supersand)_Group1SampleA_Mon_Mar__2_16_19_21_2026,0.0330045819282532,2.290549993515014,63.103223759755515
RABLab26_Mar02_GrafLab_Clay0%(supersand)_Group1SampleA_Mon_Mar__2_16_19_21_2026,0.0330045819282532,2.290549993515014,63.103223759755515
RABLab26_Mar02_GrafLab_Clay0%(supersand)_Group1SampleA_Mon_Mar__2_16_19_21_2026,0.0330045819282532,2.290549993515014,63.103223759755515
RABLab26_Mar02_GrafLab_Clay0%(supersand)_Group1SampleA_Mon_Mar__2_16_19_21_2026,0.0330045819282532,2.290549993515014,63.103223759755515
RABLab26_Mar02_GrafLab_Clay0%(supersand)_Group1SampleA_Mon_Mar__2_16_19_21_2026,0.0330045819282532,2.290549993515014,63.103223759755515
RABLab26_Mar02_GrafLab_Clay0%(supersand)_Group1SampleA_Mon_Mar__2_16_19_21_2026,0.0330045819282532,2.290549993515014,63.103223759755515
RABLab26_Mar02_GrafLab_Clay0%(supersand)_Group1SampleA_Mon_Mar__2_16_19_21_2026,0.033087804913520785,2.2120237350463867,63.103223759755515
RABLab26_Mar02_GrafLab_Clay0%(supersand)_Group1SampleA_Mon_Mar__2_16_19_21_2026,0.033087804913520785,2.2120237350463867,63.103223759755515
RABLab26_Mar02_GrafLab_Clay0%(supersand)_Group1SampleA_Mon_Mar__2_16_19_21_2026,0.033087804913520785,2.2120237350463867,63.103223759755515
RABLab26_Mar02_GrafLab_Clay0%(supersand)_Group1SampleA_Mon_Mar__2_16_19_21_2026,0.033087804913520785,2.2120237350463867,63.103223759755515
RABLab26_Mar02_GrafLab_Clay0%(supersand)_Group1SampleA_Mon_Mar__2_16_19_21_2026,0.033087804913520785,2.2120237350463867,63.103223759755515
RABLab26_Mar02_GrafLab_Clay0%(supersand)_Group1SampleA_Mon_Mar__2_16_19_21_2026,0.033087804913520785,2.2120237350463867,63.103223759755515
RABLab26_Mar02_GrafLab_Clay0%(supersand)_Group1SampleA_Mon_Mar__2_16_19_21_2026,0.033087804913520785,2.2120237350463867,63.103223759755515
RABLab26_Mar02_GrafLab_Clay0%(supersand)_Group1SampleA_Mon_Mar__2_16_19_21_2026,0.03321355581283569,2.271925449371338,63.103223759755515
RABLab26_Mar02_GrafLab_Clay0%(supersand)_Group1SampleA_Mon_Mar__2_16_19_21_2026,0.03321355581283569,2.271925449371338,63.103223759755515
RABLab26_Mar02_GrafLab_Clay0%(supersand)_Group1SampleA_Mon_Mar__2_16_19_21_2026,0.03321355581283569,2.271925449371338,63.103223759755515
RABLab26_Mar02_GrafLab_Clay0%(supersand)_Group1SampleA_Mon_Mar__2_16_19_21_2026,0.03321355581283569,2.271925449371338,63.103223759755515
RABLab26_Mar02_GrafLab_Clay0%(supersand)_Group1SampleA_Mon_Mar__2_16_19_21_2026,0.03321355581283569,2.271925449371338,63.103223759755515
RABLab26_Mar02_GrafLab_Clay0%(supersand)_Group1SampleA_Mon_Mar__2_16_19_21_2026,0.03321355581283569,2.271925449371338,63.103223759755515
RABLab26_Mar02_GrafLab_Clay0%(supersand)_Group1SampleA_Mon_Mar__2_16_19_21_2026,0.03333109617233279,2.244711637496948,63.103223759755515
RABLab26_Mar02_GrafLab_Clay0%(supersand)_Group1SampleA_Mon_Mar__2_16_19_21_2026,0.03333109617233279,2.244711637496948,63.103223759755515
RABLab26_Mar02_GrafLab_Clay0%(supersand)_Group1SampleA_Mon_Mar__2_16_19_21_2026,0.03333109617233279,2.244711637496948,63.103223759755515
RABLab26_Mar02_GrafLab_Clay0%(supersand)_Group1SampleA_Mon_Mar__2_16_19_21_2026,0.03333109617233279,2.244711637496948,63.103223759755515
RABLab26_Mar02_GrafLab_Clay0%(supersand)_Group1SampleA_Mon_Mar__2_16_19_21_2026,0.03333109617233279,2.244711637496948,63.103223759755515
RABLab26_Mar02_GrafLab_Clay0%(supersand)_Group1SampleA_Mon_Mar__2_16_19_21_2026,0.03333109617233279,2.244711637496948,63.103223759755515
RABLab26_Mar02_GrafLab_Clay0%(supersand)_Group1SampleA_Mon_Mar__2_16_19_21_2026,0.03333109617233279,2.244711637496948,63.103223759755515
RABLab26_Mar02_GrafLab_Clay0%(supersand)_Group1SampleA_Mon_Mar__2_16_19_21_2026,0.03340692818164828,2.1898365020751958,63.103223759755515
RABLab26_Mar02_GrafLab_Clay0%(supersand)_Group1SampleA_Mon_Mar__2_16_19_21_2026,0.03340692818164828,2.1898365020751958,63.103223759755515
RABLab26_Mar02_GrafLab_Clay0%(supersand)_Group1SampleA_Mon_Mar__2_16_19_21_2026,0.03340692818164828,2.1898365020751958,63.103223759755515
RABLab26_Mar02_GrafLab_Clay0%(supersand)_Group1SampleA_Mon_Mar__2_16_19_21_2026,0.03340692818164828,2.1898365020751958,63.103223759755515
RABLab26_Mar02_GrafLab_Clay0%(supersand)_Group1SampleA_Mon_Mar__2_16_19_21_2026,0.03340692818164828,2.1898365020751958,63.103223759755515
RABLab26_Mar02_GrafLab_Clay0%(supersand)_Group1SampleA_Mon_Mar__2_16_19_21_2026,0.03347945213317868,2.229063034057617,63.103223759755515
RABLab26_Mar02_GrafLab_Clay0%(supersand)_Group1SampleA_Mon_Mar__2_16_19_21_2026,0.03347945213317868,2.229063034057617,63.103223759755515
RABLab26_Mar02_GrafLab_Clay0%(supersand)_Group1SampleA_Mon_Mar__2_16_19_21_2026,0.03347945213317868,2.229063034057617,63.103223759755515
RABLab26_Mar02_GrafLab_Clay0%(supersand)_Group1SampleA_Mon_Mar__2_16_19_21_2026,0.03347945213317868,2.229063034057617,63.103223759755515
RABLab26_Mar02_GrafLab_Clay0%(supersand)_Group1SampleA_Mon_Mar__2_16_19_21_2026,0.03347945213317868,2.229063034057617,63.103223759755515
RABLab26_Mar02_GrafLab_Clay0%(supersand)_Group1SampleA_Mon_Mar__2_16_19_21_2026,0.033559352159500094,2.247192859649658,63.103223759755515
RABLab26_Mar02_GrafLab_Clay0%(supersand)_Group1SampleA_Mon_Mar__2_16_19_21_2026,0.033559352159500094,2.247192859649658,63.103223759755515
RABLab26_Mar02_GrafLab_Clay0%(supersand)_Group1SampleA_Mon_Mar__2_16_19_21_2026,0.033559352159500094,2.247192859649658,63.103223759755515
RABLab26_Mar02_GrafLab_Clay0%(supersand)_Group1SampleA_Mon_Mar__2_16_19_21_2026,0.033559352159500094,2.247192859649658,63.103223759755515
RABLab26_Mar02_GrafLab_Clay0%(supersand)_Group1SampleA_Mon_Mar__2_16_19_21_2026,0.033559352159500094,2.247192859649658,63.103223759755515
RABLab26_Mar02_GrafLab_Clay0%(supersand)_Group1SampleA_Mon_Mar__2_16_19_21_2026,0.03361786901950839,2.286411762237549,63.103223759755515
RABLab26_Mar02_GrafLab_Clay0%(supersand)_Group1SampleA_Mon_Mar__2_16_19_21_2026,0.03361786901950839,2.286411762237549,63.103223759755515
RABLab26_Mar02_GrafLab_Clay0%(supersand)_Group1SampleA_Mon_Mar__2_16_19_21_2026,0.03361786901950839,2.286411762237549,63.103223759755515
RABLab26_Mar02_GrafLab_Clay0%(supersand)_Group1SampleA_Mon_Mar__2_16_19_21_2026,0.03361786901950839,2.286411762237549,63.103223759755515
RABLab26_Mar02_GrafLab_Clay0%(supersand)_Group1SampleA_Mon_Mar__2_16_19_21_2026,0.03361786901950839,2.286411762237549,63.103223759755515
RABLab26_Mar02_GrafLab_Clay0%(supersand)_Group1SampleA_Mon_Mar__2_16_19_21_2026,0.03361786901950839,2.286411762237549,63.103223759755515
RABLab26_Mar02_GrafLab_Clay0%(supersand)_Group1SampleA_Mon_Mar__2_16_19_21_2026,0.033685699105262784,2.324770450592041,63.103223759755515
RABLab26_Mar02_GrafLab_Clay0%(supersand)_Group1SampleA_Mon_Mar__2_16_19_21_2026,0.033685699105262784,2.324770450592041,63.103223759755515
RABLab26_Mar02_GrafLab_Clay0%(supersand)_Group1SampleA_Mon_Mar__2_16_19_21_2026,0.033685699105262784,2.324770450592041,63.103223759755515
RABLab26_Mar02_GrafLab_Clay0%(supersand)_Group1SampleA_Mon_Mar__2_16_19_21_2026,0.033685699105262784,2.324770450592041,63.103223759755515
RABLab26_Mar02_GrafLab_Clay0%(supersand)_Group1SampleA_Mon_Mar__2_16_19_21_2026,0.033685699105262784,2.324770450592041,63.103223759755515
RABLab26_Mar02_GrafLab_Clay0%(supersand)_Group1SampleA_Mon_Mar__2_16_19_21_2026,0.033753797411918585,2.348386526107788,63.103223759755515
RABLab26_Mar02_GrafLab_Clay0%(supersand)_Group1SampleA_Mon_Mar__2_16_19_21_2026,0.033753797411918585,2.348386526107788,63.103223759755515
RABLab26_Mar02_GrafLab_Clay0%(supersand)_Group1SampleA_Mon_Mar__2_16_19_21_2026,0.033753797411918585,2.348386526107788,63.103223759755515
RABLab26_Mar02_GrafLab_Clay0%(supersand)_Group1SampleA_Mon_Mar__2_16_19_21_2026,0.033753797411918585,2.348386526107788,63.103223759755515
RABLab26_Mar02_GrafLab_Clay0%(supersand)_Group1SampleA_Mon_Mar__2_16_19_21_2026,0.033753797411918585,2.348386526107788,63.103223759755515
RABLab26_Mar02_GrafLab_Clay0%(supersand)_Group1SampleA_Mon_Mar__2_16_19_21_2026,0.03383930027484888,2.3479108810424805,63.103223759755515
RABLab26_Mar02_GrafLab_Clay0%(supersand)_Group1SampleA_Mon_Mar__2_16_19_21_2026,0.03383930027484888,2.3479108810424805,63.103223759755515
RABLab26_Mar02_GrafLab_Clay0%(supersand)_Group1SampleA_Mon_Mar__2_16_19_21_2026,0.03383930027484888,2.3479108810424805,63.103223759755515
RABLab26_Mar02_GrafLab_Clay0%(supersand)_Group1SampleA_Mon_Mar__2_16_19_21_2026,0.03383930027484888,2.3479108810424805,63.103223759755515
RABLab26_Mar02_GrafLab_Clay0%(supersand)_Group1SampleA_Mon_Mar__2_16_19_21_2026,0.03393577039241788,2.366546630859375,63.103223759755515
RABLab26_Mar02_GrafLab_Clay0%(supersand)_Group1SampleA_Mon_Mar__2_16_19_21_2026,0.03393577039241788,2.366546630859375,63.103223759755515
RABLab26_Mar02_GrafLab_Clay0%(supersand)_Group1SampleA_Mon_Mar__2_16_19_21_2026,0.03393577039241788,2.366546630859375,63.103223759755515
RABLab26_Mar02_GrafLab_Clay0%(supersand)_Group1SampleA_Mon_Mar__2_16_19_21_2026,0.03393577039241788,2.366546630859375,63.103223759755515
RABLab26_Mar02_GrafLab_Clay0%(supersand)_Group1SampleA_Mon_Mar__2_16_19_21_2026,0.03393577039241788,2.366546630859375,63.103223759755515
RABLab26_Mar02_GrafLab_Clay0%(supersand)_Group1SampleA_Mon_Mar__2_16_19_21_2026,0.03408670425415039,2.379211187362671,63.103223759755515
RABLab26_Mar02_GrafLab_Clay0%(supersand)_Group1SampleA_Mon_Mar__2_16_19_21_2026,0.03408670425415039,2.379211187362671,63.103223759755515
RABLab26_Mar02_GrafLab_Clay0%(supersand)_Group1SampleA_Mon_Mar__2_16_19_21_2026,0.03408670425415039,2.379211187362671,63.103223759755515
RABLab26_Mar02_GrafLab_Clay0%(supersand)_Group1SampleA_Mon_Mar__2_16_19_21_2026,0.03408670425415039,2.379211187362671,63.103223759755515
RABLab26_Mar02_GrafLab_Clay0%(supersand)_Group1SampleA_Mon_Mar__2_16_19_21_2026,0.03408670425415039,2.379211187362671,63.103223759755515
RABLab26_Mar02_GrafLab_Clay0%(supersand)_Group1SampleA_Mon_Mar__2_16_19_21_2026,0.03408670425415039,2.379211187362671,63.103223759755515
RABLab26_Mar02_GrafLab_Clay0%(supersand)_Group1SampleA_Mon_Mar__2_16_19_21_2026,0.0342561602592468,2.209319829940796,63.103223759755515
RABLab26_Mar02_GrafLab_Clay0%(supersand)_Group1SampleA_Mon_Mar__2_16_19_21_2026,0.0342561602592468,2.209319829940796,63.103223759755515
RABLab26_Mar02_GrafLab_Clay0%(supersand)_Group1SampleA_Mon_Mar__2_16_19_21_2026,0.0342561602592468,2.209319829940796,63.103223759755515
RABLab26_Mar02_GrafLab_Clay0%(supersand)_Group1SampleA_Mon_Mar__2_16_19_21_2026,0.0342561602592468,2.209319829940796,63.103223759755515
RABLab26_Mar02_GrafLab_Clay0%(supersand)_Group1SampleA_Mon_Mar__2_16_19_21_2026,0.03443996608257288,2.2178425788879395,63.103223759755515
RABLab26_Mar02_GrafLab_Clay0%(supersand)_Group1SampleA_Mon_Mar__2_16_19_21_2026,0.03443996608257288,2.2178425788879395,63.103223759755515
RABLab26_Mar02_GrafLab_Clay0%(supersand)_Group1SampleA_Mon_Mar__2_16_19_21_2026,0.03443996608257288,2.2178425788879395,63.103223759755515
RABLab26_Mar02_GrafLab_Clay0%(supersand)_Group1SampleA_Mon_Mar__2_16_19_21_2026,0.03443996608257288,2.2178425788879395,63.103223759755515
RABLab26_Mar02_GrafLab_Clay0%(supersand)_Group1SampleA_Mon_Mar__2_16_19_21_2026,0.03443996608257288,2.2178425788879395,63.103223759755515
RABLab26_Mar02_GrafLab_Clay0%(supersand)_Group1SampleA_Mon_Mar__2_16_19_21_2026,0.03457297384738919,2.119450807571411,63.103223759755515
RABLab26_Mar02_GrafLab_Clay0%(supersand)_Group1SampleA_Mon_Mar__2_16_19_21_2026,0.03457297384738919,2.119450807571411,63.103223759755515
RABLab26_Mar02_GrafLab_Clay0%(supersand)_Group1SampleA_Mon_Mar__2_16_19_21_2026,0.03457297384738919,2.119450807571411,63.103223759755515
RABLab26_Mar02_GrafLab_Clay0%(supersand)_Group1SampleA_Mon_Mar__2_16_19_21_2026,0.03457297384738919,2.119450807571411,63.103223759755515
RABLab26_Mar02_GrafLab_Clay0%(supersand)_Group1SampleA_Mon_Mar__2_16_19_21_2026,0.03457297384738919,2.119450807571411,63.103223759755515
RABLab26_Mar02_GrafLab_Clay0%(supersand)_Group1SampleA_Mon_Mar__2_16_19_21_2026,0.03457297384738919,2.119450807571411,63.103223759755515
RABLab26_Mar02_GrafLab_Clay0%(supersand)_Group1SampleA_Mon_Mar__2_16_19_21_2026,0.0346643328666687,2.126175880432129,63.103223759755515
RABLab26_Mar02_GrafLab_Clay0%(supersand)_Group1SampleA_Mon_Mar__2_16_19_21_2026,0.0346643328666687,2.126175880432129,63.103223759755515
RABLab26_Mar02_GrafLab_Clay0%(supersand)_Group1SampleA_Mon_Mar__2_16_19_21_2026,0.0346643328666687,2.126175880432129,63.103223759755515
RABLab26_Mar02_GrafLab_Clay0%(supersand)_Group1SampleA_Mon_Mar__2_16_19_21_2026,0.034729763865470886,2.1710455417633057,63.103223759755515
RABLab26_Mar02_GrafLab_Clay0%(supersand)_Group1SampleA_Mon_Mar__2_16_19_21_2026,0.034729763865470886,2.1710455417633057,63.103223759755515
RABLab26_Mar02_GrafLab_Clay0%(supersand)_Group1SampleA_Mon_Mar__2_16_19_21_2026,0.034729763865470886,2.1710455417633057,63.103223759755515
RABLab26_Mar02_GrafLab_Clay0%(supersand)_Group1SampleA_Mon_Mar__2_16_19_21_2026,0.034729763865470886,2.1710455417633057,63.103223759755515
RABLab26_Mar02_GrafLab_Clay0%(supersand)_Group1SampleA_Mon_Mar__2_16_19_21_2026,0.034729763865470886,2.1710455417633057,63.103223759755515
RABLab26_Mar02_GrafLab_Clay0%(supersand)_Group1SampleA_Mon_Mar__2_16_19_21_2026,0.03477838635444638,2.22102165222168,63.103223759755515
RABLab26_Mar02_GrafLab_Clay0%(supersand)_Group1SampleA_Mon_Mar__2_16_19_21_2026,0.03477838635444638,2.22102165222168,63.103223759755515
RABLab26_Mar02_GrafLab_Clay0%(supersand)_Group1SampleA_Mon_Mar__2_16_19_21_2026,0.03477838635444638,2.22102165222168,63.103223759755515
RABLab26_Mar02_GrafLab_Clay0%(supersand)_Group1SampleA_Mon_Mar__2_16_19_21_2026,0.03477838635444638,2.22102165222168,63.103223759755515
RABLab26_Mar02_GrafLab_Clay0%(supersand)_Group1SampleA_Mon_Mar__2_16_19_21_2026,0.03484126925468439,2.2785909175872803,63.103223759755515
RABLab26_Mar02_GrafLab_Clay0%(supersand)_Group1SampleA_Mon_Mar__2_16_19_21_2026,0.03484126925468439,2.2785909175872803,63.103223759755515
RABLab26_Mar02_GrafLab_Clay0%(supersand)_Group1SampleA_Mon_Mar__2_16_19_21_2026,0.03484126925468439,2.2785909175872803,63.103223759755515
RABLab26_Mar02_GrafLab_Clay0%(supersand)_Group1SampleA_Mon_Mar__2_16_19_21_2026,0.03484126925468439,2.2785909175872803,63.103223759755515
RABLab26_Mar02_GrafLab_Clay0%(supersand)_Group1SampleA_Mon_Mar__2_16_19_21_2026,0.03484126925468439,2.2785909175872803,63.103223759755515
RABLab26_Mar02_GrafLab_Clay0%(supersand)_Group1SampleA_Mon_Mar__2_16_19_21_2026,0.03484126925468439,2.2785909175872803,63.103223759755515
RABLab26_Mar02_GrafLab_Clay0%(supersand)_Group1SampleA_Mon_Mar__2_16_19_21_2026,0.034914210438728305,2.391869306564331,63.103223759755515
RABLab26_Mar02_GrafLab_Clay0%(supersand)_Group1SampleA_Mon_Mar__2_16_19_21_2026,0.034914210438728305,2.391869306564331,63.103223759755515
RABLab26_Mar02_GrafLab_Clay0%(supersand)_Group1SampleA_Mon_Mar__2_16_19_21_2026,0.034914210438728305,2.391869306564331,63.103223759755515
RABLab26_Mar02_GrafLab_Clay0%(supersand)_Group1SampleA_Mon_Mar__2_16_19_21_2026,0.034914210438728305,2.391869306564331,63.103223759755515
RABLab26_Mar02_GrafLab_Clay0%(supersand)_Group1SampleA_Mon_Mar__2_16_19_21_2026,0.034914210438728305,2.391869306564331,63.103223759755515
RABLab26_Mar02_GrafLab_Clay0%(supersand)_Group1SampleA_Mon_Mar__2_16_19_21_2026,0.034914210438728305,2.391869306564331,63.103223759755515
RABLab26_Mar02_GrafLab_Clay0%(supersand)_Group1SampleA_Mon_Mar__2_16_19_21_2026,0.03497909009456629,2.301245212554932,63.103223759755515
RABLab26_Mar02_GrafLab_Clay0%(supersand)_Group1SampleA_Mon_Mar__2_16_19_21_2026,0.03497909009456629,2.301245212554932,63.103223759755515
RABLab26_Mar02_GrafLab_Clay0%(supersand)_Group1SampleA_Mon_Mar__2_16_19_21_2026,0.03497909009456629,2.301245212554932,63.103223759755515
RABLab26_Mar02_GrafLab_Clay0%(supersand)_Group1SampleA_Mon_Mar__2_16_19_21_2026,0.03497909009456629,2.301245212554932,63.103223759755515
RABLab26_Mar02_GrafLab_Clay0%(supersand)_Group1SampleA_Mon_Mar__2_16_19_21_2026,0.03497909009456629,2.301245212554932,63.103223759755515
RABLab26_Mar02_GrafLab_Clay0%(supersand)_Group1SampleA_Mon_Mar__2_16_19_21_2026,0.03497909009456629,2.301245212554932,63.103223759755515
RABLab26_Mar02_GrafLab_Clay0%(supersand)_Group1SampleA_Mon_Mar__2_16_19_21_2026,0.03501513600349429,2.4785852432250977,63.103223759755515
RABLab26_Mar02_GrafLab_Clay0%(supersand)_Group1SampleA_Mon_Mar__2_16_19_21_2026,0.03501513600349429,2.4785852432250977,63.103223759755515
RABLab26_Mar02_GrafLab_Clay0%(supersand)_Group1SampleA_Mon_Mar__2_16_19_21_2026,0.03501513600349429,2.4785852432250977,63.103223759755515
RABLab26_Mar02_GrafLab_Clay0%(supersand)_Group1SampleA_Mon_Mar__2_16_19_21_2026,0.03501513600349429,2.4785852432250977,63.103223759755515
RABLab26_Mar02_GrafLab_Clay0%(supersand)_Group1SampleA_Mon_Mar__2_16_19_21_2026,0.03501513600349429,2.4785852432250977,63.103223759755515
RABLab26_Mar02_GrafLab_Clay0%(supersand)_Group1SampleA_Mon_Mar__2_16_19_21_2026,0.03501513600349429,2.4785852432250977,63.103223759755515
RABLab26_Mar02_GrafLab_Clay0%(supersand)_Group1SampleA_Mon_Mar__2_16_19_21_2026,0.035032674670219394,2.488745927810669,63.103223759755515
RABLab26_Mar02_GrafLab_Clay0%(supersand)_Group1SampleA_Mon_Mar__2_16_19_21_2026,0.035032674670219394,2.488745927810669,63.103223759755515
RABLab26_Mar02_GrafLab_Clay0%(supersand)_Group1SampleA_Mon_Mar__2_16_19_21_2026,0.035032674670219394,2.488745927810669,63.103223759755515
RABLab26_Mar02_GrafLab_Clay0%(supersand)_Group1SampleA_Mon_Mar__2_16_19_21_2026,0.035032674670219394,2.488745927810669,63.103223759755515
RABLab26_Mar02_GrafLab_Clay0%(supersand)_Group1SampleA_Mon_Mar__2_16_19_21_2026,0.035032674670219394,2.488745927810669,63.103223759755515
RABLab26_Mar02_GrafLab_Clay0%(supersand)_Group1SampleA_Mon_Mar__2_16_19_21_2026,0.035032674670219394,2.488745927810669,63.103223759755515
RABLab26_Mar02_GrafLab_Clay0%(supersand)_Group1SampleA_Mon_Mar__2_16_19_21_2026,0.035032674670219394,2.488745927810669,63.103223759755515
RABLab26_Mar02_GrafLab_Clay0%(supersand)_Group1SampleA_Mon_Mar__2_16_19_21_2026,0.03506375849246979,2.5428054332733154,63.103223759755515
RABLab26_Mar02_GrafLab_Clay0%(supersand)_Group1SampleA_Mon_Mar__2_16_19_21_2026,0.03506375849246979,2.5428054332733154,63.103223759755515
RABLab26_Mar02_GrafLab_Clay0%(supersand)_Group1SampleA_Mon_Mar__2_16_19_21_2026,0.03506375849246979,2.5428054332733154,63.103223759755515
RABLab26_Mar02_GrafLab_Clay0%(supersand)_Group1SampleA_Mon_Mar__2_16_19_21_2026,0.03506375849246979,2.5428054332733154,63.103223759755515
RABLab26_Mar02_GrafLab_Clay0%(supersand)_Group1SampleA_Mon_Mar__2_16_19_21_2026,0.03506375849246979,2.5428054332733154,63.103223759755515
RABLab26_Mar02_GrafLab_Clay0%(supersand)_Group1SampleA_Mon_Mar__2_16_19_21_2026,0.03506375849246979,2.5428054332733154,63.103223759755515
RABLab26_Mar02_GrafLab_Clay0%(supersand)_Group1SampleA_Mon_Mar__2_16_19_21_2026,0.03512246906757349,2.567526340484619,63.103223759755515
RABLab26_Mar02_GrafLab_Clay0%(supersand)_Group1SampleA_Mon_Mar__2_16_19_21_2026,0.03512246906757349,2.567526340484619,63.103223759755515
RABLab26_Mar02_GrafLab_Clay0%(supersand)_Group1SampleA_Mon_Mar__2_16_19_21_2026,0.03512246906757349,2.567526340484619,63.103223759755515
RABLab26_Mar02_GrafLab_Clay0%(supersand)_Group1SampleA_Mon_Mar__2_16_19_21_2026,0.03512246906757349,2.567526340484619,63.103223759755515
RABLab26_Mar02_GrafLab_Clay0%(supersand)_Group1SampleA_Mon_Mar__2_16_19_21_2026,0.03512246906757349,2.567526340484619,63.103223759755515
RABLab26_Mar02_GrafLab_Clay0%(supersand)_Group1SampleA_Mon_Mar__2_16_19_21_2026,0.03512246906757349,2.567526340484619,63.103223759755515
RABLab26_Mar02_GrafLab_Clay0%(supersand)_Group1SampleA_Mon_Mar__2_16_19_21_2026,0.03520603477954859,2.677467107772827,63.103223759755515
RABLab26_Mar02_GrafLab_Clay0%(supersand)_Group1SampleA_Mon_Mar__2_16_19_21_2026,0.03520603477954859,2.677467107772827,63.103223759755515
RABLab26_Mar02_GrafLab_Clay0%(supersand)_Group1SampleA_Mon_Mar__2_16_19_21_2026,0.03520603477954859,2.677467107772827,63.103223759755515
RABLab26_Mar02_GrafLab_Clay0%(supersand)_Group1SampleA_Mon_Mar__2_16_19_21_2026,0.03520603477954859,2.677467107772827,63.103223759755515
RABLab26_Mar02_GrafLab_Clay0%(supersand)_Group1SampleA_Mon_Mar__2_16_19_21_2026,0.03520603477954859,2.677467107772827,63.103223759755515
RABLab26_Mar02_GrafLab_Clay0%(supersand)_Group1SampleA_Mon_Mar__2_16_19_21_2026,0.03520603477954859,2.677467107772827,63.103223759755515
RABLab26_Mar02_GrafLab_Clay0%(supersand)_Group1SampleA_Mon_Mar__2_16_19_21_2026,0.03523723781108859,2.641934871673584,63.103223759755515
RABLab26_Mar02_GrafLab_Clay0%(supersand)_Group1SampleA_Mon_Mar__2_16_19_21_2026,0.03523723781108859,2.641934871673584,63.103223759755515
RABLab26_Mar02_GrafLab_Clay0%(supersand)_Group1SampleA_Mon_Mar__2_16_19_21_2026,0.03523723781108859,2.641934871673584,63.103223759755515
RABLab26_Mar02_GrafLab_Clay0%(supersand)_Group1SampleA_Mon_Mar__2_16_19_21_2026,0.03523723781108859,2.641934871673584,63.103223759755515
RABLab26_Mar02_GrafLab_Clay0%(supersand)_Group1SampleA_Mon_Mar__2_16_19_21_2026,0.03523723781108859,2.641934871673584,63.103223759755515
RABLab26_Mar02_GrafLab_Clay0%(supersand)_Group1SampleA_Mon_Mar__2_16_19_21_2026,0.03523723781108859,2.641934871673584,63.103223759755515
RABLab26_Mar02_GrafLab_Clay0%(supersand)_Group1SampleA_Mon_Mar__2_16_19_21_2026,0.03523723781108859,2.641934871673584,63.103223759755515
RABLab26_Mar02_GrafLab_Clay0%(supersand)_Group1SampleA_Mon_Mar__2_16_19_21_2026,0.03531306982040408,2.664461374282837,63.103223759755515
RABLab26_Mar02_GrafLab_Clay0%(supersand)_Group1SampleA_Mon_Mar__2_16_19_21_2026,0.03531306982040408,2.664461374282837,63.103223759755515
RABLab26_Mar02_GrafLab_Clay0%(supersand)_Group1SampleA_Mon_Mar__2_16_19_21_2026,0.03531306982040408,2.664461374282837,63.103223759755515
RABLab26_Mar02_GrafLab_Clay0%(supersand)_Group1SampleA_Mon_Mar__2_16_19_21_2026,0.03531306982040408,2.664461374282837,63.103223759755515
RABLab26_Mar02_GrafLab_Clay0%(supersand)_Group1SampleA_Mon_Mar__2_16_19_21_2026,0.03531306982040408,2.664461374282837,63.103223759755515
RABLab26_Mar02_GrafLab_Clay0%(supersand)_Group1SampleA_Mon_Mar__2_16_19_21_2026,0.03531306982040408,2.664461374282837,63.103223759755515
RABLab26_Mar02_GrafLab_Clay0%(supersand)_Group1SampleA_Mon_Mar__2_16_19_21_2026,0.0353986322879791,2.675480842590332,63.103223759755515
RABLab26_Mar02_GrafLab_Clay0%(supersand)_Group1SampleA_Mon_Mar__2_16_19_21_2026,0.0353986322879791,2.675480842590332,63.103223759755515
RABLab26_Mar02_GrafLab_Clay0%(supersand)_Group1SampleA_Mon_Mar__2_16_19_21_2026,0.0353986322879791,2.675480842590332,63.103223759755515
RABLab26_Mar02_GrafLab_Clay0%(supersand)_Group1SampleA_Mon_Mar__2_16_19_21_2026,0.0353986322879791,2.675480842590332,63.103223759755515
RABLab26_Mar02_GrafLab_Clay0%(supersand)_Group1SampleA_Mon_Mar__2_16_19_21_2026,0.0353986322879791,2.675480842590332,63.103223759755515
RABLab26_Mar02_GrafLab_Clay0%(supersand)_Group1SampleA_Mon_Mar__2_16_19_21_2026,0.0353986322879791,2.675480842590332,63.103223759755515
RABLab26_Mar02_GrafLab_Clay0%(supersand)_Group1SampleA_Mon_Mar__2_16_19_21_2026,0.0353986322879791,2.675480842590332,63.103223759755515
RABLab26_Mar02_GrafLab_Clay0%(supersand)_Group1SampleA_Mon_Mar__2_16_19_21_2026,0.0354428440332413,2.850377559661865,63.103223759755515
RABLab26_Mar02_GrafLab_Clay0%(supersand)_Group1SampleA_Mon_Mar__2_16_19_21_2026,0.0354428440332413,2.850377559661865,63.103223759755515
RABLab26_Mar02_GrafLab_Clay0%(supersand)_Group1SampleA_Mon_Mar__2_16_19_21_2026,0.0354428440332413,2.850377559661865,63.103223759755515
RABLab26_Mar02_GrafLab_Clay0%(supersand)_Group1SampleA_Mon_Mar__2_16_19_21_2026,0.0354428440332413,2.850377559661865,63.103223759755515
RABLab26_Mar02_GrafLab_Clay0%(supersand)_Group1SampleA_Mon_Mar__2_16_19_21_2026,0.0354428440332413,2.850377559661865,63.103223759755515
RABLab26_Mar02_GrafLab_Clay0%(supersand)_Group1SampleA_Mon_Mar__2_16_19_21_2026,0.0354428440332413,2.850377559661865,63.103223759755515
RABLab26_Mar02_GrafLab_Clay0%(supersand)_Group1SampleA_Mon_Mar__2_16_19_21_2026,0.0354428440332413,2.850377559661865,63.103223759755515
RABLab26_Mar02_GrafLab_Clay0%(supersand)_Group1SampleA_Mon_Mar__2_16_19_21_2026,0.03549119830131528,2.788233995437622,63.103223759755515
RABLab26_Mar02_GrafLab_Clay0%(supersand)_Group1SampleA_Mon_Mar__2_16_19_21_2026,0.03549119830131528,2.788233995437622,63.103223759755515
RABLab26_Mar02_GrafLab_Clay0%(supersand)_Group1SampleA_Mon_Mar__2_16_19_21_2026,0.03549119830131528,2.788233995437622,63.103223759755515
RABLab26_Mar02_GrafLab_Clay0%(supersand)_Group1SampleA_Mon_Mar__2_16_19_21_2026,0.03549119830131528,2.788233995437622,63.103223759755515
RABLab26_Mar02_GrafLab_Clay0%(supersand)_Group1SampleA_Mon_Mar__2_16_19_21_2026,0.03554777801036829,2.8292765617370605,63.103223759755515
RABLab26_Mar02_GrafLab_Clay0%(supersand)_Group1SampleA_Mon_Mar__2_16_19_21_2026,0.03554777801036829,2.8292765617370605,63.103223759755515
RABLab26_Mar02_GrafLab_Clay0%(supersand)_Group1SampleA_Mon_Mar__2_16_19_21_2026,0.03554777801036829,2.8292765617370605,63.103223759755515
RABLab26_Mar02_GrafLab_Clay0%(supersand)_Group1SampleA_Mon_Mar__2_16_19_21_2026,0.03554777801036829,2.8292765617370605,63.103223759755515
RABLab26_Mar02_GrafLab_Clay0%(supersand)_Group1SampleA_Mon_Mar__2_16_19_21_2026,0.03554777801036829,2.8292765617370605,63.103223759755515
RABLab26_Mar02_GrafLab_Clay0%(supersand)_Group1SampleA_Mon_Mar__2_16_19_21_2026,0.03554777801036829,2.8292765617370605,63.103223759755515
RABLab26_Mar02_GrafLab_Clay0%(supersand)_Group1SampleA_Mon_Mar__2_16_19_21_2026,0.03565043210983279,2.81445860862732,63.103223759755515
RABLab26_Mar02_GrafLab_Clay0%(supersand)_Group1SampleA_Mon_Mar__2_16_19_21_2026,0.03565043210983279,2.81445860862732,63.103223759755515
RABLab26_Mar02_GrafLab_Clay0%(supersand)_Group1SampleA_Mon_Mar__2_16_19_21_2026,0.03565043210983279,2.81445860862732,63.103223759755515
RABLab26_Mar02_GrafLab_Clay0%(supersand)_Group1SampleA_Mon_Mar__2_16_19_21_2026,0.03565043210983279,2.81445860862732,63.103223759755515
RABLab26_Mar02_GrafLab_Clay0%(supersand)_Group1SampleA_Mon_Mar__2_16_19_21_2026,0.03565043210983279,2.81445860862732,63.103223759755515
RABLab26_Mar02_GrafLab_Clay0%(supersand)_Group1SampleA_Mon_Mar__2_16_19_21_2026,0.035760581493377686,2.7914555072784424,63.103223759755515
RABLab26_Mar02_GrafLab_Clay0%(supersand)_Group1SampleA_Mon_Mar__2_16_19_21_2026,0.035760581493377686,2.7914555072784424,63.103223759755515
RABLab26_Mar02_GrafLab_Clay0%(supersand)_Group1SampleA_Mon_Mar__2_16_19_21_2026,0.035760581493377686,2.7914555072784424,63.103223759755515
RABLab26_Mar02_GrafLab_Clay0%(supersand)_Group1SampleA_Mon_Mar__2_16_19_21_2026,0.035760581493377686,2.7914555072784424,63.103223759755515
RABLab26_Mar02_GrafLab_Clay0%(supersand)_Group1SampleA_Mon_Mar__2_16_19_21_2026,0.035760581493377686,2.7914555072784424,63.103223759755515
RABLab26_Mar02_GrafLab_Clay0%(supersand)_Group1SampleA_Mon_Mar__2_16_19_21_2026,0.035760581493377686,2.7914555072784424,63.103223759755515
RABLab26_Mar02_GrafLab_Clay0%(supersand)_Group1SampleA_Mon_Mar__2_16_19_21_2026,0.035760581493377686,2.7914555072784424,63.103223759755515
RABLab26_Mar02_GrafLab_Clay0%(supersand)_Group1SampleA_Mon_Mar__2_16_19_21_2026,0.03591157495975489,2.745751142501831,63.103223759755515
RABLab26_Mar02_GrafLab_Clay0%(supersand)_Group1SampleA_Mon_Mar__2_16_19_21_2026,0.03591157495975489,2.745751142501831,63.103223759755515
RABLab26_Mar02_GrafLab_Clay0%(supersand)_Group1SampleA_Mon_Mar__2_16_19_21_2026,0.03591157495975489,2.745751142501831,63.103223759755515
RABLab26_Mar02_GrafLab_Clay0%(supersand)_Group1SampleA_Mon_Mar__2_16_19_21_2026,0.03591157495975489,2.745751142501831,63.103223759755515
RABLab26_Mar02_GrafLab_Clay0%(supersand)_Group1SampleA_Mon_Mar__2_16_19_21_2026,0.03591157495975489,2.745751142501831,63.103223759755515
RABLab26_Mar02_GrafLab_Clay0%(supersand)_Group1SampleA_Mon_Mar__2_16_19_21_2026,0.03591157495975489,2.745751142501831,63.103223759755515
RABLab26_Mar02_GrafLab_Clay0%(supersand)_Group1SampleA_Mon_Mar__2_16_19_21_2026,0.0361164063215256,2.713560104370117,63.103223759755515
RABLab26_Mar02_GrafLab_Clay0%(supersand)_Group1SampleA_Mon_Mar__2_16_19_21_2026,0.0361164063215256,2.713560104370117,63.103223759755515
RABLab26_Mar02_GrafLab_Clay0%(supersand)_Group1SampleA_Mon_Mar__2_16_19_21_2026,0.0361164063215256,2.713560104370117,63.103223759755515
RABLab26_Mar02_GrafLab_Clay0%(supersand)_Group1SampleA_Mon_Mar__2_16_19_21_2026,0.0361164063215256,2.713560104370117,63.103223759755515
RABLab26_Mar02_GrafLab_Clay0%(supersand)_Group1SampleA_Mon_Mar__2_16_19_21_2026,0.0361164063215256,2.713560104370117,63.103223759755515
RABLab26_Mar02_GrafLab_Clay0%(supersand)_Group1SampleA_Mon_Mar__2_16_19_21_2026,0.0361164063215256,2.713560104370117,63.103223759755515
RABLab26_Mar02_GrafLab_Clay0%(supersand)_Group1SampleA_Mon_Mar__2_16_19_21_2026,0.0361164063215256,2.713560104370117,63.103223759755515
RABLab26_Mar02_GrafLab_Clay0%(supersand)_Group1SampleA_Mon_Mar__2_16_19_21_2026,0.036354109644889804,2.450058698654175,63.103223759755515
RABLab26_Mar02_GrafLab_Clay0%(supersand)_Group1SampleA_Mon_Mar__2_16_19_21_2026,0.036354109644889804,2.450058698654175,63.103223759755515
RABLab26_Mar02_GrafLab_Clay0%(supersand)_Group1SampleA_Mon_Mar__2_16_19_21_2026,0.036354109644889804,2.450058698654175,63.103223759755515
RABLab26_Mar02_GrafLab_Clay0%(supersand)_Group1SampleA_Mon_Mar__2_16_19_21_2026,0.036354109644889804,2.450058698654175,63.103223759755515
RABLab26_Mar02_GrafLab_Clay0%(supersand)_Group1SampleA_Mon_Mar__2_16_19_21_2026,0.036354109644889804,2.450058698654175,63.103223759755515
RABLab26_Mar02_GrafLab_Clay0%(supersand)_Group1SampleA_Mon_Mar__2_16_19_21_2026,0.036354109644889804,2.450058698654175,63.103223759755515
RABLab26_Mar02_GrafLab_Clay0%(supersand)_Group1SampleA_Mon_Mar__2_16_19_21_2026,0.036761209368705694,2.2167444229125977,63.103223759755515
RABLab26_Mar02_GrafLab_Clay0%(supersand)_Group1SampleA_Mon_Mar__2_16_19_21_2026,0.036761209368705694,2.2167444229125977,63.103223759755515
RABLab26_Mar02_GrafLab_Clay0%(supersand)_Group1SampleA_Mon_Mar__2_16_19_21_2026,0.036761209368705694,2.2167444229125977,63.103223759755515
RABLab26_Mar02_GrafLab_Clay0%(supersand)_Group1SampleA_Mon_Mar__2_16_19_21_2026,0.036761209368705694,2.2167444229125977,63.103223759755515
RABLab26_Mar02_GrafLab_Clay0%(supersand)_Group1SampleA_Mon_Mar__2_16_19_21_2026,0.0371790677309036,1.7912646532058716,63.103223759755515
RABLab26_Mar02_GrafLab_Clay0%(supersand)_Group1SampleA_Mon_Mar__2_16_19_21_2026,0.0371790677309036,1.7912646532058716,63.103223759755515
RABLab26_Mar02_GrafLab_Clay0%(supersand)_Group1SampleA_Mon_Mar__2_16_19_21_2026,0.0371790677309036,1.7912646532058716,63.103223759755515
RABLab26_Mar02_GrafLab_Clay0%(supersand)_Group1SampleA_Mon_Mar__2_16_19_21_2026,0.0371790677309036,1.7912646532058716,63.103223759755515
RABLab26_Mar02_GrafLab_Clay0%(supersand)_Group1SampleA_Mon_Mar__2_16_19_21_2026,0.0371790677309036,1.7912646532058716,63.103223759755515
RABLab26_Mar02_GrafLab_Clay0%(supersand)_Group1SampleA_Mon_Mar__2_16_19_21_2026,0.0371790677309036,1.7912646532058716,63.103223759755515
RABLab26_Mar02_GrafLab_Clay0%(supersand)_Group1SampleA_Mon_Mar__2_16_19_21_2026,0.0374964773654938,1.6565333604812622,63.103223759755515
RABLab26_Mar02_GrafLab_Clay0%(supersand)_Group1SampleA_Mon_Mar__2_16_19_21_2026,0.0374964773654938,1.6565333604812622,63.103223759755515
RABLab26_Mar02_GrafLab_Clay0%(supersand)_Group1SampleA_Mon_Mar__2_16_19_21_2026,0.0374964773654938,1.6565333604812622,63.103223759755515
RABLab26_Mar02_GrafLab_Clay0%(supersand)_Group1SampleA_Mon_Mar__2_16_19_21_2026,0.0374964773654938,1.6565333604812622,63.103223759755515
RABLab26_Mar02_GrafLab_Clay0%(supersand)_Group1SampleA_Mon_Mar__2_16_19_21_2026,0.0374964773654938,1.6565333604812622,63.103223759755515
RABLab26_Mar02_GrafLab_Clay0%(supersand)_Group1SampleA_Mon_Mar__2_16_19_21_2026,0.0374964773654938,1.6565333604812622,63.103223759755515
RABLab26_Mar02_GrafLab_Clay0%(supersand)_Group1SampleA_Mon_Mar__2_16_19_21_2026,0.0375703573226929,1.781365990638733,63.103223759755515
RABLab26_Mar02_GrafLab_Clay0%(supersand)_Group1SampleA_Mon_Mar__2_16_19_21_2026,0.0375703573226929,1.781365990638733,63.103223759755515
RABLab26_Mar02_GrafLab_Clay0%(supersand)_Group1SampleA_Mon_Mar__2_16_19_21_2026,0.0375703573226929,1.781365990638733,63.103223759755515
RABLab26_Mar02_GrafLab_Clay0%(supersand)_Group1SampleA_Mon_Mar__2_16_19_21_2026,0.0375703573226929,1.781365990638733,63.103223759755515
RABLab26_Mar02_GrafLab_Clay0%(supersand)_Group1SampleA_Mon_Mar__2_16_19_21_2026,0.0375703573226929,1.8771497011184688,63.103223759755515
RABLab26_Mar02_GrafLab_Clay0%(supersand)_Group1SampleA_Mon_Mar__2_16_19_21_2026,0.0375703573226929,1.8771497011184688,63.103223759755515
RABLab26_Mar02_GrafLab_Clay0%(supersand)_Group1SampleA_Mon_Mar__2_16_19_21_2026,0.0375703573226929,1.8771497011184688,63.103223759755515
RABLab26_Mar02_GrafLab_Clay0%(supersand)_Group1SampleA_Mon_Mar__2_16_19_21_2026,0.0375703573226929,1.8771497011184688,63.103223759755515
RABLab26_Mar02_GrafLab_Clay0%(supersand)_Group1SampleA_Mon_Mar__2_16_19_21_2026,0.0375703573226929,1.8771497011184688,63.103223759755515
RABLab26_Mar02_GrafLab_Clay0%(supersand)_Group1SampleA_Mon_Mar__2_16_19_21_2026,0.0375703573226929,1.8771497011184688,63.103223759755515
RABLab26_Mar02_GrafLab_Clay0%(supersand)_Group1SampleA_Mon_Mar__2_16_19_21_2026,0.037580251693725586,1.9551472663879397,63.103223759755515
RABLab26_Mar02_GrafLab_Clay0%(supersand)_Group1SampleA_Mon_Mar__2_16_19_21_2026,0.037580251693725586,1.9551472663879397,63.103223759755515
RABLab26_Mar02_GrafLab_Clay0%(supersand)_Group1SampleA_Mon_Mar__2_16_19_21_2026,0.037580251693725586,1.9551472663879397,63.103223759755515
RABLab26_Mar02_GrafLab_Clay0%(supersand)_Group1SampleA_Mon_Mar__2_16_19_21_2026,0.037580251693725586,1.9551472663879397,63.103223759755515
RABLab26_Mar02_GrafLab_Clay0%(supersand)_Group1SampleA_Mon_Mar__2_16_19_21_2026,0.037580251693725586,1.9551472663879397,63.103223759755515
RABLab26_Mar02_GrafLab_Clay0%(supersand)_Group1SampleA_Mon_Mar__2_16_19_21_2026,0.037580251693725586,1.9551472663879397,63.103223759755515
RABLab26_Mar02_GrafLab_Clay0%(supersand)_Group1SampleA_Mon_Mar__2_16_19_21_2026,0.0375958979129791,2.0435948371887207,63.103223759755515
RABLab26_Mar02_GrafLab_Clay0%(supersand)_Group1SampleA_Mon_Mar__2_16_19_21_2026,0.0375958979129791,2.0435948371887207,63.103223759755515
RABLab26_Mar02_GrafLab_Clay0%(supersand)_Group1SampleA_Mon_Mar__2_16_19_21_2026,0.0375958979129791,2.0435948371887207,63.103223759755515
RABLab26_Mar02_GrafLab_Clay0%(supersand)_Group1SampleA_Mon_Mar__2_16_19_21_2026,0.0375958979129791,2.0435948371887207,63.103223759755515
RABLab26_Mar02_GrafLab_Clay0%(supersand)_Group1SampleA_Mon_Mar__2_16_19_21_2026,0.0375958979129791,2.0435948371887207,63.103223759755515
RABLab26_Mar02_GrafLab_Clay0%(supersand)_Group1SampleA_Mon_Mar__2_16_19_21_2026,0.0375958979129791,2.0435948371887207,63.103223759755515
RABLab26_Mar02_GrafLab_Clay0%(supersand)_Group1SampleA_Mon_Mar__2_16_19_21_2026,0.037620916962623596,2.209995746612549,63.103223759755515
RABLab26_Mar02_GrafLab_Clay0%(supersand)_Group1SampleA_Mon_Mar__2_16_19_21_2026,0.037620916962623596,2.209995746612549,63.103223759755515
RABLab26_Mar02_GrafLab_Clay0%(supersand)_Group1SampleA_Mon_Mar__2_16_19_21_2026,0.037620916962623596,2.209995746612549,63.103223759755515
RABLab26_Mar02_GrafLab_Clay0%(supersand)_Group1SampleA_Mon_Mar__2_16_19_21_2026,0.037620916962623596,2.209995746612549,63.103223759755515
RABLab26_Mar02_GrafLab_Clay0%(supersand)_Group1SampleA_Mon_Mar__2_16_19_21_2026,0.037620916962623596,2.209995746612549,63.103223759755515
RABLab26_Mar02_GrafLab_Clay0%(supersand)_Group1SampleA_Mon_Mar__2_16_19_21_2026,0.037620916962623596,2.209995746612549,63.103223759755515
RABLab26_Mar02_GrafLab_Clay0%(supersand)_Group1SampleA_Mon_Mar__2_16_19_21_2026,0.037620916962623596,2.209995746612549,63.103223759755515
RABLab26_Mar02_GrafLab_Clay0%(supersand)_Group1SampleA_Mon_Mar__2_16_19_21_2026,0.037620916962623596,2.209995746612549,63.103223759755515
RABLab26_Mar02_GrafLab_Clay0%(supersand)_Group1SampleA_Mon_Mar__2_16_19_21_2026,0.037620916962623596,2.209995746612549,63.103223759755515
RABLab26_Mar02_GrafLab_Clay0%(supersand)_Group1SampleA_Mon_Mar__2_16_19_21_2026,0.037655204534530584,2.3569655418396,63.103223759755515
RABLab26_Mar02_GrafLab_Clay0%(supersand)_Group1SampleA_Mon_Mar__2_16_19_21_2026,0.037655204534530584,2.3569655418396,63.103223759755515
RABLab26_Mar02_GrafLab_Clay0%(supersand)_Group1SampleA_Mon_Mar__2_16_19_21_2026,0.037655204534530584,2.3569655418396,63.103223759755515
RABLab26_Mar02_GrafLab_Clay0%(supersand)_Group1SampleA_Mon_Mar__2_16_19_21_2026,0.037655204534530584,2.3569655418396,63.103223759755515
RABLab26_Mar02_GrafLab_Clay0%(supersand)_Group1SampleA_Mon_Mar__2_16_19_21_2026,0.037655204534530584,2.3569655418396,63.103223759755515
RABLab26_Mar02_GrafLab_Clay0%(supersand)_Group1SampleA_Mon_Mar__2_16_19_21_2026,0.03767366707324979,2.343397855758667,63.103223759755515
RABLab26_Mar02_GrafLab_Clay0%(supersand)_Group1SampleA_Mon_Mar__2_16_19_21_2026,0.03767366707324979,2.343397855758667,63.103223759755515
RABLab26_Mar02_GrafLab_Clay0%(supersand)_Group1SampleA_Mon_Mar__2_16_19_21_2026,0.03767366707324979,2.343397855758667,63.103223759755515
RABLab26_Mar02_GrafLab_Clay0%(supersand)_Group1SampleA_Mon_Mar__2_16_19_21_2026,0.03767366707324979,2.343397855758667,63.103223759755515
RABLab26_Mar02_GrafLab_Clay0%(supersand)_Group1SampleA_Mon_Mar__2_16_19_21_2026,0.03767366707324979,2.343397855758667,63.103223759755515
RABLab26_Mar02_GrafLab_Clay0%(supersand)_Group1SampleA_Mon_Mar__2_16_19_21_2026,0.03772194683551788,2.474729537963867,63.103223759755515
RABLab26_Mar02_GrafLab_Clay0%(supersand)_Group1SampleA_Mon_Mar__2_16_19_21_2026,0.03772194683551788,2.474729537963867,63.103223759755515
RABLab26_Mar02_GrafLab_Clay0%(supersand)_Group1SampleA_Mon_Mar__2_16_19_21_2026,0.03772194683551788,2.474729537963867,63.103223759755515
RABLab26_Mar02_GrafLab_Clay0%(supersand)_Group1SampleA_Mon_Mar__2_16_19_21_2026,0.03772194683551788,2.474729537963867,63.103223759755515
RABLab26_Mar02_GrafLab_Clay0%(supersand)_Group1SampleA_Mon_Mar__2_16_19_21_2026,0.03774598240852359,2.466395378112793,63.103223759755515
RABLab26_Mar02_GrafLab_Clay0%(supersand)_Group1SampleA_Mon_Mar__2_16_19_21_2026,0.03774598240852359,2.466395378112793,63.103223759755515
RABLab26_Mar02_GrafLab_Clay0%(supersand)_Group1SampleA_Mon_Mar__2_16_19_21_2026,0.03774598240852359,2.466395378112793,63.103223759755515
RABLab26_Mar02_GrafLab_Clay0%(supersand)_Group1SampleA_Mon_Mar__2_16_19_21_2026,0.03774598240852359,2.466395378112793,63.103223759755515
RABLab26_Mar02_GrafLab_Clay0%(supersand)_Group1SampleA_Mon_Mar__2_16_19_21_2026,0.03774598240852359,2.466395378112793,63.103223759755515
RABLab26_Mar02_GrafLab_Clay0%(supersand)_Group1SampleA_Mon_Mar__2_16_19_21_2026,0.037791565060615484,2.5039758682250977,63.103223759755515
RABLab26_Mar02_GrafLab_Clay0%(supersand)_Group1SampleA_Mon_Mar__2_16_19_21_2026,0.037791565060615484,2.5039758682250977,63.103223759755515
RABLab26_Mar02_GrafLab_Clay0%(supersand)_Group1SampleA_Mon_Mar__2_16_19_21_2026,0.037791565060615484,2.5039758682250977,63.103223759755515
RABLab26_Mar02_GrafLab_Clay0%(supersand)_Group1SampleA_Mon_Mar__2_16_19_21_2026,0.037791565060615484,2.5039758682250977,63.103223759755515
RABLab26_Mar02_GrafLab_Clay0%(supersand)_Group1SampleA_Mon_Mar__2_16_19_21_2026,0.037791565060615484,2.5039758682250977,63.103223759755515
RABLab26_Mar02_GrafLab_Clay0%(supersand)_Group1SampleA_Mon_Mar__2_16_19_21_2026,0.037791565060615484,2.5039758682250977,63.103223759755515
RABLab26_Mar02_GrafLab_Clay0%(supersand)_Group1SampleA_Mon_Mar__2_16_19_21_2026,0.03780727088451388,2.5979561805725098,63.103223759755515
RABLab26_Mar02_GrafLab_Clay0%(supersand)_Group1SampleA_Mon_Mar__2_16_19_21_2026,0.03780727088451388,2.5979561805725098,63.103223759755515
RABLab26_Mar02_GrafLab_Clay0%(supersand)_Group1SampleA_Mon_Mar__2_16_19_21_2026,0.03780727088451388,2.5979561805725098,63.103223759755515
RABLab26_Mar02_GrafLab_Clay0%(supersand)_Group1SampleA_Mon_Mar__2_16_19_21_2026,0.03780727088451388,2.5979561805725098,63.103223759755515
RABLab26_Mar02_GrafLab_Clay0%(supersand)_Group1SampleA_Mon_Mar__2_16_19_21_2026,0.03780727088451388,2.5979561805725098,63.103223759755515
RABLab26_Mar02_GrafLab_Clay0%(supersand)_Group1SampleA_Mon_Mar__2_16_19_21_2026,0.03780727088451388,2.5979561805725098,63.103223759755515
RABLab26_Mar02_GrafLab_Clay0%(supersand)_Group1SampleA_Mon_Mar__2_16_19_21_2026,0.03780727088451388,2.5979561805725098,63.103223759755515
RABLab26_Mar02_GrafLab_Clay0%(supersand)_Group1SampleA_Mon_Mar__2_16_19_21_2026,0.03784558176994318,2.634781837463379,63.103223759755515
RABLab26_Mar02_GrafLab_Clay0%(supersand)_Group1SampleA_Mon_Mar__2_16_19_21_2026,0.03784558176994318,2.634781837463379,63.103223759755515
RABLab26_Mar02_GrafLab_Clay0%(supersand)_Group1SampleA_Mon_Mar__2_16_19_21_2026,0.03784558176994318,2.634781837463379,63.103223759755515
RABLab26_Mar02_GrafLab_Clay0%(supersand)_Group1SampleA_Mon_Mar__2_16_19_21_2026,0.03784558176994318,2.634781837463379,63.103223759755515
RABLab26_Mar02_GrafLab_Clay0%(supersand)_Group1SampleA_Mon_Mar__2_16_19_21_2026,0.03784558176994318,2.634781837463379,63.103223759755515
RABLab26_Mar02_GrafLab_Clay0%(supersand)_Group1SampleA_Mon_Mar__2_16_19_21_2026,0.03786540031433108,2.73415207862854,63.103223759755515
RABLab26_Mar02_GrafLab_Clay0%(supersand)_Group1SampleA_Mon_Mar__2_16_19_21_2026,0.03786540031433108,2.73415207862854,63.103223759755515
RABLab26_Mar02_GrafLab_Clay0%(supersand)_Group1SampleA_Mon_Mar__2_16_19_21_2026,0.03786540031433108,2.73415207862854,63.103223759755515
RABLab26_Mar02_GrafLab_Clay0%(supersand)_Group1SampleA_Mon_Mar__2_16_19_21_2026,0.03786540031433108,2.73415207862854,63.103223759755515
RABLab26_Mar02_GrafLab_Clay0%(supersand)_Group1SampleA_Mon_Mar__2_16_19_21_2026,0.03786540031433108,2.73415207862854,63.103223759755515
RABLab26_Mar02_GrafLab_Clay0%(supersand)_Group1SampleA_Mon_Mar__2_16_19_21_2026,0.03786540031433108,2.73415207862854,63.103223759755515
RABLab26_Mar02_GrafLab_Clay0%(supersand)_Group1SampleA_Mon_Mar__2_16_19_21_2026,0.03790166974067688,2.7885632514953613,63.103223759755515
RABLab26_Mar02_GrafLab_Clay0%(supersand)_Group1SampleA_Mon_Mar__2_16_19_21_2026,0.03790166974067688,2.7885632514953613,63.103223759755515
RABLab26_Mar02_GrafLab_Clay0%(supersand)_Group1SampleA_Mon_Mar__2_16_19_21_2026,0.03790166974067688,2.7885632514953613,63.103223759755515
RABLab26_Mar02_GrafLab_Clay0%(supersand)_Group1SampleA_Mon_Mar__2_16_19_21_2026,0.03790166974067688,2.7885632514953613,63.103223759755515
RABLab26_Mar02_GrafLab_Clay0%(supersand)_Group1SampleA_Mon_Mar__2_16_19_21_2026,0.03790166974067688,2.7885632514953613,63.103223759755515
RABLab26_Mar02_GrafLab_Clay0%(supersand)_Group1SampleA_Mon_Mar__2_16_19_21_2026,0.03790166974067688,2.7885632514953613,63.103223759755515
RABLab26_Mar02_GrafLab_Clay0%(supersand)_Group1SampleA_Mon_Mar__2_16_19_21_2026,0.03794762492179868,2.852325439453125,63.103223759755515
RABLab26_Mar02_GrafLab_Clay0%(supersand)_Group1SampleA_Mon_Mar__2_16_19_21_2026,0.03794762492179868,2.852325439453125,63.103223759755515
RABLab26_Mar02_GrafLab_Clay0%(supersand)_Group1SampleA_Mon_Mar__2_16_19_21_2026,0.03794762492179868,2.852325439453125,63.103223759755515
RABLab26_Mar02_GrafLab_Clay0%(supersand)_Group1SampleA_Mon_Mar__2_16_19_21_2026,0.03794762492179868,2.852325439453125,63.103223759755515
RABLab26_Mar02_GrafLab_Clay0%(supersand)_Group1SampleA_Mon_Mar__2_16_19_21_2026,0.03794762492179868,2.852325439453125,63.103223759755515
RABLab26_Mar02_GrafLab_Clay0%(supersand)_Group1SampleA_Mon_Mar__2_16_19_21_2026,0.03794762492179868,2.852325439453125,63.103223759755515
RABLab26_Mar02_GrafLab_Clay0%(supersand)_Group1SampleA_Mon_Mar__2_16_19_21_2026,0.03797827661037448,2.920475959777832,63.103223759755515
RABLab26_Mar02_GrafLab_Clay0%(supersand)_Group1SampleA_Mon_Mar__2_16_19_21_2026,0.03797827661037448,2.920475959777832,63.103223759755515
RABLab26_Mar02_GrafLab_Clay0%(supersand)_Group1SampleA_Mon_Mar__2_16_19_21_2026,0.03797827661037448,2.920475959777832,63.103223759755515
RABLab26_Mar02_GrafLab_Clay0%(supersand)_Group1SampleA_Mon_Mar__2_16_19_21_2026,0.03797827661037448,2.920475959777832,63.103223759755515
RABLab26_Mar02_GrafLab_Clay0%(supersand)_Group1SampleA_Mon_Mar__2_16_19_21_2026,0.03797827661037448,2.920475959777832,63.103223759755515
RABLab26_Mar02_GrafLab_Clay0%(supersand)_Group1SampleA_Mon_Mar__2_16_19_21_2026,0.03797827661037448,2.920475959777832,63.103223759755515
RABLab26_Mar02_GrafLab_Clay0%(supersand)_Group1SampleA_Mon_Mar__2_16_19_21_2026,0.03797827661037448,2.920475959777832,63.103223759755515
RABLab26_Mar02_GrafLab_Clay0%(supersand)_Group1SampleA_Mon_Mar__2_16_19_21_2026,0.03803083300590518,2.966174602508545,63.103223759755515
RABLab26_Mar02_GrafLab_Clay0%(supersand)_Group1SampleA_Mon_Mar__2_16_19_21_2026,0.03803083300590518,2.966174602508545,63.103223759755515
RABLab26_Mar02_GrafLab_Clay0%(supersand)_Group1SampleA_Mon_Mar__2_16_19_21_2026,0.03803083300590518,2.966174602508545,63.103223759755515
RABLab26_Mar02_GrafLab_Clay0%(supersand)_Group1SampleA_Mon_Mar__2_16_19_21_2026,0.03803083300590518,2.966174602508545,63.103223759755515
RABLab26_Mar02_GrafLab_Clay0%(supersand)_Group1SampleA_Mon_Mar__2_16_19_21_2026,0.03803083300590518,2.966174602508545,63.103223759755515
RABLab26_Mar02_GrafLab_Clay0%(supersand)_Group1SampleA_Mon_Mar__2_16_19_21_2026,0.03803083300590518,2.966174602508545,63.103223759755515
RABLab26_Mar02_GrafLab_Clay0%(supersand)_Group1SampleA_Mon_Mar__2_16_19_21_2026,0.038065031170845004,3.030156373977661,63.103223759755515
RABLab26_Mar02_GrafLab_Clay0%(supersand)_Group1SampleA_Mon_Mar__2_16_19_21_2026,0.038065031170845004,3.030156373977661,63.103223759755515
RABLab26_Mar02_GrafLab_Clay0%(supersand)_Group1SampleA_Mon_Mar__2_16_19_21_2026,0.038065031170845004,3.030156373977661,63.103223759755515
RABLab26_Mar02_GrafLab_Clay0%(supersand)_Group1SampleA_Mon_Mar__2_16_19_21_2026,0.038065031170845004,3.030156373977661,63.103223759755515
RABLab26_Mar02_GrafLab_Clay0%(supersand)_Group1SampleA_Mon_Mar__2_16_19_21_2026,0.038065031170845004,3.030156373977661,63.103223759755515
RABLab26_Mar02_GrafLab_Clay0%(supersand)_Group1SampleA_Mon_Mar__2_16_19_21_2026,0.038065031170845004,3.030156373977661,63.103223759755515
RABLab26_Mar02_GrafLab_Clay0%(supersand)_Group1SampleA_Mon_Mar__2_16_19_21_2026,0.038065031170845004,3.030156373977661,63.103223759755515
RABLab26_Mar02_GrafLab_Clay0%(supersand)_Group1SampleA_Mon_Mar__2_16_19_21_2026,0.03809283673763278,3.084969043731689,63.103223759755515
RABLab26_Mar02_GrafLab_Clay0%(supersand)_Group1SampleA_Mon_Mar__2_16_19_21_2026,0.03809283673763278,3.084969043731689,63.103223759755515
RABLab26_Mar02_GrafLab_Clay0%(supersand)_Group1SampleA_Mon_Mar__2_16_19_21_2026,0.03809283673763278,3.084969043731689,63.103223759755515
RABLab26_Mar02_GrafLab_Clay0%(supersand)_Group1SampleA_Mon_Mar__2_16_19_21_2026,0.03809283673763278,3.084969043731689,63.103223759755515
RABLab26_Mar02_GrafLab_Clay0%(supersand)_Group1SampleA_Mon_Mar__2_16_19_21_2026,0.03809283673763278,3.084969043731689,63.103223759755515
RABLab26_Mar02_GrafLab_Clay0%(supersand)_Group1SampleA_Mon_Mar__2_16_19_21_2026,0.03809283673763278,3.084969043731689,63.103223759755515
RABLab26_Mar02_GrafLab_Clay0%(supersand)_Group1SampleA_Mon_Mar__2_16_19_21_2026,0.0381381809711456,3.1364824771881104,63.103223759755515
RABLab26_Mar02_GrafLab_Clay0%(supersand)_Group1SampleA_Mon_Mar__2_16_19_21_2026,0.0381381809711456,3.1364824771881104,63.103223759755515
RABLab26_Mar02_GrafLab_Clay0%(supersand)_Group1SampleA_Mon_Mar__2_16_19_21_2026,0.0381381809711456,3.1364824771881104,63.103223759755515
RABLab26_Mar02_GrafLab_Clay0%(supersand)_Group1SampleA_Mon_Mar__2_16_19_21_2026,0.0381381809711456,3.1364824771881104,63.103223759755515
RABLab26_Mar02_GrafLab_Clay0%(supersand)_Group1SampleA_Mon_Mar__2_16_19_21_2026,0.0381381809711456,3.1364824771881104,63.103223759755515
RABLab26_Mar02_GrafLab_Clay0%(supersand)_Group1SampleA_Mon_Mar__2_16_19_21_2026,0.0381381809711456,3.1364824771881104,63.103223759755515
RABLab26_Mar02_GrafLab_Clay0%(supersand)_Group1SampleA_Mon_Mar__2_16_19_21_2026,0.038189634680747986,3.184396982192993,63.103223759755515
RABLab26_Mar02_GrafLab_Clay0%(supersand)_Group1SampleA_Mon_Mar__2_16_19_21_2026,0.038189634680747986,3.184396982192993,63.103223759755515
RABLab26_Mar02_GrafLab_Clay0%(supersand)_Group1SampleA_Mon_Mar__2_16_19_21_2026,0.038189634680747986,3.184396982192993,63.103223759755515
RABLab26_Mar02_GrafLab_Clay0%(supersand)_Group1SampleA_Mon_Mar__2_16_19_21_2026,0.038189634680747986,3.184396982192993,63.103223759755515
RABLab26_Mar02_GrafLab_Clay0%(supersand)_Group1SampleA_Mon_Mar__2_16_19_21_2026,0.038189634680747986,3.184396982192993,63.103223759755515
RABLab26_Mar02_GrafLab_Clay0%(supersand)_Group1SampleA_Mon_Mar__2_16_19_21_2026,0.038189634680747986,3.184396982192993,63.103223759755515
RABLab26_Mar02_GrafLab_Clay0%(supersand)_Group1SampleA_Mon_Mar__2_16_19_21_2026,0.03821459412574768,3.255939483642578,63.103223759755515
RABLab26_Mar02_GrafLab_Clay0%(supersand)_Group1SampleA_Mon_Mar__2_16_19_21_2026,0.03821459412574768,3.255939483642578,63.103223759755515
RABLab26_Mar02_GrafLab_Clay0%(supersand)_Group1SampleA_Mon_Mar__2_16_19_21_2026,0.03821459412574768,3.255939483642578,63.103223759755515
RABLab26_Mar02_GrafLab_Clay0%(supersand)_Group1SampleA_Mon_Mar__2_16_19_21_2026,0.03821459412574768,3.255939483642578,63.103223759755515
RABLab26_Mar02_GrafLab_Clay0%(supersand)_Group1SampleA_Mon_Mar__2_16_19_21_2026,0.038249880075454684,3.3249707221984863,63.103223759755515
RABLab26_Mar02_GrafLab_Clay0%(supersand)_Group1SampleA_Mon_Mar__2_16_19_21_2026,0.038249880075454684,3.3249707221984863,63.103223759755515
RABLab26_Mar02_GrafLab_Clay0%(supersand)_Group1SampleA_Mon_Mar__2_16_19_21_2026,0.038249880075454684,3.3249707221984863,63.103223759755515
RABLab26_Mar02_GrafLab_Clay0%(supersand)_Group1SampleA_Mon_Mar__2_16_19_21_2026,0.038249880075454684,3.3249707221984863,63.103223759755515
RABLab26_Mar02_GrafLab_Clay0%(supersand)_Group1SampleA_Mon_Mar__2_16_19_21_2026,0.038249880075454684,3.3249707221984863,63.103223759755515
RABLab26_Mar02_GrafLab_Clay0%(supersand)_Group1SampleA_Mon_Mar__2_16_19_21_2026,0.038302853703498785,3.357696771621704,63.103223759755515
RABLab26_Mar02_GrafLab_Clay0%(supersand)_Group1SampleA_Mon_Mar__2_16_19_21_2026,0.038302853703498785,3.357696771621704,63.103223759755515
RABLab26_Mar02_GrafLab_Clay0%(supersand)_Group1SampleA_Mon_Mar__2_16_19_21_2026,0.038302853703498785,3.357696771621704,63.103223759755515
RABLab26_Mar02_GrafLab_Clay0%(supersand)_Group1SampleA_Mon_Mar__2_16_19_21_2026,0.038302853703498785,3.357696771621704,63.103223759755515
RABLab26_Mar02_GrafLab_Clay0%(supersand)_Group1SampleA_Mon_Mar__2_16_19_21_2026,0.038302853703498785,3.357696771621704,63.103223759755515
RABLab26_Mar02_GrafLab_Clay0%(supersand)_Group1SampleA_Mon_Mar__2_16_19_21_2026,0.0383516401052475,3.5159912109375,63.103223759755515
RABLab26_Mar02_GrafLab_Clay0%(supersand)_Group1SampleA_Mon_Mar__2_16_19_21_2026,0.0383516401052475,3.5159912109375,63.103223759755515
RABLab26_Mar02_GrafLab_Clay0%(supersand)_Group1SampleA_Mon_Mar__2_16_19_21_2026,0.0383516401052475,3.5159912109375,63.103223759755515
RABLab26_Mar02_GrafLab_Clay0%(supersand)_Group1SampleA_Mon_Mar__2_16_19_21_2026,0.0383516401052475,3.5159912109375,63.103223759755515
RABLab26_Mar02_GrafLab_Clay0%(supersand)_Group1SampleA_Mon_Mar__2_16_19_21_2026,0.0383516401052475,3.5159912109375,63.103223759755515
RABLab26_Mar02_GrafLab_Clay0%(supersand)_Group1SampleA_Mon_Mar__2_16_19_21_2026,0.0383516401052475,3.5159912109375,63.103223759755515
RABLab26_Mar02_GrafLab_Clay0%(supersand)_Group1SampleA_Mon_Mar__2_16_19_21_2026,0.0384141951799393,3.55696177482605,63.103223759755515
RABLab26_Mar02_GrafLab_Clay0%(supersand)_Group1SampleA_Mon_Mar__2_16_19_21_2026,0.0384141951799393,3.55696177482605,63.103223759755515
RABLab26_Mar02_GrafLab_Clay0%(supersand)_Group1SampleA_Mon_Mar__2_16_19_21_2026,0.0384141951799393,3.55696177482605,63.103223759755515
RABLab26_Mar02_GrafLab_Clay0%(supersand)_Group1SampleA_Mon_Mar__2_16_19_21_2026,0.0384141951799393,3.55696177482605,63.103223759755515
RABLab26_Mar02_GrafLab_Clay0%(supersand)_Group1SampleA_Mon_Mar__2_16_19_21_2026,0.0384141951799393,3.55696177482605,63.103223759755515
RABLab26_Mar02_GrafLab_Clay0%(supersand)_Group1SampleA_Mon_Mar__2_16_19_21_2026,0.0384141951799393,3.55696177482605,63.103223759755515
RABLab26_Mar02_GrafLab_Clay0%(supersand)_Group1SampleA_Mon_Mar__2_16_19_21_2026,0.0385042876005173,3.540404796600342,63.103223759755515
RABLab26_Mar02_GrafLab_Clay0%(supersand)_Group1SampleA_Mon_Mar__2_16_19_21_2026,0.0385042876005173,3.540404796600342,63.103223759755515
RABLab26_Mar02_GrafLab_Clay0%(supersand)_Group1SampleA_Mon_Mar__2_16_19_21_2026,0.0385042876005173,3.540404796600342,63.103223759755515
RABLab26_Mar02_GrafLab_Clay0%(supersand)_Group1SampleA_Mon_Mar__2_16_19_21_2026,0.0385042876005173,3.540404796600342,63.103223759755515
RABLab26_Mar02_GrafLab_Clay0%(supersand)_Group1SampleA_Mon_Mar__2_16_19_21_2026,0.0385042876005173,3.540404796600342,63.103223759755515
RABLab26_Mar02_GrafLab_Clay0%(supersand)_Group1SampleA_Mon_Mar__2_16_19_21_2026,0.0385042876005173,3.540404796600342,63.103223759755515
RABLab26_Mar02_GrafLab_Clay0%(supersand)_Group1SampleA_Mon_Mar__2_16_19_21_2026,0.0385042876005173,3.540404796600342,63.103223759755515
RABLab26_Mar02_GrafLab_Clay0%(supersand)_Group1SampleA_Mon_Mar__2_16_19_21_2026,0.0385913401842117,3.43864107131958,63.103223759755515
RABLab26_Mar02_GrafLab_Clay0%(supersand)_Group1SampleA_Mon_Mar__2_16_19_21_2026,0.0385913401842117,3.43864107131958,63.103223759755515
RABLab26_Mar02_GrafLab_Clay0%(supersand)_Group1SampleA_Mon_Mar__2_16_19_21_2026,0.0385913401842117,3.43864107131958,63.103223759755515
RABLab26_Mar02_GrafLab_Clay0%(supersand)_Group1SampleA_Mon_Mar__2_16_19_21_2026,0.0385913401842117,3.43864107131958,63.103223759755515
RABLab26_Mar02_GrafLab_Clay0%(supersand)_Group1SampleA_Mon_Mar__2_16_19_21_2026,0.0385913401842117,3.43864107131958,63.103223759755515
RABLab26_Mar02_GrafLab_Clay0%(supersand)_Group1SampleA_Mon_Mar__2_16_19_21_2026,0.03873805701732638,3.4880666732788086,63.103223759755515
RABLab26_Mar02_GrafLab_Clay0%(supersand)_Group1SampleA_Mon_Mar__2_16_19_21_2026,0.03873805701732638,3.4880666732788086,63.103223759755515
RABLab26_Mar02_GrafLab_Clay0%(supersand)_Group1SampleA_Mon_Mar__2_16_19_21_2026,0.03873805701732638,3.4880666732788086,63.103223759755515
RABLab26_Mar02_GrafLab_Clay0%(supersand)_Group1SampleA_Mon_Mar__2_16_19_21_2026,0.03873805701732638,3.4880666732788086,63.103223759755515
RABLab26_Mar02_GrafLab_Clay0%(supersand)_Group1SampleA_Mon_Mar__2_16_19_21_2026,0.03873805701732638,3.4880666732788086,63.103223759755515
RABLab26_Mar02_GrafLab_Clay0%(supersand)_Group1SampleA_Mon_Mar__2_16_19_21_2026,0.03873805701732638,3.4880666732788086,63.103223759755515
RABLab26_Mar02_GrafLab_Clay0%(supersand)_Group1SampleA_Mon_Mar__2_16_19_21_2026,0.039117380976676885,3.131514310836792,63.103223759755515
RABLab26_Mar02_GrafLab_Clay0%(supersand)_Group1SampleA_Mon_Mar__2_16_19_21_2026,0.039117380976676885,3.131514310836792,63.103223759755515
RABLab26_Mar02_GrafLab_Clay0%(supersand)_Group1SampleA_Mon_Mar__2_16_19_21_2026,0.039117380976676885,3.131514310836792,63.103223759755515
RABLab26_Mar02_GrafLab_Clay0%(supersand)_Group1SampleA_Mon_Mar__2_16_19_21_2026,0.039117380976676885,3.131514310836792,63.103223759755515
RABLab26_Mar02_GrafLab_Clay0%(supersand)_Group1SampleA_Mon_Mar__2_16_19_21_2026,0.03975020349025729,2.393476247787476,63.103223759755515
RABLab26_Mar02_GrafLab_Clay0%(supersand)_Group1SampleA_Mon_Mar__2_16_19_21_2026,0.03975020349025729,2.393476247787476,63.103223759755515
RABLab26_Mar02_GrafLab_Clay0%(supersand)_Group1SampleA_Mon_Mar__2_16_19_21_2026,0.03975020349025729,2.393476247787476,63.103223759755515
RABLab26_Mar02_GrafLab_Clay0%(supersand)_Group1SampleA_Mon_Mar__2_16_19_21_2026,0.03975020349025729,2.393476247787476,63.103223759755515
RABLab26_Mar02_GrafLab_Clay0%(supersand)_Group1SampleA_Mon_Mar__2_16_19_21_2026,0.03975020349025729,2.393476247787476,63.103223759755515
RABLab26_Mar02_GrafLab_Clay0%(supersand)_Group1SampleA_Mon_Mar__2_16_19_21_2026,0.04050341248512268,1.7661391496658323,63.103223759755515
RABLab26_Mar02_GrafLab_Clay0%(supersand)_Group1SampleA_Mon_Mar__2_16_19_21_2026,0.04050341248512268,1.7661391496658323,63.103223759755515
RABLab26_Mar02_GrafLab_Clay0%(supersand)_Group1SampleA_Mon_Mar__2_16_19_21_2026,0.04050341248512268,1.7661391496658323,63.103223759755515
RABLab26_Mar02_GrafLab_Clay0%(supersand)_Group1SampleA_Mon_Mar__2_16_19_21_2026,0.04050341248512268,1.7661391496658323,63.103223759755515
RABLab26_Mar02_GrafLab_Clay0%(supersand)_Group1SampleA_Mon_Mar__2_16_19_21_2026,0.04050341248512268,1.7661391496658323,63.103223759755515
RABLab26_Mar02_GrafLab_Clay0%(supersand)_Group1SampleA_Mon_Mar__2_16_19_21_2026,0.04074318706989288,1.8913487195968628,63.103223759755515
RABLab26_Mar02_GrafLab_Clay0%(supersand)_Group1SampleA_Mon_Mar__2_16_19_21_2026,0.04074318706989288,1.8913487195968628,63.103223759755515
RABLab26_Mar02_GrafLab_Clay0%(supersand)_Group1SampleA_Mon_Mar__2_16_19_21_2026,0.04074318706989288,1.8913487195968628,63.103223759755515
RABLab26_Mar02_GrafLab_Clay0%(supersand)_Group1SampleA_Mon_Mar__2_16_19_21_2026,0.04074318706989288,1.8913487195968628,63.103223759755515
RABLab26_Mar02_GrafLab_Clay0%(supersand)_Group1SampleA_Mon_Mar__2_16_19_21_2026,0.04074318706989288,1.8913487195968628,63.103223759755515
RABLab26_Mar02_GrafLab_Clay0%(supersand)_Group1SampleA_Mon_Mar__2_16_19_21_2026,0.04074318706989288,1.8913487195968628,63.103223759755515
RABLab26_Mar02_GrafLab_Clay0%(supersand)_Group1SampleA_Mon_Mar__2_16_19_21_2026,0.04073625802993769,2.008948564529419,63.103223759755515
RABLab26_Mar02_GrafLab_Clay0%(supersand)_Group1SampleA_Mon_Mar__2_16_19_21_2026,0.04073625802993769,2.008948564529419,63.103223759755515
RABLab26_Mar02_GrafLab_Clay0%(supersand)_Group1SampleA_Mon_Mar__2_16_19_21_2026,0.04073625802993769,2.008948564529419,63.103223759755515
RABLab26_Mar02_GrafLab_Clay0%(supersand)_Group1SampleA_Mon_Mar__2_16_19_21_2026,0.04073625802993769,2.008948564529419,63.103223759755515
RABLab26_Mar02_GrafLab_Clay0%(supersand)_Group1SampleA_Mon_Mar__2_16_19_21_2026,0.04073625802993769,2.008948564529419,63.103223759755515
RABLab26_Mar02_GrafLab_Clay0%(supersand)_Group1SampleA_Mon_Mar__2_16_19_21_2026,0.04073625802993769,2.008948564529419,63.103223759755515
RABLab26_Mar02_GrafLab_Clay0%(supersand)_Group1SampleA_Mon_Mar__2_16_19_21_2026,0.04073625802993769,2.008948564529419,63.103223759755515
RABLab26_Mar02_GrafLab_Clay0%(supersand)_Group1SampleA_Mon_Mar__2_16_19_21_2026,0.04073625802993769,2.104785680770874,63.103223759755515
RABLab26_Mar02_GrafLab_Clay0%(supersand)_Group1SampleA_Mon_Mar__2_16_19_21_2026,0.04073625802993769,2.104785680770874,63.103223759755515
RABLab26_Mar02_GrafLab_Clay0%(supersand)_Group1SampleA_Mon_Mar__2_16_19_21_2026,0.04073625802993769,2.104785680770874,63.103223759755515
RABLab26_Mar02_GrafLab_Clay0%(supersand)_Group1SampleA_Mon_Mar__2_16_19_21_2026,0.04073625802993769,2.104785680770874,63.103223759755515
RABLab26_Mar02_GrafLab_Clay0%(supersand)_Group1SampleA_Mon_Mar__2_16_19_21_2026,0.04073625802993769,2.104785680770874,63.103223759755515
RABLab26_Mar02_GrafLab_Clay0%(supersand)_Group1SampleA_Mon_Mar__2_16_19_21_2026,0.04073625802993769,2.201760053634644,63.103223759755515
RABLab26_Mar02_GrafLab_Clay0%(supersand)_Group1SampleA_Mon_Mar__2_16_19_21_2026,0.04073625802993769,2.201760053634644,63.103223759755515
RABLab26_Mar02_GrafLab_Clay0%(supersand)_Group1SampleA_Mon_Mar__2_16_19_21_2026,0.04073625802993769,2.201760053634644,63.103223759755515
RABLab26_Mar02_GrafLab_Clay0%(supersand)_Group1SampleA_Mon_Mar__2_16_19_21_2026,0.04073625802993769,2.201760053634644,63.103223759755515
RABLab26_Mar02_GrafLab_Clay0%(supersand)_Group1SampleA_Mon_Mar__2_16_19_21_2026,0.04073625802993769,2.201760053634644,63.103223759755515
RABLab26_Mar02_GrafLab_Clay0%(supersand)_Group1SampleA_Mon_Mar__2_16_19_21_2026,0.04073625802993769,2.201760053634644,63.103223759755515
RABLab26_Mar02_GrafLab_Clay0%(supersand)_Group1SampleA_Mon_Mar__2_16_19_21_2026,0.04073625802993769,2.2989625930786133,63.103223759755515
RABLab26_Mar02_GrafLab_Clay0%(supersand)_Group1SampleA_Mon_Mar__2_16_19_21_2026,0.04073625802993769,2.2989625930786133,63.103223759755515
RABLab26_Mar02_GrafLab_Clay0%(supersand)_Group1SampleA_Mon_Mar__2_16_19_21_2026,0.04073625802993769,2.2989625930786133,63.103223759755515
RABLab26_Mar02_GrafLab_Clay0%(supersand)_Group1SampleA_Mon_Mar__2_16_19_21_2026,0.04073625802993769,2.2989625930786133,63.103223759755515
RABLab26_Mar02_GrafLab_Clay0%(supersand)_Group1SampleA_Mon_Mar__2_16_19_21_2026,0.04073625802993769,2.2989625930786133,63.103223759755515
RABLab26_Mar02_GrafLab_Clay0%(supersand)_Group1SampleA_Mon_Mar__2_16_19_21_2026,0.04073625802993769,2.3945469856262207,63.103223759755515
RABLab26_Mar02_GrafLab_Clay0%(supersand)_Group1SampleA_Mon_Mar__2_16_19_21_2026,0.04073625802993769,2.3945469856262207,63.103223759755515
RABLab26_Mar02_GrafLab_Clay0%(supersand)_Group1SampleA_Mon_Mar__2_16_19_21_2026,0.04073625802993769,2.3945469856262207,63.103223759755515
RABLab26_Mar02_GrafLab_Clay0%(supersand)_Group1SampleA_Mon_Mar__2_16_19_21_2026,0.04073625802993769,2.3945469856262207,63.103223759755515
RABLab26_Mar02_GrafLab_Clay0%(supersand)_Group1SampleA_Mon_Mar__2_16_19_21_2026,0.04073625802993769,2.3945469856262207,63.103223759755515
RABLab26_Mar02_GrafLab_Clay0%(supersand)_Group1SampleA_Mon_Mar__2_16_19_21_2026,0.04073625802993769,2.3945469856262207,63.103223759755515
RABLab26_Mar02_GrafLab_Clay0%(supersand)_Group1SampleA_Mon_Mar__2_16_19_21_2026,0.04076489806175229,2.4491333961486816,63.103223759755515
RABLab26_Mar02_GrafLab_Clay0%(supersand)_Group1SampleA_Mon_Mar__2_16_19_21_2026,0.04076489806175229,2.4491333961486816,63.103223759755515
RABLab26_Mar02_GrafLab_Clay0%(supersand)_Group1SampleA_Mon_Mar__2_16_19_21_2026,0.04076489806175229,2.4491333961486816,63.103223759755515
RABLab26_Mar02_GrafLab_Clay0%(supersand)_Group1SampleA_Mon_Mar__2_16_19_21_2026,0.04076489806175229,2.4491333961486816,63.103223759755515
RABLab26_Mar02_GrafLab_Clay0%(supersand)_Group1SampleA_Mon_Mar__2_16_19_21_2026,0.04076489806175229,2.4491333961486816,63.103223759755515
RABLab26_Mar02_GrafLab_Clay0%(supersand)_Group1SampleA_Mon_Mar__2_16_19_21_2026,0.04080139100551608,2.518003225326538,63.103223759755515
RABLab26_Mar02_GrafLab_Clay0%(supersand)_Group1SampleA_Mon_Mar__2_16_19_21_2026,0.04080139100551608,2.518003225326538,63.103223759755515
RABLab26_Mar02_GrafLab_Clay0%(supersand)_Group1SampleA_Mon_Mar__2_16_19_21_2026,0.04080139100551608,2.518003225326538,63.103223759755515
RABLab26_Mar02_GrafLab_Clay0%(supersand)_Group1SampleA_Mon_Mar__2_16_19_21_2026,0.04080139100551608,2.518003225326538,63.103223759755515
RABLab26_Mar02_GrafLab_Clay0%(supersand)_Group1SampleA_Mon_Mar__2_16_19_21_2026,0.04080139100551608,2.518003225326538,63.103223759755515
RABLab26_Mar02_GrafLab_Clay0%(supersand)_Group1SampleA_Mon_Mar__2_16_19_21_2026,0.04083533585071558,2.6705031394958496,63.103223759755515
RABLab26_Mar02_GrafLab_Clay0%(supersand)_Group1SampleA_Mon_Mar__2_16_19_21_2026,0.04083533585071558,2.6705031394958496,63.103223759755515
RABLab26_Mar02_GrafLab_Clay0%(supersand)_Group1SampleA_Mon_Mar__2_16_19_21_2026,0.04083533585071558,2.6705031394958496,63.103223759755515
RABLab26_Mar02_GrafLab_Clay0%(supersand)_Group1SampleA_Mon_Mar__2_16_19_21_2026,0.04083533585071558,2.6705031394958496,63.103223759755515
RABLab26_Mar02_GrafLab_Clay0%(supersand)_Group1SampleA_Mon_Mar__2_16_19_21_2026,0.04083533585071558,2.6705031394958496,63.103223759755515
RABLab26_Mar02_GrafLab_Clay0%(supersand)_Group1SampleA_Mon_Mar__2_16_19_21_2026,0.04089055955409998,2.617058038711548,63.103223759755515
RABLab26_Mar02_GrafLab_Clay0%(supersand)_Group1SampleA_Mon_Mar__2_16_19_21_2026,0.04089055955409998,2.617058038711548,63.103223759755515
RABLab26_Mar02_GrafLab_Clay0%(supersand)_Group1SampleA_Mon_Mar__2_16_19_21_2026,0.04089055955409998,2.617058038711548,63.103223759755515
RABLab26_Mar02_GrafLab_Clay0%(supersand)_Group1SampleA_Mon_Mar__2_16_19_21_2026,0.04089055955409998,2.617058038711548,63.103223759755515
RABLab26_Mar02_GrafLab_Clay0%(supersand)_Group1SampleA_Mon_Mar__2_16_19_21_2026,0.04089055955409998,2.617058038711548,63.103223759755515
RABLab26_Mar02_GrafLab_Clay0%(supersand)_Group1SampleA_Mon_Mar__2_16_19_21_2026,0.04091419279575348,2.7956056594848637,63.103223759755515
RABLab26_Mar02_GrafLab_Clay0%(supersand)_Group1SampleA_Mon_Mar__2_16_19_21_2026,0.04091419279575348,2.7956056594848637,63.103223759755515
RABLab26_Mar02_GrafLab_Clay0%(supersand)_Group1SampleA_Mon_Mar__2_16_19_21_2026,0.04091419279575348,2.7956056594848637,63.103223759755515
RABLab26_Mar02_GrafLab_Clay0%(supersand)_Group1SampleA_Mon_Mar__2_16_19_21_2026,0.04091419279575348,2.7956056594848637,63.103223759755515
RABLab26_Mar02_GrafLab_Clay0%(supersand)_Group1SampleA_Mon_Mar__2_16_19_21_2026,0.04091419279575348,2.7956056594848637,63.103223759755515
RABLab26_Mar02_GrafLab_Clay0%(supersand)_Group1SampleA_Mon_Mar__2_16_19_21_2026,0.0409789830446243,2.722914457321167,63.103223759755515
RABLab26_Mar02_GrafLab_Clay0%(supersand)_Group1SampleA_Mon_Mar__2_16_19_21_2026,0.0409789830446243,2.722914457321167,63.103223759755515
RABLab26_Mar02_GrafLab_Clay0%(supersand)_Group1SampleA_Mon_Mar__2_16_19_21_2026,0.0409789830446243,2.722914457321167,63.103223759755515
RABLab26_Mar02_GrafLab_Clay0%(supersand)_Group1SampleA_Mon_Mar__2_16_19_21_2026,0.0409789830446243,2.722914457321167,63.103223759755515
RABLab26_Mar02_GrafLab_Clay0%(supersand)_Group1SampleA_Mon_Mar__2_16_19_21_2026,0.0409789830446243,2.722914457321167,63.103223759755515
RABLab26_Mar02_GrafLab_Clay0%(supersand)_Group1SampleA_Mon_Mar__2_16_19_21_2026,0.0410015136003494,2.908234119415283,63.103223759755515
RABLab26_Mar02_GrafLab_Clay0%(supersand)_Group1SampleA_Mon_Mar__2_16_19_21_2026,0.0410015136003494,2.908234119415283,63.103223759755515
RABLab26_Mar02_GrafLab_Clay0%(supersand)_Group1SampleA_Mon_Mar__2_16_19_21_2026,0.0410015136003494,2.908234119415283,63.103223759755515
RABLab26_Mar02_GrafLab_Clay0%(supersand)_Group1SampleA_Mon_Mar__2_16_19_21_2026,0.0410015136003494,2.908234119415283,63.103223759755515
RABLab26_Mar02_GrafLab_Clay0%(supersand)_Group1SampleA_Mon_Mar__2_16_19_21_2026,0.0410015136003494,2.908234119415283,63.103223759755515
RABLab26_Mar02_GrafLab_Clay0%(supersand)_Group1SampleA_Mon_Mar__2_16_19_21_2026,0.0410624444484711,2.84315037727356,63.103223759755515
RABLab26_Mar02_GrafLab_Clay0%(supersand)_Group1SampleA_Mon_Mar__2_16_19_21_2026,0.0410624444484711,2.84315037727356,63.103223759755515
RABLab26_Mar02_GrafLab_Clay0%(supersand)_Group1SampleA_Mon_Mar__2_16_19_21_2026,0.0410624444484711,2.84315037727356,63.103223759755515
RABLab26_Mar02_GrafLab_Clay0%(supersand)_Group1SampleA_Mon_Mar__2_16_19_21_2026,0.0410624444484711,2.84315037727356,63.103223759755515
RABLab26_Mar02_GrafLab_Clay0%(supersand)_Group1SampleA_Mon_Mar__2_16_19_21_2026,0.0410624444484711,2.84315037727356,63.103223759755515
RABLab26_Mar02_GrafLab_Clay0%(supersand)_Group1SampleA_Mon_Mar__2_16_19_21_2026,0.0410624444484711,2.84315037727356,63.103223759755515
RABLab26_Mar02_GrafLab_Clay0%(supersand)_Group1SampleA_Mon_Mar__2_16_19_21_2026,0.04116047918796539,2.9222216606140137,63.103223759755515
RABLab26_Mar02_GrafLab_Clay0%(supersand)_Group1SampleA_Mon_Mar__2_16_19_21_2026,0.04116047918796539,2.9222216606140137,63.103223759755515
RABLab26_Mar02_GrafLab_Clay0%(supersand)_Group1SampleA_Mon_Mar__2_16_19_21_2026,0.04116047918796539,2.9222216606140137,63.103223759755515
RABLab26_Mar02_GrafLab_Clay0%(supersand)_Group1SampleA_Mon_Mar__2_16_19_21_2026,0.04116047918796539,2.9222216606140137,63.103223759755515
RABLab26_Mar02_GrafLab_Clay0%(supersand)_Group1SampleA_Mon_Mar__2_16_19_21_2026,0.04116047918796539,2.9222216606140137,63.103223759755515
RABLab26_Mar02_GrafLab_Clay0%(supersand)_Group1SampleA_Mon_Mar__2_16_19_21_2026,0.04134947061538699,2.7935056686401367,63.103223759755515
RABLab26_Mar02_GrafLab_Clay0%(supersand)_Group1SampleA_Mon_Mar__2_16_19_21_2026,0.04134947061538699,2.7935056686401367,63.103223759755515
RABLab26_Mar02_GrafLab_Clay0%(supersand)_Group1SampleA_Mon_Mar__2_16_19_21_2026,0.04134947061538699,2.7935056686401367,63.103223759755515
RABLab26_Mar02_GrafLab_Clay0%(supersand)_Group1SampleA_Mon_Mar__2_16_19_21_2026,0.04134947061538699,2.7935056686401367,63.103223759755515
RABLab26_Mar02_GrafLab_Clay0%(supersand)_Group1SampleA_Mon_Mar__2_16_19_21_2026,0.04134947061538699,2.7935056686401367,63.103223759755515
RABLab26_Mar02_GrafLab_Clay0%(supersand)_Group1SampleA_Mon_Mar__2_16_19_21_2026,0.04134947061538699,2.7935056686401367,63.103223759755515
RABLab26_Mar02_GrafLab_Clay0%(supersand)_Group1SampleA_Mon_Mar__2_16_19_21_2026,0.04154561460018158,2.604585886001587,63.103223759755515
RABLab26_Mar02_GrafLab_Clay0%(supersand)_Group1SampleA_Mon_Mar__2_16_19_21_2026,0.04154561460018158,2.604585886001587,63.103223759755515
RABLab26_Mar02_GrafLab_Clay0%(supersand)_Group1SampleA_Mon_Mar__2_16_19_21_2026,0.04154561460018158,2.604585886001587,63.103223759755515
RABLab26_Mar02_GrafLab_Clay0%(supersand)_Group1SampleA_Mon_Mar__2_16_19_21_2026,0.04154561460018158,2.604585886001587,63.103223759755515
RABLab26_Mar02_GrafLab_Clay0%(supersand)_Group1SampleA_Mon_Mar__2_16_19_21_2026,0.04154561460018158,2.604585886001587,63.103223759755515
RABLab26_Mar02_GrafLab_Clay0%(supersand)_Group1SampleA_Mon_Mar__2_16_19_21_2026,0.04154561460018158,2.604585886001587,63.103223759755515
RABLab26_Mar02_GrafLab_Clay0%(supersand)_Group1SampleA_Mon_Mar__2_16_19_21_2026,0.04154561460018158,2.604585886001587,63.103223759755515
RABLab26_Mar02_GrafLab_Clay0%(supersand)_Group1SampleA_Mon_Mar__2_16_19_21_2026,0.04190485179424289,2.398472309112549,63.103223759755515
RABLab26_Mar02_GrafLab_Clay0%(supersand)_Group1SampleA_Mon_Mar__2_16_19_21_2026,0.04190485179424289,2.398472309112549,63.103223759755515
RABLab26_Mar02_GrafLab_Clay0%(supersand)_Group1SampleA_Mon_Mar__2_16_19_21_2026,0.04190485179424289,2.398472309112549,63.103223759755515
RABLab26_Mar02_GrafLab_Clay0%(supersand)_Group1SampleA_Mon_Mar__2_16_19_21_2026,0.04190485179424289,2.398472309112549,63.103223759755515
RABLab26_Mar02_GrafLab_Clay0%(supersand)_Group1SampleA_Mon_Mar__2_16_19_21_2026,0.04190485179424289,2.398472309112549,63.103223759755515
RABLab26_Mar02_GrafLab_Clay0%(supersand)_Group1SampleA_Mon_Mar__2_16_19_21_2026,0.0422179847955704,2.085813045501709,63.103223759755515
RABLab26_Mar02_GrafLab_Clay0%(supersand)_Group1SampleA_Mon_Mar__2_16_19_21_2026,0.0422179847955704,2.085813045501709,63.103223759755515
RABLab26_Mar02_GrafLab_Clay0%(supersand)_Group1SampleA_Mon_Mar__2_16_19_21_2026,0.0422179847955704,2.085813045501709,63.103223759755515
RABLab26_Mar02_GrafLab_Clay0%(supersand)_Group1SampleA_Mon_Mar__2_16_19_21_2026,0.0422179847955704,2.085813045501709,63.103223759755515
RABLab26_Mar02_GrafLab_Clay0%(supersand)_Group1SampleA_Mon_Mar__2_16_19_21_2026,0.0422179847955704,2.085813045501709,63.103223759755515
RABLab26_Mar02_GrafLab_Clay0%(supersand)_Group1SampleA_Mon_Mar__2_16_19_21_2026,0.04256859421730039,1.977338552474976,63.103223759755515
RABLab26_Mar02_GrafLab_Clay0%(supersand)_Group1SampleA_Mon_Mar__2_16_19_21_2026,0.04256859421730039,1.977338552474976,63.103223759755515
RABLab26_Mar02_GrafLab_Clay0%(supersand)_Group1SampleA_Mon_Mar__2_16_19_21_2026,0.04256859421730039,1.977338552474976,63.103223759755515
RABLab26_Mar02_GrafLab_Clay0%(supersand)_Group1SampleA_Mon_Mar__2_16_19_21_2026,0.04256859421730039,1.977338552474976,63.103223759755515
RABLab26_Mar02_GrafLab_Clay0%(supersand)_Group1SampleA_Mon_Mar__2_16_19_21_2026,0.04256859421730039,1.977338552474976,63.103223759755515
RABLab26_Mar02_GrafLab_Clay0%(supersand)_Group1SampleA_Mon_Mar__2_16_19_21_2026,0.04265306890010828,1.9862165451049805,63.103223759755515
RABLab26_Mar02_GrafLab_Clay0%(supersand)_Group1SampleA_Mon_Mar__2_16_19_21_2026,0.04265306890010828,1.9862165451049805,63.103223759755515
RABLab26_Mar02_GrafLab_Clay0%(supersand)_Group1SampleA_Mon_Mar__2_16_19_21_2026,0.04265306890010828,1.9862165451049805,63.103223759755515
RABLab26_Mar02_GrafLab_Clay0%(supersand)_Group1SampleA_Mon_Mar__2_16_19_21_2026,0.04265306890010828,1.9862165451049805,63.103223759755515
RABLab26_Mar02_GrafLab_Clay0%(supersand)_Group1SampleA_Mon_Mar__2_16_19_21_2026,0.04265306890010828,1.9862165451049805,63.103223759755515
RABLab26_Mar02_GrafLab_Clay0%(supersand)_Group1SampleA_Mon_Mar__2_16_19_21_2026,0.04265306890010828,1.9862165451049805,63.103223759755515
RABLab26_Mar02_GrafLab_Clay0%(supersand)_Group1SampleA_Mon_Mar__2_16_19_21_2026,0.042677462100982694,2.160463333129883,63.103223759755515
RABLab26_Mar02_GrafLab_Clay0%(supersand)_Group1SampleA_Mon_Mar__2_16_19_21_2026,0.042677462100982694,2.160463333129883,63.103223759755515
RABLab26_Mar02_GrafLab_Clay0%(supersand)_Group1SampleA_Mon_Mar__2_16_19_21_2026,0.042677462100982694,2.160463333129883,63.103223759755515
RABLab26_Mar02_GrafLab_Clay0%(supersand)_Group1SampleA_Mon_Mar__2_16_19_21_2026,0.042677462100982694,2.160463333129883,63.103223759755515
RABLab26_Mar02_GrafLab_Clay0%(supersand)_Group1SampleA_Mon_Mar__2_16_19_21_2026,0.042677462100982694,2.160463333129883,63.103223759755515
RABLab26_Mar02_GrafLab_Clay0%(supersand)_Group1SampleA_Mon_Mar__2_16_19_21_2026,0.042677462100982694,2.160463333129883,63.103223759755515
RABLab26_Mar02_GrafLab_Clay0%(supersand)_Group1SampleA_Mon_Mar__2_16_19_21_2026,0.042702272534370395,2.1368985176086426,63.103223759755515
RABLab26_Mar02_GrafLab_Clay0%(supersand)_Group1SampleA_Mon_Mar__2_16_19_21_2026,0.042702272534370395,2.1368985176086426,63.103223759755515
RABLab26_Mar02_GrafLab_Clay0%(supersand)_Group1SampleA_Mon_Mar__2_16_19_21_2026,0.042702272534370395,2.1368985176086426,63.103223759755515
RABLab26_Mar02_GrafLab_Clay0%(supersand)_Group1SampleA_Mon_Mar__2_16_19_21_2026,0.042702272534370395,2.1368985176086426,63.103223759755515
RABLab26_Mar02_GrafLab_Clay0%(supersand)_Group1SampleA_Mon_Mar__2_16_19_21_2026,0.042702272534370395,2.1368985176086426,63.103223759755515
RABLab26_Mar02_GrafLab_Clay0%(supersand)_Group1SampleA_Mon_Mar__2_16_19_21_2026,0.04276500642299649,2.1605377197265625,63.103223759755515
RABLab26_Mar02_GrafLab_Clay0%(supersand)_Group1SampleA_Mon_Mar__2_16_19_21_2026,0.04276500642299649,2.1605377197265625,63.103223759755515
RABLab26_Mar02_GrafLab_Clay0%(supersand)_Group1SampleA_Mon_Mar__2_16_19_21_2026,0.04276500642299649,2.1605377197265625,63.103223759755515
RABLab26_Mar02_GrafLab_Clay0%(supersand)_Group1SampleA_Mon_Mar__2_16_19_21_2026,0.04276500642299649,2.1605377197265625,63.103223759755515
RABLab26_Mar02_GrafLab_Clay0%(supersand)_Group1SampleA_Mon_Mar__2_16_19_21_2026,0.04277098178863528,2.271334648132324,63.103223759755515
RABLab26_Mar02_GrafLab_Clay0%(supersand)_Group1SampleA_Mon_Mar__2_16_19_21_2026,0.04277098178863528,2.271334648132324,63.103223759755515
RABLab26_Mar02_GrafLab_Clay0%(supersand)_Group1SampleA_Mon_Mar__2_16_19_21_2026,0.04277098178863528,2.271334648132324,63.103223759755515
RABLab26_Mar02_GrafLab_Clay0%(supersand)_Group1SampleA_Mon_Mar__2_16_19_21_2026,0.04277098178863528,2.271334648132324,63.103223759755515
RABLab26_Mar02_GrafLab_Clay0%(supersand)_Group1SampleA_Mon_Mar__2_16_19_21_2026,0.04277098178863528,2.271334648132324,63.103223759755515
RABLab26_Mar02_GrafLab_Clay0%(supersand)_Group1SampleA_Mon_Mar__2_16_19_21_2026,0.04277098178863528,2.271334648132324,63.103223759755515
RABLab26_Mar02_GrafLab_Clay0%(supersand)_Group1SampleA_Mon_Mar__2_16_19_21_2026,0.042851254343986483,2.2538328170776367,63.103223759755515
RABLab26_Mar02_GrafLab_Clay0%(supersand)_Group1SampleA_Mon_Mar__2_16_19_21_2026,0.042851254343986483,2.2538328170776367,63.103223759755515
RABLab26_Mar02_GrafLab_Clay0%(supersand)_Group1SampleA_Mon_Mar__2_16_19_21_2026,0.042851254343986483,2.2538328170776367,63.103223759755515
RABLab26_Mar02_GrafLab_Clay0%(supersand)_Group1SampleA_Mon_Mar__2_16_19_21_2026,0.042851254343986483,2.2538328170776367,63.103223759755515
RABLab26_Mar02_GrafLab_Clay0%(supersand)_Group1SampleA_Mon_Mar__2_16_19_21_2026,0.042851254343986483,2.2538328170776367,63.103223759755515
RABLab26_Mar02_GrafLab_Clay0%(supersand)_Group1SampleA_Mon_Mar__2_16_19_21_2026,0.04288206994533539,2.3443949222564697,63.103223759755515
RABLab26_Mar02_GrafLab_Clay0%(supersand)_Group1SampleA_Mon_Mar__2_16_19_21_2026,0.04288206994533539,2.3443949222564697,63.103223759755515
RABLab26_Mar02_GrafLab_Clay0%(supersand)_Group1SampleA_Mon_Mar__2_16_19_21_2026,0.04288206994533539,2.3443949222564697,63.103223759755515
RABLab26_Mar02_GrafLab_Clay0%(supersand)_Group1SampleA_Mon_Mar__2_16_19_21_2026,0.04288206994533539,2.3443949222564697,63.103223759755515
RABLab26_Mar02_GrafLab_Clay0%(supersand)_Group1SampleA_Mon_Mar__2_16_19_21_2026,0.04288206994533539,2.3443949222564697,63.103223759755515
RABLab26_Mar02_GrafLab_Clay0%(supersand)_Group1SampleA_Mon_Mar__2_16_19_21_2026,0.04288206994533539,2.3443949222564697,63.103223759755515
RABLab26_Mar02_GrafLab_Clay0%(supersand)_Group1SampleA_Mon_Mar__2_16_19_21_2026,0.04296255111694339,2.437471628189087,63.103223759755515
RABLab26_Mar02_GrafLab_Clay0%(supersand)_Group1SampleA_Mon_Mar__2_16_19_21_2026,0.04296255111694339,2.437471628189087,63.103223759755515
RABLab26_Mar02_GrafLab_Clay0%(supersand)_Group1SampleA_Mon_Mar__2_16_19_21_2026,0.04296255111694339,2.437471628189087,63.103223759755515
RABLab26_Mar02_GrafLab_Clay0%(supersand)_Group1SampleA_Mon_Mar__2_16_19_21_2026,0.04296255111694339,2.437471628189087,63.103223759755515
RABLab26_Mar02_GrafLab_Clay0%(supersand)_Group1SampleA_Mon_Mar__2_16_19_21_2026,0.04296255111694339,2.437471628189087,63.103223759755515
RABLab26_Mar02_GrafLab_Clay0%(supersand)_Group1SampleA_Mon_Mar__2_16_19_21_2026,0.04296255111694339,2.437471628189087,63.103223759755515
RABLab26_Mar02_GrafLab_Clay0%(supersand)_Group1SampleA_Mon_Mar__2_16_19_21_2026,0.04297755658626559,2.542550563812256,63.103223759755515
RABLab26_Mar02_GrafLab_Clay0%(supersand)_Group1SampleA_Mon_Mar__2_16_19_21_2026,0.04297755658626559,2.542550563812256,63.103223759755515
RABLab26_Mar02_GrafLab_Clay0%(supersand)_Group1SampleA_Mon_Mar__2_16_19_21_2026,0.04297755658626559,2.542550563812256,63.103223759755515
RABLab26_Mar02_GrafLab_Clay0%(supersand)_Group1SampleA_Mon_Mar__2_16_19_21_2026,0.04297755658626559,2.542550563812256,63.103223759755515
RABLab26_Mar02_GrafLab_Clay0%(supersand)_Group1SampleA_Mon_Mar__2_16_19_21_2026,0.04297755658626559,2.542550563812256,63.103223759755515
RABLab26_Mar02_GrafLab_Clay0%(supersand)_Group1SampleA_Mon_Mar__2_16_19_21_2026,0.04297755658626559,2.542550563812256,63.103223759755515
RABLab26_Mar02_GrafLab_Clay0%(supersand)_Group1SampleA_Mon_Mar__2_16_19_21_2026,0.0430204123258591,2.550412654876709,63.103223759755515
RABLab26_Mar02_GrafLab_Clay0%(supersand)_Group1SampleA_Mon_Mar__2_16_19_21_2026,0.0430204123258591,2.550412654876709,63.103223759755515
RABLab26_Mar02_GrafLab_Clay0%(supersand)_Group1SampleA_Mon_Mar__2_16_19_21_2026,0.0430204123258591,2.550412654876709,63.103223759755515
RABLab26_Mar02_GrafLab_Clay0%(supersand)_Group1SampleA_Mon_Mar__2_16_19_21_2026,0.0430204123258591,2.550412654876709,63.103223759755515
RABLab26_Mar02_GrafLab_Clay0%(supersand)_Group1SampleA_Mon_Mar__2_16_19_21_2026,0.0430204123258591,2.550412654876709,63.103223759755515
RABLab26_Mar02_GrafLab_Clay0%(supersand)_Group1SampleA_Mon_Mar__2_16_19_21_2026,0.0430204123258591,2.550412654876709,63.103223759755515
RABLab26_Mar02_GrafLab_Clay0%(supersand)_Group1SampleA_Mon_Mar__2_16_19_21_2026,0.043040692806243896,2.6857330799102783,63.103223759755515
RABLab26_Mar02_GrafLab_Clay0%(supersand)_Group1SampleA_Mon_Mar__2_16_19_21_2026,0.043040692806243896,2.6857330799102783,63.103223759755515
RABLab26_Mar02_GrafLab_Clay0%(supersand)_Group1SampleA_Mon_Mar__2_16_19_21_2026,0.043040692806243896,2.6857330799102783,63.103223759755515
RABLab26_Mar02_GrafLab_Clay0%(supersand)_Group1SampleA_Mon_Mar__2_16_19_21_2026,0.043040692806243896,2.6857330799102783,63.103223759755515
RABLab26_Mar02_GrafLab_Clay0%(supersand)_Group1SampleA_Mon_Mar__2_16_19_21_2026,0.043040692806243896,2.6857330799102783,63.103223759755515
RABLab26_Mar02_GrafLab_Clay0%(supersand)_Group1SampleA_Mon_Mar__2_16_19_21_2026,0.043040692806243896,2.6857330799102783,63.103223759755515
RABLab26_Mar02_GrafLab_Clay0%(supersand)_Group1SampleA_Mon_Mar__2_16_19_21_2026,0.04309086501598358,2.6175339221954346,63.103223759755515
RABLab26_Mar02_GrafLab_Clay0%(supersand)_Group1SampleA_Mon_Mar__2_16_19_21_2026,0.04309086501598358,2.6175339221954346,63.103223759755515
RABLab26_Mar02_GrafLab_Clay0%(supersand)_Group1SampleA_Mon_Mar__2_16_19_21_2026,0.04309086501598358,2.6175339221954346,63.103223759755515
RABLab26_Mar02_GrafLab_Clay0%(supersand)_Group1SampleA_Mon_Mar__2_16_19_21_2026,0.04309086501598358,2.6175339221954346,63.103223759755515
RABLab26_Mar02_GrafLab_Clay0%(supersand)_Group1SampleA_Mon_Mar__2_16_19_21_2026,0.04309086501598358,2.6175339221954346,63.103223759755515
RABLab26_Mar02_GrafLab_Clay0%(supersand)_Group1SampleA_Mon_Mar__2_16_19_21_2026,0.04309086501598358,2.6175339221954346,63.103223759755515
RABLab26_Mar02_GrafLab_Clay0%(supersand)_Group1SampleA_Mon_Mar__2_16_19_21_2026,0.04317627847194669,2.6357851028442383,63.103223759755515
RABLab26_Mar02_GrafLab_Clay0%(supersand)_Group1SampleA_Mon_Mar__2_16_19_21_2026,0.04317627847194669,2.6357851028442383,63.103223759755515
RABLab26_Mar02_GrafLab_Clay0%(supersand)_Group1SampleA_Mon_Mar__2_16_19_21_2026,0.04317627847194669,2.6357851028442383,63.103223759755515
RABLab26_Mar02_GrafLab_Clay0%(supersand)_Group1SampleA_Mon_Mar__2_16_19_21_2026,0.04317627847194669,2.6357851028442383,63.103223759755515
RABLab26_Mar02_GrafLab_Clay0%(supersand)_Group1SampleA_Mon_Mar__2_16_19_21_2026,0.04317627847194669,2.6357851028442383,63.103223759755515
RABLab26_Mar02_GrafLab_Clay0%(supersand)_Group1SampleA_Mon_Mar__2_16_19_21_2026,0.043211504817009,2.8183889389038086,63.103223759755515
RABLab26_Mar02_GrafLab_Clay0%(supersand)_Group1SampleA_Mon_Mar__2_16_19_21_2026,0.043211504817009,2.8183889389038086,63.103223759755515
RABLab26_Mar02_GrafLab_Clay0%(supersand)_Group1SampleA_Mon_Mar__2_16_19_21_2026,0.043211504817009,2.8183889389038086,63.103223759755515
RABLab26_Mar02_GrafLab_Clay0%(supersand)_Group1SampleA_Mon_Mar__2_16_19_21_2026,0.043211504817009,2.8183889389038086,63.103223759755515
RABLab26_Mar02_GrafLab_Clay0%(supersand)_Group1SampleA_Mon_Mar__2_16_19_21_2026,0.043211504817009,2.8183889389038086,63.103223759755515
RABLab26_Mar02_GrafLab_Clay0%(supersand)_Group1SampleA_Mon_Mar__2_16_19_21_2026,0.043229788541793795,2.7980806827545166,63.103223759755515
RABLab26_Mar02_GrafLab_Clay0%(supersand)_Group1SampleA_Mon_Mar__2_16_19_21_2026,0.043229788541793795,2.7980806827545166,63.103223759755515
RABLab26_Mar02_GrafLab_Clay0%(supersand)_Group1SampleA_Mon_Mar__2_16_19_21_2026,0.043229788541793795,2.7980806827545166,63.103223759755515
RABLab26_Mar02_GrafLab_Clay0%(supersand)_Group1SampleA_Mon_Mar__2_16_19_21_2026,0.043229788541793795,2.7980806827545166,63.103223759755515
RABLab26_Mar02_GrafLab_Clay0%(supersand)_Group1SampleA_Mon_Mar__2_16_19_21_2026,0.043229788541793795,2.7980806827545166,63.103223759755515
RABLab26_Mar02_GrafLab_Clay0%(supersand)_Group1SampleA_Mon_Mar__2_16_19_21_2026,0.043229788541793795,2.7980806827545166,63.103223759755515
RABLab26_Mar02_GrafLab_Clay0%(supersand)_Group1SampleA_Mon_Mar__2_16_19_21_2026,0.04324553906917569,2.980182886123657,63.103223759755515
RABLab26_Mar02_GrafLab_Clay0%(supersand)_Group1SampleA_Mon_Mar__2_16_19_21_2026,0.04324553906917569,2.980182886123657,63.103223759755515
RABLab26_Mar02_GrafLab_Clay0%(supersand)_Group1SampleA_Mon_Mar__2_16_19_21_2026,0.04324553906917569,2.980182886123657,63.103223759755515
RABLab26_Mar02_GrafLab_Clay0%(supersand)_Group1SampleA_Mon_Mar__2_16_19_21_2026,0.04324553906917569,2.980182886123657,63.103223759755515
RABLab26_Mar02_GrafLab_Clay0%(supersand)_Group1SampleA_Mon_Mar__2_16_19_21_2026,0.04324553906917569,2.980182886123657,63.103223759755515
RABLab26_Mar02_GrafLab_Clay0%(supersand)_Group1SampleA_Mon_Mar__2_16_19_21_2026,0.04324553906917569,2.980182886123657,63.103223759755515
RABLab26_Mar02_GrafLab_Clay0%(supersand)_Group1SampleA_Mon_Mar__2_16_19_21_2026,0.043275192379951505,3.033721685409546,63.103223759755515
RABLab26_Mar02_GrafLab_Clay0%(supersand)_Group1SampleA_Mon_Mar__2_16_19_21_2026,0.043275192379951505,3.033721685409546,63.103223759755515
RABLab26_Mar02_GrafLab_Clay0%(supersand)_Group1SampleA_Mon_Mar__2_16_19_21_2026,0.043275192379951505,3.033721685409546,63.103223759755515
RABLab26_Mar02_GrafLab_Clay0%(supersand)_Group1SampleA_Mon_Mar__2_16_19_21_2026,0.043275192379951505,3.033721685409546,63.103223759755515
RABLab26_Mar02_GrafLab_Clay0%(supersand)_Group1SampleA_Mon_Mar__2_16_19_21_2026,0.043275192379951505,3.033721685409546,63.103223759755515
RABLab26_Mar02_GrafLab_Clay0%(supersand)_Group1SampleA_Mon_Mar__2_16_19_21_2026,0.043275192379951505,3.033721685409546,63.103223759755515
RABLab26_Mar02_GrafLab_Clay0%(supersand)_Group1SampleA_Mon_Mar__2_16_19_21_2026,0.0433060675859451,3.004438877105713,63.103223759755515
RABLab26_Mar02_GrafLab_Clay0%(supersand)_Group1SampleA_Mon_Mar__2_16_19_21_2026,0.0433060675859451,3.004438877105713,63.103223759755515
RABLab26_Mar02_GrafLab_Clay0%(supersand)_Group1SampleA_Mon_Mar__2_16_19_21_2026,0.0433060675859451,3.004438877105713,63.103223759755515
RABLab26_Mar02_GrafLab_Clay0%(supersand)_Group1SampleA_Mon_Mar__2_16_19_21_2026,0.0433060675859451,3.004438877105713,63.103223759755515
RABLab26_Mar02_GrafLab_Clay0%(supersand)_Group1SampleA_Mon_Mar__2_16_19_21_2026,0.0433616787195206,3.145709753036499,63.103223759755515
RABLab26_Mar02_GrafLab_Clay0%(supersand)_Group1SampleA_Mon_Mar__2_16_19_21_2026,0.0433616787195206,3.145709753036499,63.103223759755515
RABLab26_Mar02_GrafLab_Clay0%(supersand)_Group1SampleA_Mon_Mar__2_16_19_21_2026,0.0433616787195206,3.145709753036499,63.103223759755515
RABLab26_Mar02_GrafLab_Clay0%(supersand)_Group1SampleA_Mon_Mar__2_16_19_21_2026,0.0433616787195206,3.145709753036499,63.103223759755515
RABLab26_Mar02_GrafLab_Clay0%(supersand)_Group1SampleA_Mon_Mar__2_16_19_21_2026,0.0433616787195206,3.145709753036499,63.103223759755515
RABLab26_Mar02_GrafLab_Clay0%(supersand)_Group1SampleA_Mon_Mar__2_16_19_21_2026,0.0433616787195206,3.145709753036499,63.103223759755515
RABLab26_Mar02_GrafLab_Clay0%(supersand)_Group1SampleA_Mon_Mar__2_16_19_21_2026,0.043363511562347384,3.158477067947388,63.103223759755515
RABLab26_Mar02_GrafLab_Clay0%(supersand)_Group1SampleA_Mon_Mar__2_16_19_21_2026,0.043363511562347384,3.158477067947388,63.103223759755515
RABLab26_Mar02_GrafLab_Clay0%(supersand)_Group1SampleA_Mon_Mar__2_16_19_21_2026,0.043363511562347384,3.158477067947388,63.103223759755515
RABLab26_Mar02_GrafLab_Clay0%(supersand)_Group1SampleA_Mon_Mar__2_16_19_21_2026,0.043363511562347384,3.158477067947388,63.103223759755515
RABLab26_Mar02_GrafLab_Clay0%(supersand)_Group1SampleA_Mon_Mar__2_16_19_21_2026,0.043363511562347384,3.158477067947388,63.103223759755515
RABLab26_Mar02_GrafLab_Clay0%(supersand)_Group1SampleA_Mon_Mar__2_16_19_21_2026,0.043392613530159,3.220660924911499,63.103223759755515
RABLab26_Mar02_GrafLab_Clay0%(supersand)_Group1SampleA_Mon_Mar__2_16_19_21_2026,0.043392613530159,3.220660924911499,63.103223759755515
RABLab26_Mar02_GrafLab_Clay0%(supersand)_Group1SampleA_Mon_Mar__2_16_19_21_2026,0.043392613530159,3.220660924911499,63.103223759755515
RABLab26_Mar02_GrafLab_Clay0%(supersand)_Group1SampleA_Mon_Mar__2_16_19_21_2026,0.043392613530159,3.220660924911499,63.103223759755515
RABLab26_Mar02_GrafLab_Clay0%(supersand)_Group1SampleA_Mon_Mar__2_16_19_21_2026,0.04341715574264529,3.39123010635376,63.103223759755515
RABLab26_Mar02_GrafLab_Clay0%(supersand)_Group1SampleA_Mon_Mar__2_16_19_21_2026,0.04341715574264529,3.39123010635376,63.103223759755515
RABLab26_Mar02_GrafLab_Clay0%(supersand)_Group1SampleA_Mon_Mar__2_16_19_21_2026,0.04341715574264529,3.39123010635376,63.103223759755515
RABLab26_Mar02_GrafLab_Clay0%(supersand)_Group1SampleA_Mon_Mar__2_16_19_21_2026,0.04341715574264529,3.39123010635376,63.103223759755515
RABLab26_Mar02_GrafLab_Clay0%(supersand)_Group1SampleA_Mon_Mar__2_16_19_21_2026,0.04341715574264529,3.39123010635376,63.103223759755515
RABLab26_Mar02_GrafLab_Clay0%(supersand)_Group1SampleA_Mon_Mar__2_16_19_21_2026,0.04344795644283289,3.353933095932007,63.103223759755515
RABLab26_Mar02_GrafLab_Clay0%(supersand)_Group1SampleA_Mon_Mar__2_16_19_21_2026,0.04344795644283289,3.353933095932007,63.103223759755515
RABLab26_Mar02_GrafLab_Clay0%(supersand)_Group1SampleA_Mon_Mar__2_16_19_21_2026,0.04344795644283289,3.353933095932007,63.103223759755515
RABLab26_Mar02_GrafLab_Clay0%(supersand)_Group1SampleA_Mon_Mar__2_16_19_21_2026,0.04344795644283289,3.353933095932007,63.103223759755515
RABLab26_Mar02_GrafLab_Clay0%(supersand)_Group1SampleA_Mon_Mar__2_16_19_21_2026,0.04344795644283289,3.353933095932007,63.103223759755515
RABLab26_Mar02_GrafLab_Clay0%(supersand)_Group1SampleA_Mon_Mar__2_16_19_21_2026,0.04344795644283289,3.353933095932007,63.103223759755515
RABLab26_Mar02_GrafLab_Clay0%(supersand)_Group1SampleA_Mon_Mar__2_16_19_21_2026,0.04348379373550418,3.530763626098633,63.103223759755515
RABLab26_Mar02_GrafLab_Clay0%(supersand)_Group1SampleA_Mon_Mar__2_16_19_21_2026,0.04348379373550418,3.530763626098633,63.103223759755515
RABLab26_Mar02_GrafLab_Clay0%(supersand)_Group1SampleA_Mon_Mar__2_16_19_21_2026,0.04348379373550418,3.530763626098633,63.103223759755515
RABLab26_Mar02_GrafLab_Clay0%(supersand)_Group1SampleA_Mon_Mar__2_16_19_21_2026,0.04348379373550418,3.530763626098633,63.103223759755515
RABLab26_Mar02_GrafLab_Clay0%(supersand)_Group1SampleA_Mon_Mar__2_16_19_21_2026,0.04348379373550418,3.530763626098633,63.103223759755515
RABLab26_Mar02_GrafLab_Clay0%(supersand)_Group1SampleA_Mon_Mar__2_16_19_21_2026,0.04348379373550418,3.530763626098633,63.103223759755515
RABLab26_Mar02_GrafLab_Clay0%(supersand)_Group1SampleA_Mon_Mar__2_16_19_21_2026,0.04348379373550418,3.530763626098633,63.103223759755515
RABLab26_Mar02_GrafLab_Clay0%(supersand)_Group1SampleA_Mon_Mar__2_16_19_21_2026,0.04354903101921079,3.522865295410156,63.103223759755515
RABLab26_Mar02_GrafLab_Clay0%(supersand)_Group1SampleA_Mon_Mar__2_16_19_21_2026,0.04354903101921079,3.522865295410156,63.103223759755515
RABLab26_Mar02_GrafLab_Clay0%(supersand)_Group1SampleA_Mon_Mar__2_16_19_21_2026,0.04354903101921079,3.522865295410156,63.103223759755515
RABLab26_Mar02_GrafLab_Clay0%(supersand)_Group1SampleA_Mon_Mar__2_16_19_21_2026,0.04354903101921079,3.522865295410156,63.103223759755515
RABLab26_Mar02_GrafLab_Clay0%(supersand)_Group1SampleA_Mon_Mar__2_16_19_21_2026,0.04354903101921079,3.522865295410156,63.103223759755515
RABLab26_Mar02_GrafLab_Clay0%(supersand)_Group1SampleA_Mon_Mar__2_16_19_21_2026,0.04354903101921079,3.522865295410156,63.103223759755515
RABLab26_Mar02_GrafLab_Clay0%(supersand)_Group1SampleA_Mon_Mar__2_16_19_21_2026,0.043594375252723694,3.6105453968048096,63.103223759755515
RABLab26_Mar02_GrafLab_Clay0%(supersand)_Group1SampleA_Mon_Mar__2_16_19_21_2026,0.043594375252723694,3.6105453968048096,63.103223759755515
RABLab26_Mar02_GrafLab_Clay0%(supersand)_Group1SampleA_Mon_Mar__2_16_19_21_2026,0.043594375252723694,3.6105453968048096,63.103223759755515
RABLab26_Mar02_GrafLab_Clay0%(supersand)_Group1SampleA_Mon_Mar__2_16_19_21_2026,0.043594375252723694,3.6105453968048096,63.103223759755515
RABLab26_Mar02_GrafLab_Clay0%(supersand)_Group1SampleA_Mon_Mar__2_16_19_21_2026,0.043594375252723694,3.6105453968048096,63.103223759755515
RABLab26_Mar02_GrafLab_Clay0%(supersand)_Group1SampleA_Mon_Mar__2_16_19_21_2026,0.043594375252723694,3.6105453968048096,63.103223759755515
RABLab26_Mar02_GrafLab_Clay0%(supersand)_Group1SampleA_Mon_Mar__2_16_19_21_2026,0.04365240037441248,3.614326477050781,63.103223759755515
RABLab26_Mar02_GrafLab_Clay0%(supersand)_Group1SampleA_Mon_Mar__2_16_19_21_2026,0.04365240037441248,3.614326477050781,63.103223759755515
RABLab26_Mar02_GrafLab_Clay0%(supersand)_Group1SampleA_Mon_Mar__2_16_19_21_2026,0.04365240037441248,3.614326477050781,63.103223759755515
RABLab26_Mar02_GrafLab_Clay0%(supersand)_Group1SampleA_Mon_Mar__2_16_19_21_2026,0.04365240037441248,3.614326477050781,63.103223759755515
RABLab26_Mar02_GrafLab_Clay0%(supersand)_Group1SampleA_Mon_Mar__2_16_19_21_2026,0.0437354892492294,3.5314979553222656,63.103223759755515
RABLab26_Mar02_GrafLab_Clay0%(supersand)_Group1SampleA_Mon_Mar__2_16_19_21_2026,0.0437354892492294,3.5314979553222656,63.103223759755515
RABLab26_Mar02_GrafLab_Clay0%(supersand)_Group1SampleA_Mon_Mar__2_16_19_21_2026,0.0437354892492294,3.5314979553222656,63.103223759755515
RABLab26_Mar02_GrafLab_Clay0%(supersand)_Group1SampleA_Mon_Mar__2_16_19_21_2026,0.0437354892492294,3.5314979553222656,63.103223759755515
RABLab26_Mar02_GrafLab_Clay0%(supersand)_Group1SampleA_Mon_Mar__2_16_19_21_2026,0.0437354892492294,3.5314979553222656,63.103223759755515
RABLab26_Mar02_GrafLab_Clay0%(supersand)_Group1SampleA_Mon_Mar__2_16_19_21_2026,0.043828472495078985,3.5464415550231934,63.103223759755515
RABLab26_Mar02_GrafLab_Clay0%(supersand)_Group1SampleA_Mon_Mar__2_16_19_21_2026,0.043828472495078985,3.5464415550231934,63.103223759755515
RABLab26_Mar02_GrafLab_Clay0%(supersand)_Group1SampleA_Mon_Mar__2_16_19_21_2026,0.043828472495078985,3.5464415550231934,63.103223759755515
RABLab26_Mar02_GrafLab_Clay0%(supersand)_Group1SampleA_Mon_Mar__2_16_19_21_2026,0.043828472495078985,3.5464415550231934,63.103223759755515
RABLab26_Mar02_GrafLab_Clay0%(supersand)_Group1SampleA_Mon_Mar__2_16_19_21_2026,0.043828472495078985,3.5464415550231934,63.103223759755515
RABLab26_Mar02_GrafLab_Clay0%(supersand)_Group1SampleA_Mon_Mar__2_16_19_21_2026,0.0440132021903992,3.469288825988769,63.103223759755515
RABLab26_Mar02_GrafLab_Clay0%(supersand)_Group1SampleA_Mon_Mar__2_16_19_21_2026,0.0440132021903992,3.469288825988769,63.103223759755515
RABLab26_Mar02_GrafLab_Clay0%(supersand)_Group1SampleA_Mon_Mar__2_16_19_21_2026,0.0440132021903992,3.469288825988769,63.103223759755515
RABLab26_Mar02_GrafLab_Clay0%(supersand)_Group1SampleA_Mon_Mar__2_16_19_21_2026,0.0440132021903992,3.469288825988769,63.103223759755515
RABLab26_Mar02_GrafLab_Clay0%(supersand)_Group1SampleA_Mon_Mar__2_16_19_21_2026,0.0440132021903992,3.469288825988769,63.103223759755515
RABLab26_Mar02_GrafLab_Clay0%(supersand)_Group1SampleA_Mon_Mar__2_16_19_21_2026,0.0440132021903992,3.469288825988769,63.103223759755515
RABLab26_Mar02_GrafLab_Clay0%(supersand)_Group1SampleA_Mon_Mar__2_16_19_21_2026,0.04415193200111389,3.520782470703125,63.103223759755515
RABLab26_Mar02_GrafLab_Clay0%(supersand)_Group1SampleA_Mon_Mar__2_16_19_21_2026,0.04415193200111389,3.520782470703125,63.103223759755515
RABLab26_Mar02_GrafLab_Clay0%(supersand)_Group1SampleA_Mon_Mar__2_16_19_21_2026,0.04415193200111389,3.520782470703125,63.103223759755515
RABLab26_Mar02_GrafLab_Clay0%(supersand)_Group1SampleA_Mon_Mar__2_16_19_21_2026,0.04415193200111389,3.520782470703125,63.103223759755515
RABLab26_Mar02_GrafLab_Clay0%(supersand)_Group1SampleA_Mon_Mar__2_16_19_21_2026,0.04415193200111389,3.520782470703125,63.103223759755515
RABLab26_Mar02_GrafLab_Clay0%(supersand)_Group1SampleA_Mon_Mar__2_16_19_21_2026,0.04415193200111389,3.520782470703125,63.103223759755515
RABLab26_Mar02_GrafLab_Clay0%(supersand)_Group1SampleA_Mon_Mar__2_16_19_21_2026,0.044248342514038086,3.427153348922729,63.103223759755515
RABLab26_Mar02_GrafLab_Clay0%(supersand)_Group1SampleA_Mon_Mar__2_16_19_21_2026,0.044248342514038086,3.427153348922729,63.103223759755515
RABLab26_Mar02_GrafLab_Clay0%(supersand)_Group1SampleA_Mon_Mar__2_16_19_21_2026,0.044248342514038086,3.427153348922729,63.103223759755515
RABLab26_Mar02_GrafLab_Clay0%(supersand)_Group1SampleA_Mon_Mar__2_16_19_21_2026,0.044248342514038086,3.427153348922729,63.103223759755515
RABLab26_Mar02_GrafLab_Clay0%(supersand)_Group1SampleA_Mon_Mar__2_16_19_21_2026,0.044248342514038086,3.427153348922729,63.103223759755515
RABLab26_Mar02_GrafLab_Clay0%(supersand)_Group1SampleA_Mon_Mar__2_16_19_21_2026,0.044248342514038086,3.427153348922729,63.103223759755515
RABLab26_Mar02_GrafLab_Clay0%(supersand)_Group1SampleA_Mon_Mar__2_16_19_21_2026,0.04434679448604578,3.5547518730163574,63.103223759755515
RABLab26_Mar02_GrafLab_Clay0%(supersand)_Group1SampleA_Mon_Mar__2_16_19_21_2026,0.04434679448604578,3.5547518730163574,63.103223759755515
RABLab26_Mar02_GrafLab_Clay0%(supersand)_Group1SampleA_Mon_Mar__2_16_19_21_2026,0.04434679448604578,3.5547518730163574,63.103223759755515
RABLab26_Mar02_GrafLab_Clay0%(supersand)_Group1SampleA_Mon_Mar__2_16_19_21_2026,0.04434679448604578,3.5547518730163574,63.103223759755515
RABLab26_Mar02_GrafLab_Clay0%(supersand)_Group1SampleA_Mon_Mar__2_16_19_21_2026,0.04434679448604578,3.5547518730163574,63.103223759755515
RABLab26_Mar02_GrafLab_Clay0%(supersand)_Group1SampleA_Mon_Mar__2_16_19_21_2026,0.04434679448604578,3.5547518730163574,63.103223759755515
RABLab26_Mar02_GrafLab_Clay0%(supersand)_Group1SampleA_Mon_Mar__2_16_19_21_2026,0.0444411039352417,3.458552122116089,63.103223759755515
RABLab26_Mar02_GrafLab_Clay0%(supersand)_Group1SampleA_Mon_Mar__2_16_19_21_2026,0.0444411039352417,3.458552122116089,63.103223759755515
RABLab26_Mar02_GrafLab_Clay0%(supersand)_Group1SampleA_Mon_Mar__2_16_19_21_2026,0.0444411039352417,3.458552122116089,63.103223759755515
RABLab26_Mar02_GrafLab_Clay0%(supersand)_Group1SampleA_Mon_Mar__2_16_19_21_2026,0.0444411039352417,3.458552122116089,63.103223759755515
RABLab26_Mar02_GrafLab_Clay0%(supersand)_Group1SampleA_Mon_Mar__2_16_19_21_2026,0.0444411039352417,3.458552122116089,63.103223759755515
RABLab26_Mar02_GrafLab_Clay0%(supersand)_Group1SampleA_Mon_Mar__2_16_19_21_2026,0.0444660484790802,3.5388216972351074,63.103223759755515
RABLab26_Mar02_GrafLab_Clay0%(supersand)_Group1SampleA_Mon_Mar__2_16_19_21_2026,0.0444660484790802,3.5388216972351074,63.103223759755515
RABLab26_Mar02_GrafLab_Clay0%(supersand)_Group1SampleA_Mon_Mar__2_16_19_21_2026,0.0444660484790802,3.5388216972351074,63.103223759755515
RABLab26_Mar02_GrafLab_Clay0%(supersand)_Group1SampleA_Mon_Mar__2_16_19_21_2026,0.0444660484790802,3.5388216972351074,63.103223759755515
RABLab26_Mar02_GrafLab_Clay0%(supersand)_Group1SampleA_Mon_Mar__2_16_19_21_2026,0.04452463984489438,3.548816442489624,63.103223759755515
RABLab26_Mar02_GrafLab_Clay0%(supersand)_Group1SampleA_Mon_Mar__2_16_19_21_2026,0.04452463984489438,3.548816442489624,63.103223759755515
RABLab26_Mar02_GrafLab_Clay0%(supersand)_Group1SampleA_Mon_Mar__2_16_19_21_2026,0.04452463984489438,3.548816442489624,63.103223759755515
RABLab26_Mar02_GrafLab_Clay0%(supersand)_Group1SampleA_Mon_Mar__2_16_19_21_2026,0.044614419341087286,3.668751001358032,63.103223759755515
RABLab26_Mar02_GrafLab_Clay0%(supersand)_Group1SampleA_Mon_Mar__2_16_19_21_2026,0.044614419341087286,3.668751001358032,63.103223759755515
RABLab26_Mar02_GrafLab_Clay0%(supersand)_Group1SampleA_Mon_Mar__2_16_19_21_2026,0.044614419341087286,3.668751001358032,63.103223759755515
RABLab26_Mar02_GrafLab_Clay0%(supersand)_Group1SampleA_Mon_Mar__2_16_19_21_2026,0.044614419341087286,3.668751001358032,63.103223759755515
RABLab26_Mar02_GrafLab_Clay0%(supersand)_Group1SampleA_Mon_Mar__2_16_19_21_2026,0.044614419341087286,3.668751001358032,63.103223759755515
RABLab26_Mar02_GrafLab_Clay0%(supersand)_Group1SampleA_Mon_Mar__2_16_19_21_2026,0.04468612372875208,3.717411994934082,63.103223759755515
RABLab26_Mar02_GrafLab_Clay0%(supersand)_Group1SampleA_Mon_Mar__2_16_19_21_2026,0.04468612372875208,3.717411994934082,63.103223759755515
RABLab26_Mar02_GrafLab_Clay0%(supersand)_Group1SampleA_Mon_Mar__2_16_19_21_2026,0.04468612372875208,3.717411994934082,63.103223759755515
RABLab26_Mar02_GrafLab_Clay0%(supersand)_Group1SampleA_Mon_Mar__2_16_19_21_2026,0.0447088032960892,3.695124864578247,63.103223759755515
RABLab26_Mar02_GrafLab_Clay0%(supersand)_Group1SampleA_Mon_Mar__2_16_19_21_2026,0.0447088032960892,3.695124864578247,63.103223759755515
RABLab26_Mar02_GrafLab_Clay0%(supersand)_Group1SampleA_Mon_Mar__2_16_19_21_2026,0.0447088032960892,3.695124864578247,63.103223759755515
RABLab26_Mar02_GrafLab_Clay0%(supersand)_Group1SampleA_Mon_Mar__2_16_19_21_2026,0.0447088032960892,3.695124864578247,63.103223759755515
RABLab26_Mar02_GrafLab_Clay0%(supersand)_Group1SampleA_Mon_Mar__2_16_19_21_2026,0.0447088032960892,3.695124864578247,63.103223759755515
RABLab26_Mar02_GrafLab_Clay0%(supersand)_Group1SampleA_Mon_Mar__2_16_19_21_2026,0.04482515156269068,3.7633466720581055,63.103223759755515
RABLab26_Mar02_GrafLab_Clay0%(supersand)_Group1SampleA_Mon_Mar__2_16_19_21_2026,0.04482515156269068,3.7633466720581055,63.103223759755515
RABLab26_Mar02_GrafLab_Clay0%(supersand)_Group1SampleA_Mon_Mar__2_16_19_21_2026,0.04482515156269068,3.7633466720581055,63.103223759755515
RABLab26_Mar02_GrafLab_Clay0%(supersand)_Group1SampleA_Mon_Mar__2_16_19_21_2026,0.04482515156269068,3.7633466720581055,63.103223759755515
RABLab26_Mar02_GrafLab_Clay0%(supersand)_Group1SampleA_Mon_Mar__2_16_19_21_2026,0.044900506734847995,3.67710018157959,63.103223759755515
RABLab26_Mar02_GrafLab_Clay0%(supersand)_Group1SampleA_Mon_Mar__2_16_19_21_2026,0.044900506734847995,3.67710018157959,63.103223759755515
RABLab26_Mar02_GrafLab_Clay0%(supersand)_Group1SampleA_Mon_Mar__2_16_19_21_2026,0.044900506734847995,3.67710018157959,63.103223759755515
RABLab26_Mar02_GrafLab_Clay0%(supersand)_Group1SampleA_Mon_Mar__2_16_19_21_2026,0.044900506734847995,3.67710018157959,63.103223759755515
RABLab26_Mar02_GrafLab_Clay0%(supersand)_Group1SampleA_Mon_Mar__2_16_19_21_2026,0.044900506734847995,3.67710018157959,63.103223759755515
RABLab26_Mar02_GrafLab_Clay0%(supersand)_Group1SampleA_Mon_Mar__2_16_19_21_2026,0.044967815279960605,3.747156143188477,63.103223759755515
RABLab26_Mar02_GrafLab_Clay0%(supersand)_Group1SampleA_Mon_Mar__2_16_19_21_2026,0.044967815279960605,3.747156143188477,63.103223759755515
RABLab26_Mar02_GrafLab_Clay0%(supersand)_Group1SampleA_Mon_Mar__2_16_19_21_2026,0.044967815279960605,3.747156143188477,63.103223759755515
RABLab26_Mar02_GrafLab_Clay0%(supersand)_Group1SampleA_Mon_Mar__2_16_19_21_2026,0.044967815279960605,3.747156143188477,63.103223759755515
RABLab26_Mar02_GrafLab_Clay0%(supersand)_Group1SampleA_Mon_Mar__2_16_19_21_2026,0.044967815279960605,3.747156143188477,63.103223759755515
RABLab26_Mar02_GrafLab_Clay0%(supersand)_Group1SampleA_Mon_Mar__2_16_19_21_2026,0.044967815279960605,3.747156143188477,63.103223759755515
RABLab26_Mar02_GrafLab_Clay0%(supersand)_Group1SampleA_Mon_Mar__2_16_19_21_2026,0.044967815279960605,3.747156143188477,63.103223759755515
RABLab26_Mar02_GrafLab_Clay0%(supersand)_Group1SampleA_Mon_Mar__2_16_19_21_2026,0.045034512877464294,3.87941837310791,63.103223759755515
RABLab26_Mar02_GrafLab_Clay0%(supersand)_Group1SampleA_Mon_Mar__2_16_19_21_2026,0.045034512877464294,3.87941837310791,63.103223759755515
RABLab26_Mar02_GrafLab_Clay0%(supersand)_Group1SampleA_Mon_Mar__2_16_19_21_2026,0.045034512877464294,3.87941837310791,63.103223759755515
RABLab26_Mar02_GrafLab_Clay0%(supersand)_Group1SampleA_Mon_Mar__2_16_19_21_2026,0.045034512877464294,3.87941837310791,63.103223759755515
RABLab26_Mar02_GrafLab_Clay0%(supersand)_Group1SampleA_Mon_Mar__2_16_19_21_2026,0.045034512877464294,3.87941837310791,63.103223759755515
RABLab26_Mar02_GrafLab_Clay0%(supersand)_Group1SampleA_Mon_Mar__2_16_19_21_2026,0.045034512877464294,3.87941837310791,63.103223759755515
RABLab26_Mar02_GrafLab_Clay0%(supersand)_Group1SampleA_Mon_Mar__2_16_19_21_2026,0.04507413506507868,3.82621431350708,63.103223759755515
RABLab26_Mar02_GrafLab_Clay0%(supersand)_Group1SampleA_Mon_Mar__2_16_19_21_2026,0.04507413506507868,3.82621431350708,63.103223759755515
RABLab26_Mar02_GrafLab_Clay0%(supersand)_Group1SampleA_Mon_Mar__2_16_19_21_2026,0.04507413506507868,3.82621431350708,63.103223759755515
RABLab26_Mar02_GrafLab_Clay0%(supersand)_Group1SampleA_Mon_Mar__2_16_19_21_2026,0.04507413506507868,3.82621431350708,63.103223759755515
RABLab26_Mar02_GrafLab_Clay0%(supersand)_Group1SampleA_Mon_Mar__2_16_19_21_2026,0.04507413506507868,3.82621431350708,63.103223759755515
RABLab26_Mar02_GrafLab_Clay0%(supersand)_Group1SampleA_Mon_Mar__2_16_19_21_2026,0.04518476128578189,3.788616180419922,63.103223759755515
RABLab26_Mar02_GrafLab_Clay0%(supersand)_Group1SampleA_Mon_Mar__2_16_19_21_2026,0.04518476128578189,3.788616180419922,63.103223759755515
RABLab26_Mar02_GrafLab_Clay0%(supersand)_Group1SampleA_Mon_Mar__2_16_19_21_2026,0.04518476128578189,3.788616180419922,63.103223759755515
RABLab26_Mar02_GrafLab_Clay0%(supersand)_Group1SampleA_Mon_Mar__2_16_19_21_2026,0.04518476128578189,3.788616180419922,63.103223759755515
RABLab26_Mar02_GrafLab_Clay0%(supersand)_Group1SampleA_Mon_Mar__2_16_19_21_2026,0.04518476128578189,3.788616180419922,63.103223759755515
RABLab26_Mar02_GrafLab_Clay0%(supersand)_Group1SampleA_Mon_Mar__2_16_19_21_2026,0.045230805873870794,3.890582799911499,63.103223759755515
RABLab26_Mar02_GrafLab_Clay0%(supersand)_Group1SampleA_Mon_Mar__2_16_19_21_2026,0.045230805873870794,3.890582799911499,63.103223759755515
RABLab26_Mar02_GrafLab_Clay0%(supersand)_Group1SampleA_Mon_Mar__2_16_19_21_2026,0.045230805873870794,3.890582799911499,63.103223759755515
RABLab26_Mar02_GrafLab_Clay0%(supersand)_Group1SampleA_Mon_Mar__2_16_19_21_2026,0.045230805873870794,3.890582799911499,63.103223759755515
RABLab26_Mar02_GrafLab_Clay0%(supersand)_Group1SampleA_Mon_Mar__2_16_19_21_2026,0.045230805873870794,3.890582799911499,63.103223759755515
RABLab26_Mar02_GrafLab_Clay0%(supersand)_Group1SampleA_Mon_Mar__2_16_19_21_2026,0.04541464149951929,3.742309808731079,63.103223759755515
RABLab26_Mar02_GrafLab_Clay0%(supersand)_Group1SampleA_Mon_Mar__2_16_19_21_2026,0.04541464149951929,3.742309808731079,63.103223759755515
RABLab26_Mar02_GrafLab_Clay0%(supersand)_Group1SampleA_Mon_Mar__2_16_19_21_2026,0.04541464149951929,3.742309808731079,63.103223759755515
RABLab26_Mar02_GrafLab_Clay0%(supersand)_Group1SampleA_Mon_Mar__2_16_19_21_2026,0.04541464149951929,3.742309808731079,63.103223759755515
RABLab26_Mar02_GrafLab_Clay0%(supersand)_Group1SampleA_Mon_Mar__2_16_19_21_2026,0.04541464149951929,3.742309808731079,63.103223759755515
RABLab26_Mar02_GrafLab_Clay0%(supersand)_Group1SampleA_Mon_Mar__2_16_19_21_2026,0.04550470411777499,3.9089956283569336,63.103223759755515
RABLab26_Mar02_GrafLab_Clay0%(supersand)_Group1SampleA_Mon_Mar__2_16_19_21_2026,0.04550470411777499,3.9089956283569336,63.103223759755515
RABLab26_Mar02_GrafLab_Clay0%(supersand)_Group1SampleA_Mon_Mar__2_16_19_21_2026,0.04550470411777499,3.9089956283569336,63.103223759755515
RABLab26_Mar02_GrafLab_Clay0%(supersand)_Group1SampleA_Mon_Mar__2_16_19_21_2026,0.04550470411777499,3.9089956283569336,63.103223759755515
RABLab26_Mar02_GrafLab_Clay0%(supersand)_Group1SampleA_Mon_Mar__2_16_19_21_2026,0.04550470411777499,3.9089956283569336,63.103223759755515
RABLab26_Mar02_GrafLab_Clay0%(supersand)_Group1SampleA_Mon_Mar__2_16_19_21_2026,0.0456116050481796,3.7820327281951904,63.103223759755515
RABLab26_Mar02_GrafLab_Clay0%(supersand)_Group1SampleA_Mon_Mar__2_16_19_21_2026,0.0456116050481796,3.7820327281951904,63.103223759755515
RABLab26_Mar02_GrafLab_Clay0%(supersand)_Group1SampleA_Mon_Mar__2_16_19_21_2026,0.0456116050481796,3.7820327281951904,63.103223759755515
RABLab26_Mar02_GrafLab_Clay0%(supersand)_Group1SampleA_Mon_Mar__2_16_19_21_2026,0.0456116050481796,3.7820327281951904,63.103223759755515
RABLab26_Mar02_GrafLab_Clay0%(supersand)_Group1SampleA_Mon_Mar__2_16_19_21_2026,0.0456116050481796,3.7820327281951904,63.103223759755515
RABLab26_Mar02_GrafLab_Clay0%(supersand)_Group1SampleA_Mon_Mar__2_16_19_21_2026,0.0456116050481796,3.7820327281951904,63.103223759755515
RABLab26_Mar02_GrafLab_Clay0%(supersand)_Group1SampleA_Mon_Mar__2_16_19_21_2026,0.0456116050481796,3.7820327281951904,63.103223759755515
RABLab26_Mar02_GrafLab_Clay0%(supersand)_Group1SampleA_Mon_Mar__2_16_19_21_2026,0.04573118686676028,3.84688401222229,63.103223759755515
RABLab26_Mar02_GrafLab_Clay0%(supersand)_Group1SampleA_Mon_Mar__2_16_19_21_2026,0.04573118686676028,3.84688401222229,63.103223759755515
RABLab26_Mar02_GrafLab_Clay0%(supersand)_Group1SampleA_Mon_Mar__2_16_19_21_2026,0.04573118686676028,3.84688401222229,63.103223759755515
RABLab26_Mar02_GrafLab_Clay0%(supersand)_Group1SampleA_Mon_Mar__2_16_19_21_2026,0.04573118686676028,3.84688401222229,63.103223759755515
RABLab26_Mar02_GrafLab_Clay0%(supersand)_Group1SampleA_Mon_Mar__2_16_19_21_2026,0.04573118686676028,3.84688401222229,63.103223759755515
RABLab26_Mar02_GrafLab_Clay0%(supersand)_Group1SampleA_Mon_Mar__2_16_19_21_2026,0.04573118686676028,3.84688401222229,63.103223759755515
RABLab26_Mar02_GrafLab_Clay0%(supersand)_Group1SampleA_Mon_Mar__2_16_19_21_2026,0.04585883021354678,3.70198655128479,63.103223759755515
RABLab26_Mar02_GrafLab_Clay0%(supersand)_Group1SampleA_Mon_Mar__2_16_19_21_2026,0.04585883021354678,3.70198655128479,63.103223759755515
RABLab26_Mar02_GrafLab_Clay0%(supersand)_Group1SampleA_Mon_Mar__2_16_19_21_2026,0.04585883021354678,3.70198655128479,63.103223759755515
RABLab26_Mar02_GrafLab_Clay0%(supersand)_Group1SampleA_Mon_Mar__2_16_19_21_2026,0.04585883021354678,3.70198655128479,63.103223759755515
RABLab26_Mar02_GrafLab_Clay0%(supersand)_Group1SampleA_Mon_Mar__2_16_19_21_2026,0.04585883021354678,3.70198655128479,63.103223759755515
RABLab26_Mar02_GrafLab_Clay0%(supersand)_Group1SampleA_Mon_Mar__2_16_19_21_2026,0.04604907333850858,3.620559930801392,63.103223759755515
RABLab26_Mar02_GrafLab_Clay0%(supersand)_Group1SampleA_Mon_Mar__2_16_19_21_2026,0.04604907333850858,3.620559930801392,63.103223759755515
RABLab26_Mar02_GrafLab_Clay0%(supersand)_Group1SampleA_Mon_Mar__2_16_19_21_2026,0.04604907333850858,3.620559930801392,63.103223759755515
RABLab26_Mar02_GrafLab_Clay0%(supersand)_Group1SampleA_Mon_Mar__2_16_19_21_2026,0.04604907333850858,3.620559930801392,63.103223759755515
RABLab26_Mar02_GrafLab_Clay0%(supersand)_Group1SampleA_Mon_Mar__2_16_19_21_2026,0.04604907333850858,3.620559930801392,63.103223759755515
RABLab26_Mar02_GrafLab_Clay0%(supersand)_Group1SampleA_Mon_Mar__2_16_19_21_2026,0.04604907333850858,3.620559930801392,63.103223759755515
RABLab26_Mar02_GrafLab_Clay0%(supersand)_Group1SampleA_Mon_Mar__2_16_19_21_2026,0.04611058533191678,3.706326723098755,63.103223759755515
RABLab26_Mar02_GrafLab_Clay0%(supersand)_Group1SampleA_Mon_Mar__2_16_19_21_2026,0.04611058533191678,3.706326723098755,63.103223759755515
RABLab26_Mar02_GrafLab_Clay0%(supersand)_Group1SampleA_Mon_Mar__2_16_19_21_2026,0.04611058533191678,3.706326723098755,63.103223759755515
RABLab26_Mar02_GrafLab_Clay0%(supersand)_Group1SampleA_Mon_Mar__2_16_19_21_2026,0.04611058533191678,3.706326723098755,63.103223759755515
RABLab26_Mar02_GrafLab_Clay0%(supersand)_Group1SampleA_Mon_Mar__2_16_19_21_2026,0.04611058533191678,3.706326723098755,63.103223759755515
RABLab26_Mar02_GrafLab_Clay0%(supersand)_Group1SampleA_Mon_Mar__2_16_19_21_2026,0.04611058533191678,3.706326723098755,63.103223759755515
RABLab26_Mar02_GrafLab_Clay0%(supersand)_Group1SampleA_Mon_Mar__2_16_19_21_2026,0.04619599878787989,3.606779098510742,63.103223759755515
RABLab26_Mar02_GrafLab_Clay0%(supersand)_Group1SampleA_Mon_Mar__2_16_19_21_2026,0.04619599878787989,3.606779098510742,63.103223759755515
RABLab26_Mar02_GrafLab_Clay0%(supersand)_Group1SampleA_Mon_Mar__2_16_19_21_2026,0.04619599878787989,3.606779098510742,63.103223759755515
RABLab26_Mar02_GrafLab_Clay0%(supersand)_Group1SampleA_Mon_Mar__2_16_19_21_2026,0.04619599878787989,3.606779098510742,63.103223759755515
RABLab26_Mar02_GrafLab_Clay0%(supersand)_Group1SampleA_Mon_Mar__2_16_19_21_2026,0.04619599878787989,3.606779098510742,63.103223759755515
RABLab26_Mar02_GrafLab_Clay0%(supersand)_Group1SampleA_Mon_Mar__2_16_19_21_2026,0.0462245047092438,3.601168394088745,63.103223759755515
RABLab26_Mar02_GrafLab_Clay0%(supersand)_Group1SampleA_Mon_Mar__2_16_19_21_2026,0.0462245047092438,3.601168394088745,63.103223759755515
RABLab26_Mar02_GrafLab_Clay0%(supersand)_Group1SampleA_Mon_Mar__2_16_19_21_2026,0.0462245047092438,3.601168394088745,63.103223759755515
RABLab26_Mar02_GrafLab_Clay0%(supersand)_Group1SampleA_Mon_Mar__2_16_19_21_2026,0.0462245047092438,3.601168394088745,63.103223759755515
RABLab26_Mar02_GrafLab_Clay0%(supersand)_Group1SampleA_Mon_Mar__2_16_19_21_2026,0.0462245047092438,3.601168394088745,63.103223759755515
RABLab26_Mar02_GrafLab_Clay0%(supersand)_Group1SampleA_Mon_Mar__2_16_19_21_2026,0.0462245047092438,3.601168394088745,63.103223759755515
RABLab26_Mar02_GrafLab_Clay0%(supersand)_Group1SampleA_Mon_Mar__2_16_19_21_2026,0.0462245047092438,3.601168394088745,63.103223759755515
RABLab26_Mar02_GrafLab_Clay0%(supersand)_Group1SampleA_Mon_Mar__2_16_19_21_2026,0.04628908634185788,3.530769824981689,63.103223759755515
RABLab26_Mar02_GrafLab_Clay0%(supersand)_Group1SampleA_Mon_Mar__2_16_19_21_2026,0.04628908634185788,3.530769824981689,63.103223759755515
RABLab26_Mar02_GrafLab_Clay0%(supersand)_Group1SampleA_Mon_Mar__2_16_19_21_2026,0.04628908634185788,3.530769824981689,63.103223759755515
RABLab26_Mar02_GrafLab_Clay0%(supersand)_Group1SampleA_Mon_Mar__2_16_19_21_2026,0.04628908634185788,3.530769824981689,63.103223759755515
RABLab26_Mar02_GrafLab_Clay0%(supersand)_Group1SampleA_Mon_Mar__2_16_19_21_2026,0.04628908634185788,3.530769824981689,63.103223759755515
RABLab26_Mar02_GrafLab_Clay0%(supersand)_Group1SampleA_Mon_Mar__2_16_19_21_2026,0.04628908634185788,3.530769824981689,63.103223759755515
RABLab26_Mar02_GrafLab_Clay0%(supersand)_Group1SampleA_Mon_Mar__2_16_19_21_2026,0.04631802439689639,3.5173490047454834,63.103223759755515
RABLab26_Mar02_GrafLab_Clay0%(supersand)_Group1SampleA_Mon_Mar__2_16_19_21_2026,0.04631802439689639,3.5173490047454834,63.103223759755515
RABLab26_Mar02_GrafLab_Clay0%(supersand)_Group1SampleA_Mon_Mar__2_16_19_21_2026,0.04631802439689639,3.5173490047454834,63.103223759755515
RABLab26_Mar02_GrafLab_Clay0%(supersand)_Group1SampleA_Mon_Mar__2_16_19_21_2026,0.04631802439689639,3.5173490047454834,63.103223759755515
RABLab26_Mar02_GrafLab_Clay0%(supersand)_Group1SampleA_Mon_Mar__2_16_19_21_2026,0.04631802439689639,3.5173490047454834,63.103223759755515
RABLab26_Mar02_GrafLab_Clay0%(supersand)_Group1SampleA_Mon_Mar__2_16_19_21_2026,0.04631802439689639,3.5173490047454834,63.103223759755515
RABLab26_Mar02_GrafLab_Clay0%(supersand)_Group1SampleA_Mon_Mar__2_16_19_21_2026,0.04631802439689639,3.5173490047454834,63.103223759755515
RABLab26_Mar02_GrafLab_Clay0%(supersand)_Group1SampleA_Mon_Mar__2_16_19_21_2026,0.046379730105400085,3.441473484039306,63.103223759755515
RABLab26_Mar02_GrafLab_Clay0%(supersand)_Group1SampleA_Mon_Mar__2_16_19_21_2026,0.046379730105400085,3.441473484039306,63.103223759755515
RABLab26_Mar02_GrafLab_Clay0%(supersand)_Group1SampleA_Mon_Mar__2_16_19_21_2026,0.046379730105400085,3.441473484039306,63.103223759755515
RABLab26_Mar02_GrafLab_Clay0%(supersand)_Group1SampleA_Mon_Mar__2_16_19_21_2026,0.046379730105400085,3.441473484039306,63.103223759755515
RABLab26_Mar02_GrafLab_Clay0%(supersand)_Group1SampleA_Mon_Mar__2_16_19_21_2026,0.046379730105400085,3.441473484039306,63.103223759755515
RABLab26_Mar02_GrafLab_Clay0%(supersand)_Group1SampleA_Mon_Mar__2_16_19_21_2026,0.046379730105400085,3.441473484039306,63.103223759755515
RABLab26_Mar02_GrafLab_Clay0%(supersand)_Group1SampleA_Mon_Mar__2_16_19_21_2026,0.0464401841163635,3.3826496601104736,63.103223759755515
RABLab26_Mar02_GrafLab_Clay0%(supersand)_Group1SampleA_Mon_Mar__2_16_19_21_2026,0.0464401841163635,3.3826496601104736,63.103223759755515
RABLab26_Mar02_GrafLab_Clay0%(supersand)_Group1SampleA_Mon_Mar__2_16_19_21_2026,0.0464401841163635,3.3826496601104736,63.103223759755515
RABLab26_Mar02_GrafLab_Clay0%(supersand)_Group1SampleA_Mon_Mar__2_16_19_21_2026,0.0464401841163635,3.3826496601104736,63.103223759755515
RABLab26_Mar02_GrafLab_Clay0%(supersand)_Group1SampleA_Mon_Mar__2_16_19_21_2026,0.0464401841163635,3.3826496601104736,63.103223759755515
RABLab26_Mar02_GrafLab_Clay0%(supersand)_Group1SampleA_Mon_Mar__2_16_19_21_2026,0.0464401841163635,3.3826496601104736,63.103223759755515
RABLab26_Mar02_GrafLab_Clay0%(supersand)_Group1SampleA_Mon_Mar__2_16_19_21_2026,0.04652892053127289,3.2992167472839355,63.103223759755515
RABLab26_Mar02_GrafLab_Clay0%(supersand)_Group1SampleA_Mon_Mar__2_16_19_21_2026,0.04652892053127289,3.2992167472839355,63.103223759755515
RABLab26_Mar02_GrafLab_Clay0%(supersand)_Group1SampleA_Mon_Mar__2_16_19_21_2026,0.04652892053127289,3.2992167472839355,63.103223759755515
RABLab26_Mar02_GrafLab_Clay0%(supersand)_Group1SampleA_Mon_Mar__2_16_19_21_2026,0.04652892053127289,3.2992167472839355,63.103223759755515
RABLab26_Mar02_GrafLab_Clay0%(supersand)_Group1SampleA_Mon_Mar__2_16_19_21_2026,0.04656156897544858,3.271153211593628,63.103223759755515
RABLab26_Mar02_GrafLab_Clay0%(supersand)_Group1SampleA_Mon_Mar__2_16_19_21_2026,0.04656156897544858,3.271153211593628,63.103223759755515
RABLab26_Mar02_GrafLab_Clay0%(supersand)_Group1SampleA_Mon_Mar__2_16_19_21_2026,0.04656156897544858,3.271153211593628,63.103223759755515
RABLab26_Mar02_GrafLab_Clay0%(supersand)_Group1SampleA_Mon_Mar__2_16_19_21_2026,0.04656156897544858,3.271153211593628,63.103223759755515
RABLab26_Mar02_GrafLab_Clay0%(supersand)_Group1SampleA_Mon_Mar__2_16_19_21_2026,0.04656156897544858,3.271153211593628,63.103223759755515
RABLab26_Mar02_GrafLab_Clay0%(supersand)_Group1SampleA_Mon_Mar__2_16_19_21_2026,0.04665790498256678,3.1426379680633545,63.103223759755515
RABLab26_Mar02_GrafLab_Clay0%(supersand)_Group1SampleA_Mon_Mar__2_16_19_21_2026,0.04665790498256678,3.1426379680633545,63.103223759755515
RABLab26_Mar02_GrafLab_Clay0%(supersand)_Group1SampleA_Mon_Mar__2_16_19_21_2026,0.04665790498256678,3.1426379680633545,63.103223759755515
RABLab26_Mar02_GrafLab_Clay0%(supersand)_Group1SampleA_Mon_Mar__2_16_19_21_2026,0.04665790498256678,3.1426379680633545,63.103223759755515
RABLab26_Mar02_GrafLab_Clay0%(supersand)_Group1SampleA_Mon_Mar__2_16_19_21_2026,0.04665790498256678,3.1426379680633545,63.103223759755515
RABLab26_Mar02_GrafLab_Clay0%(supersand)_Group1SampleA_Mon_Mar__2_16_19_21_2026,0.046706989407539395,3.132373094558716,63.103223759755515
RABLab26_Mar02_GrafLab_Clay0%(supersand)_Group1SampleA_Mon_Mar__2_16_19_21_2026,0.046706989407539395,3.132373094558716,63.103223759755515
RABLab26_Mar02_GrafLab_Clay0%(supersand)_Group1SampleA_Mon_Mar__2_16_19_21_2026,0.046706989407539395,3.132373094558716,63.103223759755515
RABLab26_Mar02_GrafLab_Clay0%(supersand)_Group1SampleA_Mon_Mar__2_16_19_21_2026,0.046706989407539395,3.132373094558716,63.103223759755515
RABLab26_Mar02_GrafLab_Clay0%(supersand)_Group1SampleA_Mon_Mar__2_16_19_21_2026,0.046706989407539395,3.132373094558716,63.103223759755515
RABLab26_Mar02_GrafLab_Clay0%(supersand)_Group1SampleA_Mon_Mar__2_16_19_21_2026,0.0467362254858017,3.1063194274902344,63.103223759755515
RABLab26_Mar02_GrafLab_Clay0%(supersand)_Group1SampleA_Mon_Mar__2_16_19_21_2026,0.0467362254858017,3.1063194274902344,63.103223759755515
RABLab26_Mar02_GrafLab_Clay0%(supersand)_Group1SampleA_Mon_Mar__2_16_19_21_2026,0.0467362254858017,3.1063194274902344,63.103223759755515
RABLab26_Mar02_GrafLab_Clay0%(supersand)_Group1SampleA_Mon_Mar__2_16_19_21_2026,0.0467362254858017,3.1063194274902344,63.103223759755515
RABLab26_Mar02_GrafLab_Clay0%(supersand)_Group1SampleA_Mon_Mar__2_16_19_21_2026,0.0467362254858017,3.1063194274902344,63.103223759755515
RABLab26_Mar02_GrafLab_Clay0%(supersand)_Group1SampleA_Mon_Mar__2_16_19_21_2026,0.046772539615631104,3.0633013248443604,63.103223759755515
RABLab26_Mar02_GrafLab_Clay0%(supersand)_Group1SampleA_Mon_Mar__2_16_19_21_2026,0.046772539615631104,3.0633013248443604,63.103223759755515
RABLab26_Mar02_GrafLab_Clay0%(supersand)_Group1SampleA_Mon_Mar__2_16_19_21_2026,0.046772539615631104,3.0633013248443604,63.103223759755515
RABLab26_Mar02_GrafLab_Clay0%(supersand)_Group1SampleA_Mon_Mar__2_16_19_21_2026,0.046797975897789,3.046488046646118,63.103223759755515
RABLab26_Mar02_GrafLab_Clay0%(supersand)_Group1SampleA_Mon_Mar__2_16_19_21_2026,0.046797975897789,3.046488046646118,63.103223759755515
RABLab26_Mar02_GrafLab_Clay0%(supersand)_Group1SampleA_Mon_Mar__2_16_19_21_2026,0.046797975897789,3.046488046646118,63.103223759755515
RABLab26_Mar02_GrafLab_Clay0%(supersand)_Group1SampleA_Mon_Mar__2_16_19_21_2026,0.046797975897789,3.046488046646118,63.103223759755515
RABLab26_Mar02_GrafLab_Clay0%(supersand)_Group1SampleA_Mon_Mar__2_16_19_21_2026,0.046797975897789,3.046488046646118,63.103223759755515
RABLab26_Mar02_GrafLab_Clay0%(supersand)_Group1SampleA_Mon_Mar__2_16_19_21_2026,0.04679626226425168,3.055475234985352,63.103223759755515
RABLab26_Mar02_GrafLab_Clay0%(supersand)_Group1SampleA_Mon_Mar__2_16_19_21_2026,0.04679626226425168,3.055475234985352,63.103223759755515
RABLab26_Mar02_GrafLab_Clay0%(supersand)_Group1SampleA_Mon_Mar__2_16_19_21_2026,0.04679626226425168,3.055475234985352,63.103223759755515
RABLab26_Mar02_GrafLab_Clay0%(supersand)_Group1SampleA_Mon_Mar__2_16_19_21_2026,0.04679626226425168,3.055475234985352,63.103223759755515
RABLab26_Mar02_GrafLab_Clay0%(supersand)_Group1SampleA_Mon_Mar__2_16_19_21_2026,0.04679626226425168,3.055475234985352,63.103223759755515
RABLab26_Mar02_GrafLab_Clay0%(supersand)_Group1SampleA_Mon_Mar__2_16_19_21_2026,0.0468118488788605,3.032658338546753,63.103223759755515
RABLab26_Mar02_GrafLab_Clay0%(supersand)_Group1SampleA_Mon_Mar__2_16_19_21_2026,0.0468118488788605,3.032658338546753,63.103223759755515
RABLab26_Mar02_GrafLab_Clay0%(supersand)_Group1SampleA_Mon_Mar__2_16_19_21_2026,0.0468118488788605,3.032658338546753,63.103223759755515
RABLab26_Mar02_GrafLab_Clay0%(supersand)_Group1SampleA_Mon_Mar__2_16_19_21_2026,0.0468118488788605,3.032658338546753,63.103223759755515
RABLab26_Mar02_GrafLab_Clay0%(supersand)_Group1SampleA_Mon_Mar__2_16_19_21_2026,0.0468118488788605,3.032658338546753,63.103223759755515
RABLab26_Mar02_GrafLab_Clay0%(supersand)_Group1SampleA_Mon_Mar__2_16_19_21_2026,0.0468118488788605,3.032658338546753,63.103223759755515
RABLab26_Mar02_GrafLab_Clay0%(supersand)_Group1SampleA_Mon_Mar__2_16_19_21_2026,0.0468118488788605,3.039541959762573,63.103223759755515
RABLab26_Mar02_GrafLab_Clay0%(supersand)_Group1SampleA_Mon_Mar__2_16_19_21_2026,0.0468118488788605,3.039541959762573,63.103223759755515
RABLab26_Mar02_GrafLab_Clay0%(supersand)_Group1SampleA_Mon_Mar__2_16_19_21_2026,0.0468118488788605,3.039541959762573,63.103223759755515
RABLab26_Mar02_GrafLab_Clay0%(supersand)_Group1SampleA_Mon_Mar__2_16_19_21_2026,0.0468118488788605,3.039541959762573,63.103223759755515
RABLab26_Mar02_GrafLab_Clay0%(supersand)_Group1SampleA_Mon_Mar__2_16_19_21_2026,0.04682575166225428,3.0188350677490234,63.103223759755515
RABLab26_Mar02_GrafLab_Clay0%(supersand)_Group1SampleA_Mon_Mar__2_16_19_21_2026,0.04682575166225428,3.0188350677490234,63.103223759755515
RABLab26_Mar02_GrafLab_Clay0%(supersand)_Group1SampleA_Mon_Mar__2_16_19_21_2026,0.04682575166225428,3.0188350677490234,63.103223759755515
RABLab26_Mar02_GrafLab_Clay0%(supersand)_Group1SampleA_Mon_Mar__2_16_19_21_2026,0.04682575166225428,3.0188350677490234,63.103223759755515
RABLab26_Mar02_GrafLab_Clay0%(supersand)_Group1SampleA_Mon_Mar__2_16_19_21_2026,0.04682575166225428,3.0188350677490234,63.103223759755515
RABLab26_Mar02_GrafLab_Clay0%(supersand)_Group1SampleA_Mon_Mar__2_16_19_21_2026,0.04682575166225428,3.0188350677490234,63.103223759755515
RABLab26_Mar02_GrafLab_Clay0%(supersand)_Group1SampleA_Mon_Mar__2_16_19_21_2026,0.0468434393405914,3.0014023780822754,63.103223759755515
RABLab26_Mar02_GrafLab_Clay0%(supersand)_Group1SampleA_Mon_Mar__2_16_19_21_2026,0.0468434393405914,3.0014023780822754,63.103223759755515
RABLab26_Mar02_GrafLab_Clay0%(supersand)_Group1SampleA_Mon_Mar__2_16_19_21_2026,0.0468434393405914,3.0014023780822754,63.103223759755515
RABLab26_Mar02_GrafLab_Clay0%(supersand)_Group1SampleA_Mon_Mar__2_16_19_21_2026,0.0468434393405914,3.0014023780822754,63.103223759755515
RABLab26_Mar02_GrafLab_Clay0%(supersand)_Group1SampleA_Mon_Mar__2_16_19_21_2026,0.0468434393405914,3.0014023780822754,63.103223759755515
RABLab26_Mar02_GrafLab_Clay0%(supersand)_Group1SampleA_Mon_Mar__2_16_19_21_2026,0.0468456298112869,3.0065548419952397,63.103223759755515
RABLab26_Mar02_GrafLab_Clay0%(supersand)_Group1SampleA_Mon_Mar__2_16_19_21_2026,0.0468456298112869,3.0065548419952397,63.103223759755515
RABLab26_Mar02_GrafLab_Clay0%(supersand)_Group1SampleA_Mon_Mar__2_16_19_21_2026,0.0468456298112869,3.0065548419952397,63.103223759755515
RABLab26_Mar02_GrafLab_Clay0%(supersand)_Group1SampleA_Mon_Mar__2_16_19_21_2026,0.0468456298112869,3.0065548419952397,63.103223759755515
RABLab26_Mar02_GrafLab_Clay0%(supersand)_Group1SampleA_Mon_Mar__2_16_19_21_2026,0.0468456298112869,3.0065548419952397,63.103223759755515
RABLab26_Mar02_GrafLab_Clay0%(supersand)_Group1SampleA_Mon_Mar__2_16_19_21_2026,0.0468456298112869,3.0065548419952397,63.103223759755515
RABLab26_Mar02_GrafLab_Clay0%(supersand)_Group1SampleA_Mon_Mar__2_16_19_21_2026,0.0468456298112869,3.0065548419952397,63.103223759755515
RABLab26_Mar02_GrafLab_Clay0%(supersand)_Group1SampleA_Mon_Mar__2_16_19_21_2026,0.0468456298112869,3.0065548419952397,63.103223759755515
RABLab26_Mar02_GrafLab_Clay0%(supersand)_Group1SampleA_Mon_Mar__2_16_19_21_2026,0.0468456298112869,3.0065548419952397,63.103223759755515
RABLab26_Mar02_GrafLab_Clay0%(supersand)_Group1SampleA_Mon_Mar__2_16_19_21_2026,0.0468456298112869,3.0065548419952397,63.103223759755515
RABLab26_Mar02_GrafLab_Clay0%(supersand)_Group1SampleA_Mon_Mar__2_16_19_21_2026,0.0468456298112869,3.0065548419952397,63.103223759755515
RABLab26_Mar02_GrafLab_Clay0%(supersand)_Group1SampleA_Mon_Mar__2_16_19_21_2026,0.0468456298112869,3.0065548419952397,63.103223759755515
RABLab26_Mar02_GrafLab_Clay0%(supersand)_Group1SampleA_Mon_Mar__2_16_19_21_2026,0.0468456298112869,3.0065548419952397,63.103223759755515
RABLab26_Mar02_GrafLab_Clay0%(supersand)_Group1SampleA_Mon_Mar__2_16_19_21_2026,0.0468456298112869,3.0065548419952397,63.103223759755515
RABLab26_Mar02_GrafLab_Clay0%(supersand)_Group1SampleA_Mon_Mar__2_16_19_21_2026,0.0468456298112869,3.0065548419952397,63.103223759755515
RABLab26_Mar02_GrafLab_Clay0%(supersand)_Group1SampleA_Mon_Mar__2_16_19_21_2026,0.04686121642589569,2.9906229972839355,63.103223759755515
RABLab26_Mar02_GrafLab_Clay0%(supersand)_Group1SampleA_Mon_Mar__2_16_19_21_2026,0.04686121642589569,2.9906229972839355,63.103223759755515
RABLab26_Mar02_GrafLab_Clay0%(supersand)_Group1SampleA_Mon_Mar__2_16_19_21_2026,0.04686121642589569,2.9906229972839355,63.103223759755515
RABLab26_Mar02_GrafLab_Clay0%(supersand)_Group1SampleA_Mon_Mar__2_16_19_21_2026,0.04686121642589569,2.9906229972839355,63.103223759755515
RABLab26_Mar02_GrafLab_Clay0%(supersand)_Group1SampleA_Mon_Mar__2_16_19_21_2026,0.04686121642589569,2.9906229972839355,63.103223759755515
RABLab26_Mar02_GrafLab_Clay0%(supersand)_Group1SampleA_Mon_Mar__2_16_19_21_2026,0.04686121642589569,2.9906229972839355,63.103223759755515
RABLab26_Mar02_GrafLab_Clay0%(supersand)_Group1SampleA_Mon_Mar__2_16_19_21_2026,0.046868607401847784,2.9765665531158447,63.103223759755515
RABLab26_Mar02_GrafLab_Clay0%(supersand)_Group1SampleA_Mon_Mar__2_16_19_21_2026,0.046868607401847784,2.9765665531158447,63.103223759755515
RABLab26_Mar02_GrafLab_Clay0%(supersand)_Group1SampleA_Mon_Mar__2_16_19_21_2026,0.046868607401847784,2.9765665531158447,63.103223759755515
RABLab26_Mar02_GrafLab_Clay0%(supersand)_Group1SampleA_Mon_Mar__2_16_19_21_2026,0.046868607401847784,2.9765665531158447,63.103223759755515
RABLab26_Mar02_GrafLab_Clay0%(supersand)_Group1SampleA_Mon_Mar__2_16_19_21_2026,0.046868607401847784,2.9765665531158447,63.103223759755515
RABLab26_Mar02_GrafLab_Clay0%(supersand)_Group1SampleA_Mon_Mar__2_16_19_21_2026,0.04689499735832209,2.9576311111450195,63.103223759755515
RABLab26_Mar02_GrafLab_Clay0%(supersand)_Group1SampleA_Mon_Mar__2_16_19_21_2026,0.04689499735832209,2.9576311111450195,63.103223759755515
RABLab26_Mar02_GrafLab_Clay0%(supersand)_Group1SampleA_Mon_Mar__2_16_19_21_2026,0.04689499735832209,2.9576311111450195,63.103223759755515
RABLab26_Mar02_GrafLab_Clay0%(supersand)_Group1SampleA_Mon_Mar__2_16_19_21_2026,0.04689499735832209,2.9576311111450195,63.103223759755515
RABLab26_Mar02_GrafLab_Clay0%(supersand)_Group1SampleA_Mon_Mar__2_16_19_21_2026,0.04689499735832209,2.9576311111450195,63.103223759755515
RABLab26_Mar02_GrafLab_Clay0%(supersand)_Group1SampleA_Mon_Mar__2_16_19_21_2026,0.046912267804145785,2.932560443878174,63.103223759755515
RABLab26_Mar02_GrafLab_Clay0%(supersand)_Group1SampleA_Mon_Mar__2_16_19_21_2026,0.046912267804145785,2.932560443878174,63.103223759755515
RABLab26_Mar02_GrafLab_Clay0%(supersand)_Group1SampleA_Mon_Mar__2_16_19_21_2026,0.046912267804145785,2.932560443878174,63.103223759755515
RABLab26_Mar02_GrafLab_Clay0%(supersand)_Group1SampleA_Mon_Mar__2_16_19_21_2026,0.046912267804145785,2.932560443878174,63.103223759755515
RABLab26_Mar02_GrafLab_Clay0%(supersand)_Group1SampleA_Mon_Mar__2_16_19_21_2026,0.04691058397293088,2.9416983127593994,63.103223759755515
RABLab26_Mar02_GrafLab_Clay0%(supersand)_Group1SampleA_Mon_Mar__2_16_19_21_2026,0.04691058397293088,2.9416983127593994,63.103223759755515
RABLab26_Mar02_GrafLab_Clay0%(supersand)_Group1SampleA_Mon_Mar__2_16_19_21_2026,0.04691058397293088,2.9416983127593994,63.103223759755515
RABLab26_Mar02_GrafLab_Clay0%(supersand)_Group1SampleA_Mon_Mar__2_16_19_21_2026,0.04691058397293088,2.9416983127593994,63.103223759755515
RABLab26_Mar02_GrafLab_Clay0%(supersand)_Group1SampleA_Mon_Mar__2_16_19_21_2026,0.04691058397293088,2.9416983127593994,63.103223759755515
RABLab26_Mar02_GrafLab_Clay0%(supersand)_Group1SampleA_Mon_Mar__2_16_19_21_2026,0.04691058397293088,2.9416983127593994,63.103223759755515
RABLab26_Mar02_GrafLab_Clay0%(supersand)_Group1SampleA_Mon_Mar__2_16_19_21_2026,0.04691058397293088,2.9416983127593994,63.103223759755515
RABLab26_Mar02_GrafLab_Clay0%(supersand)_Group1SampleA_Mon_Mar__2_16_19_21_2026,0.04691058397293088,2.9416983127593994,63.103223759755515
RABLab26_Mar02_GrafLab_Clay0%(supersand)_Group1SampleA_Mon_Mar__2_16_19_21_2026,0.04691058397293088,2.9416983127593994,63.103223759755515
RABLab26_Mar02_GrafLab_Clay0%(supersand)_Group1SampleA_Mon_Mar__2_16_19_21_2026,0.04691058397293088,2.9416983127593994,63.103223759755515
RABLab26_Mar02_GrafLab_Clay0%(supersand)_Group1SampleA_Mon_Mar__2_16_19_21_2026,0.04691058397293088,2.9416983127593994,63.103223759755515
RABLab26_Mar02_GrafLab_Clay0%(supersand)_Group1SampleA_Mon_Mar__2_16_19_21_2026,0.04691058397293088,2.9416983127593994,63.103223759755515
RABLab26_Mar02_GrafLab_Clay0%(supersand)_Group1SampleA_Mon_Mar__2_16_19_21_2026,0.04691058397293088,2.9416983127593994,63.103223759755515
RABLab26_Mar02_GrafLab_Clay0%(supersand)_Group1SampleA_Mon_Mar__2_16_19_21_2026,0.04691058397293088,2.9416983127593994,63.103223759755515
RABLab26_Mar02_GrafLab_Clay0%(supersand)_Group1SampleA_Mon_Mar__2_16_19_21_2026,0.04691058397293088,2.9416983127593994,63.103223759755515
RABLab26_Mar02_GrafLab_Clay0%(supersand)_Group1SampleA_Mon_Mar__2_16_19_21_2026,0.04691058397293088,2.9416983127593994,63.103223759755515
RABLab26_Mar02_GrafLab_Clay0%(supersand)_Group1SampleA_Mon_Mar__2_16_19_21_2026,0.04691058397293088,2.9416983127593994,63.103223759755515
RABLab26_Mar02_GrafLab_Clay0%(supersand)_Group1SampleA_Mon_Mar__2_16_19_21_2026,0.04691058397293088,2.9416983127593994,63.103223759755515
RABLab26_Mar02_GrafLab_Clay0%(supersand)_Group1SampleA_Mon_Mar__2_16_19_21_2026,0.04691058397293088,2.9416983127593994,63.103223759755515
RABLab26_Mar02_GrafLab_Clay0%(supersand)_Group1SampleA_Mon_Mar__2_16_19_21_2026,0.04691058397293088,2.9416983127593994,63.103223759755515
RABLab26_Mar02_GrafLab_Clay0%(supersand)_Group1SampleA_Mon_Mar__2_16_19_21_2026,0.04691058397293088,2.9416983127593994,63.103223759755515
RABLab26_Mar02_GrafLab_Clay0%(supersand)_Group1SampleA_Mon_Mar__2_16_19_21_2026,0.04692396521568298,2.9217748641967773,63.103223759755515
RABLab26_Mar02_GrafLab_Clay0%(supersand)_Group1SampleA_Mon_Mar__2_16_19_21_2026,0.04692396521568298,2.9217748641967773,63.103223759755515
RABLab26_Mar02_GrafLab_Clay0%(supersand)_Group1SampleA_Mon_Mar__2_16_19_21_2026,0.04692396521568298,2.9217748641967773,63.103223759755515
RABLab26_Mar02_GrafLab_Clay0%(supersand)_Group1SampleA_Mon_Mar__2_16_19_21_2026,0.04692396521568298,2.9217748641967773,63.103223759755515
RABLab26_Mar02_GrafLab_Clay0%(supersand)_Group1SampleA_Mon_Mar__2_16_19_21_2026,0.04692396521568298,2.9217748641967773,63.103223759755515
RABLab26_Mar02_GrafLab_Clay0%(supersand)_Group1SampleA_Mon_Mar__2_16_19_21_2026,0.04692879319190979,2.92463493347168,63.103223759755515
RABLab26_Mar02_GrafLab_Clay0%(supersand)_Group1SampleA_Mon_Mar__2_16_19_21_2026,0.04692879319190979,2.92463493347168,63.103223759755515
RABLab26_Mar02_GrafLab_Clay0%(supersand)_Group1SampleA_Mon_Mar__2_16_19_21_2026,0.04692879319190979,2.92463493347168,63.103223759755515
RABLab26_Mar02_GrafLab_Clay0%(supersand)_Group1SampleA_Mon_Mar__2_16_19_21_2026,0.04692879319190979,2.92463493347168,63.103223759755515
RABLab26_Mar02_GrafLab_Clay0%(supersand)_Group1SampleA_Mon_Mar__2_16_19_21_2026,0.04692879319190979,2.92463493347168,63.103223759755515
RABLab26_Mar02_GrafLab_Clay0%(supersand)_Group1SampleA_Mon_Mar__2_16_19_21_2026,0.04694436490535739,2.908696174621582,63.103223759755515
RABLab26_Mar02_GrafLab_Clay0%(supersand)_Group1SampleA_Mon_Mar__2_16_19_21_2026,0.04694436490535739,2.908696174621582,63.103223759755515
RABLab26_Mar02_GrafLab_Clay0%(supersand)_Group1SampleA_Mon_Mar__2_16_19_21_2026,0.04694436490535739,2.908696174621582,63.103223759755515
RABLab26_Mar02_GrafLab_Clay0%(supersand)_Group1SampleA_Mon_Mar__2_16_19_21_2026,0.04694436490535739,2.908696174621582,63.103223759755515
RABLab26_Mar02_GrafLab_Clay0%(supersand)_Group1SampleA_Mon_Mar__2_16_19_21_2026,0.04694436490535739,2.908696174621582,63.103223759755515
RABLab26_Mar02_GrafLab_Clay0%(supersand)_Group1SampleA_Mon_Mar__2_16_19_21_2026,0.04694460332393649,2.9087018966674805,63.103223759755515
RABLab26_Mar02_GrafLab_Clay0%(supersand)_Group1SampleA_Mon_Mar__2_16_19_21_2026,0.04694460332393649,2.9087018966674805,63.103223759755515
RABLab26_Mar02_GrafLab_Clay0%(supersand)_Group1SampleA_Mon_Mar__2_16_19_21_2026,0.04694460332393649,2.9087018966674805,63.103223759755515
RABLab26_Mar02_GrafLab_Clay0%(supersand)_Group1SampleA_Mon_Mar__2_16_19_21_2026,0.04694460332393649,2.9087018966674805,63.103223759755515
RABLab26_Mar02_GrafLab_Clay0%(supersand)_Group1SampleA_Mon_Mar__2_16_19_21_2026,0.04694460332393649,2.9087018966674805,63.103223759755515
RABLab26_Mar02_GrafLab_Clay0%(supersand)_Group1SampleA_Mon_Mar__2_16_19_21_2026,0.04694460332393649,2.9087018966674805,63.103223759755515
RABLab26_Mar02_GrafLab_Clay0%(supersand)_Group1SampleA_Mon_Mar__2_16_19_21_2026,0.0469723045825958,2.874531984329224,63.103223759755515
RABLab26_Mar02_GrafLab_Clay0%(supersand)_Group1SampleA_Mon_Mar__2_16_19_21_2026,0.0469723045825958,2.874531984329224,63.103223759755515
RABLab26_Mar02_GrafLab_Clay0%(supersand)_Group1SampleA_Mon_Mar__2_16_19_21_2026,0.0469723045825958,2.874531984329224,63.103223759755515
RABLab26_Mar02_GrafLab_Clay0%(supersand)_Group1SampleA_Mon_Mar__2_16_19_21_2026,0.0469723045825958,2.874531984329224,63.103223759755515
RABLab26_Mar02_GrafLab_Clay0%(supersand)_Group1SampleA_Mon_Mar__2_16_19_21_2026,0.0469723045825958,2.874531984329224,63.103223759755515
RABLab26_Mar02_GrafLab_Clay0%(supersand)_Group1SampleA_Mon_Mar__2_16_19_21_2026,0.046978145837783786,2.875693082809448,63.103223759755515
RABLab26_Mar02_GrafLab_Clay0%(supersand)_Group1SampleA_Mon_Mar__2_16_19_21_2026,0.046978145837783786,2.875693082809448,63.103223759755515
RABLab26_Mar02_GrafLab_Clay0%(supersand)_Group1SampleA_Mon_Mar__2_16_19_21_2026,0.046978145837783786,2.875693082809448,63.103223759755515
RABLab26_Mar02_GrafLab_Clay0%(supersand)_Group1SampleA_Mon_Mar__2_16_19_21_2026,0.046978145837783786,2.875693082809448,63.103223759755515
RABLab26_Mar02_GrafLab_Clay0%(supersand)_Group1SampleA_Mon_Mar__2_16_19_21_2026,0.046978145837783786,2.875693082809448,63.103223759755515
RABLab26_Mar02_GrafLab_Clay0%(supersand)_Group1SampleA_Mon_Mar__2_16_19_21_2026,0.046978145837783786,2.875693082809448,63.103223759755515
RABLab26_Mar02_GrafLab_Clay0%(supersand)_Group1SampleA_Mon_Mar__2_16_19_21_2026,0.046978145837783786,2.875693082809448,63.103223759755515
RABLab26_Mar02_GrafLab_Clay0%(supersand)_Group1SampleA_Mon_Mar__2_16_19_21_2026,0.046978145837783786,2.875693082809448,63.103223759755515
RABLab26_Mar02_GrafLab_Clay0%(supersand)_Group1SampleA_Mon_Mar__2_16_19_21_2026,0.046978145837783786,2.875693082809448,63.103223759755515
RABLab26_Mar02_GrafLab_Clay0%(supersand)_Group1SampleA_Mon_Mar__2_16_19_21_2026,0.046978145837783786,2.875693082809448,63.103223759755515
RABLab26_Mar02_GrafLab_Clay0%(supersand)_Group1SampleA_Mon_Mar__2_16_19_21_2026,0.046978145837783786,2.875693082809448,63.103223759755515
RABLab26_Mar02_GrafLab_Clay0%(supersand)_Group1SampleA_Mon_Mar__2_16_19_21_2026,0.046978145837783786,2.875693082809448,63.103223759755515
RABLab26_Mar02_GrafLab_Clay0%(supersand)_Group1SampleA_Mon_Mar__2_16_19_21_2026,0.046978145837783786,2.875693082809448,63.103223759755515
RABLab26_Mar02_GrafLab_Clay0%(supersand)_Group1SampleA_Mon_Mar__2_16_19_21_2026,0.046978145837783786,2.875693082809448,63.103223759755515
RABLab26_Mar02_GrafLab_Clay0%(supersand)_Group1SampleA_Mon_Mar__2_16_19_21_2026,0.046978145837783786,2.875693082809448,63.103223759755515
RABLab26_Mar02_GrafLab_Clay0%(supersand)_Group1SampleA_Mon_Mar__2_16_19_21_2026,0.046978145837783786,2.875693082809448,63.103223759755515
RABLab26_Mar02_GrafLab_Clay0%(supersand)_Group1SampleA_Mon_Mar__2_16_19_21_2026,0.046978145837783786,2.875693082809448,63.103223759755515
RABLab26_Mar02_GrafLab_Clay0%(supersand)_Group1SampleA_Mon_Mar__2_16_19_21_2026,0.046978145837783786,2.875693082809448,63.103223759755515
RABLab26_Mar02_GrafLab_Clay0%(supersand)_Group1SampleA_Mon_Mar__2_16_19_21_2026,0.046978145837783786,2.875693082809448,63.103223759755515
RABLab26_Mar02_GrafLab_Clay0%(supersand)_Group1SampleA_Mon_Mar__2_16_19_21_2026,0.046978145837783786,2.875693082809448,63.103223759755515
RABLab26_Mar02_GrafLab_Clay0%(supersand)_Group1SampleA_Mon_Mar__2_16_19_21_2026,0.046978145837783786,2.875693082809448,63.103223759755515
RABLab26_Mar02_GrafLab_Clay0%(supersand)_Group1SampleA_Mon_Mar__2_16_19_21_2026,0.046978145837783786,2.875693082809448,63.103223759755515
RABLab26_Mar02_GrafLab_Clay0%(supersand)_Group1SampleA_Mon_Mar__2_16_19_21_2026,0.046978145837783786,2.875693082809448,63.103223759755515
RABLab26_Mar02_GrafLab_Clay0%(supersand)_Group1SampleA_Mon_Mar__2_16_19_21_2026,0.046978145837783786,2.875693082809448,63.103223759755515
RABLab26_Mar02_GrafLab_Clay0%(supersand)_Group1SampleA_Mon_Mar__2_16_19_21_2026,0.046978145837783786,2.875693082809448,63.103223759755515
RABLab26_Mar02_GrafLab_Clay0%(supersand)_Group1SampleA_Mon_Mar__2_16_19_21_2026,0.046978145837783786,2.875693082809448,63.103223759755515
RABLab26_Mar02_GrafLab_Clay0%(supersand)_Group1SampleA_Mon_Mar__2_16_19_21_2026,0.046978145837783786,2.875693082809448,63.103223759755515
RABLab26_Mar02_GrafLab_Clay0%(supersand)_Group1SampleA_Mon_Mar__2_16_19_21_2026,0.046978145837783786,2.875693082809448,63.103223759755515
RABLab26_Mar02_GrafLab_Clay0%(supersand)_Group1SampleA_Mon_Mar__2_16_19_21_2026,0.046978145837783786,2.875693082809448,63.103223759755515
RABLab26_Mar02_GrafLab_Clay0%(supersand)_Group1SampleA_Mon_Mar__2_16_19_21_2026,0.046978145837783786,2.875693082809448,63.103223759755515
RABLab26_Mar02_GrafLab_Clay0%(supersand)_Group1SampleA_Mon_Mar__2_16_19_21_2026,0.046978145837783786,2.875693082809448,63.103223759755515
RABLab26_Mar02_GrafLab_Clay0%(supersand)_Group1SampleA_Mon_Mar__2_16_19_21_2026,0.046978145837783786,2.875693082809448,63.103223759755515
RABLab26_Mar02_GrafLab_Clay0%(supersand)_Group1SampleA_Mon_Mar__2_16_19_21_2026,0.046978145837783786,2.875693082809448,63.103223759755515
RABLab26_Mar02_GrafLab_Clay0%(supersand)_Group1SampleA_Mon_Mar__2_16_19_21_2026,0.046978145837783786,2.875693082809448,63.103223759755515
RABLab26_Mar02_GrafLab_Clay0%(supersand)_Group1SampleA_Mon_Mar__2_16_19_21_2026,0.046978145837783786,2.875693082809448,63.103223759755515
RABLab26_Mar02_GrafLab_Clay0%(supersand)_Group1SampleA_Mon_Mar__2_16_19_21_2026,0.046978145837783786,2.875693082809448,63.103223759755515
RABLab26_Mar02_GrafLab_Clay0%(supersand)_Group1SampleA_Mon_Mar__2_16_19_21_2026,0.046978145837783786,2.875693082809448,63.103223759755515
RABLab26_Mar02_GrafLab_Clay0%(supersand)_Group1SampleA_Mon_Mar__2_16_19_21_2026,0.046978145837783786,2.875693082809448,63.103223759755515
RABLab26_Mar02_GrafLab_Clay0%(supersand)_Group1SampleA_Mon_Mar__2_16_19_21_2026,0.046978145837783786,2.875693082809448,63.103223759755515
RABLab26_Mar02_GrafLab_Clay0%(supersand)_Group1SampleA_Mon_Mar__2_16_19_21_2026,0.0469861775636673,2.860336303710937,63.103223759755515
RABLab26_Mar02_GrafLab_Clay0%(supersand)_Group1SampleA_Mon_Mar__2_16_19_21_2026,0.0469861775636673,2.860336303710937,63.103223759755515
RABLab26_Mar02_GrafLab_Clay0%(supersand)_Group1SampleA_Mon_Mar__2_16_19_21_2026,0.0469861775636673,2.860336303710937,63.103223759755515
RABLab26_Mar02_GrafLab_Clay0%(supersand)_Group1SampleA_Mon_Mar__2_16_19_21_2026,0.0469861775636673,2.860336303710937,63.103223759755515
RABLab26_Mar02_GrafLab_Clay0%(supersand)_Group1SampleA_Mon_Mar__2_16_19_21_2026,0.04699373245239258,2.8597562313079834,63.103223759755515
RABLab26_Mar02_GrafLab_Clay0%(supersand)_Group1SampleA_Mon_Mar__2_16_19_21_2026,0.04699373245239258,2.8597562313079834,63.103223759755515
RABLab26_Mar02_GrafLab_Clay0%(supersand)_Group1SampleA_Mon_Mar__2_16_19_21_2026,0.04699373245239258,2.8597562313079834,63.103223759755515
RABLab26_Mar02_GrafLab_Clay0%(supersand)_Group1SampleA_Mon_Mar__2_16_19_21_2026,0.04699373245239258,2.8597562313079834,63.103223759755515
RABLab26_Mar02_GrafLab_Clay0%(supersand)_Group1SampleA_Mon_Mar__2_16_19_21_2026,0.04699373245239258,2.8597562313079834,63.103223759755515
RABLab26_Mar02_GrafLab_Clay0%(supersand)_Group1SampleA_Mon_Mar__2_16_19_21_2026,0.04699373245239258,2.8597562313079834,63.103223759755515
RABLab26_Mar02_GrafLab_Clay0%(supersand)_Group1SampleA_Mon_Mar__2_16_19_21_2026,0.047010779380798284,2.8363571166992188,63.103223759755515
RABLab26_Mar02_GrafLab_Clay0%(supersand)_Group1SampleA_Mon_Mar__2_16_19_21_2026,0.047010779380798284,2.8363571166992188,63.103223759755515
RABLab26_Mar02_GrafLab_Clay0%(supersand)_Group1SampleA_Mon_Mar__2_16_19_21_2026,0.047010779380798284,2.8363571166992188,63.103223759755515
RABLab26_Mar02_GrafLab_Clay0%(supersand)_Group1SampleA_Mon_Mar__2_16_19_21_2026,0.047010779380798284,2.8363571166992188,63.103223759755515
RABLab26_Mar02_GrafLab_Clay0%(supersand)_Group1SampleA_Mon_Mar__2_16_19_21_2026,0.04701194167137149,2.842684268951416,63.103223759755515
RABLab26_Mar02_GrafLab_Clay0%(supersand)_Group1SampleA_Mon_Mar__2_16_19_21_2026,0.04701194167137149,2.842684268951416,63.103223759755515
RABLab26_Mar02_GrafLab_Clay0%(supersand)_Group1SampleA_Mon_Mar__2_16_19_21_2026,0.04701194167137149,2.842684268951416,63.103223759755515
RABLab26_Mar02_GrafLab_Clay0%(supersand)_Group1SampleA_Mon_Mar__2_16_19_21_2026,0.04701194167137149,2.842684268951416,63.103223759755515
RABLab26_Mar02_GrafLab_Clay0%(supersand)_Group1SampleA_Mon_Mar__2_16_19_21_2026,0.04701194167137149,2.842684268951416,63.103223759755515
RABLab26_Mar02_GrafLab_Clay0%(supersand)_Group1SampleA_Mon_Mar__2_16_19_21_2026,0.04701194167137149,2.842684268951416,63.103223759755515
RABLab26_Mar02_GrafLab_Clay0%(supersand)_Group1SampleA_Mon_Mar__2_16_19_21_2026,0.04701194167137149,2.842684268951416,63.103223759755515
RABLab26_Mar02_GrafLab_Clay0%(supersand)_Group1SampleA_Mon_Mar__2_16_19_21_2026,0.04701194167137149,2.842684268951416,63.103223759755515
RABLab26_Mar02_GrafLab_Clay0%(supersand)_Group1SampleA_Mon_Mar__2_16_19_21_2026,0.04701194167137149,2.842684268951416,63.103223759755515
RABLab26_Mar02_GrafLab_Clay0%(supersand)_Group1SampleA_Mon_Mar__2_16_19_21_2026,0.04701194167137149,2.842684268951416,63.103223759755515
RABLab26_Mar02_GrafLab_Clay0%(supersand)_Group1SampleA_Mon_Mar__2_16_19_21_2026,0.04701194167137149,2.842684268951416,63.103223759755515
RABLab26_Mar02_GrafLab_Clay0%(supersand)_Group1SampleA_Mon_Mar__2_16_19_21_2026,0.04701194167137149,2.842684268951416,63.103223759755515
RABLab26_Mar02_GrafLab_Clay0%(supersand)_Group1SampleA_Mon_Mar__2_16_19_21_2026,0.04701194167137149,2.842684268951416,63.103223759755515
RABLab26_Mar02_GrafLab_Clay0%(supersand)_Group1SampleA_Mon_Mar__2_16_19_21_2026,0.04701194167137149,2.842684268951416,63.103223759755515
RABLab26_Mar02_GrafLab_Clay0%(supersand)_Group1SampleA_Mon_Mar__2_16_19_21_2026,0.04701194167137149,2.842684268951416,63.103223759755515
RABLab26_Mar02_GrafLab_Clay0%(supersand)_Group1SampleA_Mon_Mar__2_16_19_21_2026,0.04701194167137149,2.842684268951416,63.103223759755515
RABLab26_Mar02_GrafLab_Clay0%(supersand)_Group1SampleA_Mon_Mar__2_16_19_21_2026,0.04701194167137149,2.842684268951416,63.103223759755515
RABLab26_Mar02_GrafLab_Clay0%(supersand)_Group1SampleA_Mon_Mar__2_16_19_21_2026,0.04701194167137149,2.842684268951416,63.103223759755515
RABLab26_Mar02_GrafLab_Clay0%(supersand)_Group1SampleA_Mon_Mar__2_16_19_21_2026,0.04701194167137149,2.842684268951416,63.103223759755515
RABLab26_Mar02_GrafLab_Clay0%(supersand)_Group1SampleA_Mon_Mar__2_16_19_21_2026,0.04701194167137149,2.842684268951416,63.103223759755515
RABLab26_Mar02_GrafLab_Clay0%(supersand)_Group1SampleA_Mon_Mar__2_16_19_21_2026,0.04701194167137149,2.842684268951416,63.103223759755515
RABLab26_Mar02_GrafLab_Clay0%(supersand)_Group1SampleA_Mon_Mar__2_16_19_21_2026,0.04701194167137149,2.842684268951416,63.103223759755515
RABLab26_Mar02_GrafLab_Clay0%(supersand)_Group1SampleA_Mon_Mar__2_16_19_21_2026,0.04701194167137149,2.842684268951416,63.103223759755515
RABLab26_Mar02_GrafLab_Clay0%(supersand)_Group1SampleA_Mon_Mar__2_16_19_21_2026,0.04701194167137149,2.842684268951416,63.103223759755515
RABLab26_Mar02_GrafLab_Clay0%(supersand)_Group1SampleA_Mon_Mar__2_16_19_21_2026,0.04701194167137149,2.842684268951416,63.103223759755515
RABLab26_Mar02_GrafLab_Clay0%(supersand)_Group1SampleA_Mon_Mar__2_16_19_21_2026,0.04701194167137149,2.842684268951416,63.103223759755515
RABLab26_Mar02_GrafLab_Clay0%(supersand)_Group1SampleA_Mon_Mar__2_16_19_21_2026,0.04701194167137149,2.842684268951416,63.103223759755515
RABLab26_Mar02_GrafLab_Clay0%(supersand)_Group1SampleA_Mon_Mar__2_16_19_21_2026,0.04701194167137149,2.842684268951416,63.103223759755515
RABLab26_Mar02_GrafLab_Clay0%(supersand)_Group1SampleA_Mon_Mar__2_16_19_21_2026,0.04701194167137149,2.842684268951416,63.103223759755515
RABLab26_Mar02_GrafLab_Clay0%(supersand)_Group1SampleA_Mon_Mar__2_16_19_21_2026,0.04701194167137149,2.842684268951416,63.103223759755515
RABLab26_Mar02_GrafLab_Clay0%(supersand)_Group1SampleA_Mon_Mar__2_16_19_21_2026,0.047027975320815985,2.8188509941101074,63.103223759755515
RABLab26_Mar02_GrafLab_Clay0%(supersand)_Group1SampleA_Mon_Mar__2_16_19_21_2026,0.047027975320815985,2.8188509941101074,63.103223759755515
RABLab26_Mar02_GrafLab_Clay0%(supersand)_Group1SampleA_Mon_Mar__2_16_19_21_2026,0.047027975320815985,2.8188509941101074,63.103223759755515
RABLab26_Mar02_GrafLab_Clay0%(supersand)_Group1SampleA_Mon_Mar__2_16_19_21_2026,0.047027975320815985,2.8188509941101074,63.103223759755515
RABLab26_Mar02_GrafLab_Clay0%(supersand)_Group1SampleA_Mon_Mar__2_16_19_21_2026,0.047027975320815985,2.8188509941101074,63.103223759755515
RABLab26_Mar02_GrafLab_Clay0%(supersand)_Group1SampleA_Mon_Mar__2_16_19_21_2026,0.04702749848365778,2.826742887496948,63.103223759755515
RABLab26_Mar02_GrafLab_Clay0%(supersand)_Group1SampleA_Mon_Mar__2_16_19_21_2026,0.04702749848365778,2.826742887496948,63.103223759755515
RABLab26_Mar02_GrafLab_Clay0%(supersand)_Group1SampleA_Mon_Mar__2_16_19_21_2026,0.04702749848365778,2.826742887496948,63.103223759755515
RABLab26_Mar02_GrafLab_Clay0%(supersand)_Group1SampleA_Mon_Mar__2_16_19_21_2026,0.04702749848365778,2.826742887496948,63.103223759755515
RABLab26_Mar02_GrafLab_Clay0%(supersand)_Group1SampleA_Mon_Mar__2_16_19_21_2026,0.04702749848365778,2.826742887496948,63.103223759755515
RABLab26_Mar02_GrafLab_Clay0%(supersand)_Group1SampleA_Mon_Mar__2_16_19_21_2026,0.04702749848365778,2.826742887496948,63.103223759755515
RABLab26_Mar02_GrafLab_Clay0%(supersand)_Group1SampleA_Mon_Mar__2_16_19_21_2026,0.04702749848365778,2.826742887496948,63.103223759755515
RABLab26_Mar02_GrafLab_Clay0%(supersand)_Group1SampleA_Mon_Mar__2_16_19_21_2026,0.04702749848365778,2.826742887496948,63.103223759755515
RABLab26_Mar02_GrafLab_Clay0%(supersand)_Group1SampleA_Mon_Mar__2_16_19_21_2026,0.04702749848365778,2.826742887496948,63.103223759755515
RABLab26_Mar02_GrafLab_Clay0%(supersand)_Group1SampleA_Mon_Mar__2_16_19_21_2026,0.04702749848365778,2.826742887496948,63.103223759755515
RABLab26_Mar02_GrafLab_Clay0%(supersand)_Group1SampleA_Mon_Mar__2_16_19_21_2026,0.04702749848365778,2.826742887496948,63.103223759755515
RABLab26_Mar02_GrafLab_Clay0%(supersand)_Group1SampleA_Mon_Mar__2_16_19_21_2026,0.04702749848365778,2.826742887496948,63.103223759755515
RABLab26_Mar02_GrafLab_Clay0%(supersand)_Group1SampleA_Mon_Mar__2_16_19_21_2026,0.04702749848365778,2.826742887496948,63.103223759755515
RABLab26_Mar02_GrafLab_Clay0%(supersand)_Group1SampleA_Mon_Mar__2_16_19_21_2026,0.04702749848365778,2.826742887496948,63.103223759755515
RABLab26_Mar02_GrafLab_Clay0%(supersand)_Group1SampleA_Mon_Mar__2_16_19_21_2026,0.04702749848365778,2.826742887496948,63.103223759755515
RABLab26_Mar02_GrafLab_Clay0%(supersand)_Group1SampleA_Mon_Mar__2_16_19_21_2026,0.04702749848365778,2.826742887496948,63.103223759755515
RABLab26_Mar02_GrafLab_Clay0%(supersand)_Group1SampleA_Mon_Mar__2_16_19_21_2026,0.04702749848365778,2.826742887496948,63.103223759755515
RABLab26_Mar02_GrafLab_Clay0%(supersand)_Group1SampleA_Mon_Mar__2_16_19_21_2026,0.04702749848365778,2.826742887496948,63.103223759755515
RABLab26_Mar02_GrafLab_Clay0%(supersand)_Group1SampleA_Mon_Mar__2_16_19_21_2026,0.04702749848365778,2.826742887496948,63.103223759755515
RABLab26_Mar02_GrafLab_Clay0%(supersand)_Group1SampleA_Mon_Mar__2_16_19_21_2026,0.04702749848365778,2.826742887496948,63.103223759755515
RABLab26_Mar02_GrafLab_Clay0%(supersand)_Group1SampleA_Mon_Mar__2_16_19_21_2026,0.04702749848365778,2.826742887496948,63.103223759755515
RABLab26_Mar02_GrafLab_Clay0%(supersand)_Group1SampleA_Mon_Mar__2_16_19_21_2026,0.04702749848365778,2.826742887496948,63.103223759755515
RABLab26_Mar02_GrafLab_Clay0%(supersand)_Group1SampleA_Mon_Mar__2_16_19_21_2026,0.04702749848365778,2.826742887496948,63.103223759755515
RABLab26_Mar02_GrafLab_Clay0%(supersand)_Group1SampleA_Mon_Mar__2_16_19_21_2026,0.04702749848365778,2.826742887496948,63.103223759755515
RABLab26_Mar02_GrafLab_Clay0%(supersand)_Group1SampleA_Mon_Mar__2_16_19_21_2026,0.04702749848365778,2.826742887496948,63.103223759755515
RABLab26_Mar02_GrafLab_Clay0%(supersand)_Group1SampleA_Mon_Mar__2_16_19_21_2026,0.04702749848365778,2.826742887496948,63.103223759755515
RABLab26_Mar02_GrafLab_Clay0%(supersand)_Group1SampleA_Mon_Mar__2_16_19_21_2026,0.04702749848365778,2.826742887496948,63.103223759755515
RABLab26_Mar02_GrafLab_Clay0%(supersand)_Group1SampleA_Mon_Mar__2_16_19_21_2026,0.04702749848365778,2.826742887496948,63.103223759755515
RABLab26_Mar02_GrafLab_Clay0%(supersand)_Group1SampleA_Mon_Mar__2_16_19_21_2026,0.04702749848365778,2.826742887496948,63.103223759755515
RABLab26_Mar02_GrafLab_Clay0%(supersand)_Group1SampleA_Mon_Mar__2_16_19_21_2026,0.04702749848365778,2.826742887496948,63.103223759755515
RABLab26_Mar02_GrafLab_Clay0%(supersand)_Group1SampleA_Mon_Mar__2_16_19_21_2026,0.04702749848365778,2.826742887496948,63.103223759755515
RABLab26_Mar02_GrafLab_Clay0%(supersand)_Group1SampleA_Mon_Mar__2_16_19_21_2026,0.04702749848365778,2.826742887496948,63.103223759755515
RABLab26_Mar02_GrafLab_Clay0%(supersand)_Group1SampleA_Mon_Mar__2_16_19_21_2026,0.04702749848365778,2.826742887496948,63.103223759755515
RABLab26_Mar02_GrafLab_Clay0%(supersand)_Group1SampleA_Mon_Mar__2_16_19_21_2026,0.04702749848365778,2.826742887496948,63.103223759755515
RABLab26_Mar02_GrafLab_Clay0%(supersand)_Group1SampleA_Mon_Mar__2_16_19_21_2026,0.04702749848365778,2.826742887496948,63.103223759755515
RABLab26_Mar02_GrafLab_Clay0%(supersand)_Group1SampleA_Mon_Mar__2_16_19_21_2026,0.04702749848365778,2.826742887496948,63.103223759755515
RABLab26_Mar02_GrafLab_Clay0%(supersand)_Group1SampleA_Mon_Mar__2_16_19_21_2026,0.04702749848365778,2.826742887496948,63.103223759755515
RABLab26_Mar02_GrafLab_Clay0%(supersand)_Group1SampleA_Mon_Mar__2_16_19_21_2026,0.04702749848365778,2.826742887496948,63.103223759755515
RABLab26_Mar02_GrafLab_Clay0%(supersand)_Group1SampleA_Mon_Mar__2_16_19_21_2026,0.04702749848365778,2.826742887496948,63.103223759755515
RABLab26_Mar02_GrafLab_Clay0%(supersand)_Group1SampleA_Mon_Mar__2_16_19_21_2026,0.04702749848365778,2.826742887496948,63.103223759755515
RABLab26_Mar02_GrafLab_Clay0%(supersand)_Group1SampleA_Mon_Mar__2_16_19_21_2026,0.04702749848365778,2.826742887496948,63.103223759755515
RABLab26_Mar02_GrafLab_Clay0%(supersand)_Group1SampleA_Mon_Mar__2_16_19_21_2026,0.04702749848365778,2.826742887496948,63.103223759755515
RABLab26_Mar02_GrafLab_Clay0%(supersand)_Group1SampleA_Mon_Mar__2_16_19_21_2026,0.04702749848365778,2.826742887496948,63.103223759755515
RABLab26_Mar02_GrafLab_Clay0%(supersand)_Group1SampleA_Mon_Mar__2_16_19_21_2026,0.04702749848365778,2.826742887496948,63.103223759755515
RABLab26_Mar02_GrafLab_Clay0%(supersand)_Group1SampleA_Mon_Mar__2_16_19_21_2026,0.04702749848365778,2.826742887496948,63.103223759755515
RABLab26_Mar02_GrafLab_Clay0%(supersand)_Group1SampleA_Mon_Mar__2_16_19_21_2026,0.04702749848365778,2.826742887496948,63.103223759755515
RABLab26_Mar02_GrafLab_Clay0%(supersand)_Group1SampleA_Mon_Mar__2_16_19_21_2026,0.04702749848365778,2.826742887496948,63.103223759755515
RABLab26_Mar02_GrafLab_Clay0%(supersand)_Group1SampleA_Mon_Mar__2_16_19_21_2026,0.04702749848365778,2.826742887496948,63.103223759755515
RABLab26_Mar02_GrafLab_Clay0%(supersand)_Group1SampleA_Mon_Mar__2_16_19_21_2026,0.04705896973609919,2.78109073638916,63.103223759755515
RABLab26_Mar02_GrafLab_Clay0%(supersand)_Group1SampleA_Mon_Mar__2_16_19_21_2026,0.04705896973609919,2.78109073638916,63.103223759755515
RABLab26_Mar02_GrafLab_Clay0%(supersand)_Group1SampleA_Mon_Mar__2_16_19_21_2026,0.04705896973609919,2.78109073638916,63.103223759755515
RABLab26_Mar02_GrafLab_Clay0%(supersand)_Group1SampleA_Mon_Mar__2_16_19_21_2026,0.04705896973609919,2.78109073638916,63.103223759755515
RABLab26_Mar02_GrafLab_Clay0%(supersand)_Group1SampleA_Mon_Mar__2_16_19_21_2026,0.04705896973609919,2.78109073638916,63.103223759755515
RABLab26_Mar02_GrafLab_Clay0%(supersand)_Group1SampleA_Mon_Mar__2_16_19_21_2026,0.047061264514923096,2.793727159500122,63.103223759755515
RABLab26_Mar02_GrafLab_Clay0%(supersand)_Group1SampleA_Mon_Mar__2_16_19_21_2026,0.047061264514923096,2.793727159500122,63.103223759755515
RABLab26_Mar02_GrafLab_Clay0%(supersand)_Group1SampleA_Mon_Mar__2_16_19_21_2026,0.047061264514923096,2.793727159500122,63.103223759755515
RABLab26_Mar02_GrafLab_Clay0%(supersand)_Group1SampleA_Mon_Mar__2_16_19_21_2026,0.047061264514923096,2.793727159500122,63.103223759755515
RABLab26_Mar02_GrafLab_Clay0%(supersand)_Group1SampleA_Mon_Mar__2_16_19_21_2026,0.047061264514923096,2.793727159500122,63.103223759755515
RABLab26_Mar02_GrafLab_Clay0%(supersand)_Group1SampleA_Mon_Mar__2_16_19_21_2026,0.047061264514923096,2.793727159500122,63.103223759755515
RABLab26_Mar02_GrafLab_Clay0%(supersand)_Group1SampleA_Mon_Mar__2_16_19_21_2026,0.047061264514923096,2.793727159500122,63.103223759755515
RABLab26_Mar02_GrafLab_Clay0%(supersand)_Group1SampleA_Mon_Mar__2_16_19_21_2026,0.047061264514923096,2.793727159500122,63.103223759755515
RABLab26_Mar02_GrafLab_Clay0%(supersand)_Group1SampleA_Mon_Mar__2_16_19_21_2026,0.047061264514923096,2.793727159500122,63.103223759755515
RABLab26_Mar02_GrafLab_Clay0%(supersand)_Group1SampleA_Mon_Mar__2_16_19_21_2026,0.04706975817680359,2.777866840362549,63.103223759755515
RABLab26_Mar02_GrafLab_Clay0%(supersand)_Group1SampleA_Mon_Mar__2_16_19_21_2026,0.04706975817680359,2.777866840362549,63.103223759755515
RABLab26_Mar02_GrafLab_Clay0%(supersand)_Group1SampleA_Mon_Mar__2_16_19_21_2026,0.04706975817680359,2.777866840362549,63.103223759755515
RABLab26_Mar02_GrafLab_Clay0%(supersand)_Group1SampleA_Mon_Mar__2_16_19_21_2026,0.04706975817680359,2.777866840362549,63.103223759755515
RABLab26_Mar02_GrafLab_Clay0%(supersand)_Group1SampleA_Mon_Mar__2_16_19_21_2026,0.04706975817680359,2.777866840362549,63.103223759755515
RABLab26_Mar02_GrafLab_Clay0%(supersand)_Group1SampleA_Mon_Mar__2_16_19_21_2026,0.04706782102584839,2.7943978309631348,63.103223759755515
RABLab26_Mar02_GrafLab_Clay0%(supersand)_Group1SampleA_Mon_Mar__2_16_19_21_2026,0.04706782102584839,2.7943978309631348,63.103223759755515
RABLab26_Mar02_GrafLab_Clay0%(supersand)_Group1SampleA_Mon_Mar__2_16_19_21_2026,0.04706782102584839,2.7943978309631348,63.103223759755515
RABLab26_Mar02_GrafLab_Clay0%(supersand)_Group1SampleA_Mon_Mar__2_16_19_21_2026,0.04706782102584839,2.7943978309631348,63.103223759755515
RABLab26_Mar02_GrafLab_Clay0%(supersand)_Group1SampleA_Mon_Mar__2_16_19_21_2026,0.04706782102584839,2.7943978309631348,63.103223759755515
RABLab26_Mar02_GrafLab_Clay0%(supersand)_Group1SampleA_Mon_Mar__2_16_19_21_2026,0.04706878960132599,2.7860043048858643,63.103223759755515
RABLab26_Mar02_GrafLab_Clay0%(supersand)_Group1SampleA_Mon_Mar__2_16_19_21_2026,0.04706878960132599,2.7860043048858643,63.103223759755515
RABLab26_Mar02_GrafLab_Clay0%(supersand)_Group1SampleA_Mon_Mar__2_16_19_21_2026,0.04706878960132599,2.7860043048858643,63.103223759755515
RABLab26_Mar02_GrafLab_Clay0%(supersand)_Group1SampleA_Mon_Mar__2_16_19_21_2026,0.04706878960132599,2.7860043048858643,63.103223759755515
RABLab26_Mar02_GrafLab_Clay0%(supersand)_Group1SampleA_Mon_Mar__2_16_19_21_2026,0.04706878960132599,2.7860043048858643,63.103223759755515
RABLab26_Mar02_GrafLab_Clay0%(supersand)_Group1SampleA_Mon_Mar__2_16_19_21_2026,0.04706878960132599,2.7860043048858643,63.103223759755515
RABLab26_Mar02_GrafLab_Clay0%(supersand)_Group1SampleA_Mon_Mar__2_16_19_21_2026,0.04706878960132599,2.7860043048858643,63.103223759755515
RABLab26_Mar02_GrafLab_Clay0%(supersand)_Group1SampleA_Mon_Mar__2_16_19_21_2026,0.04706878960132599,2.7860043048858643,63.103223759755515
RABLab26_Mar02_GrafLab_Clay0%(supersand)_Group1SampleA_Mon_Mar__2_16_19_21_2026,0.04706878960132599,2.7860043048858643,63.103223759755515
RABLab26_Mar02_GrafLab_Clay0%(supersand)_Group1SampleA_Mon_Mar__2_16_19_21_2026,0.04706878960132599,2.7860043048858643,63.103223759755515
RABLab26_Mar02_GrafLab_Clay0%(supersand)_Group1SampleA_Mon_Mar__2_16_19_21_2026,0.04706878960132599,2.7860043048858643,63.103223759755515
RABLab26_Mar02_GrafLab_Clay0%(supersand)_Group1SampleA_Mon_Mar__2_16_19_21_2026,0.04706878960132599,2.7860043048858643,63.103223759755515
RABLab26_Mar02_GrafLab_Clay0%(supersand)_Group1SampleA_Mon_Mar__2_16_19_21_2026,0.04706878960132599,2.7860043048858643,63.103223759755515
RABLab26_Mar02_GrafLab_Clay0%(supersand)_Group1SampleA_Mon_Mar__2_16_19_21_2026,0.04706878960132599,2.7860043048858643,63.103223759755515
RABLab26_Mar02_GrafLab_Clay0%(supersand)_Group1SampleA_Mon_Mar__2_16_19_21_2026,0.04706878960132599,2.7860043048858643,63.103223759755515
RABLab26_Mar02_GrafLab_Clay0%(supersand)_Group1SampleA_Mon_Mar__2_16_19_21_2026,0.04706878960132599,2.7860043048858643,63.103223759755515
RABLab26_Mar02_GrafLab_Clay0%(supersand)_Group1SampleA_Mon_Mar__2_16_19_21_2026,0.04706878960132599,2.7860043048858643,63.103223759755515
RABLab26_Mar02_GrafLab_Clay0%(supersand)_Group1SampleA_Mon_Mar__2_16_19_21_2026,0.04706878960132599,2.7860043048858643,63.103223759755515
RABLab26_Mar02_GrafLab_Clay0%(supersand)_Group1SampleA_Mon_Mar__2_16_19_21_2026,0.04706878960132599,2.7860043048858643,63.103223759755515
RABLab26_Mar02_GrafLab_Clay0%(supersand)_Group1SampleA_Mon_Mar__2_16_19_21_2026,0.04706878960132599,2.7860043048858643,63.103223759755515
RABLab26_Mar02_GrafLab_Clay0%(supersand)_Group1SampleA_Mon_Mar__2_16_19_21_2026,0.04707680642604828,2.777784824371338,63.103223759755515
RABLab26_Mar02_GrafLab_Clay0%(supersand)_Group1SampleA_Mon_Mar__2_16_19_21_2026,0.04707680642604828,2.777784824371338,63.103223759755515
RABLab26_Mar02_GrafLab_Clay0%(supersand)_Group1SampleA_Mon_Mar__2_16_19_21_2026,0.04707680642604828,2.777784824371338,63.103223759755515
RABLab26_Mar02_GrafLab_Clay0%(supersand)_Group1SampleA_Mon_Mar__2_16_19_21_2026,0.04707680642604828,2.777784824371338,63.103223759755515
RABLab26_Mar02_GrafLab_Clay0%(supersand)_Group1SampleA_Mon_Mar__2_16_19_21_2026,0.04707680642604828,2.777784824371338,63.103223759755515
RABLab26_Mar02_GrafLab_Clay0%(supersand)_Group1SampleA_Mon_Mar__2_16_19_21_2026,0.04707680642604828,2.777784824371338,63.103223759755515
RABLab26_Mar02_GrafLab_Clay0%(supersand)_Group1SampleA_Mon_Mar__2_16_19_21_2026,0.04707680642604828,2.777784824371338,63.103223759755515
RABLab26_Mar02_GrafLab_Clay0%(supersand)_Group1SampleA_Mon_Mar__2_16_19_21_2026,0.04707680642604828,2.777784824371338,63.103223759755515
RABLab26_Mar02_GrafLab_Clay0%(supersand)_Group1SampleA_Mon_Mar__2_16_19_21_2026,0.04707680642604828,2.777784824371338,63.103223759755515
RABLab26_Mar02_GrafLab_Clay0%(supersand)_Group1SampleA_Mon_Mar__2_16_19_21_2026,0.04707680642604828,2.777784824371338,63.103223759755515
RABLab26_Mar02_GrafLab_Clay0%(supersand)_Group1SampleA_Mon_Mar__2_16_19_21_2026,0.04707680642604828,2.777784824371338,63.103223759755515
RABLab26_Mar02_GrafLab_Clay0%(supersand)_Group1SampleA_Mon_Mar__2_16_19_21_2026,0.04707680642604828,2.777784824371338,63.103223759755515
RABLab26_Mar02_GrafLab_Clay0%(supersand)_Group1SampleA_Mon_Mar__2_16_19_21_2026,0.04707680642604828,2.777784824371338,63.103223759755515
RABLab26_Mar02_GrafLab_Clay0%(supersand)_Group1SampleA_Mon_Mar__2_16_19_21_2026,0.04707680642604828,2.777784824371338,63.103223759755515
RABLab26_Mar02_GrafLab_Clay0%(supersand)_Group1SampleA_Mon_Mar__2_16_19_21_2026,0.04707680642604828,2.777784824371338,63.103223759755515
RABLab26_Mar02_GrafLab_Clay0%(supersand)_Group1SampleA_Mon_Mar__2_16_19_21_2026,0.04707680642604828,2.777784824371338,63.103223759755515
RABLab26_Mar02_GrafLab_Clay0%(supersand)_Group1SampleA_Mon_Mar__2_16_19_21_2026,0.04707680642604828,2.777784824371338,63.103223759755515
RABLab26_Mar02_GrafLab_Clay0%(supersand)_Group1SampleA_Mon_Mar__2_16_19_21_2026,0.04707680642604828,2.777784824371338,63.103223759755515
RABLab26_Mar02_GrafLab_Clay0%(supersand)_Group1SampleA_Mon_Mar__2_16_19_21_2026,0.04707680642604828,2.777784824371338,63.103223759755515
RABLab26_Mar02_GrafLab_Clay0%(supersand)_Group1SampleA_Mon_Mar__2_16_19_21_2026,0.04707680642604828,2.777784824371338,63.103223759755515
RABLab26_Mar02_GrafLab_Clay0%(supersand)_Group1SampleA_Mon_Mar__2_16_19_21_2026,0.04707680642604828,2.777784824371338,63.103223759755515
RABLab26_Mar02_GrafLab_Clay0%(supersand)_Group1SampleA_Mon_Mar__2_16_19_21_2026,0.04707680642604828,2.777784824371338,63.103223759755515
RABLab26_Mar02_GrafLab_Clay0%(supersand)_Group1SampleA_Mon_Mar__2_16_19_21_2026,0.04707680642604828,2.777784824371338,63.103223759755515
RABLab26_Mar02_GrafLab_Clay0%(supersand)_Group1SampleA_Mon_Mar__2_16_19_21_2026,0.04707680642604828,2.777784824371338,63.103223759755515
RABLab26_Mar02_GrafLab_Clay0%(supersand)_Group1SampleA_Mon_Mar__2_16_19_21_2026,0.04707680642604828,2.777784824371338,63.103223759755515
RABLab26_Mar02_GrafLab_Clay0%(supersand)_Group1SampleA_Mon_Mar__2_16_19_21_2026,0.04707680642604828,2.777784824371338,63.103223759755515
RABLab26_Mar02_GrafLab_Clay0%(supersand)_Group1SampleA_Mon_Mar__2_16_19_21_2026,0.04707680642604828,2.777784824371338,63.103223759755515
RABLab26_Mar02_GrafLab_Clay0%(supersand)_Group1SampleA_Mon_Mar__2_16_19_21_2026,0.04707680642604828,2.777784824371338,63.103223759755515
RABLab26_Mar02_GrafLab_Clay0%(supersand)_Group1SampleA_Mon_Mar__2_16_19_21_2026,0.04707680642604828,2.777784824371338,63.103223759755515
RABLab26_Mar02_GrafLab_Clay0%(supersand)_Group1SampleA_Mon_Mar__2_16_19_21_2026,0.04707680642604828,2.777784824371338,63.103223759755515
RABLab26_Mar02_GrafLab_Clay0%(supersand)_Group1SampleA_Mon_Mar__2_16_19_21_2026,0.04707680642604828,2.777784824371338,63.103223759755515
RABLab26_Mar02_GrafLab_Clay0%(supersand)_Group1SampleA_Mon_Mar__2_16_19_21_2026,0.04707680642604828,2.777784824371338,63.103223759755515
RABLab26_Mar02_GrafLab_Clay0%(supersand)_Group1SampleA_Mon_Mar__2_16_19_21_2026,0.04707680642604828,2.777784824371338,63.103223759755515
RABLab26_Mar02_GrafLab_Clay0%(supersand)_Group1SampleA_Mon_Mar__2_16_19_21_2026,0.04707680642604828,2.777784824371338,63.103223759755515
RABLab26_Mar02_GrafLab_Clay0%(supersand)_Group1SampleA_Mon_Mar__2_16_19_21_2026,0.04707680642604828,2.777784824371338,63.103223759755515
RABLab26_Mar02_GrafLab_Clay0%(supersand)_Group1SampleA_Mon_Mar__2_16_19_21_2026,0.04707680642604828,2.777784824371338,63.103223759755515
RABLab26_Mar02_GrafLab_Clay0%(supersand)_Group1SampleA_Mon_Mar__2_16_19_21_2026,0.04707680642604828,2.777784824371338,63.103223759755515
RABLab26_Mar02_GrafLab_Clay0%(supersand)_Group1SampleA_Mon_Mar__2_16_19_21_2026,0.04707680642604828,2.777784824371338,63.103223759755515
RABLab26_Mar02_GrafLab_Clay0%(supersand)_Group1SampleA_Mon_Mar__2_16_19_21_2026,0.04707680642604828,2.777784824371338,63.103223759755515
RABLab26_Mar02_GrafLab_Clay0%(supersand)_Group1SampleA_Mon_Mar__2_16_19_21_2026,0.04707680642604828,2.777784824371338,63.103223759755515
RABLab26_Mar02_GrafLab_Clay0%(supersand)_Group1SampleA_Mon_Mar__2_16_19_21_2026,0.04707680642604828,2.777784824371338,63.103223759755515
RABLab26_Mar02_GrafLab_Clay0%(supersand)_Group1SampleA_Mon_Mar__2_16_19_21_2026,0.04707680642604828,2.777784824371338,63.103223759755515
RABLab26_Mar02_GrafLab_Clay0%(supersand)_Group1SampleA_Mon_Mar__2_16_19_21_2026,0.04707680642604828,2.777784824371338,63.103223759755515
RABLab26_Mar02_GrafLab_Clay0%(supersand)_Group1SampleA_Mon_Mar__2_16_19_21_2026,0.04707680642604828,2.777784824371338,63.103223759755515
RABLab26_Mar02_GrafLab_Clay0%(supersand)_Group1SampleA_Mon_Mar__2_16_19_21_2026,0.04707680642604828,2.777784824371338,63.103223759755515
RABLab26_Mar02_GrafLab_Clay0%(supersand)_Group1SampleA_Mon_Mar__2_16_19_21_2026,0.04707680642604828,2.777784824371338,63.103223759755515
RABLab26_Mar02_GrafLab_Clay0%(supersand)_Group1SampleA_Mon_Mar__2_16_19_21_2026,0.04707680642604828,2.777784824371338,63.103223759755515
RABLab26_Mar02_GrafLab_Clay0%(supersand)_Group1SampleA_Mon_Mar__2_16_19_21_2026,0.04707680642604828,2.777784824371338,63.103223759755515
RABLab26_Mar02_GrafLab_Clay0%(supersand)_Group1SampleA_Mon_Mar__2_16_19_21_2026,0.04707680642604828,2.777784824371338,63.103223759755515
RABLab26_Mar02_GrafLab_Clay0%(supersand)_Group1SampleA_Mon_Mar__2_16_19_21_2026,0.04707680642604828,2.777784824371338,63.103223759755515
RABLab26_Mar02_GrafLab_Clay0%(supersand)_Group1SampleA_Mon_Mar__2_16_19_21_2026,0.04707680642604828,2.777784824371338,63.103223759755515
RABLab26_Mar02_GrafLab_Clay0%(supersand)_Group1SampleA_Mon_Mar__2_16_19_21_2026,0.04707680642604828,2.777784824371338,63.103223759755515
RABLab26_Mar02_GrafLab_Clay0%(supersand)_Group1SampleA_Mon_Mar__2_16_19_21_2026,0.04707680642604828,2.777784824371338,63.103223759755515
RABLab26_Mar02_GrafLab_Clay0%(supersand)_Group1SampleA_Mon_Mar__2_16_19_21_2026,0.04707680642604828,2.777784824371338,63.103223759755515
RABLab26_Mar02_GrafLab_Clay0%(supersand)_Group1SampleA_Mon_Mar__2_16_19_21_2026,0.04707680642604828,2.777784824371338,63.103223759755515
RABLab26_Mar02_GrafLab_Clay0%(supersand)_Group1SampleA_Mon_Mar__2_16_19_21_2026,0.04707680642604828,2.777784824371338,63.103223759755515
RABLab26_Mar02_GrafLab_Clay0%(supersand)_Group1SampleA_Mon_Mar__2_16_19_21_2026,0.04707680642604828,2.777784824371338,63.103223759755515
RABLab26_Mar02_GrafLab_Clay0%(supersand)_Group1SampleA_Mon_Mar__2_16_19_21_2026,0.04707680642604828,2.777784824371338,63.103223759755515
RABLab26_Mar02_GrafLab_Clay0%(supersand)_Group1SampleA_Mon_Mar__2_16_19_21_2026,0.04707680642604828,2.777784824371338,63.103223759755515
RABLab26_Mar02_GrafLab_Clay0%(supersand)_Group1SampleA_Mon_Mar__2_16_19_21_2026,0.04707680642604828,2.777784824371338,63.103223759755515
RABLab26_Mar02_GrafLab_Clay0%(supersand)_Group1SampleA_Mon_Mar__2_16_19_21_2026,0.04707680642604828,2.777784824371338,63.103223759755515
RABLab26_Mar02_GrafLab_Clay0%(supersand)_Group1SampleA_Mon_Mar__2_16_19_21_2026,0.04707680642604828,2.777784824371338,63.103223759755515
RABLab26_Mar02_GrafLab_Clay0%(supersand)_Group1SampleA_Mon_Mar__2_16_19_21_2026,0.04707680642604828,2.777784824371338,63.103223759755515
RABLab26_Mar02_GrafLab_Clay0%(supersand)_Group1SampleA_Mon_Mar__2_16_19_21_2026,0.04707680642604828,2.777784824371338,63.103223759755515
RABLab26_Mar02_GrafLab_Clay0%(supersand)_Group1SampleA_Mon_Mar__2_16_19_21_2026,0.04707680642604828,2.777784824371338,63.103223759755515
RABLab26_Mar02_GrafLab_Clay0%(supersand)_Group1SampleA_Mon_Mar__2_16_19_21_2026,0.04707680642604828,2.777784824371338,63.103223759755515
RABLab26_Mar02_GrafLab_Clay0%(supersand)_Group1SampleA_Mon_Mar__2_16_19_21_2026,0.04707680642604828,2.777784824371338,63.103223759755515
RABLab26_Mar02_GrafLab_Clay0%(supersand)_Group1SampleA_Mon_Mar__2_16_19_21_2026,0.04708580672740939,2.7611725330352783,63.103223759755515
RABLab26_Mar02_GrafLab_Clay0%(supersand)_Group1SampleA_Mon_Mar__2_16_19_21_2026,0.04708580672740939,2.7611725330352783,63.103223759755515
RABLab26_Mar02_GrafLab_Clay0%(supersand)_Group1SampleA_Mon_Mar__2_16_19_21_2026,0.04708580672740939,2.7611725330352783,63.103223759755515
RABLab26_Mar02_GrafLab_Clay0%(supersand)_Group1SampleA_Mon_Mar__2_16_19_21_2026,0.04708580672740939,2.7611725330352783,63.103223759755515
RABLab26_Mar02_GrafLab_Clay0%(supersand)_Group1SampleA_Mon_Mar__2_16_19_21_2026,0.04708580672740939,2.7611725330352783,63.103223759755515
RABLab26_Mar02_GrafLab_Clay0%(supersand)_Group1SampleA_Mon_Mar__2_16_19_21_2026,0.04708580672740939,2.7611725330352783,63.103223759755515
RABLab26_Mar02_GrafLab_Clay0%(supersand)_Group1SampleA_Mon_Mar__2_16_19_21_2026,0.04708580672740939,2.7611725330352783,63.103223759755515
RABLab26_Mar02_GrafLab_Clay0%(supersand)_Group1SampleA_Mon_Mar__2_16_19_21_2026,0.047092378139495794,2.76184344291687,63.103223759755515
RABLab26_Mar02_GrafLab_Clay0%(supersand)_Group1SampleA_Mon_Mar__2_16_19_21_2026,0.047092378139495794,2.76184344291687,63.103223759755515
RABLab26_Mar02_GrafLab_Clay0%(supersand)_Group1SampleA_Mon_Mar__2_16_19_21_2026,0.047092378139495794,2.76184344291687,63.103223759755515
RABLab26_Mar02_GrafLab_Clay0%(supersand)_Group1SampleA_Mon_Mar__2_16_19_21_2026,0.047092378139495794,2.76184344291687,63.103223759755515
RABLab26_Mar02_GrafLab_Clay0%(supersand)_Group1SampleA_Mon_Mar__2_16_19_21_2026,0.047092378139495794,2.76184344291687,63.103223759755515
RABLab26_Mar02_GrafLab_Clay0%(supersand)_Group1SampleA_Mon_Mar__2_16_19_21_2026,0.047092378139495794,2.76184344291687,63.103223759755515
RABLab26_Mar02_GrafLab_Clay0%(supersand)_Group1SampleA_Mon_Mar__2_16_19_21_2026,0.047092378139495794,2.76184344291687,63.103223759755515
RABLab26_Mar02_GrafLab_Clay0%(supersand)_Group1SampleA_Mon_Mar__2_16_19_21_2026,0.047092378139495794,2.76184344291687,63.103223759755515
RABLab26_Mar02_GrafLab_Clay0%(supersand)_Group1SampleA_Mon_Mar__2_16_19_21_2026,0.047092378139495794,2.76184344291687,63.103223759755515
RABLab26_Mar02_GrafLab_Clay0%(supersand)_Group1SampleA_Mon_Mar__2_16_19_21_2026,0.047092378139495794,2.76184344291687,63.103223759755515
RABLab26_Mar02_GrafLab_Clay0%(supersand)_Group1SampleA_Mon_Mar__2_16_19_21_2026,0.047092378139495794,2.76184344291687,63.103223759755515
RABLab26_Mar02_GrafLab_Clay0%(supersand)_Group1SampleA_Mon_Mar__2_16_19_21_2026,0.047092378139495794,2.76184344291687,63.103223759755515
RABLab26_Mar02_GrafLab_Clay0%(supersand)_Group1SampleA_Mon_Mar__2_16_19_21_2026,0.047092378139495794,2.76184344291687,63.103223759755515
RABLab26_Mar02_GrafLab_Clay0%(supersand)_Group1SampleA_Mon_Mar__2_16_19_21_2026,0.047092378139495794,2.76184344291687,63.103223759755515
RABLab26_Mar02_GrafLab_Clay0%(supersand)_Group1SampleA_Mon_Mar__2_16_19_21_2026,0.047092378139495794,2.76184344291687,63.103223759755515
RABLab26_Mar02_GrafLab_Clay0%(supersand)_Group1SampleA_Mon_Mar__2_16_19_21_2026,0.047092378139495794,2.76184344291687,63.103223759755515
RABLab26_Mar02_GrafLab_Clay0%(supersand)_Group1SampleA_Mon_Mar__2_16_19_21_2026,0.047092378139495794,2.76184344291687,63.103223759755515
RABLab26_Mar02_GrafLab_Clay0%(supersand)_Group1SampleA_Mon_Mar__2_16_19_21_2026,0.047092378139495794,2.76184344291687,63.103223759755515
RABLab26_Mar02_GrafLab_Clay0%(supersand)_Group1SampleA_Mon_Mar__2_16_19_21_2026,0.047092378139495794,2.76184344291687,63.103223759755515
RABLab26_Mar02_GrafLab_Clay0%(supersand)_Group1SampleA_Mon_Mar__2_16_19_21_2026,0.047092378139495794,2.76184344291687,63.103223759755515
RABLab26_Mar02_GrafLab_Clay0%(supersand)_Group1SampleA_Mon_Mar__2_16_19_21_2026,0.047092378139495794,2.76184344291687,63.103223759755515
RABLab26_Mar02_GrafLab_Clay0%(supersand)_Group1SampleA_Mon_Mar__2_16_19_21_2026,0.04706878960132599,2.7860043048858643,63.103223759755515
RABLab26_Mar02_GrafLab_Clay0%(supersand)_Group1SampleA_Mon_Mar__2_16_19_21_2026,0.04706878960132599,2.7860043048858643,63.103223759755515
RABLab26_Mar02_GrafLab_Clay0%(supersand)_Group1SampleA_Mon_Mar__2_16_19_21_2026,0.04706878960132599,2.7860043048858643,63.103223759755515
RABLab26_Mar02_GrafLab_Clay0%(supersand)_Group1SampleA_Mon_Mar__2_16_19_21_2026,0.04706878960132599,2.7860043048858643,63.103223759755515
RABLab26_Mar02_GrafLab_Clay0%(supersand)_Group1SampleA_Mon_Mar__2_16_19_21_2026,0.04706878960132599,2.7860043048858643,63.103223759755515
RABLab26_Mar02_GrafLab_Clay0%(supersand)_Group1SampleA_Mon_Mar__2_16_19_21_2026,0.04706878960132599,2.7860043048858643,63.103223759755515
RABLab26_Mar02_GrafLab_Clay0%(supersand)_Group1SampleA_Mon_Mar__2_16_19_21_2026,0.04706878960132599,2.7860043048858643,63.103223759755515
RABLab26_Mar02_GrafLab_Clay0%(supersand)_Group1SampleA_Mon_Mar__2_16_19_21_2026,0.04706878960132599,2.7860043048858643,63.103223759755515
RABLab26_Mar02_GrafLab_Clay0%(supersand)_Group1SampleA_Mon_Mar__2_16_19_21_2026,0.04706878960132599,2.7860043048858643,63.103223759755515
RABLab26_Mar02_GrafLab_Clay0%(supersand)_Group1SampleA_Mon_Mar__2_16_19_21_2026,0.04706878960132599,2.7860043048858643,63.103223759755515
RABLab26_Mar02_GrafLab_Clay0%(supersand)_Group1SampleA_Mon_Mar__2_16_19_21_2026,0.04706878960132599,2.7860043048858643,63.103223759755515
RABLab26_Mar02_GrafLab_Clay0%(supersand)_Group1SampleA_Mon_Mar__2_16_19_21_2026,0.04706878960132599,2.7860043048858643,63.103223759755515
RABLab26_Mar02_GrafLab_Clay0%(supersand)_Group1SampleA_Mon_Mar__2_16_19_21_2026,0.04706878960132599,2.7860043048858643,63.103223759755515
RABLab26_Mar02_GrafLab_Clay0%(supersand)_Group1SampleA_Mon_Mar__2_16_19_21_2026,0.04706878960132599,2.7860043048858643,63.103223759755515
RABLab26_Mar02_GrafLab_Clay0%(supersand)_Group1SampleA_Mon_Mar__2_16_19_21_2026,0.04706878960132599,2.7860043048858643,63.103223759755515
RABLab26_Mar02_GrafLab_Clay0%(supersand)_Group1SampleA_Mon_Mar__2_16_19_21_2026,0.04706878960132599,2.7860043048858643,63.103223759755515
RABLab26_Mar02_GrafLab_Clay0%(supersand)_Group1SampleA_Mon_Mar__2_16_19_21_2026,0.04706878960132599,2.7860043048858643,63.103223759755515
RABLab26_Mar02_GrafLab_Clay0%(supersand)_Group1SampleA_Mon_Mar__2_16_19_21_2026,0.04706878960132599,2.7860043048858643,63.103223759755515
RABLab26_Mar02_GrafLab_Clay0%(supersand)_Group1SampleA_Mon_Mar__2_16_19_21_2026,0.04706878960132599,2.7860043048858643,63.103223759755515
RABLab26_Mar02_GrafLab_Clay0%(supersand)_Group1SampleA_Mon_Mar__2_16_19_21_2026,0.04706878960132599,2.7860043048858643,63.103223759755515
RABLab26_Mar02_GrafLab_Clay0%(supersand)_Group1SampleA_Mon_Mar__2_16_19_21_2026,0.04706878960132599,2.7860043048858643,63.103223759755515
RABLab26_Mar02_GrafLab_Clay0%(supersand)_Group1SampleA_Mon_Mar__2_16_19_21_2026,0.04706878960132599,2.7860043048858643,63.103223759755515
RABLab26_Mar02_GrafLab_Clay0%(supersand)_Group1SampleA_Mon_Mar__2_16_19_21_2026,0.04706878960132599,2.7860043048858643,63.103223759755515
RABLab26_Mar02_GrafLab_Clay0%(supersand)_Group1SampleA_Mon_Mar__2_16_19_21_2026,0.04706878960132599,2.7860043048858643,63.103223759755515
RABLab26_Mar02_GrafLab_Clay0%(supersand)_Group1SampleA_Mon_Mar__2_16_19_21_2026,0.04706878960132599,2.7860043048858643,63.103223759755515
RABLab26_Mar02_GrafLab_Clay0%(supersand)_Group1SampleA_Mon_Mar__2_16_19_21_2026,0.04706878960132599,2.7860043048858643,63.103223759755515
RABLab26_Mar02_GrafLab_Clay0%(supersand)_Group1SampleA_Mon_Mar__2_16_19_21_2026,0.04706878960132599,2.7860043048858643,63.103223759755515
RABLab26_Mar02_GrafLab_Clay0%(supersand)_Group1SampleA_Mon_Mar__2_16_19_21_2026,0.04706878960132599,2.7860043048858643,63.103223759755515
RABLab26_Mar02_GrafLab_Clay0%(supersand)_Group1SampleA_Mon_Mar__2_16_19_21_2026,0.04706878960132599,2.7860043048858643,63.103223759755515
RABLab26_Mar02_GrafLab_Clay0%(supersand)_Group1SampleA_Mon_Mar__2_16_19_21_2026,0.04706878960132599,2.7860043048858643,63.103223759755515
RABLab26_Mar02_GrafLab_Clay0%(supersand)_Group1SampleA_Mon_Mar__2_16_19_21_2026,0.04706878960132599,2.7860043048858643,63.103223759755515
RABLab26_Mar02_GrafLab_Clay0%(supersand)_Group1SampleA_Mon_Mar__2_16_19_21_2026,0.04706878960132599,2.7860043048858643,63.103223759755515
RABLab26_Mar02_GrafLab_Clay0%(supersand)_Group1SampleA_Mon_Mar__2_16_19_21_2026,0.04706878960132599,2.7860043048858643,63.103223759755515
RABLab26_Mar02_GrafLab_Clay0%(supersand)_Group1SampleA_Mon_Mar__2_16_19_21_2026,0.04706878960132599,2.7860043048858643,63.103223759755515
RABLab26_Mar02_GrafLab_Clay0%(supersand)_Group1SampleA_Mon_Mar__2_16_19_21_2026,0.04706878960132599,2.7860043048858643,63.103223759755515
RABLab26_Mar02_GrafLab_Clay0%(supersand)_Group1SampleA_Mon_Mar__2_16_19_21_2026,0.04706878960132599,2.7860043048858643,63.103223759755515
RABLab26_Mar02_GrafLab_Clay0%(supersand)_Group1SampleA_Mon_Mar__2_16_19_21_2026,0.04706878960132599,2.7860043048858643,63.103223759755515
RABLab26_Mar02_GrafLab_Clay0%(supersand)_Group1SampleA_Mon_Mar__2_16_19_21_2026,0.04706878960132599,2.7860043048858643,63.103223759755515
RABLab26_Mar02_GrafLab_Clay0%(supersand)_Group1SampleA_Mon_Mar__2_16_19_21_2026,0.04706878960132599,2.7860043048858643,63.103223759755515
RABLab26_Mar02_GrafLab_Clay0%(supersand)_Group1SampleA_Mon_Mar__2_16_19_21_2026,0.04706878960132599,2.7860043048858643,63.103223759755515
RABLab26_Mar02_GrafLab_Clay0%(supersand)_Group1SampleA_Mon_Mar__2_16_19_21_2026,0.04706878960132599,2.7860043048858643,63.103223759755515
RABLab26_Mar02_GrafLab_Clay0%(supersand)_Group1SampleA_Mon_Mar__2_16_19_21_2026,0.04706878960132599,2.7860043048858643,63.103223759755515
RABLab26_Mar02_GrafLab_Clay0%(supersand)_Group1SampleA_Mon_Mar__2_16_19_21_2026,0.04706878960132599,2.7860043048858643,63.103223759755515
RABLab26_Mar02_GrafLab_Clay0%(supersand)_Group1SampleA_Mon_Mar__2_16_19_21_2026,0.04706878960132599,2.7860043048858643,63.103223759755515
RABLab26_Mar02_GrafLab_Clay0%(supersand)_Group1SampleA_Mon_Mar__2_16_19_21_2026,0.04706878960132599,2.7860043048858643,63.103223759755515
RABLab26_Mar02_GrafLab_Clay0%(supersand)_Group1SampleA_Mon_Mar__2_16_19_21_2026,0.04707363247871399,2.7859585285186768,63.103223759755515
RABLab26_Mar02_GrafLab_Clay0%(supersand)_Group1SampleA_Mon_Mar__2_16_19_21_2026,0.04707363247871399,2.7859585285186768,63.103223759755515
RABLab26_Mar02_GrafLab_Clay0%(supersand)_Group1SampleA_Mon_Mar__2_16_19_21_2026,0.04707363247871399,2.7859585285186768,63.103223759755515
RABLab26_Mar02_GrafLab_Clay0%(supersand)_Group1SampleA_Mon_Mar__2_16_19_21_2026,0.04707363247871399,2.7859585285186768,63.103223759755515
RABLab26_Mar02_GrafLab_Clay0%(supersand)_Group1SampleA_Mon_Mar__2_16_19_21_2026,0.04707363247871399,2.7859585285186768,63.103223759755515
RABLab26_Mar02_GrafLab_Clay0%(supersand)_Group1SampleA_Mon_Mar__2_16_19_21_2026,0.0470869988203049,2.7689287662506104,63.103223759755515
RABLab26_Mar02_GrafLab_Clay0%(supersand)_Group1SampleA_Mon_Mar__2_16_19_21_2026,0.0470869988203049,2.7689287662506104,63.103223759755515
RABLab26_Mar02_GrafLab_Clay0%(supersand)_Group1SampleA_Mon_Mar__2_16_19_21_2026,0.0470869988203049,2.7689287662506104,63.103223759755515
RABLab26_Mar02_GrafLab_Clay0%(supersand)_Group1SampleA_Mon_Mar__2_16_19_21_2026,0.0470869988203049,2.7689287662506104,63.103223759755515
RABLab26_Mar02_GrafLab_Clay0%(supersand)_Group1SampleA_Mon_Mar__2_16_19_21_2026,0.0470869988203049,2.7689287662506104,63.103223759755515
RABLab26_Mar02_GrafLab_Clay0%(supersand)_Group1SampleA_Mon_Mar__2_16_19_21_2026,0.0470869988203049,2.7689287662506104,63.103223759755515
RABLab26_Mar02_GrafLab_Clay0%(supersand)_Group1SampleA_Mon_Mar__2_16_19_21_2026,0.0470869988203049,2.7689287662506104,63.103223759755515
RABLab26_Mar02_GrafLab_Clay0%(supersand)_Group1SampleA_Mon_Mar__2_16_19_21_2026,0.0470869988203049,2.7689287662506104,63.103223759755515
RABLab26_Mar02_GrafLab_Clay0%(supersand)_Group1SampleA_Mon_Mar__2_16_19_21_2026,0.0470869988203049,2.7689287662506104,63.103223759755515
RABLab26_Mar02_GrafLab_Clay0%(supersand)_Group1SampleA_Mon_Mar__2_16_19_21_2026,0.0470869988203049,2.7689287662506104,63.103223759755515
RABLab26_Mar02_GrafLab_Clay0%(supersand)_Group1SampleA_Mon_Mar__2_16_19_21_2026,0.0470869988203049,2.7689287662506104,63.103223759755515
RABLab26_Mar02_GrafLab_Clay0%(supersand)_Group1SampleA_Mon_Mar__2_16_19_21_2026,0.0470869988203049,2.7689287662506104,63.103223759755515
RABLab26_Mar02_GrafLab_Clay0%(supersand)_Group1SampleA_Mon_Mar__2_16_19_21_2026,0.0470869988203049,2.7689287662506104,63.103223759755515
RABLab26_Mar02_GrafLab_Clay0%(supersand)_Group1SampleA_Mon_Mar__2_16_19_21_2026,0.0470869988203049,2.7689287662506104,63.103223759755515
RABLab26_Mar02_GrafLab_Clay0%(supersand)_Group1SampleA_Mon_Mar__2_16_19_21_2026,0.0470869988203049,2.7689287662506104,63.103223759755515
RABLab26_Mar02_GrafLab_Clay0%(supersand)_Group1SampleA_Mon_Mar__2_16_19_21_2026,0.0470869988203049,2.7689287662506104,63.103223759755515
RABLab26_Mar02_GrafLab_Clay0%(supersand)_Group1SampleA_Mon_Mar__2_16_19_21_2026,0.0470869988203049,2.7689287662506104,63.103223759755515
RABLab26_Mar02_GrafLab_Clay0%(supersand)_Group1SampleA_Mon_Mar__2_16_19_21_2026,0.0470869988203049,2.7689287662506104,63.103223759755515
RABLab26_Mar02_GrafLab_Clay0%(supersand)_Group1SampleA_Mon_Mar__2_16_19_21_2026,0.0470869988203049,2.7689287662506104,63.103223759755515
RABLab26_Mar02_GrafLab_Clay0%(supersand)_Group1SampleA_Mon_Mar__2_16_19_21_2026,0.04711055755615229,2.744762420654297,63.103223759755515
RABLab26_Mar02_GrafLab_Clay0%(supersand)_Group1SampleA_Mon_Mar__2_16_19_21_2026,0.04711055755615229,2.744762420654297,63.103223759755515
RABLab26_Mar02_GrafLab_Clay0%(supersand)_Group1SampleA_Mon_Mar__2_16_19_21_2026,0.04711055755615229,2.744762420654297,63.103223759755515
RABLab26_Mar02_GrafLab_Clay0%(supersand)_Group1SampleA_Mon_Mar__2_16_19_21_2026,0.04711055755615229,2.744762420654297,63.103223759755515
RABLab26_Mar02_GrafLab_Clay0%(supersand)_Group1SampleA_Mon_Mar__2_16_19_21_2026,0.04711055755615229,2.744762420654297,63.103223759755515
RABLab26_Mar02_GrafLab_Clay0%(supersand)_Group1SampleA_Mon_Mar__2_16_19_21_2026,0.04711055755615229,2.744762420654297,63.103223759755515
RABLab26_Mar02_GrafLab_Clay0%(supersand)_Group1SampleA_Mon_Mar__2_16_19_21_2026,0.04711055755615229,2.744762420654297,63.103223759755515
RABLab26_Mar02_GrafLab_Clay0%(supersand)_Group1SampleA_Mon_Mar__2_16_19_21_2026,0.04711055755615229,2.744762420654297,63.103223759755515
RABLab26_Mar02_GrafLab_Clay0%(supersand)_Group1SampleA_Mon_Mar__2_16_19_21_2026,0.04711055755615229,2.744762420654297,63.103223759755515
RABLab26_Mar02_GrafLab_Clay0%(supersand)_Group1SampleA_Mon_Mar__2_16_19_21_2026,0.04711055755615229,2.744762420654297,63.103223759755515
RABLab26_Mar02_GrafLab_Clay0%(supersand)_Group1SampleA_Mon_Mar__2_16_19_21_2026,0.04711055755615229,2.744762420654297,63.103223759755515
RABLab26_Mar02_GrafLab_Clay0%(supersand)_Group1SampleA_Mon_Mar__2_16_19_21_2026,0.04711055755615229,2.744762420654297,63.103223759755515
RABLab26_Mar02_GrafLab_Clay0%(supersand)_Group1SampleA_Mon_Mar__2_16_19_21_2026,0.04711055755615229,2.744762420654297,63.103223759755515
RABLab26_Mar02_GrafLab_Clay0%(supersand)_Group1SampleA_Mon_Mar__2_16_19_21_2026,0.04711055755615229,2.744762420654297,63.103223759755515
RABLab26_Mar02_GrafLab_Clay0%(supersand)_Group1SampleA_Mon_Mar__2_16_19_21_2026,0.04711055755615229,2.744762420654297,63.103223759755515
RABLab26_Mar02_GrafLab_Clay0%(supersand)_Group1SampleA_Mon_Mar__2_16_19_21_2026,0.04711055755615229,2.744762420654297,63.103223759755515
RABLab26_Mar02_GrafLab_Clay0%(supersand)_Group1SampleA_Mon_Mar__2_16_19_21_2026,0.04711055755615229,2.744762420654297,63.103223759755515
RABLab26_Mar02_GrafLab_Clay0%(supersand)_Group1SampleA_Mon_Mar__2_16_19_21_2026,0.04711055755615229,2.744762420654297,63.103223759755515
RABLab26_Mar02_GrafLab_Clay0%(supersand)_Group1SampleA_Mon_Mar__2_16_19_21_2026,0.04711055755615229,2.744762420654297,63.103223759755515
RABLab26_Mar02_GrafLab_Clay0%(supersand)_Group1SampleA_Mon_Mar__2_16_19_21_2026,0.04711055755615229,2.744762420654297,63.103223759755515
RABLab26_Mar02_GrafLab_Clay0%(supersand)_Group1SampleA_Mon_Mar__2_16_19_21_2026,0.04711055755615229,2.744762420654297,63.103223759755515
RABLab26_Mar02_GrafLab_Clay0%(supersand)_Group1SampleA_Mon_Mar__2_16_19_21_2026,0.04711055755615229,2.744762420654297,63.103223759755515
RABLab26_Mar02_GrafLab_Clay0%(supersand)_Group1SampleA_Mon_Mar__2_16_19_21_2026,0.04711055755615229,2.744762420654297,63.103223759755515
RABLab26_Mar02_GrafLab_Clay0%(supersand)_Group1SampleA_Mon_Mar__2_16_19_21_2026,0.04711055755615229,2.744762420654297,63.103223759755515
RABLab26_Mar02_GrafLab_Clay0%(supersand)_Group1SampleA_Mon_Mar__2_16_19_21_2026,0.04711055755615229,2.744762420654297,63.103223759755515
RABLab26_Mar02_GrafLab_Clay0%(supersand)_Group1SampleA_Mon_Mar__2_16_19_21_2026,0.04711055755615229,2.744762420654297,63.103223759755515
RABLab26_Mar02_GrafLab_Clay0%(supersand)_Group1SampleA_Mon_Mar__2_16_19_21_2026,0.04711055755615229,2.744762420654297,63.103223759755515
RABLab26_Mar02_GrafLab_Clay0%(supersand)_Group1SampleA_Mon_Mar__2_16_19_21_2026,0.04711055755615229,2.744762420654297,63.103223759755515
RABLab26_Mar02_GrafLab_Clay0%(supersand)_Group1SampleA_Mon_Mar__2_16_19_21_2026,0.04711055755615229,2.744762420654297,63.103223759755515
RABLab26_Mar02_GrafLab_Clay0%(supersand)_Group1SampleA_Mon_Mar__2_16_19_21_2026,0.04711055755615229,2.744762420654297,63.103223759755515
RABLab26_Mar02_GrafLab_Clay0%(supersand)_Group1SampleA_Mon_Mar__2_16_19_21_2026,0.04711055755615229,2.744762420654297,63.103223759755515
RABLab26_Mar02_GrafLab_Clay0%(supersand)_Group1SampleA_Mon_Mar__2_16_19_21_2026,0.04711055755615229,2.744762420654297,63.103223759755515
RABLab26_Mar02_GrafLab_Clay0%(supersand)_Group1SampleA_Mon_Mar__2_16_19_21_2026,0.04711055755615229,2.744762420654297,63.103223759755515
RABLab26_Mar02_GrafLab_Clay0%(supersand)_Group1SampleA_Mon_Mar__2_16_19_21_2026,0.04711055755615229,2.744762420654297,63.103223759755515
RABLab26_Mar02_GrafLab_Clay0%(supersand)_Group1SampleA_Mon_Mar__2_16_19_21_2026,0.04711055755615229,2.744762420654297,63.103223759755515
RABLab26_Mar02_GrafLab_Clay0%(supersand)_Group1SampleA_Mon_Mar__2_16_19_21_2026,0.04711055755615229,2.744762420654297,63.103223759755515
RABLab26_Mar02_GrafLab_Clay0%(supersand)_Group1SampleA_Mon_Mar__2_16_19_21_2026,0.04711055755615229,2.744762420654297,63.103223759755515
RABLab26_Mar02_GrafLab_Clay0%(supersand)_Group1SampleA_Mon_Mar__2_16_19_21_2026,0.04711055755615229,2.744762420654297,63.103223759755515
RABLab26_Mar02_GrafLab_Clay0%(supersand)_Group1SampleA_Mon_Mar__2_16_19_21_2026,0.04711055755615229,2.744762420654297,63.103223759755515
RABLab26_Mar02_GrafLab_Clay0%(supersand)_Group1SampleA_Mon_Mar__2_16_19_21_2026,0.04711055755615229,2.744762420654297,63.103223759755515
RABLab26_Mar02_GrafLab_Clay0%(supersand)_Group1SampleA_Mon_Mar__2_16_19_21_2026,0.04711055755615229,2.744762420654297,63.103223759755515
RABLab26_Mar02_GrafLab_Clay0%(supersand)_Group1SampleA_Mon_Mar__2_16_19_21_2026,0.04711055755615229,2.744762420654297,63.103223759755515
RABLab26_Mar02_GrafLab_Clay0%(supersand)_Group1SampleA_Mon_Mar__2_16_19_21_2026,0.04711055755615229,2.744762420654297,63.103223759755515
RABLab26_Mar02_GrafLab_Clay0%(supersand)_Group1SampleA_Mon_Mar__2_16_19_21_2026,0.04711055755615229,2.744762420654297,63.103223759755515
RABLab26_Mar02_GrafLab_Clay0%(supersand)_Group1SampleA_Mon_Mar__2_16_19_21_2026,0.04711055755615229,2.744762420654297,63.103223759755515
RABLab26_Mar02_GrafLab_Clay0%(supersand)_Group1SampleA_Mon_Mar__2_16_19_21_2026,0.04711055755615229,2.744762420654297,63.103223759755515
RABLab26_Mar02_GrafLab_Clay0%(supersand)_Group1SampleA_Mon_Mar__2_16_19_21_2026,0.04711055755615229,2.744762420654297,63.103223759755515
RABLab26_Mar02_GrafLab_Clay0%(supersand)_Group1SampleA_Mon_Mar__2_16_19_21_2026,0.04711055755615229,2.744762420654297,63.103223759755515
RABLab26_Mar02_GrafLab_Clay0%(supersand)_Group1SampleA_Mon_Mar__2_16_19_21_2026,0.04711055755615229,2.744762420654297,63.103223759755515
RABLab26_Mar02_GrafLab_Clay0%(supersand)_Group1SampleA_Mon_Mar__2_16_19_21_2026,0.04711055755615229,2.744762420654297,63.103223759755515
RABLab26_Mar02_GrafLab_Clay0%(supersand)_Group1SampleA_Mon_Mar__2_16_19_21_2026,0.04711055755615229,2.744762420654297,63.103223759755515
RABLab26_Mar02_GrafLab_Clay0%(supersand)_Group1SampleA_Mon_Mar__2_16_19_21_2026,0.04711055755615229,2.744762420654297,63.103223759755515
RABLab26_Mar02_GrafLab_Clay0%(supersand)_Group1SampleA_Mon_Mar__2_16_19_21_2026,0.04711055755615229,2.744762420654297,63.103223759755515
RABLab26_Mar02_GrafLab_Clay0%(supersand)_Group1SampleA_Mon_Mar__2_16_19_21_2026,0.04711055755615229,2.744762420654297,63.103223759755515
RABLab26_Mar02_GrafLab_Clay0%(supersand)_Group1SampleA_Mon_Mar__2_16_19_21_2026,0.04711055755615229,2.744762420654297,63.103223759755515
RABLab26_Mar02_GrafLab_Clay0%(supersand)_Group1SampleA_Mon_Mar__2_16_19_21_2026,0.04711055755615229,2.744762420654297,63.103223759755515
RABLab26_Mar02_GrafLab_Clay0%(supersand)_Group1SampleA_Mon_Mar__2_16_19_21_2026,0.04711055755615229,2.744762420654297,63.103223759755515
RABLab26_Mar02_GrafLab_Clay0%(supersand)_Group1SampleA_Mon_Mar__2_16_19_21_2026,0.04711055755615229,2.744762420654297,63.103223759755515
RABLab26_Mar02_GrafLab_Clay0%(supersand)_Group1SampleA_Mon_Mar__2_16_19_21_2026,0.04711055755615229,2.744762420654297,63.103223759755515
RABLab26_Mar02_GrafLab_Clay0%(supersand)_Group1SampleA_Mon_Mar__2_16_19_21_2026,0.04711055755615229,2.744762420654297,63.103223759755515
RABLab26_Mar02_GrafLab_Clay0%(supersand)_Group1SampleA_Mon_Mar__2_16_19_21_2026,0.04711055755615229,2.744762420654297,63.103223759755515
RABLab26_Mar02_GrafLab_Clay0%(supersand)_Group1SampleA_Mon_Mar__2_16_19_21_2026,0.04711055755615229,2.744762420654297,63.103223759755515
RABLab26_Mar02_GrafLab_Clay0%(supersand)_Group1SampleA_Mon_Mar__2_16_19_21_2026,0.04711055755615229,2.744762420654297,63.103223759755515
RABLab26_Mar02_GrafLab_Clay0%(supersand)_Group1SampleA_Mon_Mar__2_16_19_21_2026,0.04711055755615229,2.744762420654297,63.103223759755515
RABLab26_Mar02_GrafLab_Clay0%(supersand)_Group1SampleA_Mon_Mar__2_16_19_21_2026,0.04711055755615229,2.744762420654297,63.103223759755515
RABLab26_Mar02_GrafLab_Clay0%(supersand)_Group1SampleA_Mon_Mar__2_16_19_21_2026,0.04711055755615229,2.744762420654297,63.103223759755515
RABLab26_Mar02_GrafLab_Clay0%(supersand)_Group1SampleA_Mon_Mar__2_16_19_21_2026,0.04711055755615229,2.744762420654297,63.103223759755515
RABLab26_Mar02_GrafLab_Clay0%(supersand)_Group1SampleA_Mon_Mar__2_16_19_21_2026,0.04711055755615229,2.744762420654297,63.103223759755515
RABLab26_Mar02_GrafLab_Clay0%(supersand)_Group1SampleA_Mon_Mar__2_16_19_21_2026,0.04711055755615229,2.744762420654297,63.103223759755515
RABLab26_Mar02_GrafLab_Clay0%(supersand)_Group1SampleA_Mon_Mar__2_16_19_21_2026,0.04711055755615229,2.744762420654297,63.103223759755515
RABLab26_Mar02_GrafLab_Clay0%(supersand)_Group1SampleA_Mon_Mar__2_16_19_21_2026,0.04711055755615229,2.744762420654297,63.103223759755515
RABLab26_Mar02_GrafLab_Clay0%(supersand)_Group1SampleA_Mon_Mar__2_16_19_21_2026,0.04711055755615229,2.744762420654297,63.103223759755515
RABLab26_Mar02_GrafLab_Clay0%(supersand)_Group1SampleA_Mon_Mar__2_16_19_21_2026,0.04711055755615229,2.744762420654297,63.103223759755515
RABLab26_Mar02_GrafLab_Clay0%(supersand)_Group1SampleA_Mon_Mar__2_16_19_21_2026,0.04711055755615229,2.744762420654297,63.103223759755515
RABLab26_Mar02_GrafLab_Clay0%(supersand)_Group1SampleA_Mon_Mar__2_16_19_21_2026,0.04711055755615229,2.744762420654297,63.103223759755515
RABLab26_Mar02_GrafLab_Clay0%(supersand)_Group1SampleA_Mon_Mar__2_16_19_21_2026,0.04711055755615229,2.744762420654297,63.103223759755515
RABLab26_Mar02_GrafLab_Clay0%(supersand)_Group1SampleA_Mon_Mar__2_16_19_21_2026,0.04711055755615229,2.744762420654297,63.103223759755515
RABLab26_Mar02_GrafLab_Clay0%(supersand)_Group1SampleA_Mon_Mar__2_16_19_21_2026,0.04711055755615229,2.744762420654297,63.103223759755515
RABLab26_Mar02_GrafLab_Clay0%(supersand)_Group1SampleA_Mon_Mar__2_16_19_21_2026,0.04711055755615229,2.744762420654297,63.103223759755515
RABLab26_Mar02_GrafLab_Clay0%(supersand)_Group1SampleA_Mon_Mar__2_16_19_21_2026,0.04711055755615229,2.744762420654297,63.103223759755515
RABLab26_Mar02_GrafLab_Clay0%(supersand)_Group1SampleA_Mon_Mar__2_16_19_21_2026,0.04711055755615229,2.744762420654297,63.103223759755515
RABLab26_Mar02_GrafLab_Clay0%(supersand)_Group1SampleA_Mon_Mar__2_16_19_21_2026,0.04711055755615229,2.744762420654297,63.103223759755515
RABLab26_Mar02_GrafLab_Clay0%(supersand)_Group1SampleA_Mon_Mar__2_16_19_21_2026,0.04711055755615229,2.744762420654297,63.103223759755515
RABLab26_Mar02_GrafLab_Clay0%(supersand)_Group1SampleA_Mon_Mar__2_16_19_21_2026,0.04711055755615229,2.744762420654297,63.103223759755515
RABLab26_Mar02_GrafLab_Clay0%(supersand)_Group1SampleA_Mon_Mar__2_16_19_21_2026,0.04711055755615229,2.744762420654297,63.103223759755515
RABLab26_Mar02_GrafLab_Clay0%(supersand)_Group1SampleA_Mon_Mar__2_16_19_21_2026,0.04711055755615229,2.744762420654297,63.103223759755515
RABLab26_Mar02_GrafLab_Clay0%(supersand)_Group1SampleA_Mon_Mar__2_16_19_21_2026,0.04711055755615229,2.744762420654297,63.103223759755515
RABLab26_Mar02_GrafLab_Clay0%(supersand)_Group1SampleA_Mon_Mar__2_16_19_21_2026,0.04711055755615229,2.744762420654297,63.103223759755515
RABLab26_Mar02_GrafLab_Clay0%(supersand)_Group1SampleA_Mon_Mar__2_16_19_21_2026,0.04711055755615229,2.744762420654297,63.103223759755515
RABLab26_Mar02_GrafLab_Clay0%(supersand)_Group1SampleA_Mon_Mar__2_16_19_21_2026,0.04711055755615229,2.744762420654297,63.103223759755515
RABLab26_Mar02_GrafLab_Clay0%(supersand)_Group1SampleA_Mon_Mar__2_16_19_21_2026,0.04711055755615229,2.744762420654297,63.103223759755515
RABLab26_Mar02_GrafLab_Clay0%(supersand)_Group1SampleA_Mon_Mar__2_16_19_21_2026,0.04711055755615229,2.744762420654297,63.103223759755515
RABLab26_Mar02_GrafLab_Clay0%(supersand)_Group1SampleA_Mon_Mar__2_16_19_21_2026,0.04711055755615229,2.744762420654297,63.103223759755515
RABLab26_Mar02_GrafLab_Clay0%(supersand)_Group1SampleA_Mon_Mar__2_16_19_21_2026,0.04711055755615229,2.744762420654297,63.103223759755515
RABLab26_Mar02_GrafLab_Clay0%(supersand)_Group1SampleA_Mon_Mar__2_16_19_21_2026,0.04711055755615229,2.744762420654297,63.103223759755515
RABLab26_Mar02_GrafLab_Clay0%(supersand)_Group1SampleA_Mon_Mar__2_16_19_21_2026,0.04711055755615229,2.744762420654297,63.103223759755515
RABLab26_Mar02_GrafLab_Clay0%(supersand)_Group1SampleA_Mon_Mar__2_16_19_21_2026,0.04711055755615229,2.744762420654297,63.103223759755515
RABLab26_Mar02_GrafLab_Clay0%(supersand)_Group1SampleA_Mon_Mar__2_16_19_21_2026,0.04711055755615229,2.744762420654297,63.103223759755515
RABLab26_Mar02_GrafLab_Clay0%(supersand)_Group1SampleA_Mon_Mar__2_16_19_21_2026,0.04711055755615229,2.744762420654297,63.103223759755515
RABLab26_Mar02_GrafLab_Clay0%(supersand)_Group1SampleA_Mon_Mar__2_16_19_21_2026,0.04712612926959989,2.7288215160369877,63.103223759755515
RABLab26_Mar02_GrafLab_Clay0%(supersand)_Group1SampleA_Mon_Mar__2_16_19_21_2026,0.04712612926959989,2.7288215160369877,63.103223759755515
RABLab26_Mar02_GrafLab_Clay0%(supersand)_Group1SampleA_Mon_Mar__2_16_19_21_2026,0.04712612926959989,2.7288215160369877,63.103223759755515
RABLab26_Mar02_GrafLab_Clay0%(supersand)_Group1SampleA_Mon_Mar__2_16_19_21_2026,0.04712612926959989,2.7288215160369877,63.103223759755515
RABLab26_Mar02_GrafLab_Clay0%(supersand)_Group1SampleA_Mon_Mar__2_16_19_21_2026,0.04712612926959989,2.7288215160369877,63.103223759755515
RABLab26_Mar02_GrafLab_Clay0%(supersand)_Group1SampleA_Mon_Mar__2_16_19_21_2026,0.04712612926959989,2.7288215160369877,63.103223759755515
RABLab26_Mar02_GrafLab_Clay0%(supersand)_Group1SampleA_Mon_Mar__2_16_19_21_2026,0.04712612926959989,2.7288215160369877,63.103223759755515
RABLab26_Mar02_GrafLab_Clay0%(supersand)_Group1SampleA_Mon_Mar__2_16_19_21_2026,0.04712612926959989,2.7288215160369877,63.103223759755515
RABLab26_Mar02_GrafLab_Clay0%(supersand)_Group1SampleA_Mon_Mar__2_16_19_21_2026,0.04712612926959989,2.7288215160369877,63.103223759755515
RABLab26_Mar02_GrafLab_Clay0%(supersand)_Group1SampleA_Mon_Mar__2_16_19_21_2026,0.04712612926959989,2.7288215160369877,63.103223759755515
RABLab26_Mar02_GrafLab_Clay0%(supersand)_Group1SampleA_Mon_Mar__2_16_19_21_2026,0.04712612926959989,2.7288215160369877,63.103223759755515
RABLab26_Mar02_GrafLab_Clay0%(supersand)_Group1SampleA_Mon_Mar__2_16_19_21_2026,0.04712612926959989,2.7288215160369877,63.103223759755515
RABLab26_Mar02_GrafLab_Clay0%(supersand)_Group1SampleA_Mon_Mar__2_16_19_21_2026,0.04712612926959989,2.7288215160369877,63.103223759755515
RABLab26_Mar02_GrafLab_Clay0%(supersand)_Group1SampleA_Mon_Mar__2_16_19_21_2026,0.04712612926959989,2.7288215160369877,63.103223759755515
RABLab26_Mar02_GrafLab_Clay0%(supersand)_Group1SampleA_Mon_Mar__2_16_19_21_2026,0.04712612926959989,2.7288215160369877,63.103223759755515
RABLab26_Mar02_GrafLab_Clay0%(supersand)_Group1SampleA_Mon_Mar__2_16_19_21_2026,0.04712612926959989,2.7288215160369877,63.103223759755515
RABLab26_Mar02_GrafLab_Clay0%(supersand)_Group1SampleA_Mon_Mar__2_16_19_21_2026,0.04712612926959989,2.7288215160369877,63.103223759755515
RABLab26_Mar02_GrafLab_Clay0%(supersand)_Group1SampleA_Mon_Mar__2_16_19_21_2026,0.04712612926959989,2.7288215160369877,63.103223759755515
RABLab26_Mar02_GrafLab_Clay0%(supersand)_Group1SampleA_Mon_Mar__2_16_19_21_2026,0.04712612926959989,2.7288215160369877,63.103223759755515
RABLab26_Mar02_GrafLab_Clay0%(supersand)_Group1SampleA_Mon_Mar__2_16_19_21_2026,0.04712612926959989,2.7288215160369877,63.103223759755515
RABLab26_Mar02_GrafLab_Clay0%(supersand)_Group1SampleA_Mon_Mar__2_16_19_21_2026,0.04712612926959989,2.7288215160369877,63.103223759755515
RABLab26_Mar02_GrafLab_Clay0%(supersand)_Group1SampleA_Mon_Mar__2_16_19_21_2026,0.04712612926959989,2.7288215160369877,63.103223759755515
RABLab26_Mar02_GrafLab_Clay0%(supersand)_Group1SampleA_Mon_Mar__2_16_19_21_2026,0.04712612926959989,2.7288215160369877,63.103223759755515
RABLab26_Mar02_GrafLab_Clay0%(supersand)_Group1SampleA_Mon_Mar__2_16_19_21_2026,0.04712612926959989,2.7288215160369877,63.103223759755515
RABLab26_Mar02_GrafLab_Clay0%(supersand)_Group1SampleA_Mon_Mar__2_16_19_21_2026,0.04712612926959989,2.7288215160369877,63.103223759755515
RABLab26_Mar02_GrafLab_Clay0%(supersand)_Group1SampleA_Mon_Mar__2_16_19_21_2026,0.04712612926959989,2.7288215160369877,63.103223759755515
RABLab26_Mar02_GrafLab_Clay0%(supersand)_Group1SampleA_Mon_Mar__2_16_19_21_2026,0.04712612926959989,2.7288215160369877,63.103223759755515
RABLab26_Mar02_GrafLab_Clay0%(supersand)_Group1SampleA_Mon_Mar__2_16_19_21_2026,0.04712612926959989,2.7288215160369877,63.103223759755515
RABLab26_Mar02_GrafLab_Clay0%(supersand)_Group1SampleA_Mon_Mar__2_16_19_21_2026,0.04712612926959989,2.7288215160369877,63.103223759755515
RABLab26_Mar02_GrafLab_Clay0%(supersand)_Group1SampleA_Mon_Mar__2_16_19_21_2026,0.04712612926959989,2.7288215160369877,63.103223759755515
RABLab26_Mar02_GrafLab_Clay0%(supersand)_Group1SampleA_Mon_Mar__2_16_19_21_2026,0.04712612926959989,2.7288215160369877,63.103223759755515
RABLab26_Mar02_GrafLab_Clay0%(supersand)_Group1SampleA_Mon_Mar__2_16_19_21_2026,0.04712612926959989,2.7288215160369877,63.103223759755515
RABLab26_Mar02_GrafLab_Clay0%(supersand)_Group1SampleA_Mon_Mar__2_16_19_21_2026,0.04712612926959989,2.7288215160369877,63.103223759755515
RABLab26_Mar02_GrafLab_Clay0%(supersand)_Group1SampleA_Mon_Mar__2_16_19_21_2026,0.04712612926959989,2.7288215160369877,63.103223759755515
RABLab26_Mar02_GrafLab_Clay0%(supersand)_Group1SampleA_Mon_Mar__2_16_19_21_2026,0.04712612926959989,2.7288215160369877,63.103223759755515
RABLab26_Mar02_GrafLab_Clay0%(supersand)_Group1SampleA_Mon_Mar__2_16_19_21_2026,0.04712612926959989,2.7288215160369877,63.103223759755515
RABLab26_Mar02_GrafLab_Clay0%(supersand)_Group1SampleA_Mon_Mar__2_16_19_21_2026,0.047138378024101285,2.7099430561065674,63.103223759755515
RABLab26_Mar02_GrafLab_Clay0%(supersand)_Group1SampleA_Mon_Mar__2_16_19_21_2026,0.047138378024101285,2.7099430561065674,63.103223759755515
RABLab26_Mar02_GrafLab_Clay0%(supersand)_Group1SampleA_Mon_Mar__2_16_19_21_2026,0.047138378024101285,2.7099430561065674,63.103223759755515
RABLab26_Mar02_GrafLab_Clay0%(supersand)_Group1SampleA_Mon_Mar__2_16_19_21_2026,0.047138378024101285,2.7099430561065674,63.103223759755515
RABLab26_Mar02_GrafLab_Clay0%(supersand)_Group1SampleA_Mon_Mar__2_16_19_21_2026,0.047138378024101285,2.7099430561065674,63.103223759755515
RABLab26_Mar02_GrafLab_Clay0%(supersand)_Group1SampleA_Mon_Mar__2_16_19_21_2026,0.047138378024101285,2.7099430561065674,63.103223759755515
RABLab26_Mar02_GrafLab_Clay0%(supersand)_Group1SampleA_Mon_Mar__2_16_19_21_2026,0.047138378024101285,2.7099430561065674,63.103223759755515
RABLab26_Mar02_GrafLab_Clay0%(supersand)_Group1SampleA_Mon_Mar__2_16_19_21_2026,0.047144338488578796,2.711735248565674,63.103223759755515
RABLab26_Mar02_GrafLab_Clay0%(supersand)_Group1SampleA_Mon_Mar__2_16_19_21_2026,0.047144338488578796,2.711735248565674,63.103223759755515
RABLab26_Mar02_GrafLab_Clay0%(supersand)_Group1SampleA_Mon_Mar__2_16_19_21_2026,0.047144338488578796,2.711735248565674,63.103223759755515
RABLab26_Mar02_GrafLab_Clay0%(supersand)_Group1SampleA_Mon_Mar__2_16_19_21_2026,0.047144338488578796,2.711735248565674,63.103223759755515
RABLab26_Mar02_GrafLab_Clay0%(supersand)_Group1SampleA_Mon_Mar__2_16_19_21_2026,0.047144338488578796,2.711735248565674,63.103223759755515
RABLab26_Mar02_GrafLab_Clay0%(supersand)_Group1SampleA_Mon_Mar__2_16_19_21_2026,0.047144338488578796,2.711735248565674,63.103223759755515
RABLab26_Mar02_GrafLab_Clay0%(supersand)_Group1SampleA_Mon_Mar__2_16_19_21_2026,0.047144338488578796,2.711735248565674,63.103223759755515
RABLab26_Mar02_GrafLab_Clay0%(supersand)_Group1SampleA_Mon_Mar__2_16_19_21_2026,0.047144338488578796,2.711735248565674,63.103223759755515
RABLab26_Mar02_GrafLab_Clay0%(supersand)_Group1SampleA_Mon_Mar__2_16_19_21_2026,0.047144338488578796,2.711735248565674,63.103223759755515
RABLab26_Mar02_GrafLab_Clay0%(supersand)_Group1SampleA_Mon_Mar__2_16_19_21_2026,0.047144338488578796,2.711735248565674,63.103223759755515
RABLab26_Mar02_GrafLab_Clay0%(supersand)_Group1SampleA_Mon_Mar__2_16_19_21_2026,0.047144338488578796,2.711735248565674,63.103223759755515
RABLab26_Mar02_GrafLab_Clay0%(supersand)_Group1SampleA_Mon_Mar__2_16_19_21_2026,0.047144338488578796,2.711735248565674,63.103223759755515
RABLab26_Mar02_GrafLab_Clay0%(supersand)_Group1SampleA_Mon_Mar__2_16_19_21_2026,0.047144338488578796,2.711735248565674,63.103223759755515
RABLab26_Mar02_GrafLab_Clay0%(supersand)_Group1SampleA_Mon_Mar__2_16_19_21_2026,0.047144338488578796,2.711735248565674,63.103223759755515
RABLab26_Mar02_GrafLab_Clay0%(supersand)_Group1SampleA_Mon_Mar__2_16_19_21_2026,0.047144338488578796,2.711735248565674,63.103223759755515
RABLab26_Mar02_GrafLab_Clay0%(supersand)_Group1SampleA_Mon_Mar__2_16_19_21_2026,0.047144338488578796,2.711735248565674,63.103223759755515
RABLab26_Mar02_GrafLab_Clay0%(supersand)_Group1SampleA_Mon_Mar__2_16_19_21_2026,0.047144338488578796,2.711735248565674,63.103223759755515
RABLab26_Mar02_GrafLab_Clay0%(supersand)_Group1SampleA_Mon_Mar__2_16_19_21_2026,0.047144338488578796,2.711735248565674,63.103223759755515
RABLab26_Mar02_GrafLab_Clay0%(supersand)_Group1SampleA_Mon_Mar__2_16_19_21_2026,0.047144338488578796,2.711735248565674,63.103223759755515
RABLab26_Mar02_GrafLab_Clay0%(supersand)_Group1SampleA_Mon_Mar__2_16_19_21_2026,0.047144338488578796,2.711735248565674,63.103223759755515
RABLab26_Mar02_GrafLab_Clay0%(supersand)_Group1SampleA_Mon_Mar__2_16_19_21_2026,0.047144338488578796,2.711735248565674,63.103223759755515
RABLab26_Mar02_GrafLab_Clay0%(supersand)_Group1SampleA_Mon_Mar__2_16_19_21_2026,0.047144338488578796,2.711735248565674,63.103223759755515
RABLab26_Mar02_GrafLab_Clay0%(supersand)_Group1SampleA_Mon_Mar__2_16_19_21_2026,0.047144338488578796,2.711735248565674,63.103223759755515
RABLab26_Mar02_GrafLab_Clay0%(supersand)_Group1SampleA_Mon_Mar__2_16_19_21_2026,0.047144338488578796,2.711735248565674,63.103223759755515
RABLab26_Mar02_GrafLab_Clay0%(supersand)_Group1SampleA_Mon_Mar__2_16_19_21_2026,0.047144338488578796,2.711735248565674,63.103223759755515
RABLab26_Mar02_GrafLab_Clay0%(supersand)_Group1SampleA_Mon_Mar__2_16_19_21_2026,0.047144338488578796,2.711735248565674,63.103223759755515
RABLab26_Mar02_GrafLab_Clay0%(supersand)_Group1SampleA_Mon_Mar__2_16_19_21_2026,0.047144338488578796,2.711735248565674,63.103223759755515
RABLab26_Mar02_GrafLab_Clay0%(supersand)_Group1SampleA_Mon_Mar__2_16_19_21_2026,0.047144338488578796,2.711735248565674,63.103223759755515
RABLab26_Mar02_GrafLab_Clay0%(supersand)_Group1SampleA_Mon_Mar__2_16_19_21_2026,0.047144338488578796,2.711735248565674,63.103223759755515
RABLab26_Mar02_GrafLab_Clay0%(supersand)_Group1SampleA_Mon_Mar__2_16_19_21_2026,0.047144338488578796,2.711735248565674,63.103223759755515
RABLab26_Mar02_GrafLab_Clay0%(supersand)_Group1SampleA_Mon_Mar__2_16_19_21_2026,0.047144338488578796,2.711735248565674,63.103223759755515
RABLab26_Mar02_GrafLab_Clay0%(supersand)_Group1SampleA_Mon_Mar__2_16_19_21_2026,0.047144338488578796,2.711735248565674,63.103223759755515
RABLab26_Mar02_GrafLab_Clay0%(supersand)_Group1SampleA_Mon_Mar__2_16_19_21_2026,0.047144338488578796,2.711735248565674,63.103223759755515
RABLab26_Mar02_GrafLab_Clay0%(supersand)_Group1SampleA_Mon_Mar__2_16_19_21_2026,0.047144338488578796,2.711735248565674,63.103223759755515
RABLab26_Mar02_GrafLab_Clay0%(supersand)_Group1SampleA_Mon_Mar__2_16_19_21_2026,0.047144338488578796,2.711735248565674,63.103223759755515
RABLab26_Mar02_GrafLab_Clay0%(supersand)_Group1SampleA_Mon_Mar__2_16_19_21_2026,0.047144338488578796,2.711735248565674,63.103223759755515
RABLab26_Mar02_GrafLab_Clay0%(supersand)_Group1SampleA_Mon_Mar__2_16_19_21_2026,0.047144338488578796,2.711735248565674,63.103223759755515
RABLab26_Mar02_GrafLab_Clay0%(supersand)_Group1SampleA_Mon_Mar__2_16_19_21_2026,0.047144338488578796,2.711735248565674,63.103223759755515
RABLab26_Mar02_GrafLab_Clay0%(supersand)_Group1SampleA_Mon_Mar__2_16_19_21_2026,0.047144338488578796,2.711735248565674,63.103223759755515
RABLab26_Mar02_GrafLab_Clay0%(supersand)_Group1SampleA_Mon_Mar__2_16_19_21_2026,0.047144338488578796,2.711735248565674,63.103223759755515
RABLab26_Mar02_GrafLab_Clay0%(supersand)_Group1SampleA_Mon_Mar__2_16_19_21_2026,0.047144338488578796,2.711735248565674,63.103223759755515
RABLab26_Mar02_GrafLab_Clay0%(supersand)_Group1SampleA_Mon_Mar__2_16_19_21_2026,0.047144338488578796,2.711735248565674,63.103223759755515
RABLab26_Mar02_GrafLab_Clay0%(supersand)_Group1SampleA_Mon_Mar__2_16_19_21_2026,0.047144338488578796,2.711735248565674,63.103223759755515
RABLab26_Mar02_GrafLab_Clay0%(supersand)_Group1SampleA_Mon_Mar__2_16_19_21_2026,0.047144338488578796,2.711735248565674,63.103223759755515
RABLab26_Mar02_GrafLab_Clay0%(supersand)_Group1SampleA_Mon_Mar__2_16_19_21_2026,0.047144338488578796,2.711735248565674,63.103223759755515
RABLab26_Mar02_GrafLab_Clay0%(supersand)_Group1SampleA_Mon_Mar__2_16_19_21_2026,0.047144338488578796,2.711735248565674,63.103223759755515
RABLab26_Mar02_GrafLab_Clay0%(supersand)_Group1SampleA_Mon_Mar__2_16_19_21_2026,0.047144338488578796,2.711735248565674,63.103223759755515
RABLab26_Mar02_GrafLab_Clay0%(supersand)_Group1SampleA_Mon_Mar__2_16_19_21_2026,0.047144338488578796,2.711735248565674,63.103223759755515
RABLab26_Mar02_GrafLab_Clay0%(supersand)_Group1SampleA_Mon_Mar__2_16_19_21_2026,0.047144338488578796,2.711735248565674,63.103223759755515
RABLab26_Mar02_GrafLab_Clay0%(supersand)_Group1SampleA_Mon_Mar__2_16_19_21_2026,0.047144338488578796,2.711735248565674,63.103223759755515
RABLab26_Mar02_GrafLab_Clay0%(supersand)_Group1SampleA_Mon_Mar__2_16_19_21_2026,0.047144338488578796,2.711735248565674,63.103223759755515
RABLab26_Mar02_GrafLab_Clay0%(supersand)_Group1SampleA_Mon_Mar__2_16_19_21_2026,0.047144338488578796,2.711735248565674,63.103223759755515
RABLab26_Mar02_GrafLab_Clay0%(supersand)_Group1SampleA_Mon_Mar__2_16_19_21_2026,0.047144338488578796,2.711735248565674,63.103223759755515
RABLab26_Mar02_GrafLab_Clay0%(supersand)_Group1SampleA_Mon_Mar__2_16_19_21_2026,0.047144338488578796,2.711735248565674,63.103223759755515
RABLab26_Mar02_GrafLab_Clay0%(supersand)_Group1SampleA_Mon_Mar__2_16_19_21_2026,0.047144338488578796,2.711735248565674,63.103223759755515
RABLab26_Mar02_GrafLab_Clay0%(supersand)_Group1SampleA_Mon_Mar__2_16_19_21_2026,0.047144338488578796,2.711735248565674,63.103223759755515
RABLab26_Mar02_GrafLab_Clay0%(supersand)_Group1SampleA_Mon_Mar__2_16_19_21_2026,0.047144338488578796,2.711735248565674,63.103223759755515
RABLab26_Mar02_GrafLab_Clay0%(supersand)_Group1SampleA_Mon_Mar__2_16_19_21_2026,0.047144338488578796,2.711735248565674,63.103223759755515
RABLab26_Mar02_GrafLab_Clay0%(supersand)_Group1SampleA_Mon_Mar__2_16_19_21_2026,0.047144338488578796,2.711735248565674,63.103223759755515
RABLab26_Mar02_GrafLab_Clay0%(supersand)_Group1SampleA_Mon_Mar__2_16_19_21_2026,0.047144338488578796,2.711735248565674,63.103223759755515
RABLab26_Mar02_GrafLab_Clay0%(supersand)_Group1SampleA_Mon_Mar__2_16_19_21_2026,0.047144338488578796,2.711735248565674,63.103223759755515
RABLab26_Mar02_GrafLab_Clay0%(supersand)_Group1SampleA_Mon_Mar__2_16_19_21_2026,0.047144338488578796,2.711735248565674,63.103223759755515
RABLab26_Mar02_GrafLab_Clay0%(supersand)_Group1SampleA_Mon_Mar__2_16_19_21_2026,0.047144338488578796,2.711735248565674,63.103223759755515
RABLab26_Mar02_GrafLab_Clay0%(supersand)_Group1SampleA_Mon_Mar__2_16_19_21_2026,0.047144338488578796,2.711735248565674,63.103223759755515
RABLab26_Mar02_GrafLab_Clay0%(supersand)_Group1SampleA_Mon_Mar__2_16_19_21_2026,0.047144338488578796,2.711735248565674,63.103223759755515
RABLab26_Mar02_GrafLab_Clay0%(supersand)_Group1SampleA_Mon_Mar__2_16_19_21_2026,0.047144338488578796,2.711735248565674,63.103223759755515
RABLab26_Mar02_GrafLab_Clay0%(supersand)_Group1SampleA_Mon_Mar__2_16_19_21_2026,0.047144338488578796,2.711735248565674,63.103223759755515
RABLab26_Mar02_GrafLab_Clay0%(supersand)_Group1SampleA_Mon_Mar__2_16_19_21_2026,0.047144338488578796,2.711735248565674,63.103223759755515
RABLab26_Mar02_GrafLab_Clay0%(supersand)_Group1SampleA_Mon_Mar__2_16_19_21_2026,0.047144338488578796,2.711735248565674,63.103223759755515
RABLab26_Mar02_GrafLab_Clay0%(supersand)_Group1SampleA_Mon_Mar__2_16_19_21_2026,0.047144338488578796,2.711735248565674,63.103223759755515
RABLab26_Mar02_GrafLab_Clay0%(supersand)_Group1SampleA_Mon_Mar__2_16_19_21_2026,0.047144338488578796,2.711735248565674,63.103223759755515
RABLab26_Mar02_GrafLab_Clay0%(supersand)_Group1SampleA_Mon_Mar__2_16_19_21_2026,0.047144338488578796,2.711735248565674,63.103223759755515
RABLab26_Mar02_GrafLab_Clay0%(supersand)_Group1SampleA_Mon_Mar__2_16_19_21_2026,0.047144338488578796,2.711735248565674,63.103223759755515
RABLab26_Mar02_GrafLab_Clay0%(supersand)_Group1SampleA_Mon_Mar__2_16_19_21_2026,0.047144338488578796,2.711735248565674,63.103223759755515
RABLab26_Mar02_GrafLab_Clay0%(supersand)_Group1SampleA_Mon_Mar__2_16_19_21_2026,0.047144338488578796,2.711735248565674,63.103223759755515
RABLab26_Mar02_GrafLab_Clay0%(supersand)_Group1SampleA_Mon_Mar__2_16_19_21_2026,0.047144338488578796,2.711735248565674,63.103223759755515
RABLab26_Mar02_GrafLab_Clay0%(supersand)_Group1SampleA_Mon_Mar__2_16_19_21_2026,0.047144338488578796,2.711735248565674,63.103223759755515
RABLab26_Mar02_GrafLab_Clay0%(supersand)_Group1SampleA_Mon_Mar__2_16_19_21_2026,0.047144338488578796,2.711735248565674,63.103223759755515
RABLab26_Mar02_GrafLab_Clay0%(supersand)_Group1SampleA_Mon_Mar__2_16_19_21_2026,0.047144338488578796,2.711735248565674,63.103223759755515
RABLab26_Mar02_GrafLab_Clay0%(supersand)_Group1SampleA_Mon_Mar__2_16_19_21_2026,0.047144338488578796,2.711735248565674,63.103223759755515
RABLab26_Mar02_GrafLab_Clay0%(supersand)_Group1SampleA_Mon_Mar__2_16_19_21_2026,0.047144338488578796,2.711735248565674,63.103223759755515
RABLab26_Mar02_GrafLab_Clay0%(supersand)_Group1SampleA_Mon_Mar__2_16_19_21_2026,0.047144338488578796,2.711735248565674,63.103223759755515
RABLab26_Mar02_GrafLab_Clay0%(supersand)_Group1SampleA_Mon_Mar__2_16_19_21_2026,0.047144338488578796,2.711735248565674,63.103223759755515
RABLab26_Mar02_GrafLab_Clay0%(supersand)_Group1SampleA_Mon_Mar__2_16_19_21_2026,0.047144338488578796,2.711735248565674,63.103223759755515
RABLab26_Mar02_GrafLab_Clay0%(supersand)_Group1SampleA_Mon_Mar__2_16_19_21_2026,0.047144338488578796,2.711735248565674,63.103223759755515
RABLab26_Mar02_GrafLab_Clay0%(supersand)_Group1SampleA_Mon_Mar__2_16_19_21_2026,0.047144338488578796,2.711735248565674,63.103223759755515
RABLab26_Mar02_GrafLab_Clay0%(supersand)_Group1SampleA_Mon_Mar__2_16_19_21_2026,0.047144338488578796,2.711735248565674,63.103223759755515
RABLab26_Mar02_GrafLab_Clay0%(supersand)_Group1SampleA_Mon_Mar__2_16_19_21_2026,0.047144338488578796,2.711735248565674,63.103223759755515
RABLab26_Mar02_GrafLab_Clay0%(supersand)_Group1SampleA_Mon_Mar__2_16_19_21_2026,0.047144338488578796,2.711735248565674,63.103223759755515
RABLab26_Mar02_GrafLab_Clay0%(supersand)_Group1SampleA_Mon_Mar__2_16_19_21_2026,0.047144338488578796,2.711735248565674,63.103223759755515
RABLab26_Mar02_GrafLab_Clay0%(supersand)_Group1SampleA_Mon_Mar__2_16_19_21_2026,0.047144338488578796,2.711735248565674,63.103223759755515
RABLab26_Mar02_GrafLab_Clay0%(supersand)_Group1SampleA_Mon_Mar__2_16_19_21_2026,0.047144338488578796,2.711735248565674,63.103223759755515
RABLab26_Mar02_GrafLab_Clay0%(supersand)_Group1SampleA_Mon_Mar__2_16_19_21_2026,0.047144338488578796,2.711735248565674,63.103223759755515
RABLab26_Mar02_GrafLab_Clay0%(supersand)_Group1SampleA_Mon_Mar__2_16_19_21_2026,0.047144338488578796,2.711735248565674,63.103223759755515
RABLab26_Mar02_GrafLab_Clay0%(supersand)_Group1SampleA_Mon_Mar__2_16_19_21_2026,0.047144338488578796,2.711735248565674,63.103223759755515
RABLab26_Mar02_GrafLab_Clay0%(supersand)_Group1SampleA_Mon_Mar__2_16_19_21_2026,0.047144338488578796,2.711735248565674,63.103223759755515
RABLab26_Mar02_GrafLab_Clay0%(supersand)_Group1SampleA_Mon_Mar__2_16_19_21_2026,0.047144338488578796,2.711735248565674,63.103223759755515
RABLab26_Mar02_GrafLab_Clay0%(supersand)_Group1SampleA_Mon_Mar__2_16_19_21_2026,0.04716306924819949,2.68591833114624,63.103223759755515
RABLab26_Mar02_GrafLab_Clay0%(supersand)_Group1SampleA_Mon_Mar__2_16_19_21_2026,0.04716306924819949,2.68591833114624,63.103223759755515
RABLab26_Mar02_GrafLab_Clay0%(supersand)_Group1SampleA_Mon_Mar__2_16_19_21_2026,0.04716306924819949,2.68591833114624,63.103223759755515
RABLab26_Mar02_GrafLab_Clay0%(supersand)_Group1SampleA_Mon_Mar__2_16_19_21_2026,0.04716306924819949,2.68591833114624,63.103223759755515
RABLab26_Mar02_GrafLab_Clay0%(supersand)_Group1SampleA_Mon_Mar__2_16_19_21_2026,0.04716306924819949,2.68591833114624,63.103223759755515
RABLab26_Mar02_GrafLab_Clay0%(supersand)_Group1SampleA_Mon_Mar__2_16_19_21_2026,0.04716306924819949,2.68591833114624,63.103223759755515
RABLab26_Mar02_GrafLab_Clay0%(supersand)_Group1SampleA_Mon_Mar__2_16_19_21_2026,0.0471598953008652,2.695789098739624,63.103223759755515
RABLab26_Mar02_GrafLab_Clay0%(supersand)_Group1SampleA_Mon_Mar__2_16_19_21_2026,0.0471598953008652,2.695789098739624,63.103223759755515
RABLab26_Mar02_GrafLab_Clay0%(supersand)_Group1SampleA_Mon_Mar__2_16_19_21_2026,0.0471598953008652,2.695789098739624,63.103223759755515
RABLab26_Mar02_GrafLab_Clay0%(supersand)_Group1SampleA_Mon_Mar__2_16_19_21_2026,0.0471598953008652,2.695789098739624,63.103223759755515
RABLab26_Mar02_GrafLab_Clay0%(supersand)_Group1SampleA_Mon_Mar__2_16_19_21_2026,0.0471598953008652,2.695789098739624,63.103223759755515
RABLab26_Mar02_GrafLab_Clay0%(supersand)_Group1SampleA_Mon_Mar__2_16_19_21_2026,0.0471598953008652,2.695789098739624,63.103223759755515
RABLab26_Mar02_GrafLab_Clay0%(supersand)_Group1SampleA_Mon_Mar__2_16_19_21_2026,0.0471598953008652,2.695789098739624,63.103223759755515
RABLab26_Mar02_GrafLab_Clay0%(supersand)_Group1SampleA_Mon_Mar__2_16_19_21_2026,0.0471598953008652,2.695789098739624,63.103223759755515
RABLab26_Mar02_GrafLab_Clay0%(supersand)_Group1SampleA_Mon_Mar__2_16_19_21_2026,0.0471598953008652,2.695789098739624,63.103223759755515
RABLab26_Mar02_GrafLab_Clay0%(supersand)_Group1SampleA_Mon_Mar__2_16_19_21_2026,0.0471598953008652,2.695789098739624,63.103223759755515
RABLab26_Mar02_GrafLab_Clay0%(supersand)_Group1SampleA_Mon_Mar__2_16_19_21_2026,0.0471598953008652,2.695789098739624,63.103223759755515
RABLab26_Mar02_GrafLab_Clay0%(supersand)_Group1SampleA_Mon_Mar__2_16_19_21_2026,0.0471598953008652,2.695789098739624,63.103223759755515
RABLab26_Mar02_GrafLab_Clay0%(supersand)_Group1SampleA_Mon_Mar__2_16_19_21_2026,0.0471598953008652,2.695789098739624,63.103223759755515
RABLab26_Mar02_GrafLab_Clay0%(supersand)_Group1SampleA_Mon_Mar__2_16_19_21_2026,0.0471598953008652,2.695789098739624,63.103223759755515
RABLab26_Mar02_GrafLab_Clay0%(supersand)_Group1SampleA_Mon_Mar__2_16_19_21_2026,0.0471598953008652,2.695789098739624,63.103223759755515
RABLab26_Mar02_GrafLab_Clay0%(supersand)_Group1SampleA_Mon_Mar__2_16_19_21_2026,0.0471598953008652,2.695789098739624,63.103223759755515
RABLab26_Mar02_GrafLab_Clay0%(supersand)_Group1SampleA_Mon_Mar__2_16_19_21_2026,0.0471598953008652,2.695789098739624,63.103223759755515
RABLab26_Mar02_GrafLab_Clay0%(supersand)_Group1SampleA_Mon_Mar__2_16_19_21_2026,0.0471598953008652,2.695789098739624,63.103223759755515
RABLab26_Mar02_GrafLab_Clay0%(supersand)_Group1SampleA_Mon_Mar__2_16_19_21_2026,0.0471598953008652,2.695789098739624,63.103223759755515
RABLab26_Mar02_GrafLab_Clay0%(supersand)_Group1SampleA_Mon_Mar__2_16_19_21_2026,0.0471598953008652,2.695789098739624,63.103223759755515
RABLab26_Mar02_GrafLab_Clay0%(supersand)_Group1SampleA_Mon_Mar__2_16_19_21_2026,0.0471598953008652,2.695789098739624,63.103223759755515
RABLab26_Mar02_GrafLab_Clay0%(supersand)_Group1SampleA_Mon_Mar__2_16_19_21_2026,0.0471598953008652,2.695789098739624,63.103223759755515
RABLab26_Mar02_GrafLab_Clay0%(supersand)_Group1SampleA_Mon_Mar__2_16_19_21_2026,0.0471598953008652,2.695789098739624,63.103223759755515
RABLab26_Mar02_GrafLab_Clay0%(supersand)_Group1SampleA_Mon_Mar__2_16_19_21_2026,0.0471598953008652,2.695789098739624,63.103223759755515
RABLab26_Mar02_GrafLab_Clay0%(supersand)_Group1SampleA_Mon_Mar__2_16_19_21_2026,0.0471598953008652,2.695789098739624,63.103223759755515
RABLab26_Mar02_GrafLab_Clay0%(supersand)_Group1SampleA_Mon_Mar__2_16_19_21_2026,0.0471598953008652,2.695789098739624,63.103223759755515
RABLab26_Mar02_GrafLab_Clay0%(supersand)_Group1SampleA_Mon_Mar__2_16_19_21_2026,0.0471598953008652,2.695789098739624,63.103223759755515
RABLab26_Mar02_GrafLab_Clay0%(supersand)_Group1SampleA_Mon_Mar__2_16_19_21_2026,0.047144606709480286,2.733677387237549,63.103223759755515
RABLab26_Mar02_GrafLab_Clay0%(supersand)_Group1SampleA_Mon_Mar__2_16_19_21_2026,0.047144606709480286,2.733677387237549,63.103223759755515
RABLab26_Mar02_GrafLab_Clay0%(supersand)_Group1SampleA_Mon_Mar__2_16_19_21_2026,0.047144606709480286,2.733677387237549,63.103223759755515
RABLab26_Mar02_GrafLab_Clay0%(supersand)_Group1SampleA_Mon_Mar__2_16_19_21_2026,0.047144606709480286,2.733677387237549,63.103223759755515
RABLab26_Mar02_GrafLab_Clay0%(supersand)_Group1SampleA_Mon_Mar__2_16_19_21_2026,0.047144606709480286,2.733677387237549,63.103223759755515
RABLab26_Mar02_GrafLab_Clay0%(supersand)_Group1SampleA_Mon_Mar__2_16_19_21_2026,0.04713632166385648,2.719957113265991,63.103223759755515
RABLab26_Mar02_GrafLab_Clay0%(supersand)_Group1SampleA_Mon_Mar__2_16_19_21_2026,0.04713632166385648,2.719957113265991,63.103223759755515
RABLab26_Mar02_GrafLab_Clay0%(supersand)_Group1SampleA_Mon_Mar__2_16_19_21_2026,0.04713632166385648,2.719957113265991,63.103223759755515
RABLab26_Mar02_GrafLab_Clay0%(supersand)_Group1SampleA_Mon_Mar__2_16_19_21_2026,0.04713632166385648,2.719957113265991,63.103223759755515
RABLab26_Mar02_GrafLab_Clay0%(supersand)_Group1SampleA_Mon_Mar__2_16_19_21_2026,0.04713632166385648,2.719957113265991,63.103223759755515
RABLab26_Mar02_GrafLab_Clay0%(supersand)_Group1SampleA_Mon_Mar__2_16_19_21_2026,0.04713632166385648,2.719957113265991,63.103223759755515
RABLab26_Mar02_GrafLab_Clay0%(supersand)_Group1SampleA_Mon_Mar__2_16_19_21_2026,0.04713632166385648,2.719957113265991,63.103223759755515
RABLab26_Mar02_GrafLab_Clay0%(supersand)_Group1SampleA_Mon_Mar__2_16_19_21_2026,0.04713632166385648,2.719957113265991,63.103223759755515
RABLab26_Mar02_GrafLab_Clay0%(supersand)_Group1SampleA_Mon_Mar__2_16_19_21_2026,0.04713632166385648,2.719957113265991,63.103223759755515
RABLab26_Mar02_GrafLab_Clay0%(supersand)_Group1SampleA_Mon_Mar__2_16_19_21_2026,0.04713632166385648,2.719957113265991,63.103223759755515
RABLab26_Mar02_GrafLab_Clay0%(supersand)_Group1SampleA_Mon_Mar__2_16_19_21_2026,0.04713632166385648,2.719957113265991,63.103223759755515
RABLab26_Mar02_GrafLab_Clay0%(supersand)_Group1SampleA_Mon_Mar__2_16_19_21_2026,0.04713632166385648,2.719957113265991,63.103223759755515
RABLab26_Mar02_GrafLab_Clay0%(supersand)_Group1SampleA_Mon_Mar__2_16_19_21_2026,0.04713632166385648,2.719957113265991,63.103223759755515
RABLab26_Mar02_GrafLab_Clay0%(supersand)_Group1SampleA_Mon_Mar__2_16_19_21_2026,0.04713632166385648,2.719957113265991,63.103223759755515
RABLab26_Mar02_GrafLab_Clay0%(supersand)_Group1SampleA_Mon_Mar__2_16_19_21_2026,0.04713632166385648,2.719957113265991,63.103223759755515
RABLab26_Mar02_GrafLab_Clay0%(supersand)_Group1SampleA_Mon_Mar__2_16_19_21_2026,0.04713632166385648,2.719957113265991,63.103223759755515
RABLab26_Mar02_GrafLab_Clay0%(supersand)_Group1SampleA_Mon_Mar__2_16_19_21_2026,0.04713632166385648,2.719957113265991,63.103223759755515
RABLab26_Mar02_GrafLab_Clay0%(supersand)_Group1SampleA_Mon_Mar__2_16_19_21_2026,0.04713632166385648,2.719957113265991,63.103223759755515
RABLab26_Mar02_GrafLab_Clay0%(supersand)_Group1SampleA_Mon_Mar__2_16_19_21_2026,0.04713632166385648,2.719957113265991,63.103223759755515
RABLab26_Mar02_GrafLab_Clay0%(supersand)_Group1SampleA_Mon_Mar__2_16_19_21_2026,0.04713632166385648,2.719957113265991,63.103223759755515
RABLab26_Mar02_GrafLab_Clay0%(supersand)_Group1SampleA_Mon_Mar__2_16_19_21_2026,0.04713632166385648,2.719957113265991,63.103223759755515
RABLab26_Mar02_GrafLab_Clay0%(supersand)_Group1SampleA_Mon_Mar__2_16_19_21_2026,0.04713632166385648,2.719957113265991,63.103223759755515
RABLab26_Mar02_GrafLab_Clay0%(supersand)_Group1SampleA_Mon_Mar__2_16_19_21_2026,0.04713632166385648,2.719957113265991,63.103223759755515
RABLab26_Mar02_GrafLab_Clay0%(supersand)_Group1SampleA_Mon_Mar__2_16_19_21_2026,0.04713632166385648,2.719957113265991,63.103223759755515
RABLab26_Mar02_GrafLab_Clay0%(supersand)_Group1SampleA_Mon_Mar__2_16_19_21_2026,0.04713632166385648,2.719957113265991,63.103223759755515
RABLab26_Mar02_GrafLab_Clay0%(supersand)_Group1SampleA_Mon_Mar__2_16_19_21_2026,0.04713632166385648,2.719957113265991,63.103223759755515
RABLab26_Mar02_GrafLab_Clay0%(supersand)_Group1SampleA_Mon_Mar__2_16_19_21_2026,0.04713632166385648,2.719957113265991,63.103223759755515
RABLab26_Mar02_GrafLab_Clay0%(supersand)_Group1SampleA_Mon_Mar__2_16_19_21_2026,0.04713632166385648,2.719957113265991,63.103223759755515
RABLab26_Mar02_GrafLab_Clay0%(supersand)_Group1SampleA_Mon_Mar__2_16_19_21_2026,0.04713632166385648,2.719957113265991,63.103223759755515
RABLab26_Mar02_GrafLab_Clay0%(supersand)_Group1SampleA_Mon_Mar__2_16_19_21_2026,0.04713632166385648,2.719957113265991,63.103223759755515
RABLab26_Mar02_GrafLab_Clay0%(supersand)_Group1SampleA_Mon_Mar__2_16_19_21_2026,0.04713632166385648,2.719957113265991,63.103223759755515
RABLab26_Mar02_GrafLab_Clay0%(supersand)_Group1SampleA_Mon_Mar__2_16_19_21_2026,0.04713632166385648,2.719957113265991,63.103223759755515
RABLab26_Mar02_GrafLab_Clay0%(supersand)_Group1SampleA_Mon_Mar__2_16_19_21_2026,0.04713632166385648,2.719957113265991,63.103223759755515
RABLab26_Mar02_GrafLab_Clay0%(supersand)_Group1SampleA_Mon_Mar__2_16_19_21_2026,0.04713632166385648,2.719957113265991,63.103223759755515
RABLab26_Mar02_GrafLab_Clay0%(supersand)_Group1SampleA_Mon_Mar__2_16_19_21_2026,0.04713632166385648,2.719957113265991,63.103223759755515
RABLab26_Mar02_GrafLab_Clay0%(supersand)_Group1SampleA_Mon_Mar__2_16_19_21_2026,0.04713632166385648,2.719957113265991,63.103223759755515
RABLab26_Mar02_GrafLab_Clay0%(supersand)_Group1SampleA_Mon_Mar__2_16_19_21_2026,0.04713632166385648,2.719957113265991,63.103223759755515
RABLab26_Mar02_GrafLab_Clay0%(supersand)_Group1SampleA_Mon_Mar__2_16_19_21_2026,0.04713632166385648,2.719957113265991,63.103223759755515
RABLab26_Mar02_GrafLab_Clay0%(supersand)_Group1SampleA_Mon_Mar__2_16_19_21_2026,0.04713632166385648,2.719957113265991,63.103223759755515
RABLab26_Mar02_GrafLab_Clay0%(supersand)_Group1SampleA_Mon_Mar__2_16_19_21_2026,0.04713632166385648,2.719957113265991,63.103223759755515
RABLab26_Mar02_GrafLab_Clay0%(supersand)_Group1SampleA_Mon_Mar__2_16_19_21_2026,0.04713632166385648,2.719957113265991,63.103223759755515
RABLab26_Mar02_GrafLab_Clay0%(supersand)_Group1SampleA_Mon_Mar__2_16_19_21_2026,0.04713632166385648,2.719957113265991,63.103223759755515
RABLab26_Mar02_GrafLab_Clay0%(supersand)_Group1SampleA_Mon_Mar__2_16_19_21_2026,0.04713632166385648,2.719957113265991,63.103223759755515
RABLab26_Mar02_GrafLab_Clay0%(supersand)_Group1SampleA_Mon_Mar__2_16_19_21_2026,0.04713632166385648,2.719957113265991,63.103223759755515
RABLab26_Mar02_GrafLab_Clay0%(supersand)_Group1SampleA_Mon_Mar__2_16_19_21_2026,0.04713632166385648,2.719957113265991,63.103223759755515
RABLab26_Mar02_GrafLab_Clay0%(supersand)_Group1SampleA_Mon_Mar__2_16_19_21_2026,0.04713632166385648,2.719957113265991,63.103223759755515
RABLab26_Mar02_GrafLab_Clay0%(supersand)_Group1SampleA_Mon_Mar__2_16_19_21_2026,0.04713632166385648,2.719957113265991,63.103223759755515
RABLab26_Mar02_GrafLab_Clay0%(supersand)_Group1SampleA_Mon_Mar__2_16_19_21_2026,0.04713632166385648,2.719957113265991,63.103223759755515
RABLab26_Mar02_GrafLab_Clay0%(supersand)_Group1SampleA_Mon_Mar__2_16_19_21_2026,0.04713632166385648,2.719957113265991,63.103223759755515
RABLab26_Mar02_GrafLab_Clay0%(supersand)_Group1SampleA_Mon_Mar__2_16_19_21_2026,0.04713632166385648,2.719957113265991,63.103223759755515
RABLab26_Mar02_GrafLab_Clay0%(supersand)_Group1SampleA_Mon_Mar__2_16_19_21_2026,0.04713632166385648,2.719957113265991,63.103223759755515
RABLab26_Mar02_GrafLab_Clay0%(supersand)_Group1SampleA_Mon_Mar__2_16_19_21_2026,0.04713632166385648,2.719957113265991,63.103223759755515
RABLab26_Mar02_GrafLab_Clay0%(supersand)_Group1SampleA_Mon_Mar__2_16_19_21_2026,0.04713632166385648,2.719957113265991,63.103223759755515
RABLab26_Mar02_GrafLab_Clay0%(supersand)_Group1SampleA_Mon_Mar__2_16_19_21_2026,0.04713632166385648,2.719957113265991,63.103223759755515
RABLab26_Mar02_GrafLab_Clay0%(supersand)_Group1SampleA_Mon_Mar__2_16_19_21_2026,0.04713632166385648,2.719957113265991,63.103223759755515
RABLab26_Mar02_GrafLab_Clay0%(supersand)_Group1SampleA_Mon_Mar__2_16_19_21_2026,0.04713632166385648,2.719957113265991,63.103223759755515
RABLab26_Mar02_GrafLab_Clay0%(supersand)_Group1SampleA_Mon_Mar__2_16_19_21_2026,0.04713632166385648,2.719957113265991,63.103223759755515
RABLab26_Mar02_GrafLab_Clay0%(supersand)_Group1SampleA_Mon_Mar__2_16_19_21_2026,0.04713632166385648,2.719957113265991,63.103223759755515
RABLab26_Mar02_GrafLab_Clay0%(supersand)_Group1SampleA_Mon_Mar__2_16_19_21_2026,0.04713632166385648,2.719957113265991,63.103223759755515
RABLab26_Mar02_GrafLab_Clay0%(supersand)_Group1SampleA_Mon_Mar__2_16_19_21_2026,0.04713632166385648,2.719957113265991,63.103223759755515
RABLab26_Mar02_GrafLab_Clay0%(supersand)_Group1SampleA_Mon_Mar__2_16_19_21_2026,0.04713632166385648,2.719957113265991,63.103223759755515
RABLab26_Mar02_GrafLab_Clay0%(supersand)_Group1SampleA_Mon_Mar__2_16_19_21_2026,0.04713632166385648,2.719957113265991,63.103223759755515
RABLab26_Mar02_GrafLab_Clay0%(supersand)_Group1SampleA_Mon_Mar__2_16_19_21_2026,0.04713632166385648,2.719957113265991,63.103223759755515
RABLab26_Mar02_GrafLab_Clay0%(supersand)_Group1SampleA_Mon_Mar__2_16_19_21_2026,0.04713632166385648,2.719957113265991,63.103223759755515
RABLab26_Mar02_GrafLab_Clay0%(supersand)_Group1SampleA_Mon_Mar__2_16_19_21_2026,0.04713632166385648,2.719957113265991,63.103223759755515
RABLab26_Mar02_GrafLab_Clay0%(supersand)_Group1SampleA_Mon_Mar__2_16_19_21_2026,0.04713632166385648,2.719957113265991,63.103223759755515
RABLab26_Mar02_GrafLab_Clay0%(supersand)_Group1SampleA_Mon_Mar__2_16_19_21_2026,0.04713632166385648,2.719957113265991,63.103223759755515
RABLab26_Mar02_GrafLab_Clay0%(supersand)_Group1SampleA_Mon_Mar__2_16_19_21_2026,0.04713632166385648,2.719957113265991,63.103223759755515
RABLab26_Mar02_GrafLab_Clay0%(supersand)_Group1SampleA_Mon_Mar__2_16_19_21_2026,0.04713632166385648,2.719957113265991,63.103223759755515
RABLab26_Mar02_GrafLab_Clay0%(supersand)_Group1SampleA_Mon_Mar__2_16_19_21_2026,0.04713632166385648,2.719957113265991,63.103223759755515
RABLab26_Mar02_GrafLab_Clay0%(supersand)_Group1SampleA_Mon_Mar__2_16_19_21_2026,0.04713632166385648,2.719957113265991,63.103223759755515
RABLab26_Mar02_GrafLab_Clay0%(supersand)_Group1SampleA_Mon_Mar__2_16_19_21_2026,0.04713632166385648,2.719957113265991,63.103223759755515
RABLab26_Mar02_GrafLab_Clay0%(supersand)_Group1SampleA_Mon_Mar__2_16_19_21_2026,0.04713632166385648,2.719957113265991,63.103223759755515
RABLab26_Mar02_GrafLab_Clay0%(supersand)_Group1SampleA_Mon_Mar__2_16_19_21_2026,0.04713632166385648,2.719957113265991,63.103223759755515
RABLab26_Mar02_GrafLab_Clay0%(supersand)_Group1SampleA_Mon_Mar__2_16_19_21_2026,0.04713632166385648,2.719957113265991,63.103223759755515
RABLab26_Mar02_GrafLab_Clay0%(supersand)_Group1SampleA_Mon_Mar__2_16_19_21_2026,0.04713632166385648,2.719957113265991,63.103223759755515
RABLab26_Mar02_GrafLab_Clay0%(supersand)_Group1SampleA_Mon_Mar__2_16_19_21_2026,0.04713632166385648,2.719957113265991,63.103223759755515
RABLab26_Mar02_GrafLab_Clay0%(supersand)_Group1SampleA_Mon_Mar__2_16_19_21_2026,0.04713632166385648,2.719957113265991,63.103223759755515
RABLab26_Mar02_GrafLab_Clay0%(supersand)_Group1SampleA_Mon_Mar__2_16_19_21_2026,0.04713632166385648,2.719957113265991,63.103223759755515
RABLab26_Mar02_GrafLab_Clay0%(supersand)_Group1SampleA_Mon_Mar__2_16_19_21_2026,0.04713632166385648,2.719957113265991,63.103223759755515
RABLab26_Mar02_GrafLab_Clay0%(supersand)_Group1SampleA_Mon_Mar__2_16_19_21_2026,0.04713632166385648,2.719957113265991,63.103223759755515
RABLab26_Mar02_GrafLab_Clay0%(supersand)_Group1SampleA_Mon_Mar__2_16_19_21_2026,0.04713632166385648,2.719957113265991,63.103223759755515
RABLab26_Mar02_GrafLab_Clay0%(supersand)_Group1SampleA_Mon_Mar__2_16_19_21_2026,0.04713632166385648,2.719957113265991,63.103223759755515
RABLab26_Mar02_GrafLab_Clay0%(supersand)_Group1SampleA_Mon_Mar__2_16_19_21_2026,0.04713632166385648,2.719957113265991,63.103223759755515
RABLab26_Mar02_GrafLab_Clay0%(supersand)_Group1SampleA_Mon_Mar__2_16_19_21_2026,0.04713632166385648,2.719957113265991,63.103223759755515
RABLab26_Mar02_GrafLab_Clay0%(supersand)_Group1SampleA_Mon_Mar__2_16_19_21_2026,0.04713632166385648,2.719957113265991,63.103223759755515
RABLab26_Mar02_GrafLab_Clay0%(supersand)_Group1SampleA_Mon_Mar__2_16_19_21_2026,0.04713632166385648,2.719957113265991,63.103223759755515
RABLab26_Mar02_GrafLab_Clay0%(supersand)_Group1SampleA_Mon_Mar__2_16_19_21_2026,0.04713632166385648,2.719957113265991,63.103223759755515
RABLab26_Mar02_GrafLab_Clay0%(supersand)_Group1SampleA_Mon_Mar__2_16_19_21_2026,0.04713632166385648,2.719957113265991,63.103223759755515
RABLab26_Mar02_GrafLab_Clay0%(supersand)_Group1SampleA_Mon_Mar__2_16_19_21_2026,0.04713632166385648,2.719957113265991,63.103223759755515
RABLab26_Mar02_GrafLab_Clay0%(supersand)_Group1SampleA_Mon_Mar__2_16_19_21_2026,0.04713632166385648,2.719957113265991,63.103223759755515
RABLab26_Mar02_GrafLab_Clay0%(supersand)_Group1SampleA_Mon_Mar__2_16_19_21_2026,0.04713632166385648,2.719957113265991,63.103223759755515
RABLab26_Mar02_GrafLab_Clay0%(supersand)_Group1SampleA_Mon_Mar__2_16_19_21_2026,0.04713632166385648,2.719957113265991,63.103223759755515
RABLab26_Mar02_GrafLab_Clay0%(supersand)_Group1SampleA_Mon_Mar__2_16_19_21_2026,0.04713632166385648,2.719957113265991,63.103223759755515
RABLab26_Mar02_GrafLab_Clay0%(supersand)_Group1SampleA_Mon_Mar__2_16_19_21_2026,0.04713632166385648,2.719957113265991,63.103223759755515
RABLab26_Mar02_GrafLab_Clay0%(supersand)_Group1SampleA_Mon_Mar__2_16_19_21_2026,0.04713632166385648,2.719957113265991,63.103223759755515
RABLab26_Mar02_GrafLab_Clay0%(supersand)_Group1SampleA_Mon_Mar__2_16_19_21_2026,0.04713632166385648,2.719957113265991,63.103223759755515
RABLab26_Mar02_GrafLab_Clay0%(supersand)_Group1SampleA_Mon_Mar__2_16_19_21_2026,0.04713632166385648,2.719957113265991,63.103223759755515
RABLab26_Mar02_GrafLab_Clay0%(supersand)_Group1SampleA_Mon_Mar__2_16_19_21_2026,0.04713632166385648,2.719957113265991,63.103223759755515
RABLab26_Mar02_GrafLab_Clay0%(supersand)_Group1SampleA_Mon_Mar__2_16_19_21_2026,0.04713632166385648,2.719957113265991,63.103223759755515
RABLab26_Mar02_GrafLab_Clay0%(supersand)_Group1SampleA_Mon_Mar__2_16_19_21_2026,0.04713632166385648,2.719957113265991,63.103223759755515
RABLab26_Mar02_GrafLab_Clay0%(supersand)_Group1SampleA_Mon_Mar__2_16_19_21_2026,0.04713632166385648,2.719957113265991,63.103223759755515
RABLab26_Mar02_GrafLab_Clay0%(supersand)_Group1SampleA_Mon_Mar__2_16_19_21_2026,0.04713632166385648,2.719957113265991,63.103223759755515
RABLab26_Mar02_GrafLab_Clay0%(supersand)_Group1SampleA_Mon_Mar__2_16_19_21_2026,0.04713632166385648,2.719957113265991,63.103223759755515
RABLab26_Mar02_GrafLab_Clay0%(supersand)_Group1SampleA_Mon_Mar__2_16_19_21_2026,0.04713632166385648,2.719957113265991,63.103223759755515
RABLab26_Mar02_GrafLab_Clay0%(supersand)_Group1SampleA_Mon_Mar__2_16_19_21_2026,0.04713632166385648,2.719957113265991,63.103223759755515
RABLab26_Mar02_GrafLab_Clay0%(supersand)_Group1SampleA_Mon_Mar__2_16_19_21_2026,0.04713632166385648,2.719957113265991,63.103223759755515
RABLab26_Mar02_GrafLab_Clay0%(supersand)_Group1SampleA_Mon_Mar__2_16_19_21_2026,0.04713632166385648,2.719957113265991,63.103223759755515
RABLab26_Mar02_GrafLab_Clay0%(supersand)_Group1SampleA_Mon_Mar__2_16_19_21_2026,0.04713632166385648,2.719957113265991,63.103223759755515
RABLab26_Mar02_GrafLab_Clay0%(supersand)_Group1SampleA_Mon_Mar__2_16_19_21_2026,0.04713632166385648,2.719957113265991,63.103223759755515
RABLab26_Mar02_GrafLab_Clay0%(supersand)_Group1SampleA_Mon_Mar__2_16_19_21_2026,0.04713632166385648,2.719957113265991,63.103223759755515
RABLab26_Mar02_GrafLab_Clay0%(supersand)_Group1SampleA_Mon_Mar__2_16_19_21_2026,0.04713632166385648,2.719957113265991,63.103223759755515
RABLab26_Mar02_GrafLab_Clay0%(supersand)_Group1SampleA_Mon_Mar__2_16_19_21_2026,0.04713632166385648,2.719957113265991,63.103223759755515
RABLab26_Mar02_GrafLab_Clay0%(supersand)_Group1SampleA_Mon_Mar__2_16_19_21_2026,0.04713632166385648,2.719957113265991,63.103223759755515
RABLab26_Mar02_GrafLab_Clay0%(supersand)_Group1SampleA_Mon_Mar__2_16_19_21_2026,0.04713632166385648,2.719957113265991,63.103223759755515
RABLab26_Mar02_GrafLab_Clay0%(supersand)_Group1SampleA_Mon_Mar__2_16_19_21_2026,0.04713632166385648,2.719957113265991,63.103223759755515
RABLab26_Mar02_GrafLab_Clay0%(supersand)_Group1SampleA_Mon_Mar__2_16_19_21_2026,0.04713632166385648,2.719957113265991,63.103223759755515
RABLab26_Mar02_GrafLab_Clay0%(supersand)_Group1SampleA_Mon_Mar__2_16_19_21_2026,0.04713632166385648,2.719957113265991,63.103223759755515
RABLab26_Mar02_GrafLab_Clay0%(supersand)_Group1SampleA_Mon_Mar__2_16_19_21_2026,0.04713632166385648,2.719957113265991,63.103223759755515
RABLab26_Mar02_GrafLab_Clay0%(supersand)_Group1SampleA_Mon_Mar__2_16_19_21_2026,0.04713632166385648,2.719957113265991,63.103223759755515
RABLab26_Mar02_GrafLab_Clay0%(supersand)_Group1SampleA_Mon_Mar__2_16_19_21_2026,0.04713632166385648,2.719957113265991,63.103223759755515
RABLab26_Mar02_GrafLab_Clay0%(supersand)_Group1SampleA_Mon_Mar__2_16_19_21_2026,0.04713632166385648,2.719957113265991,63.103223759755515
RABLab26_Mar02_GrafLab_Clay0%(supersand)_Group1SampleA_Mon_Mar__2_16_19_21_2026,0.04713632166385648,2.719957113265991,63.103223759755515
RABLab26_Mar02_GrafLab_Clay0%(supersand)_Group1SampleA_Mon_Mar__2_16_19_21_2026,0.04713632166385648,2.719957113265991,63.103223759755515
RABLab26_Mar02_GrafLab_Clay0%(supersand)_Group1SampleA_Mon_Mar__2_16_19_21_2026,0.04713632166385648,2.719957113265991,63.103223759755515
RABLab26_Mar02_GrafLab_Clay0%(supersand)_Group1SampleA_Mon_Mar__2_16_19_21_2026,0.04713632166385648,2.719957113265991,63.103223759755515
RABLab26_Mar02_GrafLab_Clay0%(supersand)_Group1SampleA_Mon_Mar__2_16_19_21_2026,0.04713632166385648,2.719957113265991,63.103223759755515
RABLab26_Mar02_GrafLab_Clay0%(supersand)_Group1SampleA_Mon_Mar__2_16_19_21_2026,0.04713632166385648,2.719957113265991,63.103223759755515
RABLab26_Mar02_GrafLab_Clay0%(supersand)_Group1SampleA_Mon_Mar__2_16_19_21_2026,0.04713632166385648,2.719957113265991,63.103223759755515
RABLab26_Mar02_GrafLab_Clay0%(supersand)_Group1SampleA_Mon_Mar__2_16_19_21_2026,0.04713632166385648,2.719957113265991,63.103223759755515
RABLab26_Mar02_GrafLab_Clay0%(supersand)_Group1SampleA_Mon_Mar__2_16_19_21_2026,0.04713632166385648,2.719957113265991,63.103223759755515
RABLab26_Mar02_GrafLab_Clay0%(supersand)_Group1SampleA_Mon_Mar__2_16_19_21_2026,0.04713632166385648,2.719957113265991,63.103223759755515
RABLab26_Mar02_GrafLab_Clay0%(supersand)_Group1SampleA_Mon_Mar__2_16_19_21_2026,0.04713632166385648,2.719957113265991,63.103223759755515
RABLab26_Mar02_GrafLab_Clay0%(supersand)_Group1SampleA_Mon_Mar__2_16_19_21_2026,0.04713632166385648,2.719957113265991,63.103223759755515
RABLab26_Mar02_GrafLab_Clay0%(supersand)_Group1SampleA_Mon_Mar__2_16_19_21_2026,0.04713632166385648,2.719957113265991,63.103223759755515
RABLab26_Mar02_GrafLab_Clay0%(supersand)_Group1SampleA_Mon_Mar__2_16_19_21_2026,0.04713632166385648,2.719957113265991,63.103223759755515
RABLab26_Mar02_GrafLab_Clay0%(supersand)_Group1SampleA_Mon_Mar__2_16_19_21_2026,0.04713632166385648,2.719957113265991,63.103223759755515
RABLab26_Mar02_GrafLab_Clay0%(supersand)_Group1SampleA_Mon_Mar__2_16_19_21_2026,0.04713632166385648,2.719957113265991,63.103223759755515
RABLab26_Mar02_GrafLab_Clay0%(supersand)_Group1SampleA_Mon_Mar__2_16_19_21_2026,0.04713632166385648,2.719957113265991,63.103223759755515
RABLab26_Mar02_GrafLab_Clay0%(supersand)_Group1SampleA_Mon_Mar__2_16_19_21_2026,0.04713632166385648,2.719957113265991,63.103223759755515
RABLab26_Mar02_GrafLab_Clay0%(supersand)_Group1SampleA_Mon_Mar__2_16_19_21_2026,0.04713632166385648,2.719957113265991,63.103223759755515
RABLab26_Mar02_GrafLab_Clay0%(supersand)_Group1SampleA_Mon_Mar__2_16_19_21_2026,0.04713632166385648,2.719957113265991,63.103223759755515
RABLab26_Mar02_GrafLab_Clay0%(supersand)_Group1SampleA_Mon_Mar__2_16_19_21_2026,0.04713632166385648,2.719957113265991,63.103223759755515
RABLab26_Mar02_GrafLab_Clay0%(supersand)_Group1SampleA_Mon_Mar__2_16_19_21_2026,0.04713632166385648,2.719957113265991,63.103223759755515
RABLab26_Mar02_GrafLab_Clay0%(supersand)_Group1SampleA_Mon_Mar__2_16_19_21_2026,0.04713632166385648,2.719957113265991,63.103223759755515
RABLab26_Mar02_GrafLab_Clay0%(supersand)_Group1SampleA_Mon_Mar__2_16_19_21_2026,0.04713632166385648,2.719957113265991,63.103223759755515
RABLab26_Mar02_GrafLab_Clay0%(supersand)_Group1SampleA_Mon_Mar__2_16_19_21_2026,0.04713632166385648,2.719957113265991,63.103223759755515
RABLab26_Mar02_GrafLab_Clay0%(supersand)_Group1SampleA_Mon_Mar__2_16_19_21_2026,0.04713632166385648,2.719957113265991,63.103223759755515
RABLab26_Mar02_GrafLab_Clay0%(supersand)_Group1SampleA_Mon_Mar__2_16_19_21_2026,0.04713632166385648,2.719957113265991,63.103223759755515
RABLab26_Mar02_GrafLab_Clay0%(supersand)_Group1SampleA_Mon_Mar__2_16_19_21_2026,0.04713632166385648,2.719957113265991,63.103223759755515
RABLab26_Mar02_GrafLab_Clay0%(supersand)_Group1SampleA_Mon_Mar__2_16_19_21_2026,0.04713632166385648,2.719957113265991,63.103223759755515
RABLab26_Mar02_GrafLab_Clay0%(supersand)_Group1SampleA_Mon_Mar__2_16_19_21_2026,0.04713632166385648,2.719957113265991,63.103223759755515
RABLab26_Mar02_GrafLab_Clay0%(supersand)_Group1SampleA_Mon_Mar__2_16_19_21_2026,0.04713632166385648,2.719957113265991,63.103223759755515
RABLab26_Mar02_GrafLab_Clay0%(supersand)_Group1SampleA_Mon_Mar__2_16_19_21_2026,0.04713632166385648,2.719957113265991,63.103223759755515
RABLab26_Mar02_GrafLab_Clay0%(supersand)_Group1SampleA_Mon_Mar__2_16_19_21_2026,0.04713632166385648,2.719957113265991,63.103223759755515
RABLab26_Mar02_GrafLab_Clay0%(supersand)_Group1SampleA_Mon_Mar__2_16_19_21_2026,0.04713632166385648,2.719957113265991,63.103223759755515
RABLab26_Mar02_GrafLab_Clay0%(supersand)_Group1SampleA_Mon_Mar__2_16_19_21_2026,0.04713632166385648,2.719957113265991,63.103223759755515
RABLab26_Mar02_GrafLab_Clay0%(supersand)_Group1SampleA_Mon_Mar__2_16_19_21_2026,0.04713632166385648,2.719957113265991,63.103223759755515
RABLab26_Mar02_GrafLab_Clay0%(supersand)_Group1SampleA_Mon_Mar__2_16_19_21_2026,0.04713632166385648,2.719957113265991,63.103223759755515
RABLab26_Mar02_GrafLab_Clay0%(supersand)_Group1SampleA_Mon_Mar__2_16_19_21_2026,0.04713632166385648,2.719957113265991,63.103223759755515
RABLab26_Mar02_GrafLab_Clay0%(supersand)_Group1SampleA_Mon_Mar__2_16_19_21_2026,0.04713632166385648,2.719957113265991,63.103223759755515
RABLab26_Mar02_GrafLab_Clay0%(supersand)_Group1SampleA_Mon_Mar__2_16_19_21_2026,0.04713632166385648,2.719957113265991,63.103223759755515
RABLab26_Mar02_GrafLab_Clay0%(supersand)_Group1SampleA_Mon_Mar__2_16_19_21_2026,0.04713632166385648,2.719957113265991,63.103223759755515
RABLab26_Mar02_GrafLab_Clay0%(supersand)_Group1SampleA_Mon_Mar__2_16_19_21_2026,0.04713632166385648,2.719957113265991,63.103223759755515
RABLab26_Mar02_GrafLab_Clay0%(supersand)_Group1SampleA_Mon_Mar__2_16_19_21_2026,0.04713632166385648,2.719957113265991,63.103223759755515
RABLab26_Mar02_GrafLab_Clay0%(supersand)_Group1SampleA_Mon_Mar__2_16_19_21_2026,0.04713632166385648,2.719957113265991,63.103223759755515
RABLab26_Mar02_GrafLab_Clay0%(supersand)_Group1SampleA_Mon_Mar__2_16_19_21_2026,0.04713632166385648,2.719957113265991,63.103223759755515
RABLab26_Mar02_GrafLab_Clay0%(supersand)_Group1SampleA_Mon_Mar__2_16_19_21_2026,0.04713632166385648,2.719957113265991,63.103223759755515
RABLab26_Mar02_GrafLab_Clay0%(supersand)_Group1SampleA_Mon_Mar__2_16_19_21_2026,0.04713632166385648,2.719957113265991,63.103223759755515
RABLab26_Mar02_GrafLab_Clay0%(supersand)_Group1SampleA_Mon_Mar__2_16_19_21_2026,0.04713632166385648,2.719957113265991,63.103223759755515
RABLab26_Mar02_GrafLab_Clay0%(supersand)_Group1SampleA_Mon_Mar__2_16_19_21_2026,0.04713632166385648,2.719957113265991,63.103223759755515
RABLab26_Mar02_GrafLab_Clay0%(supersand)_Group1SampleA_Mon_Mar__2_16_19_21_2026,0.04713632166385648,2.719957113265991,63.103223759755515
RABLab26_Mar02_GrafLab_Clay0%(supersand)_Group1SampleA_Mon_Mar__2_16_19_21_2026,0.04713632166385648,2.719957113265991,63.103223759755515
RABLab26_Mar02_GrafLab_Clay0%(supersand)_Group1SampleA_Mon_Mar__2_16_19_21_2026,0.04713632166385648,2.719957113265991,63.103223759755515
RABLab26_Mar02_GrafLab_Clay0%(supersand)_Group1SampleA_Mon_Mar__2_16_19_21_2026,0.04713632166385648,2.719957113265991,63.103223759755515
RABLab26_Mar02_GrafLab_Clay0%(supersand)_Group1SampleA_Mon_Mar__2_16_19_21_2026,0.04713632166385648,2.719957113265991,63.103223759755515
RABLab26_Mar02_GrafLab_Clay0%(supersand)_Group1SampleA_Mon_Mar__2_16_19_21_2026,0.04713632166385648,2.719957113265991,63.103223759755515
RABLab26_Mar02_GrafLab_Clay0%(supersand)_Group1SampleA_Mon_Mar__2_16_19_21_2026,0.04713632166385648,2.719957113265991,63.103223759755515
RABLab26_Mar02_GrafLab_Clay0%(supersand)_Group1SampleA_Mon_Mar__2_16_19_21_2026,0.04715310037136078,2.680575132369995,63.103223759755515
RABLab26_Mar02_GrafLab_Clay0%(supersand)_Group1SampleA_Mon_Mar__2_16_19_21_2026,0.04715310037136078,2.680575132369995,63.103223759755515
RABLab26_Mar02_GrafLab_Clay0%(supersand)_Group1SampleA_Mon_Mar__2_16_19_21_2026,0.04715310037136078,2.680575132369995,63.103223759755515
RABLab26_Mar02_GrafLab_Clay0%(supersand)_Group1SampleA_Mon_Mar__2_16_19_21_2026,0.04715310037136078,2.680575132369995,63.103223759755515
RABLab26_Mar02_GrafLab_Clay0%(supersand)_Group1SampleA_Mon_Mar__2_16_19_21_2026,0.0471598953008652,2.695789098739624,63.103223759755515
RABLab26_Mar02_GrafLab_Clay0%(supersand)_Group1SampleA_Mon_Mar__2_16_19_21_2026,0.0471598953008652,2.695789098739624,63.103223759755515
RABLab26_Mar02_GrafLab_Clay0%(supersand)_Group1SampleA_Mon_Mar__2_16_19_21_2026,0.0471598953008652,2.695789098739624,63.103223759755515
RABLab26_Mar02_GrafLab_Clay0%(supersand)_Group1SampleA_Mon_Mar__2_16_19_21_2026,0.0471598953008652,2.695789098739624,63.103223759755515
RABLab26_Mar02_GrafLab_Clay0%(supersand)_Group1SampleA_Mon_Mar__2_16_19_21_2026,0.0471598953008652,2.695789098739624,63.103223759755515
RABLab26_Mar02_GrafLab_Clay0%(supersand)_Group1SampleA_Mon_Mar__2_16_19_21_2026,0.0471598953008652,2.695789098739624,63.103223759755515
RABLab26_Mar02_GrafLab_Clay0%(supersand)_Group1SampleA_Mon_Mar__2_16_19_21_2026,0.0471598953008652,2.695789098739624,63.103223759755515
RABLab26_Mar02_GrafLab_Clay0%(supersand)_Group1SampleA_Mon_Mar__2_16_19_21_2026,0.0471598953008652,2.695789098739624,63.103223759755515
RABLab26_Mar02_GrafLab_Clay0%(supersand)_Group1SampleA_Mon_Mar__2_16_19_21_2026,0.0471598953008652,2.695789098739624,63.103223759755515
RABLab26_Mar02_GrafLab_Clay0%(supersand)_Group1SampleA_Mon_Mar__2_16_19_21_2026,0.0471598953008652,2.695789098739624,63.103223759755515
RABLab26_Mar02_GrafLab_Clay0%(supersand)_Group1SampleA_Mon_Mar__2_16_19_21_2026,0.0471598953008652,2.695789098739624,63.103223759755515
RABLab26_Mar02_GrafLab_Clay0%(supersand)_Group1SampleA_Mon_Mar__2_16_19_21_2026,0.0471598953008652,2.695789098739624,63.103223759755515
RABLab26_Mar02_GrafLab_Clay0%(supersand)_Group1SampleA_Mon_Mar__2_16_19_21_2026,0.0471598953008652,2.695789098739624,63.103223759755515
RABLab26_Mar02_GrafLab_Clay0%(supersand)_Group1SampleA_Mon_Mar__2_16_19_21_2026,0.0471598953008652,2.695789098739624,63.103223759755515
RABLab26_Mar02_GrafLab_Clay0%(supersand)_Group1SampleA_Mon_Mar__2_16_19_21_2026,0.0471598953008652,2.695789098739624,63.103223759755515
RABLab26_Mar02_GrafLab_Clay0%(supersand)_Group1SampleA_Mon_Mar__2_16_19_21_2026,0.0471598953008652,2.695789098739624,63.103223759755515
RABLab26_Mar02_GrafLab_Clay0%(supersand)_Group1SampleA_Mon_Mar__2_16_19_21_2026,0.0471598953008652,2.695789098739624,63.103223759755515
RABLab26_Mar02_GrafLab_Clay0%(supersand)_Group1SampleA_Mon_Mar__2_16_19_21_2026,0.0471598953008652,2.695789098739624,63.103223759755515
RABLab26_Mar02_GrafLab_Clay0%(supersand)_Group1SampleA_Mon_Mar__2_16_19_21_2026,0.0471598953008652,2.695789098739624,63.103223759755515
RABLab26_Mar02_GrafLab_Clay0%(supersand)_Group1SampleA_Mon_Mar__2_16_19_21_2026,0.0471598953008652,2.695789098739624,63.103223759755515
RABLab26_Mar02_GrafLab_Clay0%(supersand)_Group1SampleA_Mon_Mar__2_16_19_21_2026,0.0471598953008652,2.695789098739624,63.103223759755515
RABLab26_Mar02_GrafLab_Clay0%(supersand)_Group1SampleA_Mon_Mar__2_16_19_21_2026,0.0471598953008652,2.695789098739624,63.103223759755515
RABLab26_Mar02_GrafLab_Clay0%(supersand)_Group1SampleA_Mon_Mar__2_16_19_21_2026,0.0471598953008652,2.695789098739624,63.103223759755515
RABLab26_Mar02_GrafLab_Clay0%(supersand)_Group1SampleA_Mon_Mar__2_16_19_21_2026,0.0471598953008652,2.695789098739624,63.103223759755515
RABLab26_Mar02_GrafLab_Clay0%(supersand)_Group1SampleA_Mon_Mar__2_16_19_21_2026,0.0471598953008652,2.695789098739624,63.103223759755515
RABLab26_Mar02_GrafLab_Clay0%(supersand)_Group1SampleA_Mon_Mar__2_16_19_21_2026,0.0471598953008652,2.695789098739624,63.103223759755515
RABLab26_Mar02_GrafLab_Clay0%(supersand)_Group1SampleA_Mon_Mar__2_16_19_21_2026,0.0471598953008652,2.695789098739624,63.103223759755515
RABLab26_Mar02_GrafLab_Clay0%(supersand)_Group1SampleA_Mon_Mar__2_16_19_21_2026,0.0471598953008652,2.695789098739624,63.103223759755515
RABLab26_Mar02_GrafLab_Clay0%(supersand)_Group1SampleA_Mon_Mar__2_16_19_21_2026,0.0471598953008652,2.695789098739624,63.103223759755515
RABLab26_Mar02_GrafLab_Clay0%(supersand)_Group1SampleA_Mon_Mar__2_16_19_21_2026,0.0471598953008652,2.695789098739624,63.103223759755515
RABLab26_Mar02_GrafLab_Clay0%(supersand)_Group1SampleA_Mon_Mar__2_16_19_21_2026,0.0471598953008652,2.695789098739624,63.103223759755515
RABLab26_Mar02_GrafLab_Clay0%(supersand)_Group1SampleA_Mon_Mar__2_16_19_21_2026,0.0471598953008652,2.695789098739624,63.103223759755515
RABLab26_Mar02_GrafLab_Clay0%(supersand)_Group1SampleA_Mon_Mar__2_16_19_21_2026,0.0471598953008652,2.695789098739624,63.103223759755515
RABLab26_Mar02_GrafLab_Clay0%(supersand)_Group1SampleA_Mon_Mar__2_16_19_21_2026,0.0471598953008652,2.695789098739624,63.103223759755515
RABLab26_Mar02_GrafLab_Clay0%(supersand)_Group1SampleA_Mon_Mar__2_16_19_21_2026,0.0471598953008652,2.695789098739624,63.103223759755515
RABLab26_Mar02_GrafLab_Clay0%(supersand)_Group1SampleA_Mon_Mar__2_16_19_21_2026,0.0471598953008652,2.695789098739624,63.103223759755515
RABLab26_Mar02_GrafLab_Clay0%(supersand)_Group1SampleA_Mon_Mar__2_16_19_21_2026,0.0471598953008652,2.695789098739624,63.103223759755515
RABLab26_Mar02_GrafLab_Clay0%(supersand)_Group1SampleA_Mon_Mar__2_16_19_21_2026,0.0471598953008652,2.695789098739624,63.103223759755515
RABLab26_Mar02_GrafLab_Clay0%(supersand)_Group1SampleA_Mon_Mar__2_16_19_21_2026,0.0471598953008652,2.695789098739624,63.103223759755515
RABLab26_Mar02_GrafLab_Clay0%(supersand)_Group1SampleA_Mon_Mar__2_16_19_21_2026,0.0471598953008652,2.695789098739624,63.103223759755515
RABLab26_Mar02_GrafLab_Clay0%(supersand)_Group1SampleA_Mon_Mar__2_16_19_21_2026,0.0471598953008652,2.695789098739624,63.103223759755515
RABLab26_Mar02_GrafLab_Clay0%(supersand)_Group1SampleA_Mon_Mar__2_16_19_21_2026,0.0471598953008652,2.695789098739624,63.103223759755515
RABLab26_Mar02_GrafLab_Clay0%(supersand)_Group1SampleA_Mon_Mar__2_16_19_21_2026,0.0471598953008652,2.695789098739624,63.103223759755515
RABLab26_Mar02_GrafLab_Clay0%(supersand)_Group1SampleA_Mon_Mar__2_16_19_21_2026,0.0471598953008652,2.695789098739624,63.103223759755515
RABLab26_Mar02_GrafLab_Clay0%(supersand)_Group1SampleA_Mon_Mar__2_16_19_21_2026,0.0471598953008652,2.695789098739624,63.103223759755515
RABLab26_Mar02_GrafLab_Clay0%(supersand)_Group1SampleA_Mon_Mar__2_16_19_21_2026,0.0471598953008652,2.695789098739624,63.103223759755515
RABLab26_Mar02_GrafLab_Clay0%(supersand)_Group1SampleA_Mon_Mar__2_16_19_21_2026,0.0471598953008652,2.695789098739624,63.103223759755515
RABLab26_Mar02_GrafLab_Clay0%(supersand)_Group1SampleA_Mon_Mar__2_16_19_21_2026,0.0471598953008652,2.695789098739624,63.103223759755515
RABLab26_Mar02_GrafLab_Clay0%(supersand)_Group1SampleA_Mon_Mar__2_16_19_21_2026,0.0471598953008652,2.695789098739624,63.103223759755515
RABLab26_Mar02_GrafLab_Clay0%(supersand)_Group1SampleA_Mon_Mar__2_16_19_21_2026,0.0471598953008652,2.695789098739624,63.103223759755515
RABLab26_Mar02_GrafLab_Clay0%(supersand)_Group1SampleA_Mon_Mar__2_16_19_21_2026,0.0471598953008652,2.695789098739624,63.103223759755515
RABLab26_Mar02_GrafLab_Clay0%(supersand)_Group1SampleA_Mon_Mar__2_16_19_21_2026,0.0471598953008652,2.695789098739624,63.103223759755515
RABLab26_Mar02_GrafLab_Clay0%(supersand)_Group1SampleA_Mon_Mar__2_16_19_21_2026,0.0471598953008652,2.695789098739624,63.103223759755515
RABLab26_Mar02_GrafLab_Clay0%(supersand)_Group1SampleA_Mon_Mar__2_16_19_21_2026,0.0471598953008652,2.695789098739624,63.103223759755515
RABLab26_Mar02_GrafLab_Clay0%(supersand)_Group1SampleA_Mon_Mar__2_16_19_21_2026,0.0471598953008652,2.695789098739624,63.103223759755515
RABLab26_Mar02_GrafLab_Clay0%(supersand)_Group1SampleA_Mon_Mar__2_16_19_21_2026,0.0471598953008652,2.695789098739624,63.103223759755515
RABLab26_Mar02_GrafLab_Clay0%(supersand)_Group1SampleA_Mon_Mar__2_16_19_21_2026,0.0471598953008652,2.695789098739624,63.103223759755515
RABLab26_Mar02_GrafLab_Clay0%(supersand)_Group1SampleA_Mon_Mar__2_16_19_21_2026,0.0471598953008652,2.695789098739624,63.103223759755515
RABLab26_Mar02_GrafLab_Clay0%(supersand)_Group1SampleA_Mon_Mar__2_16_19_21_2026,0.0471598953008652,2.695789098739624,63.103223759755515
RABLab26_Mar02_GrafLab_Clay0%(supersand)_Group1SampleA_Mon_Mar__2_16_19_21_2026,0.0471598953008652,2.695789098739624,63.103223759755515
RABLab26_Mar02_GrafLab_Clay0%(supersand)_Group1SampleA_Mon_Mar__2_16_19_21_2026,0.0471598953008652,2.695789098739624,63.103223759755515
RABLab26_Mar02_GrafLab_Clay0%(supersand)_Group1SampleA_Mon_Mar__2_16_19_21_2026,0.0471598953008652,2.695789098739624,63.103223759755515
RABLab26_Mar02_GrafLab_Clay0%(supersand)_Group1SampleA_Mon_Mar__2_16_19_21_2026,0.0471598953008652,2.695789098739624,63.103223759755515
RABLab26_Mar02_GrafLab_Clay0%(supersand)_Group1SampleA_Mon_Mar__2_16_19_21_2026,0.0471598953008652,2.695789098739624,63.103223759755515
RABLab26_Mar02_GrafLab_Clay0%(supersand)_Group1SampleA_Mon_Mar__2_16_19_21_2026,0.0471598953008652,2.695789098739624,63.103223759755515
RABLab26_Mar02_GrafLab_Clay0%(supersand)_Group1SampleA_Mon_Mar__2_16_19_21_2026,0.0471598953008652,2.695789098739624,63.103223759755515
RABLab26_Mar02_GrafLab_Clay0%(supersand)_Group1SampleA_Mon_Mar__2_16_19_21_2026,0.0471598953008652,2.695789098739624,63.103223759755515
RABLab26_Mar02_GrafLab_Clay0%(supersand)_Group1SampleA_Mon_Mar__2_16_19_21_2026,0.0471598953008652,2.695789098739624,63.103223759755515
RABLab26_Mar02_GrafLab_Clay0%(supersand)_Group1SampleA_Mon_Mar__2_16_19_21_2026,0.0471598953008652,2.695789098739624,63.103223759755515
RABLab26_Mar02_GrafLab_Clay0%(supersand)_Group1SampleA_Mon_Mar__2_16_19_21_2026,0.0471598953008652,2.695789098739624,63.103223759755515
RABLab26_Mar02_GrafLab_Clay0%(supersand)_Group1SampleA_Mon_Mar__2_16_19_21_2026,0.0471598953008652,2.695789098739624,63.103223759755515
RABLab26_Mar02_GrafLab_Clay0%(supersand)_Group1SampleA_Mon_Mar__2_16_19_21_2026,0.0471598953008652,2.695789098739624,63.103223759755515
RABLab26_Mar02_GrafLab_Clay0%(supersand)_Group1SampleA_Mon_Mar__2_16_19_21_2026,0.0471598953008652,2.695789098739624,63.103223759755515
RABLab26_Mar02_GrafLab_Clay0%(supersand)_Group1SampleA_Mon_Mar__2_16_19_21_2026,0.0471598953008652,2.695789098739624,63.103223759755515
RABLab26_Mar02_GrafLab_Clay0%(supersand)_Group1SampleA_Mon_Mar__2_16_19_21_2026,0.0471598953008652,2.695789098739624,63.103223759755515
RABLab26_Mar02_GrafLab_Clay0%(supersand)_Group1SampleA_Mon_Mar__2_16_19_21_2026,0.0471598953008652,2.695789098739624,63.103223759755515
RABLab26_Mar02_GrafLab_Clay0%(supersand)_Group1SampleA_Mon_Mar__2_16_19_21_2026,0.0471598953008652,2.695789098739624,63.103223759755515
RABLab26_Mar02_GrafLab_Clay0%(supersand)_Group1SampleA_Mon_Mar__2_16_19_21_2026,0.0471598953008652,2.695789098739624,63.103223759755515
RABLab26_Mar02_GrafLab_Clay0%(supersand)_Group1SampleA_Mon_Mar__2_16_19_21_2026,0.0471598953008652,2.695789098739624,63.103223759755515
RABLab26_Mar02_GrafLab_Clay0%(supersand)_Group1SampleA_Mon_Mar__2_16_19_21_2026,0.0471598953008652,2.695789098739624,63.103223759755515
RABLab26_Mar02_GrafLab_Clay0%(supersand)_Group1SampleA_Mon_Mar__2_16_19_21_2026,0.0471598953008652,2.695789098739624,63.103223759755515
RABLab26_Mar02_GrafLab_Clay0%(supersand)_Group1SampleA_Mon_Mar__2_16_19_21_2026,0.0471598953008652,2.695789098739624,63.103223759755515
RABLab26_Mar02_GrafLab_Clay0%(supersand)_Group1SampleA_Mon_Mar__2_16_19_21_2026,0.0471598953008652,2.695789098739624,63.103223759755515
RABLab26_Mar02_GrafLab_Clay0%(supersand)_Group1SampleA_Mon_Mar__2_16_19_21_2026,0.0471598953008652,2.695789098739624,63.103223759755515
RABLab26_Mar02_GrafLab_Clay0%(supersand)_Group1SampleA_Mon_Mar__2_16_19_21_2026,0.0471598953008652,2.695789098739624,63.103223759755515
RABLab26_Mar02_GrafLab_Clay0%(supersand)_Group1SampleA_Mon_Mar__2_16_19_21_2026,0.0471598953008652,2.695789098739624,63.103223759755515
RABLab26_Mar02_GrafLab_Clay0%(supersand)_Group1SampleA_Mon_Mar__2_16_19_21_2026,0.04713632166385648,2.719957113265991,63.103223759755515
RABLab26_Mar02_GrafLab_Clay0%(supersand)_Group1SampleA_Mon_Mar__2_16_19_21_2026,0.04713632166385648,2.719957113265991,63.103223759755515
RABLab26_Mar02_GrafLab_Clay0%(supersand)_Group1SampleA_Mon_Mar__2_16_19_21_2026,0.04713632166385648,2.719957113265991,63.103223759755515
RABLab26_Mar02_GrafLab_Clay0%(supersand)_Group1SampleA_Mon_Mar__2_16_19_21_2026,0.04713632166385648,2.719957113265991,63.103223759755515
RABLab26_Mar02_GrafLab_Clay0%(supersand)_Group1SampleA_Mon_Mar__2_16_19_21_2026,0.04714171588420868,2.7199044227600098,63.103223759755515
RABLab26_Mar02_GrafLab_Clay0%(supersand)_Group1SampleA_Mon_Mar__2_16_19_21_2026,0.04714171588420868,2.7199044227600098,63.103223759755515
RABLab26_Mar02_GrafLab_Clay0%(supersand)_Group1SampleA_Mon_Mar__2_16_19_21_2026,0.04714171588420868,2.7199044227600098,63.103223759755515
RABLab26_Mar02_GrafLab_Clay0%(supersand)_Group1SampleA_Mon_Mar__2_16_19_21_2026,0.04714171588420868,2.7199044227600098,63.103223759755515
RABLab26_Mar02_GrafLab_Clay0%(supersand)_Group1SampleA_Mon_Mar__2_16_19_21_2026,0.04714171588420868,2.7199044227600098,63.103223759755515
RABLab26_Mar02_GrafLab_Clay0%(supersand)_Group1SampleA_Mon_Mar__2_16_19_21_2026,0.047154515981674194,2.7028753757476807,63.103223759755515
RABLab26_Mar02_GrafLab_Clay0%(supersand)_Group1SampleA_Mon_Mar__2_16_19_21_2026,0.047154515981674194,2.7028753757476807,63.103223759755515
RABLab26_Mar02_GrafLab_Clay0%(supersand)_Group1SampleA_Mon_Mar__2_16_19_21_2026,0.047154515981674194,2.7028753757476807,63.103223759755515
RABLab26_Mar02_GrafLab_Clay0%(supersand)_Group1SampleA_Mon_Mar__2_16_19_21_2026,0.047154515981674194,2.7028753757476807,63.103223759755515
RABLab26_Mar02_GrafLab_Clay0%(supersand)_Group1SampleA_Mon_Mar__2_16_19_21_2026,0.047154515981674194,2.7028753757476807,63.103223759755515
RABLab26_Mar02_GrafLab_Clay0%(supersand)_Group1SampleA_Mon_Mar__2_16_19_21_2026,0.047154515981674194,2.7028753757476807,63.103223759755515
RABLab26_Mar02_GrafLab_Clay0%(supersand)_Group1SampleA_Mon_Mar__2_16_19_21_2026,0.047154515981674194,2.7028753757476807,63.103223759755515
RABLab26_Mar02_GrafLab_Clay0%(supersand)_Group1SampleA_Mon_Mar__2_16_19_21_2026,0.047154515981674194,2.7028753757476807,63.103223759755515
RABLab26_Mar02_GrafLab_Clay0%(supersand)_Group1SampleA_Mon_Mar__2_16_19_21_2026,0.047154515981674194,2.7028753757476807,63.103223759755515
RABLab26_Mar02_GrafLab_Clay0%(supersand)_Group1SampleA_Mon_Mar__2_16_19_21_2026,0.047154515981674194,2.7028753757476807,63.103223759755515
RABLab26_Mar02_GrafLab_Clay0%(supersand)_Group1SampleA_Mon_Mar__2_16_19_21_2026,0.047154515981674194,2.7028753757476807,63.103223759755515
RABLab26_Mar02_GrafLab_Clay0%(supersand)_Group1SampleA_Mon_Mar__2_16_19_21_2026,0.047154515981674194,2.7028753757476807,63.103223759755515
RABLab26_Mar02_GrafLab_Clay0%(supersand)_Group1SampleA_Mon_Mar__2_16_19_21_2026,0.047154515981674194,2.7028753757476807,63.103223759755515
RABLab26_Mar02_GrafLab_Clay0%(supersand)_Group1SampleA_Mon_Mar__2_16_19_21_2026,0.047154515981674194,2.7028753757476807,63.103223759755515
RABLab26_Mar02_GrafLab_Clay0%(supersand)_Group1SampleA_Mon_Mar__2_16_19_21_2026,0.047154515981674194,2.7028753757476807,63.103223759755515
RABLab26_Mar02_GrafLab_Clay0%(supersand)_Group1SampleA_Mon_Mar__2_16_19_21_2026,0.047154515981674194,2.7028753757476807,63.103223759755515
RABLab26_Mar02_GrafLab_Clay0%(supersand)_Group1SampleA_Mon_Mar__2_16_19_21_2026,0.047154515981674194,2.7028753757476807,63.103223759755515
RABLab26_Mar02_GrafLab_Clay0%(supersand)_Group1SampleA_Mon_Mar__2_16_19_21_2026,0.047154515981674194,2.7028753757476807,63.103223759755515
RABLab26_Mar02_GrafLab_Clay0%(supersand)_Group1SampleA_Mon_Mar__2_16_19_21_2026,0.047154515981674194,2.7028753757476807,63.103223759755515
RABLab26_Mar02_GrafLab_Clay0%(supersand)_Group1SampleA_Mon_Mar__2_16_19_21_2026,0.047154515981674194,2.7028753757476807,63.103223759755515
RABLab26_Mar02_GrafLab_Clay0%(supersand)_Group1SampleA_Mon_Mar__2_16_19_21_2026,0.047154515981674194,2.7028753757476807,63.103223759755515
RABLab26_Mar02_GrafLab_Clay0%(supersand)_Group1SampleA_Mon_Mar__2_16_19_21_2026,0.047154515981674194,2.7028753757476807,63.103223759755515
RABLab26_Mar02_GrafLab_Clay0%(supersand)_Group1SampleA_Mon_Mar__2_16_19_21_2026,0.047154515981674194,2.7028753757476807,63.103223759755515
RABLab26_Mar02_GrafLab_Clay0%(supersand)_Group1SampleA_Mon_Mar__2_16_19_21_2026,0.047154515981674194,2.7028753757476807,63.103223759755515
RABLab26_Mar02_GrafLab_Clay0%(supersand)_Group1SampleA_Mon_Mar__2_16_19_21_2026,0.047154515981674194,2.7028753757476807,63.103223759755515
RABLab26_Mar02_GrafLab_Clay0%(supersand)_Group1SampleA_Mon_Mar__2_16_19_21_2026,0.04717810451984408,2.6672239303588867,63.103223759755515
