scenario,real_time_plot,extrude_speed_slider,extrude_angle_slider,extrude_length_slider,down_length_slider,down_speed_slider,delay_after_down,shear_length,shear_speed,delay_after_shear,back_speed,moving_speed,moving_step_angle,time_delay,variable1,variable3,search_start,search_end,ground_height,extrude_back_speed
leg,True,1.0,0.0,5.0,4.0,1.0,3.0,17.0,1.0,0.0,1.0,10.0,5.0,0.0,14.4,0.0,16.8,27.0,18.6,2.0
time,toeforce_x,toeforce_y,toeforce_x_loadcell,toeforce_yloadcell,toe_position_x,toe_position_y,toe_velocity_x,toe_velocity_y,position,position1,torque,torque1,theta command,length command,state flag,current
0.0058786869049072266,-0.49446919560432434,-0.8083131909370422,0.0,0.0,-0.0015026744222268462,-0.19169273972511292,0.0,0.0,-0.18799404327792146,-0.16597192989993315,0.0027700792998075485,0.09080144017934799,0.0,0.0,0.0,0.0
0.007673978805541992,-0.49446919560432434,-0.8083131909370422,0.0,0.0,-0.0015026744222268462,-0.19169273972511292,0.0,0.0,-0.18799404327792146,-0.16597192989993315,0.0027700792998075485,0.09080144017934799,0.0,0.0,0.0,0.0
0.009083271026611328,-0.49446919560432434,-0.8083131909370422,0.0,0.0,-0.0015026744222268462,-0.19169273972511292,0.0,0.0,-0.18799404327792146,-0.16597192989993315,0.0027700792998075485,0.09080144017934799,0.0,0.0,0.0,0.0
0.010550260543823242,-0.49446919560432434,-0.8083131909370422,0.0,0.0,-0.0015026744222268462,-0.19169273972511292,0.0,0.0,-0.18799404327792146,-0.16597192989993315,0.0027700792998075485,0.09080144017934799,0.0,0.0,0.0,0.0
0.012140750885009766,-0.49446919560432434,-0.8083131909370422,0.0,0.0,-0.0015026744222268462,-0.19169273972511292,0.0,0.0,-0.18799404327792146,-0.16597192989993315,0.0027700792998075485,0.09080144017934799,0.0,0.0,0.0,0.0
0.013593673706054688,-0.49446919560432434,-0.8083131909370422,0.0,0.0,-0.0015026744222268462,-0.19169273972511292,0.0,0.0,-0.18799404327792146,-0.16597192989993315,0.0027700792998075485,0.09080144017934799,0.0,0.0,0.0,0.0
0.014973640441894531,-0.49446919560432434,-0.8083131909370422,0.0,0.0,-0.0015026744222268462,-0.19169273972511292,0.0,0.0,-0.18799404327792146,-0.16609655881694207,9.778887033462524e-07,0.001545427367091179,0.0,0.0,0.0,0.0
0.01642012596130371,-0.49446919560432434,-0.8083131909370422,0.0,0.0,-0.0015026744222268462,-0.19169273972511292,0.0,0.0,-0.18799404327792146,-0.16609655881694207,9.778887033462524e-07,0.001545427367091179,0.0,0.0,0.0,0.0
0.017838239669799805,-0.49446919560432434,-0.8083131909370422,0.0,0.0,-0.0015026744222268462,-0.19169273972511292,0.0,0.0,-0.18799404327792146,-0.16618764594822957,9.778887033462524e-07,0.002146270126104355,0.0,0.0,0.0,0.0
0.019471406936645508,-0.49446919560432434,-0.8083131909370422,0.0,0.0,-0.0015026744222268462,-0.19169273972511292,0.0,0.0,-0.18799404327792146,-0.16618764594822957,9.778887033462524e-07,0.002146270126104355,0.0,0.0,0.0,0.0
0.022806644439697266,-0.49446919560432434,-0.8083131909370422,0.0,0.0,-0.0015026744222268462,-0.19169273972511292,0.0,0.0,-0.18876103367186428,-0.16764972138668308,-0.06081502512097359,0.07340143620967865,0.0,0.0,0.0,0.0
0.024209022521972656,-0.49446919560432434,-0.8083131909370422,0.0,0.0,-0.0015026744222268462,-0.19169273972511292,0.0,0.0,-0.18876103367186428,-0.16764972138668308,-0.06081502512097359,0.07340143620967865,0.0,0.0,0.0,0.0
0.025634765625,-0.49446919560432434,-0.8083131909370422,0.0,0.0,-0.0015026744222268462,-0.19169273972511292,0.0,0.0,-0.1892595844499339,-0.1681914106930741,-0.06728092581033707,0.074402816593647,0.0,0.0,0.0,0.0
0.027071237564086914,-0.49446919560432434,-0.8083131909370422,0.0,0.0,-0.0015026744222268462,-0.19169273972511292,0.0,0.0,-0.1892595844499339,-0.1681914106930741,-0.06728092581033707,0.074402816593647,0.0,0.0,0.0,0.0
0.028497934341430664,-0.49446919560432434,-0.8083131909370422,0.0,0.0,-0.0015026744222268462,-0.19169273972511292,0.0,0.0,-0.18955199251561783,-0.16901592302589372,-0.06713784486055374,0.07975292950868607,0.0,0.0,0.0,0.0
0.029938459396362305,-0.49446919560432434,-0.8083131909370422,0.0,0.0,-0.0015026744222268462,-0.19169273972511292,0.0,0.0,-0.18955199251561783,-0.16901592302589372,-0.06713784486055374,0.07975292950868607,0.0,0.0,0.0,0.0
0.03159332275390625,-0.49446919560432434,-0.8083131909370422,0.0,0.0,-0.0015026744222268462,-0.19169273972511292,0.0,0.0,-0.18959034437598388,-0.16903989147570445,-0.06439126282930374,0.07603359967470169,0.0,0.0,0.0,0.0
0.034354209899902344,-0.49446919560432434,-0.8083131909370422,0.0,0.0,-0.0015026744222268462,-0.19169273972511292,0.0,0.0,-0.18898633475941606,-0.16897277279422768,-0.11297718435525894,0.13068686425685883,0.0,0.0,0.0,0.0
0.03601884841918945,-0.49446919560432434,-0.8083131909370422,0.0,0.0,-0.0015026744222268462,-0.19169273972511292,0.0,0.0,-0.18773039033000363,-0.16836397650970447,-0.09964476525783539,0.12207520753145218,0.0,0.0,0.0,0.0
0.03766465187072754,-0.49446919560432434,-0.8083131909370422,0.0,0.0,-0.0015026744222268462,-0.19169273972511292,0.0,0.0,-0.18773039033000363,-0.16836397650970447,-0.09964476525783539,0.12207520753145218,0.0,0.0,0.0,0.0
0.03926706314086914,-0.49446919560432434,-0.8083131909370422,0.0,0.0,-0.0015026744222268462,-0.19169273972511292,0.0,0.0,-0.18615327101379656,-0.16741003688857595,-0.08551134169101715,0.11549483239650726,0.0,0.0,0.0,0.0
0.041002750396728516,-0.49446919560432434,-0.8083131909370422,0.0,0.0,-0.0015026744222268462,-0.19169273972511292,0.0,0.0,-0.18399611053083237,-0.1657466288123814,-0.06808773428201675,0.09586826711893082,0.0,0.0,0.0,0.0
0.04254293441772461,-0.49446919560432434,-0.8083131909370422,0.0,0.0,-0.0015026744222268462,-0.19169273972511292,0.0,0.0,-0.18399611053083237,-0.1657466288123814,-0.06808773428201675,0.09586826711893082,0.0,0.0,0.0,0.0
0.04462718963623047,-0.49446919560432434,-0.8083131909370422,0.0,0.0,-0.0015026744222268462,-0.19169273972511292,0.0,0.0,-0.18190127035804496,-0.16404486887582076,-0.10817395895719528,0.14543363451957703,0.0,0.0,0.0,0.0
0.04687833786010742,-0.49446919560432434,-0.8083131909370422,0.0,0.0,-0.0015026744222268462,-0.19169273972511292,0.0,0.0,-0.1789627360705826,-0.1620171356811655,-0.08731713891029358,0.12821021676063538,0.0,0.0,0.0,0.0
0.048497676849365234,-0.07587610930204391,-1.2371773719787598,0.0,0.0,-0.001591112231835723,-0.19182457029819489,0.0,0.0,-0.1789627360705826,-0.1620171356811655,-0.08731713891029358,0.12821021676063538,0.0,0.0,0.0,0.0
0.050145626068115234,-0.07587610930204391,-1.2371773719787598,0.0,0.0,-0.001591112231835723,-0.19182457029819489,0.0,0.0,-0.1752907648782435,-0.15951961852955132,-0.06208287179470062,0.11530705541372299,0.0,0.0,0.0,0.0
0.05222177505493164,-0.07587610930204391,-1.2371773719787598,0.0,0.0,-0.001591112231835723,-0.19182457029819489,0.0,0.0,-0.17219883485266152,-0.15722344571902286,-0.09835107624530792,0.1554773449897766,0.0,0.0,0.0,0.0
0.05394458770751953,-0.07587610930204391,-1.2371773719787598,0.0,0.0,-0.001591112231835723,-0.19182457029819489,0.0,0.0,-0.17219883485266152,-0.15722344571902286,-0.09835107624530792,0.1554773449897766,0.0,0.0,0.0,0.0
0.05561971664428711,-0.07587610930204391,-1.2371773719787598,0.0,0.0,-0.001591112231835723,-0.19182457029819489,0.0,0.0,-0.16811461334558492,-0.15465882158927655,-0.07079941779375076,0.14071445167064667,0.0,0.0,0.0,0.0
0.057346343994140625,-0.07587610930204391,-1.2371773719787598,0.0,0.0,-0.001591112231835723,-0.19182457029819489,0.0,0.0,-0.16811461334558492,-0.15465882158927655,-0.07079941779375076,0.14071445167064667,0.0,0.0,0.0,0.0
0.060030460357666016,-0.11214160919189453,-2.2456328868865967,0.0,0.0,-0.001697135274298489,-0.1919076144695282,0.0,0.0,-0.16419337261588332,-0.1523818188572588,-0.04367688298225403,0.12858375906944275,0.0,0.0,0.0,0.0
0.06184220314025879,-0.11214160919189453,-2.2456328868865967,0.0,0.0,-0.001697135274298489,-0.1919076144695282,0.0,0.0,-0.1608042361533174,-0.14967338402864822,-0.025623824447393417,0.11061648279428482,0.0,0.0,0.0,0.0
0.06337332725524902,-0.11214160919189453,-2.2456328868865967,0.0,0.0,-0.001697135274298489,-0.1919076144695282,0.0,0.0,-0.15695969914434793,-0.14697933261059298,-0.0582178458571434,0.14996707439422607,0.0,0.0,0.0,0.0
0.06500768661499023,-0.11214160919189453,-2.2456328868865967,0.0,0.0,-0.001697135274298489,-0.1919076144695282,0.0,0.0,-0.15695969914434793,-0.14697933261059298,-0.0582178458571434,0.14996707439422607,0.0,0.0,0.0,0.0
0.06653380393981934,-0.11214160919189453,-2.2456328868865967,0.0,0.0,-0.001697135274298489,-0.1919076144695282,0.0,0.0,-0.15695969914434793,-0.14697933261059298,-0.0582178458571434,0.14996707439422607,0.0,0.0,0.0,0.0
0.06853866577148438,-0.15980510413646698,-1.5122089385986328,0.0,0.0,-0.0018620950868353248,-0.19146078824996948,0.0,0.0,-0.15291861616559277,-0.14392095607407707,-0.034271083772182465,0.1313703954219818,0.0,0.0,0.0,0.0
0.06996774673461914,-0.15980510413646698,-1.5122089385986328,0.0,0.0,-0.0018620950868353248,-0.19146078824996948,0.0,0.0,-0.15291861616559277,-0.14392095607407707,-0.034271083772182465,0.1313703954219818,0.0,0.0,0.0,0.0
0.07623004913330078,-0.15980510413646698,-1.5122089385986328,0.0,0.0,-0.0018620950868353248,-0.19146078824996948,0.0,0.0,-0.1420081731304183,-0.1353066975527757,-0.024943383410573006,0.1351199746131897,0.0,0.0,0.0,0.0
0.08625555038452148,-0.3267768323421478,-2.347968578338623,0.0,0.0,-0.0021629820112138987,-0.19035890698432922,0.0,0.0,-0.1339020504264419,-0.12943442734915098,-0.04131017625331879,0.16547510027885437,0.0,0.0,0.0,0.0
0.10075235366821289,-0.4656478464603424,-1.2603329420089722,0.0,0.0,-0.0025153583846986294,-0.18933376669883728,0.0,0.0,-0.12902207170431176,-0.12500026413416904,-0.012814430519938469,0.1365501433610916,0.0,0.0,0.0,0.0
0.1175994873046875,-0.5403458476066589,-1.0682954788208008,0.0,0.0,-0.0027672324795275927,-0.18818745017051697,0.0,0.0,-0.11531691678388385,-0.10955019904551441,-0.0439736433327198,0.15948063135147095,0.0,0.0,0.0,0.0
0.1218876838684082,-0.6876063346862793,-1.3920577764511108,0.0,0.0,-0.003137523541226983,-0.1863032877445221,0.0,0.0,-0.10821745726861277,-0.0981268335250596,-0.06397651880979538,0.149884432554245,0.0,0.0,0.0,0.0
0.13525962829589844,-0.6991742849349976,-1.3015551567077637,0.0,0.0,-0.003054994158446789,-0.18530751764774323,0.0,0.0,-0.09645853345080797,-0.07893769026593374,-0.09770242124795914,0.14000937342643738,0.0,0.0,0.0,0.0
0.13871383666992188,-0.6991742849349976,-1.3015551567077637,0.0,0.0,-0.003054994158446789,-0.18530751764774323,0.0,0.0,-0.09328990555616616,-0.07484867623922947,-0.07698864489793777,0.11646314710378647,0.0,0.0,0.0,0.0
0.1505732536315918,-0.5950597524642944,-1.544815182685852,0.0,0.0,-0.0028554394375532866,-0.18435844779014587,0.0,0.0,-0.090111692622269,-0.07080759326047431,-0.0554165281355381,0.09102866798639297,0.0,0.0,0.0,0.0
0.1546332836151123,-0.44237464666366577,-2.760718822479248,0.0,0.0,-0.0023473952896893024,-0.1835126429796219,0.0,0.0,-0.08352516144395056,-0.06085110154977299,-0.07668255269527435,0.09473950415849686,0.0,0.0,0.0,0.0
0.15631866455078125,-0.44237464666366577,-2.760718822479248,0.0,0.0,-0.0023473952896893024,-0.1835126429796219,0.0,0.0,-0.07839591318445793,-0.053660566606559046,-0.10568007826805115,0.11771002411842346,0.0,0.0,0.0,0.0
0.17102766036987305,-0.15629065036773682,-2.1754226684570312,0.0,0.0,-0.0015132641419768333,-0.1810806393623352,0.0,0.0,-0.06548650377573892,-0.04009921653332309,-0.08164074271917343,0.09737745672464371,0.0,0.0,0.0,0.0
0.18718886375427246,-0.06967088580131531,-2.318847894668579,0.0,0.0,-0.0012107000220566988,-0.18011213839054108,0.0,0.0,-0.05172382106476189,-0.028292358741733026,-0.1115557998418808,0.14528147876262665,0.0,0.0,0.0,0.0
0.20226788520812988,-0.11698726564645767,-2.6106531620025635,0.0,0.0,-0.0010999100049957633,-0.17831675708293915,0.0,0.0,-0.03169578498809722,-0.01234375165251727,-0.04227317497134209,0.10605377703905106,0.0,0.0,0.0,0.0
0.2170851230621338,-0.11698726564645767,-2.6106531620025635,0.0,0.0,-0.0010999100049957633,-0.17831675708293915,0.0,0.0,-0.028191595870269263,-0.009572998708107022,-0.08177880197763443,0.15138627588748932,0.0,0.0,0.0,0.0
0.22263336181640625,-0.3063046932220459,-2.610306978225708,0.0,0.0,-0.0014766707317903638,-0.17634955048561096,0.0,0.0,-0.003873208008945979,0.009937320169272517,-0.05515715852379799,0.15850584208965302,0.0,0.0,0.0,0.0
0.2339794635772705,-0.3063046932220459,-2.610306978225708,0.0,0.0,-0.0014766707317903638,-0.17634955048561096,0.0,0.0,-0.003873208008945979,0.009937320169272517,-0.05515715852379799,0.15850584208965302,0.0,0.0,0.0,0.0
0.23843669891357422,-0.37702104449272156,-1.461647391319275,0.0,0.0,-0.0016092798905447125,-0.17540881037712097,0.0,0.0,0.010306528508281804,0.02232901018432929,-0.03849472478032112,0.15077835321426392,0.0,0.0,0.0,0.0
0.2506754398345947,-0.5200307369232178,-1.1626362800598145,0.0,0.0,-0.0018912390805780888,-0.1741165816783905,0.0,0.0,0.012751310388974545,0.0241889613044734,-0.024733202531933784,0.14465577900409698,0.0,0.0,0.0,0.0
0.2677738666534424,-0.6557537317276001,-1.0936501026153564,0.0,0.0,-0.0021846520248800516,-0.17197926342487335,0.0,0.0,0.027041297532869178,0.041949585540048,-0.058843497186899185,0.15285810828208923,0.0,0.0,0.0,0.0
0.27153754234313965,-0.6627091765403748,-1.3662960529327393,0.0,0.0,-0.0021936132106930017,-0.17110441625118256,0.0,0.0,0.03923644596689449,0.05874667633773023,-0.04656914621591568,0.11205310374498367,0.0,0.0,0.0,0.0
0.2738325595855713,-0.6627091765403748,-1.3662960529327393,0.0,0.0,-0.0021936132106930017,-0.17110441625118256,0.0,0.0,0.04157576608325286,0.062437817608580054,-0.09233971685171127,0.156511127948761,0.0,0.0,0.0,0.0
0.2859201431274414,-0.6033841371536255,-1.580674171447754,0.0,0.0,-0.00204200460575521,-0.1703290343284607,0.0,0.0,0.05299433615824383,0.07825699448365073,-0.08227461576461792,0.12365415692329407,0.0,0.0,0.0,0.0
0.2882707118988037,-0.6033841371536255,-1.580674171447754,0.0,0.0,-0.00204200460575521,-0.1703290343284607,0.0,0.0,0.05299433615824383,0.07825699448365073,-0.08227461576461792,0.12365415692329407,0.0,0.0,0.0,0.0
0.3014388084411621,-0.5669243335723877,-2.8098127841949463,0.0,0.0,-0.0018246826948598027,-0.16926360130310059,0.0,0.0,0.05951854702638549,0.08654049307890212,-0.044652171432971954,0.07169792801141739,0.0,0.0,0.0,0.0
0.304182767868042,-0.4037708044052124,-1.630761981010437,0.0,0.0,-0.0015312944306060672,-0.16836564242839813,0.0,0.0,0.07005987242347159,0.09967041105554524,-0.10662414133548737,0.1296735405921936,0.0,0.0,0.0,0.0
0.31739377975463867,-0.4037708044052124,-1.630761981010437,0.0,0.0,-0.0015312944306060672,-0.16836564242839813,0.0,0.0,0.07390440943244105,0.10313625123884329,-0.07695533335208893,0.10675671696662903,0.0,0.0,0.0,0.0
0.32018446922302246,-0.17253588140010834,-2.179558277130127,0.0,0.0,-0.000826630974188447,-0.16576868295669556,0.0,0.0,0.08884155203581534,0.11716258104606585,-0.05704118683934212,0.09625668823719025,0.0,0.0,0.0,0.0
0.33416247367858887,-0.17253588140010834,-2.179558277130127,0.0,0.0,-0.000826630974188447,-0.16576868295669556,0.0,0.0,0.09161230132293038,0.11928140137200859,-0.04164886847138405,0.08793114125728607,0.0,0.0,0.0,0.0
0.3381829261779785,-0.14983578026294708,-2.4928812980651855,0.0,0.0,-0.000667123356834054,-0.1649302989244461,0.0,0.0,0.10824641134323762,0.1306951701498634,-0.06356204301118851,0.15287604928016663,0.0,0.0,0.0,0.0
0.3407323360443115,-0.1638430505990982,-1.09612238407135,0.0,0.0,-0.000661655911244452,-0.16396519541740417,0.0,0.0,0.11132395795826426,0.1337104081580579,-0.04977184906601906,0.12998786568641663,0.0,0.0,0.0,0.0
0.35236549377441406,-0.24793635308742523,-1.6371357440948486,0.0,0.0,-0.0007654415094293654,-0.16322188079357147,0.0,0.0,0.1208825710614388,0.14204663032088607,-0.054813116788864136,0.14823925495147705,0.0,0.0,0.0,0.0
0.354583740234375,-0.24793635308742523,-1.6371357440948486,0.0,0.0,-0.0007654415094293654,-0.16322188079357147,0.0,0.0,0.12811145786501882,0.14841265293128042,-0.07526332139968872,0.17744974792003632,0.0,0.0,0.0,0.0
0.35643601417541504,-0.24793635308742523,-1.6371357440948486,0.0,0.0,-0.0007654415094293654,-0.16322188079357147,0.0,0.0,0.12811145786501882,0.14841265293128042,-0.07526332139968872,0.17744974792003632,0.0,0.0,0.0,0.0
0.36750292778015137,-0.24793635308742523,-1.6371357440948486,0.0,0.0,-0.0007654415094293654,-0.16322188079357147,0.0,0.0,0.13165399006570438,0.1515573065244392,-0.05409175902605057,0.15647850930690765,0.0,0.0,0.0,0.0
0.36955928802490234,-0.5770037770271301,-3.0721535682678223,0.0,0.0,-0.0012717838399112225,-0.16115041077136993,0.0,0.0,0.13738724794176482,0.15851296704419066,-0.08731844276189804,0.17797374725341797,0.0,0.0,0.0,0.0
0.37197184562683105,-0.5770037770271301,-3.0721535682678223,0.0,0.0,-0.0012717838399112225,-0.16115041077136993,0.0,0.0,0.14592960111363404,0.16916934217070265,-0.03839489817619324,0.11600395292043686,0.0,0.0,0.0,0.0
0.37389707565307617,-0.5770037770271301,-3.0721535682678223,0.0,0.0,-0.0012717838399112225,-0.16115041077136993,0.0,0.0,0.14928039741917853,0.17308098615780423,-0.015506740659475327,0.09088420867919922,0.0,0.0,0.0,0.0
0.3841094970703125,-0.5770037770271301,-3.0721535682678223,0.0,0.0,-0.0012717838399112225,-0.16115041077136993,0.0,0.0,0.14928039741917853,0.17308098615780423,-0.015506740659475327,0.09088420867919922,0.0,0.0,0.0,0.0
0.38857364654541016,-0.5947540402412415,-1.715390682220459,0.0,0.0,-0.0013708601472899318,-0.16026772558689117,0.0,0.0,0.15768852493143884,0.18355041205713052,0.013761523179709911,0.05208869278430939,0.0,0.0,0.0,0.0
0.40067505836486816,-0.5941193103790283,-2.926036834716797,0.0,0.0,-0.00131833681371063,-0.15908050537109375,0.0,0.0,0.1576166195820067,0.18373256291301623,0.012245209887623787,0.054234445095062256,0.0,0.0,0.0,0.0
0.41750574111938477,-0.5029243230819702,-1.7148467302322388,0.0,0.0,-0.0011439431691542268,-0.15821611881256104,0.0,0.0,0.15072808944707666,0.17903954512141645,-0.043687839061021805,0.09377384930849075,0.0,0.0,0.0,0.0
0.43404412269592285,-0.4260382056236267,-0.46972066164016724,0.0,0.0,-0.0009096098365262151,-0.1570444107055664,0.0,0.0,0.15209429108628733,0.18038657668211638,-0.012817381881177425,0.07019897550344467,0.0,0.0,0.0,0.0
0.438931941986084,-0.3229365944862366,-1.7415980100631714,0.0,0.0,-0.0007014822331257164,-0.15781539678573608,0.0,0.0,0.15332146869458904,0.1806262611802235,-0.014619856141507626,0.07437605410814285,0.0,0.0,0.0,0.0
0.45070409774780273,-0.3229365944862366,-1.7415980100631714,0.0,0.0,-0.0007014822331257164,-0.15781539678573608,0.0,0.0,0.15332146869458904,0.1806262611802235,-0.014619856141507626,0.07437605410814285,0.0,0.0,0.0,0.0
0.4545102119445801,-0.353738397359848,-1.2345666885375977,0.0,0.0,-0.0007067767437547445,-0.157645121216774,0.0,0.0,0.15209429108628733,0.17736175363466652,-0.023832308128476143,0.0975789725780487,0.0,0.0,0.0,0.0
0.4570584297180176,-0.353738397359848,-1.2345666885375977,0.0,0.0,-0.0007067767437547445,-0.157645121216774,0.0,0.0,0.1518785750379909,0.17733298681355583,-0.024890925735235214,0.09483238309621811,0.0,0.0,0.0,0.0
0.4593498706817627,-0.4058730900287628,-0.8687062859535217,0.0,0.0,-0.0007931563886813819,-0.15738530457019806,0.0,0.0,0.1519360969768677,0.1774001054950326,-0.02288818359375,0.09363075345754623,0.0,0.0,0.0,0.0
0.46132469177246094,-0.4058730900287628,-0.8687062859535217,0.0,0.0,-0.0007931563886813819,-0.15738530457019806,0.0,0.0,0.1519360969768677,0.1774001054950326,-0.02288818359375,0.09363075345754623,0.0,0.0,0.0,0.0
0.47246670722961426,-0.43826910853385925,-1.0877366065979004,0.0,0.0,-0.0008868614677339792,-0.15741302073001862,0.0,0.0,0.15274143923117658,0.17916418574177,-0.015592603012919426,0.08150001615285873,0.0,0.0,0.0,0.0
0.4755516052246094,-0.43826910853385925,-1.0877366065979004,0.0,0.0,-0.0008868614677339792,-0.15741302073001862,0.0,0.0,0.15277019434894265,0.17937510341876645,-0.0170802790671587,0.08024118840694427,0.0,0.0,0.0,0.0
0.4840352535247803,-0.43826910853385925,-1.0877366065979004,0.0,0.0,-0.0008868614677339792,-0.15741302073001862,0.0,0.0,0.15277019434894265,0.17937510341876645,-0.0170802790671587,0.08024118840694427,0.0,0.0,0.0,0.0
0.489978551864624,-0.4568943381309509,-1.3013113737106323,0.0,0.0,-0.0009641064098104835,-0.1575794816017151,0.0,0.0,0.15162930550062842,0.17903954512141645,-0.02471921220421791,0.08519074320793152,0.0,0.0,0.0,0.0
0.4929494857788086,-0.4568943381309509,-1.3013113737106323,0.0,0.0,-0.0009641064098104835,-0.1575794816017151,0.0,0.0,0.15162930550062842,0.17903954512141645,-0.02471921220421791,0.0838460624217987,0.0,0.0,0.0,0.0
0.4963688850402832,-0.4568943381309509,-1.3013113737106323,0.0,0.0,-0.0009641064098104835,-0.1575794816017151,0.0,0.0,0.15162930550062842,0.17903954512141645,-0.02471921220421791,0.0838460624217987,0.0,0.0,0.0,0.0
0.49825000762939453,-0.4568943381309509,-1.3013113737106323,0.0,0.0,-0.0009641064098104835,-0.1575794816017151,0.0,0.0,0.15162930550062842,0.17903954512141645,-0.02471921220421791,0.0838460624217987,0.0,0.0,0.0,0.0
0.5005571842193604,-0.4117821156978607,-1.1105543375015259,0.0,0.0,-0.0008786252001300454,-0.15749071538448334,0.0,0.0,0.15162930550062842,0.17903954512141645,-0.02471921220421791,0.0838460624217987,0.0,0.0,0.0,0.0
0.5020575523376465,-0.4117821156978607,-1.1105543375015259,0.0,0.0,-0.0008786252001300454,-0.15749071538448334,0.0,0.0,0.15162930550062842,0.17930319806933429,-0.02471921220421791,0.08067034184932709,0.0,0.0,0.0,0.0
0.5034773349761963,-0.4117821156978607,-1.1105543375015259,0.0,0.0,-0.0008786252001300454,-0.15749071538448334,0.0,0.0,0.15162930550062842,0.17930319806933429,-0.02471921220421791,0.08067034184932709,0.0,0.0,0.0,0.0
0.5048782825469971,-0.4117821156978607,-1.1105543375015259,0.0,0.0,-0.0008786252001300454,-0.15749071538448334,0.0,0.0,0.1518737766666909,0.17942783868968787,-0.02471921220421791,0.08072756230831146,0.0,0.0,0.0,0.0
0.506295919418335,-0.4117821156978607,-1.1105543375015259,0.0,0.0,-0.0008786252001300454,-0.15749071538448334,0.0,0.0,0.1518737766666909,0.17942783868968787,-0.02471921220421791,0.08072756230831146,0.0,0.0,0.0,0.0
0.5078375339508057,-0.4117821156978607,-1.1105543375015259,0.0,0.0,-0.0008786252001300454,-0.15749071538448334,0.0,0.0,0.1521278445753534,0.17939907186857715,-0.020084409043192863,0.08170029520988464,0.0,0.0,0.0,0.0
0.5092124938964844,-0.3611033856868744,-1.202351450920105,0.0,0.0,-0.0008113975636661053,-0.15748809278011322,0.0,0.0,0.1521278445753534,0.17939907186857715,-0.020084409043192863,0.08170029520988464,0.0,0.0,0.0,0.0
0.5106184482574463,-0.3611033856868744,-1.202351450920105,0.0,0.0,-0.0008113975636661053,-0.15748809278011322,0.0,0.0,0.1521278445753534,0.17939907186857715,-0.020084409043192863,0.08170029520988464,0.0,0.0,0.0,0.0
0.5119891166687012,-0.3611033856868744,-1.202351450920105,0.0,0.0,-0.0008113975636661053,-0.15748809278011322,0.0,0.0,0.15231000713458373,0.17939907186857715,-0.018997207283973694,0.08170029520988464,0.0,0.0,0.0,0.0
0.5133571624755859,-0.3611033856868744,-1.202351450920105,0.0,0.0,-0.0008113975636661053,-0.15748809278011322,0.0,0.0,0.15231000713458373,0.17939907186857715,-0.018997207283973694,0.08170029520988464,0.0,0.0,0.0,0.0
0.5153133869171143,-0.3611033856868744,-1.202351450920105,0.0,0.0,-0.0008113975636661053,-0.15748809278011322,0.0,0.0,0.15243463605159266,0.17931278310858967,-0.019082996994256973,0.08170029520988464,0.0,0.0,0.0,0.0
0.5173351764678955,-0.3611033856868744,-1.202351450920105,0.0,0.0,-0.0008113975636661053,-0.15748809278011322,0.0,0.0,0.1524010825625266,0.1789149045010629,-0.020113006234169006,0.08750816434621811,0.0,0.0,0.0,0.0
0.5197882652282715,-0.3902173936367035,-1.228768229484558,0.0,0.0,-0.0008104396401904523,-0.1575208455324173,0.0,0.0,0.1524010825625266,0.1788621809334861,-0.020113006234169006,0.08570574223995209,0.0,0.0,0.0,0.0
0.5218849182128906,-0.3902173936367035,-1.228768229484558,0.0,0.0,-0.0008104396401904523,-0.1575208455324173,0.0,0.0,0.1524010825625266,0.1788621809334861,-0.020113006234169006,0.08570574223995209,0.0,0.0,0.0,0.0
0.5241241455078125,-0.3902173936367035,-1.228768229484558,0.0,0.0,-0.0008104396401904523,-0.1575208455324173,0.0,0.0,0.1524010825625266,0.17893408628291824,-0.020113006234169006,0.08447548002004623,0.0,0.0,0.0,0.0
0.5256602764129639,-0.3902173936367035,-1.228768229484558,0.0,0.0,-0.0008104396401904523,-0.1575208455324173,0.0,0.0,0.1524010825625266,0.17893408628291824,-0.020113006234169006,0.08447548002004623,0.0,0.0,0.0,0.0
0.5271437168121338,-0.3902173936367035,-1.228768229484558,0.0,0.0,-0.0008104396401904523,-0.1575208455324173,0.0,0.0,0.1524010825625266,0.17893408628291824,-0.020113006234169006,0.08447548002004623,0.0,0.0,0.0,0.0
0.528639554977417,-0.36113235354423523,-1.1784676313400269,0.0,0.0,-0.0007896121824160218,-0.15750917792320251,0.0,0.0,0.1524010825625266,0.17893408628291824,-0.020113006234169006,0.08447548002004623,0.0,0.0,0.0,0.0
0.530071496963501,-0.36113235354423523,-1.1784676313400269,0.0,0.0,-0.0007896121824160218,-0.15750917792320251,0.0,0.0,0.1524010825625266,0.17893408628291824,-0.020113006234169006,0.08447548002004623,0.0,0.0,0.0,0.0
0.5315711498260498,-0.36113235354423523,-1.1784676313400269,0.0,0.0,-0.0007896121824160218,-0.15750917792320251,0.0,0.0,0.1524010825625266,0.17893408628291824,-0.020113006234169006,0.08447548002004623,0.0,0.0,0.0,0.0
0.532893180847168,-0.36113235354423523,-1.1784676313400269,0.0,0.0,-0.0007896121824160218,-0.15750917792320251,0.0,0.0,0.1524010825625266,0.17893408628291824,-0.020113006234169006,0.08447548002004623,0.0,0.0,0.0,0.0
0.5342702865600586,-0.36113235354423523,-1.1784676313400269,0.0,0.0,-0.0007896121824160218,-0.15750917792320251,0.0,0.0,0.1524010825625266,0.17919294085953608,-0.020113006234169006,0.08310223370790482,0.0,0.0,0.0,0.0
0.5355703830718994,-0.36113235354423523,-1.1784676313400269,0.0,0.0,-0.0007896121824160218,-0.15750917792320251,0.0,0.0,0.1524010825625266,0.17919294085953608,-0.020113006234169006,0.08310223370790482,0.0,0.0,0.0,0.0
0.5368397235870361,-0.36113235354423523,-1.1784676313400269,0.0,0.0,-0.0007896121824160218,-0.15750917792320251,0.0,0.0,0.1524010825625266,0.17943262535764323,-0.020113006234169006,0.07978340238332748,0.0,0.0,0.0,0.0
0.5384235382080078,-0.4041537344455719,-1.125933289527893,0.0,0.0,-0.0008355058380402625,-0.15747426450252533,0.0,0.0,0.1524010825625266,0.17943262535764323,-0.020113006234169006,0.07978340238332748,0.0,0.0,0.0,0.0
0.5400454998016357,-0.4041537344455719,-1.125933289527893,0.0,0.0,-0.0008355058380402625,-0.15747426450252533,0.0,0.0,0.1524010825625266,0.17939907186857715,-0.020113006234169006,0.08035561442375183,0.0,0.0,0.0,0.0
0.5415616035461426,-0.4041537344455719,-1.125933289527893,0.0,0.0,-0.0008355058380402625,-0.15747426450252533,0.0,0.0,0.1524010825625266,0.17939907186857715,-0.020113006234169006,0.08035561442375183,0.0,0.0,0.0,0.0
0.5430448055267334,-0.4041537344455719,-1.125933289527893,0.0,0.0,-0.0008355058380402625,-0.15747426450252533,0.0,0.0,0.1524010825625266,0.17939907186857715,-0.020113006234169006,0.08170029520988464,0.0,0.0,0.0,0.0
0.5445551872253418,-0.4041537344455719,-1.125933289527893,0.0,0.0,-0.0008355058380402625,-0.15747426450252533,0.0,0.0,0.1524010825625266,0.17939907186857715,-0.020113006234169006,0.08170029520988464,0.0,0.0,0.0,0.0
0.5463943481445312,-0.4041537344455719,-1.125933289527893,0.0,0.0,-0.0008355058380402625,-0.15747426450252533,0.0,0.0,0.15196965046593375,0.17939907186857715,-0.02500535547733307,0.08170029520988464,0.0,0.0,0.0,0.0
0.5481281280517578,-0.4041537344455719,-1.125933289527893,0.0,0.0,-0.0008355058380402625,-0.15747426450252533,0.0,0.0,0.15191692689835698,0.17939907186857715,-0.023832349106669426,0.08170029520988464,0.0,0.0,0.0,0.0
0.5496597290039062,-0.4152030348777771,-1.1691778898239136,0.0,0.0,-0.0008793761371634901,-0.15749070048332214,0.0,0.0,0.15191692689835698,0.17939907186857715,-0.023832349106669426,0.08170029520988464,0.0,0.0,0.0,0.0
0.551445484161377,-0.4152030348777771,-1.1691778898239136,0.0,0.0,-0.0008793761371634901,-0.15749070048332214,0.0,0.0,0.1519360969768677,0.17939907186857715,-0.02288818359375,0.08170029520988464,0.0,0.0,0.0,0.0
0.553164005279541,-0.4152030348777771,-1.1691778898239136,0.0,0.0,-0.0008793761371634901,-0.15749070048332214,0.0,0.0,0.1519360969768677,0.17939907186857715,-0.02288818359375,0.08170029520988464,0.0,0.0,0.0,0.0
0.5546751022338867,-0.4152030348777771,-1.1691778898239136,0.0,0.0,-0.0008793761371634901,-0.15749070048332214,0.0,0.0,0.1519360969768677,0.17939907186857715,-0.02288818359375,0.08170029520988464,0.0,0.0,0.0,0.0
0.5564708709716797,-0.4152030348777771,-1.1691778898239136,0.0,0.0,-0.0008793761371634901,-0.15749070048332214,0.0,0.0,0.1519360969768677,0.17939907186857715,-0.02288818359375,0.08170029520988464,0.0,0.0,0.0,0.0
0.5581352710723877,-0.4152030348777771,-1.1691778898239136,0.0,0.0,-0.0008793761371634901,-0.15749070048332214,0.0,0.0,0.1519360969768677,0.17939907186857715,-0.02288818359375,0.08170029520988464,0.0,0.0,0.0,0.0
0.559959888458252,-0.40627849102020264,-1.1540155410766602,0.0,0.0,-0.0008589242352172732,-0.15747927129268646,0.0,0.0,0.1519360969768677,0.17939907186857715,-0.02288818359375,0.08170029520988464,0.0,0.0,0.0,0.0
0.5616955757141113,-0.40627849102020264,-1.1540155410766602,0.0,0.0,-0.0008589242352172732,-0.15747927129268646,0.0,0.0,0.1519360969768677,0.17939907186857715,-0.02288818359375,0.08170029520988464,0.0,0.0,0.0,0.0
0.563180685043335,-0.40627849102020264,-1.1540155410766602,0.0,0.0,-0.0008589242352172732,-0.15747927129268646,0.0,0.0,0.1519360969768677,0.17939907186857715,-0.02288818359375,0.08170029520988464,0.0,0.0,0.0,0.0
0.564661979675293,-0.40627849102020264,-1.1540155410766602,0.0,0.0,-0.0008589242352172732,-0.15747927129268646,0.0,0.0,0.1519360969768677,0.17939907186857715,-0.02288818359375,0.08170029520988464,0.0,0.0,0.0,0.0
0.566171407699585,-0.40627849102020264,-1.1540155410766602,0.0,0.0,-0.0008589242352172732,-0.15747927129268646,0.0,0.0,0.1519360969768677,0.17939907186857715,-0.02288818359375,0.08170029520988464,0.0,0.0,0.0,0.0
0.5677127838134766,-0.40627849102020264,-1.1540155410766602,0.0,0.0,-0.0008589242352172732,-0.15747927129268646,0.0,0.0,0.1519360969768677,0.17939907186857715,-0.02288818359375,0.08170029520988464,0.0,0.0,0.0,0.0
0.569195032119751,-0.39719682931900024,-1.138493299484253,0.0,0.0,-0.0008426551357842982,-0.15747016668319702,0.0,0.0,0.1519360969768677,0.17939907186857715,-0.02288818359375,0.08170029520988464,0.0,0.0,0.0,0.0
0.5707085132598877,-0.39719682931900024,-1.138493299484253,0.0,0.0,-0.0008426551357842982,-0.15747016668319702,0.0,0.0,0.1519360969768677,0.17939907186857715,-0.02288818359375,0.08170029520988464,0.0,0.0,0.0,0.0
0.572638750076294,-0.39719682931900024,-1.138493299484253,0.0,0.0,-0.0008426551357842982,-0.15747016668319702,0.0,0.0,0.1519360969768677,0.17896763977198432,-0.02288818359375,0.0865926444530487,0.0,0.0,0.0,0.0
0.5743710994720459,-0.39719682931900024,-1.138493299484253,0.0,0.0,-0.0008426551357842982,-0.15747016668319702,0.0,0.0,0.1519360969768677,0.17891011783310753,-0.02288818359375,0.08544820547103882,0.0,0.0,0.0,0.0
0.5758523941040039,-0.39719682931900024,-1.138493299484253,0.0,0.0,-0.0008426551357842982,-0.15747016668319702,0.0,0.0,0.1519360969768677,0.17891011783310753,-0.02288818359375,0.08544820547103882,0.0,0.0,0.0,0.0
0.5772080421447754,-0.39719682931900024,-1.138493299484253,0.0,0.0,-0.0008426551357842982,-0.15747016668319702,0.0,0.0,0.1519360969768677,0.17893408628291824,-0.02288818359375,0.08447548002004623,0.0,0.0,0.0,0.0
0.5785415172576904,-0.37941795587539673,-1.1695510149002075,0.0,0.0,-0.0008061560802161694,-0.15749108791351318,0.0,0.0,0.1519360969768677,0.17893408628291824,-0.02288818359375,0.08447548002004623,0.0,0.0,0.0,0.0
0.5798294544219971,-0.37941795587539673,-1.1695510149002075,0.0,0.0,-0.0008061560802161694,-0.15749108791351318,0.0,0.0,0.1519360969768677,0.17893408628291824,-0.02288818359375,0.08447548002004623,0.0,0.0,0.0,0.0
0.5810980796813965,-0.37941795587539673,-1.1695510149002075,0.0,0.0,-0.0008061560802161694,-0.15749108791351318,0.0,0.0,0.1519360969768677,0.17893408628291824,-0.02288818359375,0.08447548002004623,0.0,0.0,0.0,0.0
0.5823779106140137,-0.37941795587539673,-1.1695510149002075,0.0,0.0,-0.0008061560802161694,-0.15749108791351318,0.0,0.0,0.1519360969768677,0.17893408628291824,-0.02288818359375,0.08447548002004623,0.0,0.0,0.0,0.0
0.5836403369903564,-0.37941795587539673,-1.1695510149002075,0.0,0.0,-0.0008061560802161694,-0.15749108791351318,0.0,0.0,0.1519360969768677,0.17893408628291824,-0.02288818359375,0.08447548002004623,0.0,0.0,0.0,0.0
0.5849690437316895,-0.37941795587539673,-1.1695510149002075,0.0,0.0,-0.0008061560802161694,-0.15749108791351318,0.0,0.0,0.1519360969768677,0.17893408628291824,-0.02288818359375,0.08447548002004623,0.0,0.0,0.0,0.0
0.5862336158752441,-0.37941795587539673,-1.1695510149002075,0.0,0.0,-0.0008061560802161694,-0.15749108791351318,0.0,0.0,0.1519360969768677,0.17893408628291824,-0.02288818359375,0.08447548002004623,0.0,0.0,0.0,0.0
0.587507963180542,-0.37941795587539673,-1.1695510149002075,0.0,0.0,-0.0008061560802161694,-0.15749108791351318,0.0,0.0,0.1519360969768677,0.17893408628291824,-0.02288818359375,0.08447548002004623,0.0,0.0,0.0,0.0
0.5891199111938477,-0.37941795587539673,-1.1695510149002075,0.0,0.0,-0.0008061560802161694,-0.15749108791351318,0.0,0.0,0.1519360969768677,0.17893408628291824,-0.02288818359375,0.08447548002004623,0.0,0.0,0.0,0.0
0.5903775691986084,-0.37941795587539673,-1.1695510149002075,0.0,0.0,-0.0008061560802161694,-0.15749108791351318,0.0,0.0,0.1519360969768677,0.17893408628291824,-0.02288818359375,0.08447548002004623,0.0,0.0,0.0,0.0
0.591630220413208,-0.37941795587539673,-1.1695510149002075,0.0,0.0,-0.0008061560802161694,-0.15749108791351318,0.0,0.0,0.1519360969768677,0.17893408628291824,-0.02288818359375,0.08447548002004623,0.0,0.0,0.0,0.0
0.5931041240692139,-0.37941795587539673,-1.1695510149002075,0.0,0.0,-0.0008061560802161694,-0.15749108791351318,0.0,0.0,0.1519360969768677,0.17893408628291824,-0.02288818359375,0.08447548002004623,0.0,0.0,0.0,0.0
0.5943434238433838,-0.37941795587539673,-1.1695510149002075,0.0,0.0,-0.0008061560802161694,-0.15749108791351318,0.0,0.0,0.1519360969768677,0.17893408628291824,-0.02288818359375,0.08447548002004623,0.0,0.0,0.0,0.0
0.5956017971038818,-0.37941795587539673,-1.1695510149002075,0.0,0.0,-0.0008061560802161694,-0.15749108791351318,0.0,0.0,0.1519360969768677,0.17893408628291824,-0.02288818359375,0.08447548002004623,0.0,0.0,0.0,0.0
0.597095251083374,-0.37941795587539673,-1.1695510149002075,0.0,0.0,-0.0008061560802161694,-0.15749108791351318,0.0,0.0,0.1519360969768677,0.17893408628291824,-0.02288818359375,0.08447548002004623,0.0,0.0,0.0,0.0
0.5984206199645996,-0.4036695659160614,-1.2110763788223267,0.0,0.0,-0.000844760681502521,-0.15751272439956665,0.0,0.0,0.1519360969768677,0.17893408628291824,-0.02288818359375,0.08447548002004623,0.0,0.0,0.0,0.0
0.5996725559234619,-0.4036695659160614,-1.2110763788223267,0.0,0.0,-0.000844760681502521,-0.15751272439956665,0.0,0.0,0.1519360969768677,0.17893408628291824,-0.02288818359375,0.08447548002004623,0.0,0.0,0.0,0.0
0.6010572910308838,-0.4036695659160614,-1.2110763788223267,0.0,0.0,-0.000844760681502521,-0.15751272439956665,0.0,0.0,0.1519360969768677,0.17893408628291824,-0.02288818359375,0.08447548002004623,0.0,0.0,0.0,0.0
0.6023106575012207,-0.4036695659160614,-1.2110763788223267,0.0,0.0,-0.000844760681502521,-0.15751272439956665,0.0,0.0,0.1519360969768677,0.17893408628291824,-0.02288818359375,0.08447548002004623,0.0,0.0,0.0,0.0
0.6035494804382324,-0.4036695659160614,-1.2110763788223267,0.0,0.0,-0.000844760681502521,-0.15751272439956665,0.0,0.0,0.1519360969768677,0.17893408628291824,-0.02288818359375,0.08447548002004623,0.0,0.0,0.0,0.0
0.6050980091094971,-0.4036695659160614,-1.2110763788223267,0.0,0.0,-0.000844760681502521,-0.15751272439956665,0.0,0.0,0.1519360969768677,0.17893408628291824,-0.02288818359375,0.08447548002004623,0.0,0.0,0.0,0.0
0.6063430309295654,-0.4036695659160614,-1.2110763788223267,0.0,0.0,-0.000844760681502521,-0.15751272439956665,0.0,0.0,0.1519360969768677,0.17893408628291824,-0.02288818359375,0.08447548002004623,0.0,0.0,0.0,0.0
0.6078948974609375,-0.4036695659160614,-1.2110763788223267,0.0,0.0,-0.000844760681502521,-0.15751272439956665,0.0,0.0,0.1519360969768677,0.17893408628291824,-0.02288818359375,0.08447548002004623,0.0,0.0,0.0,0.0
0.6092178821563721,-0.39742419123649597,-1.2002326250076294,0.0,0.0,-0.0008428771980106831,-0.1575116664171219,0.0,0.0,0.1519360969768677,0.17893408628291824,-0.02288818359375,0.08447548002004623,0.0,0.0,0.0,0.0
0.610525369644165,-0.39742419123649597,-1.2002326250076294,0.0,0.0,-0.0008428771980106831,-0.1575116664171219,0.0,0.0,0.1519360969768677,0.17943742372894322,-0.02288818359375,0.079068124294281,0.0,0.0,0.0,0.0
0.6117947101593018,-0.39742419123649597,-1.2002326250076294,0.0,0.0,-0.0008428771980106831,-0.1575116664171219,0.0,0.0,0.1519360969768677,0.17943742372894322,-0.02288818359375,0.079068124294281,0.0,0.0,0.0,0.0
0.6130738258361816,-0.39742419123649597,-1.2002326250076294,0.0,0.0,-0.0008428771980106831,-0.1575116664171219,0.0,0.0,0.1519360969768677,0.17945659380745393,-0.02288818359375,0.08055587857961655,0.0,0.0,0.0,0.0
0.6143412590026855,-0.39742419123649597,-1.2002326250076294,0.0,0.0,-0.0008428771980106831,-0.1575116664171219,0.0,0.0,0.1519360969768677,0.17945659380745393,-0.02288818359375,0.08055587857961655,0.0,0.0,0.0,0.0
0.6156210899353027,-0.39742419123649597,-1.2002326250076294,0.0,0.0,-0.0008428771980106831,-0.1575116664171219,0.0,0.0,0.1519360969768677,0.17939907186857715,-0.02288818359375,0.08170029520988464,0.0,0.0,0.0,0.0
0.6168971061706543,-0.39742419123649597,-1.2002326250076294,0.0,0.0,-0.0008428771980106831,-0.1575116664171219,0.0,0.0,0.1519360969768677,0.17939907186857715,-0.02288818359375,0.08170029520988464,0.0,0.0,0.0,0.0
0.6184017658233643,-0.39742419123649597,-1.2002326250076294,0.0,0.0,-0.0008428771980106831,-0.1575116664171219,0.0,0.0,0.1519360969768677,0.17939907186857715,-0.02288818359375,0.08170029520988464,0.0,0.0,0.0,0.0
0.6198041439056396,-0.39742419123649597,-1.2002326250076294,0.0,0.0,-0.0008428771980106831,-0.1575116664171219,0.0,0.0,0.1519360969768677,0.17939907186857715,-0.02288818359375,0.08170029520988464,0.0,0.0,0.0,0.0
0.6211833953857422,-0.39742419123649597,-1.2002326250076294,0.0,0.0,-0.0008428771980106831,-0.1575116664171219,0.0,0.0,0.1519360969768677,0.17939907186857715,-0.02288818359375,0.08170029520988464,0.0,0.0,0.0,0.0
0.6226456165313721,-0.39742419123649597,-1.2002326250076294,0.0,0.0,-0.0008428771980106831,-0.1575116664171219,0.0,0.0,0.1519360969768677,0.17939907186857715,-0.02288818359375,0.08170029520988464,0.0,0.0,0.0,0.0
0.6242609024047852,-0.39742419123649597,-1.2002326250076294,0.0,0.0,-0.0008428771980106831,-0.1575116664171219,0.0,0.0,0.1519360969768677,0.17939907186857715,-0.02288818359375,0.08170029520988464,0.0,0.0,0.0,0.0
0.6257381439208984,-0.39742419123649597,-1.2002326250076294,0.0,0.0,-0.0008428771980106831,-0.1575116664171219,0.0,0.0,0.1519360969768677,0.17939907186857715,-0.02288818359375,0.08170029520988464,0.0,0.0,0.0,0.0
0.6271522045135498,-0.39742419123649597,-1.2002326250076294,0.0,0.0,-0.0008428771980106831,-0.1575116664171219,0.0,0.0,0.1519360969768677,0.17923609109120214,-0.02288818359375,0.08350277692079544,0.0,0.0,0.0,0.0
0.6285321712493896,-0.39742419123649597,-1.2002326250076294,0.0,0.0,-0.0008428771980106831,-0.1575116664171219,0.0,0.0,0.1519360969768677,0.17923609109120214,-0.02288818359375,0.08350277692079544,0.0,0.0,0.0,0.0
0.6299452781677246,-0.39742419123649597,-1.2002326250076294,0.0,0.0,-0.0008428771980106831,-0.1575116664171219,0.0,0.0,0.1519360969768677,0.1792408777591575,-0.02288818359375,0.08264444768428802,0.0,0.0,0.0,0.0
0.6314024925231934,-0.39742419123649597,-1.2002326250076294,0.0,0.0,-0.0008428771980106831,-0.1575116664171219,0.0,0.0,0.1519360969768677,0.1792408777591575,-0.02288818359375,0.08264444768428802,0.0,0.0,0.0,0.0
0.6327700614929199,-0.39742419123649597,-1.2002326250076294,0.0,0.0,-0.0008428771980106831,-0.1575116664171219,0.0,0.0,0.1519360969768677,0.1792408777591575,-0.02288818359375,0.08264444768428802,0.0,0.0,0.0,0.0
0.6342372894287109,-0.39742419123649597,-1.2002326250076294,0.0,0.0,-0.0008428771980106831,-0.1575116664171219,0.0,0.0,0.1519360969768677,0.1792408777591575,-0.02288818359375,0.08264444768428802,0.0,0.0,0.0,0.0
0.6356298923492432,-0.39742419123649597,-1.2002326250076294,0.0,0.0,-0.0008428771980106831,-0.1575116664171219,0.0,0.0,0.1519360969768677,0.1792408777591575,-0.02288818359375,0.08264444768428802,0.0,0.0,0.0,0.0
0.6371166706085205,-0.39742419123649597,-1.2002326250076294,0.0,0.0,-0.0008428771980106831,-0.1575116664171219,0.0,0.0,0.1519360969768677,0.1792408777591575,-0.02288818359375,0.08264444768428802,0.0,0.0,0.0,0.0
0.6386547088623047,-0.36253631114959717,-1.140178918838501,0.0,0.0,-0.0008031058823689818,-0.15748940408229828,0.0,0.0,0.1519360969768677,0.17914980233121466,-0.02288818359375,0.08267301321029663,0.0,0.0,0.0,0.0
0.6399810314178467,-0.36253631114959717,-1.140178918838501,0.0,0.0,-0.0008031058823689818,-0.15748940408229828,0.0,0.0,0.1519360969768677,0.17914980233121466,-0.02288818359375,0.08267301321029663,0.0,0.0,0.0,0.0
0.6415743827819824,-0.36253631114959717,-1.140178918838501,0.0,0.0,-0.0008031058823689818,-0.15748940408229828,0.0,0.0,0.1519360969768677,0.17913541892065932,-0.02288818359375,0.08327385783195496,0.0,0.0,0.0,0.0
0.6428532600402832,-0.36253631114959717,-1.140178918838501,0.0,0.0,-0.0008031058823689818,-0.15748940408229828,0.0,0.0,0.1519360969768677,0.17913541892065932,-0.02288818359375,0.08327385783195496,0.0,0.0,0.0,0.0
0.6441781520843506,-0.36253631114959717,-1.140178918838501,0.0,0.0,-0.0008031058823689818,-0.15748940408229828,0.0,0.0,0.1519360969768677,0.17913541892065932,-0.02288818359375,0.08327385783195496,0.0,0.0,0.0,0.0
0.6454472541809082,-0.36253631114959717,-1.140178918838501,0.0,0.0,-0.0008031058823689818,-0.15748940408229828,0.0,0.0,0.1519360969768677,0.17913541892065932,-0.02288818359375,0.08327385783195496,0.0,0.0,0.0,0.0
0.6467342376708984,-0.36253631114959717,-1.140178918838501,0.0,0.0,-0.0008031058823689818,-0.15748940408229828,0.0,0.0,0.1519360969768677,0.17913541892065932,-0.02288818359375,0.08327385783195496,0.0,0.0,0.0,0.0
0.6480648517608643,-0.36253631114959717,-1.140178918838501,0.0,0.0,-0.0008031058823689818,-0.15748940408229828,0.0,0.0,0.1519360969768677,0.1792456761304575,-0.02288818359375,0.08181477338075638,0.0,0.0,0.0,0.0
0.6493277549743652,-0.37941795587539673,-1.1695510149002075,0.0,0.0,-0.0008061560802161694,-0.15749108791351318,0.0,0.0,0.1519360969768677,0.1792456761304575,-0.02288818359375,0.08181477338075638,0.0,0.0,0.0,0.0
0.6506123542785645,-0.37941795587539673,-1.1695510149002075,0.0,0.0,-0.0008061560802161694,-0.15749108791351318,0.0,0.0,0.1519360969768677,0.1793559333402557,-0.02288818359375,0.08115671575069427,0.0,0.0,0.0,0.0
0.6518564224243164,-0.37941795587539673,-1.1695510149002075,0.0,0.0,-0.0008061560802161694,-0.15749108791351318,0.0,0.0,0.1519360969768677,0.1793559333402557,-0.02288818359375,0.08115671575069427,0.0,0.0,0.0,0.0
0.6531000137329102,-0.37941795587539673,-1.1695510149002075,0.0,0.0,-0.0008061560802161694,-0.15749108791351318,0.0,0.0,0.1519360969768677,0.1793559333402557,-0.02288818359375,0.08115671575069427,0.0,0.0,0.0,0.0
0.6543431282043457,-0.37941795587539673,-1.1695510149002075,0.0,0.0,-0.0008061560802161694,-0.15749108791351318,0.0,0.0,0.1519360969768677,0.1789436713221736,-0.02288818359375,0.08673569560050964,0.0,0.0,0.0,0.0
0.6555979251861572,-0.37941795587539673,-1.1695510149002075,0.0,0.0,-0.0008061560802161694,-0.15749108791351318,0.0,0.0,0.1519360969768677,0.1789436713221736,-0.02288818359375,0.08673569560050964,0.0,0.0,0.0,0.0
0.656853199005127,-0.37941795587539673,-1.1695510149002075,0.0,0.0,-0.0008061560802161694,-0.15749108791351318,0.0,0.0,0.1519360969768677,0.1788861493832968,-0.02288818359375,0.08553405851125717,0.0,0.0,0.0,0.0
0.6582169532775879,-0.37941795587539673,-1.1695510149002075,0.0,0.0,-0.0008061560802161694,-0.15749108791351318,0.0,0.0,0.1519360969768677,0.1788861493832968,-0.02288818359375,0.08553405851125717,0.0,0.0,0.0,0.0
0.659799337387085,-0.38554292917251587,-1.179991364479065,0.0,0.0,-0.0008186588529497385,-0.1574980765581131,0.0,0.0,0.1519360969768677,0.17893408628291824,-0.02288818359375,0.08447548002004623,0.0,0.0,0.0,0.0
0.6610901355743408,-0.38554292917251587,-1.179991364479065,0.0,0.0,-0.0008186588529497385,-0.1574980765581131,0.0,0.0,0.1519360969768677,0.17893408628291824,-0.02288818359375,0.08447548002004623,0.0,0.0,0.0,0.0
0.6623787879943848,-0.38554292917251587,-1.179991364479065,0.0,0.0,-0.0008186588529497385,-0.1574980765581131,0.0,0.0,0.1519360969768677,0.17893408628291824,-0.02288818359375,0.08447548002004623,0.0,0.0,0.0,0.0
0.6640105247497559,-0.38554292917251587,-1.179991364479065,0.0,0.0,-0.0008186588529497385,-0.1574980765581131,0.0,0.0,0.1519360969768677,0.17893408628291824,-0.02288818359375,0.08447548002004623,0.0,0.0,0.0,0.0
0.6655828952789307,-0.38554292917251587,-1.179991364479065,0.0,0.0,-0.0008186588529497385,-0.1574980765581131,0.0,0.0,0.1519360969768677,0.17893408628291824,-0.02288818359375,0.08447548002004623,0.0,0.0,0.0,0.0
0.666989803314209,-0.38554292917251587,-1.179991364479065,0.0,0.0,-0.0008186588529497385,-0.1574980765581131,0.0,0.0,0.1519360969768677,0.17893408628291824,-0.02288818359375,0.08447548002004623,0.0,0.0,0.0,0.0
0.6683144569396973,-0.38554292917251587,-1.179991364479065,0.0,0.0,-0.0008186588529497385,-0.1574980765581131,0.0,0.0,0.1519360969768677,0.17893408628291824,-0.02288818359375,0.08447548002004623,0.0,0.0,0.0,0.0
0.6696512699127197,-0.38576939702033997,-1.1802504062652588,0.0,0.0,-0.0008258149027824402,-0.15750211477279663,0.0,0.0,0.1519360969768677,0.17893408628291824,-0.02288818359375,0.08447548002004623,0.0,0.0,0.0,0.0
0.670997142791748,-0.38576939702033997,-1.1802504062652588,0.0,0.0,-0.0008258149027824402,-0.15750211477279663,0.0,0.0,0.1519360969768677,0.17893408628291824,-0.02288818359375,0.08447548002004623,0.0,0.0,0.0,0.0
0.6723401546478271,-0.38576939702033997,-1.1802504062652588,0.0,0.0,-0.0008258149027824402,-0.15750211477279663,0.0,0.0,0.1519360969768677,0.1794134552791325,-0.02288818359375,0.0792970284819603,0.0,0.0,0.0,0.0
0.6736831665039062,-0.38576939702033997,-1.1802504062652588,0.0,0.0,-0.0008258149027824402,-0.15750211477279663,0.0,0.0,0.1519360969768677,0.1794134552791325,-0.02288818359375,0.0792970284819603,0.0,0.0,0.0,0.0
0.675041675567627,-0.38576939702033997,-1.1802504062652588,0.0,0.0,-0.0008258149027824402,-0.15750211477279663,0.0,0.0,0.1519360969768677,0.17945659380745393,-0.02288818359375,0.08058451116085052,0.0,0.0,0.0,0.0
0.6763989925384521,-0.38576939702033997,-1.1802504062652588,0.0,0.0,-0.0008258149027824402,-0.15750211477279663,0.0,0.0,0.1519360969768677,0.17945659380745393,-0.02288818359375,0.08058451116085052,0.0,0.0,0.0,0.0
0.6780126094818115,-0.38576939702033997,-1.1802504062652588,0.0,0.0,-0.0008258149027824402,-0.15750211477279663,0.0,0.0,0.1519360969768677,0.1790251617108611,-0.02288818359375,0.08624933660030365,0.0,0.0,0.0,0.0
0.679417610168457,-0.3759557604789734,-1.163452386856079,0.0,0.0,-0.0008095452794805169,-0.1574929803609848,0.0,0.0,0.1519360969768677,0.1790251617108611,-0.02288818359375,0.08624933660030365,0.0,0.0,0.0,0.0
0.6808669567108154,-0.3759557604789734,-1.163452386856079,0.0,0.0,-0.0008095452794805169,-0.1574929803609848,0.0,0.0,0.1519360969768677,0.17891011783310753,-0.02288818359375,0.08673568814992905,0.0,0.0,0.0,0.0
0.6823461055755615,-0.3759557604789734,-1.163452386856079,0.0,0.0,-0.0008095452794805169,-0.1574929803609848,0.0,0.0,0.1519360969768677,0.17891011783310753,-0.02288818359375,0.08673568814992905,0.0,0.0,0.0,0.0
0.6837396621704102,-0.3759557604789734,-1.163452386856079,0.0,0.0,-0.0008095452794805169,-0.1574929803609848,0.0,0.0,0.1519360969768677,0.17893408628291824,-0.02288818359375,0.08447548002004623,0.0,0.0,0.0,0.0
0.6851511001586914,-0.3759557604789734,-1.163452386856079,0.0,0.0,-0.0008095452794805169,-0.1574929803609848,0.0,0.0,0.1519360969768677,0.17893408628291824,-0.02288818359375,0.08447548002004623,0.0,0.0,0.0,0.0
0.6867525577545166,-0.3759557604789734,-1.163452386856079,0.0,0.0,-0.0008095452794805169,-0.1574929803609848,0.0,0.0,0.1519360969768677,0.17909706706029324,-0.02288818359375,0.08273027837276459,0.0,0.0,0.0,0.0
0.688178539276123,-0.3759557604789734,-1.163452386856079,0.0,0.0,-0.0008095452794805169,-0.1574929803609848,0.0,0.0,0.1519360969768677,0.17909706706029324,-0.02288818359375,0.08273027837276459,0.0,0.0,0.0,0.0
0.6900625228881836,-0.39742419123649597,-1.2002326250076294,0.0,0.0,-0.0008428771980106831,-0.1575116664171219,0.0,0.0,0.1519360969768677,0.17909228039233788,-0.02288818359375,0.08353132009506226,0.0,0.0,0.0,0.0
0.6915771961212158,-0.39742419123649597,-1.2002326250076294,0.0,0.0,-0.0008428771980106831,-0.1575116664171219,0.0,0.0,0.1519360969768677,0.17909228039233788,-0.02288818359375,0.08353132009506226,0.0,0.0,0.0,0.0
0.6930418014526367,-0.39742419123649597,-1.2002326250076294,0.0,0.0,-0.0008428771980106831,-0.1575116664171219,0.0,0.0,0.1519360969768677,0.17909228039233788,-0.02288818359375,0.08353132009506226,0.0,0.0,0.0,0.0
0.6944758892059326,-0.39742419123649597,-1.2002326250076294,0.0,0.0,-0.0008428771980106831,-0.1575116664171219,0.0,0.0,0.1519360969768677,0.17909228039233788,-0.02288818359375,0.08353132009506226,0.0,0.0,0.0,0.0
0.6959042549133301,-0.39742419123649597,-1.2002326250076294,0.0,0.0,-0.0008428771980106831,-0.1575116664171219,0.0,0.0,0.1519360969768677,0.17909228039233788,-0.02288818359375,0.08353132009506226,0.0,0.0,0.0,0.0
0.6973636150360107,-0.39742419123649597,-1.2002326250076294,0.0,0.0,-0.0008428771980106831,-0.1575116664171219,0.0,0.0,0.1519360969768677,0.17909228039233788,-0.02288818359375,0.08353132009506226,0.0,0.0,0.0,0.0
0.6989359855651855,-0.39742419123649597,-1.2002326250076294,0.0,0.0,-0.0008428771980106831,-0.1575116664171219,0.0,0.0,0.1519360969768677,0.17909228039233788,-0.02288818359375,0.08353132009506226,0.0,0.0,0.0,0.0
0.7003617286682129,-0.39742419123649597,-1.2002326250076294,0.0,0.0,-0.0008428771980106831,-0.1575116664171219,0.0,0.0,0.1519360969768677,0.17909228039233788,-0.02288818359375,0.08353132009506226,0.0,0.0,0.0,0.0
0.7017226219177246,-0.39742419123649597,-1.2002326250076294,0.0,0.0,-0.0008428771980106831,-0.1575116664171219,0.0,0.0,0.1519360969768677,0.17909228039233788,-0.02288818359375,0.08353132009506226,0.0,0.0,0.0,0.0
0.7031030654907227,-0.39742419123649597,-1.2002326250076294,0.0,0.0,-0.0008428771980106831,-0.1575116664171219,0.0,0.0,0.1519360969768677,0.17909228039233788,-0.02288818359375,0.08353132009506226,0.0,0.0,0.0,0.0
0.7044801712036133,-0.39742419123649597,-1.2002326250076294,0.0,0.0,-0.0008428771980106831,-0.1575116664171219,0.0,0.0,0.1519360969768677,0.17910186543159323,-0.02288818359375,0.08347412198781967,0.0,0.0,0.0,0.0
0.7058606147766113,-0.39742419123649597,-1.2002326250076294,0.0,0.0,-0.0008428771980106831,-0.1575116664171219,0.0,0.0,0.1519360969768677,0.17910186543159323,-0.02288818359375,0.08347412198781967,0.0,0.0,0.0,0.0
0.7071883678436279,-0.39742419123649597,-1.2002326250076294,0.0,0.0,-0.0008428771980106831,-0.1575116664171219,0.0,0.0,0.1519360969768677,0.17910186543159323,-0.02288818359375,0.08347412198781967,0.0,0.0,0.0,0.0
0.7086544036865234,-0.4119204878807068,-1.2254503965377808,0.0,0.0,-0.000844760681502521,-0.15751272439956665,0.0,0.0,0.1519360969768677,0.17910186543159323,-0.02288818359375,0.08347412198781967,0.0,0.0,0.0,0.0
0.7099800109863281,-0.4119204878807068,-1.2254503965377808,0.0,0.0,-0.000844760681502521,-0.15751272439956665,0.0,0.0,0.1519360969768677,0.17910186543159323,-0.02288818359375,0.08347412198781967,0.0,0.0,0.0,0.0
0.7112903594970703,-0.4119204878807068,-1.2254503965377808,0.0,0.0,-0.000844760681502521,-0.15751272439956665,0.0,0.0,0.1519360969768677,0.1791114504708486,-0.02288818359375,0.0834169089794159,0.0,0.0,0.0,0.0
0.7126140594482422,-0.4119204878807068,-1.2254503965377808,0.0,0.0,-0.000844760681502521,-0.15751272439956665,0.0,0.0,0.1519360969768677,0.1791114504708486,-0.02288818359375,0.0834169089794159,0.0,0.0,0.0,0.0
0.7138819694519043,-0.4119204878807068,-1.2254503965377808,0.0,0.0,-0.000844760681502521,-0.15751272439956665,0.0,0.0,0.1519360969768677,0.1792744312482236,-0.02288818359375,0.08164307475090027,0.0,0.0,0.0,0.0
0.7151727676391602,-0.4119204878807068,-1.2254503965377808,0.0,0.0,-0.000844760681502521,-0.15751272439956665,0.0,0.0,0.1519360969768677,0.1792744312482236,-0.02288818359375,0.08164307475090027,0.0,0.0,0.0,0.0
0.7164392471313477,-0.4119204878807068,-1.2254503965377808,0.0,0.0,-0.000844760681502521,-0.15751272439956665,0.0,0.0,0.1519360969768677,0.1793846884580218,-0.02288818359375,0.08095646649599075,0.0,0.0,0.0,0.0
0.717736005783081,-0.4119204878807068,-1.2254503965377808,0.0,0.0,-0.000844760681502521,-0.15751272439956665,0.0,0.0,0.1519360969768677,0.1793846884580218,-0.02288818359375,0.08095646649599075,0.0,0.0,0.0,0.0
0.7191030979156494,-0.3912970721721649,-1.1897965669631958,0.0,0.0,-0.0008303720969706774,-0.15750466287136078,0.0,0.0,0.1519360969768677,0.17939907186857715,-0.02288818359375,0.08170029520988464,0.0,0.0,0.0,0.0
0.7204530239105225,-0.3912970721721649,-1.1897965669631958,0.0,0.0,-0.0008303720969706774,-0.15750466287136078,0.0,0.0,0.1519360969768677,0.17939907186857715,-0.02288818359375,0.08170029520988464,0.0,0.0,0.0,0.0
0.7217130661010742,-0.3912970721721649,-1.1897965669631958,0.0,0.0,-0.0008303720969706774,-0.15750466287136078,0.0,0.0,0.1519360969768677,0.17939907186857715,-0.02288818359375,0.08170029520988464,0.0,0.0,0.0,0.0
0.7229971885681152,-0.3912970721721649,-1.1897965669631958,0.0,0.0,-0.0008303720969706774,-0.15750466287136078,0.0,0.0,0.1519360969768677,0.17939907186857715,-0.02288818359375,0.08170029520988464,0.0,0.0,0.0,0.0
0.7242867946624756,-0.3912970721721649,-1.1897965669631958,0.0,0.0,-0.0008303720969706774,-0.15750466287136078,0.0,0.0,0.1519360969768677,0.17939907186857715,-0.02288818359375,0.08170029520988464,0.0,0.0,0.0,0.0
0.7257950305938721,-0.3912970721721649,-1.1897965669631958,0.0,0.0,-0.0008303720969706774,-0.15750466287136078,0.0,0.0,0.1519360969768677,0.17912103551010394,-0.02288818359375,0.08447550237178802,0.0,0.0,0.0,0.0
0.7271294593811035,-0.3912970721721649,-1.1897965669631958,0.0,0.0,-0.0008303720969706774,-0.15750466287136078,0.0,0.0,0.1519360969768677,0.17890531946180754,-0.02288818359375,0.0875653624534607,0.0,0.0,0.0,0.0
0.7284164428710938,-0.3912970721721649,-1.1897965669631958,0.0,0.0,-0.0008303720969706774,-0.15750466287136078,0.0,0.0,0.1519360969768677,0.17890531946180754,-0.02288818359375,0.0875653624534607,0.0,0.0,0.0,0.0
0.7298679351806641,-0.3912970721721649,-1.1897965669631958,0.0,0.0,-0.0008303720969706774,-0.15750466287136078,0.0,0.0,0.1519360969768677,0.17890531946180754,-0.02288818359375,0.0875653624534607,0.0,0.0,0.0,0.0
0.7311794757843018,-0.3912970721721649,-1.1897965669631958,0.0,0.0,-0.0008303720969706774,-0.15750466287136078,0.0,0.0,0.1519360969768677,0.17909228039233788,-0.02288818359375,0.08447548002004623,0.0,0.0,0.0,0.0
0.732515811920166,-0.3912970721721649,-1.1897965669631958,0.0,0.0,-0.0008303720969706774,-0.15750466287136078,0.0,0.0,0.1519360969768677,0.17909228039233788,-0.02288818359375,0.08447548002004623,0.0,0.0,0.0,0.0
0.7337789535522461,-0.3912970721721649,-1.1897965669631958,0.0,0.0,-0.0008303720969706774,-0.15750466287136078,0.0,0.0,0.1519360969768677,0.17942783868968787,-0.02288818359375,0.07895371317863464,0.0,0.0,0.0,0.0
0.7351031303405762,-0.3912970721721649,-1.1897965669631958,0.0,0.0,-0.0008303720969706774,-0.15750466287136078,0.0,0.0,0.1519360969768677,0.17942783868968787,-0.02288818359375,0.07895371317863464,0.0,0.0,0.0,0.0
0.736344575881958,-0.3912970721721649,-1.1897965669631958,0.0,0.0,-0.0008303720969706774,-0.15750466287136078,0.0,0.0,0.1519360969768677,0.17945180713949857,-0.02288818359375,0.08058451116085052,0.0,0.0,0.0,0.0
0.7376201152801514,-0.3912970721721649,-1.1897965669631958,0.0,0.0,-0.0008303720969706774,-0.15750466287136078,0.0,0.0,0.1519360969768677,0.17945180713949857,-0.02288818359375,0.08058451116085052,0.0,0.0,0.0,0.0
0.738884687423706,-0.3905546963214874,-1.1885316371917725,0.0,0.0,-0.0008288656244985759,-0.15750382840633392,0.0,0.0,0.1519360969768677,0.17939907186857715,-0.02288818359375,0.08170029520988464,0.0,0.0,0.0,0.0
0.7401537895202637,-0.3905546963214874,-1.1885316371917725,0.0,0.0,-0.0008288656244985759,-0.15750382840633392,0.0,0.0,0.1519360969768677,0.17939907186857715,-0.02288818359375,0.08170029520988464,0.0,0.0,0.0,0.0
0.7413966655731201,-0.3905546963214874,-1.1885316371917725,0.0,0.0,-0.0008288656244985759,-0.15750382840633392,0.0,0.0,0.1519360969768677,0.17939907186857715,-0.02288818359375,0.08170029520988464,0.0,0.0,0.0,0.0
0.7426621913909912,-0.3905546963214874,-1.1885316371917725,0.0,0.0,-0.0008288656244985759,-0.15750382840633392,0.0,0.0,0.1519360969768677,0.17939907186857715,-0.02288818359375,0.08170029520988464,0.0,0.0,0.0,0.0
0.7440431118011475,-0.3905546963214874,-1.1885316371917725,0.0,0.0,-0.0008288656244985759,-0.15750382840633392,0.0,0.0,0.1519360969768677,0.1790251617108611,-0.02288818359375,0.086335189640522,0.0,0.0,0.0,0.0
0.7453947067260742,-0.3905546963214874,-1.1885316371917725,0.0,0.0,-0.0008288656244985759,-0.15750382840633392,0.0,0.0,0.1519360969768677,0.1790251617108611,-0.02288818359375,0.086335189640522,0.0,0.0,0.0,0.0
0.7467954158782959,-0.3905546963214874,-1.1885316371917725,0.0,0.0,-0.0008288656244985759,-0.15750382840633392,0.0,0.0,0.1519360969768677,0.1789149045010629,-0.02288818359375,0.08536244183778763,0.0,0.0,0.0,0.0
0.7480666637420654,-0.3905546963214874,-1.1885316371917725,0.0,0.0,-0.0008288656244985759,-0.15750382840633392,0.0,0.0,0.1519360969768677,0.1789149045010629,-0.02288818359375,0.08536244183778763,0.0,0.0,0.0,0.0
0.749434232711792,-0.37941795587539673,-1.1695510149002075,0.0,0.0,-0.0008061560802161694,-0.15749108791351318,0.0,0.0,0.1519360969768677,0.17893408628291824,-0.02288818359375,0.08447548002004623,0.0,0.0,0.0,0.0
0.7507550716400146,-0.37941795587539673,-1.1695510149002075,0.0,0.0,-0.0008061560802161694,-0.15749108791351318,0.0,0.0,0.1519360969768677,0.17893408628291824,-0.02288818359375,0.08447548002004623,0.0,0.0,0.0,0.0
0.7522964477539062,-0.37941795587539673,-1.1695510149002075,0.0,0.0,-0.0008061560802161694,-0.15749108791351318,0.0,0.0,0.1519360969768677,0.17893408628291824,-0.02288818359375,0.08447548002004623,0.0,0.0,0.0,0.0
0.7537360191345215,-0.37941795587539673,-1.1695510149002075,0.0,0.0,-0.0008061560802161694,-0.15749108791351318,0.0,0.0,0.1519360969768677,0.17893408628291824,-0.02288818359375,0.08447548002004623,0.0,0.0,0.0,0.0
0.7551257610321045,-0.37941795587539673,-1.1695510149002075,0.0,0.0,-0.0008061560802161694,-0.15749108791351318,0.0,0.0,0.1519360969768677,0.17893408628291824,-0.02288818359375,0.08447548002004623,0.0,0.0,0.0,0.0
0.7565834522247314,-0.37941795587539673,-1.1695510149002075,0.0,0.0,-0.0008061560802161694,-0.15749108791351318,0.0,0.0,0.1519360969768677,0.17893408628291824,-0.02288818359375,0.08447548002004623,0.0,0.0,0.0,0.0
0.7582175731658936,-0.37941795587539673,-1.1695510149002075,0.0,0.0,-0.0008061560802161694,-0.15749108791351318,0.0,0.0,0.1519360969768677,0.17893408628291824,-0.02288818359375,0.08447548002004623,0.0,0.0,0.0,0.0
0.7600064277648926,-0.36180803179740906,-1.13889479637146,0.0,0.0,-0.0008038965752348304,-0.1574898213148117,0.0,0.0,0.1519360969768677,0.17893408628291824,-0.02288818359375,0.08447548002004623,0.0,0.0,0.0,0.0
0.7614808082580566,-0.36180803179740906,-1.13889479637146,0.0,0.0,-0.0008038965752348304,-0.1574898213148117,0.0,0.0,0.1519360969768677,0.17893408628291824,-0.02288818359375,0.08447548002004623,0.0,0.0,0.0,0.0
0.7628750801086426,-0.36180803179740906,-1.13889479637146,0.0,0.0,-0.0008038965752348304,-0.1574898213148117,0.0,0.0,0.1519360969768677,0.17893408628291824,-0.02288818359375,0.08447548002004623,0.0,0.0,0.0,0.0
0.764366865158081,-0.36180803179740906,-1.13889479637146,0.0,0.0,-0.0008038965752348304,-0.1574898213148117,0.0,0.0,0.1519360969768677,0.17912103551010394,-0.02288818359375,0.08447548002004623,0.0,0.0,0.0,0.0
0.765789270401001,-0.36180803179740906,-1.13889479637146,0.0,0.0,-0.0008038965752348304,-0.1574898213148117,0.0,0.0,0.1519360969768677,0.17912103551010394,-0.02288818359375,0.08447548002004623,0.0,0.0,0.0,0.0
0.7672882080078125,-0.36180803179740906,-1.13889479637146,0.0,0.0,-0.0008038965752348304,-0.1574898213148117,0.0,0.0,0.1519360969768677,0.17909228039233788,-0.02288818359375,0.08218663930892944,0.0,0.0,0.0,0.0
0.768801212310791,-0.37941795587539673,-1.1695510149002075,0.0,0.0,-0.0008061560802161694,-0.15749108791351318,0.0,0.0,0.1519360969768677,0.17909228039233788,-0.02288818359375,0.08218663930892944,0.0,0.0,0.0,0.0
0.7703382968902588,-0.37941795587539673,-1.1695510149002075,0.0,0.0,-0.0008061560802161694,-0.15749108791351318,0.0,0.0,0.1519360969768677,0.17909228039233788,-0.02288818359375,0.08353132009506226,0.0,0.0,0.0,0.0
0.7718713283538818,-0.37941795587539673,-1.1695510149002075,0.0,0.0,-0.0008061560802161694,-0.15749108791351318,0.0,0.0,0.1519360969768677,0.17909228039233788,-0.02288818359375,0.08353132009506226,0.0,0.0,0.0,0.0
0.7734010219573975,-0.37941795587539673,-1.1695510149002075,0.0,0.0,-0.0008061560802161694,-0.15749108791351318,0.0,0.0,0.1519360969768677,0.17909228039233788,-0.02288818359375,0.08353132009506226,0.0,0.0,0.0,0.0
0.774824857711792,-0.37941795587539673,-1.1695510149002075,0.0,0.0,-0.0008061560802161694,-0.15749108791351318,0.0,0.0,0.1519360969768677,0.17909228039233788,-0.02288818359375,0.08353132009506226,0.0,0.0,0.0,0.0
0.7763204574584961,-0.37941795587539673,-1.1695510149002075,0.0,0.0,-0.0008061560802161694,-0.15749108791351318,0.0,0.0,0.1519360969768677,0.17909228039233788,-0.02288818359375,0.08353132009506226,0.0,0.0,0.0,0.0
0.7778058052062988,-0.37941795587539673,-1.1695510149002075,0.0,0.0,-0.0008061560802161694,-0.15749108791351318,0.0,0.0,0.1519360969768677,0.17909228039233788,-0.02288818359375,0.08353132009506226,0.0,0.0,0.0,0.0
0.779296875,-0.39742419123649597,-1.2002326250076294,0.0,0.0,-0.0008428771980106831,-0.1575116664171219,0.0,0.0,0.1519360969768677,0.17909228039233788,-0.02288818359375,0.08353132009506226,0.0,0.0,0.0,0.0
0.780787467956543,-0.39742419123649597,-1.2002326250076294,0.0,0.0,-0.0008428771980106831,-0.1575116664171219,0.0,0.0,0.1519360969768677,0.17909228039233788,-0.02288818359375,0.08353132009506226,0.0,0.0,0.0,0.0
0.7822954654693604,-0.39742419123649597,-1.2002326250076294,0.0,0.0,-0.0008428771980106831,-0.1575116664171219,0.0,0.0,0.1519360969768677,0.17909228039233788,-0.02288818359375,0.08353132009506226,0.0,0.0,0.0,0.0
0.7838151454925537,-0.39742419123649597,-1.2002326250076294,0.0,0.0,-0.0008428771980106831,-0.1575116664171219,0.0,0.0,0.1519360969768677,0.17909228039233788,-0.02288818359375,0.08353132009506226,0.0,0.0,0.0,0.0
0.7853331565856934,-0.39742419123649597,-1.2002326250076294,0.0,0.0,-0.0008428771980106831,-0.1575116664171219,0.0,0.0,0.1519360969768677,0.17909228039233788,-0.02288818359375,0.08353132009506226,0.0,0.0,0.0,0.0
0.7867577075958252,-0.39742419123649597,-1.2002326250076294,0.0,0.0,-0.0008428771980106831,-0.1575116664171219,0.0,0.0,0.1519360969768677,0.17909228039233788,-0.02288818359375,0.08353132009506226,0.0,0.0,0.0,0.0
0.7883045673370361,-0.39742419123649597,-1.2002326250076294,0.0,0.0,-0.0008428771980106831,-0.1575116664171219,0.0,0.0,0.1519360969768677,0.17909228039233788,-0.02288818359375,0.08353132009506226,0.0,0.0,0.0,0.0
0.7902421951293945,-0.39742419123649597,-1.2002326250076294,0.0,0.0,-0.0008428771980106831,-0.1575116664171219,0.0,0.0,0.1519360969768677,0.17909228039233788,-0.02288818359375,0.08353132009506226,0.0,0.0,0.0,0.0
0.7921543121337891,-0.39742419123649597,-1.2002326250076294,0.0,0.0,-0.0008428771980106831,-0.1575116664171219,0.0,0.0,0.1519360969768677,0.17909228039233788,-0.02288818359375,0.08353132009506226,0.0,0.0,0.0,0.0
0.7937793731689453,-0.39742419123649597,-1.2002326250076294,0.0,0.0,-0.0008428771980106831,-0.1575116664171219,0.0,0.0,0.1519360969768677,0.17909228039233788,-0.02288818359375,0.08353132009506226,0.0,0.0,0.0,0.0
0.7952218055725098,-0.39742419123649597,-1.2002326250076294,0.0,0.0,-0.0008428771980106831,-0.1575116664171219,0.0,0.0,0.1519360969768677,0.17909228039233788,-0.02288818359375,0.08353132009506226,0.0,0.0,0.0,0.0
0.7967185974121094,-0.39742419123649597,-1.2002326250076294,0.0,0.0,-0.0008428771980106831,-0.1575116664171219,0.0,0.0,0.1519360969768677,0.17909228039233788,-0.02288818359375,0.08353132009506226,0.0,0.0,0.0,0.0
0.7982220649719238,-0.39742419123649597,-1.2002326250076294,0.0,0.0,-0.0008428771980106831,-0.1575116664171219,0.0,0.0,0.1519360969768677,0.17909228039233788,-0.02288818359375,0.08353132009506226,0.0,0.0,0.0,0.0
0.799933910369873,-0.3912970721721649,-1.1897965669631958,0.0,0.0,-0.0008303720969706774,-0.15750466287136078,0.0,0.0,0.1519360969768677,0.17909228039233788,-0.02288818359375,0.08353132009506226,0.0,0.0,0.0,0.0
0.8014159202575684,-0.3912970721721649,-1.1897965669631958,0.0,0.0,-0.0008303720969706774,-0.15750466287136078,0.0,0.0,0.1519360969768677,0.17909228039233788,-0.02288818359375,0.08353132009506226,0.0,0.0,0.0,0.0
0.8027832508087158,-0.3912970721721649,-1.1897965669631958,0.0,0.0,-0.0008303720969706774,-0.15750466287136078,0.0,0.0,0.1519360969768677,0.17909228039233788,-0.02288818359375,0.08353132009506226,0.0,0.0,0.0,0.0
0.8042781352996826,-0.3912970721721649,-1.1897965669631958,0.0,0.0,-0.0008303720969706774,-0.15750466287136078,0.0,0.0,0.1519360969768677,0.17909228039233788,-0.02288818359375,0.08353132009506226,0.0,0.0,0.0,0.0
0.8057637214660645,-0.3912970721721649,-1.1897965669631958,0.0,0.0,-0.0008303720969706774,-0.15750466287136078,0.0,0.0,0.1519360969768677,0.17909228039233788,-0.02288818359375,0.08353132009506226,0.0,0.0,0.0,0.0
0.8071627616882324,-0.3912970721721649,-1.1897965669631958,0.0,0.0,-0.0008303720969706774,-0.15750466287136078,0.0,0.0,0.1519360969768677,0.17909228039233788,-0.02288818359375,0.08353132009506226,0.0,0.0,0.0,0.0
0.8086919784545898,-0.3912970721721649,-1.1897965669631958,0.0,0.0,-0.0008303720969706774,-0.15750466287136078,0.0,0.0,0.1519360969768677,0.17909228039233788,-0.02288818359375,0.08353132009506226,0.0,0.0,0.0,0.0
0.8101694583892822,-0.3912970721721649,-1.1897965669631958,0.0,0.0,-0.0008303720969706774,-0.15750466287136078,0.0,0.0,0.1519360969768677,0.17909228039233788,-0.02288818359375,0.08353132009506226,0.0,0.0,0.0,0.0
0.8116343021392822,-0.3912970721721649,-1.1897965669631958,0.0,0.0,-0.0008303720969706774,-0.15750466287136078,0.0,0.0,0.1519360969768677,0.17910186543159323,-0.02288818359375,0.08347412198781967,0.0,0.0,0.0,0.0
0.8131165504455566,-0.3912970721721649,-1.1897965669631958,0.0,0.0,-0.0008303720969706774,-0.15750466287136078,0.0,0.0,0.1519360969768677,0.17910186543159323,-0.02288818359375,0.08347412198781967,0.0,0.0,0.0,0.0
0.8147604465484619,-0.3912970721721649,-1.1897965669631958,0.0,0.0,-0.0008303720969706774,-0.15750466287136078,0.0,0.0,0.1519360969768677,0.17927922961952358,-0.02288818359375,0.08155723661184311,0.0,0.0,0.0,0.0
0.816124677658081,-0.3912970721721649,-1.1897965669631958,0.0,0.0,-0.0008303720969706774,-0.15750466287136078,0.0,0.0,0.1519360969768677,0.17927922961952358,-0.02288818359375,0.08155723661184311,0.0,0.0,0.0,0.0
0.8176014423370361,-0.3912970721721649,-1.1897965669631958,0.0,0.0,-0.0008303720969706774,-0.15750466287136078,0.0,0.0,0.1519360969768677,0.1793894868293218,-0.02288818359375,0.08095646649599075,0.0,0.0,0.0,0.0
0.8189713954925537,-0.3912970721721649,-1.1897965669631958,0.0,0.0,-0.0008303720969706774,-0.15750466287136078,0.0,0.0,0.1519360969768677,0.1793894868293218,-0.02288818359375,0.08095646649599075,0.0,0.0,0.0,0.0
0.8204431533813477,-0.3912970721721649,-1.1897965669631958,0.0,0.0,-0.0008303720969706774,-0.15750466287136078,0.0,0.0,0.1519360969768677,0.17939907186857715,-0.02288818359375,0.08170029520988464,0.0,0.0,0.0,0.0
0.8219201564788818,-0.3912970721721649,-1.1897965669631958,0.0,0.0,-0.0008303720969706774,-0.15750466287136078,0.0,0.0,0.1519360969768677,0.17939907186857715,-0.02288818359375,0.08170029520988464,0.0,0.0,0.0,0.0
0.8233869075775146,-0.3912970721721649,-1.1897965669631958,0.0,0.0,-0.0008303720969706774,-0.15750466287136078,0.0,0.0,0.1519360969768677,0.17939907186857715,-0.02288818359375,0.08170029520988464,0.0,0.0,0.0,0.0
0.8248388767242432,-0.3912970721721649,-1.1897965669631958,0.0,0.0,-0.0008303720969706774,-0.15750466287136078,0.0,0.0,0.1519360969768677,0.17939907186857715,-0.02288818359375,0.08170029520988464,0.0,0.0,0.0,0.0
0.8266849517822266,-0.3912970721721649,-1.1897965669631958,0.0,0.0,-0.0008303720969706774,-0.15750466287136078,0.0,0.0,0.1519360969768677,0.1790826836497379,-0.02288818359375,0.08590603619813919,0.0,0.0,0.0,0.0
0.8281848430633545,-0.3912970721721649,-1.1897965669631958,0.0,0.0,-0.0008303720969706774,-0.15750466287136078,0.0,0.0,0.1519360969768677,0.17889093605125217,-0.02288818359375,0.0863923728466034,0.0,0.0,0.0,0.0
0.8298690319061279,-0.3912970721721649,-1.1897965669631958,0.0,0.0,-0.0008303720969706774,-0.15750466287136078,0.0,0.0,0.1519360969768677,0.17889093605125217,-0.02288818359375,0.0863923728466034,0.0,0.0,0.0,0.0
0.8313276767730713,-0.3912970721721649,-1.1897965669631958,0.0,0.0,-0.0008303720969706774,-0.15750466287136078,0.0,0.0,0.1519360969768677,0.17893408628291824,-0.02288818359375,0.08447548002004623,0.0,0.0,0.0,0.0
0.8328018188476562,-0.3912970721721649,-1.1897965669631958,0.0,0.0,-0.0008303720969706774,-0.15750466287136078,0.0,0.0,0.1519360969768677,0.17893408628291824,-0.02288818359375,0.08447548002004623,0.0,0.0,0.0,0.0
0.8342678546905518,-0.3912970721721649,-1.1897965669631958,0.0,0.0,-0.0008303720969706774,-0.15750466287136078,0.0,0.0,0.1519360969768677,0.17915938737047002,-0.02288818359375,0.08152864873409271,0.0,0.0,0.0,0.0
0.8357465267181396,-0.3912970721721649,-1.1897965669631958,0.0,0.0,-0.0008303720969706774,-0.15750466287136078,0.0,0.0,0.1519360969768677,0.17915938737047002,-0.02288818359375,0.08152864873409271,0.0,0.0,0.0,0.0
0.8372170925140381,-0.3912970721721649,-1.1897965669631958,0.0,0.0,-0.0008303720969706774,-0.15750466287136078,0.0,0.0,0.1519360969768677,0.17919294085953608,-0.02288818359375,0.08212944120168686,0.0,0.0,0.0,0.0
0.8387062549591064,-0.39092591404914856,-1.1891640424728394,0.0,0.0,-0.0008296188898384571,-0.15750424563884735,0.0,0.0,0.1519360969768677,0.17919294085953608,-0.02288818359375,0.08212944120168686,0.0,0.0,0.0,0.0
0.8405337333679199,-0.39092591404914856,-1.1891640424728394,0.0,0.0,-0.0008296188898384571,-0.15750424563884735,0.0,0.0,0.1519360969768677,0.17928881465877894,-0.02288818359375,0.0815286710858345,0.0,0.0,0.0,0.0
0.8420379161834717,-0.39092591404914856,-1.1891640424728394,0.0,0.0,-0.0008296188898384571,-0.15750424563884735,0.0,0.0,0.1519360969768677,0.17939427349727716,-0.02288818359375,0.0808706134557724,0.0,0.0,0.0,0.0
0.8435053825378418,-0.39092591404914856,-1.1891640424728394,0.0,0.0,-0.0008296188898384571,-0.15750424563884735,0.0,0.0,0.1519360969768677,0.17939427349727716,-0.02288818359375,0.0808706134557724,0.0,0.0,0.0,0.0
0.8449950218200684,-0.39092591404914856,-1.1891640424728394,0.0,0.0,-0.0008296188898384571,-0.15750424563884735,0.0,0.0,0.1519360969768677,0.17939907186857715,-0.02288818359375,0.08170029520988464,0.0,0.0,0.0,0.0
0.8464457988739014,-0.39092591404914856,-1.1891640424728394,0.0,0.0,-0.0008296188898384571,-0.15750424563884735,0.0,0.0,0.1519360969768677,0.17939907186857715,-0.02288818359375,0.08170029520988464,0.0,0.0,0.0,0.0
0.8479349613189697,-0.39092591404914856,-1.1891640424728394,0.0,0.0,-0.0008296188898384571,-0.15750424563884735,0.0,0.0,0.1519360969768677,0.17939907186857715,-0.02288818359375,0.08170029520988464,0.0,0.0,0.0,0.0
0.8493037223815918,-0.37941795587539673,-1.1695510149002075,0.0,0.0,-0.0008061560802161694,-0.15749108791351318,0.0,0.0,0.1519360969768677,0.17939907186857715,-0.02288818359375,0.08170029520988464,0.0,0.0,0.0,0.0
0.8509490489959717,-0.37941795587539673,-1.1695510149002075,0.0,0.0,-0.0008061560802161694,-0.15749108791351318,0.0,0.0,0.1519360969768677,0.17889573442255216,-0.02288818359375,0.08710764348506927,0.0,0.0,0.0,0.0
0.8524112701416016,-0.37941795587539673,-1.1695510149002075,0.0,0.0,-0.0008061560802161694,-0.15749108791351318,0.0,0.0,0.1519360969768677,0.17889093605125217,-0.02288818359375,0.08556269109249115,0.0,0.0,0.0,0.0
0.8538851737976074,-0.37941795587539673,-1.1695510149002075,0.0,0.0,-0.0008061560802161694,-0.15749108791351318,0.0,0.0,0.1519360969768677,0.17889093605125217,-0.02288818359375,0.08556269109249115,0.0,0.0,0.0,0.0
0.8553485870361328,-0.37941795587539673,-1.1695510149002075,0.0,0.0,-0.0008061560802161694,-0.15749108791351318,0.0,0.0,0.1519360969768677,0.17893408628291824,-0.02288818359375,0.08447548002004623,0.0,0.0,0.0,0.0
0.856813907623291,-0.37941795587539673,-1.1695510149002075,0.0,0.0,-0.0008061560802161694,-0.15749108791351318,0.0,0.0,0.1519360969768677,0.17893408628291824,-0.02288818359375,0.08447548002004623,0.0,0.0,0.0,0.0
0.8586821556091309,-0.37843215465545654,-1.1674787998199463,0.0,0.0,-0.0008250615792348981,-0.1575016975402832,0.0,0.0,0.1519360969768677,0.17927922961952358,-0.02288818359375,0.07992643117904663,0.0,0.0,0.0,0.0
0.8601467609405518,-0.37843215465545654,-1.1674787998199463,0.0,0.0,-0.0008250615792348981,-0.1575016975402832,0.0,0.0,0.1519360969768677,0.17927922961952358,-0.02288818359375,0.07992643117904663,0.0,0.0,0.0,0.0
0.8618676662445068,-0.37843215465545654,-1.1674787998199463,0.0,0.0,-0.0008250615792348981,-0.1575016975402832,0.0,0.0,0.1519360969768677,0.17940387023987714,-0.02288818359375,0.07961178570985794,0.0,0.0,0.0,0.0
0.8633275032043457,-0.37843215465545654,-1.1674787998199463,0.0,0.0,-0.0008250615792348981,-0.1575016975402832,0.0,0.0,0.1519360969768677,0.17939907186857715,-0.02288818359375,0.08170029520988464,0.0,0.0,0.0,0.0
0.8648135662078857,-0.37843215465545654,-1.1674787998199463,0.0,0.0,-0.0008250615792348981,-0.1575016975402832,0.0,0.0,0.1519360969768677,0.17939907186857715,-0.02288818359375,0.08170029520988464,0.0,0.0,0.0,0.0
0.8662068843841553,-0.37843215465545654,-1.1674787998199463,0.0,0.0,-0.0008250615792348981,-0.1575016975402832,0.0,0.0,0.1519360969768677,0.17939907186857715,-0.02288818359375,0.08170029520988464,0.0,0.0,0.0,0.0
0.8676879405975342,-0.37843215465545654,-1.1674787998199463,0.0,0.0,-0.0008250615792348981,-0.1575016975402832,0.0,0.0,0.1519360969768677,0.17939907186857715,-0.02288818359375,0.08170029520988464,0.0,0.0,0.0,0.0
0.8690805435180664,-0.37410467863082886,-1.1602818965911865,0.0,0.0,-0.0008065327419899404,-0.1574913114309311,0.0,0.0,0.1519360969768677,0.17939907186857715,-0.02288818359375,0.08170029520988464,0.0,0.0,0.0,0.0
0.8703782558441162,-0.37410467863082886,-1.1602818965911865,0.0,0.0,-0.0008065327419899404,-0.1574913114309311,0.0,0.0,0.1519360969768677,0.17939907186857715,-0.02288818359375,0.08170029520988464,0.0,0.0,0.0,0.0
0.8717761039733887,-0.37410467863082886,-1.1602818965911865,0.0,0.0,-0.0008065327419899404,-0.1574913114309311,0.0,0.0,0.1519360969768677,0.17909706706029324,-0.02288818359375,0.08590603619813919,0.0,0.0,0.0,0.0
0.8731939792633057,-0.37410467863082886,-1.1602818965911865,0.0,0.0,-0.0008065327419899404,-0.1574913114309311,0.0,0.0,0.1519360969768677,0.17909706706029324,-0.02288818359375,0.08590603619813919,0.0,0.0,0.0,0.0
0.8745951652526855,-0.37410467863082886,-1.1602818965911865,0.0,0.0,-0.0008065327419899404,-0.1574913114309311,0.0,0.0,0.1519360969768677,0.17889093605125217,-0.02288818359375,0.0863923728466034,0.0,0.0,0.0,0.0
0.8760063648223877,-0.37410467863082886,-1.1602818965911865,0.0,0.0,-0.0008065327419899404,-0.1574913114309311,0.0,0.0,0.1519360969768677,0.17889093605125217,-0.02288818359375,0.0863923728466034,0.0,0.0,0.0,0.0
0.8774430751800537,-0.37410467863082886,-1.1602818965911865,0.0,0.0,-0.0008065327419899404,-0.1574913114309311,0.0,0.0,0.1519360969768677,0.17893408628291824,-0.02288818359375,0.08447548002004623,0.0,0.0,0.0,0.0
0.8787553310394287,-0.4044126272201538,-1.2123417854309082,0.0,0.0,-0.0008462673285976052,-0.1575135737657547,0.0,0.0,0.1519360969768677,0.17893408628291824,-0.02288818359375,0.08447548002004623,0.0,0.0,0.0,0.0
0.8803541660308838,-0.4044126272201538,-1.2123417854309082,0.0,0.0,-0.0008462673285976052,-0.1575135737657547,0.0,0.0,0.1519360969768677,0.17893408628291824,-0.02288818359375,0.08447548002004623,0.0,0.0,0.0,0.0
0.8819668292999268,-0.4044126272201538,-1.2123417854309082,0.0,0.0,-0.0008462673285976052,-0.1575135737657547,0.0,0.0,0.1519360969768677,0.17893408628291824,-0.02288818359375,0.08447548002004623,0.0,0.0,0.0,0.0
0.8833866119384766,-0.4044126272201538,-1.2123417854309082,0.0,0.0,-0.0008462673285976052,-0.1575135737657547,0.0,0.0,0.1519360969768677,0.17893408628291824,-0.02288818359375,0.08447548002004623,0.0,0.0,0.0,0.0
0.8849084377288818,-0.4044126272201538,-1.2123417854309082,0.0,0.0,-0.0008462673285976052,-0.1575135737657547,0.0,0.0,0.1519360969768677,0.17893408628291824,-0.02288818359375,0.08447548002004623,0.0,0.0,0.0,0.0
0.8863322734832764,-0.4044126272201538,-1.2123417854309082,0.0,0.0,-0.0008462673285976052,-0.1575135737657547,0.0,0.0,0.1519360969768677,0.17893408628291824,-0.02288818359375,0.08447548002004623,0.0,0.0,0.0,0.0
0.8877534866333008,-0.4044126272201538,-1.2123417854309082,0.0,0.0,-0.0008462673285976052,-0.1575135737657547,0.0,0.0,0.1519360969768677,0.17893408628291824,-0.02288818359375,0.08447548002004623,0.0,0.0,0.0,0.0
0.8891844749450684,-0.37941795587539673,-1.1695510149002075,0.0,0.0,-0.0008061560802161694,-0.15749108791351318,0.0,0.0,0.1519360969768677,0.17893408628291824,-0.02288818359375,0.08447548002004623,0.0,0.0,0.0,0.0
0.8906269073486328,-0.37941795587539673,-1.1695510149002075,0.0,0.0,-0.0008061560802161694,-0.15749108791351318,0.0,0.0,0.1519360969768677,0.17933675155840037,-0.02288818359375,0.07949727773666382,0.0,0.0,0.0,0.0
0.8920683860778809,-0.37941795587539673,-1.1695510149002075,0.0,0.0,-0.0008061560802161694,-0.15749108791351318,0.0,0.0,0.1519360969768677,0.17933675155840037,-0.02288818359375,0.07949727773666382,0.0,0.0,0.0,0.0
0.8935339450836182,-0.37941795587539673,-1.1695510149002075,0.0,0.0,-0.0008061560802161694,-0.15749108791351318,0.0,0.0,0.1519360969768677,0.17943262535764323,-0.02288818359375,0.08072756230831146,0.0,0.0,0.0,0.0
0.8948664665222168,-0.37941795587539673,-1.1695510149002075,0.0,0.0,-0.0008061560802161694,-0.15749108791351318,0.0,0.0,0.1519360969768677,0.17943262535764323,-0.02288818359375,0.08072756230831146,0.0,0.0,0.0,0.0
0.8963115215301514,-0.37941795587539673,-1.1695510149002075,0.0,0.0,-0.0008061560802161694,-0.15749108791351318,0.0,0.0,0.1519360969768677,0.17939907186857715,-0.02288818359375,0.08170029520988464,0.0,0.0,0.0,0.0
0.8977470397949219,-0.37941795587539673,-1.1695510149002075,0.0,0.0,-0.0008061560802161694,-0.15749108791351318,0.0,0.0,0.1519360969768677,0.17901077830030573,-0.02288818359375,0.08650680631399155,0.0,0.0,0.0,0.0
0.8991296291351318,-0.4097297489643097,-1.2216044664382935,0.0,0.0,-0.0008462673285976052,-0.1575135737657547,0.0,0.0,0.1519360969768677,0.17901077830030573,-0.02288818359375,0.08650680631399155,0.0,0.0,0.0,0.0
0.9006838798522949,-0.4097297489643097,-1.2216044664382935,0.0,0.0,-0.0008462673285976052,-0.1575135737657547,0.0,0.0,0.1519360969768677,0.1789149045010629,-0.02288818359375,0.08673568814992905,0.0,0.0,0.0,0.0
0.902080774307251,-0.4097297489643097,-1.2216044664382935,0.0,0.0,-0.0008462673285976052,-0.1575135737657547,0.0,0.0,0.1519360969768677,0.1789149045010629,-0.02288818359375,0.08673568814992905,0.0,0.0,0.0,0.0
0.9035356044769287,-0.4097297489643097,-1.2216044664382935,0.0,0.0,-0.0008462673285976052,-0.1575135737657547,0.0,0.0,0.1519360969768677,0.17893408628291824,-0.02288818359375,0.08447548002004623,0.0,0.0,0.0,0.0
0.9049301147460938,-0.4097297489643097,-1.2216044664382935,0.0,0.0,-0.0008462673285976052,-0.1575135737657547,0.0,0.0,0.1519360969768677,0.17893408628291824,-0.02288818359375,0.08447548002004623,0.0,0.0,0.0,0.0
0.9062306880950928,-0.4097297489643097,-1.2216044664382935,0.0,0.0,-0.0008462673285976052,-0.1575135737657547,0.0,0.0,0.1519360969768677,0.17893408628291824,-0.02288818359375,0.08447548002004623,0.0,0.0,0.0,0.0
0.9074971675872803,-0.4097297489643097,-1.2216044664382935,0.0,0.0,-0.0008462673285976052,-0.1575135737657547,0.0,0.0,0.1519360969768677,0.17893408628291824,-0.02288818359375,0.08447548002004623,0.0,0.0,0.0,0.0
0.9087715148925781,-0.39742419123649597,-1.2002326250076294,0.0,0.0,-0.0008428771980106831,-0.1575116664171219,0.0,0.0,0.1519360969768677,0.17893408628291824,-0.02288818359375,0.08447548002004623,0.0,0.0,0.0,0.0
0.910022497177124,-0.39742419123649597,-1.2002326250076294,0.0,0.0,-0.0008428771980106831,-0.1575116664171219,0.0,0.0,0.1519360969768677,0.17893408628291824,-0.02288818359375,0.08447548002004623,0.0,0.0,0.0,0.0
0.9113881587982178,-0.39742419123649597,-1.2002326250076294,0.0,0.0,-0.0008428771980106831,-0.1575116664171219,0.0,0.0,0.1519360969768677,0.17893408628291824,-0.02288818359375,0.08447548002004623,0.0,0.0,0.0,0.0
0.9126956462860107,-0.39742419123649597,-1.2002326250076294,0.0,0.0,-0.0008428771980106831,-0.1575116664171219,0.0,0.0,0.1519360969768677,0.17893408628291824,-0.02288818359375,0.08447548002004623,0.0,0.0,0.0,0.0
0.9139752388000488,-0.39742419123649597,-1.2002326250076294,0.0,0.0,-0.0008428771980106831,-0.1575116664171219,0.0,0.0,0.1519360969768677,0.17937510341876645,-0.02288818359375,0.07935422658920288,0.0,0.0,0.0,0.0
0.9152495861053467,-0.39742419123649597,-1.2002326250076294,0.0,0.0,-0.0008428771980106831,-0.1575116664171219,0.0,0.0,0.1519360969768677,0.17937510341876645,-0.02288818359375,0.07935422658920288,0.0,0.0,0.0,0.0
0.9167778491973877,-0.39742419123649597,-1.2002326250076294,0.0,0.0,-0.0008428771980106831,-0.1575116664171219,0.0,0.0,0.1519360969768677,0.1794422103968986,-0.02288818359375,0.08067036420106888,0.0,0.0,0.0,0.0
0.9180722236633301,-0.39742419123649597,-1.2002326250076294,0.0,0.0,-0.0008428771980106831,-0.1575116664171219,0.0,0.0,0.1519360969768677,0.1794422103968986,-0.02288818359375,0.08067036420106888,0.0,0.0,0.0,0.0
0.9194402694702148,-0.3731698989868164,-1.158709168434143,0.0,0.0,-0.0008034824277274311,-0.157489612698555,0.0,0.0,0.1519360969768677,0.17939907186857715,-0.02288818359375,0.08170029520988464,0.0,0.0,0.0,0.0
0.9207136631011963,-0.3731698989868164,-1.158709168434143,0.0,0.0,-0.0008034824277274311,-0.157489612698555,0.0,0.0,0.1519360969768677,0.17939907186857715,-0.02288818359375,0.08170029520988464,0.0,0.0,0.0,0.0
0.9219937324523926,-0.3731698989868164,-1.158709168434143,0.0,0.0,-0.0008034824277274311,-0.157489612698555,0.0,0.0,0.1519360969768677,0.17939907186857715,-0.02288818359375,0.08170029520988464,0.0,0.0,0.0,0.0
0.9232826232910156,-0.3731698989868164,-1.158709168434143,0.0,0.0,-0.0008034824277274311,-0.157489612698555,0.0,0.0,0.1519360969768677,0.17939907186857715,-0.02288818359375,0.08170029520988464,0.0,0.0,0.0,0.0
0.9245395660400391,-0.3731698989868164,-1.158709168434143,0.0,0.0,-0.0008034824277274311,-0.157489612698555,0.0,0.0,0.1519360969768677,0.17939907186857715,-0.02288818359375,0.08170029520988464,0.0,0.0,0.0,0.0
0.9258298873901367,-0.3731698989868164,-1.158709168434143,0.0,0.0,-0.0008034824277274311,-0.157489612698555,0.0,0.0,0.1519360969768677,0.17939907186857715,-0.02288818359375,0.08170029520988464,0.0,0.0,0.0,0.0
0.9271125793457031,-0.3731698989868164,-1.158709168434143,0.0,0.0,-0.0008034824277274311,-0.157489612698555,0.0,0.0,0.1519360969768677,0.17939907186857715,-0.02288818359375,0.08170029520988464,0.0,0.0,0.0,0.0
0.9285013675689697,-0.39742419123649597,-1.2002326250076294,0.0,0.0,-0.0008428771980106831,-0.1575116664171219,0.0,0.0,0.1519360969768677,0.17909228039233788,-0.02288818359375,0.08458992093801498,0.0,0.0,0.0,0.0
0.9297664165496826,-0.39742419123649597,-1.2002326250076294,0.0,0.0,-0.0008428771980106831,-0.1575116664171219,0.0,0.0,0.1519360969768677,0.17909228039233788,-0.02288818359375,0.08458992093801498,0.0,0.0,0.0,0.0
0.9310333728790283,-0.39742419123649597,-1.2002326250076294,0.0,0.0,-0.0008428771980106831,-0.1575116664171219,0.0,0.0,0.1519360969768677,0.17893408628291824,-0.02288818359375,0.08653542399406433,0.0,0.0,0.0,0.0
0.9323456287384033,-0.39742419123649597,-1.2002326250076294,0.0,0.0,-0.0008428771980106831,-0.1575116664171219,0.0,0.0,0.1519360969768677,0.17893408628291824,-0.02288818359375,0.08653542399406433,0.0,0.0,0.0,0.0
0.9336276054382324,-0.39742419123649597,-1.2002326250076294,0.0,0.0,-0.0008428771980106831,-0.1575116664171219,0.0,0.0,0.1519360969768677,0.17893408628291824,-0.02288818359375,0.08447548002004623,0.0,0.0,0.0,0.0
0.9349286556243896,-0.39742419123649597,-1.2002326250076294,0.0,0.0,-0.0008428771980106831,-0.1575116664171219,0.0,0.0,0.1519360969768677,0.17893408628291824,-0.02288818359375,0.08447548002004623,0.0,0.0,0.0,0.0
0.9364948272705078,-0.39742419123649597,-1.2002326250076294,0.0,0.0,-0.0008428771980106831,-0.1575116664171219,0.0,0.0,0.1519360969768677,0.17893408628291824,-0.02288818359375,0.08447548002004623,0.0,0.0,0.0,0.0
0.9377477169036865,-0.39742419123649597,-1.2002326250076294,0.0,0.0,-0.0008428771980106831,-0.1575116664171219,0.0,0.0,0.1519360969768677,0.17893408628291824,-0.02288818359375,0.08447548002004623,0.0,0.0,0.0,0.0
0.9390535354614258,-0.39742419123649597,-1.2002326250076294,0.0,0.0,-0.0008428771980106831,-0.1575116664171219,0.0,0.0,0.1519360969768677,0.17893408628291824,-0.02288818359375,0.08447548002004623,0.0,0.0,0.0,0.0
0.9403829574584961,-0.39742419123649597,-1.2002326250076294,0.0,0.0,-0.0008428771980106831,-0.1575116664171219,0.0,0.0,0.1519360969768677,0.17893408628291824,-0.02288818359375,0.08447548002004623,0.0,0.0,0.0,0.0
0.9416601657867432,-0.39742419123649597,-1.2002326250076294,0.0,0.0,-0.0008428771980106831,-0.1575116664171219,0.0,0.0,0.1519360969768677,0.17893408628291824,-0.02288818359375,0.08447548002004623,0.0,0.0,0.0,0.0
0.9429106712341309,-0.39742419123649597,-1.2002326250076294,0.0,0.0,-0.0008428771980106831,-0.1575116664171219,0.0,0.0,0.1519360969768677,0.17893408628291824,-0.02288818359375,0.08447548002004623,0.0,0.0,0.0,0.0
0.9442958831787109,-0.39742419123649597,-1.2002326250076294,0.0,0.0,-0.0008428771980106831,-0.1575116664171219,0.0,0.0,0.1519360969768677,0.17929361303007893,-0.02288818359375,0.07992643117904663,0.0,0.0,0.0,0.0
0.94559645652771,-0.39742419123649597,-1.2002326250076294,0.0,0.0,-0.0008428771980106831,-0.1575116664171219,0.0,0.0,0.1519360969768677,0.17929361303007893,-0.02288818359375,0.07992643117904663,0.0,0.0,0.0,0.0
0.9469280242919922,-0.39742419123649597,-1.2002326250076294,0.0,0.0,-0.0008428771980106831,-0.1575116664171219,0.0,0.0,0.1519360969768677,0.1794086569078325,-0.02288818359375,0.07949730008840561,0.0,0.0,0.0,0.0
0.9482214450836182,-0.39742419123649597,-1.2002326250076294,0.0,0.0,-0.0008428771980106831,-0.1575116664171219,0.0,0.0,0.1519360969768677,0.1794086569078325,-0.02288818359375,0.07949730008840561,0.0,0.0,0.0,0.0
0.950080156326294,-0.37941795587539673,-1.1695510149002075,0.0,0.0,-0.0008061560802161694,-0.15749108791351318,0.0,0.0,0.1519360969768677,0.17939907186857715,-0.02288818359375,0.08170029520988464,0.0,0.0,0.0,0.0
0.9513523578643799,-0.37941795587539673,-1.1695510149002075,0.0,0.0,-0.0008061560802161694,-0.15749108791351318,0.0,0.0,0.1519360969768677,0.17939907186857715,-0.02288818359375,0.08170029520988464,0.0,0.0,0.0,0.0
0.9526350498199463,-0.37941795587539673,-1.1695510149002075,0.0,0.0,-0.0008061560802161694,-0.15749108791351318,0.0,0.0,0.1519360969768677,0.17939907186857715,-0.02288818359375,0.08170029520988464,0.0,0.0,0.0,0.0
0.9539499282836914,-0.37941795587539673,-1.1695510149002075,0.0,0.0,-0.0008061560802161694,-0.15749108791351318,0.0,0.0,0.1519360969768677,0.17889573442255216,-0.02288818359375,0.08710764348506927,0.0,0.0,0.0,0.0
0.9552614688873291,-0.37941795587539673,-1.1695510149002075,0.0,0.0,-0.0008061560802161694,-0.15749108791351318,0.0,0.0,0.1519360969768677,0.17889573442255216,-0.02288818359375,0.08710764348506927,0.0,0.0,0.0,0.0
0.9565436840057373,-0.37941795587539673,-1.1695510149002075,0.0,0.0,-0.0008061560802161694,-0.15749108791351318,0.0,0.0,0.1519360969768677,0.17937030504746643,-0.02288818359375,0.08026975393295288,0.0,0.0,0.0,0.0
0.9578278064727783,-0.37941795587539673,-1.1695510149002075,0.0,0.0,-0.0008061560802161694,-0.15749108791351318,0.0,0.0,0.1519360969768677,0.17937030504746643,-0.02288818359375,0.08026975393295288,0.0,0.0,0.0,0.0
0.9591329097747803,-0.4106253385543823,-1.2232311964035034,0.0,0.0,-0.0008428771980106831,-0.1575116664171219,0.0,0.0,0.1519360969768677,0.17946139217875393,-0.02288818359375,0.08055587857961655,0.0,0.0,0.0,0.0
0.9604439735412598,-0.4106253385543823,-1.2232311964035034,0.0,0.0,-0.0008428771980106831,-0.1575116664171219,0.0,0.0,0.1519360969768677,0.17946139217875393,-0.02288818359375,0.08055587857961655,0.0,0.0,0.0,0.0
0.9617366790771484,-0.4106253385543823,-1.2232311964035034,0.0,0.0,-0.0008428771980106831,-0.1575116664171219,0.0,0.0,0.1519360969768677,0.1790826836497379,-0.02288818359375,0.08599179983139038,0.0,0.0,0.0,0.0
0.9630217552185059,-0.4106253385543823,-1.2232311964035034,0.0,0.0,-0.0008428771980106831,-0.1575116664171219,0.0,0.0,0.1519360969768677,0.1790826836497379,-0.02288818359375,0.08599179983139038,0.0,0.0,0.0,0.0
0.9643070697784424,-0.4106253385543823,-1.2232311964035034,0.0,0.0,-0.0008428771980106831,-0.1575116664171219,0.0,0.0,0.1519360969768677,0.1788621809334861,-0.02288818359375,0.08650678396224976,0.0,0.0,0.0,0.0
0.9655778408050537,-0.4106253385543823,-1.2232311964035034,0.0,0.0,-0.0008428771980106831,-0.1575116664171219,0.0,0.0,0.1519360969768677,0.1788621809334861,-0.02288818359375,0.08650678396224976,0.0,0.0,0.0,0.0
0.966886043548584,-0.4106253385543823,-1.2232311964035034,0.0,0.0,-0.0008428771980106831,-0.1575116664171219,0.0,0.0,0.1519360969768677,0.17893408628291824,-0.02288818359375,0.08447548002004623,0.0,0.0,0.0,0.0
0.9681820869445801,-0.4106253385543823,-1.2232311964035034,0.0,0.0,-0.0008428771980106831,-0.1575116664171219,0.0,0.0,0.1519360969768677,0.17893408628291824,-0.02288818359375,0.08447548002004623,0.0,0.0,0.0,0.0
0.969733476638794,-0.39742419123649597,-1.2002326250076294,0.0,0.0,-0.0008428771980106831,-0.1575116664171219,0.0,0.0,0.1519360969768677,0.17893408628291824,-0.02288818359375,0.08447548002004623,0.0,0.0,0.0,0.0
0.9711947441101074,-0.39742419123649597,-1.2002326250076294,0.0,0.0,-0.0008428771980106831,-0.1575116664171219,0.0,0.0,0.1519360969768677,0.17893408628291824,-0.02288818359375,0.08447548002004623,0.0,0.0,0.0,0.0
0.9725310802459717,-0.39742419123649597,-1.2002326250076294,0.0,0.0,-0.0008428771980106831,-0.1575116664171219,0.0,0.0,0.1519360969768677,0.17920732427009145,-0.02288818359375,0.08170026540756226,0.0,0.0,0.0,0.0
0.973787784576416,-0.39742419123649597,-1.2002326250076294,0.0,0.0,-0.0008428771980106831,-0.1575116664171219,0.0,0.0,0.1519360969768677,0.17920732427009145,-0.02288818359375,0.08170026540756226,0.0,0.0,0.0,0.0
0.9751360416412354,-0.39742419123649597,-1.2002326250076294,0.0,0.0,-0.0008428771980106831,-0.1575116664171219,0.0,0.0,0.1519360969768677,0.17942304031838785,-0.02288818359375,0.0786389708518982,0.0,0.0,0.0,0.0
0.9764349460601807,-0.39742419123649597,-1.2002326250076294,0.0,0.0,-0.0008428771980106831,-0.1575116664171219,0.0,0.0,0.1519360969768677,0.17942304031838785,-0.02288818359375,0.0786389708518982,0.0,0.0,0.0,0.0
0.9780974388122559,-0.39742419123649597,-1.2002326250076294,0.0,0.0,-0.0008428771980106831,-0.1575116664171219,0.0,0.0,0.1519360969768677,0.1789724381432843,-0.02288818359375,0.0859060138463974,0.0,0.0,0.0,0.0
0.9795629978179932,-0.41431131958961487,-1.2295933961868286,0.0,0.0,-0.0008458906086161733,-0.1575133502483368,0.0,0.0,0.1519360969768677,0.17889093605125217,-0.02288818359375,0.08553405851125717,0.0,0.0,0.0,0.0
0.9808287620544434,-0.41431131958961487,-1.2295933961868286,0.0,0.0,-0.0008458906086161733,-0.1575133502483368,0.0,0.0,0.1519360969768677,0.17889093605125217,-0.02288818359375,0.08553405851125717,0.0,0.0,0.0,0.0
0.9820618629455566,-0.41431131958961487,-1.2295933961868286,0.0,0.0,-0.0008458906086161733,-0.1575133502483368,0.0,0.0,0.1519360969768677,0.17889093605125217,-0.02288818359375,0.08553405851125717,0.0,0.0,0.0,0.0
0.9838480949401855,-0.41431131958961487,-1.2295933961868286,0.0,0.0,-0.0008458906086161733,-0.1575133502483368,0.0,0.0,0.1519360969768677,0.17893408628291824,-0.02288818359375,0.08447548002004623,0.0,0.0,0.0,0.0
0.9852025508880615,-0.41431131958961487,-1.2295933961868286,0.0,0.0,-0.0008458906086161733,-0.1575133502483368,0.0,0.0,0.1519360969768677,0.17901077830030573,-0.02288818359375,0.08447548002004623,0.0,0.0,0.0,0.0
0.9865367412567139,-0.41431131958961487,-1.2295933961868286,0.0,0.0,-0.0008458906086161733,-0.1575133502483368,0.0,0.0,0.1519360969768677,0.17901077830030573,-0.02288818359375,0.08447548002004623,0.0,0.0,0.0,0.0
0.9877800941467285,-0.41431131958961487,-1.2295933961868286,0.0,0.0,-0.0008458906086161733,-0.1575133502483368,0.0,0.0,0.1519360969768677,0.17915938737047002,-0.02288818359375,0.08235833048820496,0.0,0.0,0.0,0.0
0.989154577255249,-0.4104773700237274,-1.2228617668151855,0.0,0.0,-0.0008485651924274862,-0.15751485526561737,0.0,0.0,0.1519360969768677,0.17915938737047002,-0.02288818359375,0.08235833048820496,0.0,0.0,0.0,0.0
0.9904799461364746,-0.4104773700237274,-1.2228617668151855,0.0,0.0,-0.0008485651924274862,-0.15751485526561737,0.0,0.0,0.1519360969768677,0.17909228039233788,-0.02288818359375,0.08353132009506226,0.0,0.0,0.0,0.0
0.991757869720459,-0.4104773700237274,-1.2228617668151855,0.0,0.0,-0.0008485651924274862,-0.15751485526561737,0.0,0.0,0.1519360969768677,0.17909228039233788,-0.02288818359375,0.08353132009506226,0.0,0.0,0.0,0.0
0.9931769371032715,-0.4104773700237274,-1.2228617668151855,0.0,0.0,-0.0008485651924274862,-0.15751485526561737,0.0,0.0,0.1519360969768677,0.17909228039233788,-0.02288818359375,0.08353132009506226,0.0,0.0,0.0,0.0
0.9944486618041992,-0.4104773700237274,-1.2228617668151855,0.0,0.0,-0.0008485651924274862,-0.15751485526561737,0.0,0.0,0.1519360969768677,0.17909228039233788,-0.02288818359375,0.08353132009506226,0.0,0.0,0.0,0.0
0.9957401752471924,-0.4104773700237274,-1.2228617668151855,0.0,0.0,-0.0008485651924274862,-0.15751485526561737,0.0,0.0,0.1519360969768677,0.17909228039233788,-0.02288818359375,0.08353132009506226,0.0,0.0,0.0,0.0
0.9970650672912598,-0.4104773700237274,-1.2228617668151855,0.0,0.0,-0.0008485651924274862,-0.15751485526561737,0.0,0.0,0.1519360969768677,0.17909228039233788,-0.02288818359375,0.08353132009506226,0.0,0.0,0.0,0.0
0.998328447341919,-0.4104773700237274,-1.2228617668151855,0.0,0.0,-0.0008485651924274862,-0.15751485526561737,0.0,0.0,0.1519360969768677,0.17909228039233788,-0.02288818359375,0.08353132009506226,0.0,0.0,0.0,0.0
0.9999315738677979,-0.3795090913772583,-1.1694258451461792,0.0,0.0,-0.000821295368950814,-0.15749958157539368,0.0,0.0,0.1519360969768677,0.17909228039233788,-0.02288818359375,0.08353132009506226,0.0,0.0,0.0,0.0
1.0012269020080566,-0.3795090913772583,-1.1694258451461792,0.0,0.0,-0.000821295368950814,-0.15749958157539368,0.0,0.0,0.1519360969768677,0.17909228039233788,-0.02288818359375,0.08353132009506226,0.0,0.0,0.0,0.0
1.0024850368499756,-0.3795090913772583,-1.1694258451461792,0.0,0.0,-0.000821295368950814,-0.15749958157539368,0.0,0.0,0.1519360969768677,0.17909228039233788,-0.02288818359375,0.08353132009506226,0.0,0.0,0.0,0.0
1.0037331581115723,-0.3795090913772583,-1.1694258451461792,0.0,0.0,-0.000821295368950814,-0.15749958157539368,0.0,0.0,0.1519360969768677,0.17909228039233788,-0.02288818359375,0.08353132009506226,0.0,0.0,0.0,0.0
1.005150318145752,-0.3795090913772583,-1.1694258451461792,0.0,0.0,-0.000821295368950814,-0.15749958157539368,0.0,0.0,0.1519360969768677,0.17909228039233788,-0.02288818359375,0.08353132009506226,0.0,0.0,0.0,0.0
1.0063896179199219,-0.3795090913772583,-1.1694258451461792,0.0,0.0,-0.000821295368950814,-0.15749958157539368,0.0,0.0,0.1519360969768677,0.17909228039233788,-0.02288818359375,0.08353132009506226,0.0,0.0,0.0,0.0
1.0076179504394531,-0.3795090913772583,-1.1694258451461792,0.0,0.0,-0.000821295368950814,-0.15749958157539368,0.0,0.0,0.1519360969768677,0.17917855744898073,-0.02288818359375,0.08353132009506226,0.0,0.0,0.0,0.0
1.0088765621185303,-0.39742419123649597,-1.2002326250076294,0.0,0.0,-0.0008428771980106831,-0.1575116664171219,0.0,0.0,0.1519360969768677,0.17917855744898073,-0.02288818359375,0.08353132009506226,0.0,0.0,0.0,0.0
1.0102016925811768,-0.39742419123649597,-1.2002326250076294,0.0,0.0,-0.0008428771980106831,-0.1575116664171219,0.0,0.0,0.1519360969768677,0.17918815419158074,-0.02288818359375,0.0829305499792099,0.0,0.0,0.0,0.0
1.011531114578247,-0.39742419123649597,-1.2002326250076294,0.0,0.0,-0.0008428771980106831,-0.1575116664171219,0.0,0.0,0.1519360969768677,0.17918815419158074,-0.02288818359375,0.0829305499792099,0.0,0.0,0.0,0.0
1.0127766132354736,-0.39742419123649597,-1.2002326250076294,0.0,0.0,-0.0008428771980106831,-0.1575116664171219,0.0,0.0,0.1519360969768677,0.17901077830030573,-0.02288818359375,0.08481880277395248,0.0,0.0,0.0,0.0
1.0141339302062988,-0.39742419123649597,-1.2002326250076294,0.0,0.0,-0.0008428771980106831,-0.1575116664171219,0.0,0.0,0.1519360969768677,0.17901077830030573,-0.02288818359375,0.08481880277395248,0.0,0.0,0.0,0.0
1.0154106616973877,-0.39742419123649597,-1.2002326250076294,0.0,0.0,-0.0008428771980106831,-0.1575116664171219,0.0,0.0,0.1519360969768677,0.1789149045010629,-0.02288818359375,0.08541963994503021,0.0,0.0,0.0,0.0
1.0167012214660645,-0.39742419123649597,-1.2002326250076294,0.0,0.0,-0.0008428771980106831,-0.1575116664171219,0.0,0.0,0.1519360969768677,0.1789149045010629,-0.02288818359375,0.08541963994503021,0.0,0.0,0.0,0.0
1.018059253692627,-0.39742419123649597,-1.2002326250076294,0.0,0.0,-0.0008428771980106831,-0.1575116664171219,0.0,0.0,0.1519360969768677,0.17893408628291824,-0.02288818359375,0.08447548002004623,0.0,0.0,0.0,0.0
1.0193524360656738,-0.3912970721721649,-1.1897965669631958,0.0,0.0,-0.0008303720969706774,-0.15750466287136078,0.0,0.0,0.1519360969768677,0.17893408628291824,-0.02288818359375,0.08447548002004623,0.0,0.0,0.0,0.0
1.0206451416015625,-0.3912970721721649,-1.1897965669631958,0.0,0.0,-0.0008303720969706774,-0.15750466287136078,0.0,0.0,0.1519360969768677,0.17893408628291824,-0.02288818359375,0.08447548002004623,0.0,0.0,0.0,0.0
1.0219056606292725,-0.3912970721721649,-1.1897965669631958,0.0,0.0,-0.0008303720969706774,-0.15750466287136078,0.0,0.0,0.1519360969768677,0.17893408628291824,-0.02288818359375,0.08447548002004623,0.0,0.0,0.0,0.0
1.0231690406799316,-0.3912970721721649,-1.1897965669631958,0.0,0.0,-0.0008303720969706774,-0.15750466287136078,0.0,0.0,0.1519360969768677,0.17893408628291824,-0.02288818359375,0.08447548002004623,0.0,0.0,0.0,0.0
1.0244331359863281,-0.3912970721721649,-1.1897965669631958,0.0,0.0,-0.0008303720969706774,-0.15750466287136078,0.0,0.0,0.1519360969768677,0.17893408628291824,-0.02288818359375,0.08447548002004623,0.0,0.0,0.0,0.0
1.0257139205932617,-0.3912970721721649,-1.1897965669631958,0.0,0.0,-0.0008303720969706774,-0.15750466287136078,0.0,0.0,0.1519360969768677,0.17893408628291824,-0.02288818359375,0.08447548002004623,0.0,0.0,0.0,0.0
1.0271844863891602,-0.3912970721721649,-1.1897965669631958,0.0,0.0,-0.0008303720969706774,-0.15750466287136078,0.0,0.0,0.1519360969768677,0.17909228039233788,-0.02288818359375,0.08447548002004623,0.0,0.0,0.0,0.0
1.0284631252288818,-0.3912970721721649,-1.1897965669631958,0.0,0.0,-0.0008303720969706774,-0.15750466287136078,0.0,0.0,0.1519360969768677,0.17940387023987714,-0.02288818359375,0.0788106620311737,0.0,0.0,0.0,0.0
1.0297675132751465,-0.3912970721721649,-1.1897965669631958,0.0,0.0,-0.0008303720969706774,-0.15750466287136078,0.0,0.0,0.1519360969768677,0.17940387023987714,-0.02288818359375,0.0788106620311737,0.0,0.0,0.0,0.0
1.0310516357421875,-0.3912970721721649,-1.1897965669631958,0.0,0.0,-0.0008303720969706774,-0.15750466287136078,0.0,0.0,0.1519360969768677,0.17945180713949857,-0.02288818359375,0.08052731305360794,0.0,0.0,0.0,0.0
1.032381296157837,-0.3912970721721649,-1.1897965669631958,0.0,0.0,-0.0008303720969706774,-0.15750466287136078,0.0,0.0,0.1519360969768677,0.17945180713949857,-0.02288818359375,0.08052731305360794,0.0,0.0,0.0,0.0
1.033679485321045,-0.3912970721721649,-1.1897965669631958,0.0,0.0,-0.0008303720969706774,-0.15750466287136078,0.0,0.0,0.1519360969768677,0.17903474675011646,-0.02288818359375,0.08627790212631226,0.0,0.0,0.0,0.0
1.0349860191345215,-0.3912970721721649,-1.1897965669631958,0.0,0.0,-0.0008303720969706774,-0.15750466287136078,0.0,0.0,0.1519360969768677,0.17903474675011646,-0.02288818359375,0.08627790212631226,0.0,0.0,0.0,0.0
1.0362451076507568,-0.3912970721721649,-1.1897965669631958,0.0,0.0,-0.0008303720969706774,-0.15750466287136078,0.0,0.0,0.1519360969768677,0.17887656434404145,-0.02288818359375,0.08647821843624115,0.0,0.0,0.0,0.0
1.0375490188598633,-0.3912970721721649,-1.1897965669631958,0.0,0.0,-0.0008303720969706774,-0.15750466287136078,0.0,0.0,0.1519360969768677,0.17887656434404145,-0.02288818359375,0.08647821843624115,0.0,0.0,0.0,0.0
1.0387763977050781,-0.40348413586616516,-1.2107608318328857,0.0,0.0,-0.0008443839615210891,-0.15751250088214874,0.0,0.0,0.1519360969768677,0.17901077830030573,-0.02288818359375,0.08401776105165482,0.0,0.0,0.0,0.0
1.040121078491211,-0.40348413586616516,-1.2107608318328857,0.0,0.0,-0.0008443839615210891,-0.15751250088214874,0.0,0.0,0.1519360969768677,0.17901077830030573,-0.02288818359375,0.08401776105165482,0.0,0.0,0.0,0.0
1.0414245128631592,-0.40348413586616516,-1.2107608318328857,0.0,0.0,-0.0008443839615210891,-0.15751250088214874,0.0,0.0,0.1519360969768677,0.17901077830030573,-0.02288818359375,0.08401776105165482,0.0,0.0,0.0,0.0
1.0426137447357178,-0.40348413586616516,-1.2107608318328857,0.0,0.0,-0.0008443839615210891,-0.15751250088214874,0.0,0.0,0.1519360969768677,0.17901077830030573,-0.02288818359375,0.08401776105165482,0.0,0.0,0.0,0.0
1.044055700302124,-0.40348413586616516,-1.2107608318328857,0.0,0.0,-0.0008443839615210891,-0.15751250088214874,0.0,0.0,0.1519360969768677,0.17901077830030573,-0.02288818359375,0.08401776105165482,0.0,0.0,0.0,0.0
1.0453152656555176,-0.40348413586616516,-1.2107608318328857,0.0,0.0,-0.0008443839615210891,-0.15751250088214874,0.0,0.0,0.1519360969768677,0.17901077830030573,-0.02288818359375,0.08401776105165482,0.0,0.0,0.0,0.0
1.0466177463531494,-0.40348413586616516,-1.2107608318328857,0.0,0.0,-0.0008443839615210891,-0.15751250088214874,0.0,0.0,0.1519360969768677,0.17901077830030573,-0.02288818359375,0.08401776105165482,0.0,0.0,0.0,0.0
1.0479130744934082,-0.40348413586616516,-1.2107608318328857,0.0,0.0,-0.0008443839615210891,-0.15751250088214874,0.0,0.0,0.1519360969768677,0.17901077830030573,-0.02288818359375,0.08401776105165482,0.0,0.0,0.0,0.0
1.0491814613342285,-0.39742419123649597,-1.2002326250076294,0.0,0.0,-0.0008428771980106831,-0.1575116664171219,0.0,0.0,0.1519360969768677,0.17901077830030573,-0.02288818359375,0.08401776105165482,0.0,0.0,0.0,0.0
1.050469160079956,-0.39742419123649597,-1.2002326250076294,0.0,0.0,-0.0008428771980106831,-0.1575116664171219,0.0,0.0,0.1519360969768677,0.17901077830030573,-0.02288818359375,0.08401776105165482,0.0,0.0,0.0,0.0
1.0517947673797607,-0.39742419123649597,-1.2002326250076294,0.0,0.0,-0.0008428771980106831,-0.1575116664171219,0.0,0.0,0.1519360969768677,0.17901077830030573,-0.02288818359375,0.08401776105165482,0.0,0.0,0.0,0.0
1.0531115531921387,-0.39742419123649597,-1.2002326250076294,0.0,0.0,-0.0008428771980106831,-0.1575116664171219,0.0,0.0,0.1519360969768677,0.17901077830030573,-0.02288818359375,0.08401776105165482,0.0,0.0,0.0,0.0
1.0544157028198242,-0.39742419123649597,-1.2002326250076294,0.0,0.0,-0.0008428771980106831,-0.1575116664171219,0.0,0.0,0.1519360969768677,0.17901077830030573,-0.02288818359375,0.08401776105165482,0.0,0.0,0.0,0.0
1.055696725845337,-0.39742419123649597,-1.2002326250076294,0.0,0.0,-0.0008428771980106831,-0.1575116664171219,0.0,0.0,0.1519360969768677,0.17901077830030573,-0.02288818359375,0.08401776105165482,0.0,0.0,0.0,0.0
1.0569427013397217,-0.39742419123649597,-1.2002326250076294,0.0,0.0,-0.0008428771980106831,-0.1575116664171219,0.0,0.0,0.1519360969768677,0.17901077830030573,-0.02288818359375,0.08401776105165482,0.0,0.0,0.0,0.0
1.0582456588745117,-0.39742419123649597,-1.2002326250076294,0.0,0.0,-0.0008428771980106831,-0.1575116664171219,0.0,0.0,0.1519360969768677,0.17901077830030573,-0.02288818359375,0.08401776105165482,0.0,0.0,0.0,0.0
1.059546709060669,-0.40892529487609863,-1.2204248905181885,0.0,0.0,-0.0008349295821972191,-0.15750721096992493,0.0,0.0,0.1519360969768677,0.17901077830030573,-0.02288818359375,0.08401776105165482,0.0,0.0,0.0,0.0
1.060889720916748,-0.40892529487609863,-1.2204248905181885,0.0,0.0,-0.0008349295821972191,-0.15750721096992493,0.0,0.0,0.1519360969768677,0.17901077830030573,-0.02288818359375,0.08401776105165482,0.0,0.0,0.0,0.0
1.062121868133545,-0.40892529487609863,-1.2204248905181885,0.0,0.0,-0.0008349295821972191,-0.15750721096992493,0.0,0.0,0.1519360969768677,0.17901077830030573,-0.02288818359375,0.08401776105165482,0.0,0.0,0.0,0.0
1.0636277198791504,-0.40892529487609863,-1.2204248905181885,0.0,0.0,-0.0008349295821972191,-0.15750721096992493,0.0,0.0,0.1519360969768677,0.17915458899917003,-0.02288818359375,0.08232969045639038,0.0,0.0,0.0,0.0
1.0648698806762695,-0.40892529487609863,-1.2204248905181885,0.0,0.0,-0.0008349295821972191,-0.15750721096992493,0.0,0.0,0.1519360969768677,0.17909228039233788,-0.02288818359375,0.08353132009506226,0.0,0.0,0.0,0.0
1.0661208629608154,-0.40892529487609863,-1.2204248905181885,0.0,0.0,-0.0008349295821972191,-0.15750721096992493,0.0,0.0,0.1519360969768677,0.17909228039233788,-0.02288818359375,0.08353132009506226,0.0,0.0,0.0,0.0
1.0675675868988037,-0.40892529487609863,-1.2204248905181885,0.0,0.0,-0.0008349295821972191,-0.15750721096992493,0.0,0.0,0.1519360969768677,0.17909228039233788,-0.02288818359375,0.08353132009506226,0.0,0.0,0.0,0.0
1.0687997341156006,-0.39445364475250244,-1.1951736211776733,0.0,0.0,-0.0008368128328584135,-0.1575082689523697,0.0,0.0,0.1519360969768677,0.17909228039233788,-0.02288818359375,0.08353132009506226,0.0,0.0,0.0,0.0
1.0700795650482178,-0.39445364475250244,-1.1951736211776733,0.0,0.0,-0.0008368128328584135,-0.1575082689523697,0.0,0.0,0.1519360969768677,0.17909228039233788,-0.02288818359375,0.08353132009506226,0.0,0.0,0.0,0.0
1.071584939956665,-0.39445364475250244,-1.1951736211776733,0.0,0.0,-0.0008368128328584135,-0.1575082689523697,0.0,0.0,0.1519360969768677,0.17909228039233788,-0.02288818359375,0.08353132009506226,0.0,0.0,0.0,0.0
1.0728492736816406,-0.39445364475250244,-1.1951736211776733,0.0,0.0,-0.0008368128328584135,-0.1575082689523697,0.0,0.0,0.1519360969768677,0.17909228039233788,-0.02288818359375,0.08353132009506226,0.0,0.0,0.0,0.0
1.0741055011749268,-0.39445364475250244,-1.1951736211776733,0.0,0.0,-0.0008368128328584135,-0.1575082689523697,0.0,0.0,0.1519360969768677,0.17909228039233788,-0.02288818359375,0.08353132009506226,0.0,0.0,0.0,0.0
1.0755200386047363,-0.39445364475250244,-1.1951736211776733,0.0,0.0,-0.0008368128328584135,-0.1575082689523697,0.0,0.0,0.1519360969768677,0.17909228039233788,-0.02288818359375,0.08353132009506226,0.0,0.0,0.0,0.0
1.076786756515503,-0.39445364475250244,-1.1951736211776733,0.0,0.0,-0.0008368128328584135,-0.1575082689523697,0.0,0.0,0.1519360969768677,0.17909228039233788,-0.02288818359375,0.08353132009506226,0.0,0.0,0.0,0.0
1.0780839920043945,-0.39445364475250244,-1.1951736211776733,0.0,0.0,-0.0008368128328584135,-0.1575082689523697,0.0,0.0,0.1519360969768677,0.17909228039233788,-0.02288818359375,0.08353132009506226,0.0,0.0,0.0,0.0
1.0797803401947021,-0.39445364475250244,-1.1951736211776733,0.0,0.0,-0.0008368128328584135,-0.1575082689523697,0.0,0.0,0.1519360969768677,0.17909228039233788,-0.02288818359375,0.08353132009506226,0.0,0.0,0.0,0.0
1.081235647201538,-0.39445364475250244,-1.1951736211776733,0.0,0.0,-0.0008368128328584135,-0.1575082689523697,0.0,0.0,0.1519360969768677,0.17909228039233788,-0.02288818359375,0.08353132009506226,0.0,0.0,0.0,0.0
1.082495927810669,-0.39445364475250244,-1.1951736211776733,0.0,0.0,-0.0008368128328584135,-0.1575082689523697,0.0,0.0,0.1519360969768677,0.17909228039233788,-0.02288818359375,0.08353132009506226,0.0,0.0,0.0,0.0
1.0837833881378174,-0.39445364475250244,-1.1951736211776733,0.0,0.0,-0.0008368128328584135,-0.1575082689523697,0.0,0.0,0.1519360969768677,0.17909228039233788,-0.02288818359375,0.08353132009506226,0.0,0.0,0.0,0.0
1.0854027271270752,-0.39445364475250244,-1.1951736211776733,0.0,0.0,-0.0008368128328584135,-0.1575082689523697,0.0,0.0,0.1519360969768677,0.17909228039233788,-0.02288818359375,0.08353132009506226,0.0,0.0,0.0,0.0
1.0866470336914062,-0.39445364475250244,-1.1951736211776733,0.0,0.0,-0.0008368128328584135,-0.1575082689523697,0.0,0.0,0.1519360969768677,0.17909228039233788,-0.02288818359375,0.08353132009506226,0.0,0.0,0.0,0.0
1.0882134437561035,-0.39445364475250244,-1.1951736211776733,0.0,0.0,-0.0008368128328584135,-0.1575082689523697,0.0,0.0,0.1519360969768677,0.17909228039233788,-0.02288818359375,0.08353132009506226,0.0,0.0,0.0,0.0
1.0897104740142822,-0.3835671842098236,-1.1764202117919922,0.0,0.0,-0.00082543829921633,-0.1575019210577011,0.0,0.0,0.1519360969768677,0.17909228039233788,-0.02288818359375,0.08353132009506226,0.0,0.0,0.0,0.0
1.0910792350769043,-0.3835671842098236,-1.1764202117919922,0.0,0.0,-0.00082543829921633,-0.1575019210577011,0.0,0.0,0.1519360969768677,0.17909228039233788,-0.02288818359375,0.08353132009506226,0.0,0.0,0.0,0.0
1.0923550128936768,-0.3835671842098236,-1.1764202117919922,0.0,0.0,-0.00082543829921633,-0.1575019210577011,0.0,0.0,0.1519360969768677,0.17909228039233788,-0.02288818359375,0.08353132009506226,0.0,0.0,0.0,0.0
1.0943164825439453,-0.3835671842098236,-1.1764202117919922,0.0,0.0,-0.00082543829921633,-0.1575019210577011,0.0,0.0,0.1519360969768677,0.17909228039233788,-0.02288818359375,0.08353132009506226,0.0,0.0,0.0,0.0
1.095691442489624,-0.3835671842098236,-1.1764202117919922,0.0,0.0,-0.00082543829921633,-0.1575019210577011,0.0,0.0,0.1519360969768677,0.17909228039233788,-0.02288818359375,0.08353132009506226,0.0,0.0,0.0,0.0
1.0969479084014893,-0.3835671842098236,-1.1764202117919922,0.0,0.0,-0.00082543829921633,-0.1575019210577011,0.0,0.0,0.1519360969768677,0.17909228039233788,-0.02288818359375,0.08353132009506226,0.0,0.0,0.0,0.0
1.0985031127929688,-0.3912970721721649,-1.1897965669631958,0.0,0.0,-0.0008303720969706774,-0.15750466287136078,0.0,0.0,0.1519360969768677,0.17909228039233788,-0.02288818359375,0.08353132009506226,0.0,0.0,0.0,0.0
1.099802017211914,-0.3912970721721649,-1.1897965669631958,0.0,0.0,-0.0008303720969706774,-0.15750466287136078,0.0,0.0,0.1519360969768677,0.17909228039233788,-0.02288818359375,0.08353132009506226,0.0,0.0,0.0,0.0
1.1010746955871582,-0.3912970721721649,-1.1897965669631958,0.0,0.0,-0.0008303720969706774,-0.15750466287136078,0.0,0.0,0.1519360969768677,0.17909228039233788,-0.02288818359375,0.08353132009506226,0.0,0.0,0.0,0.0
1.1023354530334473,-0.3912970721721649,-1.1897965669631958,0.0,0.0,-0.0008303720969706774,-0.15750466287136078,0.0,0.0,0.1519360969768677,0.17909228039233788,-0.02288818359375,0.08353132009506226,0.0,0.0,0.0,0.0
1.1035785675048828,-0.3912970721721649,-1.1897965669631958,0.0,0.0,-0.0008303720969706774,-0.15750466287136078,0.0,0.0,0.1519360969768677,0.17909228039233788,-0.02288818359375,0.08353132009506226,0.0,0.0,0.0,0.0
1.1048600673675537,-0.3912970721721649,-1.1897965669631958,0.0,0.0,-0.0008303720969706774,-0.15750466287136078,0.0,0.0,0.1519360969768677,0.17909228039233788,-0.02288818359375,0.08353132009506226,0.0,0.0,0.0,0.0
1.1061241626739502,-0.3912970721721649,-1.1897965669631958,0.0,0.0,-0.0008303720969706774,-0.15750466287136078,0.0,0.0,0.1519360969768677,0.17909228039233788,-0.02288818359375,0.08353132009506226,0.0,0.0,0.0,0.0
1.1074025630950928,-0.3912970721721649,-1.1897965669631958,0.0,0.0,-0.0008303720969706774,-0.15750466287136078,0.0,0.0,0.1519360969768677,0.17909228039233788,-0.02288818359375,0.08353132009506226,0.0,0.0,0.0,0.0
1.1086719036102295,-0.3912970721721649,-1.1897965669631958,0.0,0.0,-0.0008303720969706774,-0.15750466287136078,0.0,0.0,0.1519360969768677,0.17909228039233788,-0.02288818359375,0.08353132009506226,0.0,0.0,0.0,0.0
1.1099398136138916,-0.3912970721721649,-1.1897965669631958,0.0,0.0,-0.0008303720969706774,-0.15750466287136078,0.0,0.0,0.1519360969768677,0.17909228039233788,-0.02288818359375,0.08353132009506226,0.0,0.0,0.0,0.0
1.1114239692687988,-0.3912970721721649,-1.1897965669631958,0.0,0.0,-0.0008303720969706774,-0.15750466287136078,0.0,0.0,0.1519360969768677,0.17909706706029324,-0.02288818359375,0.08353132009506226,0.0,0.0,0.0,0.0
1.1127469539642334,-0.3912970721721649,-1.1897965669631958,0.0,0.0,-0.0008303720969706774,-0.15750466287136078,0.0,0.0,0.1519360969768677,0.17909706706029324,-0.02288818359375,0.08353132009506226,0.0,0.0,0.0,0.0
1.1140282154083252,-0.3912970721721649,-1.1897965669631958,0.0,0.0,-0.0008303720969706774,-0.15750466287136078,0.0,0.0,0.1519360969768677,0.17926005954101287,-0.02288818359375,0.08170028775930405,0.0,0.0,0.0,0.0
1.115307331085205,-0.3912970721721649,-1.1897965669631958,0.0,0.0,-0.0008303720969706774,-0.15750466287136078,0.0,0.0,0.1519360969768677,0.17926005954101287,-0.02288818359375,0.08170028775930405,0.0,0.0,0.0,0.0
1.1166713237762451,-0.3912970721721649,-1.1897965669631958,0.0,0.0,-0.0008303720969706774,-0.15750466287136078,0.0,0.0,0.1519360969768677,0.1793655183795111,-0.02288818359375,0.08109951764345169,0.0,0.0,0.0,0.0
1.1179490089416504,-0.3912970721721649,-1.1897965669631958,0.0,0.0,-0.0008303720969706774,-0.15750466287136078,0.0,0.0,0.1519360969768677,0.1793655183795111,-0.02288818359375,0.08109951764345169,0.0,0.0,0.0,0.0
1.1194496154785156,-0.3912970721721649,-1.1897965669631958,0.0,0.0,-0.0008303720969706774,-0.15750466287136078,0.0,0.0,0.1519360969768677,0.17939907186857715,-0.02288818359375,0.08041282743215561,0.0,0.0,0.0,0.0
1.1207294464111328,-0.3912970721721649,-1.1897965669631958,0.0,0.0,-0.0008303720969706774,-0.15750466287136078,0.0,0.0,0.1519360969768677,0.17939907186857715,-0.02288818359375,0.08041282743215561,0.0,0.0,0.0,0.0
1.1220016479492188,-0.3912970721721649,-1.1897965669631958,0.0,0.0,-0.0008303720969706774,-0.15750466287136078,0.0,0.0,0.1519360969768677,0.17939907186857715,-0.02288818359375,0.08041282743215561,0.0,0.0,0.0,0.0
1.1235740184783936,-0.3912970721721649,-1.1897965669631958,0.0,0.0,-0.0008303720969706774,-0.15750466287136078,0.0,0.0,0.1519360969768677,0.17939907186857715,-0.02288818359375,0.08170029520988464,0.0,0.0,0.0,0.0
1.1248469352722168,-0.3912970721721649,-1.1897965669631958,0.0,0.0,-0.0008303720969706774,-0.15750466287136078,0.0,0.0,0.1519360969768677,0.17939907186857715,-0.02288818359375,0.08170029520988464,0.0,0.0,0.0,0.0
1.1261522769927979,-0.3912970721721649,-1.1897965669631958,0.0,0.0,-0.0008303720969706774,-0.15750466287136078,0.0,0.0,0.1519360969768677,0.17939907186857715,-0.02288818359375,0.08170029520988464,0.0,0.0,0.0,0.0
1.127504587173462,-0.3912970721721649,-1.1897965669631958,0.0,0.0,-0.0008303720969706774,-0.15750466287136078,0.0,0.0,0.1519360969768677,0.17912103551010394,-0.02288818359375,0.08447550237178802,0.0,0.0,0.0,0.0
1.1287906169891357,-0.3912970721721649,-1.1897965669631958,0.0,0.0,-0.0008303720969706774,-0.15750466287136078,0.0,0.0,0.1519360969768677,0.17912103551010394,-0.02288818359375,0.08447550237178802,0.0,0.0,0.0,0.0
1.1304023265838623,-0.3912970721721649,-1.1897965669631958,0.0,0.0,-0.0008303720969706774,-0.15750466287136078,0.0,0.0,0.1519360969768677,0.17887656434404145,-0.02288818359375,0.08642102032899857,0.0,0.0,0.0,0.0
1.1317694187164307,-0.3912970721721649,-1.1897965669631958,0.0,0.0,-0.0008303720969706774,-0.15750466287136078,0.0,0.0,0.1519360969768677,0.17887656434404145,-0.02288818359375,0.08642102032899857,0.0,0.0,0.0,0.0
1.133143424987793,-0.3912970721721649,-1.1897965669631958,0.0,0.0,-0.0008303720969706774,-0.15750466287136078,0.0,0.0,0.1519360969768677,0.17899640659309501,-0.02288818359375,0.084103524684906,0.0,0.0,0.0,0.0
1.1344223022460938,-0.3912970721721649,-1.1897965669631958,0.0,0.0,-0.0008303720969706774,-0.15750466287136078,0.0,0.0,0.1519360969768677,0.17899640659309501,-0.02288818359375,0.084103524684906,0.0,0.0,0.0,0.0
1.136012315750122,-0.3912970721721649,-1.1897965669631958,0.0,0.0,-0.0008303720969706774,-0.15750466287136078,0.0,0.0,0.1519360969768677,0.17899640659309501,-0.02288818359375,0.084103524684906,0.0,0.0,0.0,0.0
1.1372950077056885,-0.3912970721721649,-1.1897965669631958,0.0,0.0,-0.0008303720969706774,-0.15750466287136078,0.0,0.0,0.1519360969768677,0.17899640659309501,-0.02288818359375,0.084103524684906,0.0,0.0,0.0,0.0
1.1387436389923096,-0.39129477739334106,-1.1897996664047241,0.0,0.0,-0.0008299954351969063,-0.15750443935394287,0.0,0.0,0.1519360969768677,0.17899640659309501,-0.02288818359375,0.084103524684906,0.0,0.0,0.0,0.0
1.1400878429412842,-0.39129477739334106,-1.1897996664047241,0.0,0.0,-0.0008299954351969063,-0.15750443935394287,0.0,0.0,0.1519360969768677,0.17899640659309501,-0.02288818359375,0.084103524684906,0.0,0.0,0.0,0.0
1.141390323638916,-0.39129477739334106,-1.1897996664047241,0.0,0.0,-0.0008299954351969063,-0.15750443935394287,0.0,0.0,0.1519360969768677,0.17899640659309501,-0.02288818359375,0.084103524684906,0.0,0.0,0.0,0.0
1.143200397491455,-0.39129477739334106,-1.1897996664047241,0.0,0.0,-0.0008299954351969063,-0.15750443935394287,0.0,0.0,0.1519360969768677,0.17899640659309501,-0.02288818359375,0.084103524684906,0.0,0.0,0.0,0.0
1.1446363925933838,-0.39129477739334106,-1.1897996664047241,0.0,0.0,-0.0008299954351969063,-0.15750443935394287,0.0,0.0,0.1519360969768677,0.1794086569078325,-0.02288818359375,0.07878202199935913,0.0,0.0,0.0,0.0
1.1461181640625,-0.39129477739334106,-1.1897996664047241,0.0,0.0,-0.0008299954351969063,-0.15750443935394287,0.0,0.0,0.1519360969768677,0.1794086569078325,-0.02288818359375,0.07878202199935913,0.0,0.0,0.0,0.0
1.1476144790649414,-0.39129477739334106,-1.1897996664047241,0.0,0.0,-0.0008299954351969063,-0.15750443935394287,0.0,0.0,0.1519360969768677,0.17932236814784502,-0.02288818359375,0.0804700255393982,0.0,0.0,0.0,0.0
1.1489982604980469,-0.37941795587539673,-1.1695510149002075,0.0,0.0,-0.0008061560802161694,-0.15749108791351318,0.0,0.0,0.1519360969768677,0.17932236814784502,-0.02288818359375,0.0804700255393982,0.0,0.0,0.0,0.0
1.150399923324585,-0.37941795587539673,-1.1695510149002075,0.0,0.0,-0.0008061560802161694,-0.15749108791351318,0.0,0.0,0.1519360969768677,0.17896284140068433,-0.02288818359375,0.08662129193544388,0.0,0.0,0.0,0.0
1.15181565284729,-0.37941795587539673,-1.1695510149002075,0.0,0.0,-0.0008061560802161694,-0.15749108791351318,0.0,0.0,0.1519360969768677,0.17896284140068433,-0.02288818359375,0.08662129193544388,0.0,0.0,0.0,0.0
1.153287649154663,-0.37941795587539673,-1.1695510149002075,0.0,0.0,-0.0008061560802161694,-0.15749108791351318,0.0,0.0,0.1519360969768677,0.17890531946180754,-0.02288818359375,0.0854768455028534,0.0,0.0,0.0,0.0
1.1547415256500244,-0.37941795587539673,-1.1695510149002075,0.0,0.0,-0.0008061560802161694,-0.15749108791351318,0.0,0.0,0.1519360969768677,0.17890531946180754,-0.02288818359375,0.0854768455028534,0.0,0.0,0.0,0.0
1.1563661098480225,-0.37941795587539673,-1.1695510149002075,0.0,0.0,-0.0008061560802161694,-0.15749108791351318,0.0,0.0,0.1519360969768677,0.17893408628291824,-0.02288818359375,0.08447548002004623,0.0,0.0,0.0,0.0
1.1578493118286133,-0.37941795587539673,-1.1695510149002075,0.0,0.0,-0.0008061560802161694,-0.15749108791351318,0.0,0.0,0.1519360969768677,0.17893408628291824,-0.02288818359375,0.08447548002004623,0.0,0.0,0.0,0.0
1.160177230834961,-0.4099206030368805,-1.2219144105911255,0.0,0.0,-0.0008474350906908512,-0.15751421451568604,0.0,0.0,0.1519360969768677,0.17893408628291824,-0.02288818359375,0.08447548002004623,0.0,0.0,0.0,0.0
1.1616897583007812,-0.4099206030368805,-1.2219144105911255,0.0,0.0,-0.0008474350906908512,-0.15751421451568604,0.0,0.0,0.1519360969768677,0.17893408628291824,-0.02288818359375,0.08447548002004623,0.0,0.0,0.0,0.0
1.1631243228912354,-0.4099206030368805,-1.2219144105911255,0.0,0.0,-0.0008474350906908512,-0.15751421451568604,0.0,0.0,0.1519360969768677,0.17893408628291824,-0.02288818359375,0.08447548002004623,0.0,0.0,0.0,0.0
1.1646318435668945,-0.4099206030368805,-1.2219144105911255,0.0,0.0,-0.0008474350906908512,-0.15751421451568604,0.0,0.0,0.1519360969768677,0.17893408628291824,-0.02288818359375,0.08447548002004623,0.0,0.0,0.0,0.0
1.1660394668579102,-0.4099206030368805,-1.2219144105911255,0.0,0.0,-0.0008474350906908512,-0.15751421451568604,0.0,0.0,0.1519360969768677,0.17893408628291824,-0.02288818359375,0.08447548002004623,0.0,0.0,0.0,0.0
1.1675589084625244,-0.4099206030368805,-1.2219144105911255,0.0,0.0,-0.0008474350906908512,-0.15751421451568604,0.0,0.0,0.1519360969768677,0.17893408628291824,-0.02288818359375,0.08447548002004623,0.0,0.0,0.0,0.0
1.1690397262573242,-0.39501020312309265,-1.1961214542388916,0.0,0.0,-0.0008379428763873875,-0.15750890970230103,0.0,0.0,0.1519360969768677,0.17893408628291824,-0.02288818359375,0.08447548002004623,0.0,0.0,0.0,0.0
1.1705050468444824,-0.39501020312309265,-1.1961214542388916,0.0,0.0,-0.0008379428763873875,-0.15750890970230103,0.0,0.0,0.1519360969768677,0.17893408628291824,-0.02288818359375,0.08447548002004623,0.0,0.0,0.0,0.0
1.1718838214874268,-0.39501020312309265,-1.1961214542388916,0.0,0.0,-0.0008379428763873875,-0.15750890970230103,0.0,0.0,0.1519360969768677,0.17893408628291824,-0.02288818359375,0.08447548002004623,0.0,0.0,0.0,0.0
1.1732690334320068,-0.39501020312309265,-1.1961214542388916,0.0,0.0,-0.0008379428763873875,-0.15750890970230103,0.0,0.0,0.1519360969768677,0.17893408628291824,-0.02288818359375,0.08447548002004623,0.0,0.0,0.0,0.0
1.1746907234191895,-0.39501020312309265,-1.1961214542388916,0.0,0.0,-0.0008379428763873875,-0.15750890970230103,0.0,0.0,0.1519360969768677,0.17893408628291824,-0.02288818359375,0.08447548002004623,0.0,0.0,0.0,0.0
1.17604398727417,-0.39501020312309265,-1.1961214542388916,0.0,0.0,-0.0008379428763873875,-0.15750890970230103,0.0,0.0,0.1519360969768677,0.17893408628291824,-0.02288818359375,0.08447548002004623,0.0,0.0,0.0,0.0
1.1774325370788574,-0.39501020312309265,-1.1961214542388916,0.0,0.0,-0.0008379428763873875,-0.15750890970230103,0.0,0.0,0.1519360969768677,0.17893408628291824,-0.02288818359375,0.08447548002004623,0.0,0.0,0.0,0.0
1.1787669658660889,-0.4111611247062683,-1.2242095470428467,0.0,0.0,-0.0008405795670114458,-0.15751038491725922,0.0,0.0,0.1519360969768677,0.17893408628291824,-0.02288818359375,0.08447548002004623,0.0,0.0,0.0,0.0
1.1806490421295166,-0.4111611247062683,-1.2242095470428467,0.0,0.0,-0.0008405795670114458,-0.15751038491725922,0.0,0.0,0.1519360969768677,0.17893408628291824,-0.02288818359375,0.08447548002004623,0.0,0.0,0.0,0.0
1.1824746131896973,-0.4111611247062683,-1.2242095470428467,0.0,0.0,-0.0008405795670114458,-0.15751038491725922,0.0,0.0,0.1519360969768677,0.17893408628291824,-0.02288818359375,0.08447548002004623,0.0,0.0,0.0,0.0
1.183823823928833,-0.4111611247062683,-1.2242095470428467,0.0,0.0,-0.0008405795670114458,-0.15751038491725922,0.0,0.0,0.1519360969768677,0.17893408628291824,-0.02288818359375,0.08447548002004623,0.0,0.0,0.0,0.0
1.1855018138885498,-0.4111611247062683,-1.2242095470428467,0.0,0.0,-0.0008405795670114458,-0.15751038491725922,0.0,0.0,0.1519360969768677,0.17893408628291824,-0.02288818359375,0.08447548002004623,0.0,0.0,0.0,0.0
1.186880350112915,-0.4111611247062683,-1.2242095470428467,0.0,0.0,-0.0008405795670114458,-0.15751038491725922,0.0,0.0,0.1519360969768677,0.17893408628291824,-0.02288818359375,0.08447548002004623,0.0,0.0,0.0,0.0
1.1882855892181396,-0.4111611247062683,-1.2242095470428467,0.0,0.0,-0.0008405795670114458,-0.15751038491725922,0.0,0.0,0.1519360969768677,0.17893408628291824,-0.02288818359375,0.08447548002004623,0.0,0.0,0.0,0.0
1.1898882389068604,-0.39742419123649597,-1.2002326250076294,0.0,0.0,-0.0008428771980106831,-0.1575116664171219,0.0,0.0,0.1519360969768677,0.17893408628291824,-0.02288818359375,0.08447548002004623,0.0,0.0,0.0,0.0
1.1911985874176025,-0.39742419123649597,-1.2002326250076294,0.0,0.0,-0.0008428771980106831,-0.1575116664171219,0.0,0.0,0.1519360969768677,0.17893408628291824,-0.02288818359375,0.08447548002004623,0.0,0.0,0.0,0.0
1.1927475929260254,-0.39742419123649597,-1.2002326250076294,0.0,0.0,-0.0008428771980106831,-0.1575116664171219,0.0,0.0,0.1519360969768677,0.17893408628291824,-0.02288818359375,0.08447548002004623,0.0,0.0,0.0,0.0
1.194127082824707,-0.39742419123649597,-1.2002326250076294,0.0,0.0,-0.0008428771980106831,-0.1575116664171219,0.0,0.0,0.1519360969768677,0.17893408628291824,-0.02288818359375,0.08447548002004623,0.0,0.0,0.0,0.0
1.1954843997955322,-0.39742419123649597,-1.2002326250076294,0.0,0.0,-0.0008428771980106831,-0.1575116664171219,0.0,0.0,0.1519360969768677,0.17893408628291824,-0.02288818359375,0.08447548002004623,0.0,0.0,0.0,0.0
1.196814775466919,-0.39742419123649597,-1.2002326250076294,0.0,0.0,-0.0008428771980106831,-0.1575116664171219,0.0,0.0,0.1519360969768677,0.17893408628291824,-0.02288818359375,0.08447548002004623,0.0,0.0,0.0,0.0
1.1980996131896973,-0.39742419123649597,-1.2002326250076294,0.0,0.0,-0.0008428771980106831,-0.1575116664171219,0.0,0.0,0.1519360969768677,0.17893408628291824,-0.02288818359375,0.08447548002004623,0.0,0.0,0.0,0.0
1.1994049549102783,-0.39742419123649597,-1.2002326250076294,0.0,0.0,-0.0008428771980106831,-0.1575116664171219,0.0,0.0,0.1519360969768677,0.17893408628291824,-0.02288818359375,0.08447548002004623,0.0,0.0,0.0,0.0
1.2007513046264648,-0.39742419123649597,-1.2002326250076294,0.0,0.0,-0.0008428771980106831,-0.1575116664171219,0.0,0.0,0.1519360969768677,0.17893408628291824,-0.02288818359375,0.08447548002004623,0.0,0.0,0.0,0.0
1.202376365661621,-0.39742419123649597,-1.2002326250076294,0.0,0.0,-0.0008428771980106831,-0.1575116664171219,0.0,0.0,0.1519360969768677,0.17893408628291824,-0.02288818359375,0.08447548002004623,0.0,0.0,0.0,0.0
1.2038164138793945,-0.39742419123649597,-1.2002326250076294,0.0,0.0,-0.0008428771980106831,-0.1575116664171219,0.0,0.0,0.1519360969768677,0.17893408628291824,-0.02288818359375,0.08447548002004623,0.0,0.0,0.0,0.0
1.2051112651824951,-0.39742419123649597,-1.2002326250076294,0.0,0.0,-0.0008428771980106831,-0.1575116664171219,0.0,0.0,0.1519360969768677,0.17893408628291824,-0.02288818359375,0.08447548002004623,0.0,0.0,0.0,0.0
1.2065722942352295,-0.39742419123649597,-1.2002326250076294,0.0,0.0,-0.0008428771980106831,-0.1575116664171219,0.0,0.0,0.1519360969768677,0.17906351357122716,-0.02288818359375,0.08290189504623413,0.0,0.0,0.0,0.0
1.2080943584442139,-0.39742419123649597,-1.2002326250076294,0.0,0.0,-0.0008428771980106831,-0.1575116664171219,0.0,0.0,0.1519360969768677,0.17906351357122716,-0.02288818359375,0.08290189504623413,0.0,0.0,0.0,0.0
1.209731101989746,-0.39742419123649597,-1.2002326250076294,0.0,0.0,-0.0008428771980106831,-0.1575116664171219,0.0,0.0,0.1519360969768677,0.17915938737047002,-0.02288818359375,0.0822724923491478,0.0,0.0,0.0,0.0
1.2110233306884766,-0.39742419123649597,-1.2002326250076294,0.0,0.0,-0.0008428771980106831,-0.1575116664171219,0.0,0.0,0.1519360969768677,0.17915938737047002,-0.02288818359375,0.0822724923491478,0.0,0.0,0.0,0.0
1.2124061584472656,-0.39742419123649597,-1.2002326250076294,0.0,0.0,-0.0008428771980106831,-0.1575116664171219,0.0,0.0,0.1519360969768677,0.17909228039233788,-0.02288818359375,0.08353132009506226,0.0,0.0,0.0,0.0
1.213712453842163,-0.39742419123649597,-1.2002326250076294,0.0,0.0,-0.0008428771980106831,-0.1575116664171219,0.0,0.0,0.1519360969768677,0.17909228039233788,-0.02288818359375,0.08353132009506226,0.0,0.0,0.0,0.0
1.2152020931243896,-0.39742419123649597,-1.2002326250076294,0.0,0.0,-0.0008428771980106831,-0.1575116664171219,0.0,0.0,0.1519360969768677,0.17909228039233788,-0.02288818359375,0.08353132009506226,0.0,0.0,0.0,0.0
1.2165205478668213,-0.39742419123649597,-1.2002326250076294,0.0,0.0,-0.0008428771980106831,-0.1575116664171219,0.0,0.0,0.1519360969768677,0.17909228039233788,-0.02288818359375,0.08353132009506226,0.0,0.0,0.0,0.0
1.2180399894714355,-0.39742419123649597,-1.2002326250076294,0.0,0.0,-0.0008428771980106831,-0.1575116664171219,0.0,0.0,0.1519360969768677,0.17909228039233788,-0.02288818359375,0.08353132009506226,0.0,0.0,0.0,0.0
1.2193889617919922,-0.39742419123649597,-1.2002326250076294,0.0,0.0,-0.0008428771980106831,-0.1575116664171219,0.0,0.0,0.1519360969768677,0.17909228039233788,-0.02288818359375,0.08353132009506226,0.0,0.0,0.0,0.0
1.2206451892852783,-0.39742419123649597,-1.2002326250076294,0.0,0.0,-0.0008428771980106831,-0.1575116664171219,0.0,0.0,0.1519360969768677,0.17909228039233788,-0.02288818359375,0.08353132009506226,0.0,0.0,0.0,0.0
1.2220306396484375,-0.39742419123649597,-1.2002326250076294,0.0,0.0,-0.0008428771980106831,-0.1575116664171219,0.0,0.0,0.1519360969768677,0.17909228039233788,-0.02288818359375,0.08353132009506226,0.0,0.0,0.0,0.0
1.2233362197875977,-0.39742419123649597,-1.2002326250076294,0.0,0.0,-0.0008428771980106831,-0.1575116664171219,0.0,0.0,0.1519360969768677,0.17909228039233788,-0.02288818359375,0.08353132009506226,0.0,0.0,0.0,0.0
1.2248976230621338,-0.39742419123649597,-1.2002326250076294,0.0,0.0,-0.0008428771980106831,-0.1575116664171219,0.0,0.0,0.1519360969768677,0.17909228039233788,-0.02288818359375,0.08353132009506226,0.0,0.0,0.0,0.0
1.2261817455291748,-0.39742419123649597,-1.2002326250076294,0.0,0.0,-0.0008428771980106831,-0.1575116664171219,0.0,0.0,0.1519360969768677,0.17909228039233788,-0.02288818359375,0.08353132009506226,0.0,0.0,0.0,0.0
1.2274467945098877,-0.39742419123649597,-1.2002326250076294,0.0,0.0,-0.0008428771980106831,-0.1575116664171219,0.0,0.0,0.1519360969768677,0.17909228039233788,-0.02288818359375,0.08353132009506226,0.0,0.0,0.0,0.0
1.2287468910217285,-0.39742419123649597,-1.2002326250076294,0.0,0.0,-0.0008428771980106831,-0.1575116664171219,0.0,0.0,0.1519360969768677,0.17909228039233788,-0.02288818359375,0.08353132009506226,0.0,0.0,0.0,0.0
1.2300524711608887,-0.39742419123649597,-1.2002326250076294,0.0,0.0,-0.0008428771980106831,-0.1575116664171219,0.0,0.0,0.1519360969768677,0.17909706706029324,-0.02288818359375,0.08350275456905365,0.0,0.0,0.0,0.0
1.2313518524169922,-0.39742419123649597,-1.2002326250076294,0.0,0.0,-0.0008428771980106831,-0.1575116664171219,0.0,0.0,0.1519360969768677,0.17909706706029324,-0.02288818359375,0.08350275456905365,0.0,0.0,0.0,0.0
1.2326407432556152,-0.39742419123649597,-1.2002326250076294,0.0,0.0,-0.0008428771980106831,-0.1575116664171219,0.0,0.0,0.1519360969768677,0.17909706706029324,-0.02288818359375,0.08350275456905365,0.0,0.0,0.0,0.0
1.2339065074920654,-0.39742419123649597,-1.2002326250076294,0.0,0.0,-0.0008428771980106831,-0.1575116664171219,0.0,0.0,0.1519360969768677,0.17909706706029324,-0.02288818359375,0.08350275456905365,0.0,0.0,0.0,0.0
1.2351958751678467,-0.39742419123649597,-1.2002326250076294,0.0,0.0,-0.0008428771980106831,-0.1575116664171219,0.0,0.0,0.1519360969768677,0.17909706706029324,-0.02288818359375,0.08350275456905365,0.0,0.0,0.0,0.0
1.2365155220031738,-0.39742419123649597,-1.2002326250076294,0.0,0.0,-0.0008428771980106831,-0.1575116664171219,0.0,0.0,0.1519360969768677,0.17909706706029324,-0.02288818359375,0.08350275456905365,0.0,0.0,0.0,0.0
1.2380270957946777,-0.39742419123649597,-1.2002326250076294,0.0,0.0,-0.0008428771980106831,-0.1575116664171219,0.0,0.0,0.1519360969768677,0.17909706706029324,-0.02288818359375,0.08350275456905365,0.0,0.0,0.0,0.0
1.2393100261688232,-0.3912970721721649,-1.1897965669631958,0.0,0.0,-0.0008303720969706774,-0.15750466287136078,0.0,0.0,0.1519360969768677,0.17909706706029324,-0.02288818359375,0.08350275456905365,0.0,0.0,0.0,0.0
1.240753173828125,-0.3912970721721649,-1.1897965669631958,0.0,0.0,-0.0008303720969706774,-0.15750466287136078,0.0,0.0,0.1519360969768677,0.17909706706029324,-0.02288818359375,0.08350275456905365,0.0,0.0,0.0,0.0
1.2420413494110107,-0.3912970721721649,-1.1897965669631958,0.0,0.0,-0.0008303720969706774,-0.15750466287136078,0.0,0.0,0.1519360969768677,0.17909706706029324,-0.02288818359375,0.08350275456905365,0.0,0.0,0.0,0.0
1.2433738708496094,-0.3912970721721649,-1.1897965669631958,0.0,0.0,-0.0008303720969706774,-0.15750466287136078,0.0,0.0,0.1519360969768677,0.17909706706029324,-0.02288818359375,0.08350275456905365,0.0,0.0,0.0,0.0
1.244966983795166,-0.3912970721721649,-1.1897965669631958,0.0,0.0,-0.0008303720969706774,-0.15750466287136078,0.0,0.0,0.1519360969768677,0.17909706706029324,-0.02288818359375,0.08350275456905365,0.0,0.0,0.0,0.0
1.2464361190795898,-0.3912970721721649,-1.1897965669631958,0.0,0.0,-0.0008303720969706774,-0.15750466287136078,0.0,0.0,0.1519360969768677,0.17909706706029324,-0.02288818359375,0.08350275456905365,0.0,0.0,0.0,0.0
1.247696876525879,-0.3912970721721649,-1.1897965669631958,0.0,0.0,-0.0008303720969706774,-0.15750466287136078,0.0,0.0,0.1519360969768677,0.17909706706029324,-0.02288818359375,0.08350275456905365,0.0,0.0,0.0,0.0
1.2489683628082275,-0.3912970721721649,-1.1897965669631958,0.0,0.0,-0.0008303720969706774,-0.15750466287136078,0.0,0.0,0.1519360969768677,0.17909706706029324,-0.02288818359375,0.08350275456905365,0.0,0.0,0.0,0.0
1.2505004405975342,-0.3912970721721649,-1.1897965669631958,0.0,0.0,-0.0008303720969706774,-0.15750466287136078,0.0,0.0,0.1519360969768677,0.17909706706029324,-0.02288818359375,0.08350275456905365,0.0,0.0,0.0,0.0
1.2517552375793457,-0.3912970721721649,-1.1897965669631958,0.0,0.0,-0.0008303720969706774,-0.15750466287136078,0.0,0.0,0.1519360969768677,0.17909706706029324,-0.02288818359375,0.08350275456905365,0.0,0.0,0.0,0.0
1.25300931930542,-0.3912970721721649,-1.1897965669631958,0.0,0.0,-0.0008303720969706774,-0.15750466287136078,0.0,0.0,0.1519360969768677,0.17909706706029324,-0.02288818359375,0.08350275456905365,0.0,0.0,0.0,0.0
1.2542898654937744,-0.3912970721721649,-1.1897965669631958,0.0,0.0,-0.0008303720969706774,-0.15750466287136078,0.0,0.0,0.1519360969768677,0.17909706706029324,-0.02288818359375,0.08350275456905365,0.0,0.0,0.0,0.0
1.2555606365203857,-0.3912970721721649,-1.1897965669631958,0.0,0.0,-0.0008303720969706774,-0.15750466287136078,0.0,0.0,0.1519360969768677,0.17909706706029324,-0.02288818359375,0.08350275456905365,0.0,0.0,0.0,0.0
1.2568485736846924,-0.3912970721721649,-1.1897965669631958,0.0,0.0,-0.0008303720969706774,-0.15750466287136078,0.0,0.0,0.1519360969768677,0.17909706706029324,-0.02288818359375,0.08350275456905365,0.0,0.0,0.0,0.0
1.2584950923919678,-0.39111173152923584,-1.1894806623458862,0.0,0.0,-0.0008299954351969063,-0.15750443935394287,0.0,0.0,0.1519360969768677,0.17909706706029324,-0.02288818359375,0.08350275456905365,0.0,0.0,0.0,0.0
1.2597544193267822,-0.39111173152923584,-1.1894806623458862,0.0,0.0,-0.0008299954351969063,-0.15750443935394287,0.0,0.0,0.1519360969768677,0.17909706706029324,-0.02288818359375,0.08350275456905365,0.0,0.0,0.0,0.0
1.2613000869750977,-0.39111173152923584,-1.1894806623458862,0.0,0.0,-0.0008299954351969063,-0.15750443935394287,0.0,0.0,0.1519360969768677,0.17911624884214858,-0.02288818359375,0.08207222819328308,0.0,0.0,0.0,0.0
1.2625939846038818,-0.39111173152923584,-1.1894806623458862,0.0,0.0,-0.0008299954351969063,-0.15750443935394287,0.0,0.0,0.1519360969768677,0.17912103551010394,-0.02288818359375,0.08335970342159271,0.0,0.0,0.0,0.0
1.2638888359069824,-0.39111173152923584,-1.1894806623458862,0.0,0.0,-0.0008299954351969063,-0.15750443935394287,0.0,0.0,0.1519360969768677,0.17912103551010394,-0.02288818359375,0.08335970342159271,0.0,0.0,0.0,0.0
1.2651987075805664,-0.39111173152923584,-1.1894806623458862,0.0,0.0,-0.0008299954351969063,-0.15750443935394287,0.0,0.0,0.1519360969768677,0.17912103551010394,-0.02288818359375,0.08335970342159271,0.0,0.0,0.0,0.0
1.266460657119751,-0.39111173152923584,-1.1894806623458862,0.0,0.0,-0.0008299954351969063,-0.15750443935394287,0.0,0.0,0.1519360969768677,0.17912103551010394,-0.02288818359375,0.08335970342159271,0.0,0.0,0.0,0.0
1.267749309539795,-0.39111173152923584,-1.1894806623458862,0.0,0.0,-0.0008299954351969063,-0.15750443935394287,0.0,0.0,0.1519360969768677,0.17912103551010394,-0.02288818359375,0.08335970342159271,0.0,0.0,0.0,0.0
1.2690088748931885,-0.39111173152923584,-1.1894806623458862,0.0,0.0,-0.0008299954351969063,-0.15750443935394287,0.0,0.0,0.1519360969768677,0.17912103551010394,-0.02288818359375,0.08335970342159271,0.0,0.0,0.0,0.0
1.2702767848968506,-0.39111173152923584,-1.1894806623458862,0.0,0.0,-0.0008299954351969063,-0.15750443935394287,0.0,0.0,0.1519360969768677,0.1791306205493593,-0.02288818359375,0.08330250531435013,0.0,0.0,0.0,0.0
1.2715263366699219,-0.39111173152923584,-1.1894806623458862,0.0,0.0,-0.0008299954351969063,-0.15750443935394287,0.0,0.0,0.1519360969768677,0.1791306205493593,-0.02288818359375,0.08330250531435013,0.0,0.0,0.0,0.0
1.2727835178375244,-0.39111173152923584,-1.1894806623458862,0.0,0.0,-0.0008299954351969063,-0.15750443935394287,0.0,0.0,0.1519360969768677,0.1791306205493593,-0.02288818359375,0.08330250531435013,0.0,0.0,0.0,0.0
1.274062156677246,-0.39111173152923584,-1.1894806623458862,0.0,0.0,-0.0008299954351969063,-0.15750443935394287,0.0,0.0,0.1519360969768677,0.1791306205493593,-0.02288818359375,0.08330250531435013,0.0,0.0,0.0,0.0
1.2753181457519531,-0.39111173152923584,-1.1894806623458862,0.0,0.0,-0.0008299954351969063,-0.15750443935394287,0.0,0.0,0.1519360969768677,0.1791306205493593,-0.02288818359375,0.08330250531435013,0.0,0.0,0.0,0.0
1.27659010887146,-0.39111173152923584,-1.1894806623458862,0.0,0.0,-0.0008299954351969063,-0.15750443935394287,0.0,0.0,0.1519360969768677,0.1792169093093468,-0.02288818359375,0.08192917704582214,0.0,0.0,0.0,0.0
1.2779030799865723,-0.39111173152923584,-1.1894806623458862,0.0,0.0,-0.0008299954351969063,-0.15750443935394287,0.0,0.0,0.1519360969768677,0.1792169093093468,-0.02288818359375,0.08192917704582214,0.0,0.0,0.0,0.0
1.2791826725006104,-0.39111173152923584,-1.1894806623458862,0.0,0.0,-0.0008299954351969063,-0.15750443935394287,0.0,0.0,0.1519360969768677,0.17916418574177,-0.02288818359375,0.08310216665267944,0.0,0.0,0.0,0.0
1.280470371246338,-0.39111173152923584,-1.1894806623458862,0.0,0.0,-0.0008299954351969063,-0.15750443935394287,0.0,0.0,0.1519360969768677,0.17916418574177,-0.02288818359375,0.08310216665267944,0.0,0.0,0.0,0.0
1.28190279006958,-0.39111173152923584,-1.1894806623458862,0.0,0.0,-0.0008299954351969063,-0.15750443935394287,0.0,0.0,0.1519360969768677,0.17916418574177,-0.02288818359375,0.08310216665267944,0.0,0.0,0.0,0.0
1.2831647396087646,-0.39111173152923584,-1.1894806623458862,0.0,0.0,-0.0008299954351969063,-0.15750443935394287,0.0,0.0,0.1519360969768677,0.17916418574177,-0.02288818359375,0.08310216665267944,0.0,0.0,0.0,0.0
1.284482479095459,-0.39111173152923584,-1.1894806623458862,0.0,0.0,-0.0008299954351969063,-0.15750443935394287,0.0,0.0,0.1519360969768677,0.17916418574177,-0.02288818359375,0.08310216665267944,0.0,0.0,0.0,0.0
1.2857673168182373,-0.39111173152923584,-1.1894806623458862,0.0,0.0,-0.0008299954351969063,-0.15750443935394287,0.0,0.0,0.1519360969768677,0.17916418574177,-0.02288818359375,0.08310216665267944,0.0,0.0,0.0,0.0
1.2871367931365967,-0.39111173152923584,-1.1894806623458862,0.0,0.0,-0.0008299954351969063,-0.15750443935394287,0.0,0.0,0.1519360969768677,0.17916418574177,-0.02288818359375,0.08310216665267944,0.0,0.0,0.0,0.0
1.2885768413543701,-0.39018356800079346,-1.187899112701416,0.0,0.0,-0.0008281123009510338,-0.1575033962726593,0.0,0.0,0.1519360969768677,0.17916418574177,-0.02288818359375,0.08310216665267944,0.0,0.0,0.0,0.0
1.2898368835449219,-0.39018356800079346,-1.187899112701416,0.0,0.0,-0.0008281123009510338,-0.1575033962726593,0.0,0.0,0.1519360969768677,0.17916418574177,-0.02288818359375,0.08310216665267944,0.0,0.0,0.0,0.0
1.2913997173309326,-0.39018356800079346,-1.187899112701416,0.0,0.0,-0.0008281123009510338,-0.1575033962726593,0.0,0.0,0.1519360969768677,0.17916418574177,-0.02288818359375,0.08310216665267944,0.0,0.0,0.0,0.0
1.2927157878875732,-0.39018356800079346,-1.187899112701416,0.0,0.0,-0.0008281123009510338,-0.1575033962726593,0.0,0.0,0.1519360969768677,0.17916418574177,-0.02288818359375,0.08310216665267944,0.0,0.0,0.0,0.0
1.2940058708190918,-0.39018356800079346,-1.187899112701416,0.0,0.0,-0.0008281123009510338,-0.1575033962726593,0.0,0.0,0.1519360969768677,0.17916418574177,-0.02288818359375,0.08310216665267944,0.0,0.0,0.0,0.0
1.2952909469604492,-0.39018356800079346,-1.187899112701416,0.0,0.0,-0.0008281123009510338,-0.1575033962726593,0.0,0.0,0.1519360969768677,0.17916418574177,-0.02288818359375,0.08310216665267944,0.0,0.0,0.0,0.0
1.296574354171753,-0.39018356800079346,-1.187899112701416,0.0,0.0,-0.0008281123009510338,-0.1575033962726593,0.0,0.0,0.1519360969768677,0.17926484620896824,-0.02288818359375,0.08170028775930405,0.0,0.0,0.0,0.0
1.2978456020355225,-0.39018356800079346,-1.187899112701416,0.0,0.0,-0.0008281123009510338,-0.1575033962726593,0.0,0.0,0.1519360969768677,0.17926484620896824,-0.02288818359375,0.08170028775930405,0.0,0.0,0.0,0.0
1.2991251945495605,-0.3898124098777771,-1.1872669458389282,0.0,0.0,-0.0008273590356111526,-0.15750297904014587,0.0,0.0,0.1519360969768677,0.17937990179006644,-0.02288818359375,0.08101366460323334,0.0,0.0,0.0,0.0
1.3003928661346436,-0.3898124098777771,-1.1872669458389282,0.0,0.0,-0.0008273590356111526,-0.15750297904014587,0.0,0.0,0.1519360969768677,0.17937990179006644,-0.02288818359375,0.08101366460323334,0.0,0.0,0.0,0.0
1.301631212234497,-0.3898124098777771,-1.1872669458389282,0.0,0.0,-0.0008273590356111526,-0.15750297904014587,0.0,0.0,0.1519360969768677,0.17939907186857715,-0.02288818359375,0.080384261906147,0.0,0.0,0.0,0.0
1.3028993606567383,-0.3898124098777771,-1.1872669458389282,0.0,0.0,-0.0008273590356111526,-0.15750297904014587,0.0,0.0,0.1519360969768677,0.17939907186857715,-0.02288818359375,0.080384261906147,0.0,0.0,0.0,0.0
1.304295301437378,-0.3898124098777771,-1.1872669458389282,0.0,0.0,-0.0008273590356111526,-0.15750297904014587,0.0,0.0,0.1519360969768677,0.17939907186857715,-0.02288818359375,0.08170029520988464,0.0,0.0,0.0,0.0
1.305626392364502,-0.3898124098777771,-1.1872669458389282,0.0,0.0,-0.0008273590356111526,-0.15750297904014587,0.0,0.0,0.1519360969768677,0.17939907186857715,-0.02288818359375,0.08170029520988464,0.0,0.0,0.0,0.0
1.3068897724151611,-0.3898124098777771,-1.1872669458389282,0.0,0.0,-0.0008273590356111526,-0.15750297904014587,0.0,0.0,0.1519360969768677,0.17939907186857715,-0.02288818359375,0.08170029520988464,0.0,0.0,0.0,0.0
1.308178186416626,-0.3898124098777771,-1.1872669458389282,0.0,0.0,-0.0008273590356111526,-0.15750297904014587,0.0,0.0,0.1519360969768677,0.17939907186857715,-0.02288818359375,0.08170029520988464,0.0,0.0,0.0,0.0
1.3098750114440918,-0.38851237297058105,-1.1850520372390747,0.0,0.0,-0.000824684917461127,-0.1575014740228653,0.0,0.0,0.1519360969768677,0.17939907186857715,-0.02288818359375,0.08170029520988464,0.0,0.0,0.0,0.0
1.3111789226531982,-0.38851237297058105,-1.1850520372390747,0.0,0.0,-0.000824684917461127,-0.1575014740228653,0.0,0.0,0.1519360969768677,0.17939907186857715,-0.02288818359375,0.08170029520988464,0.0,0.0,0.0,0.0
1.3124933242797852,-0.38851237297058105,-1.1850520372390747,0.0,0.0,-0.000824684917461127,-0.1575014740228653,0.0,0.0,0.1519360969768677,0.17939907186857715,-0.02288818359375,0.08170029520988464,0.0,0.0,0.0,0.0
1.3142359256744385,-0.38851237297058105,-1.1850520372390747,0.0,0.0,-0.000824684917461127,-0.1575014740228653,0.0,0.0,0.1519360969768677,0.17939907186857715,-0.02288818359375,0.08170029520988464,0.0,0.0,0.0,0.0
1.3156077861785889,-0.38851237297058105,-1.1850520372390747,0.0,0.0,-0.000824684917461127,-0.1575014740228653,0.0,0.0,0.1519360969768677,0.17939907186857715,-0.02288818359375,0.08170029520988464,0.0,0.0,0.0,0.0
1.3170008659362793,-0.38851237297058105,-1.1850520372390747,0.0,0.0,-0.000824684917461127,-0.1575014740228653,0.0,0.0,0.1519360969768677,0.17939907186857715,-0.02288818359375,0.08170029520988464,0.0,0.0,0.0,0.0
1.3182992935180664,-0.38851237297058105,-1.1850520372390747,0.0,0.0,-0.000824684917461127,-0.1575014740228653,0.0,0.0,0.1519360969768677,0.17939907186857715,-0.02288818359375,0.08170029520988464,0.0,0.0,0.0,0.0
1.3195836544036865,-0.38851237297058105,-1.1850520372390747,0.0,0.0,-0.000824684917461127,-0.1575014740228653,0.0,0.0,0.1519360969768677,0.17939907186857715,-0.02288818359375,0.08170029520988464,0.0,0.0,0.0,0.0
1.3208420276641846,-0.38851237297058105,-1.1850520372390747,0.0,0.0,-0.000824684917461127,-0.1575014740228653,0.0,0.0,0.1519360969768677,0.17939907186857715,-0.02288818359375,0.08170029520988464,0.0,0.0,0.0,0.0
1.3221368789672852,-0.38851237297058105,-1.1850520372390747,0.0,0.0,-0.000824684917461127,-0.1575014740228653,0.0,0.0,0.1519360969768677,0.17939907186857715,-0.02288818359375,0.08170029520988464,0.0,0.0,0.0,0.0
1.3234169483184814,-0.38851237297058105,-1.1850520372390747,0.0,0.0,-0.000824684917461127,-0.1575014740228653,0.0,0.0,0.1519360969768677,0.17939907186857715,-0.02288818359375,0.08170029520988464,0.0,0.0,0.0,0.0
1.3247101306915283,-0.38851237297058105,-1.1850520372390747,0.0,0.0,-0.000824684917461127,-0.1575014740228653,0.0,0.0,0.1519360969768677,0.17923609109120214,-0.02288818359375,0.0847616046667099,0.0,0.0,0.0,0.0
1.3259856700897217,-0.38851237297058105,-1.1850520372390747,0.0,0.0,-0.000824684917461127,-0.1575014740228653,0.0,0.0,0.1519360969768677,0.17923609109120214,-0.02288818359375,0.0847616046667099,0.0,0.0,0.0,0.0
1.3272857666015625,-0.38851237297058105,-1.1850520372390747,0.0,0.0,-0.000824684917461127,-0.1575014740228653,0.0,0.0,0.1519360969768677,0.1792408777591575,-0.02288818359375,0.08264444768428802,0.0,0.0,0.0,0.0
1.3286082744598389,-0.3709864914417267,-1.154853343963623,0.0,0.0,-0.0008061560802161694,-0.15749108791351318,0.0,0.0,0.1519360969768677,0.1792408777591575,-0.02288818359375,0.08264444768428802,0.0,0.0,0.0,0.0
1.3299047946929932,-0.3709864914417267,-1.154853343963623,0.0,0.0,-0.0008061560802161694,-0.15749108791351318,0.0,0.0,0.1519360969768677,0.1792408777591575,-0.02288818359375,0.08264444768428802,0.0,0.0,0.0,0.0
1.33119535446167,-0.3709864914417267,-1.154853343963623,0.0,0.0,-0.0008061560802161694,-0.15749108791351318,0.0,0.0,0.1519360969768677,0.1792408777591575,-0.02288818359375,0.08264444768428802,0.0,0.0,0.0,0.0
1.3324663639068604,-0.3709864914417267,-1.154853343963623,0.0,0.0,-0.0008061560802161694,-0.15749108791351318,0.0,0.0,0.1519360969768677,0.1792408777591575,-0.02288818359375,0.08264444768428802,0.0,0.0,0.0,0.0
1.3341152667999268,-0.3709864914417267,-1.154853343963623,0.0,0.0,-0.0008061560802161694,-0.15749108791351318,0.0,0.0,0.1519360969768677,0.17923609109120214,-0.02288818359375,0.08267301321029663,0.0,0.0,0.0,0.0
1.3354618549346924,-0.3709864914417267,-1.154853343963623,0.0,0.0,-0.0008061560802161694,-0.15749108791351318,0.0,0.0,0.1519360969768677,0.17923609109120214,-0.02288818359375,0.08267301321029663,0.0,0.0,0.0,0.0
1.3367433547973633,-0.3709864914417267,-1.154853343963623,0.0,0.0,-0.0008061560802161694,-0.15749108791351318,0.0,0.0,0.1519360969768677,0.17923609109120214,-0.02288818359375,0.08267301321029663,0.0,0.0,0.0,0.0
1.3380286693572998,-0.3709864914417267,-1.154853343963623,0.0,0.0,-0.0008061560802161694,-0.15749108791351318,0.0,0.0,0.1519360969768677,0.17923609109120214,-0.02288818359375,0.08267301321029663,0.0,0.0,0.0,0.0
1.3395967483520508,-0.37941795587539673,-1.1695510149002075,0.0,0.0,-0.0008061560802161694,-0.15749108791351318,0.0,0.0,0.1519360969768677,0.17923609109120214,-0.02288818359375,0.08267301321029663,0.0,0.0,0.0,0.0
1.3409149646759033,-0.37941795587539673,-1.1695510149002075,0.0,0.0,-0.0008061560802161694,-0.15749108791351318,0.0,0.0,0.1519360969768677,0.17909228039233788,-0.02288818359375,0.08436108380556107,0.0,0.0,0.0,0.0
1.3422503471374512,-0.37941795587539673,-1.1695510149002075,0.0,0.0,-0.0008061560802161694,-0.15749108791351318,0.0,0.0,0.1519360969768677,0.17909228039233788,-0.02288818359375,0.08436108380556107,0.0,0.0,0.0,0.0
1.3435313701629639,-0.37941795587539673,-1.1695510149002075,0.0,0.0,-0.0008061560802161694,-0.15749108791351318,0.0,0.0,0.1519360969768677,0.17909228039233788,-0.02288818359375,0.08436108380556107,0.0,0.0,0.0,0.0
1.3448176383972168,-0.37941795587539673,-1.1695510149002075,0.0,0.0,-0.0008061560802161694,-0.15749108791351318,0.0,0.0,0.1519360969768677,0.17920252589879146,-0.02288818359375,0.08207222819328308,0.0,0.0,0.0,0.0
1.3460958003997803,-0.37941795587539673,-1.1695510149002075,0.0,0.0,-0.0008061560802161694,-0.15749108791351318,0.0,0.0,0.1519360969768677,0.1792983996980343,-0.02288818359375,0.08147138357162476,0.0,0.0,0.0,0.0
1.3475265502929688,-0.37941795587539673,-1.1695510149002075,0.0,0.0,-0.0008061560802161694,-0.15749108791351318,0.0,0.0,0.1519360969768677,0.1792983996980343,-0.02288818359375,0.08147138357162476,0.0,0.0,0.0,0.0
1.3491334915161133,-0.37941795587539673,-1.1695510149002075,0.0,0.0,-0.0008061560802161694,-0.15749108791351318,0.0,0.0,0.1519360969768677,0.17940387023987714,-0.02288818359375,0.08084198087453842,0.0,0.0,0.0,0.0
1.3504524230957031,-0.37941795587539673,-1.1695510149002075,0.0,0.0,-0.0008061560802161694,-0.15749108791351318,0.0,0.0,0.1519360969768677,0.17940387023987714,-0.02288818359375,0.08084198087453842,0.0,0.0,0.0,0.0
1.3517260551452637,-0.37941795587539673,-1.1695510149002075,0.0,0.0,-0.0008061560802161694,-0.15749108791351318,0.0,0.0,0.1519360969768677,0.17939907186857715,-0.02288818359375,0.08170029520988464,0.0,0.0,0.0,0.0
1.3530259132385254,-0.37941795587539673,-1.1695510149002075,0.0,0.0,-0.0008061560802161694,-0.15749108791351318,0.0,0.0,0.1519360969768677,0.17939907186857715,-0.02288818359375,0.08170029520988464,0.0,0.0,0.0,0.0
1.354297161102295,-0.37941795587539673,-1.1695510149002075,0.0,0.0,-0.0008061560802161694,-0.15749108791351318,0.0,0.0,0.1519360969768677,0.17939907186857715,-0.02288818359375,0.08170029520988464,0.0,0.0,0.0,0.0
1.3555946350097656,-0.37941795587539673,-1.1695510149002075,0.0,0.0,-0.0008061560802161694,-0.15749108791351318,0.0,0.0,0.1519360969768677,0.17915458899917003,-0.02288818359375,0.08170029520988464,0.0,0.0,0.0,0.0
1.3569176197052002,-0.37941795587539673,-1.1695510149002075,0.0,0.0,-0.0008061560802161694,-0.15749108791351318,0.0,0.0,0.1519360969768677,0.17915458899917003,-0.02288818359375,0.08170029520988464,0.0,0.0,0.0,0.0
1.3585853576660156,-0.38572824001312256,-1.180307388305664,0.0,0.0,-0.0008190355147235096,-0.157498300075531,0.0,0.0,0.1519360969768677,0.17891011783310753,-0.02288818359375,0.08745095133781433,0.0,0.0,0.0,0.0
1.3599069118499756,-0.38572824001312256,-1.180307388305664,0.0,0.0,-0.0008190355147235096,-0.157498300075531,0.0,0.0,0.1519360969768677,0.17891011783310753,-0.02288818359375,0.08745095133781433,0.0,0.0,0.0,0.0
1.3611853122711182,-0.38572824001312256,-1.180307388305664,0.0,0.0,-0.0008190355147235096,-0.157498300075531,0.0,0.0,0.1519360969768677,0.17893408628291824,-0.02288818359375,0.08579159528017044,0.0,0.0,0.0,0.0
1.362443208694458,-0.38572824001312256,-1.180307388305664,0.0,0.0,-0.0008190355147235096,-0.157498300075531,0.0,0.0,0.1519360969768677,0.17893408628291824,-0.02288818359375,0.08579159528017044,0.0,0.0,0.0,0.0
1.3637292385101318,-0.38572824001312256,-1.180307388305664,0.0,0.0,-0.0008190355147235096,-0.157498300075531,0.0,0.0,0.1519360969768677,0.17893408628291824,-0.02288818359375,0.08447548002004623,0.0,0.0,0.0,0.0
1.365070104598999,-0.38572824001312256,-1.180307388305664,0.0,0.0,-0.0008190355147235096,-0.157498300075531,0.0,0.0,0.1519360969768677,0.17893408628291824,-0.02288818359375,0.08447548002004623,0.0,0.0,0.0,0.0
1.3663811683654785,-0.38572824001312256,-1.180307388305664,0.0,0.0,-0.0008190355147235096,-0.157498300075531,0.0,0.0,0.1519360969768677,0.17893408628291824,-0.02288818359375,0.08447548002004623,0.0,0.0,0.0,0.0
1.3677361011505127,-0.38572824001312256,-1.180307388305664,0.0,0.0,-0.0008190355147235096,-0.157498300075531,0.0,0.0,0.1519360969768677,0.17893408628291824,-0.02288818359375,0.08447548002004623,0.0,0.0,0.0,0.0
1.3690240383148193,-0.39661410450935364,-1.199061632156372,0.0,0.0,-0.0008303720969706774,-0.15750466287136078,0.0,0.0,0.1519360969768677,0.17893408628291824,-0.02288818359375,0.08447548002004623,0.0,0.0,0.0,0.0
1.3702983856201172,-0.39661410450935364,-1.199061632156372,0.0,0.0,-0.0008303720969706774,-0.15750466287136078,0.0,0.0,0.1519360969768677,0.17893408628291824,-0.02288818359375,0.08447548002004623,0.0,0.0,0.0,0.0
1.3715643882751465,-0.39661410450935364,-1.199061632156372,0.0,0.0,-0.0008303720969706774,-0.15750466287136078,0.0,0.0,0.1519360969768677,0.17893408628291824,-0.02288818359375,0.08447548002004623,0.0,0.0,0.0,0.0
1.3728663921356201,-0.39661410450935364,-1.199061632156372,0.0,0.0,-0.0008303720969706774,-0.15750466287136078,0.0,0.0,0.1519360969768677,0.17893408628291824,-0.02288818359375,0.08447548002004623,0.0,0.0,0.0,0.0
1.3741812705993652,-0.39661410450935364,-1.199061632156372,0.0,0.0,-0.0008303720969706774,-0.15750466287136078,0.0,0.0,0.1519360969768677,0.17893408628291824,-0.02288818359375,0.08447548002004623,0.0,0.0,0.0,0.0
1.3754663467407227,-0.39661410450935364,-1.199061632156372,0.0,0.0,-0.0008303720969706774,-0.15750466287136078,0.0,0.0,0.1519360969768677,0.17893408628291824,-0.02288818359375,0.08447548002004623,0.0,0.0,0.0,0.0
1.3767495155334473,-0.39661410450935364,-1.199061632156372,0.0,0.0,-0.0008303720969706774,-0.15750466287136078,0.0,0.0,0.1519360969768677,0.179331964890445,-0.02288818359375,0.07961176335811615,0.0,0.0,0.0,0.0
1.3780395984649658,-0.39661410450935364,-1.199061632156372,0.0,0.0,-0.0008303720969706774,-0.15750466287136078,0.0,0.0,0.1519360969768677,0.179331964890445,-0.02288818359375,0.07961176335811615,0.0,0.0,0.0,0.0
1.379298210144043,-0.37941795587539673,-1.1695510149002075,0.0,0.0,-0.0008061560802161694,-0.15749108791351318,0.0,0.0,0.1519360969768677,0.179331964890445,-0.02288818359375,0.07961176335811615,0.0,0.0,0.0,0.0
1.3806061744689941,-0.37941795587539673,-1.1695510149002075,0.0,0.0,-0.0008061560802161694,-0.15749108791351318,0.0,0.0,0.1519360969768677,0.17942783868968787,-0.02288818359375,0.08075612783432007,0.0,0.0,0.0,0.0
1.3819236755371094,-0.37941795587539673,-1.1695510149002075,0.0,0.0,-0.0008061560802161694,-0.15749108791351318,0.0,0.0,0.1519360969768677,0.17942783868968787,-0.02288818359375,0.08075612783432007,0.0,0.0,0.0,0.0
1.383758544921875,-0.37941795587539673,-1.1695510149002075,0.0,0.0,-0.0008061560802161694,-0.15749108791351318,0.0,0.0,0.1519360969768677,0.17939907186857715,-0.02288818359375,0.08170029520988464,0.0,0.0,0.0,0.0
1.3851430416107178,-0.37941795587539673,-1.1695510149002075,0.0,0.0,-0.0008061560802161694,-0.15749108791351318,0.0,0.0,0.1519360969768677,0.17939907186857715,-0.02288818359375,0.08170029520988464,0.0,0.0,0.0,0.0
1.3868043422698975,-0.37941795587539673,-1.1695510149002075,0.0,0.0,-0.0008061560802161694,-0.15749108791351318,0.0,0.0,0.1519360969768677,0.17939907186857715,-0.02288818359375,0.08170029520988464,0.0,0.0,0.0,0.0
1.388434648513794,-0.39742419123649597,-1.2002326250076294,0.0,0.0,-0.0008428771980106831,-0.1575116664171219,0.0,0.0,0.1519360969768677,0.17939907186857715,-0.02288818359375,0.08170029520988464,0.0,0.0,0.0,0.0
1.389786958694458,-0.39742419123649597,-1.2002326250076294,0.0,0.0,-0.0008428771980106831,-0.1575116664171219,0.0,0.0,0.1519360969768677,0.17939907186857715,-0.02288818359375,0.08170029520988464,0.0,0.0,0.0,0.0
1.3911805152893066,-0.39742419123649597,-1.2002326250076294,0.0,0.0,-0.0008428771980106831,-0.1575116664171219,0.0,0.0,0.1519360969768677,0.17939907186857715,-0.02288818359375,0.08170029520988464,0.0,0.0,0.0,0.0
1.3924391269683838,-0.39742419123649597,-1.2002326250076294,0.0,0.0,-0.0008428771980106831,-0.1575116664171219,0.0,0.0,0.1519360969768677,0.17939907186857715,-0.02288818359375,0.08170029520988464,0.0,0.0,0.0,0.0
1.3937273025512695,-0.39742419123649597,-1.2002326250076294,0.0,0.0,-0.0008428771980106831,-0.1575116664171219,0.0,0.0,0.1519360969768677,0.17939907186857715,-0.02288818359375,0.08170029520988464,0.0,0.0,0.0,0.0
1.3950560092926025,-0.39742419123649597,-1.2002326250076294,0.0,0.0,-0.0008428771980106831,-0.1575116664171219,0.0,0.0,0.1519360969768677,0.17939907186857715,-0.02288818359375,0.08170029520988464,0.0,0.0,0.0,0.0
1.3963549137115479,-0.39742419123649597,-1.2002326250076294,0.0,0.0,-0.0008428771980106831,-0.1575116664171219,0.0,0.0,0.1519360969768677,0.17939907186857715,-0.02288818359375,0.08170029520988464,0.0,0.0,0.0,0.0
1.3980815410614014,-0.39742419123649597,-1.2002326250076294,0.0,0.0,-0.0008428771980106831,-0.1575116664171219,0.0,0.0,0.1519360969768677,0.17939907186857715,-0.02288818359375,0.08170029520988464,0.0,0.0,0.0,0.0
1.399613618850708,-0.39742419123649597,-1.2002326250076294,0.0,0.0,-0.0008428771980106831,-0.1575116664171219,0.0,0.0,0.1519360969768677,0.17939907186857715,-0.02288818359375,0.08170029520988464,0.0,0.0,0.0,0.0
1.4011991024017334,-0.39742419123649597,-1.2002326250076294,0.0,0.0,-0.0008428771980106831,-0.1575116664171219,0.0,0.0,0.1519360969768677,0.17939907186857715,-0.02288818359375,0.08170029520988464,0.0,0.0,0.0,0.0
1.4025702476501465,-0.39742419123649597,-1.2002326250076294,0.0,0.0,-0.0008428771980106831,-0.1575116664171219,0.0,0.0,0.1519360969768677,0.17939907186857715,-0.02288818359375,0.08170029520988464,0.0,0.0,0.0,0.0
1.4038646221160889,-0.39742419123649597,-1.2002326250076294,0.0,0.0,-0.0008428771980106831,-0.1575116664171219,0.0,0.0,0.1519360969768677,0.17939907186857715,-0.02288818359375,0.08170029520988464,0.0,0.0,0.0,0.0
1.4051198959350586,-0.39742419123649597,-1.2002326250076294,0.0,0.0,-0.0008428771980106831,-0.1575116664171219,0.0,0.0,0.1519360969768677,0.17939907186857715,-0.02288818359375,0.08170029520988464,0.0,0.0,0.0,0.0
1.4063732624053955,-0.39742419123649597,-1.2002326250076294,0.0,0.0,-0.0008428771980106831,-0.1575116664171219,0.0,0.0,0.1519360969768677,0.17939907186857715,-0.02288818359375,0.08170029520988464,0.0,0.0,0.0,0.0
1.4076523780822754,-0.39742419123649597,-1.2002326250076294,0.0,0.0,-0.0008428771980106831,-0.1575116664171219,0.0,0.0,0.1519360969768677,0.17939907186857715,-0.02288818359375,0.08170029520988464,0.0,0.0,0.0,0.0
1.409165382385254,-0.37941795587539673,-1.1695510149002075,0.0,0.0,-0.0008061560802161694,-0.15749108791351318,0.0,0.0,0.1519360969768677,0.17939907186857715,-0.02288818359375,0.08170029520988464,0.0,0.0,0.0,0.0
1.4107029438018799,-0.37941795587539673,-1.1695510149002075,0.0,0.0,-0.0008061560802161694,-0.15749108791351318,0.0,0.0,0.1519360969768677,0.17939907186857715,-0.02288818359375,0.08170029520988464,0.0,0.0,0.0,0.0
1.4119665622711182,-0.37941795587539673,-1.1695510149002075,0.0,0.0,-0.0008061560802161694,-0.15749108791351318,0.0,0.0,0.1519360969768677,0.17939907186857715,-0.02288818359375,0.08170029520988464,0.0,0.0,0.0,0.0
1.4132163524627686,-0.37941795587539673,-1.1695510149002075,0.0,0.0,-0.0008061560802161694,-0.15749108791351318,0.0,0.0,0.1519360969768677,0.17939907186857715,-0.02288818359375,0.08170029520988464,0.0,0.0,0.0,0.0
1.4145145416259766,-0.37941795587539673,-1.1695510149002075,0.0,0.0,-0.0008061560802161694,-0.15749108791351318,0.0,0.0,0.1519360969768677,0.17939907186857715,-0.02288818359375,0.08170029520988464,0.0,0.0,0.0,0.0
1.4158258438110352,-0.37941795587539673,-1.1695510149002075,0.0,0.0,-0.0008061560802161694,-0.15749108791351318,0.0,0.0,0.1519360969768677,0.17939907186857715,-0.02288818359375,0.08170029520988464,0.0,0.0,0.0,0.0
1.4171195030212402,-0.37941795587539673,-1.1695510149002075,0.0,0.0,-0.0008061560802161694,-0.15749108791351318,0.0,0.0,0.1519360969768677,0.1791114504708486,-0.02288818359375,0.08364582806825638,0.0,0.0,0.0,0.0
1.4184284210205078,-0.37941795587539673,-1.1695510149002075,0.0,0.0,-0.0008061560802161694,-0.15749108791351318,0.0,0.0,0.1519360969768677,0.1791114504708486,-0.02288818359375,0.08364582806825638,0.0,0.0,0.0,0.0
1.4197938442230225,-0.37941795587539673,-1.1695510149002075,0.0,0.0,-0.0008061560802161694,-0.15749108791351318,0.0,0.0,0.1519360969768677,0.17888135101199681,-0.02288818359375,0.08633516728878021,0.0,0.0,0.0,0.0
1.4211013317108154,-0.37941795587539673,-1.1695510149002075,0.0,0.0,-0.0008061560802161694,-0.15749108791351318,0.0,0.0,0.1519360969768677,0.17888135101199681,-0.02288818359375,0.08633516728878021,0.0,0.0,0.0,0.0
1.4226279258728027,-0.37941795587539673,-1.1695510149002075,0.0,0.0,-0.0008061560802161694,-0.15749108791351318,0.0,0.0,0.1519360969768677,0.17920732427009145,-0.02288818359375,0.08170026540756226,0.0,0.0,0.0,0.0
1.423921823501587,-0.37941795587539673,-1.1695510149002075,0.0,0.0,-0.0008061560802161694,-0.15749108791351318,0.0,0.0,0.1519360969768677,0.17920732427009145,-0.02288818359375,0.08170026540756226,0.0,0.0,0.0,0.0
1.4252276420593262,-0.37941795587539673,-1.1695510149002075,0.0,0.0,-0.0008061560802161694,-0.15749108791351318,0.0,0.0,0.1519360969768677,0.17943262535764323,-0.02288818359375,0.078553207218647,0.0,0.0,0.0,0.0
1.4265093803405762,-0.37941795587539673,-1.1695510149002075,0.0,0.0,-0.0008061560802161694,-0.15749108791351318,0.0,0.0,0.1519360969768677,0.17943262535764323,-0.02288818359375,0.078553207218647,0.0,0.0,0.0,0.0
1.427790880203247,-0.37941795587539673,-1.1695510149002075,0.0,0.0,-0.0008061560802161694,-0.15749108791351318,0.0,0.0,0.1519360969768677,0.17943262535764323,-0.02288818359375,0.078553207218647,0.0,0.0,0.0,0.0
1.4291181564331055,-0.37941795587539673,-1.1695510149002075,0.0,0.0,-0.0008061560802161694,-0.15749108791351318,0.0,0.0,0.1519360969768677,0.17928881465877894,-0.02288818359375,0.08315938711166382,0.0,0.0,0.0,0.0
1.4304897785186768,-0.37941795587539673,-1.1695510149002075,0.0,0.0,-0.0008061560802161694,-0.15749108791351318,0.0,0.0,0.1519360969768677,0.17928881465877894,-0.02288818359375,0.08315938711166382,0.0,0.0,0.0,0.0
1.4322025775909424,-0.37941795587539673,-1.1695510149002075,0.0,0.0,-0.0008061560802161694,-0.15749108791351318,0.0,0.0,0.1519360969768677,0.17918335582028072,-0.02288818359375,0.08376023173332214,0.0,0.0,0.0,0.0
1.4335014820098877,-0.37941795587539673,-1.1695510149002075,0.0,0.0,-0.0008061560802161694,-0.15749108791351318,0.0,0.0,0.1519360969768677,0.17918335582028072,-0.02288818359375,0.08376023173332214,0.0,0.0,0.0,0.0
1.4347953796386719,-0.37941795587539673,-1.1695510149002075,0.0,0.0,-0.0008061560802161694,-0.15749108791351318,0.0,0.0,0.1519360969768677,0.1792408777591575,-0.02288818359375,0.08264444768428802,0.0,0.0,0.0,0.0
1.4361140727996826,-0.37941795587539673,-1.1695510149002075,0.0,0.0,-0.0008061560802161694,-0.15749108791351318,0.0,0.0,0.1519360969768677,0.1792408777591575,-0.02288818359375,0.08264444768428802,0.0,0.0,0.0,0.0
1.4377200603485107,-0.37941795587539673,-1.1695510149002075,0.0,0.0,-0.0008061560802161694,-0.15749108791351318,0.0,0.0,0.1519360969768677,0.1792408777591575,-0.02288818359375,0.08264444768428802,0.0,0.0,0.0,0.0
1.4390275478363037,-0.37941795587539673,-1.1695510149002075,0.0,0.0,-0.0008061560802161694,-0.15749108791351318,0.0,0.0,0.1519360969768677,0.1792408777591575,-0.02288818359375,0.08264444768428802,0.0,0.0,0.0,0.0
1.4403278827667236,-0.37941795587539673,-1.1695510149002075,0.0,0.0,-0.0008061560802161694,-0.15749108791351318,0.0,0.0,0.1519360969768677,0.1792408777591575,-0.02288818359375,0.08264444768428802,0.0,0.0,0.0,0.0
1.4416062831878662,-0.37941795587539673,-1.1695510149002075,0.0,0.0,-0.0008061560802161694,-0.15749108791351318,0.0,0.0,0.1519360969768677,0.1792408777591575,-0.02288818359375,0.08264444768428802,0.0,0.0,0.0,0.0
1.4429397583007812,-0.37941795587539673,-1.1695510149002075,0.0,0.0,-0.0008061560802161694,-0.15749108791351318,0.0,0.0,0.1519360969768677,0.17923129271990215,-0.02288818359375,0.0827016532421112,0.0,0.0,0.0,0.0
1.4442405700683594,-0.37941795587539673,-1.1695510149002075,0.0,0.0,-0.0008061560802161694,-0.15749108791351318,0.0,0.0,0.1519360969768677,0.17923129271990215,-0.02288818359375,0.0827016532421112,0.0,0.0,0.0,0.0
1.4455256462097168,-0.37941795587539673,-1.1695510149002075,0.0,0.0,-0.0008061560802161694,-0.15749108791351318,0.0,0.0,0.1519360969768677,0.17923129271990215,-0.02288818359375,0.0827016532421112,0.0,0.0,0.0,0.0
1.4467930793762207,-0.37941795587539673,-1.1695510149002075,0.0,0.0,-0.0008061560802161694,-0.15749108791351318,0.0,0.0,0.1519360969768677,0.17923129271990215,-0.02288818359375,0.0827016532421112,0.0,0.0,0.0,0.0
1.4480466842651367,-0.37941795587539673,-1.1695510149002075,0.0,0.0,-0.0008061560802161694,-0.15749108791351318,0.0,0.0,0.1519360969768677,0.17923129271990215,-0.02288818359375,0.0827016532421112,0.0,0.0,0.0,0.0
1.4496400356292725,-0.3795090913772583,-1.1694258451461792,0.0,0.0,-0.000821295368950814,-0.15749958157539368,0.0,0.0,0.1519360969768677,0.17923129271990215,-0.02288818359375,0.0827016532421112,0.0,0.0,0.0,0.0
1.4512243270874023,-0.3795090913772583,-1.1694258451461792,0.0,0.0,-0.000821295368950814,-0.15749958157539368,0.0,0.0,0.1519360969768677,0.17923129271990215,-0.02288818359375,0.0827016532421112,0.0,0.0,0.0,0.0
1.4524993896484375,-0.3795090913772583,-1.1694258451461792,0.0,0.0,-0.000821295368950814,-0.15749958157539368,0.0,0.0,0.1519360969768677,0.17923129271990215,-0.02288818359375,0.0827016532421112,0.0,0.0,0.0,0.0
1.4537839889526367,-0.3795090913772583,-1.1694258451461792,0.0,0.0,-0.000821295368950814,-0.15749958157539368,0.0,0.0,0.1519360969768677,0.17923129271990215,-0.02288818359375,0.0827016532421112,0.0,0.0,0.0,0.0
1.4550395011901855,-0.3795090913772583,-1.1694258451461792,0.0,0.0,-0.000821295368950814,-0.15749958157539368,0.0,0.0,0.1519360969768677,0.17923129271990215,-0.02288818359375,0.0827016532421112,0.0,0.0,0.0,0.0
1.4563491344451904,-0.3795090913772583,-1.1694258451461792,0.0,0.0,-0.000821295368950814,-0.15749958157539368,0.0,0.0,0.1519360969768677,0.17923129271990215,-0.02288818359375,0.0827016532421112,0.0,0.0,0.0,0.0
1.457622766494751,-0.3795090913772583,-1.1694258451461792,0.0,0.0,-0.000821295368950814,-0.15749958157539368,0.0,0.0,0.1519360969768677,0.17923129271990215,-0.02288818359375,0.0827016532421112,0.0,0.0,0.0,0.0
1.4588901996612549,-0.3927197754383087,-1.1924132108688354,0.0,0.0,-0.0008231785614043474,-0.15750065445899963,0.0,0.0,0.1519360969768677,0.17909706706029324,-0.02288818359375,0.08430379629135132,0.0,0.0,0.0,0.0
1.4601678848266602,-0.3927197754383087,-1.1924132108688354,0.0,0.0,-0.0008231785614043474,-0.15750065445899963,0.0,0.0,0.1519360969768677,0.17909706706029324,-0.02288818359375,0.08430379629135132,0.0,0.0,0.0,0.0
1.4614732265472412,-0.3927197754383087,-1.1924132108688354,0.0,0.0,-0.0008231785614043474,-0.15750065445899963,0.0,0.0,0.1519360969768677,0.17915458899917003,-0.02288818359375,0.08315945416688919,0.0,0.0,0.0,0.0
1.4627563953399658,-0.3927197754383087,-1.1924132108688354,0.0,0.0,-0.0008231785614043474,-0.15750065445899963,0.0,0.0,0.1519360969768677,0.17915458899917003,-0.02288818359375,0.08315945416688919,0.0,0.0,0.0,0.0
1.4640717506408691,-0.3927197754383087,-1.1924132108688354,0.0,0.0,-0.0008231785614043474,-0.15750065445899963,0.0,0.0,0.1519360969768677,0.17915458899917003,-0.02288818359375,0.08315945416688919,0.0,0.0,0.0,0.0
1.4653651714324951,-0.3927197754383087,-1.1924132108688354,0.0,0.0,-0.0008231785614043474,-0.15750065445899963,0.0,0.0,0.1519360969768677,0.17915458899917003,-0.02288818359375,0.08315945416688919,0.0,0.0,0.0,0.0
1.4666438102722168,-0.3927197754383087,-1.1924132108688354,0.0,0.0,-0.0008231785614043474,-0.15750065445899963,0.0,0.0,0.1519360969768677,0.17915458899917003,-0.02288818359375,0.08315945416688919,0.0,0.0,0.0,0.0
1.4679346084594727,-0.3927197754383087,-1.1924132108688354,0.0,0.0,-0.0008231785614043474,-0.15750065445899963,0.0,0.0,0.1519360969768677,0.17915458899917003,-0.02288818359375,0.08315945416688919,0.0,0.0,0.0,0.0
1.4692156314849854,-0.38591399788856506,-1.1806241273880005,0.0,0.0,-0.0008194122347049415,-0.1574985235929489,0.0,0.0,0.1519360969768677,0.17915458899917003,-0.02288818359375,0.08315945416688919,0.0,0.0,0.0,0.0
1.4707748889923096,-0.38591399788856506,-1.1806241273880005,0.0,0.0,-0.0008194122347049415,-0.1574985235929489,0.0,0.0,0.1519360969768677,0.17915458899917003,-0.02288818359375,0.08315945416688919,0.0,0.0,0.0,0.0
1.4720969200134277,-0.38591399788856506,-1.1806241273880005,0.0,0.0,-0.0008194122347049415,-0.1574985235929489,0.0,0.0,0.1519360969768677,0.17915458899917003,-0.02288818359375,0.08315945416688919,0.0,0.0,0.0,0.0
1.4733738899230957,-0.38591399788856506,-1.1806241273880005,0.0,0.0,-0.0008194122347049415,-0.1574985235929489,0.0,0.0,0.1519360969768677,0.17915458899917003,-0.02288818359375,0.08315945416688919,0.0,0.0,0.0,0.0
1.4746432304382324,-0.38591399788856506,-1.1806241273880005,0.0,0.0,-0.0008194122347049415,-0.1574985235929489,0.0,0.0,0.1519360969768677,0.17915458899917003,-0.02288818359375,0.08315945416688919,0.0,0.0,0.0,0.0
1.4759082794189453,-0.38591399788856506,-1.1806241273880005,0.0,0.0,-0.0008194122347049415,-0.1574985235929489,0.0,0.0,0.1519360969768677,0.17915458899917003,-0.02288818359375,0.08315945416688919,0.0,0.0,0.0,0.0
1.477226972579956,-0.38591399788856506,-1.1806241273880005,0.0,0.0,-0.0008194122347049415,-0.1574985235929489,0.0,0.0,0.1519360969768677,0.17915458899917003,-0.02288818359375,0.08315945416688919,0.0,0.0,0.0,0.0
1.478522539138794,-0.38591399788856506,-1.1806241273880005,0.0,0.0,-0.0008194122347049415,-0.1574985235929489,0.0,0.0,0.1519360969768677,0.17930319806933429,-0.02288818359375,0.08147138357162476,0.0,0.0,0.0,0.0
1.4798083305358887,-0.38591399788856506,-1.1806241273880005,0.0,0.0,-0.0008194122347049415,-0.1574985235929489,0.0,0.0,0.1519360969768677,0.17930319806933429,-0.02288818359375,0.08147138357162476,0.0,0.0,0.0,0.0
1.4810800552368164,-0.38591399788856506,-1.1806241273880005,0.0,0.0,-0.0008194122347049415,-0.1574985235929489,0.0,0.0,0.1519360969768677,0.1794086569078325,-0.02288818359375,0.0808706134557724,0.0,0.0,0.0,0.0
1.4823269844055176,-0.38591399788856506,-1.1806241273880005,0.0,0.0,-0.0008194122347049415,-0.1574985235929489,0.0,0.0,0.1519360969768677,0.1794086569078325,-0.02288818359375,0.0808706134557724,0.0,0.0,0.0,0.0
1.483614444732666,-0.38591399788856506,-1.1806241273880005,0.0,0.0,-0.0008194122347049415,-0.1574985235929489,0.0,0.0,0.1519360969768677,0.17939907186857715,-0.02288818359375,0.08170029520988464,0.0,0.0,0.0,0.0
1.4849166870117188,-0.38591399788856506,-1.1806241273880005,0.0,0.0,-0.0008194122347049415,-0.1574985235929489,0.0,0.0,0.1519360969768677,0.17939907186857715,-0.02288818359375,0.08170029520988464,0.0,0.0,0.0,0.0
1.4862089157104492,-0.38591399788856506,-1.1806241273880005,0.0,0.0,-0.0008194122347049415,-0.1574985235929489,0.0,0.0,0.1519360969768677,0.17891011783310753,-0.02288818359375,0.08710764348506927,0.0,0.0,0.0,0.0
1.487489938735962,-0.38591399788856506,-1.1806241273880005,0.0,0.0,-0.0008194122347049415,-0.1574985235929489,0.0,0.0,0.1519360969768677,0.17891011783310753,-0.02288818359375,0.08710764348506927,0.0,0.0,0.0,0.0
1.488889217376709,-0.3888840079307556,-1.1856855154037476,0.0,0.0,-0.00082543829921633,-0.1575019210577011,0.0,0.0,0.1519360969768677,0.17934154992970036,-0.02288818359375,0.08038423955440521,0.0,0.0,0.0,0.0
1.4906694889068604,-0.3888840079307556,-1.1856855154037476,0.0,0.0,-0.00082543829921633,-0.1575019210577011,0.0,0.0,0.1519360969768677,0.17934154992970036,-0.02288818359375,0.08038423955440521,0.0,0.0,0.0,0.0
1.4920551776885986,-0.3888840079307556,-1.1856855154037476,0.0,0.0,-0.00082543829921633,-0.1575019210577011,0.0,0.0,0.1519360969768677,0.17943742372894322,-0.02288818359375,0.08067036420106888,0.0,0.0,0.0,0.0
1.4935302734375,-0.3888840079307556,-1.1856855154037476,0.0,0.0,-0.00082543829921633,-0.1575019210577011,0.0,0.0,0.1519360969768677,0.17943742372894322,-0.02288818359375,0.08067036420106888,0.0,0.0,0.0,0.0
1.4955480098724365,-0.3888840079307556,-1.1856855154037476,0.0,0.0,-0.00082543829921633,-0.1575019210577011,0.0,0.0,0.1519360969768677,0.17939907186857715,-0.02288818359375,0.08170029520988464,0.0,0.0,0.0,0.0
1.4972515106201172,-0.3888840079307556,-1.1856855154037476,0.0,0.0,-0.00082543829921633,-0.1575019210577011,0.0,0.0,0.1519360969768677,0.17898202318253967,-0.02288818359375,0.08667849004268646,0.0,0.0,0.0,0.0
1.4990544319152832,-0.3888840079307556,-1.1856855154037476,0.0,0.0,-0.00082543829921633,-0.1575019210577011,0.0,0.0,0.1519360969768677,0.17898202318253967,-0.02288818359375,0.08667849004268646,0.0,0.0,0.0,0.0
1.5008189678192139,-0.3888840079307556,-1.1856855154037476,0.0,0.0,-0.00082543829921633,-0.1575019210577011,0.0,0.0,0.1519360969768677,0.17890531946180754,-0.02288818359375,0.08544820547103882,0.0,0.0,0.0,0.0
1.5022926330566406,-0.3888840079307556,-1.1856855154037476,0.0,0.0,-0.00082543829921633,-0.1575019210577011,0.0,0.0,0.1519360969768677,0.17893408628291824,-0.02288818359375,0.08447548002004623,0.0,0.0,0.0,0.0
1.503675937652588,-0.3888840079307556,-1.1856855154037476,0.0,0.0,-0.00082543829921633,-0.1575019210577011,0.0,0.0,0.1519360969768677,0.17893408628291824,-0.02288818359375,0.08447548002004623,0.0,0.0,0.0,0.0
1.5049517154693604,-0.3888840079307556,-1.1856855154037476,0.0,0.0,-0.00082543829921633,-0.1575019210577011,0.0,0.0,0.1519360969768677,0.17893408628291824,-0.02288818359375,0.08447548002004623,0.0,0.0,0.0,0.0
1.506307601928711,-0.3888840079307556,-1.1856855154037476,0.0,0.0,-0.00082543829921633,-0.1575019210577011,0.0,0.0,0.1519360969768677,0.17893408628291824,-0.02288818359375,0.08447548002004623,0.0,0.0,0.0,0.0
1.5077886581420898,-0.3888840079307556,-1.1856855154037476,0.0,0.0,-0.00082543829921633,-0.1575019210577011,0.0,0.0,0.1519360969768677,0.17893408628291824,-0.02288818359375,0.08447548002004623,0.0,0.0,0.0,0.0
1.5092456340789795,-0.37941795587539673,-1.1695510149002075,0.0,0.0,-0.0008061560802161694,-0.15749108791351318,0.0,0.0,0.1519360969768677,0.17893408628291824,-0.02288818359375,0.08447548002004623,0.0,0.0,0.0,0.0
1.5107018947601318,-0.37941795587539673,-1.1695510149002075,0.0,0.0,-0.0008061560802161694,-0.15749108791351318,0.0,0.0,0.1519360969768677,0.17893408628291824,-0.02288818359375,0.08447548002004623,0.0,0.0,0.0,0.0
1.5121665000915527,-0.37941795587539673,-1.1695510149002075,0.0,0.0,-0.0008061560802161694,-0.15749108791351318,0.0,0.0,0.1519360969768677,0.17893408628291824,-0.02288818359375,0.08447548002004623,0.0,0.0,0.0,0.0
1.5136330127716064,-0.37941795587539673,-1.1695510149002075,0.0,0.0,-0.0008061560802161694,-0.15749108791351318,0.0,0.0,0.1519360969768677,0.17893408628291824,-0.02288818359375,0.08447548002004623,0.0,0.0,0.0,0.0
1.515350341796875,-0.37941795587539673,-1.1695510149002075,0.0,0.0,-0.0008061560802161694,-0.15749108791351318,0.0,0.0,0.1519360969768677,0.17893408628291824,-0.02288818359375,0.08447548002004623,0.0,0.0,0.0,0.0
1.516838550567627,-0.37941795587539673,-1.1695510149002075,0.0,0.0,-0.0008061560802161694,-0.15749108791351318,0.0,0.0,0.1519360969768677,0.17893408628291824,-0.02288818359375,0.08447548002004623,0.0,0.0,0.0,0.0
1.518467664718628,-0.37280118465423584,-1.1580735445022583,0.0,0.0,-0.0008031058823689818,-0.15748940408229828,0.0,0.0,0.1519360969768677,0.17893408628291824,-0.02288818359375,0.08447548002004623,0.0,0.0,0.0,0.0
1.5206406116485596,-0.37280118465423584,-1.1580735445022583,0.0,0.0,-0.0008031058823689818,-0.15748940408229828,0.0,0.0,0.1519360969768677,0.17893408628291824,-0.02288818359375,0.08447548002004623,0.0,0.0,0.0,0.0
1.5225930213928223,-0.37280118465423584,-1.1580735445022583,0.0,0.0,-0.0008031058823689818,-0.15748940408229828,0.0,0.0,0.1519360969768677,0.17893408628291824,-0.02288818359375,0.08447548002004623,0.0,0.0,0.0,0.0
1.5242407321929932,-0.37280118465423584,-1.1580735445022583,0.0,0.0,-0.0008031058823689818,-0.15748940408229828,0.0,0.0,0.1519360969768677,0.17893408628291824,-0.02288818359375,0.08447548002004623,0.0,0.0,0.0,0.0
1.525644302368164,-0.37280118465423584,-1.1580735445022583,0.0,0.0,-0.0008031058823689818,-0.15748940408229828,0.0,0.0,0.1519360969768677,0.17893408628291824,-0.02288818359375,0.08447548002004623,0.0,0.0,0.0,0.0
1.5270819664001465,-0.37280118465423584,-1.1580735445022583,0.0,0.0,-0.0008031058823689818,-0.15748940408229828,0.0,0.0,0.1519360969768677,0.17893408628291824,-0.02288818359375,0.08447548002004623,0.0,0.0,0.0,0.0
1.5289289951324463,-0.39742419123649597,-1.2002326250076294,0.0,0.0,-0.0008428771980106831,-0.1575116664171219,0.0,0.0,0.1519360969768677,0.17893408628291824,-0.02288818359375,0.08447548002004623,0.0,0.0,0.0,0.0
1.5303034782409668,-0.39742419123649597,-1.2002326250076294,0.0,0.0,-0.0008428771980106831,-0.1575116664171219,0.0,0.0,0.1519360969768677,0.17893408628291824,-0.02288818359375,0.08447548002004623,0.0,0.0,0.0,0.0
1.532179355621338,-0.39742419123649597,-1.2002326250076294,0.0,0.0,-0.0008428771980106831,-0.1575116664171219,0.0,0.0,0.1519360969768677,0.17893408628291824,-0.02288818359375,0.08447548002004623,0.0,0.0,0.0,0.0
1.5337541103363037,-0.39742419123649597,-1.2002326250076294,0.0,0.0,-0.0008428771980106831,-0.1575116664171219,0.0,0.0,0.1519360969768677,0.17893408628291824,-0.02288818359375,0.08447548002004623,0.0,0.0,0.0,0.0
1.535146713256836,-0.39742419123649597,-1.2002326250076294,0.0,0.0,-0.0008428771980106831,-0.1575116664171219,0.0,0.0,0.1519360969768677,0.17893408628291824,-0.02288818359375,0.08447548002004623,0.0,0.0,0.0,0.0
1.5365805625915527,-0.39742419123649597,-1.2002326250076294,0.0,0.0,-0.0008428771980106831,-0.1575116664171219,0.0,0.0,0.1519360969768677,0.17893408628291824,-0.02288818359375,0.08447548002004623,0.0,0.0,0.0,0.0
1.5379371643066406,-0.39742419123649597,-1.2002326250076294,0.0,0.0,-0.0008428771980106831,-0.1575116664171219,0.0,0.0,0.1519360969768677,0.17893408628291824,-0.02288818359375,0.08447548002004623,0.0,0.0,0.0,0.0
1.5393521785736084,-0.39742419123649597,-1.2002326250076294,0.0,0.0,-0.0008428771980106831,-0.1575116664171219,0.0,0.0,0.1519360969768677,0.17909228039233788,-0.02288818359375,0.08141416311264038,0.0,0.0,0.0,0.0
1.5407741069793701,-0.39742419123649597,-1.2002326250076294,0.0,0.0,-0.0008428771980106831,-0.1575116664171219,0.0,0.0,0.1519360969768677,0.17909228039233788,-0.02288818359375,0.08141416311264038,0.0,0.0,0.0,0.0
1.542130470275879,-0.39742419123649597,-1.2002326250076294,0.0,0.0,-0.0008428771980106831,-0.1575116664171219,0.0,0.0,0.1519360969768677,0.17909228039233788,-0.02288818359375,0.08353132009506226,0.0,0.0,0.0,0.0
1.5434963703155518,-0.39742419123649597,-1.2002326250076294,0.0,0.0,-0.0008428771980106831,-0.1575116664171219,0.0,0.0,0.1519360969768677,0.17909228039233788,-0.02288818359375,0.08353132009506226,0.0,0.0,0.0,0.0
1.544842004776001,-0.39742419123649597,-1.2002326250076294,0.0,0.0,-0.0008428771980106831,-0.1575116664171219,0.0,0.0,0.1519360969768677,0.17909706706029324,-0.02288818359375,0.08350275456905365,0.0,0.0,0.0,0.0
1.5462141036987305,-0.39742419123649597,-1.2002326250076294,0.0,0.0,-0.0008428771980106831,-0.1575116664171219,0.0,0.0,0.1519360969768677,0.17909706706029324,-0.02288818359375,0.08350275456905365,0.0,0.0,0.0,0.0
1.5475857257843018,-0.39742419123649597,-1.2002326250076294,0.0,0.0,-0.0008428771980106831,-0.1575116664171219,0.0,0.0,0.1519360969768677,0.17909706706029324,-0.02288818359375,0.08350275456905365,0.0,0.0,0.0,0.0
1.5489544868469238,-0.39742419123649597,-1.2002326250076294,0.0,0.0,-0.0008428771980106831,-0.1575116664171219,0.0,0.0,0.1519360969768677,0.17909706706029324,-0.02288818359375,0.08350275456905365,0.0,0.0,0.0,0.0
1.5504493713378906,-0.39742419123649597,-1.2002326250076294,0.0,0.0,-0.0008428771980106831,-0.1575116664171219,0.0,0.0,0.1519360969768677,0.17909706706029324,-0.02288818359375,0.08350275456905365,0.0,0.0,0.0,0.0
1.5521082878112793,-0.39742419123649597,-1.2002326250076294,0.0,0.0,-0.0008428771980106831,-0.1575116664171219,0.0,0.0,0.1519360969768677,0.17909706706029324,-0.02288818359375,0.08350275456905365,0.0,0.0,0.0,0.0
1.5542106628417969,-0.39742419123649597,-1.2002326250076294,0.0,0.0,-0.0008428771980106831,-0.1575116664171219,0.0,0.0,0.1519360969768677,0.17909706706029324,-0.02288818359375,0.08350275456905365,0.0,0.0,0.0,0.0
1.5558733940124512,-0.39742419123649597,-1.2002326250076294,0.0,0.0,-0.0008428771980106831,-0.1575116664171219,0.0,0.0,0.1519360969768677,0.17909706706029324,-0.02288818359375,0.08350275456905365,0.0,0.0,0.0,0.0
1.5575194358825684,-0.39742419123649597,-1.2002326250076294,0.0,0.0,-0.0008428771980106831,-0.1575116664171219,0.0,0.0,0.1519360969768677,0.17909706706029324,-0.02288818359375,0.08350275456905365,0.0,0.0,0.0,0.0
1.559084177017212,-0.39742419123649597,-1.2002326250076294,0.0,0.0,-0.0008428771980106831,-0.1575116664171219,0.0,0.0,0.1519360969768677,0.17909706706029324,-0.02288818359375,0.08350275456905365,0.0,0.0,0.0,0.0
1.5610270500183105,-0.39742419123649597,-1.2002326250076294,0.0,0.0,-0.0008428771980106831,-0.1575116664171219,0.0,0.0,0.1519360969768677,0.17909706706029324,-0.02288818359375,0.08350275456905365,0.0,0.0,0.0,0.0
1.5625717639923096,-0.39742419123649597,-1.2002326250076294,0.0,0.0,-0.0008428771980106831,-0.1575116664171219,0.0,0.0,0.1519360969768677,0.17909706706029324,-0.02288818359375,0.08350275456905365,0.0,0.0,0.0,0.0
1.5641846656799316,-0.39742419123649597,-1.2002326250076294,0.0,0.0,-0.0008428771980106831,-0.1575116664171219,0.0,0.0,0.1519360969768677,0.17926964458026823,-0.02288818359375,0.08167172223329544,0.0,0.0,0.0,0.0
1.565676212310791,-0.39742419123649597,-1.2002326250076294,0.0,0.0,-0.0008428771980106831,-0.1575116664171219,0.0,0.0,0.1519360969768677,0.17926964458026823,-0.02288818359375,0.08167172223329544,0.0,0.0,0.0,0.0
1.5671274662017822,-0.39742419123649597,-1.2002326250076294,0.0,0.0,-0.0008428771980106831,-0.1575116664171219,0.0,0.0,0.1519360969768677,0.1793846884580218,-0.02288818359375,0.08098503202199936,0.0,0.0,0.0,0.0
1.5688097476959229,-0.3912970721721649,-1.1897965669631958,0.0,0.0,-0.0008303720969706774,-0.15750466287136078,0.0,0.0,0.1519360969768677,0.1793846884580218,-0.02288818359375,0.08098503202199936,0.0,0.0,0.0,0.0
1.5708060264587402,-0.3912970721721649,-1.1897965669631958,0.0,0.0,-0.0008303720969706774,-0.15750466287136078,0.0,0.0,0.1519360969768677,0.17939907186857715,-0.02288818359375,0.08170029520988464,0.0,0.0,0.0,0.0
1.572603464126587,-0.3912970721721649,-1.1897965669631958,0.0,0.0,-0.0008303720969706774,-0.15750466287136078,0.0,0.0,0.1519360969768677,0.17939907186857715,-0.02288818359375,0.08170029520988464,0.0,0.0,0.0,0.0
1.5742785930633545,-0.3912970721721649,-1.1897965669631958,0.0,0.0,-0.0008303720969706774,-0.15750466287136078,0.0,0.0,0.1519360969768677,0.17939907186857715,-0.02288818359375,0.08170029520988464,0.0,0.0,0.0,0.0
1.5762851238250732,-0.3912970721721649,-1.1897965669631958,0.0,0.0,-0.0008303720969706774,-0.15750466287136078,0.0,0.0,0.1519360969768677,0.17939907186857715,-0.02288818359375,0.08170029520988464,0.0,0.0,0.0,0.0
1.5778465270996094,-0.3912970721721649,-1.1897965669631958,0.0,0.0,-0.0008303720969706774,-0.15750466287136078,0.0,0.0,0.1519360969768677,0.17939907186857715,-0.02288818359375,0.08170029520988464,0.0,0.0,0.0,0.0
1.579549789428711,-0.39111173152923584,-1.1894806623458862,0.0,0.0,-0.0008299954351969063,-0.15750443935394287,0.0,0.0,0.1519360969768677,0.17939907186857715,-0.02288818359375,0.08170029520988464,0.0,0.0,0.0,0.0
1.581228494644165,-0.39111173152923584,-1.1894806623458862,0.0,0.0,-0.0008299954351969063,-0.15750443935394287,0.0,0.0,0.1519360969768677,0.17939907186857715,-0.02288818359375,0.08170029520988464,0.0,0.0,0.0,0.0
1.5828354358673096,-0.39111173152923584,-1.1894806623458862,0.0,0.0,-0.0008299954351969063,-0.15750443935394287,0.0,0.0,0.1519360969768677,0.17939907186857715,-0.02288818359375,0.08170029520988464,0.0,0.0,0.0,0.0
1.5849828720092773,-0.39111173152923584,-1.1894806623458862,0.0,0.0,-0.0008299954351969063,-0.15750443935394287,0.0,0.0,0.1519360969768677,0.1790730986104825,-0.02288818359375,0.08604908734560013,0.0,0.0,0.0,0.0
1.5867033004760742,-0.39111173152923584,-1.1894806623458862,0.0,0.0,-0.0008299954351969063,-0.15750443935394287,0.0,0.0,0.1519360969768677,0.1789197028723629,-0.02288818359375,0.08622068166732788,0.0,0.0,0.0,0.0
1.5888535976409912,-0.39111173152923584,-1.1894806623458862,0.0,0.0,-0.0008299954351969063,-0.15750443935394287,0.0,0.0,0.1519360969768677,0.17898202318253967,-0.02288818359375,0.08418937772512436,0.0,0.0,0.0,0.0
1.5907676219940186,-0.39111173152923584,-1.1894806623458862,0.0,0.0,-0.0008299954351969063,-0.15750443935394287,0.0,0.0,0.1519360969768677,0.17898202318253967,-0.02288818359375,0.08418937772512436,0.0,0.0,0.0,0.0
1.5925958156585693,-0.39111173152923584,-1.1894806623458862,0.0,0.0,-0.0008299954351969063,-0.15750443935394287,0.0,0.0,0.1519360969768677,0.17898202318253967,-0.02288818359375,0.08418937772512436,0.0,0.0,0.0,0.0
1.5943636894226074,-0.39111173152923584,-1.1894806623458862,0.0,0.0,-0.0008299954351969063,-0.15750443935394287,0.0,0.0,0.1519360969768677,0.17898202318253967,-0.02288818359375,0.08418937772512436,0.0,0.0,0.0,0.0
1.5968003273010254,-0.39111173152923584,-1.1894806623458862,0.0,0.0,-0.0008299954351969063,-0.15750443935394287,0.0,0.0,0.1519360969768677,0.1791402172919593,-0.02288818359375,0.08418937772512436,0.0,0.0,0.0,0.0
1.5987539291381836,-0.37941795587539673,-1.1695510149002075,0.0,0.0,-0.0008061560802161694,-0.15749108791351318,0.0,0.0,0.1519360969768677,0.1791402172919593,-0.02288818359375,0.08418937772512436,0.0,0.0,0.0,0.0
1.6006877422332764,-0.37941795587539673,-1.1695510149002075,0.0,0.0,-0.0008061560802161694,-0.15749108791351318,0.0,0.0,0.1519360969768677,0.17915458899917003,-0.02288818359375,0.08315945416688919,0.0,0.0,0.0,0.0
1.602109670639038,-0.37941795587539673,-1.1695510149002075,0.0,0.0,-0.0008061560802161694,-0.15749108791351318,0.0,0.0,0.1519360969768677,0.17915458899917003,-0.02288818359375,0.08315945416688919,0.0,0.0,0.0,0.0
1.6038463115692139,-0.37941795587539673,-1.1695510149002075,0.0,0.0,-0.0008061560802161694,-0.15749108791351318,0.0,0.0,0.1519360969768677,0.17915458899917003,-0.02288818359375,0.08315945416688919,0.0,0.0,0.0,0.0
1.6052114963531494,-0.37941795587539673,-1.1695510149002075,0.0,0.0,-0.0008061560802161694,-0.15749108791351318,0.0,0.0,0.1519360969768677,0.17915458899917003,-0.02288818359375,0.08315945416688919,0.0,0.0,0.0,0.0
1.6065523624420166,-0.37941795587539673,-1.1695510149002075,0.0,0.0,-0.0008061560802161694,-0.15749108791351318,0.0,0.0,0.1519360969768677,0.17915458899917003,-0.02288818359375,0.08315945416688919,0.0,0.0,0.0,0.0
1.6078946590423584,-0.37941795587539673,-1.1695510149002075,0.0,0.0,-0.0008061560802161694,-0.15749108791351318,0.0,0.0,0.1519360969768677,0.17915458899917003,-0.02288818359375,0.08315945416688919,0.0,0.0,0.0,0.0
1.6091876029968262,-0.40744003653526306,-1.2178964614868164,0.0,0.0,-0.0008318786858581007,-0.15750551223754883,0.0,0.0,0.1519360969768677,0.17915458899917003,-0.02288818359375,0.08315945416688919,0.0,0.0,0.0,0.0
1.6105263233184814,-0.40744003653526306,-1.2178964614868164,0.0,0.0,-0.0008318786858581007,-0.15750551223754883,0.0,0.0,0.1519360969768677,0.17915458899917003,-0.02288818359375,0.08315945416688919,0.0,0.0,0.0,0.0
1.611915111541748,-0.40744003653526306,-1.2178964614868164,0.0,0.0,-0.0008318786858581007,-0.15750551223754883,0.0,0.0,0.1519360969768677,0.17915458899917003,-0.02288818359375,0.08315945416688919,0.0,0.0,0.0,0.0
1.6136250495910645,-0.40744003653526306,-1.2178964614868164,0.0,0.0,-0.0008318786858581007,-0.15750551223754883,0.0,0.0,0.1519360969768677,0.17915458899917003,-0.02288818359375,0.08315945416688919,0.0,0.0,0.0,0.0
1.6149036884307861,-0.40744003653526306,-1.2178964614868164,0.0,0.0,-0.0008318786858581007,-0.15750551223754883,0.0,0.0,0.1519360969768677,0.17915458899917003,-0.02288818359375,0.08315945416688919,0.0,0.0,0.0,0.0
1.6162128448486328,-0.40744003653526306,-1.2178964614868164,0.0,0.0,-0.0008318786858581007,-0.15750551223754883,0.0,0.0,0.1519360969768677,0.17915458899917003,-0.02288818359375,0.08315945416688919,0.0,0.0,0.0,0.0
1.61753511428833,-0.40744003653526306,-1.2178964614868164,0.0,0.0,-0.0008318786858581007,-0.15750551223754883,0.0,0.0,0.1519360969768677,0.17915458899917003,-0.02288818359375,0.08315945416688919,0.0,0.0,0.0,0.0
1.6192080974578857,-0.3955673277378082,-1.197070598602295,0.0,0.0,-0.0008390728617087007,-0.15750953555107117,0.0,0.0,0.1519360969768677,0.17929361303007893,-0.02288818359375,0.08150002360343933,0.0,0.0,0.0,0.0
1.6204819679260254,-0.3955673277378082,-1.197070598602295,0.0,0.0,-0.0008390728617087007,-0.15750953555107117,0.0,0.0,0.1519360969768677,0.17929361303007893,-0.02288818359375,0.08150002360343933,0.0,0.0,0.0,0.0
1.6220035552978516,-0.3955673277378082,-1.197070598602295,0.0,0.0,-0.0008390728617087007,-0.15750953555107117,0.0,0.0,0.1519360969768677,0.1794086569078325,-0.02288818359375,0.08081341534852982,0.0,0.0,0.0,0.0
1.6232788562774658,-0.3955673277378082,-1.197070598602295,0.0,0.0,-0.0008390728617087007,-0.15750953555107117,0.0,0.0,0.1519360969768677,0.1794086569078325,-0.02288818359375,0.08081341534852982,0.0,0.0,0.0,0.0
1.6245462894439697,-0.3955673277378082,-1.197070598602295,0.0,0.0,-0.0008390728617087007,-0.15750953555107117,0.0,0.0,0.1519360969768677,0.17939907186857715,-0.02288818359375,0.08170029520988464,0.0,0.0,0.0,0.0
1.6263480186462402,-0.3955673277378082,-1.197070598602295,0.0,0.0,-0.0008390728617087007,-0.15750953555107117,0.0,0.0,0.1519360969768677,0.17939907186857715,-0.02288818359375,0.08170029520988464,0.0,0.0,0.0,0.0
1.6277918815612793,-0.3955673277378082,-1.197070598602295,0.0,0.0,-0.0008390728617087007,-0.15750953555107117,0.0,0.0,0.1519360969768677,0.17939907186857715,-0.02288818359375,0.08170029520988464,0.0,0.0,0.0,0.0
1.6291077136993408,-0.3888840079307556,-1.1856855154037476,0.0,0.0,-0.00082543829921633,-0.1575019210577011,0.0,0.0,0.1519360969768677,0.17939907186857715,-0.02288818359375,0.08170029520988464,0.0,0.0,0.0,0.0
1.6304106712341309,-0.3888840079307556,-1.1856855154037476,0.0,0.0,-0.00082543829921633,-0.1575019210577011,0.0,0.0,0.1519360969768677,0.17939907186857715,-0.02288818359375,0.08170029520988464,0.0,0.0,0.0,0.0
1.6317174434661865,-0.3888840079307556,-1.1856855154037476,0.0,0.0,-0.00082543829921633,-0.1575019210577011,0.0,0.0,0.1519360969768677,0.17939907186857715,-0.02288818359375,0.08170029520988464,0.0,0.0,0.0,0.0
1.6330146789550781,-0.3888840079307556,-1.1856855154037476,0.0,0.0,-0.00082543829921633,-0.1575019210577011,0.0,0.0,0.1519360969768677,0.17939907186857715,-0.02288818359375,0.08170029520988464,0.0,0.0,0.0,0.0
1.6343166828155518,-0.3888840079307556,-1.1856855154037476,0.0,0.0,-0.00082543829921633,-0.1575019210577011,0.0,0.0,0.1519360969768677,0.17939907186857715,-0.02288818359375,0.08170029520988464,0.0,0.0,0.0,0.0
1.6355810165405273,-0.3888840079307556,-1.1856855154037476,0.0,0.0,-0.00082543829921633,-0.1575019210577011,0.0,0.0,0.1519360969768677,0.17939907186857715,-0.02288818359375,0.08170029520988464,0.0,0.0,0.0,0.0
1.6368639469146729,-0.3888840079307556,-1.1856855154037476,0.0,0.0,-0.00082543829921633,-0.1575019210577011,0.0,0.0,0.1519360969768677,0.17939907186857715,-0.02288818359375,0.08170029520988464,0.0,0.0,0.0,0.0
1.6381494998931885,-0.3888840079307556,-1.1856855154037476,0.0,0.0,-0.00082543829921633,-0.1575019210577011,0.0,0.0,0.1519360969768677,0.17939907186857715,-0.02288818359375,0.08170029520988464,0.0,0.0,0.0,0.0
1.6395351886749268,-0.3888840079307556,-1.1856855154037476,0.0,0.0,-0.00082543829921633,-0.1575019210577011,0.0,0.0,0.1519360969768677,0.17939907186857715,-0.02288818359375,0.08170029520988464,0.0,0.0,0.0,0.0
1.6410188674926758,-0.3888840079307556,-1.1856855154037476,0.0,0.0,-0.00082543829921633,-0.1575019210577011,0.0,0.0,0.1519360969768677,0.17939907186857715,-0.02288818359375,0.08170029520988464,0.0,0.0,0.0,0.0
1.6424438953399658,-0.3888840079307556,-1.1856855154037476,0.0,0.0,-0.00082543829921633,-0.1575019210577011,0.0,0.0,0.1519360969768677,0.17939907186857715,-0.02288818359375,0.08170029520988464,0.0,0.0,0.0,0.0
1.6440403461456299,-0.3888840079307556,-1.1856855154037476,0.0,0.0,-0.00082543829921633,-0.1575019210577011,0.0,0.0,0.1519360969768677,0.17939907186857715,-0.02288818359375,0.08170029520988464,0.0,0.0,0.0,0.0
1.645507574081421,-0.3888840079307556,-1.1856855154037476,0.0,0.0,-0.00082543829921633,-0.1575019210577011,0.0,0.0,0.1519360969768677,0.17939907186857715,-0.02288818359375,0.08170029520988464,0.0,0.0,0.0,0.0
1.6470215320587158,-0.3888840079307556,-1.1856855154037476,0.0,0.0,-0.00082543829921633,-0.1575019210577011,0.0,0.0,0.1519360969768677,0.17939907186857715,-0.02288818359375,0.08170029520988464,0.0,0.0,0.0,0.0
1.6485743522644043,-0.37941795587539673,-1.1695510149002075,0.0,0.0,-0.0008061560802161694,-0.15749108791351318,0.0,0.0,0.1519360969768677,0.17939907186857715,-0.02288818359375,0.08170029520988464,0.0,0.0,0.0,0.0
1.650066614151001,-0.37941795587539673,-1.1695510149002075,0.0,0.0,-0.0008061560802161694,-0.15749108791351318,0.0,0.0,0.1519360969768677,0.17908748202103789,-0.02288818359375,0.08604908734560013,0.0,0.0,0.0,0.0
1.6515467166900635,-0.37941795587539673,-1.1695510149002075,0.0,0.0,-0.0008061560802161694,-0.15749108791351318,0.0,0.0,0.1519360969768677,0.17908748202103789,-0.02288818359375,0.08604908734560013,0.0,0.0,0.0,0.0
1.6530249118804932,-0.37941795587539673,-1.1695510149002075,0.0,0.0,-0.0008061560802161694,-0.15749108791351318,0.0,0.0,0.1519360969768677,0.17887656434404145,-0.02288818359375,0.08642102032899857,0.0,0.0,0.0,0.0
1.6544580459594727,-0.37941795587539673,-1.1695510149002075,0.0,0.0,-0.0008061560802161694,-0.15749108791351318,0.0,0.0,0.1519360969768677,0.17887656434404145,-0.02288818359375,0.08642102032899857,0.0,0.0,0.0,0.0
1.6559619903564453,-0.37941795587539673,-1.1695510149002075,0.0,0.0,-0.0008061560802161694,-0.15749108791351318,0.0,0.0,0.1519360969768677,0.17893408628291824,-0.02288818359375,0.08582016080617905,0.0,0.0,0.0,0.0
1.6575515270233154,-0.37941795587539673,-1.1695510149002075,0.0,0.0,-0.0008061560802161694,-0.15749108791351318,0.0,0.0,0.1519360969768677,0.17893408628291824,-0.02288818359375,0.08447548002004623,0.0,0.0,0.0,0.0
1.6589319705963135,-0.37941795587539673,-1.1695510149002075,0.0,0.0,-0.0008061560802161694,-0.15749108791351318,0.0,0.0,0.1519360969768677,0.17893408628291824,-0.02288818359375,0.08447548002004623,0.0,0.0,0.0,0.0
1.660487413406372,-0.37941795587539673,-1.1695510149002075,0.0,0.0,-0.0008061560802161694,-0.15749108791351318,0.0,0.0,0.1519360969768677,0.17933675155840037,-0.02288818359375,0.07975481450557709,0.0,0.0,0.0,0.0
1.6618664264678955,-0.37941795587539673,-1.1695510149002075,0.0,0.0,-0.0008061560802161694,-0.15749108791351318,0.0,0.0,0.1519360969768677,0.17933675155840037,-0.02288818359375,0.07975481450557709,0.0,0.0,0.0,0.0
1.663254737854004,-0.37941795587539673,-1.1695510149002075,0.0,0.0,-0.0008061560802161694,-0.15749108791351318,0.0,0.0,0.1519360969768677,0.1794086569078325,-0.02288818359375,0.07944008708000183,0.0,0.0,0.0,0.0
1.6645607948303223,-0.37941795587539673,-1.1695510149002075,0.0,0.0,-0.0008061560802161694,-0.15749108791351318,0.0,0.0,0.1519360969768677,0.1794086569078325,-0.02288818359375,0.07944008708000183,0.0,0.0,0.0,0.0
1.665877103805542,-0.37941795587539673,-1.1695510149002075,0.0,0.0,-0.0008061560802161694,-0.15749108791351318,0.0,0.0,0.1519360969768677,0.17939907186857715,-0.02288818359375,0.08170029520988464,0.0,0.0,0.0,0.0
1.6671836376190186,-0.37941795587539673,-1.1695510149002075,0.0,0.0,-0.0008061560802161694,-0.15749108791351318,0.0,0.0,0.1519360969768677,0.17939907186857715,-0.02288818359375,0.08170029520988464,0.0,0.0,0.0,0.0
1.668492317199707,-0.37941795587539673,-1.1695510149002075,0.0,0.0,-0.0008061560802161694,-0.15749108791351318,0.0,0.0,0.1519360969768677,0.17939907186857715,-0.02288818359375,0.08170029520988464,0.0,0.0,0.0,0.0
1.6698193550109863,-0.37941795587539673,-1.1695510149002075,0.0,0.0,-0.0008061560802161694,-0.15749108791351318,0.0,0.0,0.1519360969768677,0.17939907186857715,-0.02288818359375,0.08170029520988464,0.0,0.0,0.0,0.0
1.6711382865905762,-0.37941795587539673,-1.1695510149002075,0.0,0.0,-0.0008061560802161694,-0.15749108791351318,0.0,0.0,0.1519360969768677,0.17939907186857715,-0.02288818359375,0.08170029520988464,0.0,0.0,0.0,0.0
1.672438621520996,-0.37941795587539673,-1.1695510149002075,0.0,0.0,-0.0008061560802161694,-0.15749108791351318,0.0,0.0,0.1519360969768677,0.17939907186857715,-0.02288818359375,0.08170029520988464,0.0,0.0,0.0,0.0
1.6737446784973145,-0.37941795587539673,-1.1695510149002075,0.0,0.0,-0.0008061560802161694,-0.15749108791351318,0.0,0.0,0.1519360969768677,0.17939907186857715,-0.02288818359375,0.08170029520988464,0.0,0.0,0.0,0.0
1.6750314235687256,-0.37941795587539673,-1.1695510149002075,0.0,0.0,-0.0008061560802161694,-0.15749108791351318,0.0,0.0,0.1519360969768677,0.17939907186857715,-0.02288818359375,0.08170029520988464,0.0,0.0,0.0,0.0
1.676637887954712,-0.37941795587539673,-1.1695510149002075,0.0,0.0,-0.0008061560802161694,-0.15749108791351318,0.0,0.0,0.1519360969768677,0.17939907186857715,-0.02288818359375,0.08170029520988464,0.0,0.0,0.0,0.0
1.6779522895812988,-0.37941795587539673,-1.1695510149002075,0.0,0.0,-0.0008061560802161694,-0.15749108791351318,0.0,0.0,0.1519360969768677,0.17939907186857715,-0.02288818359375,0.08170029520988464,0.0,0.0,0.0,0.0
1.6792612075805664,-0.40604153275489807,-1.2152454853057861,0.0,0.0,-0.0008428771980106831,-0.1575116664171219,0.0,0.0,0.1519360969768677,0.17939907186857715,-0.02288818359375,0.08170029520988464,0.0,0.0,0.0,0.0
1.6805708408355713,-0.40604153275489807,-1.2152454853057861,0.0,0.0,-0.0008428771980106831,-0.1575116664171219,0.0,0.0,0.1519360969768677,0.17939907186857715,-0.02288818359375,0.08170029520988464,0.0,0.0,0.0,0.0
1.6818513870239258,-0.40604153275489807,-1.2152454853057861,0.0,0.0,-0.0008428771980106831,-0.1575116664171219,0.0,0.0,0.1519360969768677,0.17939907186857715,-0.02288818359375,0.08170029520988464,0.0,0.0,0.0,0.0
1.683197259902954,-0.40604153275489807,-1.2152454853057861,0.0,0.0,-0.0008428771980106831,-0.1575116664171219,0.0,0.0,0.1519360969768677,0.17939907186857715,-0.02288818359375,0.08170029520988464,0.0,0.0,0.0,0.0
1.684581995010376,-0.40604153275489807,-1.2152454853057861,0.0,0.0,-0.0008428771980106831,-0.1575116664171219,0.0,0.0,0.1519360969768677,0.17939907186857715,-0.02288818359375,0.08170029520988464,0.0,0.0,0.0,0.0
1.6860780715942383,-0.40604153275489807,-1.2152454853057861,0.0,0.0,-0.0008428771980106831,-0.1575116664171219,0.0,0.0,0.1519360969768677,0.17926484620896824,-0.02288818359375,0.08330243825912476,0.0,0.0,0.0,0.0
1.6873869895935059,-0.40604153275489807,-1.2152454853057861,0.0,0.0,-0.0008428771980106831,-0.1575116664171219,0.0,0.0,0.1519360969768677,0.17926484620896824,-0.02288818359375,0.08330243825912476,0.0,0.0,0.0,0.0
1.6886630058288574,-0.36493298411369324,-1.1443146467208862,0.0,0.0,-0.0008054028730839491,-0.15749067068099976,0.0,0.0,0.1519360969768677,0.17916897240972537,-0.02288818359375,0.0838746428489685,0.0,0.0,0.0,0.0
1.6900043487548828,-0.36493298411369324,-1.1443146467208862,0.0,0.0,-0.0008054028730839491,-0.15749067068099976,0.0,0.0,0.1519360969768677,0.17916897240972537,-0.02288818359375,0.0838746428489685,0.0,0.0,0.0,0.0
1.6914050579071045,-0.36493298411369324,-1.1443146467208862,0.0,0.0,-0.0008054028730839491,-0.15749067068099976,0.0,0.0,0.1519360969768677,0.1792408777591575,-0.02288818359375,0.08264444768428802,0.0,0.0,0.0,0.0
1.692702293395996,-0.36493298411369324,-1.1443146467208862,0.0,0.0,-0.0008054028730839491,-0.15749067068099976,0.0,0.0,0.1519360969768677,0.1792408777591575,-0.02288818359375,0.08264444768428802,0.0,0.0,0.0,0.0
1.694209098815918,-0.36493298411369324,-1.1443146467208862,0.0,0.0,-0.0008054028730839491,-0.15749067068099976,0.0,0.0,0.1519360969768677,0.1792408777591575,-0.02288818359375,0.08264444768428802,0.0,0.0,0.0,0.0
1.695502519607544,-0.36493298411369324,-1.1443146467208862,0.0,0.0,-0.0008054028730839491,-0.15749067068099976,0.0,0.0,0.1519360969768677,0.1792408777591575,-0.02288818359375,0.08264444768428802,0.0,0.0,0.0,0.0
1.6968231201171875,-0.36493298411369324,-1.1443146467208862,0.0,0.0,-0.0008054028730839491,-0.15749067068099976,0.0,0.0,0.1519360969768677,0.1792408777591575,-0.02288818359375,0.08264444768428802,0.0,0.0,0.0,0.0
1.6986846923828125,-0.37941795587539673,-1.1695510149002075,0.0,0.0,-0.0008061560802161694,-0.15749108791351318,0.0,0.0,0.1519360969768677,0.1792408777591575,-0.02288818359375,0.08264444768428802,0.0,0.0,0.0,0.0
1.7000505924224854,-0.37941795587539673,-1.1695510149002075,0.0,0.0,-0.0008061560802161694,-0.15749108791351318,0.0,0.0,0.1519360969768677,0.1792408777591575,-0.02288818359375,0.08264444768428802,0.0,0.0,0.0,0.0
1.7013823986053467,-0.37941795587539673,-1.1695510149002075,0.0,0.0,-0.0008061560802161694,-0.15749108791351318,0.0,0.0,0.1519360969768677,0.1792408777591575,-0.02288818359375,0.08264444768428802,0.0,0.0,0.0,0.0
1.7029409408569336,-0.37941795587539673,-1.1695510149002075,0.0,0.0,-0.0008061560802161694,-0.15749108791351318,0.0,0.0,0.1519360969768677,0.1792408777591575,-0.02288818359375,0.08264444768428802,0.0,0.0,0.0,0.0
1.7042906284332275,-0.37941795587539673,-1.1695510149002075,0.0,0.0,-0.0008061560802161694,-0.15749108791351318,0.0,0.0,0.1519360969768677,0.1792408777591575,-0.02288818359375,0.08264444768428802,0.0,0.0,0.0,0.0
1.7056214809417725,-0.37941795587539673,-1.1695510149002075,0.0,0.0,-0.0008061560802161694,-0.15749108791351318,0.0,0.0,0.1519360969768677,0.1792408777591575,-0.02288818359375,0.08264444768428802,0.0,0.0,0.0,0.0
1.7069547176361084,-0.37941795587539673,-1.1695510149002075,0.0,0.0,-0.0008061560802161694,-0.15749108791351318,0.0,0.0,0.1519360969768677,0.1792408777591575,-0.02288818359375,0.08264444768428802,0.0,0.0,0.0,0.0
1.7082722187042236,-0.37941795587539673,-1.1695510149002075,0.0,0.0,-0.0008061560802161694,-0.15749108791351318,0.0,0.0,0.1519360969768677,0.1792408777591575,-0.02288818359375,0.08264444768428802,0.0,0.0,0.0,0.0
1.7103168964385986,-0.37941795587539673,-1.1695510149002075,0.0,0.0,-0.0008061560802161694,-0.15749108791351318,0.0,0.0,0.1519360969768677,0.17923609109120214,-0.02288818359375,0.08401769399642944,0.0,0.0,0.0,0.0
1.7116432189941406,-0.37941795587539673,-1.1695510149002075,0.0,0.0,-0.0008061560802161694,-0.15749108791351318,0.0,0.0,0.1519360969768677,0.17923609109120214,-0.02288818359375,0.08401769399642944,0.0,0.0,0.0,0.0
1.7129442691802979,-0.37941795587539673,-1.1695510149002075,0.0,0.0,-0.0008061560802161694,-0.15749108791351318,0.0,0.0,0.1519360969768677,0.17923609109120214,-0.02288818359375,0.08267301321029663,0.0,0.0,0.0,0.0
1.714256763458252,-0.37941795587539673,-1.1695510149002075,0.0,0.0,-0.0008061560802161694,-0.15749108791351318,0.0,0.0,0.1519360969768677,0.17923609109120214,-0.02288818359375,0.08267301321029663,0.0,0.0,0.0,0.0
1.7155780792236328,-0.37941795587539673,-1.1695510149002075,0.0,0.0,-0.0008061560802161694,-0.15749108791351318,0.0,0.0,0.1519360969768677,0.17923609109120214,-0.02288818359375,0.08267301321029663,0.0,0.0,0.0,0.0
1.7169387340545654,-0.37941795587539673,-1.1695510149002075,0.0,0.0,-0.0008061560802161694,-0.15749108791351318,0.0,0.0,0.1519360969768677,0.17923609109120214,-0.02288818359375,0.08267301321029663,0.0,0.0,0.0,0.0
1.718627691268921,-0.38554292917251587,-1.179991364479065,0.0,0.0,-0.0008186588529497385,-0.1574980765581131,0.0,0.0,0.1519360969768677,0.17923609109120214,-0.02288818359375,0.08267301321029663,0.0,0.0,0.0,0.0
1.7199304103851318,-0.38554292917251587,-1.179991364479065,0.0,0.0,-0.0008186588529497385,-0.1574980765581131,0.0,0.0,0.1519360969768677,0.17923609109120214,-0.02288818359375,0.08267301321029663,0.0,0.0,0.0,0.0
1.7212114334106445,-0.38554292917251587,-1.179991364479065,0.0,0.0,-0.0008186588529497385,-0.1574980765581131,0.0,0.0,0.1519360969768677,0.17923609109120214,-0.02288818359375,0.08267301321029663,0.0,0.0,0.0,0.0
1.7225077152252197,-0.38554292917251587,-1.179991364479065,0.0,0.0,-0.0008186588529497385,-0.1574980765581131,0.0,0.0,0.1519360969768677,0.17923609109120214,-0.02288818359375,0.08267301321029663,0.0,0.0,0.0,0.0
1.723768711090088,-0.38554292917251587,-1.179991364479065,0.0,0.0,-0.0008186588529497385,-0.1574980765581131,0.0,0.0,0.1519360969768677,0.17923609109120214,-0.02288818359375,0.08267301321029663,0.0,0.0,0.0,0.0
1.7252371311187744,-0.38554292917251587,-1.179991364479065,0.0,0.0,-0.0008186588529497385,-0.1574980765581131,0.0,0.0,0.1519360969768677,0.17923609109120214,-0.02288818359375,0.08267301321029663,0.0,0.0,0.0,0.0
1.7265164852142334,-0.38554292917251587,-1.179991364479065,0.0,0.0,-0.0008186588529497385,-0.1574980765581131,0.0,0.0,0.1519360969768677,0.17923609109120214,-0.02288818359375,0.08267301321029663,0.0,0.0,0.0,0.0
1.727813720703125,-0.38554292917251587,-1.179991364479065,0.0,0.0,-0.0008186588529497385,-0.1574980765581131,0.0,0.0,0.1519360969768677,0.17923609109120214,-0.02288818359375,0.08267301321029663,0.0,0.0,0.0,0.0
1.7298269271850586,-0.38554292917251587,-1.179991364479065,0.0,0.0,-0.0008186588529497385,-0.1574980765581131,0.0,0.0,0.1519360969768677,0.17923609109120214,-0.02288818359375,0.08267301321029663,0.0,0.0,0.0,0.0
1.7311103343963623,-0.38554292917251587,-1.179991364479065,0.0,0.0,-0.0008186588529497385,-0.1574980765581131,0.0,0.0,0.1519360969768677,0.17912103551010394,-0.02288818359375,0.08413217961788177,0.0,0.0,0.0,0.0
1.7324402332305908,-0.38554292917251587,-1.179991364479065,0.0,0.0,-0.0008186588529497385,-0.1574980765581131,0.0,0.0,0.1519360969768677,0.17912103551010394,-0.02288818359375,0.08413217961788177,0.0,0.0,0.0,0.0
1.7337310314178467,-0.38554292917251587,-1.179991364479065,0.0,0.0,-0.0008186588529497385,-0.1574980765581131,0.0,0.0,0.1519360969768677,0.1790251617108611,-0.02288818359375,0.0847615897655487,0.0,0.0,0.0,0.0
1.7350273132324219,-0.38554292917251587,-1.179991364479065,0.0,0.0,-0.0008186588529497385,-0.1574980765581131,0.0,0.0,0.1519360969768677,0.1790251617108611,-0.02288818359375,0.0847615897655487,0.0,0.0,0.0,0.0
1.7363317012786865,-0.38554292917251587,-1.179991364479065,0.0,0.0,-0.0008186588529497385,-0.1574980765581131,0.0,0.0,0.1519360969768677,0.1789197028723629,-0.02288818359375,0.08539100736379623,0.0,0.0,0.0,0.0
1.7376155853271484,-0.38554292917251587,-1.179991364479065,0.0,0.0,-0.0008186588529497385,-0.1574980765581131,0.0,0.0,0.1519360969768677,0.1789197028723629,-0.02288818359375,0.08539100736379623,0.0,0.0,0.0,0.0
1.7390496730804443,-0.38572824001312256,-1.180307388305664,0.0,0.0,-0.0008190355147235096,-0.157498300075531,0.0,0.0,0.1519360969768677,0.17893408628291824,-0.02288818359375,0.08447548002004623,0.0,0.0,0.0,0.0
1.7403581142425537,-0.38572824001312256,-1.180307388305664,0.0,0.0,-0.0008190355147235096,-0.157498300075531,0.0,0.0,0.1519360969768677,0.17893408628291824,-0.02288818359375,0.08447548002004623,0.0,0.0,0.0,0.0
1.741668939590454,-0.38572824001312256,-1.180307388305664,0.0,0.0,-0.0008190355147235096,-0.157498300075531,0.0,0.0,0.1519360969768677,0.17893408628291824,-0.02288818359375,0.08447548002004623,0.0,0.0,0.0,0.0
1.7429835796356201,-0.38572824001312256,-1.180307388305664,0.0,0.0,-0.0008190355147235096,-0.157498300075531,0.0,0.0,0.1519360969768677,0.17893408628291824,-0.02288818359375,0.08447548002004623,0.0,0.0,0.0,0.0
1.7445175647735596,-0.38572824001312256,-1.180307388305664,0.0,0.0,-0.0008190355147235096,-0.157498300075531,0.0,0.0,0.1519360969768677,0.17893408628291824,-0.02288818359375,0.08447548002004623,0.0,0.0,0.0,0.0
1.7460777759552002,-0.38572824001312256,-1.180307388305664,0.0,0.0,-0.0008190355147235096,-0.157498300075531,0.0,0.0,0.1519360969768677,0.17893408628291824,-0.02288818359375,0.08447548002004623,0.0,0.0,0.0,0.0
1.747389793395996,-0.38572824001312256,-1.180307388305664,0.0,0.0,-0.0008190355147235096,-0.157498300075531,0.0,0.0,0.1519360969768677,0.17893408628291824,-0.02288818359375,0.08447548002004623,0.0,0.0,0.0,0.0
1.7488627433776855,-0.38572824001312256,-1.180307388305664,0.0,0.0,-0.0008190355147235096,-0.157498300075531,0.0,0.0,0.1519360969768677,0.17893408628291824,-0.02288818359375,0.08447548002004623,0.0,0.0,0.0,0.0
1.7501978874206543,-0.38572824001312256,-1.180307388305664,0.0,0.0,-0.0008190355147235096,-0.157498300075531,0.0,0.0,0.1519360969768677,0.17893408628291824,-0.02288818359375,0.08447548002004623,0.0,0.0,0.0,0.0
1.7516212463378906,-0.38572824001312256,-1.180307388305664,0.0,0.0,-0.0008190355147235096,-0.157498300075531,0.0,0.0,0.1519360969768677,0.17893408628291824,-0.02288818359375,0.08447548002004623,0.0,0.0,0.0,0.0
1.7530009746551514,-0.38572824001312256,-1.180307388305664,0.0,0.0,-0.0008190355147235096,-0.157498300075531,0.0,0.0,0.1519360969768677,0.17893408628291824,-0.02288818359375,0.08447548002004623,0.0,0.0,0.0,0.0
1.7543373107910156,-0.38572824001312256,-1.180307388305664,0.0,0.0,-0.0008190355147235096,-0.157498300075531,0.0,0.0,0.1519360969768677,0.17893408628291824,-0.02288818359375,0.08447548002004623,0.0,0.0,0.0,0.0
1.7556703090667725,-0.38572824001312256,-1.180307388305664,0.0,0.0,-0.0008190355147235096,-0.157498300075531,0.0,0.0,0.1519360969768677,0.17893408628291824,-0.02288818359375,0.08447548002004623,0.0,0.0,0.0,0.0
1.757002353668213,-0.38572824001312256,-1.180307388305664,0.0,0.0,-0.0008190355147235096,-0.157498300075531,0.0,0.0,0.1519360969768677,0.17913541892065932,-0.02288818359375,0.08247274160385132,0.0,0.0,0.0,0.0
1.7586183547973633,-0.38572824001312256,-1.180307388305664,0.0,0.0,-0.0008190355147235096,-0.157498300075531,0.0,0.0,0.1519360969768677,0.17909228039233788,-0.02288818359375,0.08353132009506226,0.0,0.0,0.0,0.0
1.7603561878204346,-0.3992132544517517,-1.2034883499145508,0.0,0.0,-0.0008356829057447612,-0.15750764310359955,0.0,0.0,0.1519360969768677,0.17909228039233788,-0.02288818359375,0.08353132009506226,0.0,0.0,0.0,0.0
1.761674404144287,-0.3992132544517517,-1.2034883499145508,0.0,0.0,-0.0008356829057447612,-0.15750764310359955,0.0,0.0,0.1519360969768677,0.17909228039233788,-0.02288818359375,0.08353132009506226,0.0,0.0,0.0,0.0
1.7629976272583008,-0.3992132544517517,-1.2034883499145508,0.0,0.0,-0.0008356829057447612,-0.15750764310359955,0.0,0.0,0.1519360969768677,0.17909228039233788,-0.02288818359375,0.08353132009506226,0.0,0.0,0.0,0.0
1.7643115520477295,-0.3992132544517517,-1.2034883499145508,0.0,0.0,-0.0008356829057447612,-0.15750764310359955,0.0,0.0,0.1519360969768677,0.17925526116971288,-0.02288818359375,0.08172892034053802,0.0,0.0,0.0,0.0
1.765608549118042,-0.3992132544517517,-1.2034883499145508,0.0,0.0,-0.0008356829057447612,-0.15750764310359955,0.0,0.0,0.1519360969768677,0.17925526116971288,-0.02288818359375,0.08172892034053802,0.0,0.0,0.0,0.0
1.7669320106506348,-0.3992132544517517,-1.2034883499145508,0.0,0.0,-0.0008356829057447612,-0.15750764310359955,0.0,0.0,0.1519360969768677,0.17935113496895572,-0.02288818359375,0.08118528127670288,0.0,0.0,0.0,0.0
1.768237829208374,-0.3992132544517517,-1.2034883499145508,0.0,0.0,-0.0008356829057447612,-0.15750764310359955,0.0,0.0,0.1519360969768677,0.17935113496895572,-0.02288818359375,0.08118528127670288,0.0,0.0,0.0,0.0
1.7698378562927246,-0.39742419123649597,-1.2002326250076294,0.0,0.0,-0.0008428771980106831,-0.1575116664171219,0.0,0.0,0.1519360969768677,0.17945180713949857,-0.02288818359375,0.08055587857961655,0.0,0.0,0.0,0.0
1.771118402481079,-0.39742419123649597,-1.2002326250076294,0.0,0.0,-0.0008428771980106831,-0.1575116664171219,0.0,0.0,0.1519360969768677,0.17945180713949857,-0.02288818359375,0.08055587857961655,0.0,0.0,0.0,0.0
1.7723853588104248,-0.39742419123649597,-1.2002326250076294,0.0,0.0,-0.0008428771980106831,-0.1575116664171219,0.0,0.0,0.1519360969768677,0.17912103551010394,-0.02288818359375,0.0845327079296112,0.0,0.0,0.0,0.0
1.7736845016479492,-0.39742419123649597,-1.2002326250076294,0.0,0.0,-0.0008428771980106831,-0.1575116664171219,0.0,0.0,0.1519360969768677,0.17912103551010394,-0.02288818359375,0.0845327079296112,0.0,0.0,0.0,0.0
1.7751140594482422,-0.39742419123649597,-1.2002326250076294,0.0,0.0,-0.0008428771980106831,-0.1575116664171219,0.0,0.0,0.1519360969768677,0.17890531946180754,-0.02288818359375,0.0874795988202095,0.0,0.0,0.0,0.0
1.776409387588501,-0.39742419123649597,-1.2002326250076294,0.0,0.0,-0.0008428771980106831,-0.1575116664171219,0.0,0.0,0.1519360969768677,0.17890531946180754,-0.02288818359375,0.0874795988202095,0.0,0.0,0.0,0.0
1.7777085304260254,-0.39742419123649597,-1.2002326250076294,0.0,0.0,-0.0008428771980106831,-0.1575116664171219,0.0,0.0,0.1519360969768677,0.1788621809334861,-0.02288818359375,0.0857343077659607,0.0,0.0,0.0,0.0
1.7789907455444336,-0.39742419123649597,-1.2002326250076294,0.0,0.0,-0.0008428771980106831,-0.1575116664171219,0.0,0.0,0.1519360969768677,0.1788621809334861,-0.02288818359375,0.0857343077659607,0.0,0.0,0.0,0.0
1.7805523872375488,-0.39742419123649597,-1.2002326250076294,0.0,0.0,-0.0008428771980106831,-0.1575116664171219,0.0,0.0,0.1519360969768677,0.17893408628291824,-0.02288818359375,0.08447548002004623,0.0,0.0,0.0,0.0
1.7818639278411865,-0.39742419123649597,-1.2002326250076294,0.0,0.0,-0.0008428771980106831,-0.1575116664171219,0.0,0.0,0.1519360969768677,0.17937990179006644,-0.02288818359375,0.07932566106319427,0.0,0.0,0.0,0.0
1.783167839050293,-0.39742419123649597,-1.2002326250076294,0.0,0.0,-0.0008428771980106831,-0.1575116664171219,0.0,0.0,0.1519360969768677,0.17937990179006644,-0.02288818359375,0.07932566106319427,0.0,0.0,0.0,0.0
1.784475564956665,-0.39742419123649597,-1.2002326250076294,0.0,0.0,-0.0008428771980106831,-0.1575116664171219,0.0,0.0,0.1519360969768677,0.17943262535764323,-0.02288818359375,0.08067036420106888,0.0,0.0,0.0,0.0
1.7857654094696045,-0.39742419123649597,-1.2002326250076294,0.0,0.0,-0.0008428771980106831,-0.1575116664171219,0.0,0.0,0.1519360969768677,0.17943262535764323,-0.02288818359375,0.08067036420106888,0.0,0.0,0.0,0.0
1.7870943546295166,-0.39742419123649597,-1.2002326250076294,0.0,0.0,-0.0008428771980106831,-0.1575116664171219,0.0,0.0,0.1519360969768677,0.17939907186857715,-0.02288818359375,0.08170029520988464,0.0,0.0,0.0,0.0
1.7884445190429688,-0.37966975569725037,-1.1697773933410645,0.0,0.0,-0.0008174915565177798,-0.15749745070934296,0.0,0.0,0.1519360969768677,0.17939907186857715,-0.02288818359375,0.08170029520988464,0.0,0.0,0.0,0.0
1.7897710800170898,-0.37966975569725037,-1.1697773933410645,0.0,0.0,-0.0008174915565177798,-0.15749745070934296,0.0,0.0,0.1519360969768677,0.17886696760144147,-0.02288818359375,0.08727926015853882,0.0,0.0,0.0,0.0
1.7911019325256348,-0.37966975569725037,-1.1697773933410645,0.0,0.0,-0.0008174915565177798,-0.15749745070934296,0.0,0.0,0.1519360969768677,0.17886696760144147,-0.02288818359375,0.08727926015853882,0.0,0.0,0.0,0.0
1.7924137115478516,-0.37966975569725037,-1.1697773933410645,0.0,0.0,-0.0008174915565177798,-0.15749745070934296,0.0,0.0,0.1519360969768677,0.17887656434404145,-0.02288818359375,0.0856485441327095,0.0,0.0,0.0,0.0
1.7937772274017334,-0.37966975569725037,-1.1697773933410645,0.0,0.0,-0.0008174915565177798,-0.15749745070934296,0.0,0.0,0.1519360969768677,0.17887656434404145,-0.02288818359375,0.0856485441327095,0.0,0.0,0.0,0.0
1.795135498046875,-0.37966975569725037,-1.1697773933410645,0.0,0.0,-0.0008174915565177798,-0.15749745070934296,0.0,0.0,0.1519360969768677,0.17893408628291824,-0.02288818359375,0.08447548002004623,0.0,0.0,0.0,0.0
1.7964935302734375,-0.37966975569725037,-1.1697773933410645,0.0,0.0,-0.0008174915565177798,-0.15749745070934296,0.0,0.0,0.1519360969768677,0.17893408628291824,-0.02288818359375,0.08447548002004623,0.0,0.0,0.0,0.0
1.7978341579437256,-0.37966975569725037,-1.1697773933410645,0.0,0.0,-0.0008174915565177798,-0.15749745070934296,0.0,0.0,0.1519360969768677,0.1791402172919593,-0.02288818359375,0.08164306730031967,0.0,0.0,0.0,0.0
1.7991738319396973,-0.41669026017189026,-1.2337526082992554,0.0,0.0,-0.0008451372850686312,-0.15751293301582336,0.0,0.0,0.1519360969768677,0.1791402172919593,-0.02288818359375,0.08164306730031967,0.0,0.0,0.0,0.0
1.8006222248077393,-0.41669026017189026,-1.2337526082992554,0.0,0.0,-0.0008451372850686312,-0.15751293301582336,0.0,0.0,0.1519360969768677,0.17909228039233788,-0.02288818359375,0.08218663930892944,0.0,0.0,0.0,0.0
1.8020153045654297,-0.41669026017189026,-1.2337526082992554,0.0,0.0,-0.0008451372850686312,-0.15751293301582336,0.0,0.0,0.1519360969768677,0.17909228039233788,-0.02288818359375,0.08218663930892944,0.0,0.0,0.0,0.0
1.8033862113952637,-0.41669026017189026,-1.2337526082992554,0.0,0.0,-0.0008451372850686312,-0.15751293301582336,0.0,0.0,0.1519360969768677,0.17909228039233788,-0.02288818359375,0.08353132009506226,0.0,0.0,0.0,0.0
1.8047504425048828,-0.41669026017189026,-1.2337526082992554,0.0,0.0,-0.0008451372850686312,-0.15751293301582336,0.0,0.0,0.1519360969768677,0.17909228039233788,-0.02288818359375,0.08353132009506226,0.0,0.0,0.0,0.0
1.8061037063598633,-0.41669026017189026,-1.2337526082992554,0.0,0.0,-0.0008451372850686312,-0.15751293301582336,0.0,0.0,0.1519360969768677,0.17909228039233788,-0.02288818359375,0.08353132009506226,0.0,0.0,0.0,0.0
1.8075003623962402,-0.41669026017189026,-1.2337526082992554,0.0,0.0,-0.0008451372850686312,-0.15751293301582336,0.0,0.0,0.1519360969768677,0.17909228039233788,-0.02288818359375,0.08353132009506226,0.0,0.0,0.0,0.0
1.808901071548462,-0.3728034794330597,-1.15807044506073,0.0,0.0,-0.0008034824277274311,-0.157489612698555,0.0,0.0,0.1519360969768677,0.17909228039233788,-0.02288818359375,0.08353132009506226,0.0,0.0,0.0,0.0
1.810293197631836,-0.3728034794330597,-1.15807044506073,0.0,0.0,-0.0008034824277274311,-0.157489612698555,0.0,0.0,0.1519360969768677,0.17909228039233788,-0.02288818359375,0.08353132009506226,0.0,0.0,0.0,0.0
1.8118841648101807,-0.3728034794330597,-1.15807044506073,0.0,0.0,-0.0008034824277274311,-0.157489612698555,0.0,0.0,0.1519360969768677,0.17909228039233788,-0.02288818359375,0.08353132009506226,0.0,0.0,0.0,0.0
1.8132445812225342,-0.3728034794330597,-1.15807044506073,0.0,0.0,-0.0008034824277274311,-0.157489612698555,0.0,0.0,0.1519360969768677,0.17909228039233788,-0.02288818359375,0.08353132009506226,0.0,0.0,0.0,0.0
1.8146920204162598,-0.3728034794330597,-1.15807044506073,0.0,0.0,-0.0008034824277274311,-0.157489612698555,0.0,0.0,0.1519360969768677,0.17909228039233788,-0.02288818359375,0.08353132009506226,0.0,0.0,0.0,0.0
1.8160655498504639,-0.3728034794330597,-1.15807044506073,0.0,0.0,-0.0008034824277274311,-0.157489612698555,0.0,0.0,0.1519360969768677,0.17909228039233788,-0.02288818359375,0.08353132009506226,0.0,0.0,0.0,0.0
1.817471981048584,-0.3728034794330597,-1.15807044506073,0.0,0.0,-0.0008034824277274311,-0.157489612698555,0.0,0.0,0.1519360969768677,0.1792456761304575,-0.02288818359375,0.08175748586654663,0.0,0.0,0.0,0.0
1.8188502788543701,-0.40497007966041565,-1.2132902145385742,0.0,0.0,-0.0008474350906908512,-0.15751421451568604,0.0,0.0,0.1519360969768677,0.1792456761304575,-0.02288818359375,0.08175748586654663,0.0,0.0,0.0,0.0
1.8202283382415771,-0.40497007966041565,-1.2132902145385742,0.0,0.0,-0.0008474350906908512,-0.15751421451568604,0.0,0.0,0.1519360969768677,0.1793559333402557,-0.02288818359375,0.08115671575069427,0.0,0.0,0.0,0.0
1.8216776847839355,-0.40497007966041565,-1.2132902145385742,0.0,0.0,-0.0008474350906908512,-0.15751421451568604,0.0,0.0,0.1519360969768677,0.1793559333402557,-0.02288818359375,0.08115671575069427,0.0,0.0,0.0,0.0
1.8230621814727783,-0.40497007966041565,-1.2132902145385742,0.0,0.0,-0.0008474350906908512,-0.15751421451568604,0.0,0.0,0.1519360969768677,0.17945659380745393,-0.02288818359375,0.08052731305360794,0.0,0.0,0.0,0.0
1.824479579925537,-0.40497007966041565,-1.2132902145385742,0.0,0.0,-0.0008474350906908512,-0.15751421451568604,0.0,0.0,0.1519360969768677,0.17945659380745393,-0.02288818359375,0.08052731305360794,0.0,0.0,0.0,0.0
1.8265080451965332,-0.40497007966041565,-1.2132902145385742,0.0,0.0,-0.0008474350906908512,-0.15751421451568604,0.0,0.0,0.1519360969768677,0.17910186543159323,-0.02288818359375,0.08596323430538177,0.0,0.0,0.0,0.0
1.828035593032837,-0.40497007966041565,-1.2132902145385742,0.0,0.0,-0.0008474350906908512,-0.15751421451568604,0.0,0.0,0.1519360969768677,0.17895805473272897,-0.02288818359375,0.085934579372406,0.0,0.0,0.0,0.0
1.829949140548706,-0.3912970721721649,-1.1897965669631958,0.0,0.0,-0.0008303720969706774,-0.15750466287136078,0.0,0.0,0.1519360969768677,0.17930319806933429,-0.02288818359375,0.0806131437420845,0.0,0.0,0.0,0.0
1.8313605785369873,-0.3912970721721649,-1.1897965669631958,0.0,0.0,-0.0008303720969706774,-0.15750466287136078,0.0,0.0,0.1519360969768677,0.17930319806933429,-0.02288818359375,0.0806131437420845,0.0,0.0,0.0,0.0
1.8327727317810059,-0.3912970721721649,-1.1897965669631958,0.0,0.0,-0.0008303720969706774,-0.15750466287136078,0.0,0.0,0.1519360969768677,0.1794134552791325,-0.02288818359375,0.07952593266963959,0.0,0.0,0.0,0.0
1.834153413772583,-0.3912970721721649,-1.1897965669631958,0.0,0.0,-0.0008303720969706774,-0.15750466287136078,0.0,0.0,0.1519360969768677,0.1794134552791325,-0.02288818359375,0.07952593266963959,0.0,0.0,0.0,0.0
1.8356270790100098,-0.3912970721721649,-1.1897965669631958,0.0,0.0,-0.0008303720969706774,-0.15750466287136078,0.0,0.0,0.1519360969768677,0.17939907186857715,-0.02288818359375,0.08170029520988464,0.0,0.0,0.0,0.0
1.8370378017425537,-0.3912970721721649,-1.1897965669631958,0.0,0.0,-0.0008303720969706774,-0.15750466287136078,0.0,0.0,0.1519360969768677,0.17939907186857715,-0.02288818359375,0.08170029520988464,0.0,0.0,0.0,0.0
1.8387982845306396,-0.3912970721721649,-1.1897965669631958,0.0,0.0,-0.0008303720969706774,-0.15750466287136078,0.0,0.0,0.1519360969768677,0.17939907186857715,-0.02288818359375,0.08170029520988464,0.0,0.0,0.0,0.0
1.8405718803405762,-0.3912970721721649,-1.1897965669631958,0.0,0.0,-0.0008303720969706774,-0.15750466287136078,0.0,0.0,0.1519360969768677,0.17900119326105038,-0.02288818359375,0.08639238774776459,0.0,0.0,0.0,0.0
1.8419909477233887,-0.3912970721721649,-1.1897965669631958,0.0,0.0,-0.0008303720969706774,-0.15750466287136078,0.0,0.0,0.1519360969768677,0.17900119326105038,-0.02288818359375,0.08639238774776459,0.0,0.0,0.0,0.0
1.843376874923706,-0.3912970721721649,-1.1897965669631958,0.0,0.0,-0.0008303720969706774,-0.15750466287136078,0.0,0.0,0.1519360969768677,0.17900119326105038,-0.02288818359375,0.08639238774776459,0.0,0.0,0.0,0.0
1.8450663089752197,-0.3912970721721649,-1.1897965669631958,0.0,0.0,-0.0008303720969706774,-0.15750466287136078,0.0,0.0,0.1519360969768677,0.17925046279841286,-0.02288818359375,0.08104229718446732,0.0,0.0,0.0,0.0
1.8464405536651611,-0.3912970721721649,-1.1897965669631958,0.0,0.0,-0.0008303720969706774,-0.15750466287136078,0.0,0.0,0.1519360969768677,0.1791977392308361,-0.02288818359375,0.07978340238332748,0.0,0.0,0.0,0.0
1.8477861881256104,-0.3912970721721649,-1.1897965669631958,0.0,0.0,-0.0008303720969706774,-0.15750466287136078,0.0,0.0,0.1519360969768677,0.1791977392308361,-0.02288818359375,0.07978340238332748,0.0,0.0,0.0,0.0
1.8491942882537842,-0.3718757629394531,-1.1564879417419434,0.0,0.0,-0.0008015995845198631,-0.15748853981494904,0.0,0.0,0.1519360969768677,0.1789149045010629,-0.02288818359375,0.08624932169914246,0.0,0.0,0.0,0.0
1.8505592346191406,-0.3718757629394531,-1.1564879417419434,0.0,0.0,-0.0008015995845198631,-0.15748853981494904,0.0,0.0,0.1519360969768677,0.1789149045010629,-0.02288818359375,0.08624932169914246,0.0,0.0,0.0,0.0
1.8521649837493896,-0.3718757629394531,-1.1564879417419434,0.0,0.0,-0.0008015995845198631,-0.15748853981494904,0.0,0.0,0.1519360969768677,0.17887656434404145,-0.02288818359375,0.0856485441327095,0.0,0.0,0.0,0.0
1.8535382747650146,-0.3718757629394531,-1.1564879417419434,0.0,0.0,-0.0008015995845198631,-0.15748853981494904,0.0,0.0,0.1519360969768677,0.17887656434404145,-0.02288818359375,0.0856485441327095,0.0,0.0,0.0,0.0
1.8552370071411133,-0.3718757629394531,-1.1564879417419434,0.0,0.0,-0.0008015995845198631,-0.15748853981494904,0.0,0.0,0.1519360969768677,0.17893408628291824,-0.02288818359375,0.08447548002004623,0.0,0.0,0.0,0.0
1.8570339679718018,-0.3718757629394531,-1.1564879417419434,0.0,0.0,-0.0008015995845198631,-0.15748853981494904,0.0,0.0,0.1519360969768677,0.17893408628291824,-0.02288818359375,0.08447548002004623,0.0,0.0,0.0,0.0
1.858670949935913,-0.3654807209968567,-1.145276427268982,0.0,0.0,-0.0008050263277254999,-0.15749046206474304,0.0,0.0,0.1519360969768677,0.17893408628291824,-0.02288818359375,0.08447548002004623,0.0,0.0,0.0,0.0
1.8604235649108887,-0.3654807209968567,-1.145276427268982,0.0,0.0,-0.0008050263277254999,-0.15749046206474304,0.0,0.0,0.1519360969768677,0.17893408628291824,-0.02288818359375,0.08447548002004623,0.0,0.0,0.0,0.0
1.861788034439087,-0.3654807209968567,-1.145276427268982,0.0,0.0,-0.0008050263277254999,-0.15749046206474304,0.0,0.0,0.1519360969768677,0.17893408628291824,-0.02288818359375,0.08447548002004623,0.0,0.0,0.0,0.0
1.8738746643066406,-0.375272661447525,-1.1621066331863403,0.0,0.0,-0.0008178682182915509,-0.15749767422676086,0.0,0.0,0.1519360969768677,0.17909228039233788,-0.02288818359375,0.08353132009506226,0.0,0.0,0.0,0.0
1.8764350414276123,-0.375272661447525,-1.1621066331863403,0.0,0.0,-0.0008178682182915509,-0.15749767422676086,0.0,0.0,0.1519360969768677,0.17909228039233788,-0.02288818359375,0.08353132009506226,0.0,0.0,0.0,0.0
1.8778386116027832,-0.375272661447525,-1.1621066331863403,0.0,0.0,-0.0008178682182915509,-0.15749767422676086,0.0,0.0,0.1519360969768677,0.17909228039233788,-0.02288818359375,0.08353132009506226,0.0,0.0,0.0,0.0
1.8791494369506836,-0.40497007966041565,-1.2132902145385742,0.0,0.0,-0.0008474350906908512,-0.15751421451568604,0.0,0.0,0.1519360969768677,0.17909228039233788,-0.02288818359375,0.08353132009506226,0.0,0.0,0.0,0.0
1.8804738521575928,-0.40497007966041565,-1.2132902145385742,0.0,0.0,-0.0008474350906908512,-0.15751421451568604,0.0,0.0,0.1519360969768677,0.17909228039233788,-0.02288818359375,0.08353132009506226,0.0,0.0,0.0,0.0
1.8817689418792725,-0.40497007966041565,-1.2132902145385742,0.0,0.0,-0.0008474350906908512,-0.15751421451568604,0.0,0.0,0.1519360969768677,0.17909228039233788,-0.02288818359375,0.08353132009506226,0.0,0.0,0.0,0.0
1.8831284046173096,-0.40497007966041565,-1.2132902145385742,0.0,0.0,-0.0008474350906908512,-0.15751421451568604,0.0,0.0,0.1519360969768677,0.17909228039233788,-0.02288818359375,0.08353132009506226,0.0,0.0,0.0,0.0
1.8844845294952393,-0.40497007966041565,-1.2132902145385742,0.0,0.0,-0.0008474350906908512,-0.15751421451568604,0.0,0.0,0.1519360969768677,0.17909228039233788,-0.02288818359375,0.08353132009506226,0.0,0.0,0.0,0.0
1.8857929706573486,-0.40497007966041565,-1.2132902145385742,0.0,0.0,-0.0008474350906908512,-0.15751421451568604,0.0,0.0,0.1519360969768677,0.17909228039233788,-0.02288818359375,0.08353132009506226,0.0,0.0,0.0,0.0
1.8872575759887695,-0.40497007966041565,-1.2132902145385742,0.0,0.0,-0.0008474350906908512,-0.15751421451568604,0.0,0.0,0.1519360969768677,0.17909706706029324,-0.02288818359375,0.08350275456905365,0.0,0.0,0.0,0.0
1.888606309890747,-0.39742419123649597,-1.2002326250076294,0.0,0.0,-0.0008428771980106831,-0.1575116664171219,0.0,0.0,0.1519360969768677,0.17909706706029324,-0.02288818359375,0.08350275456905365,0.0,0.0,0.0,0.0
1.8923206329345703,-0.39742419123649597,-1.2002326250076294,0.0,0.0,-0.0008428771980106831,-0.1575116664171219,0.0,0.0,0.1519360969768677,0.17918335582028072,-0.02288818359375,0.08344555646181107,0.0,0.0,0.0,0.0
1.8942070007324219,-0.39742419123649597,-1.2002326250076294,0.0,0.0,-0.0008428771980106831,-0.1575116664171219,0.0,0.0,0.1519360969768677,0.17928881465877894,-0.02288818359375,0.08155723661184311,0.0,0.0,0.0,0.0
1.8954544067382812,-0.39742419123649597,-1.2002326250076294,0.0,0.0,-0.0008428771980106831,-0.1575116664171219,0.0,0.0,0.1519360969768677,0.17939907186857715,-0.02288818359375,0.080899178981781,0.0,0.0,0.0,0.0
1.8966994285583496,-0.39742419123649597,-1.2002326250076294,0.0,0.0,-0.0008428771980106831,-0.1575116664171219,0.0,0.0,0.1519360969768677,0.17939907186857715,-0.02288818359375,0.080899178981781,0.0,0.0,0.0,0.0
1.8979682922363281,-0.39742419123649597,-1.2002326250076294,0.0,0.0,-0.0008428771980106831,-0.1575116664171219,0.0,0.0,0.1519360969768677,0.17939907186857715,-0.02288818359375,0.08170029520988464,0.0,0.0,0.0,0.0
1.8992464542388916,-0.3912970721721649,-1.1897965669631958,0.0,0.0,-0.0008303720969706774,-0.15750466287136078,0.0,0.0,0.1519360969768677,0.17939907186857715,-0.02288818359375,0.08170029520988464,0.0,0.0,0.0,0.0
1.9005413055419922,-0.3912970721721649,-1.1897965669631958,0.0,0.0,-0.0008303720969706774,-0.15750466287136078,0.0,0.0,0.1519360969768677,0.17939907186857715,-0.02288818359375,0.08170029520988464,0.0,0.0,0.0,0.0
1.9026384353637695,-0.3912970721721649,-1.1897965669631958,0.0,0.0,-0.0008303720969706774,-0.15750466287136078,0.0,0.0,0.1519360969768677,0.17939907186857715,-0.02288818359375,0.08170029520988464,0.0,0.0,0.0,0.0
1.9060165882110596,-0.3912970721721649,-1.1897965669631958,0.0,0.0,-0.0008303720969706774,-0.15750466287136078,0.0,0.0,0.1519360969768677,0.17939907186857715,-0.02288818359375,0.08170029520988464,0.0,0.0,0.0,0.0
1.9073543548583984,-0.3912970721721649,-1.1897965669631958,0.0,0.0,-0.0008303720969706774,-0.15750466287136078,0.0,0.0,0.1519360969768677,0.17939907186857715,-0.02288818359375,0.08170029520988464,0.0,0.0,0.0,0.0
1.9087224006652832,-0.3912970721721649,-1.1897965669631958,0.0,0.0,-0.0008303720969706774,-0.15750466287136078,0.0,0.0,0.1519360969768677,0.17939907186857715,-0.02288818359375,0.08170029520988464,0.0,0.0,0.0,0.0
1.9101214408874512,-0.3912970721721649,-1.1897965669631958,0.0,0.0,-0.0008303720969706774,-0.15750466287136078,0.0,0.0,0.1519360969768677,0.17939907186857715,-0.02288818359375,0.08170029520988464,0.0,0.0,0.0,0.0
1.9113945960998535,-0.3912970721721649,-1.1897965669631958,0.0,0.0,-0.0008303720969706774,-0.15750466287136078,0.0,0.0,0.1519360969768677,0.17939907186857715,-0.02288818359375,0.08170029520988464,0.0,0.0,0.0,0.0
1.9126858711242676,-0.3912970721721649,-1.1897965669631958,0.0,0.0,-0.0008303720969706774,-0.15750466287136078,0.0,0.0,0.1519360969768677,0.17939907186857715,-0.02288818359375,0.08170029520988464,0.0,0.0,0.0,0.0
1.9139282703399658,-0.3912970721721649,-1.1897965669631958,0.0,0.0,-0.0008303720969706774,-0.15750466287136078,0.0,0.0,0.1519360969768677,0.17939907186857715,-0.02288818359375,0.08170029520988464,0.0,0.0,0.0,0.0
1.9157006740570068,-0.3912970721721649,-1.1897965669631958,0.0,0.0,-0.0008303720969706774,-0.15750466287136078,0.0,0.0,0.1519360969768677,0.17939907186857715,-0.02288818359375,0.08170029520988464,0.0,0.0,0.0,0.0
1.9171137809753418,-0.3912970721721649,-1.1897965669631958,0.0,0.0,-0.0008303720969706774,-0.15750466287136078,0.0,0.0,0.1519360969768677,0.17939907186857715,-0.02288818359375,0.08170029520988464,0.0,0.0,0.0,0.0
1.9187779426574707,-0.3785538673400879,-1.167881727218628,0.0,0.0,-0.000814855273347348,-0.15749596059322357,0.0,0.0,0.1519360969768677,0.17939907186857715,-0.02288818359375,0.08170029520988464,0.0,0.0,0.0,0.0
1.920102834701538,-0.3785538673400879,-1.167881727218628,0.0,0.0,-0.000814855273347348,-0.15749596059322357,0.0,0.0,0.1519360969768677,0.17939907186857715,-0.02288818359375,0.08170029520988464,0.0,0.0,0.0,0.0
1.9213669300079346,-0.3785538673400879,-1.167881727218628,0.0,0.0,-0.000814855273347348,-0.15749596059322357,0.0,0.0,0.1519360969768677,0.17939907186857715,-0.02288818359375,0.08170029520988464,0.0,0.0,0.0,0.0
1.922982931137085,-0.3785538673400879,-1.167881727218628,0.0,0.0,-0.000814855273347348,-0.15749596059322357,0.0,0.0,0.1519360969768677,0.17939907186857715,-0.02288818359375,0.08170029520988464,0.0,0.0,0.0,0.0
1.9242618083953857,-0.3785538673400879,-1.167881727218628,0.0,0.0,-0.000814855273347348,-0.15749596059322357,0.0,0.0,0.1519360969768677,0.17939907186857715,-0.02288818359375,0.08170029520988464,0.0,0.0,0.0,0.0
1.925520420074463,-0.3785538673400879,-1.167881727218628,0.0,0.0,-0.000814855273347348,-0.15749596059322357,0.0,0.0,0.1519360969768677,0.17939907186857715,-0.02288818359375,0.08170029520988464,0.0,0.0,0.0,0.0
